[INFO - 2025-10-22 07:56:30,294 - MainThread] 2389 links from 'out/uol_links/2014/7-2014.txt'.
[ERROR - 2025-10-22 07:56:30,750 - Worker_0] Status code == 403 for http://cornetafc.blogosfera.uol.com.br/2014/07/01/angulo-exclusivo-mostra-quem-salvou-a-argentina-em-bola-na-trave/, skipping...
[ERROR - 2025-10-22 07:56:30,761 - Worker_3] Status code == 403 for http://josiasdesouza.blogosfera.uol.com.br/2014/07/01/e-antinatural-barbosa-jogar-fora-10-anos-de-stf/, skipping...
[ERROR - 2025-10-22 07:56:33,214 - Worker_4] Status code == 403 for http://noticias.uol.com.br/politica/ultimas-noticias/2014/07/01/barbosa-se-tornou-bom-simbolo-contra-corrupcao-no-brasil-diz-barroso.htm, skipping...
[ERROR - 2025-10-22 07:56:34,941 - Worker_1] Status code == 404 for http://guia.uol.com.br/rio-de-janeiro/exposicoes/noticias/2014/06/30/mostra-explora-a-relacao-entre-arte-e-vida-e-ocupa-diversos-museus-do-rio.htm, skipping...
[ERROR - 2025-10-22 07:56:34,975 - Worker_3] Status code == 403 for http://mauriciostycer.blogosfera.uol.com.br/2014/07/01/usado-para-promover-em-familia-beijo-entre-mulheres-nao-significou-nada/, skipping...
[ERROR - 2025-10-22 07:56:37,270 - Worker_0] Status code == 403 for http://noticias.uol.com.br/ultimas-noticias/reuters/2014/07/01/turistas-brasileiros-superam-britanicos-e-lideram-visitas-a-florida.htm, skipping...
[ERROR - 2025-10-22 07:56:37,913 - Worker_2] Status code == 403 for http://noticias.uol.com.br/politica/ultimas-noticias/2014/07/01/procuradora-pede-a-pf-que-abra-inquerito-contra-advogado-de-genoino.htm, skipping...
[ERROR - 2025-10-22 07:56:39,115 - Worker_1] Status code == 403 for http://noticias.uol.com.br/politica/ultimas-noticias/2014/07/01/seguranca-e-a-prioridade-para-internautas-do-uol-em-25-estados-e-no-df.htm, skipping...
[ERROR - 2025-10-22 07:56:39,781 - Worker_4] Status code == 403 for http://noticias.uol.com.br/ultimas-noticias/agencia-estado/2014/07/01/professor-espancado-diz-ter-sido-confundido-com-ladrao.htm, skipping...
[ERROR - 2025-10-22 07:56:41,443 - Worker_0] Status code == 403 for http://noticias.uol.com.br/midiaglobal/lemonde/2014/07/01/religioso-do-ira-e-esportista-e-inventor-do-humor-dentro-das-regras.htm, skipping...
[ERROR - 2025-10-22 07:56:46,990 - Worker_2] Status code == 403 for http://noticias.uol.com.br/cotidiano/ultimas-noticias/2014/07/01/casal-e-preso-por-tortura-de-criancas-em-mg-por-causa-de-xixi-na-cama.htm, skipping...
[ERROR - 2025-10-22 07:56:48,930 - Worker_1] Status code == 403 for http://noticias.uol.com.br/opiniao/coluna/2014/07/01/jogadores-da-copa-e-atletas-de-fim-de-semana-devem-se-prevenir-contra-doencas-cardiacas.htm, skipping...
[ERROR - 2025-10-22 07:56:51,074 - Worker_2] Status code == 403 for http://noticias.uol.com.br/album/2014/07/01/pais-retratam-amizade-entre-bebe-e-cao-em-conta-no-instagram.htm?abrefoto=20, skipping...
[ERROR - 2025-10-22 07:57:01,825 - Worker_4] Status code == 403 for http://noticias.uol.com.br/ultimas-noticias/agencia-estado/2014/07/01/ladrao-rouba-taxi-no-rio-e-trafega-30-km-na-contramao.htm, skipping...
[ERROR - 2025-10-22 07:57:06,088 - Worker_4] Status code == 403 for http://achadoseconomicos.blogosfera.uol.com.br/2014/07/01/apos-alta-do-dolar-brasileiros-importam-us-45-bi-a-menos-no-semestre/, skipping...
[ERROR - 2025-10-22 07:57:22,791 - Worker_4] Status code == 404 for http://charges.uol.com.br/2014/07/01/cotidiano-emocional-abalado/, skipping...
[ERROR - 2025-10-22 07:57:32,447 - Worker_2] Status code == 404 for http://guia.uol.com.br/sao-paulo/teatro/noticias/2014/06/30/willem-dafoe-e-bailarino-mikhail-baryshnikov-encenam-peca-no-sesc-pinheiros.htm, skipping...
[ERROR - 2025-10-22 07:57:34,107 - Worker_4] Status code == 403 for http://noticias.uol.com.br/album/album-do-dia/2014/07/01/imagens-do-dia---1-de-julho-de-2014.htm?abrefoto=48, skipping...
[ERROR - 2025-10-22 07:57:38,831 - Worker_0] Status code == 403 for http://blogdojuca.uol.com.br/2014/07/deus-nao-salvou-a-america/, skipping...
[ERROR - 2025-10-22 07:58:02,890 - Worker_0] Status code == 404 for http://guia.uol.com.br/curitiba/noticias/2014/06/30/mostra-exibe-filmes-biograficos-com-historias-de-amor-dos-grandes-poetas.htm, skipping...
[ERROR - 2025-10-22 07:58:25,759 - Worker_0] Status code == 500 for http://copadomundo.uol.com.br/cidades-sede-e-estadios/2014/avaliacao/, skipping...
[ERROR - 2025-10-22 07:58:28,939 - Worker_2] Status code == 404 for http://guia.uol.com.br/rio-de-janeiro/criancas/noticias/2014/06/26/museus-e-shopping-oferecem-programacao-especial-de-ferias-para-criancas.htm, skipping...
[ERROR - 2025-10-22 07:58:29,111 - Worker_1] Status code == 403 for http://noticias.uol.com.br/cotidiano/ultimas-noticias/2014/07/01/ganhador-da-mega-sena-no-rio-nao-foi-buscar-premio-de-r-213-milhoes.htm, skipping...
[ERROR - 2025-10-22 07:58:30,705 - Worker_3] Status code == 403 for http://noticias.uol.com.br/saude/ultimas-noticias/bbc/2014/06/30/homem-provoca-revolucao-feminina-ao-criar-maquina-de-absorventes-baratos-na-india.htm, skipping...
[ERROR - 2025-10-22 07:58:35,337 - Worker_2] Status code == 403 for http://noticias.uol.com.br/ultimas-noticias/agencia-estado/2014/07/01/sp-devera-ter-rodizio-ampliado-na-sexta-feira-diz-tatto.htm, skipping...
[ERROR - 2025-10-22 07:58:47,558 - Worker_1] Status code == 403 for http://noticias.uol.com.br/cotidiano/ultimas-noticias/2014/07/02/arma-de-suspeitos-de-matar-zelador-foi-usada-na-morte-de-empresario-no-rio.htm, skipping...
[ERROR - 2025-10-22 07:58:53,360 - Worker_3] Status code == 403 for http://noticias.uol.com.br/midiaglobal/lemonde/2014/07/02/apos-65-anos-representante-chines-faz-visita-historica-a-taiwan.htm, skipping...
[ERROR - 2025-10-22 07:58:53,664 - Worker_4] Status code == 403 for http://noticias.uol.com.br/ultimas-noticias/agencia-estado/2014/07/02/zelador-mulher-de-publicitario-pode-ter-planejado-crime.htm, skipping...
[ERROR - 2025-10-22 07:59:00,026 - Worker_1] Status code == 403 for http://rodrigomattos.blogosfera.uol.com.br/2014/07/02/argentinos-destroem-cadeiras-do-itaquerao-e-fifa-nada-faz-veja-fotos/, skipping...
[ERROR - 2025-10-22 07:59:04,116 - Worker_1] Status code == 403 for http://noticias.uol.com.br/tabloide/ultimas-noticias/tabloideanas/2014/07/01/pao-e-achado-preservado-depois-de-passar-118-anos-dentro-de-orgao-em-igreja.htm, skipping...
[ERROR - 2025-10-22 07:59:07,702 - Worker_4] Status code == 403 for http://noticias.uol.com.br/tabloide/album/2014/01/06/os-recordes-e-tentativas-de-2014.htm, skipping...
[ERROR - 2025-10-22 07:59:08,951 - Worker_2] Status code == 404 for http://guia.uol.com.br/rio-de-janeiro/shows/noticias/2014/07/01/nelson-sargento-e-roberta-sa-estao-em-roteiro-de-shows-a-precos-populares.htm, skipping...
[ERROR - 2025-10-22 07:59:10,523 - Worker_0] Status code == 404 for http://guia.uol.com.br/sao-paulo/exposicoes/noticias/2014/07/02/arte-cinetica-de-palatnik-tem-mostra-no-mam-curador-indica-tres-obras.htm, skipping...
[ERROR - 2025-10-22 07:59:12,473 - Worker_3] Status code == 404 for http://guia.uol.com.br/sao-paulo/cinema/noticias/2014/07/01/trilogia-de-o-poderoso-chefao-tem-exibicao-gratuita-no-sesc-santana.htm, skipping...
[ERROR - 2025-10-22 07:59:16,696 - Worker_3] Status code == 403 for http://noticias.uol.com.br/politica/ultimas-noticias/2014/07/02/justica-federal-concede-habeas-corpus-a-militares-do-caso-riocentro.htm, skipping...
[ERROR - 2025-10-22 07:59:18,235 - Worker_2] Status code == 403 for http://doutorjairo.blogosfera.uol.com.br/2014/07/02/excesso-de-peso-pode-aumentar-risco-de-asma-na-infancia/, skipping...
[ERROR - 2025-10-22 07:59:19,949 - Worker_1] Status code == 403 for http://noticias.uol.com.br/politica/ultimas-noticias/2014/07/02/houve-trafico-de-influencia-entre-labogen-e-ministerio-da-saude-diz-relator.htm, skipping...
[ERROR - 2025-10-22 07:59:20,931 - Worker_3] Status code == 403 for http://uolesporte.blogosfera.uol.com.br/2014/07/02/klinsmann-ganha-camisa-autografada-de-rogerio-ceni-apos-eliminacao-na-copa/, skipping...
[ERROR - 2025-10-22 07:59:21,528 - Worker_4] Status code == 403 for http://noticias.uol.com.br/saude/ultimas-noticias/redacao/2014/07/02/bebe-sofia-chega-aos-eua-para-fazer-transplante-pago-pelo-governo.htm, skipping...
[ERROR - 2025-10-22 07:59:24,030 - Worker_1] Status code == 403 for http://noticias.uol.com.br/midiaglobal/derspiegel/2014/07/02/iraque-enfrenta-ameaca-mortal-diz-ministro-das-relacoes-exteriores.htm, skipping...
[ERROR - 2025-10-22 07:59:25,610 - Worker_4] Status code == 403 for http://noticias.uol.com.br/cotidiano/ultimas-noticias/2014/07/02/prefeitura-de-sp-cancela-licitacoes-de-130-km-de-corredores-de-onibus.htm, skipping...
[ERROR - 2025-10-22 07:59:28,095 - Worker_1] Status code == 403 for http://noticias.uol.com.br/cotidiano/ultimas-noticias/2014/07/02/bomba-explode-em-casa-de-ambientalista-em-minas-gerais.htm, skipping...
[ERROR - 2025-10-22 07:59:37,059 - Worker_0] Status code == 403 for http://noticias.uol.com.br/tabloide/ultimas-noticias/tabloideanas/2014/06/30/americano-diz-ter-visto-pe-grande-pela-2-vez-na-vida-e-tira-foto-da-criatura.htm, skipping...
[ERROR - 2025-10-22 07:59:37,877 - Worker_3] Failed to connect with http://natelinha.ne10.uol.com.br/noticias/2014/07/02/justica-penhora-10_porcento-dos-bens-da-igreja-mundial-para-a-band-76744.php after 3 attempts, skipping...
[ERROR - 2025-10-22 07:59:41,435 - Worker_0] Status code == 500 for http://copadomundo.uol.com.br/cidades-sede-e-estadios/2014/avaliacao/, skipping...
[ERROR - 2025-10-22 07:59:46,717 - Worker_1] Status code == 403 for http://noticias.uol.com.br/internacional/ultimas-noticias/2014/07/02/bebe-ariano-perfeito-usado-em-propaganda-nazista-era-uma-crianca-judia.htm, skipping...
[ERROR - 2025-10-22 07:59:51,571 - Worker_3] Status code == 403 for http://noticias.uol.com.br/ultimas-noticias/efe/2014/07/02/prefeito-de-toronto-reconhece-consumo-de-todo-tipo-de-drogas.htm, skipping...
[ERROR - 2025-10-22 07:59:54,867 - Worker_2] Status code == 403 for http://blogdojuca.uol.com.br/2014/07/neymar-manda-os-jornalistas-tambem-se-tratarem/, skipping...
[ERROR - 2025-10-22 07:59:56,032 - Worker_1] Status code == 403 for http://noticias.uol.com.br/midiaglobal/lemonde/2014/07/02/libano-esta-sob-ameaca-de-uma-onda-de-atentados.htm, skipping...
[ERROR - 2025-10-22 08:00:00,794 - Worker_3] Status code == 403 for http://noticias.uol.com.br/album/olho-magico/2014/07/02/olho-magico.htm?abrefoto=8, skipping...
[ERROR - 2025-10-22 08:00:01,328 - Worker_2] Status code == 403 for http://noticias.uol.com.br/cotidiano/ultimas-noticias/2014/07/02/mega-sena-sorteia-r-3-milhoes-veja-o-resultado.htm, skipping...
[ERROR - 2025-10-22 08:00:10,460 - Worker_0] Status code == 403 for http://noticias.uol.com.br/ultimas-noticias/bbc/2014/07/03/deposito-humano-de-mendigos-acumula-denuncias-no-rio-prefeitura-nega-problemas.htm, skipping...
[ERROR - 2025-10-22 08:00:24,368 - Worker_3] Status code == 404 for http://guia.uol.com.br/rio-de-janeiro/passeios/noticias/2014/07/01/projeto-organiza-caminhadas-gratuitas-pelo-centro-do-rio.htm, skipping...
[ERROR - 2025-10-22 08:00:24,481 - Worker_1] Status code == 403 for http://uolesporte.blogosfera.uol.com.br/2014/07/03/nike-usa-ibrahimovic-para-provocar-argentina-cantem-com-a-copa-na-mao/, skipping...
[ERROR - 2025-10-22 08:00:35,045 - Worker_1] Status code == 403 for http://noticias.uol.com.br/midiaglobal/lemonde/2014/07/03/em-mianmar-etnia-kachin-e-seu-patrimonio-sao-ameacados-por-represa-chinesa.htm, skipping...
[ERROR - 2025-10-22 08:00:35,783 - Worker_4] Status code == 403 for http://noticias.uol.com.br/midiaglobal/elpais/2014/07/03/pressao-da-turquia-poe-em-xeque-credibilidade-internacional-de-seu-banco-central.htm, skipping...
[ERROR - 2025-10-22 08:00:56,908 - Worker_0] Status code == 404 for http://guia.uol.com.br/brasilia/restaurantes/noticias/2014/07/03/carne-suina-e-carro-chefe-de-festival-em-55-restaurantes-ate-15-de-julho.htm, skipping...
[ERROR - 2025-10-22 08:00:58,253 - Worker_3] Status code == 403 for http://economia.uol.com.br/noticias/redacao/2014/07/03/anuncios-exploram-imagens-da-copa-como-mordida-spray-e-doce-de-leite.htm, skipping...
[ERROR - 2025-10-22 08:01:01,069 - Worker_0] Status code == 403 for http://economia.uol.com.br/noticias/reuters/2014/07/03/acionistas-aprovam-criacao-de-maior-empresa-de-educacao-do-pais.htm, skipping...
[ERROR - 2025-10-22 08:01:24,787 - Worker_2] Status code == 403 for http://josiasdesouza.blogosfera.uol.com.br/2014/07/03/fora-do-xadrez-dirceu-encena-um-novo-dirceu/, skipping...
[ERROR - 2025-10-22 08:01:27,692 - Worker_1] Status code == 403 for http://noticias.uol.com.br/ciencia/album/bbc/2014/07/03/concurso-de-fotos-traz-19-maravilhas-da-astronomia.htm?abrefoto=14, skipping...
[ERROR - 2025-10-22 08:01:34,190 - Worker_1] Status code == 403 for http://saltoalto.blogosfera.uol.com.br/2014/07/03/mulher-de-thiago-silva-o-defende-pelo-choro-nao-tem-maquina-ali-dentro/, skipping...
[ERROR - 2025-10-22 08:01:36,830 - Worker_3] Status code == 404 for http://guia.uol.com.br/sao-paulo/shows/noticias/2014/07/02/banda-cataia-faz-show-na-vila-madalena-e-lanca-clipe-com-ze-do-caixao.htm, skipping...
[ERROR - 2025-10-22 08:01:40,611 - Worker_1] Status code == 403 for http://noticias.uol.com.br/ciencia/ultimas-noticias/afp/2014/07/03/estudo-descarta-existencia-de-dois-planetas-semelhantes-a-terra.htm, skipping...
[ERROR - 2025-10-22 08:01:52,398 - Worker_1] Status code == 403 for http://noticias.uol.com.br/cotidiano/ultimas-noticias/2014/07/03/filha-de-motorista-morta-no-desabamento-estava-no-onibus-dirigido-pela-mae.htm, skipping...
[ERROR - 2025-10-22 08:02:00,508 - Worker_3] Status code == 404 for http://guia.uol.com.br/belo-horizonte/noticias/2014/07/02/arnaldo-baptista-apresenta-show-sarau-o-benedito-em-bh-ingresso-a-venda.htm, skipping...
[ERROR - 2025-10-22 08:02:05,199 - Worker_4] Status code == 403 for http://noticias.uol.com.br/cotidiano/ultimas-noticias/2014/07/03/viaduto-ao-lado-do-que-desabou-tinha-estrutura-danificada-e-foi-interditado.htm, skipping...
[ERROR - 2025-10-22 08:02:09,351 - Worker_3] Status code == 500 for http://copadomundo.uol.com.br/cidades-sede-e-estadios/2014/avaliacao/, skipping...
[ERROR - 2025-10-22 08:02:14,393 - Worker_3] Status code == 404 for http://esporte.uol.com.br/f1/ultimas-noticias/2014/07/03/perez-causa-polemica-ao-falar-sobre-mulheres-na-f-1-melhor-na-cozinha.htm, skipping...
[ERROR - 2025-10-22 08:02:23,974 - Worker_3] Status code == 403 for http://omundoemmovimento.blogosfera.uol.com.br/2014/07/03/grandes-sao-responsaveis-pela-queda-das-vendas/, skipping...
[ERROR - 2025-10-22 08:02:29,138 - Worker_0] Status code == 403 for http://rodrigomattos.blogosfera.uol.com.br/2014/07/04/brasil-tem-dupla-de-zagueiros-mais-decisiva-de-sua-historia/, skipping...
[ERROR - 2025-10-22 08:02:29,873 - Worker_2] Status code == 403 for http://noticias.uol.com.br/saude/ultimas-noticias/redacao/2014/07/04/bebe-sofia-tera-de-passar-por-seis-transplantes-nos-eua.htm, skipping...
[ERROR - 2025-10-22 08:02:31,717 - Worker_4] Status code == 403 for http://blogdomariomagalhaes.blogosfera.uol.com.br/2014/07/04/liquidar-neymardependencia-vira-condicao-para-o-hexa/, skipping...
[ERROR - 2025-10-22 08:02:37,900 - Worker_3] Status code == 403 for http://noticias.uol.com.br/cotidiano/ultimas-noticias/2014/07/04/motorista-de-onibus-atingido-por-viaduto-foi-heroina-diz-irmao.htm, skipping...
[ERROR - 2025-10-22 08:02:38,130 - Worker_0] Status code == 403 for http://noticias.uol.com.br/ciencia/album/2014/07/01/veja-imagens-de-ciencia-do-mes-julho2014.htm?abrefoto=17, skipping...
[ERROR - 2025-10-22 08:02:43,288 - Worker_1] Status code == 403 for http://noticias.uol.com.br/midiaglobal/prospect/2014/07/04/e-possivel-avaliar-a-moralidade-de-uma-espionagem.htm, skipping...
[ERROR - 2025-10-22 08:02:48,938 - Worker_3] Status code == 403 for http://noticias.uol.com.br/album/2014/06/09/chuvas-causam-danos-no-sul-do-brasil.htm?abrefoto=64, skipping...
[ERROR - 2025-10-22 08:03:11,592 - Worker_3] Status code == 403 for http://noticias.uol.com.br/ultimas-noticias/agencia-estado/2014/07/04/policia-de-sp-investiga-morte-em-estacao-do-metro.htm, skipping...
[ERROR - 2025-10-22 08:03:15,776 - Worker_3] Status code == 403 for http://noticias.uol.com.br/ultimas-noticias/efe/2014/07/04/aristocrata-vende-montanha-na-inglaterra-para-pagar-impostos.htm, skipping...
[ERROR - 2025-10-22 08:03:17,547 - Worker_1] Status code == 403 for http://blogdojuca.uol.com.br/2014/07/brasil-com-bola-e-coracao/, skipping...
[ERROR - 2025-10-22 08:03:20,833 - Worker_3] Status code == 403 for http://tecnologia.uol.com.br/noticias/redacao/2014/07/04/tim-e-condenada-a-pagar-r-15-milhoes-por-propaganda-enganosa-em-sergipe.htm, skipping...
[ERROR - 2025-10-22 08:03:39,443 - Worker_3] Status code == 403 for http://blogdomariomagalhaes.blogosfera.uol.com.br/2014/07/04/exibicao-de-campeao/, skipping...
[ERROR - 2025-10-22 08:03:51,618 - Worker_1] Status code == 403 for http://uolesportevetv.blogosfera.uol.com.br/2014/07/04/canuto-e-mordido-ao-vivo-e-faz-a-alegria-de-galvao-na-transmissao-da-globo/, skipping...
[ERROR - 2025-10-22 08:03:56,070 - Worker_1] Status code == 403 for http://uolesporte.blogosfera.uol.com.br/2014/07/04/ribery-nao-esta-se-importando-por-nao-ter-jogado-a-copa-veja-o-motivo/, skipping...
[ERROR - 2025-10-22 08:03:56,436 - Worker_0] Status code == 403 for http://uolesporte.blogosfera.uol.com.br/2014/07/04/apos-vitoria-alemaes-vestem-camisa-do-fla-e-imitam-boleiros-brasileiros/, skipping...
[ERROR - 2025-10-22 08:04:03,280 - Worker_2] Status code == 403 for http://doutorjairo.blogosfera.uol.com.br/2014/07/04/caso-de-fa-do-motorhead-vira-alerta-sobre-riscos-de-chacoalhar-a-cabeca/, skipping...
[ERROR - 2025-10-22 08:04:07,759 - Worker_1] Status code == 403 for http://cornetafc.blogosfera.uol.com.br/2014/07/03/novo-flagra-mostra-que-o-fuleco-esta-cada-vez-mais-safado/, skipping...
[ERROR - 2025-10-22 08:04:29,718 - Worker_2] Status code == 404 for http://guia.uol.com.br/rio-de-janeiro/bares/noticias/2014/07/03/em-clima-de-copa-lapa-recebe-roteiro-da-cachaca-com-drinques-especiais.htm, skipping...
[ERROR - 2025-10-22 08:04:30,819 - Worker_3] Status code == 404 for http://guia.uol.com.br/sao-paulo/baladas/noticias/2014/07/03/casa-noturna-sarajevo-reabre-em-novo-endereco.htm, skipping...
[ERROR - 2025-10-22 08:04:31,111 - Worker_4] Status code == 403 for http://noticias.uol.com.br/ciencia/album/2014/07/01/veja-imagens-de-ciencia-do-mes-julho2014.htm?abrefoto=11, skipping...
[ERROR - 2025-10-22 08:04:32,413 - Worker_0] Status code == 403 for http://noticias.uol.com.br/ultimas-noticias/ansa/2014/07/03/video-inedito-mostra-o-interior-do-costa-concordia.htm, skipping...
[ERROR - 2025-10-22 08:04:32,434 - Worker_1] Status code == 404 for http://guia.uol.com.br/belo-horizonte/noticias/2014/07/04/peca-infantil-tem-como-estrela-cao-ator-que-joga-futebol.htm, skipping...
[ERROR - 2025-10-22 08:04:35,261 - Worker_4] Status code == 403 for http://uolesporte.blogosfera.uol.com.br/2014/07/04/shakira-lamenta-eliminacao-da-colombia-tenho-lagrimas-nos-olhos/, skipping...
[ERROR - 2025-10-22 08:04:36,581 - Worker_1] Status code == 500 for http://copadomundo.uol.com.br/cidades-sede-e-estadios/2014/avaliacao/, skipping...
[ERROR - 2025-10-22 08:04:39,420 - Worker_4] Status code == 403 for http://noticias.uol.com.br/cotidiano/ultimas-noticias/2014/07/04/tres-outros-viadutos-em-construcao-ligada-a-copa-estao-ameacados-em-bh.htm, skipping...
[ERROR - 2025-10-22 08:04:40,840 - Worker_1] Status code == 403 for http://nagradedomma.blogosfera.uol.com.br/2014/07/04/por-que-o-ufc-175-vale-mais-que-o-cinturao-dos-medios-para-lyoto-machida/, skipping...
[ERROR - 2025-10-22 08:04:44,781 - Worker_2] Failed to connect with http://natelinha.ne10.uol.com.br/noticias/2014/07/04/rede-brasil-anuncia-power-rangers-sem-direitos-produtora-ameaca-processo-76841.php after 3 attempts, skipping...
[ERROR - 2025-10-22 08:04:49,897 - Worker_3] Status code == 404 for http://guia.uol.com.br/brasilia/noticias/2014/06/25/exposicao-reune-acervo-historico-da-selecao-brasileira-no-conjunto-nacional.htm, skipping...
[ERROR - 2025-10-22 08:04:59,915 - Worker_1] Status code == 404 for http://guia.uol.com.br/rio-de-janeiro/passeios/noticias/2014/07/01/projeto-organiza-caminhadas-gratuitas-pelo-centro-do-rio.htm, skipping...
[ERROR - 2025-10-22 08:05:00,967 - Worker_3] Status code == 403 for http://noticias.uol.com.br/cotidiano/ultimas-noticias/2014/07/05/viaduto-que-caiu-em-bh-estava-sob-investigacao-do-mp-e-do-tce-de-minas.htm, skipping...
[ERROR - 2025-10-22 08:05:08,537 - Worker_2] Status code == 404 for http://guia.uol.com.br/belo-horizonte/noticias/2014/07/02/pioneiro-da-fotografia-publicitaria-no-brasil-ganha-exposicao-em-bh.htm, skipping...
[ERROR - 2025-10-22 08:05:12,769 - Worker_2] Status code == 403 for http://rodrigomattos.blogosfera.uol.com.br/2014/07/05/pelos-numeros-arbitro-foi-frouxo-com-punicoes-em-jogo-de-lesao-de-neymar/, skipping...
[ERROR - 2025-10-22 08:05:18,169 - Worker_0] Status code == 403 for http://blogdojuca.uol.com.br/2014/07/costa-rica-parou-no-krul/, skipping...
[ERROR - 2025-10-22 08:05:19,307 - Worker_1] Status code == 403 for http://uolesporte.blogosfera.uol.com.br/2014/07/05/torcedor-tatua-marca-deixada-por-mordida-de-suarez-no-ombro/, skipping...
[ERROR - 2025-10-22 08:05:21,398 - Worker_4] Status code == 404 for http://esporte.uol.com.br/f1/ultimas-noticias/2014/07/05/alonso-17-culpa-estrategia-da-ferrari-e-cobra-melhorias-da-equipe.htm, skipping...
[ERROR - 2025-10-22 08:05:23,763 - Worker_1] Status code == 403 for http://blogdomariomagalhaes.blogosfera.uol.com.br/2014/07/05/a-maior-brochada-da-copa/, skipping...
[ERROR - 2025-10-22 08:05:31,110 - Worker_4] Status code == 403 for http://tecnologia.uol.com.br/album/2014/07/05/pai-usa-photoshop-para-colocar-filha-em-cenas-de-filmes-famosos.htm?abrefoto=6, skipping...
[ERROR - 2025-10-22 08:05:37,246 - Worker_0] Status code == 404 for http://guia.uol.com.br/brasilia/restaurantes/noticias/2014/07/03/carne-suina-e-carro-chefe-de-festival-em-55-restaurantes-ate-15-de-julho.htm, skipping...
[ERROR - 2025-10-22 08:05:46,973 - Worker_2] Status code == 500 for http://economia.uol.com.br/noticias/redacao/2014/07/04/motel-de-sao-paulo-cria-suite-tematica-para-torcedores-do-corinthians.htm, skipping...
[ERROR - 2025-10-22 08:05:51,428 - Worker_2] Status code == 403 for http://tecnologia.uol.com.br/album/2014/01/11/elefante-cachorros-e-gatos-bichos-aderem-a-modinha-dos-selfies-na-internet.htm?abrefoto=1, skipping...
[ERROR - 2025-10-22 08:06:02,385 - Worker_1] Status code == 403 for http://noticias.uol.com.br/album/album-do-dia/2014/07/04/imagens-do-dia---4-de-julho-de-2014.htm?abrefoto=34, skipping...
[ERROR - 2025-10-22 08:06:21,464 - Worker_1] Status code == 404 for http://guia.uol.com.br/album/2014/07/05/barbie-hot-wheels-e-turma-da-monica-tem-areas-de-recreacao-em-shoppings.htm, skipping...
[ERROR - 2025-10-22 08:06:26,541 - Worker_4] Status code == 403 for http://noticias.uol.com.br/tabloide/ultimas-noticias/tabloideanas/2014/07/04/britanica-coloca-o-equivalente-a-cinco-canecos-de-chope-em-silicone-nas-mamas.htm, skipping...
[ERROR - 2025-10-22 08:06:30,737 - Worker_4] Status code == 403 for http://noticias.uol.com.br/ultimas-noticias/afp/2014/07/05/acidente-de-aviao-deixa-11-mortos-em-clube-de-paraquedismo-na-polonia.htm, skipping...
[ERROR - 2025-10-22 08:06:36,697 - Worker_1] Status code == 403 for http://noticias.uol.com.br/ultimas-noticias/agencia-estado/2014/07/05/piora-a-qualidade-do-ar-em-sp.htm, skipping...
[ERROR - 2025-10-22 08:06:45,352 - Worker_4] Failed to connect with http://natelinha.ne10.uol.com.br/novelas/2014/07/05/em-familia-miss-lauren-tera-um-final-tragico-saiba-qual-e-76856.php after 3 attempts, skipping...
[ERROR - 2025-10-22 08:06:54,386 - Worker_4] Status code == 403 for http://noticias.uol.com.br/ultimas-noticias/agencia-estado/2014/07/05/vizinhos-de-viaduto-que-desabou-em-bh-criam-comissao.htm, skipping...
[ERROR - 2025-10-22 08:07:05,824 - Worker_2] Status code == 403 for http://noticias.uol.com.br/album/album-do-dia/2014/07/05/imagens-do-dia---5-de-julho-de-2014.htm?abrefoto=19, skipping...
[ERROR - 2025-10-22 08:07:10,128 - Worker_2] Status code == 403 for http://rodrigomattos.blogosfera.uol.com.br/2014/07/05/e-a-lesao-mais-dramatica-das-copas-diz-medico-da-fifa-sobre-neymar/, skipping...
[ERROR - 2025-10-22 08:07:10,491 - Worker_1] Status code == 403 for http://josiasdesouza.blogosfera.uol.com.br/2014/07/05/brasilia-convive-com-risco-de-eleger-o-inelegivel/, skipping...
[ERROR - 2025-10-22 08:07:14,381 - Worker_3] Status code == 404 for http://guia.uol.com.br/rio-de-janeiro/passeios/noticias/2014/06/17/rio-recebe-casa-da-suica-durante-a-copa-com-musica-e-comidas-tipicas.htm, skipping...
[ERROR - 2025-10-22 08:07:22,835 - Worker_4] Failed to connect with http://natelinha.ne10.uol.com.br/novelas/2014/07/05/em-familia-humilhada-em-bar-clara-se-irrita-e-joga-bebida-em-homem-76864.php after 3 attempts, skipping...
[ERROR - 2025-10-22 08:07:28,835 - Worker_2] Status code == 500 for http://copadomundo.uol.com.br/cidades-sede-e-estadios/2014/avaliacao/, skipping...
[ERROR - 2025-10-22 08:07:38,059 - Worker_2] Status code == 403 for http://reginanavarro.blogosfera.uol.com.br/2014/07/05/motivo-de-inseguranca-masculina/, skipping...
[ERROR - 2025-10-22 08:07:39,017 - Worker_0] Status code == 404 for http://esporte.uol.com.br/f1/ultimas-noticias/2014/07/05/piloto-da-williams-defende-perez-dirijo-melhor-do-que-cozinho.htm, skipping...
[ERROR - 2025-10-22 08:07:43,056 - Worker_4] Status code == 403 for http://noticias.uol.com.br/saude/ultimas-noticias/redacao/2014/06/30/o-que-seu-coco-tem-a-dizer-sobre-sua-saude.htm, skipping...
[ERROR - 2025-10-22 08:07:47,230 - Worker_4] Status code == 403 for http://noticias.uol.com.br/ultimas-noticias/efe/2014/07/06/campanha-eleitoral-comeca-com-acoes-na-internet-e-criticas-ao-governo.htm, skipping...
[ERROR - 2025-10-22 08:07:51,862 - Worker_3] Status code == 403 for http://noticias.uol.com.br/midiaglobal/nytimes/2014/07/06/reducao-do-aluguel-para-abrigar-sem-teto-encontra-obstaculo-em-nova-york.htm, skipping...
[ERROR - 2025-10-22 08:07:58,394 - Worker_4] Status code == 403 for http://noticias.uol.com.br/midiaglobal/nytimes/2014/07/06/navio-historico-transformado-em-atracao-turistica-pode-ser-revitalizado.htm, skipping...
[ERROR - 2025-10-22 08:07:58,445 - Worker_2] Status code == 403 for http://noticias.uol.com.br/cotidiano/ultimas-noticias/2014/07/06/sem-demolicao-de-viaduto-via-fica-interditada-bh-decreta-feriado-na-terca.htm, skipping...
[ERROR - 2025-10-22 08:08:09,962 - Worker_3] Status code == 404 for http://esporte.uol.com.br/f1/ultimas-noticias/2014/07/06/hamilton-faz-dura-reclamacao-mas-apenas-da-qualidade-do-trofeu.htm, skipping...
[ERROR - 2025-10-22 08:08:11,523 - Worker_2] Status code == 403 for http://noticias.uol.com.br/album/2014/07/06/imagens-da-semana.htm?abrefoto=27, skipping...
[ERROR - 2025-10-22 08:08:14,194 - Worker_0] Status code == 403 for http://noticias.uol.com.br/ciencia/ultimas-noticias/afp/2014/07/01/ciencia-desvenda-misterio-dos-lendarios-yeti-e-pe-grande.htm, skipping...
[ERROR - 2025-10-22 08:08:14,818 - Worker_3] Status code == 404 for http://esporte.uol.com.br/f1/ultimas-noticias/2014/07/06/reacao-de-raikkonen-apos-batida-foi-saber-se-massa-estava-bem-diz-ferrari.htm, skipping...
[ERROR - 2025-10-22 08:08:20,170 - Worker_2] Status code == 403 for http://noticias.uol.com.br/album/album-do-dia/2014/07/06/imagens-do-dia---6-de-julho-de-2014.htm?abrefoto=19, skipping...
[ERROR - 2025-10-22 08:08:20,474 - Worker_0] Status code == 403 for http://noticias.uol.com.br/album/album-do-dia/2014/07/06/imagens-do-dia---6-de-julho-de-2014.htm?abrefoto=3, skipping...
[ERROR - 2025-10-22 08:08:21,599 - Worker_3] Status code == 403 for http://noticias.uol.com.br/ultimas-noticias/reuters/2014/07/06/presidente-cubano-defende-natureza-progressiva-de-reformas-economicas.htm, skipping...
[ERROR - 2025-10-22 08:09:02,899 - Worker_3] Status code == 404 for http://charges.uol.com.br/2014/07/06/espinha-e-fimose-desencantando-na-copa/, skipping...
[ERROR - 2025-10-22 08:09:10,259 - Worker_3] Status code == 404 for http://esporte.uol.com.br/f1/ultimas-noticias/2014/07/06/massa-lamenta-abandono-por-poder-estar-no-podio-junto-do-companheiro-bottas.htm, skipping...
[ERROR - 2025-10-22 08:09:12,084 - Worker_2] Status code == 403 for http://blogdojuca.uol.com.br/2014/07/a-selecao-vai-para-cima-da-alemanha/, skipping...
[ERROR - 2025-10-22 08:09:22,773 - Worker_1] Status code == 404 for http://guia.uol.com.br/sao-paulo/shows/noticias/2014/07/06/joao-bosco-se-apresenta-sucessos-de-sua-carreira-em-show-na-quarta-9.htm, skipping...
[ERROR - 2025-10-22 08:09:27,566 - Worker_2] Status code == 404 for http://noticias.uol.com.br/ultimas-noticias/afp/2014/07/06/jovens-sequestradas-escapam-do-boko-haram-na-nigeria.htm, skipping...
[ERROR - 2025-10-22 08:09:34,489 - Worker_2] Status code == 404 for http://esporte.uol.com.br/f1/ultimas-noticias/2014/07/06/hamilton-vence-em-casa-rosberg-abandona-e-briga-pela-ponta-se-acirra.htm, skipping...
[ERROR - 2025-10-22 08:09:50,695 - Worker_3] Status code == 500 for http://copadomundo.uol.com.br/cidades-sede-e-estadios/2014/avaliacao/, skipping...
[ERROR - 2025-10-22 08:09:51,833 - Worker_0] Status code == 403 for http://noticias.uol.com.br/ultimas-noticias/bbc/2014/07/06/cientistas-traduzem-gestos-de-comunicacao-de-chimpanzes.htm, skipping...
[ERROR - 2025-10-22 08:09:52,739 - Worker_4] Status code == 403 for http://uolesporte.blogosfera.uol.com.br/2014/07/06/coragem-brasileiro-sozinho-com-camisa-da-selecao-em-multidao-de-argentinos/, skipping...
[ERROR - 2025-10-22 08:09:56,503 - Worker_2] Failed to connect with http://natelinha.ne10.uol.com.br/mulher/2014/07/05/pecas-curingas-fazem-sucesso-na-liquidacao-de-inverno-76884.php after 3 attempts, skipping...
[ERROR - 2025-10-22 08:09:57,122 - Worker_4] Status code == 403 for http://nilsonxavier.blogosfera.uol.com.br/2014/07/06/com-proposta-interessante-geracao-brasil-nao-tem-funcionado-na-pratica/, skipping...
[ERROR - 2025-10-22 08:10:01,276 - Worker_4] Status code == 403 for http://noticias.uol.com.br/ultimas-noticias/reuters/2014/07/07/exclusivo-agencia-de-inteligencia-dos-eua-participou-de-espionagem-contra-alemanha.htm, skipping...
[ERROR - 2025-10-22 08:10:06,638 - Worker_0] Failed to connect with http://blogdobirner.virgula.uol.com.br/2014/07/07/selecao-brasileira-com-neymar-dependencia-na-copa-do-mundo-eu-nao-vi-isso/ after 3 attempts, skipping...
[ERROR - 2025-10-22 08:10:10,315 - Worker_2] Status code == 403 for http://noticias.uol.com.br/tabloide/album/2014/01/06/os-recordes-e-tentativas-de-2014.htm, skipping...
[ERROR - 2025-10-22 08:10:10,354 - Worker_4] Status code == 403 for http://cornetafc.blogosfera.uol.com.br/2014/07/07/confundindo-miroslav-com-roberta/, skipping...
[ERROR - 2025-10-22 08:10:11,713 - Worker_1] Status code == 403 for http://noticias.uol.com.br/ciencia/ultimas-noticias/efe/2014/07/07/identificado-fossil-da-possivel-maior-ave-que-ja-existiu-na-terra.htm, skipping...
[ERROR - 2025-10-22 08:10:14,532 - Worker_4] Status code == 403 for http://noticias.uol.com.br/ultimas-noticias/reuters/2014/07/07/merkel-diz-que-suspeita-de-espionagem-dos-eua-e-grave.htm, skipping...
[ERROR - 2025-10-22 08:10:14,573 - Worker_2] Status code == 403 for http://negociosdoesporte.blogosfera.uol.com.br/2014/07/07/brasil-conquista-o-maior-legado-da-copa/, skipping...
[ERROR - 2025-10-22 08:10:27,168 - Worker_4] Status code == 403 for http://noticias.uol.com.br/cotidiano/ultimas-noticias/2014/07/07/dilma-diz-que-espera-relatorio-sobre-viaduto-que-caiu-em-bh.htm, skipping...
[ERROR - 2025-10-22 08:10:31,339 - Worker_4] Status code == 403 for http://noticias.uol.com.br/ultimas-noticias/afp/2014/07/07/japao-em-alerta-maximo-antes-da-passagem-do-tufao-neoguri.htm, skipping...
[ERROR - 2025-10-22 08:10:40,322 - Worker_4] Status code == 403 for http://noticias.uol.com.br/ultimas-noticias/agencia-estado/2014/07/07/bando-evitou-iscas-eletronicas-no-assalto-a-samsung.htm, skipping...
[ERROR - 2025-10-22 08:10:41,124 - Worker_2] Status code == 403 for http://reginanavarro.blogosfera.uol.com.br/2014/07/07/e-possivel-saber-quando-alguem-esta-interessado-por-nos-como/, skipping...
[ERROR - 2025-10-22 08:10:59,452 - Worker_4] Status code == 404 for http://guia.uol.com.br/rio-de-janeiro/exposicoes/noticias/2014/06/27/figurinos-de-meu-pedacinho-de-chao-ganham-exposicao-no-rio.htm, skipping...
[ERROR - 2025-10-22 08:11:03,148 - Worker_3] Status code == 403 for http://tecnologia.uol.com.br/noticias/redacao/2014/06/30/britanica-diz-que-boneco-interativo-furby-xingou-sua-filha-de-nove-anos.htm, skipping...
[ERROR - 2025-10-22 08:11:13,197 - Worker_3] Failed to connect with http://natelinha.ne10.uol.com.br/novelas/2014/07/07/familia-helena-atira-em-laerte-para-defender-luiza-saiba-como-sera-a-cena-76931.php after 3 attempts, skipping...
[ERROR - 2025-10-22 08:11:21,046 - Worker_1] Status code == 403 for http://combaterock.blogosfera.uol.com.br/2014/07/07/o-mundo-precisa-de-um-novo-album-do-pink-floyd/, skipping...
[ERROR - 2025-10-22 08:11:27,601 - Worker_3] Status code == 404 for http://ne10.uol.com.br/canal/cotidiano/nordeste/noticia/2014/07/07/rodoviarios-de-joao-pessoa-decretam-greve-por-tempo-indeterminado-497599.php, skipping...
[ERROR - 2025-10-22 08:11:28,088 - Worker_4] Status code == 404 for http://guia.uol.com.br/brasilia/restaurantes/noticias/2014/07/07/recanto-do-camarao-inclui-comida-japonesa-no-menu-de-rodizio-e-a-la-carte.htm, skipping...
[ERROR - 2025-10-22 08:11:30,758 - Worker_2] Status code == 403 for http://blogdojuca.uol.com.br/2014/07/desmascarar-a-fifa-o-maior-legado-da-copa-no-brasil/, skipping...
[ERROR - 2025-10-22 08:11:37,036 - Worker_4] Status code == 403 for http://noticias.uol.com.br/cotidiano/ultimas-noticias/2014/07/07/quase-um-quarto-das-cidades-do-rs-tem-problemas-graves-por-causa-da-chuva.htm, skipping...
[ERROR - 2025-10-22 08:11:38,626 - Worker_3] Status code == 403 for http://noticias.uol.com.br/midiaglobal/nytimes/2014/07/07/economia-peer-to-peer-mostra-a-evolucao-da-confianca.htm, skipping...
[ERROR - 2025-10-22 08:11:42,794 - Worker_3] Status code == 403 for http://noticias.uol.com.br/tabloide/ultimas-noticias/tabloideanas/2014/07/03/gato-invade-casa-faz-coco-morde-idoso-e-instaura-caos-no-reino-unido.htm, skipping...
[ERROR - 2025-10-22 08:12:12,861 - Worker_1] Status code == 403 for http://noticias.uol.com.br/midiaglobal/nytimes/2014/07/07/na-corsega-grupo-abandona-armas-na-busca-pela-autonomia.htm, skipping...
[ERROR - 2025-10-22 08:12:31,638 - Worker_2] Status code == 403 for http://noticias.uol.com.br/ciencia/ultimas-noticias/redacao/2014/07/07/pesquisadores-criam-substancia-que-repele-e-mata-mosquito-da-dengue.htm, skipping...
[ERROR - 2025-10-22 08:12:32,171 - Worker_0] Status code == 403 for http://noticias.uol.com.br/midiaglobal/nytimes/2014/07/07/a-medida-que-numeros-crescem-solteiras-emergem-como-forca-politica-nos-eua.htm, skipping...
[ERROR - 2025-10-22 08:12:35,707 - Worker_1] Status code == 403 for http://blogdoperrone.blogosfera.uol.com.br/2014/07/conversa-de-felipao-com-grupo-de-jornalistas-incomoda-dirigentes-da-cbf/, skipping...
[ERROR - 2025-10-22 08:12:35,807 - Worker_2] Status code == 500 for http://copadomundo.uol.com.br/cidades-sede-e-estadios/2014/avaliacao/, skipping...
[ERROR - 2025-10-22 08:12:36,472 - Worker_0] Status code == 403 for http://uolesporte.blogosfera.uol.com.br/2014/07/07/valdivia-faz-gol-incrivel-em-treino-do-palmeiras/, skipping...
[ERROR - 2025-10-22 08:12:44,452 - Worker_2] Status code == 403 for http://noticias.uol.com.br/saude/ultimas-noticias/redacao/2014/07/07/rj-tem-2-casos-de-febre-chikungunya-governo-descarta-circulacao-do-virus.htm, skipping...
[ERROR - 2025-10-22 08:12:57,278 - Worker_3] Status code == 403 for http://blogdoperrone.blogosfera.uol.com.br/2014/07/goleada-reflete-difereca-entre-selecoes-e-prepracao-de-brasil-e-alemanha/, skipping...
[ERROR - 2025-10-22 08:13:01,462 - Worker_4] Status code == 403 for http://blogdomariomagalhaes.blogosfera.uol.com.br/2014/07/08/alemaquina-e-o-triunfo-do-futebol/, skipping...
[ERROR - 2025-10-22 08:13:09,704 - Worker_3] Failed to connect with http://blogdobirner.virgula.uol.com.br/2014/07/08/felipao-foi-o-principal-responsavel-pela-maior-humilhacao-da-historia-da-selecao-brasileira-parabenizo-os-alemaes-pela-facanha/ after 3 attempts, skipping...
[ERROR - 2025-10-22 08:13:10,552 - Worker_4] Status code == 404 for http://charges.uol.com.br/chamada/2014/07/09/copa-nos-lares-brasileiros, skipping...
[ERROR - 2025-10-22 08:13:14,756 - Worker_1] Status code == 404 for http://guia.uol.com.br/rio-de-janeiro/exposicoes/noticias/2014/06/30/mostra-explora-a-relacao-entre-arte-e-vida-e-ocupa-diversos-museus-do-rio.htm, skipping...
[ERROR - 2025-10-22 08:13:14,765 - Worker_4] Status code == 403 for http://noticias.uol.com.br/midiaglobal/nytimes/2014/07/08/a-promessa-dos-radicais-de-aleppo.htm, skipping...
[ERROR - 2025-10-22 08:13:18,999 - Worker_1] Status code == 403 for http://blogdomenon.blogosfera.uol.com.br/2014/07/08/118-e-hora-da-faxina-8-de-julho-ficara-na-historia-como-o-dia-da-infamia/, skipping...
[ERROR - 2025-10-22 08:13:21,193 - Worker_2] Status code == 403 for http://noticias.uol.com.br/ultimas-noticias/bbc/2014/07/08/criancas-formam-sindicato-na-bolivia-e-mudam-lei-para-permitir-trabalho-aos-10-anos.htm, skipping...
[ERROR - 2025-10-22 08:13:36,107 - Worker_0] Status code == 403 for http://rodrigomattos.blogosfera.uol.com.br/2014/07/08/uma-das-maiores-da-historia-alemanha-poe-selecao-brasileira-no-museu/, skipping...
[ERROR - 2025-10-22 08:14:02,738 - Worker_0] Status code == 403 for http://uolesporte.blogosfera.uol.com.br/2014/07/08/mulher-de-felipe-melo-comemora-por-volante-nao-participar-de-humilhacao/, skipping...
[ERROR - 2025-10-22 08:14:04,050 - Worker_1] Failed to connect with http://natelinha.ne10.uol.com.br/novelas/2014/07/07/familia-helena-atira-em-laerte-para-defender-luiza-saiba-como-sera-a-cena-76931.php after 3 attempts, skipping...
[ERROR - 2025-10-22 08:14:04,630 - Worker_2] Status code == 403 for http://noticias.uol.com.br/internacional/ultimas-noticias/2014/07/07/video-mostra-banhista-sendo-atacado-por-tubarao-branco-no-california-eua.htm, skipping...
[ERROR - 2025-10-22 08:14:06,578 - Worker_4] Status code == 403 for http://blogdojuca.uol.com.br/2014/07/o-massacre-do-mineirao/, skipping...
[ERROR - 2025-10-22 08:14:17,331 - Worker_1] Status code == 403 for http://noticias.uol.com.br/ciencia/album/2014/07/01/veja-imagens-de-ciencia-do-mes-julho2014.htm?abrefoto=28, skipping...
[ERROR - 2025-10-22 08:14:19,812 - Worker_2] Status code == 403 for http://noticias.uol.com.br/midiaglobal/lemonde/2014/07/08/alemanha-arrasa-a-franca-dentro-e-tambem-fora-de-campo.htm, skipping...
[ERROR - 2025-10-22 08:14:21,235 - Worker_4] Failed to connect with http://natelinha.ne10.uol.com.br/mulher/2014/07/08/aprenda-a-forma-correta-de-arrumar-uma-mala-de-viagem-76954.php after 3 attempts, skipping...
[ERROR - 2025-10-22 08:14:23,805 - Worker_3] Status code == 403 for http://noticias.uol.com.br/ultimas-noticias/agencia-estado/2014/07/08/policia-suspeita-de-ajuda-interna-em-roubo-a-samsung.htm, skipping...
[ERROR - 2025-10-22 08:14:28,703 - Worker_2] Status code == 403 for http://noticias.uol.com.br/midiaglobal/elpais/2014/07/08/russia-perdoa-90-da-divida-de-cuba-do-tempo-da-uniao-sovietica.htm, skipping...
[ERROR - 2025-10-22 08:14:29,149 - Worker_1] Status code == 403 for http://gilmar.blogosfera.uol.com.br/2014/07/06/epidemia-de-roubos/, skipping...
[ERROR - 2025-10-22 08:14:30,233 - Worker_3] Status code == 403 for http://noticias.uol.com.br/cotidiano/ultimas-noticias/2014/07/08/peritos-vao-escavar-entorno-de-pilar-central-do-viaduto-que-desabou-em-bh.htm, skipping...
[ERROR - 2025-10-22 08:14:32,332 - Worker_4] Status code == 403 for http://universosertanejo.blogosfera.uol.com.br/2014/07/07/o-vocalista-da-malta-e-o-hudson/, skipping...
[ERROR - 2025-10-22 08:14:32,902 - Worker_2] Status code == 403 for http://uolesporte.blogosfera.uol.com.br/2014/07/08/pe-frio-historico-mick-jagger-volta-a-zicar-brasil-contra-alemanha/, skipping...
[ERROR - 2025-10-22 08:14:33,319 - Worker_1] Status code == 403 for http://noticias.uol.com.br/ciencia/album/2014/07/08/ciencia-da-as-dicas-para-selecoes-ganharem-a-copa.htm?abrefoto=1, skipping...
[ERROR - 2025-10-22 08:14:34,400 - Worker_3] Status code == 403 for http://noticias.uol.com.br/album/album-do-dia/2014/07/08/imagens-do-dia---8-de-julho-de-2014.htm?abrefoto=42, skipping...
[ERROR - 2025-10-22 08:14:37,485 - Worker_1] Status code == 403 for http://noticias.uol.com.br/ciencia/ultimas-noticias/redacao/2014/07/07/pesquisadores-criam-substancia-que-repele-e-mata-mosquito-da-dengue.htm, skipping...
[ERROR - 2025-10-22 08:14:37,759 - Worker_0] Status code == 500 for http://copadomundo.uol.com.br/cidades-sede-e-estadios/2014/avaliacao/, skipping...
[ERROR - 2025-10-22 08:14:45,967 - Worker_1] Status code == 403 for http://noticias.uol.com.br/ultimas-noticias/efe/2014/07/09/prostituta-de-luxo-e-detida-acusada-pela-morte-de-diretor-do-google.htm, skipping...
[ERROR - 2025-10-22 08:14:47,880 - Worker_0] Failed to connect with http://motordream.uol.com.br/noticias/ver/2014/07/02/peugeot-208-gti-ganha-versao-comemorativa-de-aniversario after 3 attempts, skipping...
[ERROR - 2025-10-22 08:14:53,492 - Worker_3] Status code == 404 for http://guia.uol.com.br/noticias/2014/07/07/rede-cinemark-tem-ingressos-a-partir-de-r-3-para-a-sessao-das-14h.htm, skipping...
[ERROR - 2025-10-22 08:14:54,985 - Worker_1] Status code == 403 for http://noticias.uol.com.br/opiniao/coluna/2014/07/09/quem-tem-medo-de-voar-deve-ter-confianca-no-piloto.htm, skipping...
[ERROR - 2025-10-22 08:14:57,592 - Worker_3] Status code == 403 for http://noticias.uol.com.br/midiaglobal/lemonde/2014/07/09/ciganos-sao-processados-por-explorar-vovos-mendigos-na-franca.htm, skipping...
[ERROR - 2025-10-22 08:14:58,761 - Worker_0] Status code == 403 for http://noticias.uol.com.br/tabloide/album/2014/01/06/os-recordes-e-tentativas-de-2014.htm, skipping...
[ERROR - 2025-10-22 08:14:59,047 - Worker_2] Status code == 403 for http://noticias.uol.com.br/album/2014/07/05/festa-de-sao-firmino-na-espanha-tem-protestos-e-celebracao-na-rua.htm?abrefoto=56, skipping...
[ERROR - 2025-10-22 08:15:05,031 - Worker_1] Failed to connect with http://natelinha.ne10.uol.com.br/novelas/2014/07/09/em-familia-andre-desiste-de-saber-quem-e-sua-mae-biologica-saiba-motivo-76988.php after 3 attempts, skipping...
[ERROR - 2025-10-22 08:15:17,849 - Worker_0] Status code == 404 for http://guia.uol.com.br/curitiba/cinema/noticias/2014/07/09/festival-de-cinema-de-futebol-tem-exibicoes-gratuitas-ate-sexta-11.htm, skipping...
[ERROR - 2025-10-22 08:15:20,951 - Worker_4] Status code == 403 for http://uolesporte.blogosfera.uol.com.br/2014/07/09/mulher-de-goleiro-promete-empresta-lo-a-rihanna-se-argentina-vencer-copa/, skipping...
[ERROR - 2025-10-22 08:15:22,057 - Worker_0] Status code == 403 for http://noticias.uol.com.br/album/album-do-dia/2014/07/09/imagens-do-dia---9-de-julho-de-2014.htm?abrefoto=17, skipping...
[ERROR - 2025-10-22 08:15:22,861 - Worker_2] Status code == 404 for http://guia.uol.com.br/belo-horizonte/noticias/2014/07/08/teatro-sesiminas-recebe-duas-pecas-do-dramaturgo-mineiro-ronaldo-boschi.htm, skipping...
[ERROR - 2025-10-22 08:15:26,162 - Worker_0] Status code == 403 for http://noticias.uol.com.br/internacional/ultimas-noticias/2014/07/09/piloto-pede-pizza-para-passageiros-em-voo-atrasado-cinco-horas-nos-eua.htm, skipping...
[ERROR - 2025-10-22 08:15:26,943 - Worker_2] Status code == 403 for http://noticias.uol.com.br/cotidiano/ultimas-noticias/2014/07/09/agetransp-mantem-multas-de-11-mi-a-concessionarias-de-trens-e-metro-no-rio.htm, skipping...
[ERROR - 2025-10-22 08:15:27,794 - Worker_4] Status code == 403 for http://noticias.uol.com.br/album/2014/07/09/primeira-cidade-construida-em-ambiente-interno-sera-erguida-em-dubai.htm?abrefoto=1, skipping...
[ERROR - 2025-10-22 08:15:33,447 - Worker_2] Status code == 403 for http://noticias.uol.com.br/ciencia/album/2014/07/01/veja-imagens-de-ciencia-do-mes-julho2014.htm?abrefoto=29, skipping...
[ERROR - 2025-10-22 08:15:39,215 - Worker_4] Status code == 403 for http://blogdomariomagalhaes.blogosfera.uol.com.br/2014/07/09/messi-e-genio-da-raca/, skipping...
[ERROR - 2025-10-22 08:15:52,667 - Worker_1] Status code == 403 for http://noticias.uol.com.br/meio-ambiente/album/2014/07/09/zoo-de-gramado-conta-com-oito-felideos-silvestres-brasileiros.htm?abrefoto=3, skipping...
[ERROR - 2025-10-22 08:15:54,435 - Worker_0] Status code == 404 for http://guia.uol.com.br/album/2014/07/09/exposicoes-concerto-e-cinema-veja-programas-para-curtir-o-feriado-em-sp.htm, skipping...
[ERROR - 2025-10-22 08:15:56,760 - Worker_1] Status code == 403 for http://noticias.uol.com.br/ultimas-noticias/reuters/2014/07/09/forcas-de-seguranca-encontram-53-corpos-de-pessoas-vendadas-no-iraque.htm, skipping...
[ERROR - 2025-10-22 08:16:03,354 - Worker_0] Status code == 403 for http://noticias.uol.com.br/cotidiano/ultimas-noticias/2014/07/09/mega-sena-pode-pagar-r-194-milhoes-nesta-quarta-veja-as-dezenas.htm, skipping...
[ERROR - 2025-10-22 08:16:15,069 - Worker_2] Status code == 404 for http://esporte.uol.com.br/f1/ultimas-noticias/2014/07/09/jovem-frances-aproveita-chance-na-ferrari-e-e-mais-rapido-em-dia-de-testes.htm, skipping...
[ERROR - 2025-10-22 08:16:24,298 - Worker_2] Status code == 403 for http://noticias.uol.com.br/ultimas-noticias/agencia-estado/2014/07/09/roubo-na-samsung-pode-ter-ligacao-com-caso-tam.htm, skipping...
[ERROR - 2025-10-22 08:16:29,266 - Worker_0] Status code == 403 for http://uolesportevetv.blogosfera.uol.com.br/2014/07/08/edmundo-se-emociona-na-band-e-ataca-felipao-fez-500-comerciais/, skipping...
[ERROR - 2025-10-22 08:16:30,515 - Worker_3] Status code == 403 for http://noticias.uol.com.br/album/album-do-dia/2014/07/09/imagens-do-dia---9-de-julho-de-2014.htm?abrefoto=16, skipping...
[ERROR - 2025-10-22 08:16:32,602 - Worker_2] Status code == 403 for http://noticias.uol.com.br/ultimas-noticias/agencia-estado/2014/07/09/condenado-vereador-e-nomeado-por-haddad-pela-3-vez.htm, skipping...
[ERROR - 2025-10-22 08:16:33,348 - Worker_0] Status code == 403 for http://noticias.uol.com.br/midiaglobal/elpais/2014/07/09/julgamentos-de-crimes-do-franquismo-enchem-tribunais-com-lagrimas.htm, skipping...
[ERROR - 2025-10-22 08:16:44,925 - Worker_4] Status code == 403 for http://blogdojuca.uol.com.br/2014/07/arriba-hermanos/, skipping...
[ERROR - 2025-10-22 08:16:47,172 - Worker_1] Status code == 403 for http://noticias.uol.com.br/meio-ambiente/album/2014/06/03/poluicao-nas-aguas-do-rio-de-janeiro.htm?abrefoto=11, skipping...
[ERROR - 2025-10-22 08:16:49,606 - Worker_3] Status code == 404 for http://guia.uol.com.br/brasilia/bares/noticias/2014/07/09/bar-recem-inaugurado-oferece-12-opcoes-de-chope-e-100-rotulos-de-cerveja.htm, skipping...
[ERROR - 2025-10-22 08:16:51,690 - Worker_1] Status code == 403 for http://fernandorodrigues.blogosfera.uol.com.br/2014/07/09/justica-de-brasilia-condena-arruda-em-2a-instancia/, skipping...
[ERROR - 2025-10-22 08:16:53,822 - Worker_3] Status code == 403 for http://noticias.uol.com.br/ciencia/ultimas-noticias/redacao/2014/07/07/pesquisadores-criam-substancia-que-repele-e-mata-mosquito-da-dengue.htm, skipping...
[ERROR - 2025-10-22 08:16:58,206 - Worker_3] Status code == 500 for http://copadomundo.uol.com.br/cidades-sede-e-estadios/2014/avaliacao/, skipping...
[ERROR - 2025-10-22 08:17:02,396 - Worker_3] Status code == 403 for http://noticias.uol.com.br/internacional/ultimas-noticias/derspiegel/2014/07/08/crise-na-ucrania-alerta-para-cuidado-com-homenzinhos-verdes-russos.htm, skipping...
[ERROR - 2025-10-22 08:17:21,436 - Worker_1] Status code == 403 for http://fernandorodrigues.blogosfera.uol.com.br/2014/07/10/dilma-tera-11min-e-48seg-de-tv-mais-que-o-dobro-de-aecio-com-4min-e-31seg/, skipping...
[ERROR - 2025-10-22 08:17:23,846 - Worker_4] Status code == 404 for http://guia.uol.com.br/rio-de-janeiro/passeios/noticias/2014/07/01/projeto-organiza-caminhadas-gratuitas-pelo-centro-do-rio.htm, skipping...
[ERROR - 2025-10-22 08:17:35,400 - Worker_0] Status code == 403 for http://blogdomenon.blogosfera.uol.com.br/2014/07/09/119-brasil-precisa-resgatar-sua-identidade-guardiola-ja/, skipping...
[ERROR - 2025-10-22 08:17:39,303 - Worker_3] Status code == 404 for http://guia.uol.com.br/belo-horizonte/noticias/2014/07/02/pioneiro-da-fotografia-publicitaria-no-brasil-ganha-exposicao-em-bh.htm, skipping...
[ERROR - 2025-10-22 08:17:39,605 - Worker_0] Status code == 403 for http://uolesportevetv.blogosfera.uol.com.br/2014/07/09/galvao-fica-fora-de-ultimo-jogo-do-brasil-na-copa-de-2014/, skipping...
[ERROR - 2025-10-22 08:17:46,172 - Worker_0] Status code == 403 for http://saltoalto.blogosfera.uol.com.br/2014/07/10/djokovic-se-casa-em-cerimonia-misteriosa-em-praia-de-montenegro/, skipping...
[ERROR - 2025-10-22 08:17:48,354 - Worker_3] Status code == 403 for http://noticias.uol.com.br/ultimas-noticias/bbc/2014/07/10/salasocial-pedidos-de-oracoes-pela-palestina-dominam-twitter-no-brasil.htm, skipping...
[ERROR - 2025-10-22 08:17:50,328 - Worker_0] Status code == 403 for http://noticias.uol.com.br/ultimas-noticias/afp/2014/07/10/furor-em-berlim-por-espionagem-contrasta-com-muro-de-silencio-em-washington.htm, skipping...
[ERROR - 2025-10-22 08:17:54,539 - Worker_0] Status code == 403 for http://blogdoperrone.blogosfera.uol.com.br/2014/07/vexame-do-dia-na-selecao-marin-se-calar-enquanto-neymar-da-entrevista/, skipping...
[ERROR - 2025-10-22 08:17:58,416 - Worker_3] Status code == 403 for http://uolesportevetv.blogosfera.uol.com.br/2014/07/10/globo-muda-de-ideia-e-galvao-vai-transmitir-ultimo-jogo-do-brasil-na-copa/, skipping...
[ERROR - 2025-10-22 08:18:07,795 - Worker_3] Status code == 403 for http://uolesportevetv.blogosfera.uol.com.br/2014/07/10/datena-cumpre-promessa-e-fica-de-cueca-ao-vivo-apos-derrota-do-brasil/, skipping...
[ERROR - 2025-10-22 08:18:09,529 - Worker_2] Status code == 403 for http://noticias.uol.com.br/album/album-do-dia/2014/07/10/imagens-do-dia---10-de-julho-de-2014.htm?abrefoto=19, skipping...
[ERROR - 2025-10-22 08:18:10,100 - Worker_0] Status code == 403 for http://noticias.uol.com.br/cotidiano/ultimas-noticias/2014/07/10/advogado-diz-que-mulher-de-amarildo-esta-bem-e-em-cabo-frio-rj.htm, skipping...
[ERROR - 2025-10-22 08:18:33,793 - Worker_1] Status code == 403 for http://omundoemmovimento.blogosfera.uol.com.br/2014/07/10/12-das-40-marcas-tem-962-das-vendas/, skipping...
[ERROR - 2025-10-22 08:18:34,199 - Worker_0] Status code == 403 for http://blogdosakamoto.blogosfera.uol.com.br/2014/07/10/exclusivo-a-negociacao-politica-por-tras-da-derrota-da-selecao/, skipping...
[ERROR - 2025-10-22 08:18:42,755 - Worker_1] Status code == 403 for http://noticias.uol.com.br/cotidiano/ultimas-noticias/2014/07/10/populacao-faz-13-denuncias-de-alta-de-agua-por-dia-em-sp.htm, skipping...
[ERROR - 2025-10-22 08:18:46,858 - Worker_1] Status code == 403 for http://noticias.uol.com.br/saude/ultimas-noticias/redacao/2014/07/10/vacina-da-dengue-testada-em-humanos-protege-contra-os-4-virus-diz-estudo.htm, skipping...
[ERROR - 2025-10-22 08:18:49,152 - Worker_4] Status code == 403 for http://colunaesplanada.blogosfera.uol.com.br/2014/07/10/regulacao-de-e-books-passa-por-fabricas-de-tablets-no-brasil/, skipping...
[ERROR - 2025-10-22 08:18:53,280 - Worker_4] Status code == 403 for http://noticias.uol.com.br/midiaglobal/lemonde/2014/07/10/senado-frances-retira-de-proposta-penalizacao-de-clientes-de-prostitutas.htm, skipping...
[ERROR - 2025-10-22 08:18:57,379 - Worker_4] Status code == 403 for http://noticias.uol.com.br/midiaglobal/nytimes/2014/07/10/boas-relacoes-do-ocidente-com-o-ira-esbarram-em-arquivos-sobre-golpe-de-1953.htm, skipping...
[ERROR - 2025-10-22 08:19:02,573 - Worker_1] Status code == 403 for http://noticias.uol.com.br/midiaglobal/elpais/2014/07/10/divisao-na-coalizao-de-direita-em-israel-provoca-ordem-de-ataque-a-gaza.htm, skipping...
[ERROR - 2025-10-22 08:19:13,697 - Worker_1] Status code == 403 for http://noticias.uol.com.br/internacional/ultimas-noticias/2014/07/10/fbi-monitorou-mandela-por-considera-lo-uma-ameaca-comunista-mostram-documentos.htm, skipping...
[ERROR - 2025-10-22 08:19:15,147 - Worker_4] Failed to connect with http://tododjjasambou.virgula.uol.com.br/2014/07/especialistas-dao-dicas-para-montar-aparelho-de-som-com-toca-discos-gastando-pouco/ after 3 attempts, skipping...
[ERROR - 2025-10-22 08:19:19,300 - Worker_4] Status code == 403 for http://noticias.uol.com.br/internacional/ultimas-noticias/2014/07/10/obama-oferece-a-netanyahu-mediacao-para-cessar-fogo-entre-israel-e-hamas.htm, skipping...
[ERROR - 2025-10-22 08:19:24,779 - Worker_3] Status code == 403 for http://noticias.uol.com.br/internacional/ultimas-noticias/2014/07/10/garoto-escondido-por-11-dias-no-porao-de-casa-era-forcado-a-fazer-exercicios.htm, skipping...
[ERROR - 2025-10-22 08:19:28,233 - Worker_0] Status code == 403 for http://uolesporte.blogosfera.uol.com.br/2014/07/10/lembra-da-conspiracao-de-1998-versao-de-carta-de-2014-ja-esta-no-ar/, skipping...
[ERROR - 2025-10-22 08:19:32,859 - Worker_1] Status code == 500 for http://copadomundo.uol.com.br/cidades-sede-e-estadios/2014/avaliacao/, skipping...
[ERROR - 2025-10-22 08:19:36,381 - Worker_0] Status code == 404 for http://esporte.uol.com.br/f1/ultimas-noticias/2014/07/10/fia-tenta-proibir-recurso-que-pode-fazer-a-mercedes-ser-menos-forte.htm, skipping...
[ERROR - 2025-10-22 08:19:42,877 - Worker_4] Status code == 404 for http://guia.uol.com.br/belo-horizonte/noticias/2014/07/08/com-entrada-gratuita-festival-em-bh-tem-marina-lima-moska-e-zelia-duncan.htm, skipping...
[ERROR - 2025-10-22 08:19:49,312 - Worker_3] Status code == 403 for http://fernandorodrigues.blogosfera.uol.com.br/2014/07/11/nike-recua-permite-politicos-mas-nao-nome-de-partidos-em-camisa-do-brasil/, skipping...
[ERROR - 2025-10-22 08:20:02,188 - Worker_3] Status code == 403 for http://blogdosimao.blogosfera.uol.com.br/2014/07/10/o-ceni-sempre-adiantado/, skipping...
[ERROR - 2025-10-22 08:20:08,359 - Worker_2] Status code == 403 for http://blogdojuca.uol.com.br/2014/07/dilma-rousseff-a-grande-licao-da-copa-e-a-necessidade-de-reformar-o-futebol-brasileiro/, skipping...
[ERROR - 2025-10-22 08:20:11,700 - Worker_4] Status code == 403 for http://uolesportevetv.blogosfera.uol.com.br/2014/07/11/jornal-nacional-corta-elogios-de-neymar-a-messi/, skipping...
[ERROR - 2025-10-22 08:20:12,319 - Worker_3] Failed to connect with http://blogdobirner.virgula.uol.com.br/2014/07/11/sao-brasileiros-com-muito-orgulho-e-amor-mas-abandonaram-que-vergonha/ after 3 attempts, skipping...
[ERROR - 2025-10-22 08:20:37,197 - Worker_2] Status code == 404 for http://guia.uol.com.br/brasilia/cinema/noticias/2014/07/09/filme-iraniano-sobre-futebol-e-destaque-na-programacao-do-cine-brasilia.htm, skipping...
[ERROR - 2025-10-22 08:20:41,395 - Worker_2] Status code == 403 for http://economia.uol.com.br/noticias/redacao/2014/07/11/bilionario-brasileiro-compra-apartamento-em-ny-por-us-30-mi-diz-jornal.htm, skipping...
[ERROR - 2025-10-22 08:20:45,569 - Worker_2] Status code == 403 for http://economia.uol.com.br/noticias/reuters/2014/07/11/embraer-fecha-parceria-com-saab-para-gestao-conjunta-de-projeto-f-x2.htm, skipping...
[ERROR - 2025-10-22 08:20:48,555 - Worker_0] Status code == 404 for http://guia.uol.com.br/belo-horizonte/noticias/2014/07/10/shopping-estacao-bh-recebe-festival-gratuito-de-stand-up-comedy.htm, skipping...
[ERROR - 2025-10-22 08:20:53,205 - Worker_4] Status code == 403 for http://noticias.uol.com.br/midiaglobal/lemonde/2014/07/11/jornalista-iraniana-e-condenada-a-dois-anos-de-prisao-e-50-chibatadas.htm, skipping...
[ERROR - 2025-10-22 08:20:54,378 - Worker_1] Status code == 403 for http://noticias.uol.com.br/ultimas-noticias/agencia-estado/2014/07/11/policia-civil-afirma-que-roubo-a-samsung-foi-de-r-20-mi.htm, skipping...
[ERROR - 2025-10-22 08:20:56,650 - Worker_3] Status code == 403 for http://noticias.uol.com.br/midiaglobal/nytimes/2014/07/11/franca-tenta-impedir-saida-de-possiveis-jihadistas-do-pais.htm, skipping...
[ERROR - 2025-10-22 08:20:57,407 - Worker_4] Status code == 403 for http://economia.uol.com.br/noticias/redacao/2014/07/11/poupanca-perde-da-inflacao-no-primeiro-semestre-aponta-consultoria.htm, skipping...
[ERROR - 2025-10-22 08:20:58,986 - Worker_1] Status code == 403 for http://uolesporte.blogosfera.uol.com.br/2014/07/11/foto-em-rede-social-faz-musa-da-torcida-belga-perder-contrato-de-modelo/, skipping...
[ERROR - 2025-10-22 08:21:00,791 - Worker_3] Status code == 403 for http://noticias.uol.com.br/tabloide/ultimas-noticias/tabloideanas/2014/07/11/tarantula-gravida-foge-e-causa-panico-em-bairro-de-nova-york.htm, skipping...
[ERROR - 2025-10-22 08:21:00,870 - Worker_2] Failed to connect with http://noticias.carsale.uol.com.br/classicos/2014/07/04/classico-passat-ts-marcou-epoca-pelo-otimo-desempenho/ after 3 attempts, skipping...
[ERROR - 2025-10-22 08:21:09,040 - Worker_1] Failed to connect with http://natelinha.ne10.uol.com.br/novelas/2014/07/10/em-familia-jairo-cospe-em-nando-que-comemora-paternidade-de-bia-77025.php after 3 attempts, skipping...
[ERROR - 2025-10-22 08:21:09,271 - Worker_0] Status code == 403 for http://noticias.uol.com.br/saude/ultimas-noticias/bbc/2014/07/11/oms-recomenda-antirretrovirais-para-gays-como-prevencao-ao-hiv.htm, skipping...
[ERROR - 2025-10-22 08:21:19,888 - Worker_3] Status code == 404 for http://guia.uol.com.br/brasilia/bares/noticias/2014/07/09/bar-recem-inaugurado-oferece-12-opcoes-de-chope-e-100-rotulos-de-cerveja.htm, skipping...
[ERROR - 2025-10-22 08:21:20,536 - Worker_0] Status code == 403 for http://noticias.uol.com.br/ultimas-noticias/reuters/2014/07/11/hamas-adverte-companhias-aereas-de-que-atacara-principal-aeroporto-de-israel.htm, skipping...
[ERROR - 2025-10-22 08:21:20,949 - Worker_2] Status code == 403 for http://noticias.uol.com.br/saude/ultimas-noticias/redacao/2014/07/11/comer-uma-maca-por-dia-melhora-a-vida-sexual-da-mulher-diz-estudo.htm, skipping...
[ERROR - 2025-10-22 08:21:24,736 - Worker_0] Status code == 500 for http://copadomundo.uol.com.br/cidades-sede-e-estadios/2014/avaliacao/, skipping...
[ERROR - 2025-10-22 08:21:25,241 - Worker_4] Status code == 403 for http://uolesportevetv.blogosfera.uol.com.br/2014/07/11/fernanda-gentil-ironiza-quem-a-criticou-por-ter-chorado-pela-selecao/, skipping...
[ERROR - 2025-10-22 08:21:25,344 - Worker_2] Status code == 403 for http://rodrigomattos.blogosfera.uol.com.br/2014/07/11/criticas-a-jabulani-ajudaram-a-forjar-brazuca-explica-adidas/, skipping...
[ERROR - 2025-10-22 08:21:28,946 - Worker_0] Status code == 403 for http://noticias.uol.com.br/saude/ultimas-noticias/redacao/2014/07/11/medica-apoia-remedio-contra-hiv-para-gays-mas-lider-da-parada-gay-discorda.htm, skipping...
[ERROR - 2025-10-22 08:21:29,466 - Worker_4] Status code == 403 for http://uolesportevetv.blogosfera.uol.com.br/2014/07/11/morre-osmar-de-oliveira-comentarista-da-band/, skipping...
[ERROR - 2025-10-22 08:21:32,637 - Worker_3] Failed to connect with http://natelinha.ne10.uol.com.br/mulher/2014/07/10/saiba-como-livrarse-dos-problemas-ocasionados-pelo-mau-uso-dos-sapatos-77029.php after 3 attempts, skipping...
[ERROR - 2025-10-22 08:21:33,391 - Worker_1] Status code == 403 for http://noticias.uol.com.br/midiaglobal/lemonde/2014/07/12/pintura-e-censurada-em-londres-por-mostrar-pelos-pubianos.htm, skipping...
[ERROR - 2025-10-22 08:21:33,559 - Worker_4] Status code == 403 for http://noticias.uol.com.br/ciencia/album/2014/07/12/fenomeno-da-superlua.htm?abrefoto=21, skipping...
[ERROR - 2025-10-22 08:21:35,396 - Worker_0] Status code == 403 for http://noticias.uol.com.br/album/album-do-dia/2014/07/12/imagens-do-dia---12-de-julho-de-2014.htm?abrefoto=11, skipping...
[ERROR - 2025-10-22 08:21:36,260 - Worker_2] Status code == 403 for http://noticias.uol.com.br/opiniao/coluna/2014/07/12/modelo-de-politica-de-gabinete-que-nao-ouve-o-cidadao-esta-esgotado.htm, skipping...
[ERROR - 2025-10-22 08:21:39,258 - Worker_3] Status code == 403 for http://blogdoneto.blogosfera.uol.com.br/2014/07/12/fim-melancolico-do-ex-melhor-futebol-do-mundo/, skipping...
[ERROR - 2025-10-22 08:21:44,883 - Worker_2] Status code == 403 for http://cornetafc.blogosfera.uol.com.br/2014/07/12/copa-com-2-vices-treino-de-alemanha-e-argentina-no-sao-januario-gera-piada/, skipping...
[ERROR - 2025-10-22 08:21:48,999 - Worker_2] Status code == 403 for http://noticias.uol.com.br/ultimas-noticias/afp/2014/07/12/gaza-tem-dia-mais-violento-desde-inicio-de-ofensiva-israelense-52-mortos.htm, skipping...
[ERROR - 2025-10-22 08:21:54,485 - Worker_0] Status code == 404 for http://guia.uol.com.br/curitiba/noticias/2014/07/11/com-entrada-gratuita-exposicao-com-obras-de-miro-vai-ate-dia-20-de-julho.htm, skipping...
[ERROR - 2025-10-22 08:22:11,229 - Worker_0] Failed to connect with http://natelinha.ne10.uol.com.br/novelas/2014/07/12/autor-de-em-familia-explica-porque-luiza-nao-se-separa-de-laerte-confira-77144.php after 3 attempts, skipping...
[ERROR - 2025-10-22 08:22:25,405 - Worker_0] Status code == 403 for http://doutorjairo.blogosfera.uol.com.br/2014/07/12/contar-a-propria-historia-ajuda-mulheres-que-convivem-com-a-aids/, skipping...
[ERROR - 2025-10-22 08:22:37,640 - Worker_0] Status code == 403 for http://allansieber.blogosfera.uol.com.br/2014/07/11/nossos-martires/, skipping...
[ERROR - 2025-10-22 08:22:40,772 - Worker_2] Status code == 403 for http://blogdoperrone.blogosfera.uol.com.br/2014/07/em-novo-vexame-da-selecao-jogadores-expoem-felipao/, skipping...
[ERROR - 2025-10-22 08:22:43,559 - Worker_1] Status code == 403 for http://rodrigomattos.blogosfera.uol.com.br/2014/07/12/felipao-transforma-uma-selecao-gloriosa-em-piada/, skipping...
[ERROR - 2025-10-22 08:22:50,306 - Worker_0] Status code == 403 for http://blogdomariomagalhaes.blogosfera.uol.com.br/2014/07/12/triste-adeus-eu-acreditei/, skipping...
[ERROR - 2025-10-22 08:22:57,339 - Worker_0] Status code == 403 for http://noticias.uol.com.br/ultimas-noticias/agencia-estado/2014/07/12/cantareira-acoes-dao-sobrevida-de-70-dias.htm, skipping...
[ERROR - 2025-10-22 08:23:00,396 - Worker_4] Status code == 403 for http://uolesportevetv.blogosfera.uol.com.br/2014/07/12/rivaldo-desabafa-contra-galvao-bueno-nao-preciso-do-seu-reconhecimento/, skipping...
[ERROR - 2025-10-22 08:23:02,355 - Worker_2] Status code == 404 for http://guia.uol.com.br/belo-horizonte/noticias/2014/07/11/shows-de-paula-lima-e-wilson-sideral-encerram-festival-savassi-cultural.htm, skipping...
[ERROR - 2025-10-22 08:23:07,325 - Worker_3] Status code == 403 for http://noticias.uol.com.br/cotidiano/ultimas-noticias/2014/07/12/deic-faz-operacao-contra-faccao-criminosa-de-presidios-e-prende-20.htm, skipping...
[ERROR - 2025-10-22 08:23:12,628 - Worker_0] Status code == 403 for http://noticias.uol.com.br/cotidiano/ultimas-noticias/2014/07/12/prefeitura-adia-pela-2-vez-liberacao-de-via-apos-queda-de-viaduto-em-bh.htm, skipping...
[ERROR - 2025-10-22 08:23:21,538 - Worker_0] Status code == 500 for http://copadomundo.uol.com.br/cidades-sede-e-estadios/2014/avaliacao/, skipping...
[ERROR - 2025-10-22 08:23:23,636 - Worker_3] Status code == 403 for http://uolesportevetv.blogosfera.uol.com.br/2014/07/11/fernanda-gentil-ironiza-quem-a-criticou-por-ter-chorado-pela-selecao/, skipping...
[ERROR - 2025-10-22 08:23:28,017 - Worker_0] Status code == 404 for http://guia.uol.com.br/rio-de-janeiro/teatro/noticias/2014/07/08/companhia-de-teatro-apresenta-peca-por-r2-ate-o-final-de-agosto.htm, skipping...
[ERROR - 2025-10-22 08:23:30,236 - Worker_3] Status code == 403 for http://uolesportevetv.blogosfera.uol.com.br/2014/07/11/morre-osmar-de-oliveira-comentarista-da-band/, skipping...
[ERROR - 2025-10-22 08:23:30,665 - Worker_4] Status code == 404 for http://guia.uol.com.br/brasilia/noticias/2014/06/25/exposicao-reune-acervo-historico-da-selecao-brasileira-no-conjunto-nacional.htm, skipping...
[ERROR - 2025-10-22 08:23:32,278 - Worker_0] Status code == 403 for http://noticias.uol.com.br/album/album-do-dia/2014/07/13/imagens-do-dia---13-de-julho-de-2014.htm?abrefoto=13, skipping...
[ERROR - 2025-10-22 08:23:34,826 - Worker_4] Status code == 403 for http://noticias.uol.com.br/tabloide/album/2014/01/06/os-recordes-e-tentativas-de-2014.htm, skipping...
[ERROR - 2025-10-22 08:23:36,445 - Worker_0] Status code == 403 for http://noticias.uol.com.br/ultimas-noticias/reuters/2014/07/13/milhares-de-civis-fogem-de-gaza-apos-alerta-de-israel.htm, skipping...
[ERROR - 2025-10-22 08:23:36,625 - Worker_2] Status code == 403 for http://blogdojuca.uol.com.br/2014/07/foi-pessimo-mas-poderia-ter-sido-ainda-pior/, skipping...
[ERROR - 2025-10-22 08:23:40,790 - Worker_2] Status code == 403 for http://noticias.uol.com.br/midiaglobal/nytimes/2014/07/13/arquivos-de-prisioneiros-famosos-de-nova-york-sao-digitalizados.htm, skipping...
[ERROR - 2025-10-22 08:23:44,954 - Worker_2] Status code == 403 for http://noticias.uol.com.br/album/2014/07/13/imagens-da-semana.htm?abrefoto=34, skipping...
[ERROR - 2025-10-22 08:23:48,069 - Worker_0] Status code == 403 for http://blogdomariomagalhaes.blogosfera.uol.com.br/2014/07/13/sao-tele-abencoa-os-campeoes/, skipping...
[ERROR - 2025-10-22 08:23:53,270 - Worker_4] Status code == 403 for http://noticias.uol.com.br/ciencia/album/2014/07/12/fenomeno-da-superlua.htm?abrefoto=32, skipping...
[ERROR - 2025-10-22 08:23:54,512 - Worker_0] Status code == 403 for http://noticias.uol.com.br/tabloide/ultimas-noticias/tabloideanas/2014/07/10/que-do-que-do-valet-de-hotel-bate-lamborghini-e-da-prejuizo-de-r-760-mil.htm, skipping...
[ERROR - 2025-10-22 08:23:58,425 - Worker_2] Status code == 403 for http://economia.uol.com.br/financas-pessoais/noticias/redacao/2014/07/11/como-fazer-a-transferencia-de-divida-de-carro-ou-imovel-para-outra-pessoa.htm, skipping...
[ERROR - 2025-10-22 08:24:00,680 - Worker_3] Status code == 403 for http://rodrigomattos.blogosfera.uol.com.br/2014/07/13/um-rapaz-de-22-anos-decide-a-copa-para-o-melhor-time/, skipping...
[ERROR - 2025-10-22 08:24:05,326 - Worker_0] Status code == 403 for http://noticias.uol.com.br/ultimas-noticias/efe/2014/07/13/milicias-palestinas-disparam-mais-de-130-foguetes-contra-israel.htm, skipping...
[ERROR - 2025-10-22 08:24:06,110 - Worker_1] Status code == 403 for http://blogdojuca.uol.com.br/2014/07/alemanha-vence-a-batalha-do-rio-de-janeiro-e-e-tetra/, skipping...
[ERROR - 2025-10-22 08:24:14,898 - Worker_3] Status code == 403 for http://noticias.uol.com.br/cotidiano/ultimas-noticias/2014/07/13/policia-rodoviaria-apreende-165-tonelada-de-maconha-em-caminhao-no-rio.htm, skipping...
[ERROR - 2025-10-22 08:24:17,194 - Worker_4] Status code == 403 for http://noticias.uol.com.br/midiaglobal/nytimes/2014/07/13/comunidade-cria-fundo-de-pesca-para-manter-tradicoes-em-vilarejo-nos-eua.htm, skipping...
[ERROR - 2025-10-22 08:24:21,407 - Worker_4] Status code == 403 for http://noticias.uol.com.br/tabloide/album/2014/01/06/os-recordes-e-tentativas-de-2014.htm?abrefoto=102, skipping...
[ERROR - 2025-10-22 08:24:24,719 - Worker_2] Status code == 403 for http://blogdomenon.blogosfera.uol.com.br/2014/07/13/131-alemanha-justa-campea-e-argentina-deixam-licoes-ao-brasil/, skipping...
[ERROR - 2025-10-22 08:24:27,905 - Worker_1] Status code == 403 for http://uolesportevetv.blogosfera.uol.com.br/2014/07/12/rivaldo-desabafa-contra-galvao-bueno-nao-preciso-do-seu-reconhecimento/, skipping...
[ERROR - 2025-10-22 08:24:28,863 - Worker_2] Status code == 403 for http://noticias.uol.com.br/ultimas-noticias/agencia-estado/2014/07/13/plano-diretor-de-sp-incentiva-predios-3-em-1.htm, skipping...
[ERROR - 2025-10-22 08:24:30,191 - Worker_4] Status code == 403 for http://noticias.uol.com.br/album/2014/06/15/sumico-de-adolescentes-judeus-reacende-tensao-entre-israel-e-palestinos.htm?abrefoto=93, skipping...
[ERROR - 2025-10-22 08:24:33,249 - Worker_2] Status code == 403 for http://uolesporte.blogosfera.uol.com.br/2014/07/13/luciana-gimenez-tenta-torcer-para-alemanha-mas-erra-bandeira-na-pintura/, skipping...
[ERROR - 2025-10-22 08:24:37,154 - Worker_1] Status code == 403 for http://uolesportevetv.blogosfera.uol.com.br/2014/07/13/ronaldo-corneta-bola-de-ouro-da-copa-e-relembra-2002-nunca-e-justo/, skipping...
[ERROR - 2025-10-22 08:24:46,730 - Worker_2] Status code == 403 for http://cornetafc.blogosfera.uol.com.br/2014/07/12/ela-nunca-viu-o-brasil-ser-campeao-mas-nem-liga-para-isso/, skipping...
[ERROR - 2025-10-22 08:24:55,470 - Worker_2] Status code == 500 for http://copadomundo.uol.com.br/cidades-sede-e-estadios/2014/avaliacao/, skipping...
[ERROR - 2025-10-22 08:24:58,697 - Worker_1] Status code == 404 for http://guia.uol.com.br/noticias/2014/07/11/pod-faz-shows-em-sp-e-bh-em-agosto-ingressos-estao-a-venda.htm, skipping...
[ERROR - 2025-10-22 08:25:03,916 - Worker_0] Status code == 404 for http://boaforma.uol.com.br/album/2014/07/11/giovanna-ewbank-e-capa-da-corpo-a-corpo-de-julho.htm?abrefoto=1, skipping...
[ERROR - 2025-10-22 08:25:11,263 - Worker_3] Status code == 403 for http://fernandorodrigues.blogosfera.uol.com.br/2014/07/14/aecio-neves-retoma-conta-no-twitter-e-promete-aprender-a-usar-a-rede/, skipping...
[ERROR - 2025-10-22 08:25:16,860 - Worker_4] Status code == 403 for http://noticias.uol.com.br/album/album-do-dia/2014/07/14/imagens-do-dia---14-de-julho-de-2014.htm?abrefoto=61, skipping...
[ERROR - 2025-10-22 08:25:21,564 - Worker_0] Failed to connect with http://tnh1.ne10.uol.com.br/noticia/policia/2014/07/14/304512/mae-alugava-filhas-pequenas-para-pedofilos-diz-pai-das-meninas after 3 attempts, skipping...
[ERROR - 2025-10-22 08:25:31,904 - Worker_3] Status code == 403 for http://uolesporte.blogosfera.uol.com.br/2014/07/14/presidente-argentina-chama-lavezzi-de-sex-symbol-e-deixa-atacante-timido/, skipping...
[ERROR - 2025-10-22 08:25:35,932 - Worker_1] Status code == 404 for http://esporte.uol.com.br/f1/ultimas-noticias/2014/07/14/f1-ja-vive-negociacoes-para-2015-veja-como-ficam-as-equipes-no-proximo-ano.htm, skipping...
[ERROR - 2025-10-22 08:26:15,362 - Worker_1] Status code == 404 for http://guia.uol.com.br/rio-de-janeiro/criancas/noticias/2014/07/09/circo-oficinas-e-festival-de-teatro-estao-em-roteiro-para-as-criancas.htm, skipping...
[ERROR - 2025-10-22 08:26:19,712 - Worker_1] Status code == 500 for http://copadomundo.uol.com.br/cidades-sede-e-estadios/2014/avaliacao/, skipping...
[ERROR - 2025-10-22 08:26:24,174 - Worker_3] Status code == 403 for http://noticias.uol.com.br/ciencia/album/2014/07/14/arqueologos-poloneses-encontram-garrafa-intacta-mais-antiga-do-mundo.htm?abrefoto=6, skipping...
[ERROR - 2025-10-22 08:26:29,867 - Worker_1] Failed to connect with http://blogdobirner.virgula.uol.com.br/2014/07/14/nem-messi-cre-que-foi-o-melhor-do-mundial-fifa-transformou-o-premio-em-piada-de-mau-gosto/ after 3 attempts, skipping...
[ERROR - 2025-10-22 08:26:34,029 - Worker_1] Status code == 403 for http://noticias.uol.com.br/internacional/ultimas-noticias/2014/07/14/hamas-vincula-cessar-fogo-com-israel-a-acordo-completo-sobre-conflito-em-gaza.htm, skipping...
[ERROR - 2025-10-22 08:26:44,131 - Worker_1] Failed to connect with http://tnh1.ne10.uol.com.br/noticia/policia/2014/07/14/304517/nutricionista-de-sao-miguel-e-encontrada-morta-em-matagal-no-santa-amelia after 3 attempts, skipping...
[ERROR - 2025-10-22 08:26:48,520 - Worker_1] Status code == 403 for http://doutorjairo.blogosfera.uol.com.br/2014/07/14/estudos-contrariam-ideia-de-que-beber-um-pouco-faz-bem-ao-coracao/, skipping...
[ERROR - 2025-10-22 08:26:52,935 - Worker_1] Status code == 403 for http://noticias.uol.com.br/ultimas-noticias/bbc/2014/07/14/nao-vale-a-pena-viver-diz-morador-da-faixa-de-gaza.htm, skipping...
[ERROR - 2025-10-22 08:27:01,996 - Worker_1] Status code == 403 for http://uolesporte.blogosfera.uol.com.br/2014/07/15/argentinos-se-revoltam-com-musica-dos-jogadores-alemaes-e-falam-em-racismo/, skipping...
[ERROR - 2025-10-22 08:27:09,731 - Worker_4] Status code == 404 for http://guia.uol.com.br/sao-paulo/cinema/noticias/2014/07/07/filmes-de-alfred-hitchcock-tem-exibicao-gratuita-em-bibliotecas-de-sp.htm, skipping...
[ERROR - 2025-10-22 08:27:10,588 - Worker_0] Status code == 403 for http://noticias.uol.com.br/midiaglobal/lemonde/2014/07/15/angela-merkel-so-tem-a-ganhar-com-a-conquista-alema-da-copa-do-mundo.htm, skipping...
[ERROR - 2025-10-22 08:27:14,356 - Worker_1] Failed to connect with http://natelinha.ne10.uol.com.br/novelas/2014/07/15/em-familia-clara-e-marina-se-casam-com-direito-a-um-novo-beijo-gay-77231.php after 3 attempts, skipping...
[ERROR - 2025-10-22 08:27:23,865 - Worker_1] Status code == 403 for http://noticias.uol.com.br/ultimas-noticias/reuters/2014/07/15/exercito-do-paquistao-captura-comandante-do-taliban.htm, skipping...
[ERROR - 2025-10-22 08:27:28,026 - Worker_1] Status code == 403 for http://noticias.uol.com.br/internacional/ultimas-noticias/2014/07/15/dilma-diz-que-lideres-do-brics-querem-reforma-no-conselho-de-seguranca-da-onu.htm, skipping...
[ERROR - 2025-10-22 08:27:28,815 - Worker_4] Status code == 404 for http://guia.uol.com.br/sao-paulo/teatro/noticias/2014/07/14/juca-de-oliveira-apresenta-versao-solo-inedita-de-rei-lear-de-shakespeare.htm, skipping...
[ERROR - 2025-10-22 08:27:34,783 - Worker_0] Status code == 403 for http://noticias.uol.com.br/cotidiano/ultimas-noticias/2014/07/15/pm-determina-prisao-administrativa-de-4-pms-que-estavam-em-protesto-no-rj.htm, skipping...
[ERROR - 2025-10-22 08:27:37,096 - Worker_3] Status code == 403 for http://blogdosakamoto.blogosfera.uol.com.br/2014/07/15/por-uma-sociedade-que-saiba-a-diferenca-entre-ficcao-e-realidade/, skipping...
[ERROR - 2025-10-22 08:27:39,017 - Worker_0] Status code == 403 for http://noticias.uol.com.br/internacional/ultimas-noticias/le-monde/2014/07/15/eua-ja-fracassaram-cinco-vezes-ao-propor-paz-entre-israel-e-palestinos.htm, skipping...
[ERROR - 2025-10-22 08:27:41,582 - Worker_3] Status code == 403 for http://uolesporte.blogosfera.uol.com.br/2014/07/15/jogadores-argentinos-aproveitam-balada-em-buenos-aires-apos-fim-da-copa/, skipping...
[ERROR - 2025-10-22 08:27:44,094 - Worker_2] Status code == 403 for http://reginanavarro.blogosfera.uol.com.br/2014/07/15/sob-o-dominio-da-paixao/, skipping...
[ERROR - 2025-10-22 08:27:47,885 - Worker_4] Status code == 400 for http://guia.uol.com.br/rio-de-janeiro/cinema/noticias/2014/07/14/mostra-apresenta- obras-de-istvan-szabo-aclamado-cineasta-hungaro.htm, skipping...
[ERROR - 2025-10-22 08:28:00,776 - Worker_0] Status code == 403 for http://uolesporte.blogosfera.uol.com.br/2014/07/15/chegada-da-argentina-teve-ate-manobra-de-aviao-para-cumprimentar-torcida/, skipping...
[ERROR - 2025-10-22 08:28:05,053 - Worker_0] Status code == 403 for http://omundoemmovimento.blogosfera.uol.com.br/2014/07/15/consumidor-troca-ok-por-usado-e-vendas-crescem-51/, skipping...
[ERROR - 2025-10-22 08:28:19,299 - Worker_2] Status code == 301 for http://eleicoes.uol.com.br/2014/noticias/2014/07/15/comeca-hoje-o-cadastro-para-voto-em-transito.htm, skipping...
[ERROR - 2025-10-22 08:28:23,389 - Worker_3] Status code == 500 for http://copadomundo.uol.com.br/cidades-sede-e-estadios/2014/avaliacao/, skipping...
[ERROR - 2025-10-22 08:28:35,292 - Worker_1] Status code == 403 for http://blogdoperrone.blogosfera.uol.com.br/2014/07/queda-de-assessor-da-cbf-acontece-apos-fritura-com-ate-carta-anonima/, skipping...
[ERROR - 2025-10-22 08:29:01,736 - Worker_2] Status code == 403 for http://doutorjairo.blogosfera.uol.com.br/2014/07/15/compensar-um-dia-dificil-com-alimentos-caloricos-e-uma-pessima-ideia/, skipping...
[ERROR - 2025-10-22 08:29:07,463 - Worker_0] Failed to connect with http://procurasecachorro.uol.com.br/blog/2014/07/familia-faz-ensaio-fotografico-emocionante-para-registrar-ultimo-dia-de-cao/ after 3 attempts, skipping...
[ERROR - 2025-10-22 08:29:16,034 - Worker_1] Status code == 403 for http://nagradedomma.blogosfera.uol.com.br/2014/07/16/claudia-gadelha-tem-atuacao-consistente-e-vence-na-estreia-no-ufc/, skipping...
[ERROR - 2025-10-22 08:29:21,612 - Worker_0] Status code == 403 for http://noticias.uol.com.br/midiaglobal/lemonde/2014/07/16/diante-da-crise-entre-israel-e-palestina-chancelarias-ocidentais-adotam-tom-discreto.htm, skipping...
[ERROR - 2025-10-22 08:29:36,134 - Worker_2] Status code == 403 for http://economia.uol.com.br/noticias/redacao/2014/07/15/banco-dos-brics-tera-sede-em-xangai-e-1-presidencia-sera-da-india.htm, skipping...
[ERROR - 2025-10-22 08:29:38,135 - Worker_3] Status code == 403 for http://economia.uol.com.br/empregos-e-carreiras/noticias/redacao/2014/07/16/assista-a-aulas-de-administrativo-e-raciocinio-logico-para-concurso-do-inss.htm, skipping...
[ERROR - 2025-10-22 08:29:40,260 - Worker_2] Status code == 403 for http://noticias.uol.com.br/midiaglobal/nytimes/2014/07/16/suspeitos-de-matar-palestino-israelenses-procuraram-uma-vitima-leve-por-horas.htm, skipping...
[ERROR - 2025-10-22 08:29:40,587 - Worker_1] Status code == 403 for http://noticias.uol.com.br/ultimas-noticias/efe/2014/07/16/eua-fecham-acordo-para-enviar-detentos-de-guantanamo-ao-uruguai.htm, skipping...
[ERROR - 2025-10-22 08:29:44,724 - Worker_3] Status code == 403 for http://economia.uol.com.br/noticias/redacao/2014/07/16/juros-selic.htm, skipping...
[ERROR - 2025-10-22 08:29:59,209 - Worker_2] Status code == 404 for http://esporte.uol.com.br/f1/ultimas-noticias/2014/07/16/inspecao-da-fia-contra-recurso-proibido-antecipa-emocoes-do-gp-da-alemanha.htm, skipping...
[ERROR - 2025-10-22 08:29:59,276 - Worker_0] Status code == 404 for http://guia.uol.com.br/sao-paulo/teatro/noticias/2014/07/15/com-estreia-em-agosto-se-eu-fosse-voce-o-musical-tem-ingressos-a-venda.htm, skipping...
[ERROR - 2025-10-22 08:30:03,324 - Worker_2] Status code == 403 for http://noticias.uol.com.br/ultimas-noticias/agencia-estado/2014/07/16/em-sp-chacara-do-jockey-vai-virar-parque-municipal.htm, skipping...
[ERROR - 2025-10-22 08:30:03,353 - Worker_0] Status code == 403 for http://noticias.uol.com.br/midiaglobal/elpais/2014/07/16/gangues-juvenis-espalham-panico-no-marrocos.htm, skipping...
[ERROR - 2025-10-22 08:30:07,553 - Worker_2] Status code == 403 for http://noticias.uol.com.br/ultimas-noticias/efe/2014/07/16/ue-decide-suspender-cooperacao-financeira-com-a-russia.htm, skipping...
[ERROR - 2025-10-22 08:30:07,583 - Worker_0] Status code == 403 for http://noticias.uol.com.br/ultimas-noticias/bbc/2014/07/16/video-mostra-destruicao-de-casa-palestina-em-novos-ataques-de-israel.htm, skipping...
[ERROR - 2025-10-22 08:30:08,337 - Worker_4] Status code == 403 for http://blogdoperrone.blogosfera.uol.com.br/2014/07/jogador-da-selecao-reclama-de-pouco-treino-e-falta-de-padrao-tatico/, skipping...
[ERROR - 2025-10-22 08:30:52,169 - Worker_1] Status code == 500 for http://copadomundo.uol.com.br/cidades-sede-e-estadios/2014/avaliacao/, skipping...
[ERROR - 2025-10-22 08:30:56,412 - Worker_1] Status code == 403 for http://noticias.uol.com.br/ultimas-noticias/efe/2014/07/16/israel-diz-que-membro-do-hamas-era-seu-alvo-em-ataque-que-matou-criancas.htm, skipping...
[ERROR - 2025-10-22 08:31:03,959 - Worker_0] Status code == 404 for http://guia.uol.com.br/curitiba/noticias/2014/07/15/palavra-cantada-faz-shows-em-curitiba-com-ingressos-a-partir-de-r-5.htm, skipping...
[ERROR - 2025-10-22 08:31:05,562 - Worker_1] Status code == 403 for http://uolesporte.blogosfera.uol.com.br/2014/07/16/tetracampeoes-ja-estao-aproveitando-as-ferias-pelo-mundo/, skipping...
[ERROR - 2025-10-22 08:31:08,173 - Worker_0] Status code == 403 for http://uolesporte.blogosfera.uol.com.br/2014/07/16/cervejaria-argentina-faz-campanha-com-musica-de-provocacao-aos-brasileiros/, skipping...
[ERROR - 2025-10-22 08:31:15,207 - Worker_2] Status code == 502 for http://noticias.band.uol.com.br/brasilurgente/video/2014/07/16/15119847/reporter-e-baleada-em-tentativa-de-assalto.html, skipping...
[ERROR - 2025-10-22 08:31:26,436 - Worker_4] Failed to connect with http://natelinha.ne10.uol.com.br/noticias/2014/07/16/apos-perder-contrato-em-2013-victor-fasano-volta-a-record-77255.php after 3 attempts, skipping...
[ERROR - 2025-10-22 08:31:28,845 - Worker_3] Status code == 404 for http://guia.uol.com.br/sao-paulo/cinema/noticias/2014/07/15/programacao-do-belas-artes-exibe-classico-e-pre-estreia-de-alain-resnais.htm, skipping...
[ERROR - 2025-10-22 08:31:36,090 - Worker_0] Failed to connect with http://natelinha.ne10.uol.com.br/noticias/2014/07/17/globo-transmitira-apenas-qualificacao-final-de-treino-da-formula-1-77305.php after 3 attempts, skipping...
[ERROR - 2025-10-22 08:31:41,944 - Worker_1] Status code == 404 for http://guia.uol.com.br/sao-paulo/cinema/noticias/2014/07/16/shopping-de-sp-tem-exibicao-de-filmes-ao-ar-livre-veja-programacao.htm, skipping...
[ERROR - 2025-10-22 08:32:12,065 - Worker_3] Status code == 403 for http://noticias.uol.com.br/internacional/ultimas-noticias/the-new-york-times/2014/07/17/mesmo-em-prisao-a-ceu-aberto-moradores-de-gaza-nem-sempre-apoiam-cessar-fogo.htm, skipping...
[ERROR - 2025-10-22 08:32:21,636 - Worker_1] Status code == 404 for http://futebol.placar.esporte.uol.com.br/futebol/brasileirao/2014/07/17/santos-x-palmeiras.htm, skipping...
[ERROR - 2025-10-22 08:32:25,804 - Worker_1] Status code == 403 for http://noticias.uol.com.br/ultimas-noticias/reuters/2014/07/17/familiares-de-passageiros-de-aviao-da-malasia-criticam-autoridades.htm, skipping...
[ERROR - 2025-10-22 08:32:33,404 - Worker_3] Status code == 404 for http://guia.uol.com.br/rio-de-janeiro/teatro/noticias/2014/07/16/opera-do-malandro-de-chico-buarque-tem-pre-estreia-no-theatro-municipal.htm, skipping...
[ERROR - 2025-10-22 08:32:37,451 - Worker_1] Status code == 403 for http://noticias.uol.com.br/midiaglobal/nytimes/2014/07/17/canadense-morto-na-siria-continua-fazendo-propaganda-para-jihadistas.htm, skipping...
[ERROR - 2025-10-22 08:32:50,438 - Worker_1] Status code == 403 for http://noticias.uol.com.br/album/2014/06/11/charges.htm?abrefoto=33, skipping...
[ERROR - 2025-10-22 08:33:09,522 - Worker_1] Status code == 404 for http://guia.uol.com.br/sao-paulo/exposicoes/noticias/2014/07/15/exposicao-no-mis-surpreende-ao-recriar-cenario-de-castelo-ra-tim-bum.htm, skipping...
[ERROR - 2025-10-22 08:33:15,963 - Worker_2] Status code == 404 for http://futebol.placar.esporte.uol.com.br/futebol/brasileirao/2014/07/17/corinthians-x-internacional.htm, skipping...
[ERROR - 2025-10-22 08:33:19,267 - Worker_0] Status code == 403 for http://fernandorodrigues.blogosfera.uol.com.br/2014/07/17/em-sc-raimundo-colombo-psd-tem-40-e-bauer-psdb-10-diz-ibope/, skipping...
[ERROR - 2025-10-22 08:33:23,453 - Worker_0] Status code == 403 for http://noticias.uol.com.br/internacional/ultimas-noticias/2014/07/17/aviao-com-295-pessoas-a-bordo-cai-na-ucrania.htm, skipping...
[ERROR - 2025-10-22 08:33:26,718 - Worker_2] Status code == 403 for http://noticias.uol.com.br/midiaglobal/lemonde/2014/07/17/os-brics-sao-tao-unidos-quanto-afirmam.htm, skipping...
[ERROR - 2025-10-22 08:33:27,624 - Worker_4] Status code == 403 for http://noticias.uol.com.br/internacional/ultimas-noticias/2014/07/17/israel-pagara-um-alto-preco-por-acao-terrestre-em-gaza-diz-hamas.htm, skipping...
[ERROR - 2025-10-22 08:33:46,857 - Worker_0] Status code == 403 for http://noticias.uol.com.br/internacional/ultimas-noticias/2014/07/17/outros-tres-acidentes-aereos-aconteceram-no-dia-17-de-julho-veja.htm, skipping...
[ERROR - 2025-10-22 08:33:50,290 - Worker_3] Status code == 403 for http://noticias.uol.com.br/midiaglobal/lemonde/2014/07/18/tudo-que-voce-precisa-saber-para-entender-o-rotulo-da-casa.htm, skipping...
[ERROR - 2025-10-22 08:33:55,733 - Worker_4] Status code == 403 for http://noticias.uol.com.br/cotidiano/ultimas-noticias/2014/07/18/justica-do-rio-decreta-a-prisao-de-21-ativistas.htm, skipping...
[ERROR - 2025-10-22 08:33:58,261 - Worker_0] Status code == 403 for http://noticias.uol.com.br/cotidiano/ultimas-noticias/2014/07/18/policia-indicia-mais-18-pessoas-no-caso-de-incendio-na-kiss.htm, skipping...
[ERROR - 2025-10-22 08:33:59,890 - Worker_4] Status code == 403 for http://noticias.uol.com.br/midiaglobal/lemonde/2014/07/18/os-reporteres-do-new-york-times-abrem-suas-mochilas.htm, skipping...
[ERROR - 2025-10-22 08:34:00,385 - Worker_2] Status code == 403 for http://tecnologia.uol.com.br/noticias/redacao/2014/07/18/estudo-whatsapp-so-perde-para-facebook-em-vicio-entre-jovens-internautas.htm, skipping...
[ERROR - 2025-10-22 08:34:26,832 - Worker_4] Status code == 403 for http://noticias.uol.com.br/ultimas-noticias/deutschewelle/2014/07/18/pela-2-vez-ciclista-evita-voo-da-malaysia-airlines-e-escapa-da-morte.htm, skipping...
[ERROR - 2025-10-22 08:34:29,864 - Worker_1] Status code == 403 for http://saltoalto.blogosfera.uol.com.br/2014/07/18/marcelo-abandona-tradicional-black-power-e-adota-visual-de-trancinhas/, skipping...
[ERROR - 2025-10-22 08:34:36,573 - Worker_1] Status code == 403 for http://dralexandrefaisal.blogosfera.uol.com.br/2014/07/18/exame-de-toque-e-desnecessario-durante-consulta-ginecologica/, skipping...
[ERROR - 2025-10-22 08:34:40,739 - Worker_1] Status code == 403 for http://noticias.uol.com.br/tabloide/ultimas-noticias/tabloideanas/2014/07/18/menino-de-9-anos-atende-pedido-de-mortos-e-se-casa-com-mulher-de-62.htm, skipping...
[ERROR - 2025-10-22 08:34:45,909 - Worker_4] Status code == 404 for http://guia.uol.com.br/sao-paulo/shows/noticias/2014/07/17/bixiga-70-faz-tres-shows-gratuitos-em-sao-paulo-neste-fim-de-semana.htm, skipping...
[ERROR - 2025-10-22 08:34:53,135 - Worker_1] Failed to connect with http://natelinha.ne10.uol.com.br/noticias/2014/07/18/sbt-ira-lancar-nova-logomarca-em-agosto-conheca-agora-77372.php after 3 attempts, skipping...
[ERROR - 2025-10-22 08:34:53,370 - Worker_0] Status code == 403 for http://noticias.uol.com.br/cotidiano/ultimas-noticias/2014/07/18/cidades-e-empresas-farao-rodizio-de-captacao-de-agua-de-rios-em-sao-paulo.htm, skipping...
[ERROR - 2025-10-22 08:34:55,413 - Worker_4] Status code == 403 for http://liviooricchio.blogosfera.uol.com.br/2014/07/15/a-pista-de-hockenheim-nao-entusiasma-quase-ninguem/, skipping...
[ERROR - 2025-10-22 08:34:57,251 - Worker_1] Status code == 403 for http://noticias.uol.com.br/ultimas-noticias/afp/2014/07/18/oito-membros-de-uma-mesma-familia-sao-mortos-por-tanque-israelense.htm, skipping...
[ERROR - 2025-10-22 08:35:05,062 - Worker_3] Status code == 403 for http://noticias.uol.com.br/internacional/ultimas-noticias/2014/07/18/saqueadores-levam-dinheiro-e-cartoes-de-vitimas-do-mh17-diz-governo-da-ucrania.htm, skipping...
[ERROR - 2025-10-22 08:35:06,706 - Worker_1] Status code == 403 for http://noticias.uol.com.br/album/album-do-dia/2014/07/18/imagens-do-dia---18-de-julho-de-2014.htm?abrefoto=38, skipping...
[ERROR - 2025-10-22 08:35:06,772 - Worker_0] Status code == 403 for http://noticias.uol.com.br/midiaglobal/nytimes/2014/07/18/producao-de-foguetes-e-setor-bastante-prospero-em-gaza.htm, skipping...
[ERROR - 2025-10-22 08:35:10,798 - Worker_1] Status code == 403 for http://noticias.uol.com.br/album/2014/07/15/tufao-rammasun-causa-destruicao-nas-filipinas.htm?abrefoto=37, skipping...
[ERROR - 2025-10-22 08:35:14,352 - Worker_2] Status code == 403 for http://noticias.uol.com.br/internacional/ultimas-noticias/2014/07/18/obama-cita-evidencias-de-que-o-mh17-foi-abatido-por-separatistas.htm, skipping...
[ERROR - 2025-10-22 08:35:26,623 - Worker_3] Status code == 403 for http://noticias.uol.com.br/ultimas-noticias/bbc/2014/07/18/gigante-da-luta-contra-aids-e-ex-jornalista-da-bbc-estao-entre-as-vitimas-de-aviao-abatido.htm, skipping...
[ERROR - 2025-10-22 08:35:28,434 - Worker_0] Status code == 403 for http://noticias.uol.com.br/cotidiano/ultimas-noticias/2014/07/18/caozinho-sem-membros-e-adotado-na-ba-300-pessoas-mostraram-interesse.htm, skipping...
[ERROR - 2025-10-22 08:35:32,710 - Worker_0] Status code == 403 for http://uolesporte.blogosfera.uol.com.br/2014/07/18/cartilha-do-barca-neymar-abandona-cabelo-loiro-antes-de-reapresentacao/, skipping...
[ERROR - 2025-10-22 08:35:39,804 - Worker_3] Status code == 403 for http://educacao.uol.com.br/noticias/2014/07/17/aos-19-anos-jovem-do-acre-passa-em-cinco-universidades-nos-eua.htm, skipping...
[ERROR - 2025-10-22 08:35:44,002 - Worker_3] Status code == 403 for http://noticias.uol.com.br/album/album-do-dia/2014/07/18/imagens-do-dia---18-de-julho-de-2014.htm?abrefoto=44, skipping...
[ERROR - 2025-10-22 08:35:49,022 - Worker_0] Status code == 403 for http://uolesporte.blogosfera.uol.com.br/2014/07/18/heroi-alemao-na-copa-tem-semana-dos-sonhos-gol-titulo-festas-e-ibiza/, skipping...
[ERROR - 2025-10-22 08:35:54,800 - Worker_1] Status code == 403 for http://blogdojuca.uol.com.br/2014/07/a-incognita-gilmar-rinaldi/, skipping...
[ERROR - 2025-10-22 08:35:56,821 - Worker_2] Status code == 301 for http://eleicoes.uol.com.br/2014/noticias/2014/07/17/de-esquerda-e-com-r-740-milhoes-conheca-o-candidato-mais-rico-do-brasil.htm, skipping...
[ERROR - 2025-10-22 08:36:00,962 - Worker_2] Status code == 403 for http://noticias.uol.com.br/tabloide/ultimas-noticias/tabloideanas/2014/07/09/por-pizza-rede-de-fast-food-cobra-de-britanico-r-683-mil-em-vez-de-r-6830.htm, skipping...
[ERROR - 2025-10-22 08:36:06,854 - Worker_1] Status code == 403 for http://noticias.uol.com.br/album/2014/07/17/homenagens-as-vitimas-do-voo-mh17-da-malaysia-airlines.htm?abrefoto=37, skipping...
[ERROR - 2025-10-22 08:36:08,608 - Worker_3] Status code == 403 for http://noticias.uol.com.br/cotidiano/ultimas-noticias/2014/07/19/bilhete-do-parana-leva-sozinho-r-34-milhoes-na-mega-sena.htm, skipping...
[ERROR - 2025-10-22 08:36:17,738 - Worker_3] Status code == 403 for http://noticias.uol.com.br/ultimas-noticias/reuters/2014/07/19/cinco-carros-bomba-matam-26-pessoas-em-bagda.htm, skipping...
[ERROR - 2025-10-22 08:36:18,452 - Worker_0] Status code == 403 for http://noticias.uol.com.br/tabloide/ultimas-noticias/tabloideanas/2014/07/15/ladroes-aproveitam-copa-e-roubam-300-mil-garrafas-de-cerveja-na-alemanha.htm#fotoNav=11, skipping...
[ERROR - 2025-10-22 08:36:20,193 - Worker_2] Status code == 404 for http://charges.uol.com.br/2014/07/19/tobby-entrevista-nino/, skipping...
[ERROR - 2025-10-22 08:36:28,586 - Worker_1] Status code == 403 for http://noticias.uol.com.br/ultimas-noticias/reuters/2014/07/19/ucrania-diz-ter-provas-irrefutaveis-do-papel-da-russia-no-desastre-aereo.htm, skipping...
[ERROR - 2025-10-22 08:36:29,534 - Worker_2] Status code == 403 for http://noticias.uol.com.br/tabloide/album/2014/01/06/os-recordes-e-tentativas-de-2014.htm, skipping...
[ERROR - 2025-10-22 08:36:37,067 - Worker_1] Status code == 403 for http://blogdoperrone.blogosfera.uol.com.br/2014/07/quatro-motivos-explicam-como-dunga-nao-combina-com-as-necessidades-da-cbf/, skipping...
[ERROR - 2025-10-22 08:36:37,528 - Worker_0] Status code == 404 for http://guia.uol.com.br/curitiba/noticias/2014/07/18/novo-espetaculo-de-deborah-colker-estreia-neste-sabado-19-em-curitiba.htm, skipping...
[ERROR - 2025-10-22 08:36:41,288 - Worker_1] Status code == 403 for http://noticias.uol.com.br/album/2014/06/15/sumico-de-adolescentes-judeus-reacende-tensao-entre-israel-e-palestinos.htm?abrefoto=184, skipping...
[ERROR - 2025-10-22 08:36:41,727 - Worker_0] Status code == 403 for http://noticias.uol.com.br/tabloide/ultimas-noticias/tabloideanas/2014/07/18/menino-de-9-anos-atende-pedido-de-mortos-e-se-casa-com-mulher-de-62.htm, skipping...
[ERROR - 2025-10-22 08:36:42,010 - Worker_3] Status code == 404 for http://guia.uol.com.br/brasilia/noticias/2014/07/18/em-homenagem-a-caymmi-grupo-apresenta-peca-marina-dentro-de-aquario.htm, skipping...
[ERROR - 2025-10-22 08:36:45,520 - Worker_1] Status code == 403 for http://noticias.uol.com.br/ciencia/album/2014/07/19/concurso-britanico-seleciona-finalistas-para-melhor-foto-de-astronomia-de-2014.htm?abrefoto=1, skipping...
[ERROR - 2025-10-22 08:36:48,603 - Worker_2] Status code == 404 for http://guia.uol.com.br/rio-de-janeiro/teatro/noticias/2014/07/16/opera-do-malandro-de-chico-buarque-tem-pre-estreia-no-theatro-municipal.htm, skipping...
[ERROR - 2025-10-22 08:36:54,399 - Worker_3] Failed to connect with http://natelinha.ne10.uol.com.br/noticias/2014/07/18/sbt-ira-lancar-nova-logomarca-em-agosto-conheca-agora-77372.php after 3 attempts, skipping...
[ERROR - 2025-10-22 08:36:58,762 - Worker_3] Status code == 403 for http://colunaesplanada.blogosfera.uol.com.br/2014/07/19/em-minas-aeroporto-internacional-do-castelo-recebe-quatro-voos-regionais/, skipping...
[ERROR - 2025-10-22 08:37:11,147 - Worker_1] Status code == 404 for http://esporte.uol.com.br/f1/ultimas-noticias/2014/07/19/massa-fica-feliz-com-3-lugar-mas-diz-que-poderia-ter-conseguido-mais.htm, skipping...
[ERROR - 2025-10-22 08:37:16,806 - Worker_3] Status code == 403 for http://uolesporte.blogosfera.uol.com.br/2014/07/19/ta-bombando-promessa-do-barca-retorna-ao-clube-e-imita-cristiano-ronaldo/, skipping...
[ERROR - 2025-10-22 08:37:17,824 - Worker_2] Status code == 404 for http://guia.uol.com.br/brasilia/noticias/2014/07/14/festival-gratuito-de-teatro-vai-ate-domingo-20-no-sesc-garagem.htm, skipping...
[ERROR - 2025-10-22 08:37:22,074 - Worker_2] Status code == 403 for http://uolesporte.blogosfera.uol.com.br/2014/07/18/heroi-alemao-na-copa-tem-semana-dos-sonhos-gol-titulo-festas-e-ibiza/, skipping...
[ERROR - 2025-10-22 08:37:25,020 - Worker_1] Status code == 403 for http://uolesporte.blogosfera.uol.com.br/2014/07/19/fifa-da-vida-real-video-mostra-como-seria-game-com-atletas-de-verdade/, skipping...
[ERROR - 2025-10-22 08:37:28,247 - Worker_0] Status code == 403 for http://uolesporte.blogosfera.uol.com.br/2014/07/19/aposta-de-15-anos-atras-pode-render-pequena-fortuna-a-ex-sogro-de-wozniacki/, skipping...
[ERROR - 2025-10-22 08:37:34,880 - Worker_0] Status code == 403 for http://blogdosakamoto.blogosfera.uol.com.br/2014/07/20/eu-nao-sou-preconceituoso-mas-sabe-como-e/, skipping...
[ERROR - 2025-10-22 08:37:39,005 - Worker_0] Status code == 403 for http://noticias.uol.com.br/album/album-do-dia/2014/07/20/imagens-do-dia---20-de-julho-de-2014.htm?abrefoto=35, skipping...
[ERROR - 2025-10-22 08:37:43,732 - Worker_1] Status code == 403 for http://uolesporte.blogosfera.uol.com.br/2014/07/20/jogador-de-time-suico-faz-o-gol-contra-mais-bonito-que-voce-ja-viu/, skipping...
[ERROR - 2025-10-22 08:37:44,138 - Worker_0] Status code == 404 for http://esporte.uol.com.br/f1/ultimas-noticias/2014/07/20/massa-sobre-mare-de-azar-e-maus-resultados-nao-depende-mim.htm, skipping...
[ERROR - 2025-10-22 08:37:44,931 - Worker_3] Status code == 404 for http://guia.uol.com.br/brasilia/noticias/2014/07/15/roteiro-traz-festas-julinas-no-terraco-shopping-country-club-e-em-igrejas.htm, skipping...
[ERROR - 2025-10-22 08:37:48,661 - Worker_2] Status code == 404 for http://guia.uol.com.br/belo-horizonte/noticias/2014/07/16/exposicao-traz-100-gravuras-de-salvador-dali-inspiradas-na-divina-comedia.htm, skipping...
[ERROR - 2025-10-22 08:37:58,483 - Worker_4] Status code == 403 for http://mauriciostycer.blogosfera.uol.com.br/2014/07/19/cinco-misterios-nao-solucionados-no-ultimo-capitulo-de-em-familia/, skipping...
[ERROR - 2025-10-22 08:38:08,102 - Worker_1] Status code == 403 for http://uolesporte.blogosfera.uol.com.br/2014/07/20/jogadores-comemoram-esquecem-da-partida-e-levam-gol-bizarro-na-eslovaquia/, skipping...
[ERROR - 2025-10-22 08:38:19,862 - Worker_4] Status code == 403 for http://blogdoperrone.blogosfera.uol.com.br/2014/07/mp-questiona-marin-apos-postagem-de-joana-havelange-sobre-roubo-na-copa/, skipping...
[ERROR - 2025-10-22 08:38:32,858 - Worker_0] Status code == 404 for http://guia.uol.com.br/rio-de-janeiro/exposicoes/noticias/2014/07/15/inspirada-na-copa-mostra-reune-obras-de-nelson-leirner-e-tomie-ohtake.htm, skipping...
[ERROR - 2025-10-22 08:38:37,202 - Worker_0] Status code == 403 for http://liviooricchio.blogosfera.uol.com.br/2014/07/20/sera-que-massa-nao-teve-mesmo-nenhuma-responsabilidade/, skipping...
[ERROR - 2025-10-22 08:38:41,392 - Worker_0] Status code == 403 for http://noticias.uol.com.br/ultimas-noticias/agencia-estado/2014/07/21/alinhamento-viario-pode-desapropriar-7-mil-imoveis-em-sp.htm, skipping...
[ERROR - 2025-10-22 08:38:44,931 - Worker_2] Status code == 403 for http://rodrigomattos.blogosfera.uol.com.br/2014/07/21/escolha-de-dunga-gera-resistencia-entre-aliados-da-cbf/, skipping...
[ERROR - 2025-10-22 08:38:45,541 - Worker_0] Status code == 403 for http://noticias.uol.com.br/internacional/ultimas-noticias/2014/07/21/caixas-pretas-de-aviao-da-malaysia-airlines-sao-entregues-a-equipe-malaia-na-ucrania.htm, skipping...
[ERROR - 2025-10-22 08:38:45,706 - Worker_3] Status code == 404 for http://guia.uol.com.br/brasilia/noticias/2014/07/16/festival-gratuito-de-animacao-espanhola-comeca-nesta-quinta-17.htm, skipping...
[ERROR - 2025-10-22 08:38:51,535 - Worker_4] Status code == 403 for http://noticias.uol.com.br/midiaglobal/the-international-new-york-times/2014/07/21/hong-kong-enfrenta-a-china-em-luta-por-mais-democracia.htm, skipping...
[ERROR - 2025-10-22 08:38:54,966 - Worker_2] Failed to connect with http://natelinha.ne10.uol.com.br/mulher/2014/07/20/mude-o-ambiente-da-sua-casa-atraves-da-decoracao-vintage-77401.php after 3 attempts, skipping...
[ERROR - 2025-10-22 08:38:55,681 - Worker_4] Status code == 403 for http://noticias.uol.com.br/ultimas-noticias/erratas/2014/07/21/uol-noticias-e-home-page-patrimonio-de-kassab-aumentou-146-em-16-anos.htm, skipping...
[ERROR - 2025-10-22 08:39:07,351 - Worker_1] Status code == 404 for http://esporte.band.uol.com.br/futebol/brasileirao-serie-a/2014/noticia/?id=100000696728&t=vice-do-velez-diz-que-agustin-deve-acertar-com-palmeiras-ate-quarta, skipping...
[ERROR - 2025-10-22 08:39:09,866 - Worker_0] Status code == 403 for http://noticias.uol.com.br/ultimas-noticias/efe/2014/07/21/haniyeh-pede-fim-do-bloqueio-israelense-e-a-libertacao-de-presos-palestinos.htm, skipping...
[ERROR - 2025-10-22 08:39:12,333 - Worker_3] Status code == 403 for http://noticias.uol.com.br/tabloide/ultimas-noticias/tabloideanas/2014/07/18/menino-de-9-anos-atende-pedido-de-mortos-e-se-casa-com-mulher-de-62.htm, skipping...
[ERROR - 2025-10-22 08:39:14,025 - Worker_0] Status code == 403 for http://noticias.uol.com.br/album/album-do-dia/2014/07/21/imagens-do-dia---21-de-julho-de-2014.htm?abrefoto=39, skipping...
[ERROR - 2025-10-22 08:39:16,980 - Worker_4] Status code == 404 for http://guia.uol.com.br/sao-paulo/teatro/noticias/2014/07/16/musical-inspirado-em-obras-de-chico-buarque-tem-ingressos-a-venda.htm, skipping...
[ERROR - 2025-10-22 08:39:28,065 - Worker_4] Status code == 403 for http://noticias.uol.com.br/ultimas-noticias/bbc/2014/07/21/ofensiva-em-gaza-ja-fez-100-mil-buscarem-ajuda-da-onu-entenda-conflito.htm, skipping...
[ERROR - 2025-10-22 08:39:36,867 - Worker_0] Status code == 403 for http://noticias.uol.com.br/meio-ambiente/ultimas-noticias/redacao/2014/07/16/quase-900-animais-em-risco-de-extincao-nascem-em-reserva-mantida-por-itaipu.htm#fotoNav=6, skipping...
[ERROR - 2025-10-22 08:39:44,790 - Worker_4] Status code == 403 for http://noticias.uol.com.br/ultimas-noticias/agencia-estado/2014/07/21/criterios-tecnicos-definiram-tracado-diz-sptrans.htm, skipping...
[ERROR - 2025-10-22 08:39:46,502 - Worker_0] Status code == 403 for http://noticias.uol.com.br/meio-ambiente/ultimas-noticias/redacao/2014/07/08/amazonia-cresceu-apos-mudanca-climatica-ha-2000-anos-diz-estudo.htm, skipping...
[ERROR - 2025-10-22 08:39:46,997 - Worker_3] Status code == 403 for http://noticias.uol.com.br/meio-ambiente/album/2014/01/08/veja-imagens-e-noticias-de-meio-ambiente-em-2014.htm?abrefoto=76, skipping...
[ERROR - 2025-10-22 08:39:53,917 - Worker_4] Status code == 403 for http://noticias.uol.com.br/album/2014/07/17/aviao-da-malaysia-airlines-com-295-pessoas-a-bordo-cai-na-ucrania.htm?abrefoto=121, skipping...
[ERROR - 2025-10-22 08:39:54,902 - Worker_1] Status code == 404 for http://guia.uol.com.br/rio-de-janeiro/exposicoes/noticias/2014/07/15/mam-recebe-exposicoes-de-obras-adquiridas-e-individual-de-arjan-martins.htm, skipping...
[ERROR - 2025-10-22 08:39:58,078 - Worker_4] Status code == 403 for http://noticias.uol.com.br/internacional/ultimas-noticias/2014/07/22/monitores-internacionais-dizem-que-pecas-do-mh17-foram-adulteradas.htm, skipping...
[ERROR - 2025-10-22 08:40:01,648 - Worker_0] Failed to connect with http://natelinha.ne10.uol.com.br/noticias/2014/07/22/sky-informa-retirada-do-shoptime-de-sua-grade-canal-pode-acabar-77507.php after 3 attempts, skipping...
[ERROR - 2025-10-22 08:40:08,533 - Worker_0] Status code == 403 for http://noticias.uol.com.br/internacional/ultimas-noticias/2014/07/22/eua-acreditam-que-rebeldes-derrubaram-aviao-por-engano-e-descartam-ligacao-da-russia.htm, skipping...
[ERROR - 2025-10-22 08:40:13,251 - Worker_3] Status code == 404 for http://revistacult.uol.com.br/home/2014/07/eu-questiono-porque-nao-basta-ser/, skipping...
[ERROR - 2025-10-22 08:40:17,254 - Worker_1] Status code == 403 for http://blogdoperrone.blogosfera.uol.com.br/2014/07/nova-era-dunga-comeca-com-alfinetadas-em-felipao-e-sombra-de-gallo/, skipping...
[ERROR - 2025-10-22 08:40:21,445 - Worker_1] Status code == 403 for http://noticias.uol.com.br/ciencia/ultimas-noticias/redacao/2014/07/22/clique-ciencia-se-na-lua-nao-venta-por-que-bandeira-dos-eua-tremeu.htm, skipping...
[ERROR - 2025-10-22 08:40:33,137 - Worker_3] Failed to connect with http://blogdobirner.virgula.uol.com.br/2014/07/22/marin-cometeu-injustica-com-tite-dunga-foi-bem-em-2010-mas-continua-sendo-uma-incognita/ after 3 attempts, skipping...
[ERROR - 2025-10-22 08:40:37,359 - Worker_3] Status code == 403 for http://economia.uol.com.br/empreendedorismo/noticias/redacao/2014/07/22/areas-comerciais-de-aeroportos-cresceram-de-15-a-25-nos-ultimos-5-anos.htm, skipping...
[ERROR - 2025-10-22 08:40:42,464 - Worker_4] Status code == 403 for http://blogdojuca.uol.com.br/2014/07/sobre-o-quanto-pior-melhor/, skipping...
[ERROR - 2025-10-22 08:40:43,155 - Worker_2] Status code == 403 for http://reginanavarro.blogosfera.uol.com.br/2014/07/22/o-sexo-e-os-longos-relacionamentos/, skipping...
[ERROR - 2025-10-22 08:40:45,805 - Worker_1] Status code == 403 for http://economia.uol.com.br/empreendedorismo/noticias/redacao/2014/07/22/loja-em-aeroporto-custa-ate-4-vezes-mais-que-em-shopping-diz-consultor.htm, skipping...
[ERROR - 2025-10-22 08:40:54,791 - Worker_0] Status code == 403 for http://rodrigomattos.blogosfera.uol.com.br/2014/07/22/fla-mostra-que-quem-apanha-pode-sair-diz-sindicato-sobre-andre-santos/, skipping...
[ERROR - 2025-10-22 08:40:56,483 - Worker_3] Status code == 404 for http://guia.uol.com.br/sao-paulo/exposicoes/noticias/2014/07/22/mostra-castelo-ra-tim-bum-tera-horario-estendido-veja-dicas-de-visitacao.htm, skipping...
[ERROR - 2025-10-22 08:41:00,905 - Worker_3] Status code == 403 for http://noticias.uol.com.br/meio-ambiente/ultimas-noticias/redacao/2014/07/22/bonecos-importados-vao-agilizar-o-resgate-de-vitimas-de-tubaroes-em-pe.htm, skipping...
[ERROR - 2025-10-22 08:41:01,442 - Worker_0] Status code == 403 for http://uolesporte.blogosfera.uol.com.br/2014/07/21/ele-voltou-michael-dunga-tem-novo-dia-de-furia-agora-com-felipao-hackman/, skipping...
[ERROR - 2025-10-22 08:41:02,243 - Worker_2] Status code == 404 for http://guia.uol.com.br/belo-horizonte/cinema/noticias/2014/07/21/mostra-gratuita-exibe-filmografia-completa-do-diretor-billy-wilder-em-bh.htm, skipping...
[ERROR - 2025-10-22 08:41:04,335 - Worker_4] Status code == 403 for http://noticias.uol.com.br/midiaglobal/lemonde/2014/07/22/queda-de-aviao-desencadeia-tragica-sensacao-de-deja-vu-na-malasia.htm, skipping...
[ERROR - 2025-10-22 08:41:05,069 - Worker_3] Status code == 403 for http://noticias.uol.com.br/album/album-do-dia/2014/07/22/imagens-do-dia---22-de-julho-de-2014.htm?abrefoto=35, skipping...
[ERROR - 2025-10-22 08:41:05,605 - Worker_0] Status code == 403 for http://noticias.uol.com.br/ultimas-noticias/agencia-estado/2014/07/22/deputada-confirma-carona-a-ativistas-em-consulado.htm, skipping...
[ERROR - 2025-10-22 08:41:12,080 - Worker_0] Status code == 403 for http://uolesporte.blogosfera.uol.com.br/2014/07/22/lebron-vai-a-loucura-e-rola-no-chao-ao-acompanhar-jogo-do-filho/, skipping...
[ERROR - 2025-10-22 08:41:13,503 - Worker_4] Status code == 403 for http://noticias.uol.com.br/ultimas-noticias/reuters/2014/07/22/ataque-aereo-iraquiano-mata-19pessoas-embastiao-militante.htm, skipping...
[ERROR - 2025-10-22 08:41:16,395 - Worker_2] Status code == 403 for http://noticias.uol.com.br/cotidiano/ultimas-noticias/2014/07/22/empresa-que-projetou-viaduto-que-caiu-em-bh-nao-acompanhava-obra-desde-2013.htm, skipping...
[ERROR - 2025-10-22 08:41:17,650 - Worker_4] Status code == 403 for http://noticias.uol.com.br/ultimas-noticias/bbc/2014/07/22/ue-enfrenta-dilema-para-ampliar-sancoes-a-russia-apos-tragedia-do-mh17.htm, skipping...
[ERROR - 2025-10-22 08:41:18,568 - Worker_0] Status code == 403 for http://noticias.uol.com.br/ultimas-noticias/bbc/2014/07/22/islamicos-impoem-conversao-propina-ou-morte-a-cristaos-no-iraque.htm, skipping...
[ERROR - 2025-10-22 08:41:22,661 - Worker_0] Status code == 403 for http://noticias.uol.com.br/saude/ultimas-noticias/redacao/2014/07/22/bebe-que-nasceu-de-mae-que-tinha-cancer-sai-da-uti-apos-tres-meses.htm, skipping...
[ERROR - 2025-10-22 08:41:22,849 - Worker_2] Status code == 403 for http://noticias.uol.com.br/meio-ambiente/ultimas-noticias/redacao/2014/07/22/indios-que-eram-isolados-pegam-gripe-sao-medicados-e-voltam-para-aldeia.htm, skipping...
[ERROR - 2025-10-22 08:41:26,754 - Worker_0] Status code == 403 for http://noticias.uol.com.br/midiaglobal/elpais/2014/07/22/a-mulher-que-provocou-uma-crise-no-governo-frances.htm, skipping...
[ERROR - 2025-10-22 08:41:30,843 - Worker_0] Status code == 403 for http://noticias.uol.com.br/album/album-do-dia/2014/07/22/imagens-do-dia---22-de-julho-de-2014.htm?abrefoto=24, skipping...
[ERROR - 2025-10-22 08:41:35,157 - Worker_0] Status code == 403 for http://economia.uol.com.br/empreendedorismo/noticias/redacao/2014/07/22/aeroportos-tem-55-licitacoes-para-areas-comerciais-veja-como-participar.htm, skipping...
[ERROR - 2025-10-22 08:41:48,557 - Worker_0] Status code == 403 for http://noticias.uol.com.br/midiaglobal/lemonde/2014/07/22/ucrania-a-guerra-que-o-mundo-queria-esquecer.htm, skipping...
[ERROR - 2025-10-22 08:41:55,117 - Worker_4] Status code == 403 for http://noticias.uol.com.br/ciencia/ultimas-noticias/redacao/2014/07/22/clique-ciencia-se-na-lua-nao-venta-por-que-bandeira-dos-eua-tremeu.htm, skipping...
[ERROR - 2025-10-22 08:41:55,619 - Worker_1] Status code == 403 for http://uolesporte.blogosfera.uol.com.br/2014/07/23/mulher-de-james-ganha-status-de-celebridade-em-apresentacao-no-real/, skipping...
[ERROR - 2025-10-22 08:42:27,775 - Worker_0] Status code == 403 for http://noticias.uol.com.br/midiaglobal/elpais/2014/07/23/opiniao-importante-e-saber-o-que-ha-por-tras-de-estopins-que-geram-crises.htm, skipping...
[ERROR - 2025-10-22 08:42:34,228 - Worker_0] Status code == 403 for http://noticias.uol.com.br/album/album-do-dia/2014/07/23/imagens-do-dia---23-de-julho-de-2014.htm?abrefoto=24, skipping...
[ERROR - 2025-10-22 08:42:39,238 - Worker_0] Status code == 404 for http://criancas.uol.com.br/voce-manda/2014/07/18/criancas-fazem-homenagem-no-dia-dos-avos.htm?abrefoto=17, skipping...
[ERROR - 2025-10-22 08:42:46,017 - Worker_0] Status code == 403 for http://noticias.uol.com.br/internacional/ultimas-noticias/2014/07/23/vivemos-um-inferno-alem-do-inferno-dizem-pais-de-tres-criancas-mortas-no-mh17.htm, skipping...
[ERROR - 2025-10-22 08:42:48,291 - Worker_2] Status code == 403 for http://rodrigomattos.blogosfera.uol.com.br/2014/07/23/urgencia-falta-de-opcoes-e-historia-veja-porque-fla-contratou-luxa/, skipping...
[ERROR - 2025-10-22 08:42:57,754 - Worker_2] Status code == 403 for http://noticias.uol.com.br/midiaglobal/nytimes/2014/07/23/conversa-dos-eua-com-o-hamas-precisa-da-ajuda-de-um-dificil-trio-de-nacoes.htm, skipping...
[ERROR - 2025-10-22 08:43:01,841 - Worker_2] Status code == 403 for http://noticias.uol.com.br/ultimas-noticias/erratas/2014/07/23/home-page-do-uol-e-uol-noticias-total-do-consumido-do-volume-morto-do-sistema-cantareira-chega-a-pouco-mais-de-10.htm, skipping...
[ERROR - 2025-10-22 08:43:09,896 - Worker_4] Status code == 404 for http://guia.uol.com.br/belo-horizonte/restaurantes/noticias/2014/07/23/receitas-familiares-sao-destaques-em-restaurantes-e-cafes-de-bh.htm, skipping...
[ERROR - 2025-10-22 08:43:10,456 - Worker_2] Status code == 403 for http://noticias.uol.com.br/album/album-do-dia/2014/07/23/imagens-do-dia---23-de-julho-de-2014.htm?abrefoto=40, skipping...
[ERROR - 2025-10-22 08:43:12,809 - Worker_0] Failed to connect with http://procurasecachorro.uol.com.br/blog/2014/07/posto-de-gasolina-em-porto-alegre-acolhe-animais-de-rua-durante-o-frio/ after 3 attempts, skipping...
[ERROR - 2025-10-22 08:43:17,271 - Worker_3] Status code == 404 for http://guia.uol.com.br/belo-horizonte/noticias/2014/07/22/sergio-britto-apresenta-sua-vertente-bossa-nova-nesta-quinta-24-em-bh.htm, skipping...
[ERROR - 2025-10-22 08:43:24,327 - Worker_4] Status code == 404 for http://futebol.placar.esporte.uol.com.br/futebol/copa-do-brasil/2014/07/23/avai-x-palmeiras.htm, skipping...
[ERROR - 2025-10-22 08:43:25,961 - Worker_1] Status code == 403 for http://colunaesplanada.blogosfera.uol.com.br/2014/07/23/procuradora-do-rio-e-favorita-para-vaga-de-barbosa/, skipping...
[ERROR - 2025-10-22 08:43:35,362 - Worker_4] Status code == 403 for http://blogdoneto.blogosfera.uol.com.br/2014/07/23/salarios-atrasados-atormentam-jogadores-do-tricolor/, skipping...
[ERROR - 2025-10-22 08:43:39,939 - Worker_1] Status code == 403 for http://cornetafc.blogosfera.uol.com.br/2014/07/23/deivid-auxiliar-de-luxemburgo-vai-dar-treino-de-finalizacao/, skipping...
[ERROR - 2025-10-22 08:43:44,335 - Worker_4] Status code == 403 for http://uolesportevetv.blogosfera.uol.com.br/2014/07/23/antigo-desafeto-alex-escobar-revela-que-encontrou-dunga-e-pediu-um-abraco/, skipping...
[ERROR - 2025-10-22 08:43:53,468 - Worker_2] Status code == 404 for http://guia.uol.com.br/sao-paulo/teatro/noticias/2014/07/22/monologo-com-nathalia-timberg-inaugura-teatro-em-sp-ha-ingressos.htm, skipping...
[ERROR - 2025-10-22 08:43:58,490 - Worker_4] Status code == 403 for http://noticias.uol.com.br/midiaglobal/lemonde/2014/07/24/celebridades-devem-desconfiar-antes-de-fazer-publicidade.htm, skipping...
[ERROR - 2025-10-22 08:44:00,938 - Worker_0] Status code == 404 for http://guia.uol.com.br/brasilia/noticias/2014/07/22/mostra-reune-obras-inspiradas-na-artista-mexicana-frida-kahlo.htm, skipping...
[ERROR - 2025-10-22 08:44:01,980 - Worker_1] Status code == 403 for http://noticias.uol.com.br/cotidiano/ultimas-noticias/2014/07/24/apos-decisao-de-desembargador-tres-ativistas-deixam-presidio-no-rio.htm, skipping...
[ERROR - 2025-10-22 08:44:05,017 - Worker_0] Status code == 403 for http://noticias.uol.com.br/ultimas-noticias/reuters/2014/07/24/primeiro-comboio-de-ajuda-da-onu-entra-na-siria-sem-consentimento-do-governo.htm, skipping...
[ERROR - 2025-10-22 08:44:05,255 - Worker_2] Status code == 403 for http://noticias.uol.com.br/internacional/ultimas-noticias/2014/07/24/imagens-aereas-mostram-costa-concordia-sendo-rebocado-na-italia.htm, skipping...
[ERROR - 2025-10-22 08:44:09,540 - Worker_4] Status code == 403 for http://noticias.uol.com.br/album/album-do-dia/2014/07/23/imagens-do-dia---23-de-julho-de-2014.htm?abrefoto=29, skipping...
[ERROR - 2025-10-22 08:44:11,622 - Worker_2] Status code == 403 for http://noticias.uol.com.br/internacional/ultimas-noticias/2014/07/24/destrocos-de-aviao-da-argelia-que-estava-desaparecido-sao-encontrados-no-mali.htm, skipping...
[ERROR - 2025-10-22 08:44:15,581 - Worker_1] Status code == 403 for http://noticias.uol.com.br/internacional/ultimas-noticias/2014/07/24/equipes-de-buscas-pelo-voo-ah5017-acham-corpos-em-destrocos-do-aviao-no-mali.htm, skipping...
[ERROR - 2025-10-22 08:44:20,116 - Worker_1] Status code == 403 for http://achadoseconomicos.blogosfera.uol.com.br/2014/07/24/mundo-tem-15-bilhao-de-pessoas-na-pobreza-diz-estudo-da-onu/, skipping...
[ERROR - 2025-10-22 08:44:24,196 - Worker_1] Status code == 403 for http://noticias.uol.com.br/midiaglobal/nytimes/2014/07/24/turquia-pode-ensinar-israel-a-acabar-com-o-terror.htm, skipping...
[ERROR - 2025-10-22 08:44:29,420 - Worker_1] Status code == 403 for http://noticias.uol.com.br/internacional/ultimas-noticias/2014/07/24/rebeldes-pro-russia-impedem-buscas-por-mais-corpos-de-vitimas-do-mh17.htm, skipping...
[ERROR - 2025-10-22 08:44:33,574 - Worker_1] Status code == 403 for http://noticias.uol.com.br/internacional/ultimas-noticias/2014/07/24/cartao-de-credito-de-passageiro-do-mh17-foi-usado-na-ucrania-dizem-parentes.htm, skipping...
[ERROR - 2025-10-22 08:44:38,036 - Worker_2] Status code == 403 for http://noticias.uol.com.br/ciencia/ultimas-noticias/efe/2014/07/24/brasil-garante-participacao-em-um-dos-maiores-telescopios-do-mundo.htm, skipping...
[ERROR - 2025-10-22 08:44:39,743 - Worker_0] Status code == 403 for http://doutorjairo.blogosfera.uol.com.br/2014/07/24/usar-a-tv-e-o-computador-para-relaxar-traz-sensacao-de-culpa-diz-estudo/, skipping...
[ERROR - 2025-10-22 08:44:45,768 - Worker_4] Status code == 403 for http://noticias.uol.com.br/midiaglobal/elpais/2014/07/23/exposicao-mostra-grandes-icones-espanhois-em-retratos-de-schommer.htm, skipping...
[ERROR - 2025-10-22 08:44:49,490 - Worker_0] Status code == 403 for http://noticias.uol.com.br/cotidiano/ultimas-noticias/2014/07/24/eliza-samudio-esta-enterrada-perto-do-aeroporto-em-mg-diz-primo-de-bruno.htm, skipping...
[ERROR - 2025-10-22 08:44:49,951 - Worker_4] Status code == 403 for http://achadoseconomicos.blogosfera.uol.com.br/2014/07/24/bolsa-familia-e-exemplo-de-politica-em-que-todos-ganham-diz-estudo-da-onu/, skipping...
[ERROR - 2025-10-22 08:44:52,638 - Worker_1] Status code == 404 for http://guia.uol.com.br/curitiba/noticias/2014/07/24/em-busca-de-distracao-para-as-criancas-veja-tres-espetaculos-em-curitiba.htm, skipping...
[ERROR - 2025-10-22 08:44:54,244 - Worker_4] Status code == 404 for http://charges.uol.com.br/2014/07/24/cotidiano-pra-conquistar-sao-paulo/, skipping...
[ERROR - 2025-10-22 08:44:54,681 - Worker_2] Status code == 403 for http://noticias.uol.com.br/ultimas-noticias/bbc/2014/07/24/familia-de-jean-charles-considera-entrar-com-acao-contra-policia-londrina.htm, skipping...
[ERROR - 2025-10-22 08:44:56,792 - Worker_1] Status code == 403 for http://noticias.uol.com.br/tabloide/album/2014/01/06/os-recordes-e-tentativas-de-2014.htm?abrefoto=112, skipping...
[ERROR - 2025-10-22 08:44:58,967 - Worker_2] Status code == 404 for http://futebol.placar.esporte.uol.com.br/futebol/copa-do-brasil/2014/07/24/sport-x-paysandu.htm, skipping...
[ERROR - 2025-10-22 08:45:18,049 - Worker_2] Status code == 404 for http://guia.uol.com.br/rio-de-janeiro/teatro/noticias/2014/07/23/musical-do-classico-a-bela-e-a-fera-estreia-no-rio-nesta-sexta-25.htm, skipping...
[ERROR - 2025-10-22 08:45:22,182 - Worker_2] Status code == 403 for http://noticias.uol.com.br/ultimas-noticias/agencia-estado/2014/07/24/rio-traicao-amorosa-de-ativistas-ajudou-na-investigacao.htm, skipping...
[ERROR - 2025-10-22 08:45:38,737 - Worker_2] Status code == 403 for http://rodrigomattos.blogosfera.uol.com.br/2014/07/24/em-reuniao-com-dilma-clubes-querem-debater-todo-futebol-nao-so-dividas/, skipping...
[ERROR - 2025-10-22 08:45:54,766 - Worker_1] Status code == 403 for http://noticias.uol.com.br/ultimas-noticias/reuters/2014/07/25/russia-diz-que-ucrania-tentou-matar-oficiais-em-bombardeio-na-fronteira.htm, skipping...
[ERROR - 2025-10-22 08:45:55,168 - Worker_2] Status code == 403 for http://noticias.uol.com.br/ciencia/ultimas-noticias/afp/2014/07/24/pegadas-sugerem-que-tiranossauros-eram-animais-gregarios.htm, skipping...
[ERROR - 2025-10-22 08:45:56,160 - Worker_0] Status code == 403 for http://noticias.uol.com.br/midiaglobal/nytimes/2014/07/25/seguranca-alimentar-ainda-enfrenta-enormes-obstaculos-na-china.htm, skipping...
[ERROR - 2025-10-22 08:46:05,124 - Worker_0] Status code == 403 for http://noticias.uol.com.br/internacional/ultimas-noticias/2014/07/24/animacao-mostra-conflito-na-palestina-sob-a-otica-de-israel.htm, skipping...
[ERROR - 2025-10-22 08:46:14,268 - Worker_2] Status code == 404 for http://guia.uol.com.br/brasilia/noticias/2014/07/24/banda-paulistana-bixiga-70-se-apresenta-neste-sabado-26-e-domingo-27.htm, skipping...
[ERROR - 2025-10-22 08:46:18,751 - Worker_2] Status code == 403 for http://uolesporte.blogosfera.uol.com.br/2014/07/25/goleiro-que-parou-o-brasil-na-copa-esta-desempregado-e-malhando-sozinho/, skipping...
[ERROR - 2025-10-22 08:46:23,640 - Worker_2] Status code == 404 for http://esporte.uol.com.br/f1/ultimas-noticias/2014/07/25/revolucao-da-williams-em-2014-tem-um-responsavel-e-ele-gosta-de-massa.htm, skipping...
[ERROR - 2025-10-22 08:46:28,516 - Worker_3] Status code == 403 for http://blogdoneto.blogosfera.uol.com.br/2014/07/25/onde-o-flamengo-quer-parar/, skipping...
[ERROR - 2025-10-22 08:46:37,499 - Worker_3] Status code == 403 for http://noticias.uol.com.br/cotidiano/ultimas-noticias/2014/07/25/mp-apura-desmonte-de-carro-usado-por-pms-suspeitos-de-matar-menor-no-rio.htm, skipping...
[ERROR - 2025-10-22 08:46:41,661 - Worker_4] Status code == 403 for http://blogdojuca.uol.com.br/2014/07/um-desastre-chamado-mauricio-assuncao/, skipping...
[ERROR - 2025-10-22 08:46:48,234 - Worker_1] Status code == 403 for http://noticias.uol.com.br/ultimas-noticias/afp/2014/07/25/aviao-canadense-da-meia-volta-devido-a-ameaca-de-passageiro.htm, skipping...
[ERROR - 2025-10-22 08:46:52,827 - Worker_4] Status code == 403 for http://noticias.uol.com.br/internacional/ultimas-noticias/2014/07/25/kerry-diz-que-ainda-confia-que-proposta-de-cessar-fogo-de-uma-semana-sera-aceita.htm, skipping...
[ERROR - 2025-10-22 08:46:55,032 - Worker_2] Status code == 404 for http://guia.uol.com.br/sao-paulo/bares/noticias/2014/07/25/rota-da-cerveja-veja-tres-eventos-para-fas-da-bebida-neste-fim-de-semana.htm, skipping...
[ERROR - 2025-10-22 08:46:56,855 - Worker_0] Status code == 403 for http://noticias.uol.com.br/midiaglobal/lemonde/2014/07/25/franca-deve-combater-a-banalizacao-de-um-novo-antissemitismo.htm, skipping...
[ERROR - 2025-10-22 08:46:56,984 - Worker_4] Status code == 403 for http://noticias.uol.com.br/cotidiano/ultimas-noticias/2014/07/25/apos-3-horas-policia-de-mg-encerra-buscas-pelo-corpo-de-eliza-samudio.htm, skipping...
[ERROR - 2025-10-22 08:46:59,246 - Worker_3] Status code == 404 for http://guia.uol.com.br/belo-horizonte/noticias/2014/07/25/musical-sobre-vida-de-cassia-eller-chega-a-bh-em-agosto-ingressos-a-r-10.htm, skipping...
[ERROR - 2025-10-22 08:46:59,275 - Worker_2] Status code == 403 for http://uolesporte.blogosfera.uol.com.br/2014/07/25/astro-da-nba-decide-vender-sua-mansao-basta-pagar-r-32-milhoes, skipping...
[ERROR - 2025-10-22 08:47:00,997 - Worker_0] Status code == 403 for http://noticias.uol.com.br/ultimas-noticias/agencia-estado/2014/07/25/estacao-adolfo-pinheiro-tera-operacao-integral-em-agosto.htm, skipping...
[ERROR - 2025-10-22 08:47:03,448 - Worker_2] Status code == 403 for http://noticias.uol.com.br/album/album-do-dia/2014/07/25/imagens-do-dia---25-de-julho-de-2014.htm?abrefoto=41, skipping...
[ERROR - 2025-10-22 08:47:04,839 - Worker_1] Status code == 403 for http://noticias.uol.com.br/ultimas-noticias/agencia-estado/2014/07/24/rio-traicao-amorosa-de-ativistas-ajudou-na-investigacao.htm, skipping...
[ERROR - 2025-10-22 08:47:09,135 - Worker_1] Status code == 403 for http://combaterock.blogosfera.uol.com.br/2014/07/25/rolling-stones-na-arena-corinthians/, skipping...
[ERROR - 2025-10-22 08:47:22,507 - Worker_2] Status code == 404 for http://guia.uol.com.br/rio-de-janeiro/cinema/noticias/2014/07/22/ao-lado-da-exposicao-de-dali-ccbb-exibe-filmes-do-movimento-surrealista.htm, skipping...
[ERROR - 2025-10-22 08:47:22,631 - Worker_1] Status code == 403 for http://noticias.uol.com.br/ciencia/ultimas-noticias/afp/2014/07/24/em-2012-terra-se-salvou-por-pouco-de-forte-tempestade-solar.htm, skipping...
[ERROR - 2025-10-22 08:47:23,705 - Worker_3] Status code == 404 for http://guia.uol.com.br/curitiba/restaurantes/noticias/2014/07/25/coxinha-de-pato-e-destaque-no-cardapio-da-feira-alto-juveve-gastronomia.htm, skipping...
[ERROR - 2025-10-22 08:47:31,601 - Worker_2] Status code == 403 for http://noticias.uol.com.br/saude/ultimas-noticias/redacao/2014/07/25/anvisa-proibe-venda-de-suplemento-proteico-para-atletas.htm, skipping...
[ERROR - 2025-10-22 08:47:35,681 - Worker_2] Status code == 403 for http://noticias.uol.com.br/ultimas-noticias/agencia-estado/2014/07/25/sininho-queria-se-exilar-na-inglaterra-mostra-inquerito.htm, skipping...
[ERROR - 2025-10-22 08:47:37,722 - Worker_3] Status code == 403 for http://fernandorodrigues.blogosfera.uol.com.br/2014/07/25/sucesso-de-dilma-deteriora-economia-diz-santander-a-clientes-ricos/, skipping...
[ERROR - 2025-10-22 08:47:37,767 - Worker_0] Status code == 404 for http://guia.uol.com.br/rio-de-janeiro/shows/noticias/2014/07/21/monica-salmaso-faz-tributo-a-vinicius-de-moraes-no-teatro-rival.htm, skipping...
[ERROR - 2025-10-22 08:47:41,543 - Worker_4] Failed to connect with http://tododjjasambou.virgula.uol.com.br/2014/07/criador-da-musica-eletronica-moderna-giorgio-moroder-toca-em-sao-paulo-na-skol-beats-factory/ after 3 attempts, skipping...
[ERROR - 2025-10-22 08:47:41,844 - Worker_0] Status code == 403 for http://noticias.uol.com.br/cotidiano/ultimas-noticias/2014/07/25/justica-do-rio-determina-que-xerifa-da-rocinha-retorne-a-prisao.htm, skipping...
[ERROR - 2025-10-22 08:47:46,171 - Worker_3] Status code == 403 for http://noticias.uol.com.br/ultimas-noticias/afp/2014/07/25/ucrania-mergulhada-no-conflito-armado-enfrenta-agora-crise-politica.htm, skipping...
[ERROR - 2025-10-22 08:47:49,183 - Worker_1] Status code == 403 for http://blogdosakamoto.blogosfera.uol.com.br/2014/07/25/voce-e-daquelas-pessoas-que-so-tem-amigos-que-concordam-com-elas/, skipping...
[ERROR - 2025-10-22 08:47:50,333 - Worker_3] Status code == 403 for http://noticias.uol.com.br/ultimas-noticias/efe/2014/07/26/holanda-encerra-semana-negra-com-chegada-dos-ultimos-corpos-do-voo-mh17.htm, skipping...
[ERROR - 2025-10-22 08:47:52,998 - Worker_0] Status code == 403 for http://noticias.uol.com.br/opiniao/coluna/2014/07/26/parques-de-diversoes-conseguem-alvara-mesmo-sem-seguir-normas-de-seguranca.htm, skipping...
[ERROR - 2025-10-22 08:47:53,256 - Worker_1] Status code == 403 for http://noticias.uol.com.br/ultimas-noticias/redacao/2014/07/25/veja-as-frases-da-semana.htm, skipping...
[ERROR - 2025-10-22 08:47:54,344 - Worker_4] Status code == 403 for http://josiasdesouza.blogosfera.uol.com.br/2014/07/26/cartolagem-invadiu-a-pequena-area-do-tesouro/, skipping...
[ERROR - 2025-10-22 08:47:57,342 - Worker_1] Status code == 403 for http://noticias.uol.com.br/cotidiano/ultimas-noticias/2014/07/26/sul-volta-a-registrar-temperaturas-negativas-previsao-e-de-mais-frio.htm, skipping...
[ERROR - 2025-10-22 08:48:03,078 - Worker_0] Failed to connect with http://procurasecachorro.uol.com.br/blog/2014/07/video-filhote-de-pitbull-se-ajeita-para-dormir-com-bebe/ after 3 attempts, skipping...
[ERROR - 2025-10-22 08:48:04,482 - Worker_4] Failed to connect with http://natelinha.ne10.uol.com.br/novelas/2014/07/26/imperio-bebado-elivaldo-coloca-fogo-no-camelodromo-e-e-preso-77690.php after 3 attempts, skipping...
[ERROR - 2025-10-22 08:48:06,639 - Worker_3] Status code == 403 for http://noticias.uol.com.br/internacional/ultimas-noticias/2014/07/26/holandes-e-a-primeira-vitima-do-mh17-a-ser-identificada.htm, skipping...
[ERROR - 2025-10-22 08:48:10,997 - Worker_3] Status code == 404 for http://charges.uol.com.br/2014/07/25/cotidiano-explicando-ao-grupo/, skipping...
[ERROR - 2025-10-22 08:48:12,544 - Worker_0] Status code == 403 for http://noticias.uol.com.br/internacional/ultimas-noticias/2014/07/26/primeira-guerra-fez-imperios-sumirem-confira-mapa-antes-e-depois-do-conflito.htm, skipping...
[ERROR - 2025-10-22 08:48:12,935 - Worker_4] Status code == 403 for http://noticias.uol.com.br/politica/ultimas-noticias/2014/07/26/paes-vai-investigar-contratos-firmados-por-ex-secretario-suspeito-de-receber-mesada-de-ong.htm, skipping...
[ERROR - 2025-10-22 08:48:16,421 - Worker_1] Status code == 404 for http://guia.uol.com.br/brasilia/noticias/2014/07/22/festival-celebra-as-mulheres-negras-com-oficinas-e-show-de-elza-soares.htm, skipping...
[ERROR - 2025-10-22 08:48:16,758 - Worker_0] Status code == 403 for http://noticias.uol.com.br/midiaglobal/lemonde/2014/07/26/cristaos-dizem-que-foram-expulsos-de-forma-fria-e-implacavel-de-mossul.htm, skipping...
[ERROR - 2025-10-22 08:48:18,738 - Worker_2] Status code == 403 for http://noticias.uol.com.br/ultimas-noticias/agencia-estado/2014/07/26/dois-homens-morrem-no-rio-apos-tiroteio-com-policiais.htm, skipping...
[ERROR - 2025-10-22 08:48:20,930 - Worker_0] Status code == 403 for http://noticias.uol.com.br/ultimas-noticias/afp/2014/07/26/ao-menos-40-detidos-em-manifestacao-pro-palestina-em-paris.htm, skipping...
[ERROR - 2025-10-22 08:48:22,897 - Worker_2] Status code == 403 for http://noticias.uol.com.br/album/album-do-dia/2014/07/26/imagens-do-dia---26-de-julho-de-2014.htm?abrefoto=13, skipping...
[ERROR - 2025-10-22 08:48:22,940 - Worker_1] Status code == 404 for http://futebol.placar.esporte.uol.com.br/futebol/amistosos/2014/07/26/internazionale-x-real-madrid.htm, skipping...
[ERROR - 2025-10-22 08:48:27,123 - Worker_1] Status code == 403 for http://noticias.uol.com.br/ultimas-noticias/agencia-estado/2014/07/24/rio-traicao-amorosa-de-ativistas-ajudou-na-investigacao.htm, skipping...
[ERROR - 2025-10-22 08:48:30,962 - Worker_0] Failed to connect with http://natelinha.ne10.uol.com.br/novelas/2014/07/26/romance-lesbico-octogenario-de-babilonia-ja-repercute-no-peru-77681.php after 3 attempts, skipping...
[ERROR - 2025-10-22 08:48:37,033 - Worker_1] Status code == 403 for http://noticias.uol.com.br/ultimas-noticias/agencia-estado/2014/07/25/fiel-a-pe-nao-tera-acesso-a-templo-da-universal.htm, skipping...
[ERROR - 2025-10-22 08:48:37,195 - Worker_3] Status code == 403 for http://noticias.uol.com.br/internacional/ultimas-noticias/2014/07/26/israel-aprova-nova-tregua-humanitaria-de-24-horas-proposta-pela-onu.htm, skipping...
[ERROR - 2025-10-22 08:48:45,574 - Worker_3] Status code == 403 for http://noticias.uol.com.br/ultimas-noticias/agencia-estado/2014/07/26/policia-prende-bolacha-chefe-do-trafico-do-vidigal.htm, skipping...
[ERROR - 2025-10-22 08:48:47,594 - Worker_4] Status code == 404 for http://guia.uol.com.br/belo-horizonte/noticias/2014/07/16/exposicao-traz-100-gravuras-de-salvador-dali-inspiradas-na-divina-comedia.htm, skipping...
[ERROR - 2025-10-22 08:48:49,023 - Worker_2] Status code == 403 for http://blogdoteojose.blogosfera.uol.com.br/2014/07/26/azar-de-um-lado-e-caminho-aberto-de-outro/, skipping...
[ERROR - 2025-10-22 08:48:53,029 - Worker_0] Status code == 404 for http://esporte.uol.com.br/f1/ultimas-noticias/2014/07/26/desta-vez-nao-sera-facil-para-rosberg-conquistar-nova-vitoria.htm, skipping...
[ERROR - 2025-10-22 08:48:53,209 - Worker_2] Status code == 403 for http://noticias.uol.com.br/internacional/ultimas-noticias/2014/07/26/canadense-preso-por-ameaca-de-bomba-em-aviao-tem-problemas-mentais-diz-pai.htm, skipping...
[ERROR - 2025-10-22 08:49:03,254 - Worker_2] Failed to connect with http://natelinha.ne10.uol.com.br/novelas/2014/07/26/chay-suede-nega-que-tenha-dito-que-imperio-e-sua-primeira-novela-77674.php after 3 attempts, skipping...
[ERROR - 2025-10-22 08:49:06,737 - Worker_4] Status code == 404 for http://guia.uol.com.br/rio-de-janeiro/teatro/noticias/2014/07/23/musical-do-classico-a-bela-e-a-fera-estreia-no-rio-nesta-sexta-25.htm, skipping...
[ERROR - 2025-10-22 08:49:07,784 - Worker_2] Status code == 403 for http://uolesporte.blogosfera.uol.com.br/2014/07/26/a-copa-ja-acabou-faz-tempo-mas-podolski-continua-brasileiro/, skipping...
[ERROR - 2025-10-22 08:49:14,315 - Worker_3] Status code == 404 for http://guia.uol.com.br/curitiba/noticias/2014/07/24/em-busca-de-distracao-para-as-criancas-veja-tres-espetaculos-em-curitiba.htm, skipping...
[ERROR - 2025-10-22 08:49:18,499 - Worker_3] Status code == 403 for http://noticias.uol.com.br/internacional/ultimas-noticias/2014/07/26/minha-filha-nao-morreu-diz-mae-de-vitima-do-mh17-ao-visitar-destrocos.htm, skipping...
[ERROR - 2025-10-22 08:49:21,225 - Worker_2] Status code == 403 for http://colunaesplanada.blogosfera.uol.com.br/2014/07/26/julgamento-de-argentinos-presos-na-copa-abre-crise-diplomatica/, skipping...
[ERROR - 2025-10-22 08:49:22,652 - Worker_3] Status code == 403 for http://noticias.uol.com.br/tabloide/album/2014/01/06/os-recordes-e-tentativas-de-2014.htm?abrefoto=120, skipping...
[ERROR - 2025-10-22 08:49:31,635 - Worker_0] Status code == 403 for http://noticias.uol.com.br/internacional/ultimas-noticias/the-new-york-times/2014/07/26/templo-evangelico-de-r-680-mi-no-brasil-faz-cristo-no-rio-parecer-penduricalho.htm, skipping...
[ERROR - 2025-10-22 08:49:32,541 - Worker_3] Status code == 403 for http://noticias.uol.com.br/ultimas-noticias/efe/2014/07/26/braco-armado-do-hamas-assume-lancamento-de-foguetes-contra-israel.htm, skipping...
[ERROR - 2025-10-22 08:49:35,883 - Worker_0] Status code == 403 for http://mauriciostycer.blogosfera.uol.com.br/2014/07/26/arena-sbt-nao-consegue-patrocinio-e-sai-do-ar-sem-direito-a-despedida/, skipping...
[ERROR - 2025-10-22 08:49:39,086 - Worker_4] Status code == 403 for http://noticias.uol.com.br/midiaglobal/lemonde/2014/07/26/mac-orlan-e-o-misterio-dos-baus-macabros.htm, skipping...
[ERROR - 2025-10-22 08:49:40,071 - Worker_0] Status code == 403 for http://noticias.uol.com.br/midiaglobal/elpais/2014/07/26/galicia-revive-a-tragedia-do-trem-alvia-entre-protestos.htm, skipping...
[ERROR - 2025-10-22 08:49:47,279 - Worker_3] Status code == 403 for http://noticias.uol.com.br/internacional/ultimas-noticias/2014/07/27/israel-nega-culpa-por-16-mortes-em-escola-da-onu-usada-como-abrigo-em-gaza.htm, skipping...
[ERROR - 2025-10-22 08:49:51,556 - Worker_0] Status code == 403 for http://noticias.uol.com.br/midiaglobal/nytimes/2014/07/27/africanos-enfrentam-o-futuro-com-mais-dinheiro-no-bolso.htm, skipping...
[ERROR - 2025-10-22 08:50:02,683 - Worker_2] Status code == 403 for http://liviooricchio.blogosfera.uol.com.br/2014/07/27/ha-logica-sim-na-formula-1/, skipping...
[ERROR - 2025-10-22 08:50:05,578 - Worker_0] Status code == 403 for http://noticias.uol.com.br/midiaglobal/nytimes/2014/07/27/observar-o-ramada-e-uma-mistura-de-rituais-para-muculmanos-em-nova-york.htm, skipping...
[ERROR - 2025-10-22 08:50:10,581 - Worker_0] Status code == 404 for http://esporte.uol.com.br/f1/ultimas-noticias/2014/07/27/hamilton-se-diz-chocado-com-ordem-da-mercedes-e-reclama-estranha.htm, skipping...
[ERROR - 2025-10-22 08:50:14,697 - Worker_0] Status code == 403 for http://noticias.uol.com.br/ultimas-noticias/redacao/2014/07/27/alemao-mantem-museu-das-grandes-guerras-no-es-avaliado-em-r-18-milhao.htm, skipping...
[ERROR - 2025-10-22 08:50:18,864 - Worker_4] Status code == 403 for http://blogdojuca.uol.com.br/2014/07/fla-vence-a-pelada-do-maracana-show-de-horrores/, skipping...
[ERROR - 2025-10-22 08:50:37,962 - Worker_4] Status code == 404 for http://guia.uol.com.br/curitiba/noticias/2014/07/27/festival-de-inverno-de-curitiba-tem-opcoes-de-cultura-e-gastronomia.htm, skipping...
[ERROR - 2025-10-22 08:50:47,010 - Worker_4] Status code == 403 for http://noticias.uol.com.br/saude/ultimas-noticias/estado/2014/07/27/80-dos-hospitais-filantropicos-operam-no-vermelho.htm, skipping...
[ERROR - 2025-10-22 08:50:55,697 - Worker_0] Status code == 403 for http://noticias.uol.com.br/ultimas-noticias/afp/2014/07/27/imagens-de-satelites-provam-que-artilharia-russa-dispara-contra-ucrania-eua.htm, skipping...
[ERROR - 2025-10-22 08:50:57,144 - Worker_4] Failed to connect with http://natelinha.ne10.uol.com.br/novelas/2014/07/22/imperio-cora-humilha-eliane-a-beira-da-morte-covarde-fraca-burra-77502.php after 3 attempts, skipping...
[ERROR - 2025-10-22 08:50:58,208 - Worker_1] Failed to connect with http://natelinha.ne10.uol.com.br/mulher/2014/07/26/livrese-do-estresse-diario-praticando-yoga-77686.php after 3 attempts, skipping...
[ERROR - 2025-10-22 08:51:10,504 - Worker_4] Status code == 403 for http://noticias.uol.com.br/midiaglobal/nytimes/2014/07/27/museu-do-11-de-setembro-atrai-multidoes-em-nova-york.htm, skipping...
[ERROR - 2025-10-22 08:51:14,615 - Worker_4] Status code == 403 for http://noticias.uol.com.br/ultimas-noticias/reuters/2014/07/27/sem-televisao-moradores-de-povoado-na-ucrania-assistem-fogos-de-artificio-a-noite.htm, skipping...
[ERROR - 2025-10-22 08:51:14,807 - Worker_0] Status code == 403 for http://noticias.uol.com.br/ciencia/ultimas-noticias/bbc/2014/07/27/estatua-descoberta-por-nazistas-e-feita-de-meteorito.htm, skipping...
[ERROR - 2025-10-22 08:51:15,337 - Worker_1] Status code == 404 for http://esporte.uol.com.br/f1/ultimas-noticias/2014/07/27/massa-bem-mais-relaxado-diz-da-importancia-do-quinto-lugar-na-hungria.htm, skipping...
[ERROR - 2025-10-22 08:51:18,898 - Worker_0] Status code == 403 for http://noticias.uol.com.br/ultimas-noticias/efe/2014/07/27/caixas-pretas-do-aviao-da-swiftair-devem-chegar-amanha-a-franca.htm, skipping...
[ERROR - 2025-10-22 08:51:19,517 - Worker_2] Status code == 403 for http://blogdomenon.blogosfera.uol.com.br/2014/07/27/sao-paulo-ainda-em-construcao-melhor-fechar-para-balanco/, skipping...
[ERROR - 2025-10-22 08:51:23,001 - Worker_0] Status code == 404 for http://guia.uol.com.br/sao-paulo/shows/noticias/2014/07/27/programe-se-fabio-jr-elza-soares-e-gal-costa-fazem-shows-nesta-semana.htm, skipping...
[ERROR - 2025-10-22 08:51:29,710 - Worker_1] Status code == 403 for http://noticias.uol.com.br/ultimas-noticias/agencia-estado/2014/07/27/policia-prende-em-bangu-um-dos-maiores-ladroes-do-pais.htm, skipping...
[ERROR - 2025-10-22 08:51:48,395 - Worker_4] Status code == 403 for http://noticias.uol.com.br/internacional/ultimas-noticias/2014/07/27/hamas-nao-respeita-cessar-fogo-e-israel-vai-continuar-com-ataques-diz-netanyahu.htm, skipping...
[ERROR - 2025-10-22 08:51:48,796 - Worker_1] Status code == 404 for http://guia.uol.com.br/curitiba/noticias/2014/07/24/em-busca-de-distracao-para-as-criancas-veja-tres-espetaculos-em-curitiba.htm, skipping...
[ERROR - 2025-10-22 08:51:57,044 - Worker_2] Status code == 301 for http://eleicoes.uol.com.br/2014/noticias/2014/07/27/candidatos-apresentam-programas-superficiais-criticam-cientistas-politicos.htm, skipping...
[ERROR - 2025-10-22 08:52:05,458 - Worker_0] Status code == 404 for http://esporte.uol.com.br/f1/ultimas-noticias/2014/07/27/diretor-da-mercedes-lauda-defende-hamilton-por-ter-reclamado-da-equipe.htm, skipping...
[ERROR - 2025-10-22 08:52:14,762 - Worker_1] Status code == 404 for http://guia.uol.com.br/brasilia/noticias/2014/07/23/cine-brasilia-recebe-retrospectiva-completa-das-obras-de-fritz-lang.htm, skipping...
[ERROR - 2025-10-22 08:52:28,796 - Worker_1] Status code == 403 for http://uolesporte.blogosfera.uol.com.br/2014/07/28/miranda-erra-feio-na-cavadinha-e-perde-penalti-no-atletico-de-madri/, skipping...
[ERROR - 2025-10-22 08:52:29,783 - Worker_3] Status code == 403 for http://blogdojuca.uol.com.br/2014/07/e-voce-ja-escolheu-o-seu-lado/, skipping...
[ERROR - 2025-10-22 08:52:40,850 - Worker_2] Status code == 404 for http://guia.uol.com.br/brasilia/noticias/2014/07/22/mostra-reune-obras-inspiradas-na-artista-mexicana-frida-kahlo.htm, skipping...
[ERROR - 2025-10-22 08:52:50,859 - Worker_4] Status code == 404 for http://guia.uol.com.br/sao-paulo/exposicoes/noticias/2014/07/28/longas-filas-marcam-exposicoes-em-sp-yayoi-kusama-teve-publico-de-500-mil.htm, skipping...
[ERROR - 2025-10-22 08:52:56,058 - Worker_3] Status code == 404 for http://guia.uol.com.br/belo-horizonte/restaurantes/noticias/2014/07/23/receitas-familiares-sao-destaques-em-restaurantes-e-cafes-de-bh.htm, skipping...
[ERROR - 2025-10-22 08:53:07,788 - Worker_2] Status code == 403 for http://noticias.uol.com.br/meio-ambiente/ultimas-noticias/redacao/2014/07/28/italia-enfrenta-invasao-de-javalis-radioativos-quase-30-anos-apos-chernobyl.htm, skipping...
[ERROR - 2025-10-22 08:53:18,274 - Worker_4] Status code == 403 for http://noticias.uol.com.br/cotidiano/ultimas-noticias/2014/07/28/dado-como-morto-idoso-aparece-no-proprio-enterro-no-piaui.htm, skipping...
[ERROR - 2025-10-22 08:53:19,359 - Worker_0] Status code == 403 for http://noticias.uol.com.br/ciencia/ultimas-noticias/bbc/2014/07/28/extincao-de-dinossauros-foi-azar-diz-estudo.htm, skipping...
[ERROR - 2025-10-22 08:53:21,731 - Worker_2] Status code == 403 for http://noticias.uol.com.br/ciencia/album/2014/07/01/veja-imagens-de-ciencia-do-mes-julho2014.htm?abrefoto=74, skipping...
[ERROR - 2025-10-22 08:53:25,120 - Worker_4] Status code == 403 for http://noticias.uol.com.br/ultimas-noticias/reuters/2014/07/28/caixa-preta-revela-que-explosiva-descompressao-macica-derrubou-aviao-diz-kiev.htm, skipping...
[ERROR - 2025-10-22 08:53:25,883 - Worker_2] Status code == 403 for http://noticias.uol.com.br/cotidiano/ultimas-noticias/2014/07/28/mae-confessa-morte-de-menino-encontrado-dentro-de-sofa-em-mg-diz-policia.htm, skipping...
[ERROR - 2025-10-22 08:53:25,965 - Worker_0] Status code == 404 for http://esporte.band.uol.com.br/futebol/brasileirao-serie-a/2014/noticia/?id=100000698142&t=torcedor-diz-que-nao-quebrou-cadeira-mas-admite-pagar, skipping...
[ERROR - 2025-10-22 08:53:30,495 - Worker_4] Status code == 404 for http://esporte.uol.com.br/f1/ultimas-noticias/2014/07/28/ordem-da-mercedes-e-galvao-protegendo-massa-as-frases-do-gp-da-hungria.htm, skipping...
[ERROR - 2025-10-22 08:53:34,675 - Worker_4] Status code == 403 for http://noticias.uol.com.br/ciencia/album/2014/07/01/veja-imagens-de-ciencia-do-mes-julho2014.htm?abrefoto=71, skipping...
[ERROR - 2025-10-22 08:53:44,793 - Worker_3] Status code == 403 for http://uolesporte.blogosfera.uol.com.br/2014/07/28/mulher-de-james-vira-alvo-de-criticas-sobre-beleza-e-da-recado, skipping...
[ERROR - 2025-10-22 08:53:48,942 - Worker_3] Status code == 403 for http://noticias.uol.com.br/midiaglobal/nytimes/2014/07/28/parlamento-da-ucrania-da-passo-em-direcao-a-eleicoes.htm, skipping...
[ERROR - 2025-10-22 08:53:50,839 - Worker_2] Status code == 403 for http://blogdoneto.blogosfera.uol.com.br/2014/07/28/rivalidade-excessiva-ou-vandalismo-idiota/, skipping...
[ERROR - 2025-10-22 08:53:53,027 - Worker_3] Status code == 403 for http://noticias.uol.com.br/internacional/ultimas-noticias/2014/07/28/preparam-se-para-uma-longa-ofensiva-diz-premie-israelense.htm, skipping...
[ERROR - 2025-10-22 08:53:57,381 - Worker_2] Status code == 403 for http://noticias.uol.com.br/ultimas-noticias/efe/2014/07/28/corpos-de-vitimas-do-voo-da-air-algerie-estao-pulverizados-diz-franca.htm, skipping...
[ERROR - 2025-10-22 08:53:59,665 - Worker_3] Status code == 403 for http://noticias.uol.com.br/ultimas-noticias/reuters/2014/07/28/eua-e-europa-entram-em-acordo-para-ampliar-sancoes-a-russia.htm, skipping...
[ERROR - 2025-10-22 08:54:04,945 - Worker_0] Status code == 403 for http://noticias.uol.com.br/ultimas-noticias/reuters/2014/07/28/museu-de-11-de-setembro-e-autorizado-a-exibir-viga-do-wtc-em-forma-de-cruz.htm, skipping...
[ERROR - 2025-10-22 08:54:09,128 - Worker_3] Status code == 403 for http://noticias.uol.com.br/ultimas-noticias/agencia-estado/2014/07/28/lavrador-tira-1-registro-de-nascimento-aos-98-anos.htm, skipping...
[ERROR - 2025-10-22 08:54:13,199 - Worker_3] Status code == 403 for http://noticias.uol.com.br/ultimas-noticias/bbc/2014/07/28/salasocial-desembargador-que-libertou-ativistas-diz-que-mp-reprime-pobres.htm, skipping...
[ERROR - 2025-10-22 08:54:15,026 - Worker_0] Failed to connect with http://natelinha.ne10.uol.com.br/novelas/2014/07/28/imperio-cristina-revela-para-jose-alfredo-que-e-sua-filha-saiba-como-77701.php after 3 attempts, skipping...
[ERROR - 2025-10-22 08:54:17,414 - Worker_3] Status code == 403 for http://colunaesplanada.blogosfera.uol.com.br/2014/07/27/no-paraguai-gleisi-atropelou-a-receita-e-saiu-como-heroina/, skipping...
[ERROR - 2025-10-22 08:54:39,358 - Worker_3] Status code == 502 for http://noticias.band.uol.com.br/eleicoes/2014/noticia/?id=100000698114&t=dr-rey-tenta-provar-ao-tre-que-e-alfabetizado-em-portugues, skipping...
[ERROR - 2025-10-22 08:54:46,032 - Worker_2] Status code == 403 for http://uolesportevetv.blogosfera.uol.com.br/2014/07/28/milton-neves-provoca-flamenguistas-com-lanterna-e-revolta-torcedores/, skipping...
[ERROR - 2025-10-22 08:54:59,902 - Worker_2] Status code == 404 for http://noticias.uol.com.br/midiaglobal/derspiegel/2014/07/29/a-paz-europeia-esta-em-risco-diz-ministro-alemao.htm, skipping...
[ERROR - 2025-10-22 08:55:24,115 - Worker_2] Status code == 404 for http://boaforma.uol.com.br/noticias/redacao/2014/07/29/mulher-de-alexandre-frota-mantem-a-forma-sem-cortar-o-carboidrato-a-noite.htm, skipping...
[ERROR - 2025-10-22 08:55:29,228 - Worker_0] Failed to connect with http://tnh1.ne10.uol.com.br/noticia/interior/2014/07/29/305357/mundo-da-leitura-chega-de-carroca-a-povoado-pobre-de-alagoas after 3 attempts, skipping...
[ERROR - 2025-10-22 08:55:46,008 - Worker_3] Status code == 403 for http://noticias.uol.com.br/internacional/ultimas-noticias/2014/07/29/eua-mulheres-escapam-de-atropelamento-por-trem-deitando-nos-trilhos.htm, skipping...
[ERROR - 2025-10-22 08:55:48,232 - Worker_1] Status code == 403 for http://blogdojuca.uol.com.br/2014/07/ronaldinho-gaucho-o-mal-bem-amado/, skipping...
[ERROR - 2025-10-22 08:55:51,594 - Worker_4] Status code == 403 for http://tecnologia.uol.com.br/album/2014/07/28/vaso-quebrado-papel-picado-e-muito-mais-donos-expoem-na-internet-as-travessuras-de-seus-gatos.htm?abrefoto=14, skipping...
[ERROR - 2025-10-22 08:55:52,967 - Worker_1] Status code == 404 for http://futebol.placar.esporte.uol.com.br/futebol/amistosos/2014/07/29/manchester-united-x-internazionale.htm, skipping...
[ERROR - 2025-10-22 08:55:55,776 - Worker_4] Status code == 403 for http://noticias.uol.com.br/ultimas-noticias/agencia-estado/2014/07/29/mp-rj-pede-reconsideracao-de-habeas-corpus-de-ativistas.htm, skipping...
[ERROR - 2025-10-22 08:55:56,096 - Worker_3] Failed to connect with http://natelinha.ne10.uol.com.br/noticias/2014/07/29/danilo-gentili-sobre-rafinha-bastos-ja-o-entrevistei-e-dei-emprego-ta-bom-77743.php after 3 attempts, skipping...
[ERROR - 2025-10-22 08:56:00,270 - Worker_3] Status code == 403 for http://noticias.uol.com.br/album/2014/06/11/charges.htm?abrefoto=42, skipping...
[ERROR - 2025-10-22 08:56:04,437 - Worker_3] Status code == 403 for http://noticias.uol.com.br/midiaglobal/the-international-new-york-times/2014/07/29/china-convive-com-poder-e-corrupcao-em-sua-transformacao.htm, skipping...
[ERROR - 2025-10-22 08:56:28,174 - Worker_3] Status code == 404 for http://guia.uol.com.br/rio-de-janeiro/teatro/noticias/2014/07/28/musical-opera-do-malandro-de-chico-buarque-tem-ingressos-a-venda.htm, skipping...
[ERROR - 2025-10-22 08:56:37,308 - Worker_1] Status code == 403 for http://tecnologia.uol.com.br/noticias/redacao/2014/07/28/monopod-bastao-para-camera-ajuda-a-encaixar-todos-amigos-em-selfies.htm, skipping...
[ERROR - 2025-10-22 08:56:38,469 - Worker_0] Status code == 404 for http://guia.uol.com.br/belo-horizonte/noticias/2014/07/16/exposicao-traz-100-gravuras-de-salvador-dali-inspiradas-na-divina-comedia.htm, skipping...
[ERROR - 2025-10-22 08:56:41,679 - Worker_1] Status code == 403 for http://fernandorodrigues.blogosfera.uol.com.br/2014/07/29/alckmin-omite-aecio-em-seu-jingle-de-campanha-em-sao-paulo/, skipping...
[ERROR - 2025-10-22 08:56:45,052 - Worker_0] Status code == 403 for http://uolesporte.blogosfera.uol.com.br/2014/07/28/mulher-de-james-vira-alvo-de-criticas-sobre-beleza-e-da-recado, skipping...
[ERROR - 2025-10-22 08:56:45,755 - Worker_1] Status code == 403 for http://noticias.uol.com.br/internacional/ultimas-noticias/2014/07/29/obama-amplia-sancoes-contra-russia-para-dar-fim-ao-conflito-na-ucrania.htm, skipping...
[ERROR - 2025-10-22 08:56:47,249 - Worker_3] Status code == 404 for http://guia.uol.com.br/curitiba/noticias/2014/07/21/chope-em-dobro-e-novidade-de-inverno-no-happy-hour-da-cervejaria-devassa.htm, skipping...
[ERROR - 2025-10-22 08:56:49,832 - Worker_1] Status code == 403 for http://noticias.uol.com.br/internacional/ultimas-noticias/2014/07/29/hamas-rejeita-novamente-tregua-sem-fim-dos-ataques-e-de-bloqueio-em-gaza.htm, skipping...
[ERROR - 2025-10-22 08:56:51,340 - Worker_3] Status code == 403 for http://noticias.uol.com.br/ultimas-noticias/afp/2014/07/29/queria-matar-alguem-para-ver-como-era-confessa-jovem-assassina-japonesa.htm, skipping...
[ERROR - 2025-10-22 08:57:02,280 - Worker_3] Status code == 403 for http://noticias.uol.com.br/tabloide/album/2014/04/23/voce-ja-viu-formas-de-arte-como-estas.htm?abrefoto=42, skipping...
[ERROR - 2025-10-22 08:57:04,138 - Worker_0] Status code == 404 for http://guia.uol.com.br/sao-paulo/teatro/noticias/2014/07/28/musical-o-rei-leao-anuncia-final-de-temporada-para-outubro.htm, skipping...
[ERROR - 2025-10-22 08:57:06,966 - Worker_2] Status code == 403 for http://tecnologia.uol.com.br/noticias/redacao/2014/07/29/golpe-enviado-por-e-mail-ameaca-bloquear-usuarios-do-whatsapp.htm, skipping...
[ERROR - 2025-10-22 08:57:10,711 - Worker_4] Status code == 403 for http://happyhour.blogosfera.uol.com.br/2014/07/29/google-e-a-empresa-mais-desejada-pelos-jovens-brasileiros-petrobras-e-a-2a/, skipping...
[ERROR - 2025-10-22 08:57:11,925 - Worker_1] Status code == 403 for http://noticias.uol.com.br/midiaglobal/elpais/2014/07/29/com-desocupacao-de-maior-favela-do-mundo-governo-da-venezuela-quer-se-afastar-das-invasoes.htm, skipping...
[ERROR - 2025-10-22 08:57:14,847 - Worker_0] Status code == 403 for http://noticias.uol.com.br/album/2014/07/29/artista-faz-desenhos-criativos-nas-barrigas-de-mulheres-gravidas.htm?abrefoto=2, skipping...
[ERROR - 2025-10-22 08:57:16,587 - Worker_3] Status code == 403 for http://noticias.uol.com.br/album/2014/06/15/sumico-de-adolescentes-judeus-reacende-tensao-entre-israel-e-palestinos.htm?abrefoto=323, skipping...
[ERROR - 2025-10-22 08:57:22,223 - Worker_4] Status code == 403 for http://noticias.uol.com.br/album/album-do-dia/2014/07/29/imagens-do-dia---29-de-julho-de-2014.htm?abrefoto=46, skipping...
[ERROR - 2025-10-22 08:57:24,220 - Worker_0] Status code == 403 for http://noticias.uol.com.br/cotidiano/ultimas-noticias/2014/07/29/policia-do-rio-prende-suspeito-de-chefiar-trafico-no-complexo-do-alemao.htm, skipping...
[ERROR - 2025-10-22 08:57:26,100 - Worker_3] Status code == 403 for http://noticias.uol.com.br/saude/ultimas-noticias/redacao/2014/07/29/historia-de-crianca-com-deficiencia-vira-roteiro-de-filme.htm, skipping...
[ERROR - 2025-10-22 08:57:28,401 - Worker_0] Status code == 403 for http://noticias.uol.com.br/ciencia/album/2014/07/01/veja-imagens-de-ciencia-do-mes-julho2014.htm?abrefoto=76, skipping...
[ERROR - 2025-10-22 08:57:30,346 - Worker_3] Status code == 403 for http://doutorjairo.blogosfera.uol.com.br/2014/07/17/obesos-tem-risco-menor-de-morrer-do-coracao-sugere-estudo/, skipping...
[ERROR - 2025-10-22 08:57:32,566 - Worker_0] Status code == 403 for http://noticias.uol.com.br/album/2014/07/30/sob-polemica-templo-de-salomao-e-inaugurado-em-sao-paulo.htm?abrefoto=13, skipping...
[ERROR - 2025-10-22 08:57:33,314 - Worker_2] Status code == 403 for http://noticias.uol.com.br/album/album-do-dia/2014/07/30/imagens-do-dia---30-de-julho-de-2014.htm?abrefoto=4, skipping...
[ERROR - 2025-10-22 08:57:45,244 - Worker_1] Status code == 404 for http://guia.uol.com.br/belo-horizonte/noticias/2014/07/29/musical-homenageia-legado-artistico-de-gonzaguinha-em-bh.htm, skipping...
[ERROR - 2025-10-22 08:57:47,630 - Worker_3] Status code == 403 for http://noticias.uol.com.br/ciencia/album/2014/07/30/chuva-de-meteoros-cria-espetaculo-nos-ceus.htm?abrefoto=4, skipping...
[ERROR - 2025-10-22 08:57:49,490 - Worker_1] Status code == 403 for http://omundoemmovimento.blogosfera.uol.com.br/2014/07/30/onix-e-vice-e-gol-cai-para-o-terceiro-lugar/, skipping...
[ERROR - 2025-10-22 08:57:52,390 - Worker_2] Status code == 404 for http://guia.uol.com.br/sao-paulo/exposicoes/noticias/2014/07/30/exposicao-celebra-200-anos-de-restauracao-da-companhia-de-jesus.htm, skipping...
[ERROR - 2025-10-22 08:57:57,382 - Worker_3] Status code == 403 for http://noticias.uol.com.br/cotidiano/ultimas-noticias/2014/07/30/prefeitura-tira-20-toneladas-de-lixo-de-casa-em-sao-jose-do-rio-preto.htm, skipping...
[ERROR - 2025-10-22 08:58:01,515 - Worker_1] Status code == 404 for http://futebol.placar.esporte.uol.com.br/futebol/copa-do-brasil/2014/07/30/novo-hamburgo-x-abc.htm, skipping...
[ERROR - 2025-10-22 08:58:01,531 - Worker_3] Status code == 403 for http://noticias.uol.com.br/saude/ultimas-noticias/afp/2014/07/24/paracetamol-nao-e-eficiente-contra-lombalgias-diz-estudo.htm, skipping...
[ERROR - 2025-10-22 08:58:01,937 - Worker_0] Status code == 403 for http://liviooricchio.blogosfera.uol.com.br/2014/07/30/a-volta-da-espontaneidade/, skipping...
[ERROR - 2025-10-22 08:58:05,700 - Worker_1] Status code == 403 for http://noticias.uol.com.br/midiaglobal/nytimes/2014/07/30/nova-guerra-de-israel-em-gaza-trai-o-sionismo.htm, skipping...
[ERROR - 2025-10-22 08:58:10,302 - Worker_3] Status code == 403 for http://noticias.uol.com.br/saude/ultimas-noticias/afp/2014/07/17/vitamina-b3-usada-para-reduzir-colesterol-traz-risco-de-morte.htm, skipping...
[ERROR - 2025-10-22 08:58:12,026 - Worker_0] Failed to connect with http://natelinha.ne10.uol.com.br/novelas/2014/07/30/imperio-jose-alfredo-atropela-e-humilha-cora-lacraia-77793.php after 3 attempts, skipping...
[ERROR - 2025-10-22 08:58:14,466 - Worker_3] Status code == 403 for http://noticias.uol.com.br/midiaglobal/lemonde/2014/07/30/franca-exibe-trabalhos-raros-do-pintor-nicolas-de-stael.htm, skipping...
[ERROR - 2025-10-22 08:58:14,604 - Worker_4] Failed to connect with http://natelinha.ne10.uol.com.br/celebridades/2014/07/30/elke-maravilha-fala-sobre-abortos-sofridos-drogas-e-silvio-santos-77807.php after 3 attempts, skipping...
[ERROR - 2025-10-22 08:58:21,026 - Worker_3] Status code == 403 for http://noticias.uol.com.br/ultimas-noticias/agencia-estado/2014/07/29/obra-de-templo-da-universal-tem-alvara-de-reforma.htm, skipping...
[ERROR - 2025-10-22 08:58:24,010 - Worker_4] Status code == 403 for http://reginanavarro.blogosfera.uol.com.br/2014/07/29/controle-da-fidelidade/, skipping...
[ERROR - 2025-10-22 08:58:31,569 - Worker_1] Status code == 403 for http://robertosadovski.blogosfera.uol.com.br/2014/07/30/guardioes-da-galaxia-traz-acao-e-muito-humor-em-mais-um-golaco-da-marvel/, skipping...
[ERROR - 2025-10-22 08:58:45,669 - Worker_0] Status code == 404 for http://guia.uol.com.br/curitiba/noticias/2014/07/30/pecas-de-mateus-solano-e-heloisa-perisse-estreiam-nesta-semana-em-curitiba.htm, skipping...
[ERROR - 2025-10-22 08:58:54,484 - Worker_0] Status code == 403 for http://economia.uol.com.br/empreendedorismo/noticias/redacao/2014/07/28/empresa-de-medico-e-advogado-pode-ter-menos-imposto-decisao-esta-com-dilma.htm, skipping...
[ERROR - 2025-10-22 08:59:05,115 - Worker_3] Status code == 403 for http://economia.uol.com.br/blogs-e-colunas/coluna/william-douglas/2014/07/30/dicas-de-estudos-dicas-de-vida.htm, skipping...
[ERROR - 2025-10-22 08:59:10,873 - Worker_1] Status code == 403 for http://noticias.uol.com.br/midiaglobal/elpais/2014/07/30/analise-as-contas-se-complicam-em-moscou.htm, skipping...
[ERROR - 2025-10-22 08:59:15,147 - Worker_1] Status code == 403 for http://educacao.uol.com.br/noticias/2014/07/30/aluna-do-ensino-medio-consegue-direito-de-cursar-universidade-em-goias.htm, skipping...
[ERROR - 2025-10-22 08:59:19,311 - Worker_1] Status code == 403 for http://noticias.uol.com.br/ultimas-noticias/agencia-estado/2014/07/30/estiagem-persiste-e-interior-de-sp-amplia-o-racionamento.htm, skipping...
[ERROR - 2025-10-22 08:59:23,479 - Worker_1] Status code == 403 for http://noticias.uol.com.br/cotidiano/ultimas-noticias/2014/07/30/israelense-condenado-por-trafico-de-orgaos-sera-extraditado-para-o-brasil.htm, skipping...
[ERROR - 2025-10-22 08:59:32,901 - Worker_3] Failed to connect with http://natelinha.ne10.uol.com.br/mulher/2014/07/25/como-conquistar-o-cabelo-loiro-dos-seus-sonhos-77655.php after 3 attempts, skipping...
[ERROR - 2025-10-22 08:59:39,871 - Worker_1] Status code == 403 for http://noticias.uol.com.br/album/2014/06/11/charges.htm?abrefoto=41, skipping...
[ERROR - 2025-10-22 08:59:48,757 - Worker_1] Status code == 403 for http://noticias.uol.com.br/saude/ultimas-noticias/redacao/2014/07/29/historia-de-crianca-com-deficiencia-vira-roteiro-de-filme.htm, skipping...
[ERROR - 2025-10-22 08:59:52,409 - Worker_2] Status code == 403 for http://noticias.uol.com.br/ultimas-noticias/bbc/2014/07/31/reporter-entra-em-tunel-na-faixa-de-gaza.htm, skipping...
[ERROR - 2025-10-22 08:59:52,776 - Worker_4] Status code == 403 for http://noticias.uol.com.br/cotidiano/ultimas-noticias/2014/07/31/marido-e-condenado-a-9-anos-de-prisao-por-ter-estuprado-a-esposa.htm, skipping...
[ERROR - 2025-10-22 08:59:56,637 - Worker_2] Status code == 403 for http://noticias.uol.com.br/internacional/ultimas-noticias/2014/07/31/pitbull-sobrevive-a-queda-de-ponte-de-9-m-nos-eua-policia-investiga-se-ele-foi-jogado.htm, skipping...
[ERROR - 2025-10-22 08:59:57,848 - Worker_1] Status code == 403 for http://noticias.uol.com.br/midiaglobal/elpais/2014/07/31/assassino-de-governador-basco-reconhece-seu-dano-injustificavel.htm, skipping...
[ERROR - 2025-10-22 09:00:02,103 - Worker_4] Status code == 403 for http://noticias.uol.com.br/saude/ultimas-noticias/bbc/2014/07/31/surto-do-ebola-mata-6-de-cada-10-infectados-saiba-mais.htm, skipping...
[ERROR - 2025-10-22 09:00:03,025 - Worker_1] Status code == 404 for http://noticias.ne10.uol.com.br/grande-recife/noticia/2014/07/31/fraude-grosseira-do-inss-possibilita-pensao-por-morte-ilegal-no-recife-501727.php, skipping...
[ERROR - 2025-10-22 09:00:06,840 - Worker_4] Status code == 403 for http://uolesporte.blogosfera.uol.com.br/2014/07/31/atiradora-modelo-vira-caso-de-policia-ao-ser-barrada-em-hotel-com-sua-arma/, skipping...
[ERROR - 2025-10-22 09:00:07,186 - Worker_1] Status code == 403 for http://noticias.uol.com.br/midiaglobal/elpais/2014/07/31/acordo-historico-que-ajudou-a-superar-a-guerra-fria-esta-ameacado.htm, skipping...
[ERROR - 2025-10-22 09:00:11,929 - Worker_3] Status code == 403 for http://noticias.uol.com.br/saude/ultimas-noticias/redacao/2014/07/31/risco-de-ebola-no-brasil-e-baixo-mas-governo-fiscaliza-portos-e-aeroportos.htm, skipping...
[ERROR - 2025-10-22 09:00:13,399 - Worker_4] Status code == 403 for http://noticias.uol.com.br/cotidiano/ultimas-noticias/2014/07/31/bras-tem-clima-de-jerusalem-e-excesso-de-segurancas-com-templo-da-universal.htm, skipping...
[ERROR - 2025-10-22 09:00:20,600 - Worker_2] Status code == 404 for http://guia.uol.com.br/sao-paulo/restaurantes/noticias/2014/07/30/nova-casa-na-rua-augusta-serve-tacos-mexicanos-para-comer-com-as-maos.htm, skipping...
[ERROR - 2025-10-22 09:00:25,047 - Worker_2] Status code == 403 for http://noticias.uol.com.br/ultimas-noticias/agencia-estado/2014/07/31/menino-atacado-por-tigre-em-cascavel-tem-braco-amputado.htm, skipping...
[ERROR - 2025-10-22 09:00:29,252 - Worker_2] Status code == 403 for http://noticias.uol.com.br/midiaglobal/nytimes/2014/07/31/congressistas-americanos-questionam-acordo-nuclear-com-o-ira.htm, skipping...
[ERROR - 2025-10-22 09:00:33,409 - Worker_2] Status code == 403 for http://noticias.uol.com.br/internacional/ultimas-noticias/2014/07/31/explosoes-de-gas-matam-15-e-ferem-cem-em-taiwan.htm, skipping...
[ERROR - 2025-10-22 09:00:37,562 - Worker_0] Status code == 404 for http://guia.uol.com.br/curitiba/noticias/2014/07/31/maria-rita-se-apresenta-em-curitiba-no-sabado-2-veja-outras-atracoes.htm, skipping...
[ERROR - 2025-10-22 09:00:44,221 - Worker_3] Status code == 404 for http://guia.uol.com.br/belo-horizonte/cinema/noticias/2014/07/21/mostra-gratuita-exibe-filmografia-completa-do-diretor-billy-wilder-em-bh.htm, skipping...
[ERROR - 2025-10-22 09:00:53,535 - Worker_3] Status code == 403 for http://bufalostv.blogosfera.uol.com.br/2014/07/28/kombi-de-corrida-classico-da-vw-estara-em-forza-horizon-2/, skipping...
[ERROR - 2025-10-22 09:00:55,364 - Worker_2] Status code == 403 for http://noticias.uol.com.br/ciencia/ultimas-noticias/redacao/2014/07/31/dinossauros-diminuiram-de-tamanho-e-evoluiram-para-passaros-revela-estudo.htm, skipping...
[ERROR - 2025-10-22 09:00:59,102 - Worker_0] Status code == 403 for http://noticias.uol.com.br/internacional/ultimas-noticias/2014/07/31/australiano-diz-que-gata-recem-adotada-salvou-casa-de-ser-incendiada.htm, skipping...
[ERROR - 2025-10-22 09:01:17,033 - Worker_4] Status code == 403 for http://suapele.blogosfera.uol.com.br/2014/07/30/depilacao-livre-de-transtornos/, skipping...
[ERROR - 2025-10-22 09:01:20,630 - Worker_3] Status code == 404 for http://guia.uol.com.br/sao-paulo/exposicoes/noticias/2014/07/30/galeria-ornitorrinco-expoe-telas-do-ilustrador-renato-guedes.htm, skipping...
[ERROR - 2025-10-22 09:01:21,592 - Worker_1] Failed to connect with http://natelinha.ne10.uol.com.br/mulher/2014/07/24/o-que-e-e-como-tratar-da-hiperemeses-gravidica-77577.php after 3 attempts, skipping...
[ERROR - 2025-10-22 09:01:24,266 - Worker_0] Status code == 403 for http://noticias.uol.com.br/ciencia/ultimas-noticias/redacao/2014/07/29/pesquisadores-brasileiros-desenvolvem-teia-de-aranha-sintetica.htm, skipping...
[ERROR - 2025-10-22 09:01:24,802 - Worker_3] Status code == 403 for http://noticias.uol.com.br/ultimas-noticias/efe/2014/07/31/legista-colhem-amostras-de-dna-na-regiao-onde-aviao-caiu-na-ucrania.htm, skipping...
[ERROR - 2025-10-22 09:01:26,010 - Worker_4] Status code == 403 for http://noticias.uol.com.br/ultimas-noticias/reuters/2014/07/31/israel-e-palestinos-estao-presos-em-circulo-vicioso-de-guerra-em-gaza.htm, skipping...
[ERROR - 2025-10-22 09:01:30,193 - Worker_4] Status code == 403 for http://noticias.uol.com.br/album/2014/07/30/sob-polemica-templo-de-salomao-e-inaugurado-em-sao-paulo.htm?abrefoto=53, skipping...
[ERROR - 2025-10-22 09:01:31,219 - Worker_0] Status code == 403 for http://uolesporte.blogosfera.uol.com.br/2014/07/31/chamado-de-macaco-jogador-uruguaio-responde-com-comemoracao-de-gol/, skipping...
[ERROR - 2025-10-22 09:01:31,623 - Worker_1] Failed to connect with http://natelinha.ne10.uol.com.br/noticias/2014/07/31/durante-merchan-piso-cai-no-pe-de-apresentador-que-nao-aguenta-de-dor-77878.php after 3 attempts, skipping...
[ERROR - 2025-10-22 09:01:35,373 - Worker_0] Status code == 403 for http://noticias.uol.com.br/ultimas-noticias/reuters/2014/07/31/premie-da-ucrania-segue-no-cargo-especialistas-chegam-a-local-de-queda-de-aviao.htm, skipping...
[ERROR - 2025-10-22 09:01:36,386 - Worker_2] Status code == 404 for http://charges.uol.com.br/2014/07/31/cotidiano-reclamando-no-banco/, skipping...
[ERROR - 2025-10-22 09:01:37,625 - Worker_3] Status code == 404 for http://placar.esporte.uol.com.br/basquete/mundial/?id=/2014/07/31/brasil-x-angola, skipping...
[INFO - 2025-10-22 09:02:42,436 - MainThread] Processed 2389 links - 1314/2389 succeeded (55.0%).
[INFO - 2025-10-22 09:02:42,436 - MainThread] Total time taken to complete: 66min
