[INFO - 2025-10-21 21:23:41,013 - MainThread] 2304 links from 'out/uol_links/2014/6-2014.txt'.
[ERROR - 2025-10-21 21:23:41,313 - Worker_2] Status code == 403 for http://noticias.uol.com.br/midiaglobal/the-international-new-york-times/2014/06/01/festival-de-cinema-gay-na-india-transmite-mensagem-de-igualdade.htm, skipping...
[ERROR - 2025-10-21 21:23:43,615 - Worker_4] Status code == 403 for http://noticias.uol.com.br/tabloide/ultimas-noticias/2014/06/01/e-deu-brasil-no-mister-turismo-internacional-cantor-sertanejo-gato-venceu.htm, skipping...
[ERROR - 2025-10-21 21:23:43,620 - Worker_1] Status code == 403 for http://noticias.uol.com.br/ultimas-noticias/agencia-estado/2014/06/01/onibus-fica-so-1-kmh-mais-rapido-com-faixas.htm, skipping...
[ERROR - 2025-10-21 21:23:46,791 - Worker_3] Status code == 403 for http://josecruz.blogosfera.uol.com.br/2014/06/copa-2014-e-ja-rolou-a-festa/, skipping...
[ERROR - 2025-10-21 21:23:47,685 - Worker_4] Status code == 403 for http://noticias.uol.com.br/midiaglobal/the-international-new-york-times/2014/06/01/imigrantes-nos-eua-ouvem-duas-historias-totalmente-opostas-sobre-si-mesmos.htm, skipping...
[ERROR - 2025-10-21 21:23:48,191 - Worker_2] Status code == 403 for http://uolesporte.blogosfera.uol.com.br/2014/05/31/neymar-coloca-muito-efeito-na-bola-e-faz-gol-impossivel-veja/, skipping...
[ERROR - 2025-10-21 21:23:50,867 - Worker_3] Status code == 403 for http://noticias.uol.com.br/opiniao/coluna/2014/06/01/momento-de-transicao-nas-artes-e-reflexo-de-mudancas-na-sociedade.htm, skipping...
[ERROR - 2025-10-21 21:23:52,735 - Worker_0] Status code == 403 for http://tecnologia.uol.com.br/noticias/redacao/2014/05/30/facebook-aprenda-a-esconder-grupos-dos-quais-voce-participa.htm, skipping...
[ERROR - 2025-10-21 21:24:36,036 - Worker_2] Status code == 403 for http://blogdojuca.uol.com.br/2014/06/o-incrivel-gol-de-hulk/, skipping...
[ERROR - 2025-10-21 21:24:38,135 - Worker_4] Status code == 404 for http://guia.uol.com.br/curitiba/cinema/noticias/2014/05/28/festival-olhar-de-cinema-traz-retrospectiva-da-obra-de-stanley-kubrick.htm, skipping...
[ERROR - 2025-10-21 21:24:38,487 - Worker_1] Status code == 403 for http://noticias.uol.com.br/ultimas-noticias/ansa/2014/06/01/pizza-margherita-faz-aniversario-neste-mes.jhtm, skipping...
[ERROR - 2025-10-21 21:24:42,630 - Worker_1] Status code == 403 for http://noticias.uol.com.br/ultimas-noticias/agencia-estado/2014/06/01/black-blocs-prometem-caos-na-copa-com-ajuda-do-pcc.htm, skipping...
[ERROR - 2025-10-21 21:24:44,255 - Worker_0] Status code == 403 for http://colunaesplanada.blogosfera.uol.com.br/2014/06/01/com-caixa-apertado-infraero-estreia-em-dezembro-nova-sede-a-r-380-milmes/, skipping...
[ERROR - 2025-10-21 21:25:03,202 - Worker_2] Status code == 404 for http://guia.uol.com.br/album/2014/05/30/roteiro-traz-motivos-para-sair-de-casa-mesmo-em-dias-frios-e-de-chuva-em-sp.htm, skipping...
[ERROR - 2025-10-21 21:25:07,504 - Worker_2] Status code == 403 for http://noticias.uol.com.br/ultimas-noticias/efe/2014/06/01/eua-obtem-milhoes-de-fotos-pessoais-por-dia-espionando-mensagens-diz-nyt.htm, skipping...
[ERROR - 2025-10-21 21:25:09,010 - Worker_0] Status code == 403 for http://noticias.uol.com.br/album/2014/06/01/como-ficam-tatuagens-apos-o-envelhecimento.htm?abrefoto=7, skipping...
[ERROR - 2025-10-21 21:25:10,167 - Worker_3] Status code == 403 for http://noticias.uol.com.br/cotidiano/ultimas-noticias/2014/06/01/um-ano-apos-inicio-de-protestos-leis-contra-manifestacoes-estao-paradas.htm, skipping...
[ERROR - 2025-10-21 21:25:19,101 - Worker_0] Failed to connect with http://natelinha.ne10.uol.com.br/mulher/2014/05/28/atrizes-inspiram-mulheres-a-adotarem-cabelos-cada-vez-mais-curtos-75497.php after 3 attempts, skipping...
[ERROR - 2025-10-21 21:25:20,961 - Worker_2] Status code == 403 for http://noticias.uol.com.br/tabloide/ultimas-noticias/tabloideanas/2014/06/02/professora-americana-flagra-neve-brincando-em-escorregador.htm, skipping...
[ERROR - 2025-10-21 21:25:23,183 - Worker_0] Status code == 403 for http://noticias.uol.com.br/midiaglobal/prospect/2014/06/02/escritor-ian-morris-explora-como-guerras-trouxeram-paz-ao-longo-de-milenios.htm, skipping...
[ERROR - 2025-10-21 21:25:24,315 - Worker_1] Status code == 403 for http://tecnologia.uol.com.br/noticias/redacao/2014/06/02/apple-ios-8-mantem-design-e-estreia-central-de-saude-para-usuario.htm, skipping...
[ERROR - 2025-10-21 21:25:35,398 - Worker_1] Status code == 403 for http://noticias.uol.com.br/internacional/ultimas-noticias/2014/06/02/destroco-de-aviao-desaparecido-ha-55-anos-e-achado-no-estreito-de-taiwan.htm, skipping...
[ERROR - 2025-10-21 21:25:35,400 - Worker_2] Status code == 403 for http://noticias.uol.com.br/tabloide/ultimas-noticias/tabloideanas/2014/06/02/brasileiro-faz-cirurgias-plasticas-para-ficar-com-aparencia-asiatica.htm, skipping...
[ERROR - 2025-10-21 21:25:39,573 - Worker_2] Status code == 403 for http://noticias.uol.com.br/midiaglobal/derspiegel/2014/06/02/para-ministro-alemao-das-financas-conchita-wurst-demonstra-forcas-da-ue.htm, skipping...
[ERROR - 2025-10-21 21:25:45,519 - Worker_1] Failed to connect with http://motordream.uol.com.br/noticias/ver/2014/05/29/jac-ja-baixou-em-r-20-mil-o-preco-da-recem-lancada-t8 after 3 attempts, skipping...
[ERROR - 2025-10-21 21:26:12,330 - Worker_0] Status code == 404 for http://guia.uol.com.br/sao-paulo/cinema/noticias/2014/05/28/cinemateca-exibe-mostra-sobre-herois-e-anti-herois-do-cinema.htm, skipping...
[ERROR - 2025-10-21 21:26:25,278 - Worker_2] Status code == 403 for http://anamariabahiana.blogosfera.uol.com.br/2014/05/28/entre-o-banal-e-o-fantastico-reina-malevola/, skipping...
[ERROR - 2025-10-21 21:26:32,254 - Worker_3] Failed to connect with http://motordream.uol.com.br/noticias/ver/2014/05/30/teste-fiat-500-sport-air-14-16v-flex-pequeno-e-abusado after 3 attempts, skipping...
[ERROR - 2025-10-21 21:26:32,306 - Worker_1] Status code == 404 for http://guia.uol.com.br/rio-de-janeiro/shows/noticias/2014/05/28/festival-de-musica-pop-coreana-acontece-no-sabado-7.htm, skipping...
[ERROR - 2025-10-21 21:26:33,334 - Worker_4] Status code == 403 for http://noticias.uol.com.br/album/album-do-dia/2014/06/02/imagens-do-dia---2-de-junho-de-2014.htm?abrefoto=37, skipping...
[ERROR - 2025-10-21 21:26:36,404 - Worker_3] Status code == 403 for http://noticias.uol.com.br/opiniao/coluna/2014/06/02/acordos-violam-o-direito-dos-povos-indigenas-as-suas-terras-tradicionais.htm, skipping...
[ERROR - 2025-10-21 21:26:44,012 - Worker_2] Status code == 403 for http://noticias.uol.com.br/politica/ultimas-noticias/2014/06/02/cpmi-investigara-pasadena-propina-a-servidores-abreu-e-lima-e-superfaturamento.htm, skipping...
[ERROR - 2025-10-21 21:26:50,756 - Worker_0] Status code == 403 for http://noticias.uol.com.br/album/album-do-dia/2014/06/02/imagens-do-dia---2-de-junho-de-2014.htm?abrefoto=30, skipping...
[ERROR - 2025-10-21 21:26:51,988 - Worker_4] Status code == 403 for http://rodrigomattos.blogosfera.uol.com.br/2014/06/02/fifa-vai-por-a-venda-cerca-de-180-mil-ingressos-da-copa/, skipping...
[ERROR - 2025-10-21 21:26:52,765 - Worker_2] Status code == 403 for http://noticias.uol.com.br/cotidiano/ultimas-noticias/2014/06/02/jovem-tem-cabelos-roubados-em-porto-alegre.htm, skipping...
[ERROR - 2025-10-21 21:26:55,479 - Worker_3] Status code == 404 for http://guia.uol.com.br/belo-horizonte/noticias/2014/05/21/exposicao-no-ccbb-retrata-a-resistencia-da-imprensa-a-ditadura-no-pais.htm, skipping...
[ERROR - 2025-10-21 21:26:56,916 - Worker_2] Status code == 403 for http://noticias.uol.com.br/album/2014/06/01/como-ficam-tatuagens-apos-o-envelhecimento.htm?abrefoto=7, skipping...
[ERROR - 2025-10-21 21:27:01,061 - Worker_2] Status code == 403 for http://noticias.uol.com.br/album/2014/06/02/prostitutas-mineiras-tem-aulas-de-ingles-para-atender-clientes-durante-a-copa.htm?abrefoto=1, skipping...
[ERROR - 2025-10-21 21:27:06,752 - Worker_3] Status code == 403 for http://uolentretenimento.blogosfera.uol.com.br/2014/06/03/apos-polemica-de-fotos-distantes-avril-lavigne-posa-encostada-com-fas/, skipping...
[ERROR - 2025-10-21 21:27:07,493 - Worker_2] Status code == 403 for http://noticias.uol.com.br/midiaglobal/elpais/2014/06/03/autonomos-enfrentam-odisseia-em-cuba-para-poder-trabalhar.htm, skipping...
[ERROR - 2025-10-21 21:27:10,842 - Worker_3] Status code == 403 for http://noticias.uol.com.br/midiaglobal/lemonde/2014/06/03/desaceleracao-economica-na-china-preocupa-empresas-europeias.htm, skipping...
[ERROR - 2025-10-21 21:27:14,921 - Worker_3] Status code == 403 for http://noticias.uol.com.br/meio-ambiente/album/2014/06/03/poluicao-nas-aguas-do-rio-de-janeiro.htm?abrefoto=1, skipping...
[ERROR - 2025-10-21 21:27:18,323 - Worker_4] Status code == 403 for http://blogdomariomagalhaes.blogosfera.uol.com.br/2014/06/03/ate-contra-time-fraco-como-o-panama-brasil-e-dependente-de-neymar/, skipping...
[ERROR - 2025-10-21 21:27:29,061 - Worker_3] Status code == 403 for http://noticias.uol.com.br/cotidiano/ultimas-noticias/2014/06/03/justica-condena-motorista-que-atropelou-ciclista-na-paulista-a-6-anos.htm, skipping...
[ERROR - 2025-10-21 21:27:29,578 - Worker_1] Status code == 403 for http://educacao.uol.com.br/noticias/2014/06/03/apos-tres-anos-e-meio-congresso-aprova-o-pne-com-10-do-pib-para-educacao.htm, skipping...
[ERROR - 2025-10-21 21:27:32,512 - Worker_2] Status code == 403 for http://noticias.uol.com.br/ultimas-noticias/reuters/2014/06/03/chefe-da-nsa-diz-que-agencia-nao-coleta-imagens-de-cidadaos-dos-eua.htm, skipping...
[ERROR - 2025-10-21 21:27:33,216 - Worker_3] Status code == 403 for http://noticias.uol.com.br/saude/ultimas-noticias/estado/2014/06/03/salario-menor-motivou-saida-do-mais-medicos-dizem-cubanos.htm, skipping...
[ERROR - 2025-10-21 21:27:36,666 - Worker_2] Status code == 403 for http://noticias.uol.com.br/ultimas-noticias/bbc/2014/06/03/o-misterio-do-ultimo-chines-ainda-preso-nos-protestos-da-praca-da-paz-celestial.htm, skipping...
[ERROR - 2025-10-21 21:27:42,898 - Worker_1] Status code == 403 for http://noticias.uol.com.br/ultimas-noticias/agencia-estado/2014/06/03/delegado-pede-prisao-preventiva-para-linchadores.htm, skipping...
[ERROR - 2025-10-21 21:27:47,308 - Worker_1] Status code == 403 for http://uolesportevetv.blogosfera.uol.com.br/2014/06/03/ronaldo-exagera-nos-elogios-a-neymar-cliente-de-sua-agencia-de-marketing/, skipping...
[ERROR - 2025-10-21 21:27:53,966 - Worker_1] Status code == 403 for http://reginanavarro.blogosfera.uol.com.br/2014/06/03/o-medo-de-amar/, skipping...
[ERROR - 2025-10-21 21:27:57,180 - Worker_3] Status code == 404 for http://guia.uol.com.br/sao-paulo/shows/noticias/2014/06/02/thiaguinho-faz-temporada-de-shows-do-novo-album-na-brooks-sp.htm, skipping...
[ERROR - 2025-10-21 21:28:00,757 - Worker_2] Status code == 403 for http://uolesportevetv.blogosfera.uol.com.br/2014/06/02/patricia-poeta-e-destaque-em-1o-jn-de-copa-com-rotulo-de-musa-e-gafe/, skipping...
[ERROR - 2025-10-21 21:28:01,422 - Worker_3] Status code == 403 for http://noticias.uol.com.br/cotidiano/ultimas-noticias/2014/06/03/disputa-por-vira-lata-em-araraquara-sp-vira-caso-de-policia.htm, skipping...
[ERROR - 2025-10-21 21:28:04,002 - Worker_1] Failed to connect with http://natelinha.ne10.uol.com.br/noticias/2014/06/03/apos-50-anos-assistente-de-palco-russo-deixa-globo-75703.php after 3 attempts, skipping...
[ERROR - 2025-10-21 21:28:26,803 - Worker_2] Status code == 404 for http://guia.uol.com.br/rio-de-janeiro/exposicoes/noticias/2014/05/29/obras-de-beatriz-milhazes-vik-muniz-e-lygia-pape-estao-em-mostra-no-rio.htm, skipping...
[ERROR - 2025-10-21 21:28:27,353 - Worker_3] Status code == 404 for http://guia.uol.com.br/rio-de-janeiro/teatro/noticias/2014/06/03/peca-qualquer-gato-vira-lata-reestreia-em-teatro-da-gavea.htm, skipping...
[ERROR - 2025-10-21 21:28:36,038 - Worker_3] Status code == 403 for http://noticias.uol.com.br/ciencia/ultimas-noticias/redacao/2014/06/03/astronauta-posta-fotos-da-terra-e-retrata-cotidiano-na-iss-pelo-twitter.htm, skipping...
[ERROR - 2025-10-21 21:28:45,300 - Worker_2] Status code == 403 for http://noticias.uol.com.br/midiaglobal/lemonde/2014/06/03/antissemitismo-na-europa-nao-pode-ser-visto-apenas-como-caso-de-policia.htm, skipping...
[ERROR - 2025-10-21 21:28:45,465 - Worker_1] Status code == 403 for http://uolesporte.blogosfera.uol.com.br/2014/06/03/sabia-que-a-selecao-ja-tem-o-bonde-do-cabelo/, skipping...
[ERROR - 2025-10-21 21:28:47,646 - Worker_3] Status code == 403 for http://noticias.uol.com.br/cotidiano/ultimas-noticias/2014/06/03/mp-caso-pesseghini.htm, skipping...
[ERROR - 2025-10-21 21:28:49,659 - Worker_1] Status code == 403 for http://educacao.uol.com.br/album/2014/05/07/em-greve-professores-da-rede-municipal-protestam-em-sao-paulo.htm?abrefoto=104, skipping...
[ERROR - 2025-10-21 21:28:51,936 - Worker_2] Status code == 502 for http://noticias.band.uol.com.br/jornaldaband/videos/2014/06/03/15061276-dilma-diz-ser-superticiosa-em-jogos-da-copa.html, skipping...
[ERROR - 2025-10-21 21:28:57,769 - Worker_3] Failed to connect with http://tnh1.ne10.uol.com.br/noticia/interior/2014/06/03/301568/baleada-por-traficantes-crianca-de-apenas-2-anos-morre-no-colo-da-mae after 3 attempts, skipping...
[ERROR - 2025-10-21 21:29:01,216 - Worker_2] Status code == 403 for http://tecnologia.uol.com.br/album/2014/06/03/computex-2014-feira-asiatica-apresenta-novidades-tecnologicas.htm?abrefoto=4, skipping...
[ERROR - 2025-10-21 21:29:02,040 - Worker_4] Status code == 403 for http://noticias.uol.com.br/politica/ultimas-noticias/2014/06/03/cpi-mista-aprova-convocacao-de-ex-e-atual-presidente-da-petrobras.htm, skipping...
[ERROR - 2025-10-21 21:29:08,715 - Worker_4] Status code == 403 for http://nagradedomma.blogosfera.uol.com.br/2014/06/04/jones-covarde-campeao-do-ufc-ironiza-criticos/, skipping...
[ERROR - 2025-10-21 21:29:12,888 - Worker_4] Status code == 403 for http://noticias.uol.com.br/midiaglobal/elpais/2014/06/04/briga-da-hachette-e-amazon-mostra-monopolio-na-distribuicao-de-cultura.htm, skipping...
[ERROR - 2025-10-21 21:29:16,874 - Worker_3] Status code == 404 for http://guia.uol.com.br/brasilia/restaurantes/noticias/2014/06/02/restaurante-na-asa-sul-lanca-opcoes-vegetarianas-e-baseadas-na-dieta-dukan.htm, skipping...
[ERROR - 2025-10-21 21:29:17,037 - Worker_4] Status code == 403 for http://noticias.uol.com.br/cotidiano/ultimas-noticias/2014/06/04/metroviarios-de-sp-aprovam-greve-nesta-quinta-4-a-uma-semana-da-copa.htm, skipping...
[ERROR - 2025-10-21 21:29:21,047 - Worker_3] Status code == 403 for http://noticias.uol.com.br/cotidiano/ultimas-noticias/2014/06/04/publicitario-que-matou-zelador-em-sp-e-investigado-por-morte-no-rio.htm, skipping...
[ERROR - 2025-10-21 21:29:21,686 - Worker_4] Status code == 403 for http://mauriciostycer.blogosfera.uol.com.br/2014/06/04/indignado-com-pm-datena-exige-e-obtem-resposta-do-governo-de-sp-ao-vivo/, skipping...
[ERROR - 2025-10-21 21:29:27,556 - Worker_3] Status code == 403 for http://noticias.uol.com.br/album/album-do-dia/2014/06/04/imagens-do-dia---4-de-junho-de-2014.htm?abrefoto=49, skipping...
[ERROR - 2025-10-21 21:29:38,719 - Worker_3] Status code == 403 for http://noticias.uol.com.br/politica/ultimas-noticias/2014/06/04/secretarios-de-seguranca-pedem-ao-congresso-codigo-penal-mais-rigido.htm, skipping...
[ERROR - 2025-10-21 21:29:45,956 - Worker_1] Status code == 404 for http://guia.uol.com.br/album/2014/06/04/irene-ravache-antonio-fagundes-e-miguel-falabella-estao-nos-palcos-de-sp-veja-outros.htm, skipping...
[ERROR - 2025-10-21 21:29:47,575 - Worker_3] Status code == 403 for http://noticias.uol.com.br/tabloide/album/2014/01/06/os-recordes-e-tentativas-de-2014.htm, skipping...
[ERROR - 2025-10-21 21:29:51,765 - Worker_3] Status code == 403 for http://noticias.uol.com.br/politica/ultimas-noticias/2014/06/04/uniao-e-condenada-a-pagar-r-1-milhao-para-familia-de-perseguido-politico.htm, skipping...
[ERROR - 2025-10-21 21:29:53,801 - Worker_4] Status code == 403 for http://noticias.uol.com.br/midiaglobal/lemonde/2014/06/04/nem-mesmo-boicote-de-rebeldes-e-oposicao-a-assad-pode-mudar-resultado-de-eleicao-na-siria.htm, skipping...
[ERROR - 2025-10-21 21:29:57,408 - Worker_1] Status code == 403 for http://uolesportevetv.blogosfera.uol.com.br/2014/06/03/audio-vaza-no-sportv-e-internautas-nao-perdoam-comentarista/, skipping...
[ERROR - 2025-10-21 21:29:57,956 - Worker_4] Status code == 403 for http://noticias.uol.com.br/internacional/ultimas-noticias/2014/06/04/protagonista-de-foto-iconica-homem-do-tanque-nunca-foi-identificado.htm, skipping...
[ERROR - 2025-10-21 21:29:58,467 - Worker_0] Status code == 403 for http://noticias.uol.com.br/cotidiano/ultimas-noticias/2014/06/04/mega-sena-acumulada-pode-pagar-r-25-mi-hoje-veja-as-dezenas-sorteadas.htm, skipping...
[ERROR - 2025-10-21 21:30:01,579 - Worker_1] Status code == 403 for http://uolesportevetv.blogosfera.uol.com.br/2014/06/04/bonner-defende-bufada-de-poeta-voce-e-uma-mulher-de-sorte/, skipping...
[ERROR - 2025-10-21 21:30:02,118 - Worker_4] Status code == 403 for http://noticias.uol.com.br/tabloide/ultimas-noticias/tabloideanas/2014/06/02/noruegues-encontra-imagem-de-o-grito-em-toco-de-arvore.htm, skipping...
[ERROR - 2025-10-21 21:30:05,781 - Worker_1] Status code == 403 for http://noticias.uol.com.br/cotidiano/ultimas-noticias/2014/06/04/protesto-do-mtst-fecha-radial-leste-e-terminara-no-itaquerao.htm, skipping...
[ERROR - 2025-10-21 21:30:10,235 - Worker_1] Status code == 403 for http://saqueevoleio.blogosfera.uol.com.br/2014/06/04/petkovic-roland-garros-beijo-raquete/, skipping...
[ERROR - 2025-10-21 21:30:17,860 - Worker_2] Status code == 403 for http://noticias.uol.com.br/cotidiano/ultimas-noticias/2014/06/04/presidente-de-agencia-de-aguas-diz-que-situacao-do-cantareira-e-dramatica.htm, skipping...
[ERROR - 2025-10-21 21:30:22,024 - Worker_2] Status code == 403 for http://noticias.uol.com.br/midiaglobal/nytimes/2014/06/04/a-arte-do-foco-na-era-digital.htm, skipping...
[ERROR - 2025-10-21 21:30:28,106 - Worker_4] Status code == 404 for http://guia.uol.com.br/sao-paulo/shows/noticias/2014/06/03/cut-copy-e-italiana-fiorella-mannoia-estao-entre-shows-da-semana-veja-mais.htm, skipping...
[ERROR - 2025-10-21 21:30:36,092 - Worker_3] Status code == 403 for http://noticias.uol.com.br/cotidiano/ultimas-noticias/2014/06/04/rodizio-em-sp-e-suspenso-nesta-quinta-por-conta-da-greve-no-metro.htm, skipping...
[ERROR - 2025-10-21 21:30:40,315 - Worker_3] Status code == 502 for http://noticias.band.uol.com.br/jornaldaband/videos/2014/06/03/15061276-dilma-diz-ser-superticiosa-em-jogos-da-copa.html, skipping...
[ERROR - 2025-10-21 21:30:41,845 - Worker_4] Status code == 403 for http://marcobianchi.blogosfera.uol.com.br/2014/06/04/parceria-privada-publica/, skipping...
[ERROR - 2025-10-21 21:30:44,116 - Worker_2] Status code == 403 for http://educacao.uol.com.br/noticias/2014/06/04/sisu-do-meio-do-ano-tem-11-milhao-de-inscritos-prazo-termina-as-23h59.htm, skipping...
[ERROR - 2025-10-21 21:30:52,184 - Worker_1] Status code == 404 for http://guia.uol.com.br/rio-de-janeiro/bares/noticias/2014/06/03/boteco-da-lapa-promove-festival-de-escondidinho-com-14-sabores-por-r-990.htm, skipping...
[ERROR - 2025-10-21 21:30:58,249 - Worker_4] Status code == 403 for http://fernandorodrigues.blogosfera.uol.com.br/2014/06/05/dem-abandona-sua-unica-governadora-e-nega-palanque-a-aecio-neves/, skipping...
[ERROR - 2025-10-21 21:31:37,764 - Worker_0] Status code == 403 for http://noticias.uol.com.br/midiaglobal/nytimes/2014/06/05/nigeria-contrata-manifestantes-para-abafar-protesto-sobre-jovens-sequestradas.htm, skipping...
[ERROR - 2025-10-21 21:31:40,800 - Worker_2] Status code == 403 for http://noticias.uol.com.br/album/2014/06/04/greve-do-metro-em-sao-paulo.htm?abrefoto=54, skipping...
[ERROR - 2025-10-21 21:31:42,202 - Worker_0] Status code == 404 for http://charges.uol.com.br/2014/06/05/cotidiano-a-copa-do-povo-1/, skipping...
[ERROR - 2025-10-21 21:31:46,006 - Worker_3] Status code == 403 for http://noticias.uol.com.br/midiaglobal/derspiegel/2014/06/05/os-britanicos-compreendem-a-loucura-que-seria-sair-da-ue-diz-tony-blair.htm, skipping...
[ERROR - 2025-10-21 21:31:50,220 - Worker_2] Status code == 403 for http://rodrigomattos.blogosfera.uol.com.br/2014/06/05/itaquerao-tera-61-mil-lugares-na-abertura-da-copa/, skipping...
[ERROR - 2025-10-21 21:31:56,076 - Worker_0] Status code == 403 for http://noticias.uol.com.br/midiaglobal/lemonde/2014/06/05/normandia-prepara-seu-dia-d-70-anos-apos-desembarque-dos-aliados-na-franca.htm, skipping...
[ERROR - 2025-10-21 21:32:04,758 - Worker_0] Status code == 403 for http://noticias.uol.com.br/internacional/ultimas-noticias/2014/06/04/protagonista-de-foto-iconica-homem-do-tanque-nunca-foi-identificado.htm, skipping...
[ERROR - 2025-10-21 21:32:09,225 - Worker_0] Status code == 403 for http://josiasdesouza.blogosfera.uol.com.br/2014/06/05/psb-deve-aprovar-alianca-com-alckmin-nesta-6a/, skipping...
[ERROR - 2025-10-21 21:32:13,584 - Worker_0] Status code == 403 for http://uolesportevetv.blogosfera.uol.com.br/2014/06/04/bonner-defende-bufada-de-poeta-voce-e-uma-mulher-de-sorte/, skipping...
[ERROR - 2025-10-21 21:32:20,108 - Worker_0] Status code == 403 for http://noticias.uol.com.br/ultimas-noticias/efe/2014/06/04/nova-carruagem-da-rainha-elizabeth-ii-carrega-seculos-de-historia-britanica.htm, skipping...
[ERROR - 2025-10-21 21:32:27,680 - Worker_1] Status code == 403 for http://noticias.uol.com.br/opiniao/coluna/2014/06/05/crise-no-sistema-cantareira-deve-fazer-populacao-repensar-consumo-de-agua.htm, skipping...
[ERROR - 2025-10-21 21:32:30,549 - Worker_4] Status code == 403 for http://educacao.uol.com.br/noticias/2014/06/05/servidores-desocupam-superintendencia-de-ensino-em-belo-horizonte.htm, skipping...
[ERROR - 2025-10-21 21:32:31,837 - Worker_1] Status code == 403 for http://educacao.uol.com.br/noticias/2014/06/05/prouni-oferecera-115-mil-bolsas-28-a-mais-que-no-ano-passado.htm, skipping...
[ERROR - 2025-10-21 21:32:43,231 - Worker_1] Status code == 403 for http://noticias.uol.com.br/cotidiano/ultimas-noticias/2014/06/05/homem-morre-apos-passa-mal-dentro-de-carro-na-av-morumbi-em-sao-paulo.htm, skipping...
[ERROR - 2025-10-21 21:32:47,372 - Worker_1] Status code == 404 for http://imguol.com/c/esporte/2014/05/29/rafaela-ravena-representante-do-mexico-para-as-belas-do-mundial-2014-1401366445420_956x500.jpg, skipping...
[ERROR - 2025-10-21 21:32:51,538 - Worker_1] Status code == 403 for http://noticias.uol.com.br/cotidiano/ultimas-noticias/2014/06/05/metroviarios-de-sp-decidem-manter-greve-pelo-segundo-dia.htm, skipping...
[ERROR - 2025-10-21 21:33:04,765 - Worker_1] Status code == 403 for http://nilsonxavier.blogosfera.uol.com.br/2014/06/06/capa-de-cd-de-em-familia-reflete-o-descaso-da-globo-com-suas-trilhas/, skipping...
[ERROR - 2025-10-21 21:33:11,575 - Worker_1] Status code == 403 for http://noticias.uol.com.br/ao-vivo/2014/06/04/greve-do-metro-de-sao-paulo.htm, skipping...
[ERROR - 2025-10-21 21:33:18,039 - Worker_1] Status code == 403 for http://noticias.uol.com.br/cotidiano/ultimas-noticias/2014/06/06/metro-reabre-quatro-estacoes-na-linha-1-azul-27-continuam-fechadas.htm, skipping...
[ERROR - 2025-10-21 21:33:22,117 - Worker_1] Status code == 404 for http://imguol.com/c/esporte/2014/05/29/natalia-paes-representante-de-camaroes-para-as-belas-do-mundial-2014-1401390442192_956x500.jpg, skipping...
[ERROR - 2025-10-21 21:33:26,303 - Worker_1] Status code == 403 for http://blogdojuliogomes.blogosfera.uol.com.br/2014/06/06/selecao-se-poupa-mas-nao-e-poupada/, skipping...
[ERROR - 2025-10-21 21:33:28,958 - Worker_2] Status code == 404 for http://boaforma.uol.com.br/album/2014/06/03/musa-da-copa-e-capa-da-suplementacao.htm?abrefoto=1, skipping...
[ERROR - 2025-10-21 21:33:49,648 - Worker_3] Status code == 404 for http://blogs.ne10.uol.com.br/jamildo/2014/06/06/insatisfeita-com-psb-marilia-arraes-retira-pre-candidatura-a-deputada-federal/, skipping...
[ERROR - 2025-10-21 21:34:19,948 - Worker_4] Status code == 404 for http://guia.uol.com.br/belo-horizonte/noticias/2014/06/05/boca-livre-e-coletivo-formado-por-oito-cantoras-mineiras-fazem-shows-em-bh.htm, skipping...
[ERROR - 2025-10-21 21:34:42,406 - Worker_0] Status code == 404 for http://guia.uol.com.br/brasilia/noticias/2014/06/06/festival-na-vila-planalto-tem-musica-gastronomia-live-painting-e-oficinas.htm, skipping...
[ERROR - 2025-10-21 21:34:46,905 - Worker_2] Status code == 404 for http://futebol.placar.esporte.uol.com.br/futebol/amistosos/2014/06/06/croacia-x-australia.htm, skipping...
[ERROR - 2025-10-21 21:34:56,019 - Worker_1] Status code == 403 for http://noticias.uol.com.br/opiniao/coluna/2014/06/05/crise-no-sistema-cantareira-deve-fazer-populacao-repensar-consumo-de-agua.htm, skipping...
[ERROR - 2025-10-21 21:34:59,457 - Worker_0] Failed to connect with http://blogdobirner.virgula.uol.com.br/2014/06/06/brasil-melhorou-um-pouco-apos-willian-entrar-vitoria-contra-a-servia-nao-ajudou-felipao-a-ter-certeza-que-precisa-mudar-o-time/ after 3 attempts, skipping...
[ERROR - 2025-10-21 21:35:03,815 - Worker_4] Status code == 404 for http://esporte.uol.com.br/f1/ultimas-noticias/2014/06/06/massa-sexto-mais-rapido-diz-estar-bastante-otimista-no-canada.htm, skipping...
[ERROR - 2025-10-21 21:35:07,980 - Worker_4] Status code == 403 for http://noticias.uol.com.br/midiaglobal/the-international-new-york-times/2014/06/06/opiniao-nao-anexem-a-cisjordania.htm, skipping...
[ERROR - 2025-10-21 21:35:12,262 - Worker_4] Status code == 403 for http://negociosdoesporte.blogosfera.uol.com.br/2014/06/06/os-novos-dilemas-que-a-fifa-tera-com-os-atletas/, skipping...
[ERROR - 2025-10-21 21:35:27,827 - Worker_0] Status code == 403 for http://noticias.uol.com.br/ultimas-noticias/agencia-estado/2014/06/06/sequestrador-preso-usou-facebook-para-monitorar-vitima.htm, skipping...
[ERROR - 2025-10-21 21:35:34,054 - Worker_4] Status code == 404 for http://produtos.ne10.uol.com.br/saojoao/2014/06/05/aprenda-fazer-o-xerem-matuto-e-ganhe-energia-para-dancar-forro-noite-inteira/, skipping...
[ERROR - 2025-10-21 21:35:43,044 - Worker_4] Status code == 403 for http://noticias.uol.com.br/album/album-do-dia/2014/06/06/imagens-do-dia---6-de-junho-de-2014.htm?abrefoto=48, skipping...
[ERROR - 2025-10-21 21:35:51,250 - Worker_3] Status code == 403 for http://noticias.uol.com.br/saude/ultimas-noticias/redacao/2014/06/06/ficar-na-frente-do-computador-antes-do-jantar-aumenta-a-fome-diz-estudo.htm, skipping...
[ERROR - 2025-10-21 21:35:52,201 - Worker_0] Status code == 403 for http://tecnologia.uol.com.br/album/2014/06/07/porco-espinho-biddy-faz-sucesso-no-instagram-com-fotos-de-suas-viagens.htm?abrefoto=15, skipping...
[ERROR - 2025-10-21 21:35:52,412 - Worker_4] Status code == 502 for http://noticias.band.uol.com.br/brasilurgente/video/2014/06/07/15067241/sp-menino-e-retirado-de-poco-de-quase-7-metros.html, skipping...
[ERROR - 2025-10-21 21:35:58,647 - Worker_0] Status code == 403 for http://noticias.uol.com.br/album/album-do-dia/2014/06/07/imagens-do-dia---7-de-junho-de-2014.htm?abrefoto=38, skipping...
[ERROR - 2025-10-21 21:36:00,468 - Worker_3] Status code == 403 for http://reginanavarro.blogosfera.uol.com.br/2014/06/07/amor-nao-correspondido/, skipping...
[ERROR - 2025-10-21 21:36:03,245 - Worker_2] Status code == 403 for http://noticias.uol.com.br/midiaglobal/elpais/2014/06/07/cientistas-alertam-sobre-o-perigo-do-aplanamento-de-montanhas-na-china.htm, skipping...
[ERROR - 2025-10-21 21:36:05,110 - Worker_0] Status code == 403 for http://noticias.uol.com.br/internacional/ultimas-noticias/2014/06/07/policia-portuguesa-diz-que-suspeitos-do-caso-madeleine-serao-presos-em-breve-diz-jornal.htm, skipping...
[ERROR - 2025-10-21 21:36:10,252 - Worker_3] Status code == 404 for http://esporte.uol.com.br/f1/ultimas-noticias/2014/06/07/em-5-massa-admite-decepcao-mas-acredita-em-briga-pelo-podio-em-montreal.htm, skipping...
[ERROR - 2025-10-21 21:36:11,861 - Worker_0] Status code == 403 for http://tecnologia.uol.com.br/noticias/bbc/2014/06/03/escoces-pede-desculpas-por-simular-assassinato-no-google-street-view.htm, skipping...
[ERROR - 2025-10-21 21:36:20,009 - Worker_4] Status code == 404 for http://blogs.ne10.uol.com.br/jamildo/2014/06/07/magazine-luiza-pretende-abrir-19-lojas-no-nordeste-este-ano/, skipping...
[ERROR - 2025-10-21 21:36:24,116 - Worker_4] Status code == 403 for http://noticias.uol.com.br/cotidiano/ultimas-noticias/2014/06/07/apostador-do-rn-acerta-mega-sena-e-ganha-mais-de-r-316-milhoes.htm, skipping...
[ERROR - 2025-10-21 21:36:24,950 - Worker_1] Status code == 404 for http://guia.uol.com.br/album/2014/06/04/irene-ravache-antonio-fagundes-e-miguel-falabella-estao-nos-palcos-de-sp-veja-outros.htm, skipping...
[ERROR - 2025-10-21 21:36:28,202 - Worker_4] Status code == 403 for http://noticias.uol.com.br/cotidiano/ultimas-noticias/2014/06/07/funcionarios-do-metro-decidem-manter-a-greve-em-sao-paulo.htm, skipping...
[ERROR - 2025-10-21 21:36:38,985 - Worker_4] Status code == 403 for http://tecnologia.uol.com.br/album/2014/06/06/pecas-feitas-em-impressora-3d-prometem-mudar-vidas-conheca.htm?abrefoto=14, skipping...
[ERROR - 2025-10-21 21:36:40,593 - Worker_2] Status code == 403 for http://noticias.uol.com.br/ciencia/ultimas-noticias/bbc/2014/06/06/odisseia-de-3-anos-desbravara-56-mil-km-de-profundezas-marinhas.htm, skipping...
[ERROR - 2025-10-21 21:36:55,383 - Worker_4] Status code == 403 for http://noticias.uol.com.br/saude/ultimas-noticias/redacao/2014/06/07/descoberta-de-residuo-desconhecido-faz-hc-da-unicamp-cancelar-cirurgias.htm, skipping...
[ERROR - 2025-10-21 21:36:59,471 - Worker_4] Status code == 403 for http://noticias.uol.com.br/cotidiano/ultimas-noticias/2014/06/07/no-3-dia-de-greve-metro-de-sp-tera-esquema-especial-ate-as-23h.htm, skipping...
[ERROR - 2025-10-21 21:37:09,238 - Worker_4] Status code == 403 for http://josiasdesouza.blogosfera.uol.com.br/2014/06/07/aldo-manifestacao-contra-a-copa-e-ignorancia/, skipping...
[ERROR - 2025-10-21 21:37:19,339 - Worker_4] Failed to connect with http://chiqsland.uol.com.br/2014/06/promessas/ after 3 attempts, skipping...
[ERROR - 2025-10-21 21:37:23,448 - Worker_0] Status code == 403 for http://noticias.uol.com.br/blogs-e-colunas/coluna/luiz-felipe-alencastro/2014/06/07/comemoracao-do-dia-d-mostra-peso-de-franca-e-alemanha-na-preservacao-da-paz.htm, skipping...
[ERROR - 2025-10-21 21:37:29,734 - Worker_3] Status code == 403 for http://tecnologia.uol.com.br/album/2014/06/07/em-modinha-da-web-usuarios-fazem-selfie-balancando-a-cabeca.htm?abrefoto=14, skipping...
[ERROR - 2025-10-21 21:37:38,142 - Worker_0] Failed to connect with http://tnh1.ne10.uol.com.br/noticia/curiosidades/2014/06/07/301905/agricultor-do-sertao-de-alagoas-colhe-melancias-com-casca-verde-e-amarela after 3 attempts, skipping...
[ERROR - 2025-10-21 21:37:39,059 - Worker_3] Status code == 403 for http://uoltecnologia.blogosfera.uol.com.br/2014/06/05/em-satira-carro-do-google-perde-controle-e-atropela-gatinhos-e-humanos/, skipping...
[ERROR - 2025-10-21 21:37:45,902 - Worker_4] Status code == 403 for http://noticias.uol.com.br/tabloide/album/2014/06/07/publicitario-paulista-poe-carinhas-em-pao-frango-e-ate-na-espuma-do-cafe.htm?abrefoto=5, skipping...
[ERROR - 2025-10-21 21:38:02,913 - Worker_3] Status code == 404 for http://guia.uol.com.br/brasilia/restaurantes/noticias/2014/06/02/restaurante-na-asa-sul-lanca-opcoes-vegetarianas-e-baseadas-na-dieta-dukan.htm, skipping...
[ERROR - 2025-10-21 21:38:04,977 - Worker_4] Status code == 404 for http://guia.uol.com.br/curitiba/noticias/2014/05/20/obras-de-miro-e-di-cavalcanti-chegam-a-espacos-de-curitiba.htm, skipping...
[ERROR - 2025-10-21 21:38:08,867 - Worker_0] Status code == 403 for http://noticias.uol.com.br/politica/ultimas-noticias/2014/06/08/viagens-de-dilma-em-2014-ja-somam-2-voltas-ao-mundo-sp-e-principal-destino.htm, skipping...
[ERROR - 2025-10-21 21:38:19,617 - Worker_3] Status code == 403 for http://noticias.uol.com.br/ultimas-noticias/efe/2014/06/08/ataque-a-aeroporto-mata-cinco-no-sul-do-paquistao.htm, skipping...
[ERROR - 2025-10-21 21:38:21,821 - Worker_0] Status code == 403 for http://robertosadovski.blogosfera.uol.com.br/2014/06/08/os-caca-fantasmas-faz-30-anos-e-se-prepara-para-voltar-aos-cinemas/, skipping...
[ERROR - 2025-10-21 21:38:35,222 - Worker_1] Status code == 403 for http://noticias.uol.com.br/album/2014/06/08/papa-francisco-recebe-presidente-de-israel-e-autoridade-maxima-da-palestina.htm?abrefoto=9, skipping...
[ERROR - 2025-10-21 21:38:37,348 - Worker_4] Status code == 404 for http://esporte.uol.com.br/f1/ultimas-noticias/2014/06/08/mercedes-tem-problemas-e-ricciardo-vence-a-1-massa-bate-forte-no-final.htm, skipping...
[ERROR - 2025-10-21 21:38:41,503 - Worker_4] Status code == 403 for http://noticias.uol.com.br/album/album-do-dia/2014/06/08/imagens-do-dia---8-de-junho-de-2014.htm?abrefoto=20, skipping...
[ERROR - 2025-10-21 21:38:49,190 - Worker_1] Status code == 403 for http://rodrigomattos.blogosfera.uol.com.br/2014/06/08/cupula-da-fifa-esta-rachada-sobre-brasil-2014-e-qatar-2022/, skipping...
[ERROR - 2025-10-21 21:38:58,143 - Worker_1] Status code == 404 for http://charges.uol.com.br/2014/06/07/tobby-entrevista-neymar-2/, skipping...
[ERROR - 2025-10-21 21:39:00,784 - Worker_3] Status code == 404 for http://guia.uol.com.br/belo-horizonte/noticias/2014/05/21/exposicao-no-ccbb-retrata-a-resistencia-da-imprensa-a-ditadura-no-pais.htm, skipping...
[ERROR - 2025-10-21 21:39:26,985 - Worker_3] Status code == 404 for http://esporte.uol.com.br/f1/ultimas-noticias/2014/06/08/massa-passa-por-checagem-no-hospital-e-williams-afirma-que-piloto-esta-bem.htm, skipping...
[ERROR - 2025-10-21 21:39:31,305 - Worker_3] Status code == 403 for http://blogdoteojose.blogosfera.uol.com.br/2014/06/08/f1-dia-de-patinho-feio-no-canada-e-precipitacao-de-massa/, skipping...
[ERROR - 2025-10-21 21:39:31,762 - Worker_4] Status code == 403 for http://radiouol.blogosfera.uol.com.br/2014/06/05/a-copa-do-mundo-foi-um-atentado-ao-povo-dispara-o-musico-edu-krieger/, skipping...
[ERROR - 2025-10-21 21:39:34,941 - Worker_2] Status code == 404 for http://guia.uol.com.br/rio-de-janeiro/criancas/noticias/2014/06/03/bibliotecas-parque-do-rio-recebem-festival-de-cinema-infantil-gratuito.htm, skipping...
[ERROR - 2025-10-21 21:39:54,824 - Worker_3] Status code == 404 for http://guia.uol.com.br/rio-de-janeiro/teatro/noticias/2014/06/03/peca-qualquer-gato-vira-lata-reestreia-em-teatro-da-gavea.htm, skipping...
[ERROR - 2025-10-21 21:39:58,193 - Worker_4] Status code == 404 for http://guia.uol.com.br/sao-paulo/exposicoes/noticias/2014/05/31/com-300-obras-exposicao-apresenta-trabalhos-ineditos-de-oscar-niemeyer.htm, skipping...
[ERROR - 2025-10-21 21:40:18,827 - Worker_1] Status code == 404 for http://guia.uol.com.br/brasilia/noticias/2014/05/20/obras-de-vik-muniz-e-cildo-meireles-compoem-exposicao-no-ccbb-brasilia.htm, skipping...
[ERROR - 2025-10-21 21:40:24,625 - Worker_4] Status code == 403 for http://uolesporte.blogosfera.uol.com.br/2014/06/09/neymar-tira-foto-com-sorriso-malandro-adivinhe-quem-fez-cara-de-mau/, skipping...
[ERROR - 2025-10-21 21:40:38,387 - Worker_1] Status code == 403 for http://doutorjairo.blogosfera.uol.com.br/2014/06/09/brigou-com-seu-pai-procure-alguem-para-desabafar/, skipping...
[ERROR - 2025-10-21 21:40:47,164 - Worker_1] Status code == 403 for http://uolesporte.blogosfera.uol.com.br/2014/06/09/capitao-da-croacia-treina-de-meiao-baixo-e-exibe-bambi-tatuado-na-perna/, skipping...
[ERROR - 2025-10-21 21:41:40,692 - Worker_2] Status code == 404 for http://esporte.uol.com.br/f1/ultimas-noticias/2014/06/09/apos-sofrer-punicao-mexicano-culpa-felipe-massa-por-acidente-no-canada.htm, skipping...
[ERROR - 2025-10-21 21:41:44,828 - Worker_2] Status code == 403 for http://noticias.uol.com.br/cotidiano/ultimas-noticias/2014/06/09/estoques-baixos-e-condicao-das-estradas-prejudicam-ajuda-a-vitimas-de-chuva.htm, skipping...
[ERROR - 2025-10-21 21:41:48,916 - Worker_2] Status code == 403 for http://noticias.uol.com.br/cotidiano/ultimas-noticias/2014/06/09/estao-tentando-acabar-com-o-comando-da-greve-diz-metroviario-demitido.htm, skipping...
[ERROR - 2025-10-21 21:42:02,480 - Worker_3] Failed to connect with http://natelinha.ne10.uol.com.br/novelas/2014/06/10/em-familia-apos-ver-carinho-entre-clara-e-marina-cadu-termina-casamento-75980.php after 3 attempts, skipping...
[ERROR - 2025-10-21 21:42:04,594 - Worker_1] Status code == 403 for http://noticias.uol.com.br/voce-manda/2014/06/09/chuvas-no-sul.htm, skipping...
[ERROR - 2025-10-21 21:42:08,039 - Worker_0] Status code == 403 for http://noticias.uol.com.br/politica/ultimas-noticias/2014/06/10/pesquisa-ibope-mostra-dilma-com-38-aecio-registra-22-e-campos-tem-13.htm, skipping...
[ERROR - 2025-10-21 21:42:15,800 - Worker_1] Status code == 403 for http://noticias.uol.com.br/album/album-do-dia/2014/06/10/imagens-do-dia---10-de-junho-de-2014.htm?abrefoto=46, skipping...
[ERROR - 2025-10-21 21:42:19,766 - Worker_4] Status code == 403 for http://noticias.uol.com.br/politica/ultimas-noticias/2014/06/10/precisava-de-dinheiro-vivo-para-pagamentos-diz-ex-diretor-sobre-r-700-mil.htm, skipping...
[ERROR - 2025-10-21 21:42:21,562 - Worker_3] Status code == 404 for http://guia.uol.com.br/sao-paulo/teatro/noticias/2014/06/09/musical-sobre-rita-lee-tem-temporada-prorrogada-ate-julho-em-sao-paulo.htm, skipping...
[ERROR - 2025-10-21 21:42:25,299 - Worker_2] Status code == 403 for http://noticias.uol.com.br/internacional/ultimas-noticias/2014/06/10/ex-gemeas-siamesas-comemoram-18-anos-como-as-melhores-da-turma-nos-eua.htm, skipping...
[ERROR - 2025-10-21 21:42:25,705 - Worker_3] Status code == 403 for http://noticias.uol.com.br/ultimas-noticias/agencia-estado/2014/06/10/estado-do-rs-e-condenado-por-caso-de-merenda-envenenada.htm, skipping...
[ERROR - 2025-10-21 21:42:25,829 - Worker_1] Failed to connect with http://natelinha.ne10.uol.com.br/noticias/2014/06/10/fas-de-dado-dolabella-pedem-justica-e-querem-ator-de-volta-a-record-75970.php after 3 attempts, skipping...
[ERROR - 2025-10-21 21:42:29,910 - Worker_3] Status code == 403 for http://rodrigomattos.blogosfera.uol.com.br/2014/06/10/dilma-so-vai-a-abertura-e-a-final-da-copa-diz-ministro/, skipping...
[ERROR - 2025-10-21 21:42:33,955 - Worker_2] Status code == 403 for http://noticias.uol.com.br/saude/ultimas-noticias/redacao/2014/06/10/uniao-recorre-de-decisao-que-a-obriga-a-pagar-r-2-mi-em-cirurgia-nos-eua.htm, skipping...
[ERROR - 2025-10-21 21:42:40,422 - Worker_2] Status code == 403 for http://rodrigomattos.blogosfera.uol.com.br/2014/06/10/copa-2014-tem-recorde-de-troca-de-jogadores-por-contusao/, skipping...
[ERROR - 2025-10-21 21:42:45,972 - Worker_1] Failed to connect with http://noticias.carsale.uol.com.br/testes/2014/06/09/retocado-honda-civic-2015-briga-com-toyota-corolla-pela-lideranca/ after 3 attempts, skipping...
[ERROR - 2025-10-21 21:42:50,074 - Worker_1] Status code == 403 for http://noticias.uol.com.br/album/album-do-dia/2014/06/10/imagens-do-dia---10-de-junho-de-2014.htm?abrefoto=24, skipping...
[ERROR - 2025-10-21 21:42:51,604 - Worker_4] Status code == 404 for http://guia.uol.com.br/brasilia/restaurantes/noticias/2014/06/10/restaurante-sobre-rodas-burger-truck-oferece-hamburgueres-gourmet.htm, skipping...
[ERROR - 2025-10-21 21:42:54,541 - Worker_0] Status code == 403 for http://noticias.uol.com.br/cotidiano/ultimas-noticias/2014/06/10/pf-prende-17-em-operacao-contra-o-trafico-lanchas-e-avioes-sao-apreendidos.htm, skipping...
[ERROR - 2025-10-21 21:43:00,975 - Worker_0] Status code == 403 for http://noticias.uol.com.br/cotidiano/ultimas-noticias/2014/06/10/sindicato-recorre-de-demissoes-11-dispensados-sao-dirigentes-sindicais.htm, skipping...
[ERROR - 2025-10-21 21:43:05,171 - Worker_0] Status code == 403 for http://noticias.uol.com.br/internacional/ultimas-noticias/2014/06/10/apos-mae-ser-morta-filhote-de-rinoceronte-so-dorme-acompanhado-de-cuidador.htm, skipping...
[ERROR - 2025-10-21 21:43:09,264 - Worker_1] Status code == 403 for http://noticias.uol.com.br/ultimas-noticias/agencia-estado/2014/06/10/estou-desolado-diz-operador-de-trens-demitido.htm, skipping...
[ERROR - 2025-10-21 21:43:15,202 - Worker_0] Failed to connect with http://natelinha.ne10.uol.com.br/novelas/2014/06/10/autor-confirma-beijo-gay-entre-clara-e-marina-vai-ter-e-vou-fazer-dois-75955.php after 3 attempts, skipping...
[ERROR - 2025-10-21 21:43:16,195 - Worker_3] Status code == 404 for http://guia.uol.com.br/sao-paulo/exposicoes/noticias/2014/06/10/exposicao-no-masp-exibe-obras-de-lichtenstein-dali-duchamp-e-warhol.htm, skipping...
[ERROR - 2025-10-21 21:43:20,604 - Worker_3] Status code == 403 for http://tecnologia.uol.com.br/album/2014/06/10/chesse-mine-e-bread-with-cold-traducoes.htm?abrefoto=14, skipping...
[ERROR - 2025-10-21 21:43:26,446 - Worker_0] Status code == 404 for http://charges.uol.com.br/2014/06/10/cotidiano-a-copa-do-povo-4/, skipping...
[ERROR - 2025-10-21 21:43:29,831 - Worker_3] Status code == 403 for http://noticias.uol.com.br/politica/ultimas-noticias/2014/06/11/sequer-a-ditadura-militar-chegou-tao-longe-diz-oab-sobre-joaquim-barbosa.htm, skipping...
[ERROR - 2025-10-21 21:43:36,923 - Worker_4] Status code == 403 for http://noticias.uol.com.br/tabloide/album/2014/06/11/vai-ter-copa.htm?abrefoto=15, skipping...
[ERROR - 2025-10-21 21:43:41,085 - Worker_4] Status code == 403 for http://noticias.uol.com.br/midiaglobal/elpais/2014/06/11/londres-denuncia-infiltracao-islamica-em-escolas-em-areas-de-populacao-muculmana.htm, skipping...
[ERROR - 2025-10-21 21:43:45,290 - Worker_4] Status code == 403 for http://blogdomariomagalhaes.blogosfera.uol.com.br/2014/06/11/estreia-na-copa-perigo-teu-nome-e-soberba-mas-pode-chamar-de-salto-alto/, skipping...
[ERROR - 2025-10-21 21:43:46,487 - Worker_0] Status code == 403 for http://uolesporte.blogosfera.uol.com.br/2014/06/11/faltou-so-a-farda-podolski-e-ozil-no-exercito/, skipping...
[ERROR - 2025-10-21 21:43:48,361 - Worker_2] Status code == 403 for http://economia.uol.com.br/noticias/redacao/2014/06/11/bc-lanca-aplicativo-para-ajudar-a-reconhecer-notas-falsas.htm, skipping...
[ERROR - 2025-10-21 21:43:50,652 - Worker_0] Status code == 403 for http://noticias.uol.com.br/cotidiano/ultimas-noticias/2014/06/11/mega-sena-pode-pagar-r-3-milhoes-hoje-veja-as-dezenas-sorteadas.htm, skipping...
[ERROR - 2025-10-21 21:44:13,619 - Worker_2] Status code == 403 for http://noticias.uol.com.br/ultimas-noticias/agencia-estado/2014/06/11/projeto-tamar-bate-recorde-de-tartarugas-nascidas.htm, skipping...
[ERROR - 2025-10-21 21:44:16,561 - Worker_4] Status code == 404 for http://guia.uol.com.br/brasilia/noticias/2014/06/11/pontao-do-lago-sul-recebe-4-edicao-da-feira-de-artesanato-renda-se.htm, skipping...
[ERROR - 2025-10-21 21:44:16,714 - Worker_1] Status code == 403 for http://noticias.uol.com.br/politica/ultimas-noticias/2014/06/11/advogado-de-genoino-e-expulso-do-plenario-do-stf-por-barbosa.htm, skipping...
[ERROR - 2025-10-21 21:44:20,893 - Worker_1] Status code == 403 for http://noticias.uol.com.br/album/album-do-dia/2014/06/11/imagens-do-dia---11-de-junho-de-2014.htm?abrefoto=20, skipping...
[ERROR - 2025-10-21 21:44:22,609 - Worker_2] Status code == 403 for http://noticias.uol.com.br/saude/album/2014/01/14/veja-destaques-do-uol-saude-em-2014.htm?abrefoto=85, skipping...
[ERROR - 2025-10-21 21:44:31,733 - Worker_2] Status code == 403 for http://blogdosakamoto.blogosfera.uol.com.br/2014/06/11/todo-poder-emana-do-povo-mas-nao-conte-para-o-povo-ok/, skipping...
[ERROR - 2025-10-21 21:44:37,281 - Worker_1] Status code == 403 for http://achadoseconomicos.blogosfera.uol.com.br/2014/06/11/brasil-gasta-quase-um-itaquerao-por-dia-com-juros-da-divida-publica/, skipping...
[ERROR - 2025-10-21 21:44:39,230 - Worker_3] Status code == 403 for http://noticias.uol.com.br/midiaglobal/lemonde/2014/06/11/shahindokht-molaverdi-a-face-feminista-do-ira-de-rohani.htm, skipping...
[ERROR - 2025-10-21 21:44:43,428 - Worker_3] Status code == 403 for http://noticias.uol.com.br/ultimas-noticias/agencia-estado/2014/06/11/chuvas-sc-tem-dois-municipios-em-estado-de-calamidade.htm, skipping...
[ERROR - 2025-10-21 21:44:46,011 - Worker_1] Status code == 403 for http://economia.uol.com.br/noticias/redacao/2014/06/11/receita-libera-consulta-ao-primeiro-lote-de-restituicoes-do-ir-2014.htm, skipping...
[ERROR - 2025-10-21 21:44:49,577 - Worker_0] Status code == 404 for http://guia.uol.com.br/rio-de-janeiro/passeios/noticias/2014/06/11/shows-gratuitos-e-teloes-com-transmissao-de-jogos-animam-a-copa-no-rio.htm, skipping...
[ERROR - 2025-10-21 21:45:06,620 - Worker_3] Status code == 403 for http://blogdoperrone.blogosfera.uol.com.br/2014/06/itaquerao-e-seu-entorno-exibem-marcas-de-correria/, skipping...
[ERROR - 2025-10-21 21:45:24,850 - Worker_2] Status code == 404 for http://guia.uol.com.br/rio-de-janeiro/exposicoes/noticias/2014/06/10/campo-de-futebol-virtual-e-obras-interativas-estao-em-mostra-de-games.htm, skipping...
[ERROR - 2025-10-21 21:45:28,953 - Worker_2] Status code == 403 for http://noticias.uol.com.br/politica/ultimas-noticias/2014/06/11/stf-adia-decisao-sobre-mudanca-de-bancada-parlamentar.htm, skipping...
[ERROR - 2025-10-21 21:45:35,615 - Worker_3] Status code == 403 for http://noticias.uol.com.br/midiaglobal/nytimes/2014/06/11/eua-criancas-que-passaram-da-idade-para-obter-cidadania-nao-tem-prioridade.htm, skipping...
[ERROR - 2025-10-21 21:45:39,756 - Worker_3] Status code == 403 for http://noticias.uol.com.br/tabloide/ultimas-noticias/tabloideanas/2014/06/11/indiano-da-um-jeito-de-usar-jaguar-novinho-quebrado-e-amarra-burros-no-carro.htm, skipping...
[ERROR - 2025-10-21 21:45:48,040 - Worker_2] Status code == 404 for http://guia.uol.com.br/belo-horizonte/noticias/2014/06/11/fan-fest-em-bh-tem-show-do-skank-e-telao-de-led-de-80-metros-quadrados.htm, skipping...
[ERROR - 2025-10-21 21:45:48,628 - Worker_3] Status code == 403 for http://noticias.uol.com.br/album/2014/06/11/charges.htm?abrefoto=4, skipping...
[ERROR - 2025-10-21 21:45:57,952 - Worker_3] Status code == 403 for http://noticias.uol.com.br/midiaglobal/outros/2014/06/12/chaves-do-carro-se-transformam-em-alvo-durante-roubos-a-residencias.htm, skipping...
[ERROR - 2025-10-21 21:46:09,090 - Worker_4] Failed to connect with http://natelinha.ne10.uol.com.br/mulher/2014/06/11/radiantes-como-o-ouro-manter-os-cabelos-loiros-requer-cuidados-76001.php after 3 attempts, skipping...
[ERROR - 2025-10-21 21:46:13,265 - Worker_4] Status code == 403 for http://noticias.uol.com.br/internacional/ultimas-noticias/2014/06/12/americano-e-acusado-de-manter-mulheres-como-escravas-sexuais-na-florida.htm, skipping...
[ERROR - 2025-10-21 21:46:17,025 - Worker_3] Status code == 404 for http://guia.uol.com.br/sao-paulo/passeios/noticias/2014/06/12/festa-apos-jogo-do-brasil-traz-bateria-do-bangalafumenga-veja-mais-opcoes.htm, skipping...
[ERROR - 2025-10-21 21:46:18,688 - Worker_2] Status code == 403 for http://noticias.uol.com.br/ultimas-noticias/afp/2014/06/12/obama-diz-que-e-um-pai-legal-mas-que-envergonha-as-filhas.htm, skipping...
[ERROR - 2025-10-21 21:46:19,935 - Worker_4] Status code == 403 for http://blogdomariomagalhaes.blogosfera.uol.com.br/2014/06/12/brasil-estreia-melhor-que-espanha-2010-ganhar-roubado-nao-e-mais-gostoso/, skipping...
[ERROR - 2025-10-21 21:46:20,530 - Worker_0] Failed to connect with http://noticias.carsale.uol.com.br/ultimas/2014/06/11/veja-em-20-imagens-a-evolucao-das-nove-geracoes-do-honda-civic/ after 3 attempts, skipping...
[ERROR - 2025-10-21 21:46:24,673 - Worker_0] Status code == 403 for http://noticias.uol.com.br/tabloide/album/2014/06/10/qual-o-pior-defeito-do-seu-namorado-ou-namorada.htm?abrefoto=11, skipping...
[ERROR - 2025-10-21 21:46:33,189 - Worker_1] Status code == 403 for http://blogdojuca.uol.com.br/2014/06/arigato-apitado/, skipping...
[ERROR - 2025-10-21 21:46:33,395 - Worker_0] Status code == 403 for http://noticias.uol.com.br/blogs-e-colunas/coluna/thomas-friedman/2014/06/12/a-verdadeira-guerra-de-ideias-com-a-tomada-de-mosul.htm, skipping...
[ERROR - 2025-10-21 21:46:40,653 - Worker_3] Status code == 404 for http://guia.uol.com.br/brasilia/noticias/2014/06/11/casas-de-brasilia-tem-promocoes-teloes-e-drinques-para-a-copa-do-mundo.htm, skipping...
[ERROR - 2025-10-21 21:46:54,125 - Worker_4] Status code == 403 for http://blogdojuca.uol.com.br/2014/06/a-vespera-em-itaquera/, skipping...
[ERROR - 2025-10-21 21:46:57,018 - Worker_1] Status code == 404 for http://guia.uol.com.br/curitiba/cinema/noticias/2014/06/11/curitiba-recebe-exposicao-e-mostra-de-cinema-sobre-cultura-iraniana.htm, skipping...
[ERROR - 2025-10-21 21:46:59,390 - Worker_0] Status code == 404 for http://guia.uol.com.br/sao-paulo/bares/noticias/2014/06/08/veja-roteiro-de-bares-para-assistir-aos-jogos-da-copa-em-sao-paulo.htm, skipping...
[ERROR - 2025-10-21 21:46:59,741 - Worker_3] Status code == 404 for http://guia.uol.com.br/brasilia/restaurantes/noticias/2014/06/10/restaurante-sobre-rodas-burger-truck-oferece-hamburgueres-gourmet.htm, skipping...
[ERROR - 2025-10-21 21:47:03,637 - Worker_0] Status code == 403 for http://rodrigomattos.blogosfera.uol.com.br/2014/06/12/por-regra-fifa-esconde-da-torcida-replay-de-penalti-polemico/, skipping...
[ERROR - 2025-10-21 21:47:07,848 - Worker_0] Status code == 403 for http://combaterock.blogosfera.uol.com.br/2014/06/12/rock-e-futebol-uma-relacao-que-poderia-ser-melhor-explorada-no-mundo/, skipping...
[ERROR - 2025-10-21 21:47:13,192 - Worker_4] Status code == 404 for http://guia.uol.com.br/belo-horizonte/noticias/2014/06/12/milton-nascimento-e-criolo-dividem-o-palco-neste-fim-de-semana-em-bh.htm, skipping...
[ERROR - 2025-10-21 21:47:17,350 - Worker_4] Status code == 403 for http://noticias.uol.com.br/politica/ultimas-noticias/2014/06/12/politico-da-ba-que-botou-analfabeto-para-ensinar-e-condenado-por-improbidade.htm, skipping...
[ERROR - 2025-10-21 21:47:19,655 - Worker_0] Status code == 403 for http://noticias.uol.com.br/cotidiano/ultimas-noticias/2014/06/12/policia-fecha-bar-e-hotel-em-copacabana-por-exploracao-sexual-de-menores.htm, skipping...
[ERROR - 2025-10-21 21:47:23,796 - Worker_0] Status code == 403 for http://noticias.uol.com.br/album/album-do-dia/2014/06/12/imagens-do-dia---12-de-junho-de-2014.htm?abrefoto=43, skipping...
[ERROR - 2025-10-21 21:47:26,849 - Worker_4] Status code == 403 for http://noticias.uol.com.br/internacional/ultimas-noticias/2014/06/12/durante-gravacao-de-reality-oficiais-de-justica-acham-us-85-mi-em-londres.htm, skipping...
[ERROR - 2025-10-21 21:47:31,484 - Worker_4] Status code == 403 for http://tablog.blogosfera.uol.com.br/2014/06/dois-em-cinco-homens-recusariam-sexo-para-ver-futebol-imagina-na-copa/, skipping...
[ERROR - 2025-10-21 21:47:34,372 - Worker_1] Status code == 404 for http://guia.uol.com.br/curitiba/noticias/2014/06/12/versao-de-sargento-getulio-para-o-teatro-tem-ingressos-a-r-5.htm, skipping...
[ERROR - 2025-10-21 21:47:35,487 - Worker_0] Status code == 403 for http://noticias.uol.com.br/midiaglobal/lemonde/2014/06/12/com-apoio-de-ong-camponeses-peruanos-exportam-acucar-mascavo-organico-para-a-europa.htm, skipping...
[ERROR - 2025-10-21 21:47:35,505 - Worker_2] Status code == 403 for http://cornetafc.blogosfera.uol.com.br/2014/06/12/croata-gol-contra-de-marcelo-vira-piada-nas-redes-sociais/, skipping...
[ERROR - 2025-10-21 21:47:35,646 - Worker_4] Status code == 403 for http://noticias.uol.com.br/saude/ultimas-noticias/redacao/2014/06/12/saude-turistas-que-chegam-para-a-copa-podem-trazer-sarampo-e-poliomielite.htm, skipping...
[ERROR - 2025-10-21 21:47:44,305 - Worker_0] Status code == 403 for http://educacao.uol.com.br/noticias/2014/06/12/rede-estadual-do-rj-deve-demitir-146-professores-grevistas.htm, skipping...
[ERROR - 2025-10-21 21:47:48,896 - Worker_4] Status code == 403 for http://noticias.uol.com.br/ciencia/ultimas-noticias/redacao/2014/06/12/paraplegico-anda-com-exoesqueleto-de-nicolelis-e-da-chute-na-copa.htm, skipping...
[ERROR - 2025-10-21 21:47:51,376 - Worker_1] Status code == 403 for http://blogdomariomagalhaes.blogosfera.uol.com.br/2014/06/12/fascistoides-pedem-porrada-em-manifestante-a-historia-ja-viu-coisa-igual/, skipping...
[ERROR - 2025-10-21 21:47:52,995 - Worker_0] Status code == 403 for http://noticias.uol.com.br/ultimas-noticias/reuters/2014/06/12/prisioneiro-de-guerra-libertado-viaja-da-alemanha-aos-eua.htm, skipping...
[ERROR - 2025-10-21 21:47:57,156 - Worker_0] Status code == 403 for http://noticias.uol.com.br/midiaglobal/nytimes/2014/06/13/rei-do-marrocos-retarda-apoio-a-democracia.htm, skipping...
[ERROR - 2025-10-21 21:47:57,847 - Worker_4] Status code == 403 for http://noticias.uol.com.br/album/album-do-dia/2014/06/13/imagens-do-dia---13-de-junho-de-2014.htm?abrefoto=20, skipping...
[ERROR - 2025-10-21 21:48:02,020 - Worker_4] Status code == 403 for http://noticias.uol.com.br/midiaglobal/lemonde/2014/06/13/franca-brasil-uma-relacao-de-amor-e-odio.htm, skipping...
[ERROR - 2025-10-21 21:48:03,970 - Worker_0] Status code == 403 for http://blogdomenon.blogosfera.uol.com.br/2014/06/13/brasil-merece-torcida-argentina-sem-coxinhas-ignorantes-e-cheios-de-odio/, skipping...
[ERROR - 2025-10-21 21:48:06,258 - Worker_4] Status code == 403 for http://noticias.uol.com.br/ultimas-noticias/agencia-estado/2014/06/13/sem-teto-invadem-edificio-residencial-em-sao-paulo.htm, skipping...
[ERROR - 2025-10-21 21:48:10,534 - Worker_4] Status code == 403 for http://blogdoperrone.blogosfera.uol.com.br/2014/06/vaia-de-torcida-para-diego-costa-e-vitoria-de-felipao/, skipping...
[ERROR - 2025-10-21 21:48:12,405 - Worker_1] Status code == 403 for http://noticias.uol.com.br/internacional/ultimas-noticias/2014/06/13/mansao-de-r-15-milhoes-ameacada-de-desabamento-e-queimada-no-texas-eua.htm, skipping...
[ERROR - 2025-10-21 21:48:13,677 - Worker_0] Status code == 403 for http://blogdomariomagalhaes.blogosfera.uol.com.br/2014/06/13/analise-espanha-padece-de-piripaque-fisico-tecnico-tatico-e-moral/, skipping...
[ERROR - 2025-10-21 21:48:14,695 - Worker_4] Status code == 403 for http://noticias.uol.com.br/midiaglobal/elpais/2014/06/13/paises-europeus-poderao-vetar-cultivos-transgenicos-em-seu-territorio.htm, skipping...
[ERROR - 2025-10-21 21:48:33,703 - Worker_2] Status code == 404 for http://guia.uol.com.br/brasilia/noticias/2014/05/30/festas-juninas-de-brasilia-tem-shows-de-leonardo-e-michel-telo.htm, skipping...
[ERROR - 2025-10-21 21:48:35,952 - Worker_1] Status code == 404 for http://guia.uol.com.br/sao-paulo/teatro/noticias/2014/06/09/o-rei-leao-tem-ingressos-a-preco-fixo-e-programacao-especial-para-a-copa.htm<br>, skipping...
[ERROR - 2025-10-21 21:48:37,985 - Worker_4] Status code == 404 for http://esporte.uol.com.br/f1/ultimas-noticias/2014/06/13/visita-de-hamilton-a-ferrari-gera-desconfianca-na-equipe.htm, skipping...
[ERROR - 2025-10-21 21:48:38,174 - Worker_2] Status code == 404 for http://esporte.uol.com.br/f1/ultimas-noticias/2014/06/13/schumacher-e-transferido-para-unidade-de-reabilitacao-em-grenoble.htm, skipping...
[ERROR - 2025-10-21 21:48:42,484 - Worker_1] Status code == 403 for http://noticias.uol.com.br/saude/ultimas-noticias/redacao/2014/06/13/pf-apura-sumico-de-cubana-do-mais-medicos-em-minas-gerais.htm, skipping...
[ERROR - 2025-10-21 21:48:48,213 - Worker_2] Failed to connect with http://natelinha.ne10.uol.com.br/celebridades/2014/06/13/tenho-inveja-de-bumbum-porque-sempre-quis-ter-diz-grazi-massafera-76098.php after 3 attempts, skipping...
[ERROR - 2025-10-21 21:48:52,564 - Worker_0] Status code == 403 for http://blogdojuca.uol.com.br/2014/06/mexico-deveria-ser-lider/, skipping...
[ERROR - 2025-10-21 21:48:56,815 - Worker_0] Status code == 403 for http://universosertanejo.blogosfera.uol.com.br/2014/06/13/tonny-e-kleber-e-um-retorno-muito-bem-feito/, skipping...
[ERROR - 2025-10-21 21:48:56,919 - Worker_2] Status code == 403 for http://noticias.uol.com.br/politica/ultimas-noticias/2014/06/13/juiz-libera-investigacoes-da-operacao-lava-jato-para-cpi-da-petrobras.htm, skipping...
[ERROR - 2025-10-21 21:49:01,430 - Worker_3] Status code == 403 for http://noticias.uol.com.br/internacional/ultimas-noticias/2014/06/13/louisiana-investiga-guia-turistico-que-alimenta-crocodilos-selvagens.htm, skipping...
[ERROR - 2025-10-21 21:49:05,612 - Worker_3] Status code == 403 for http://noticias.uol.com.br/internacional/ultimas-noticias/2014/06/13/ultimo-prisioneiro-dos-eua-no-afeganistao-ficou-dois-anos-em-solitaria.htm, skipping...
[ERROR - 2025-10-21 21:49:12,530 - Worker_3] Status code == 403 for http://tecnologia.uol.com.br/noticias/redacao/2014/06/13/com-propagandas-servicos-de-streaming-liberam-musicas-gratis-no-brasil.htm, skipping...
[ERROR - 2025-10-21 21:49:15,974 - Worker_0] Status code == 404 for http://guia.uol.com.br/belo-horizonte/noticias/2014/06/03/sebastiao-salgado-chega-a-bh-com-genesis-uma-viagem-dentro-de-mim-mesmo.htm, skipping...
[ERROR - 2025-10-21 21:49:23,066 - Worker_2] Status code == 404 for http://guia.uol.com.br/brasilia/restaurantes/noticias/2014/06/10/restaurante-sobre-rodas-burger-truck-oferece-hamburgueres-gourmet.htm, skipping...
[ERROR - 2025-10-21 21:49:45,128 - Worker_4] Status code == 403 for http://noticias.uol.com.br/album/album-do-dia/2014/06/13/imagens-do-dia---13-de-junho-de-2014.htm?abrefoto=14, skipping...
[ERROR - 2025-10-21 21:49:46,577 - Worker_0] Status code == 403 for http://blogdosakamoto.blogosfera.uol.com.br/2014/06/13/metro-de-sp-e-autuado-pelo-ministerio-do-trabalho-por-demitir-grevistas/, skipping...
[ERROR - 2025-10-21 21:49:47,394 - Worker_3] Status code == 403 for http://noticias.uol.com.br/album/album-do-dia/2014/06/13/imagens-do-dia---13-de-junho-de-2014.htm?abrefoto=38, skipping...
[ERROR - 2025-10-21 21:49:49,707 - Worker_1] Status code == 403 for http://noticias.uol.com.br/ciencia/ultimas-noticias/redacao/2014/06/12/paraplegico-anda-com-exoesqueleto-de-nicolelis-e-da-chute-na-copa.htm, skipping...
[ERROR - 2025-10-21 21:49:52,140 - Worker_3] Status code == 404 for http://esporte.uol.com.br/f1/ultimas-noticias/2014/06/13/ferrari-pode-abandonar-formula-1-diz-presidente-luca-de-montezemolo.htm, skipping...
[ERROR - 2025-10-21 21:49:56,270 - Worker_4] Status code == 403 for http://educacao.uol.com.br/noticias/2014/06/13/prouni-do-2-semestre-de-2014-tem-mais-de-653-mil-inscritos.htm, skipping...
[ERROR - 2025-10-21 21:50:02,817 - Worker_4] Status code == 403 for http://noticias.uol.com.br/politica/ultimas-noticias/2014/06/13/barbosa-nega-pedido-de-valerio-para-pagar-multa-com-bens-bloqueados.htm, skipping...
[ERROR - 2025-10-21 21:50:05,875 - Worker_3] Status code == 403 for http://noticias.uol.com.br/ultimas-noticias/reuters/2014/06/13/forcas-israelenses-buscam-tres-adolescentes-judeus-desaparecidos-na-cisjordania.htm, skipping...
[ERROR - 2025-10-21 21:50:06,660 - Worker_2] Status code == 403 for http://blogdojuca.uol.com.br/2014/06/campeoes-mundiais-atropelados-na-bahia-sem-anotar-a-placa/, skipping...
[ERROR - 2025-10-21 21:50:08,771 - Worker_1] Status code == 404 for http://guia.uol.com.br/rio-de-janeiro/exposicoes/noticias/2014/06/10/exposicao-reune-imagens-vencedoras-de-premio-mundial-do-fotojornalismo.htm, skipping...
[ERROR - 2025-10-21 21:50:10,046 - Worker_3] Status code == 403 for http://noticias.uol.com.br/album/2014/06/10/convencoes-partidarias-definem-candidatos-e-aliancas.htm?abrefoto=22, skipping...
[ERROR - 2025-10-21 21:50:14,218 - Worker_3] Status code == 403 for http://noticias.uol.com.br/album/album-do-dia/2014/06/14/imagens-do-dia---14-de-junho-de-2014.htm?abrefoto=30, skipping...
[ERROR - 2025-10-21 21:50:15,359 - Worker_1] Status code == 403 for http://doutorjairo.blogosfera.uol.com.br/2014/06/14/hormonios-podem-ser-culpados-pela-obesidade-crescente-entre-homens/, skipping...
[ERROR - 2025-10-21 21:50:15,463 - Worker_0] Status code == 403 for http://colunaesplanada.blogosfera.uol.com.br/2014/06/14/oposicao-no-senado-e-o-foco-de-lula-cabo-de-dilma/, skipping...
[ERROR - 2025-10-21 21:50:27,016 - Worker_4] Status code == 404 for http://guia.uol.com.br/album/2014/06/12/festival-gastronomico-e-restaurantes-do-rio-elaboram-pratos-para-a-copa.htm, skipping...
[ERROR - 2025-10-21 21:50:31,147 - Worker_1] Status code == 403 for http://rodrigomattos.blogosfera.uol.com.br/2014/06/14/fifa-isenta-croatas-e-diz-que-banheira-alagou-vestiario-do-itaquerao/, skipping...
[ERROR - 2025-10-21 21:50:31,320 - Worker_0] Status code == 403 for http://noticias.uol.com.br/ultimas-noticias/agencia-estado/2014/06/14/inquilino-mata-donos-de-imovel-na-regiao-dos-lagos-rj.htm, skipping...
[ERROR - 2025-10-21 21:50:35,314 - Worker_1] Status code == 403 for http://noticias.uol.com.br/ultimas-noticias/efe/2014/06/14/otan-divulga-imagens-que-sugerem-movimento-de-tanques-russos-na-ucrania.htm, skipping...
[ERROR - 2025-10-21 21:50:41,370 - Worker_0] Status code == 403 for http://tecnologia.uol.com.br/noticias/redacao/2014/06/13/teste-receptor-mobi-tv-permite-ver-tv-digital-em-aparelhos-android-e-ios.htm, skipping...
[ERROR - 2025-10-21 21:50:56,468 - Worker_1] Status code == 404 for http://produtos.ne10.uol.com.br/saojoao/2014/06/13/amostradinho-de-carne-de-sol-aprenda-fazer-delicia-que-usa-ingredientes-da-culinaria-regional/, skipping...
[ERROR - 2025-10-21 21:50:57,405 - Worker_2] Status code == 404 for http://guia.uol.com.br/curitiba/cinema/noticias/2014/06/11/curitiba-recebe-exposicao-e-mostra-de-cinema-sobre-cultura-iraniana.htm, skipping...
[ERROR - 2025-10-21 21:51:00,288 - Worker_3] Status code == 403 for http://noticias.uol.com.br/album/album-do-dia/2014/06/14/imagens-do-dia---14-de-junho-de-2014.htm?abrefoto=31, skipping...
[ERROR - 2025-10-21 21:51:01,589 - Worker_2] Status code == 403 for http://noticias.uol.com.br/cotidiano/ultimas-noticias/2014/06/14/vinte-sao-feitos-de-escudo-humano-em-assalto-a-caixas-eletronicos-no-rs.htm, skipping...
[ERROR - 2025-10-21 21:51:15,557 - Worker_0] Status code == 403 for http://blogdojuca.uol.com.br/2014/06/uma-rica-surpresa/, skipping...
[ERROR - 2025-10-21 21:51:24,696 - Worker_4] Status code == 403 for http://blogdojuca.uol.com.br/2014/06/golombia-presenteia-os-gregos/, skipping...
[ERROR - 2025-10-21 21:51:32,545 - Worker_3] Status code == 403 for http://noticias.uol.com.br/ultimas-noticias/efe/2014/06/14/kerry-diz-que-eua-estao-dispostos-a-ajudar-o-iraque-na-luta-antiterrorista.htm, skipping...
[ERROR - 2025-10-21 21:51:33,461 - Worker_4] Status code == 403 for http://noticias.uol.com.br/saude/ultimas-noticias/bbc/2014/06/09/deficit-de-sono-tem-efeito-dramatico-sobre-o-corpo-humano-conclui-estudo.htm, skipping...
[ERROR - 2025-10-21 21:51:43,492 - Worker_4] Failed to connect with http://natelinha.ne10.uol.com.br/celebridades/2014/06/14/scheila-carvalho-sobre-perdoar-traicao-fui-mais-aplaudida-que-julgada-76099.php after 3 attempts, skipping...
[ERROR - 2025-10-21 21:51:47,508 - Worker_3] Failed to connect with http://natelinha.ne10.uol.com.br/novelas/2014/06/14/em-familia-juliana-quase-sera-linchada-por-causa-da-morte-de-gorete-76112.php after 3 attempts, skipping...
[ERROR - 2025-10-21 21:51:51,638 - Worker_3] Status code == 403 for http://noticias.uol.com.br/album/album-do-dia/2014/06/14/imagens-do-dia---14-de-junho-de-2014.htm?abrefoto=22, skipping...
[ERROR - 2025-10-21 21:51:53,237 - Worker_0] Status code == 403 for http://reginanavarro.blogosfera.uol.com.br/2014/06/14/amar-estar-amando-apaixonar-se-pela-paixao/, skipping...
[ERROR - 2025-10-21 21:51:59,619 - Worker_0] Status code == 403 for http://noticias.uol.com.br/midiaglobal/elpais/2014/06/14/roubo-de-celulares-e-o-crime-mais-comum-na-capital-da-colombia.htm, skipping...
[ERROR - 2025-10-21 21:52:04,070 - Worker_0] Status code == 404 for http://produtos.ne10.uol.com.br/saojoao/2014/06/13/aprenda-fazer-um-cupcake-de-milho-verde-e-garanta-o-gostinho-de-sao-joao-o-ano-inteiro/, skipping...
[ERROR - 2025-10-21 21:52:10,724 - Worker_3] Status code == 404 for http://guia.uol.com.br/rio-de-janeiro/teatro/noticias/2014/06/11/cia-de-danca-deborah-colker-estreia-belle-no-theatro-municipal-do-rio.htm, skipping...
[ERROR - 2025-10-21 21:52:14,967 - Worker_3] Status code == 403 for http://noticias.uol.com.br/album/album-do-dia/2014/06/14/imagens-do-dia---14-de-junho-de-2014.htm?abrefoto=18, skipping...
[ERROR - 2025-10-21 21:52:17,884 - Worker_4] Status code == 403 for http://blogdomariomagalhaes.blogosfera.uol.com.br/2014/06/14/na-1a-zebra-da-copa-costa-rica-vence-e-complica-uruguai-no-grupo-da-morte/, skipping...
[ERROR - 2025-10-21 21:52:22,107 - Worker_4] Status code == 403 for http://uolesportevetv.blogosfera.uol.com.br/2014/06/14/jn-defende-penalti-em-fred-e-bonner-faz-campanha-torca-sem-culpa/, skipping...
[ERROR - 2025-10-21 21:52:22,236 - Worker_0] Status code == 403 for http://noticias.uol.com.br/midiaglobal/lemonde/2014/06/14/autoridades-do-ira-criticam-produtos-para-torcer-pelo-pais-na-copa-do-mundo.htm, skipping...
[ERROR - 2025-10-21 21:52:25,867 - Worker_3] Status code == 403 for http://noticias.uol.com.br/midiaglobal/nytimes/2014/06/14/soldado-que-testemunha-e-nao-denuncia-estupro-tambem-e-culpado-diz-militar.htm, skipping...
[ERROR - 2025-10-21 21:52:26,276 - Worker_4] Status code == 403 for http://noticias.uol.com.br/ciencia/ultimas-noticias/redacao/2014/06/12/paraplegico-anda-com-exoesqueleto-de-nicolelis-e-da-chute-na-copa.htm, skipping...
[ERROR - 2025-10-21 21:52:37,579 - Worker_3] Status code == 404 for http://esporte.uol.com.br/f1/ultimas-noticias/2014/06/15/pilotos-da-red-bull-terao-dificuldades-para-vencer-o-gp-da-austria.htm, skipping...
[ERROR - 2025-10-21 21:52:41,313 - Worker_0] Status code == 404 for http://guia.uol.com.br/sao-paulo/exposicoes/noticias/2014/06/10/exposicao-no-masp-exibe-obras-de-lichtenstein-dali-duchamp-e-warhol.htm, skipping...
[ERROR - 2025-10-21 21:52:45,389 - Worker_0] Status code == 403 for http://noticias.uol.com.br/ultimas-noticias/reuters/2014/06/15/otan-diz-que-russia-a-ve-como-adversaria-e-prepara-ajuda-para-ucrania.htm, skipping...
[ERROR - 2025-10-21 21:52:49,461 - Worker_0] Status code == 403 for http://noticias.uol.com.br/saude/ultimas-noticias/redacao/2014/06/11/exposicao-a-fumaca-de-cigarro-pode-acelerar-envelhecimento.htm, skipping...
[ERROR - 2025-10-21 21:52:49,962 - Worker_4] Status code == 404 for http://guia.uol.com.br/album/2014/02/10/exposicao-a-magia-de-miro-desenhos-e-gravuras-em-sp.htm, skipping...
[ERROR - 2025-10-21 21:52:53,531 - Worker_0] Status code == 403 for http://noticias.uol.com.br/album/2014/06/15/treinadora-que-vive-com-cem-cobras-exibe-animas-na-malasia.htm, skipping...
[ERROR - 2025-10-21 21:53:05,051 - Worker_4] Status code == 403 for http://noticias.uol.com.br/midiaglobal/nytimes/2014/06/15/falta-seguranca-em-locais-onde-estao-armazenados-materiais-radioativos-nos-eua.htm, skipping...
[ERROR - 2025-10-21 21:53:12,622 - Worker_0] Status code == 404 for http://guia.uol.com.br/rio-de-janeiro/exposicoes/noticias/2014/06/10/campo-de-futebol-virtual-e-obras-interativas-estao-em-mostra-de-games.htm, skipping...
[ERROR - 2025-10-21 21:53:13,848 - Worker_4] Status code == 403 for http://noticias.uol.com.br/saude/ultimas-noticias/redacao/2014/06/10/pilula-de-tomate-traz-beneficios-para-pacientes-com-doenca-cardiovascular.htm, skipping...
[ERROR - 2025-10-21 21:53:17,267 - Worker_1] Status code == 403 for http://blogdomariomagalhaes.blogosfera.uol.com.br/2014/06/15/tecnologia-1-x-0-conservadores-do-futebol-a-marselhesa-fica-para-a-proxima/, skipping...
[ERROR - 2025-10-21 21:53:22,623 - Worker_4] Status code == 403 for http://noticias.uol.com.br/album/2014/06/15/imagens-da-semana-de-08junho2014-ate-14junho2014.htm?abrefoto=9, skipping...
[ERROR - 2025-10-21 21:53:31,205 - Worker_1] Status code == 403 for http://noticias.uol.com.br/tabloide/album/2014/01/06/os-recordes-e-tentativas-de-2014.htm?abrefoto=92, skipping...
[ERROR - 2025-10-21 21:53:40,523 - Worker_4] Failed to connect with http://natelinha.ne10.uol.com.br/novelas/2014/06/15/familia-em-papo-clara-nao-revela-para-o-filho-que-esta-namorando-marina-76140.php after 3 attempts, skipping...
[ERROR - 2025-10-21 21:53:46,563 - Worker_2] Status code == 403 for http://doutorjairo.blogosfera.uol.com.br/2014/06/11/por-que-e-tao-dificil-convencer-um-amigo-a-largar-o-cigarro/, skipping...
[ERROR - 2025-10-21 21:53:50,714 - Worker_2] Status code == 403 for http://uolesportevetv.blogosfera.uol.com.br/2014/06/15/faustao-detona-abertura-da-copa-e-elogia-claudia-leitte-ela-se-salvou/, skipping...
[ERROR - 2025-10-21 21:53:57,469 - Worker_3] Status code == 403 for http://uolesportevetv.blogosfera.uol.com.br/2014/06/14/ciumento-oscar-revela-veto-a-participacao-da-irma-em-concurso-de-beleza/, skipping...
[ERROR - 2025-10-21 21:54:01,854 - Worker_1] Status code == 403 for http://blogdomariomagalhaes.blogosfera.uol.com.br/2014/06/15/precisao-de-relogio-supera-furos-do-queijo-suico/, skipping...
[ERROR - 2025-10-21 21:54:03,989 - Worker_3] Status code == 403 for http://uolesporte.blogosfera.uol.com.br/2014/06/15/torcedor-e-flagrado-sem-roupa-no-jogo-inglaterra-x-italia/, skipping...
[ERROR - 2025-10-21 21:54:10,625 - Worker_1] Status code == 403 for http://uolesporte.blogosfera.uol.com.br/2014/06/15/saco-de-lixo-para-torcer-e-para-limpar-estadio-japoneses-dao-exemplo/, skipping...
[ERROR - 2025-10-21 21:54:20,401 - Worker_0] Status code == 404 for http://guia.uol.com.br/noticias/2014/06/13/joe-satriani-faz-show-em-sp-e-brasilia-em-outubro-ingressos-a-venda.htm, skipping...
[ERROR - 2025-10-21 21:54:21,946 - Worker_2] Status code == 403 for http://colunaesplanada.blogosfera.uol.com.br/2014/06/15/sete-disputam-a-vaga-de-joaquim-barbosa-no-stf/, skipping...
[ERROR - 2025-10-21 21:54:34,242 - Worker_0] Status code == 403 for http://josiasdesouza.blogosfera.uol.com.br/2014/06/15/lula-liga-aecio-a-pfl-e-acusa-fhc-de-corrupcao/, skipping...
[ERROR - 2025-10-21 21:54:36,948 - Worker_2] Status code == 403 for http://noticias.uol.com.br/midiaglobal/the-international-new-york-times/2014/06/15/medicos-nos-eua-fazem-um-experimento-de-arrepiar.htm, skipping...
[ERROR - 2025-10-21 21:54:46,069 - Worker_2] Status code == 403 for http://noticias.uol.com.br/tabloide/ultimas-noticias/2014/06/16/e-deu-dinamarca-no-mister-mundo-2014-brasileiro-nao-se-classificou.htm, skipping...
[ERROR - 2025-10-21 21:54:47,039 - Worker_0] Status code == 403 for http://noticias.uol.com.br/tabloide/album/2014/01/06/os-recordes-e-tentativas-de-2014.htm, skipping...
[ERROR - 2025-10-21 21:54:52,949 - Worker_4] Status code == 403 for http://omundoemmovimento.blogosfera.uol.com.br/2014/06/16/brasil-tem-o-combustivel-mais-barato-do-mundo/, skipping...
[ERROR - 2025-10-21 21:54:59,294 - Worker_4] Status code == 403 for http://noticias.uol.com.br/ultimas-noticias/reuters/2014/06/16/obama-diz-ao-congresso-que-eua-enviarao-ate-275-militares-ao-iraque.htm, skipping...
[ERROR - 2025-10-21 21:55:03,595 - Worker_4] Status code == 403 for http://fernandorodrigues.blogosfera.uol.com.br/2014/06/16/fhc-sobre-lula-nao-era-preciso-vestir-a-carapuca/, skipping...
[ERROR - 2025-10-21 21:55:04,201 - Worker_2] Status code == 403 for http://uolesportevetv.blogosfera.uol.com.br/2014/06/16/depois-de-flagra-na-band-felipao-ve-derrota-de-portugal-na-globo/, skipping...
[ERROR - 2025-10-21 21:55:13,590 - Worker_0] Status code == 403 for http://reginanavarro.blogosfera.uol.com.br/2014/06/16/voce-ja-se-vingou-de-um-alguem-que-amou-como-foi/, skipping...
[ERROR - 2025-10-21 21:55:13,647 - Worker_2] Status code == 403 for http://tecnologia.uol.com.br/album/2014/06/16/campanha-nas-redes-sociais-expoe-passageiros-que-exageram-na-mala-de-mao.htm, skipping...
[ERROR - 2025-10-21 21:55:14,873 - Worker_4] Status code == 403 for http://omundoemmovimento.blogosfera.uol.com.br/2014/06/16/renault-cai-para-setimo-lugar-e-palio-passa-o-gol/, skipping...
[ERROR - 2025-10-21 21:55:17,935 - Worker_2] Status code == 403 for http://uolesporte.blogosfera.uol.com.br/2014/06/16/papa-brinca-com-gol-contra-de-marcelo-deve-ter-sido-dificil-engoli/, skipping...
[ERROR - 2025-10-21 21:55:21,906 - Worker_3] Status code == 404 for http://esporte.uol.com.br/f1/ultimas-noticias/2014/06/16/schumacher-sai-do-coma-e-deixa-hospital-recuperacao-ainda-e-misterio.htm, skipping...
[ERROR - 2025-10-21 21:55:22,153 - Worker_2] Status code == 403 for http://uolesporte.blogosfera.uol.com.br/2014/06/16/chanceler-alema-parabeniza-jogadores-no-vestiario-e-nao-escapa-de-selfie/, skipping...
[ERROR - 2025-10-21 21:55:22,358 - Worker_0] Status code == 403 for http://noticias.uol.com.br/midiaglobal/outros/2014/06/16/san-francisco-eua-tera-identificacao-de-marcos-historicos-para-a-causa-lgbt.htm, skipping...
[ERROR - 2025-10-21 21:55:35,278 - Worker_3] Status code == 403 for http://josecruz.blogosfera.uol.com.br/2014/06/copa-2014-lula-quer-saber-sobre-corrupcao-tcu-diz-que-chance-e-real/, skipping...
[ERROR - 2025-10-21 21:55:52,828 - Worker_3] Failed to connect with http://natelinha.ne10.uol.com.br/noticias/2014/06/15/silvio-santos-se-diverte-com-pianista-nua-em-seu-programa-publico-comenta-76147.php after 3 attempts, skipping...
[ERROR - 2025-10-21 21:55:57,068 - Worker_3] Status code == 403 for http://blogdosakamoto.blogosfera.uol.com.br/2014/06/16/o-que-te-irrita-durante-a-copa-do-mundo-2/, skipping...
[ERROR - 2025-10-21 21:55:57,527 - Worker_1] Failed to connect with http://tnh1.ne10.uol.com.br/noticia/geral/2014/06/16/302509/justica-multa-restaurante-por-discriminacao-contra-casal-gay-em-maceio after 3 attempts, skipping...
[ERROR - 2025-10-21 21:56:01,348 - Worker_0] Status code == 404 for http://guia.uol.com.br/belo-horizonte/noticias/2014/06/03/sebastiao-salgado-chega-a-bh-com-genesis-uma-viagem-dentro-de-mim-mesmo.htm, skipping...
[ERROR - 2025-10-21 21:56:05,633 - Worker_0] Status code == 403 for http://blogdomariomagalhaes.blogosfera.uol.com.br/2014/06/16/o-jogador-mais-nojento-do-mundo/, skipping...
[ERROR - 2025-10-21 21:56:08,745 - Worker_1] Status code == 404 for http://copadomundo.uol.com.br/noticias/redacao/2014/06/16/capello-proibe-russos-de-usar-twitter-durante-disputa-da-copa-do-mundo.htm/, skipping...
[ERROR - 2025-10-21 21:56:11,750 - Worker_3] Failed to connect with http://tnh1.ne10.uol.com.br/noticia/geral/2014/06/16/302514/morre-em-maceio-aos-97-anos-ultimo-cangaceiro-do-bando-de-lampiao after 3 attempts, skipping...
[ERROR - 2025-10-21 21:56:14,128 - Worker_2] Status code == 403 for http://blogdojuca.uol.com.br/2014/06/dempsey-ajuda-a-nocautear-gana/, skipping...
[ERROR - 2025-10-21 21:56:15,942 - Worker_3] Status code == 404 for http://copadomundo.uol.com.br/noticias/redacao/2014/06/16/expulsao-de-pepe-frustra-familia-e-jogador-ataca-falem-com-o-arbitro.htm/, skipping...
[ERROR - 2025-10-21 21:56:25,532 - Worker_3] Status code == 403 for http://blogdosakamoto.blogosfera.uol.com.br/2014/06/16/ministerio-do-trabalho-interdita-obra-do-monotrilho-em-sao-paulo/, skipping...
[ERROR - 2025-10-21 21:56:30,118 - Worker_0] Status code == 403 for http://mauriciostycer.blogosfera.uol.com.br/2014/06/16/silvio-santos-e-a-arte-de-transformar-apelacao-barata-em-piada/, skipping...
[ERROR - 2025-10-21 21:56:30,516 - Worker_1] Status code == 403 for http://josiasdesouza.blogosfera.uol.com.br/2014/06/15/lula-liga-aecio-a-pfl-e-acusa-fhc-de-corrupcao/, skipping...
[ERROR - 2025-10-21 21:56:31,359 - Worker_2] Status code == 500 for http://copadomundo.uol.com.br/cidades-sede-e-estadios/2014/avaliacao/, skipping...
[ERROR - 2025-10-21 21:56:31,878 - Worker_4] Status code == 403 for http://uolesporte.blogosfera.uol.com.br/2014/06/16/massagista-nao-gostou-nada-da-brincadeirinha-do-atacante-da-argentina/, skipping...
[ERROR - 2025-10-21 21:56:35,645 - Worker_2] Status code == 403 for http://doutorjairo.blogosfera.uol.com.br/2014/06/16/garotos-e-garotas-reagem-de-maneira-diferente-a-ingestao-de-cafeina/, skipping...
[ERROR - 2025-10-21 21:56:39,975 - Worker_2] Status code == 403 for http://fernandorodrigues.blogosfera.uol.com.br/2014/06/17/aecio-fica-na-frente-de-dilma-e-campos-entre-eleitores-que-conhecem-os-3/, skipping...
[ERROR - 2025-10-21 21:56:43,622 - Worker_0] Status code == 403 for http://noticias.uol.com.br/tabloide/album/2014/01/06/os-recordes-e-tentativas-de-2014.htm, skipping...
[ERROR - 2025-10-21 21:56:44,178 - Worker_2] Status code == 403 for http://uolesporte.blogosfera.uol.com.br/2014/06/17/larissa-riquelme-fura-fila-em-aeroporto-de-sp-com-ajudinha-de-oficiais/, skipping...
[ERROR - 2025-10-21 21:56:48,441 - Worker_2] Status code == 403 for http://robertosadovski.blogosfera.uol.com.br/2014/06/17/novo-trailer-de-os-mercenarios-3-e-cinema-pipoca-com-muita-classe/, skipping...
[ERROR - 2025-10-21 21:57:10,330 - Worker_2] Status code == 403 for http://noticias.uol.com.br/tabloide/ultimas-noticias/tabloideanas/2014/06/10/americano-e-preso-por-mandar-fotos-vestindo-so-calcinha-fio-dental-a-policial.htm, skipping...
[ERROR - 2025-10-21 21:57:24,148 - Worker_2] Status code == 403 for http://noticias.uol.com.br/midiaglobal/nytimes/2014/06/17/china-diz-que-lapis-usados-por-criancas-causam-intoxicacao-por-chumbo.htm, skipping...
[ERROR - 2025-10-21 21:57:25,735 - Worker_4] Status code == 403 for http://noticias.uol.com.br/midiaglobal/elpais/2014/06/17/conflito-no-iraque-mostra-que-obama-ainda-esta-preso-ao-mundo-de-bush.htm, skipping...
[ERROR - 2025-10-21 21:57:28,590 - Worker_1] Status code == 403 for http://blogdojuliogomes.blogosfera.uol.com.br/2014/06/17/brasil-x-mexico-empates-preocupantes-no-campo-e-na-arquibancada/, skipping...
[ERROR - 2025-10-21 21:57:30,560 - Worker_0] Status code == 403 for http://balanacesta.blogosfera.uol.com.br/2014/06/17/adaptacao-o-grande-merito-de-popovich-e-buford-arquitetos-do-spurs/, skipping...
[ERROR - 2025-10-21 21:57:32,991 - Worker_1] Status code == 403 for http://tecnologia.uol.com.br/album/2014/06/17/feira-de-brinquedos-no-japao-tem-drones-robos-e-carro-do-pikachu.htm?abrefoto=6, skipping...
[ERROR - 2025-10-21 21:57:41,220 - Worker_2] Status code == 403 for http://josiasdesouza.blogosfera.uol.com.br/2014/06/17/barbosa-respira-sem-mensalao-e-ja-pode-ter-alta/, skipping...
[ERROR - 2025-10-21 21:57:52,065 - Worker_1] Status code == 404 for http://guia.uol.com.br/curitiba/noticias/2014/06/13/restaurantes-de-curitiba-lancam-pratos-e-drinques-inspirados-na-copa.htm, skipping...
[ERROR - 2025-10-21 21:57:58,727 - Worker_3] Status code == 403 for http://josiasdesouza.blogosfera.uol.com.br/2014/06/17/virgindade-do-0-x-0-e-um-vexame-para-o-brasil/, skipping...
[ERROR - 2025-10-21 21:58:01,340 - Worker_1] Status code == 403 for http://noticias.uol.com.br/tabloide/ultimas-noticias/tabloideanas/2014/06/16/americana-tenta-salvar-gato-em-arvore-e-ela-mesma-fica-presa-la-em-cima.htm, skipping...
[ERROR - 2025-10-21 21:58:02,906 - Worker_3] Status code == 403 for http://noticias.uol.com.br/album/album-do-dia/2014/06/17/imagens-do-dia---17-de-junho-de-2014.htm?abrefoto=20, skipping...
[ERROR - 2025-10-21 21:58:07,074 - Worker_3] Status code == 403 for http://noticias.uol.com.br/saude/ultimas-noticias/estado/2014/06/17/anvisa-determina-suspensao-de-lote-do-medicamento-omeprazol.htm, skipping...
[ERROR - 2025-10-21 21:58:10,347 - Worker_0] Status code == 403 for http://noticias.uol.com.br/tabloide/ultimas-noticias/tabloideanas/2014/06/17/meio-popeye-genetica-da-a-alemao-um-braco-fortao-e-outro-fraquinho.htm, skipping...
[ERROR - 2025-10-21 21:58:17,151 - Worker_0] Status code == 403 for http://uolesporte.blogosfera.uol.com.br/2014/06/17/neymar-e-tietado-ate-no-antidoping-por-jogador-mexicano/, skipping...
[ERROR - 2025-10-21 21:58:18,327 - Worker_4] Status code == 403 for http://noticias.uol.com.br/ultimas-noticias/agencia-estado/2014/06/17/prefeitura-pede-reintegracao-de-posse-de-predio-do-othon.htm, skipping...
[ERROR - 2025-10-21 21:58:23,209 - Worker_3] Status code == 403 for http://mauriciostycer.blogosfera.uol.com.br/2014/06/16/silvio-santos-e-a-arte-de-transformar-apelacao-barata-em-piada/, skipping...
[ERROR - 2025-10-21 21:58:24,603 - Worker_1] Status code == 403 for http://noticias.uol.com.br/ultimas-noticias/agencia-estado/2014/06/17/mulher-do-senador-pedro-simon-sofre-sequestro-relampago.htm, skipping...
[ERROR - 2025-10-21 21:58:25,108 - Worker_4] Status code == 403 for http://noticias.uol.com.br/saude/ultimas-noticias/redacao/2014/06/17/reino-unido-desaconselha-parto-na-agua-apos-bebe-contrair-pneumonia-grave.htm, skipping...
[ERROR - 2025-10-21 21:58:27,404 - Worker_3] Status code == 500 for http://copadomundo.uol.com.br/cidades-sede-e-estadios/2014/avaliacao/, skipping...
[ERROR - 2025-10-21 21:58:28,821 - Worker_1] Status code == 403 for http://noticias.uol.com.br/ciencia/ultimas-noticias/redacao/2014/06/17/membrana-criada-por-quimicos-da-usp-e-capaz-de-filtrar-agua-do-mar.htm, skipping...
[ERROR - 2025-10-21 21:58:29,187 - Worker_4] Status code == 403 for http://noticias.uol.com.br/album/2014/06/11/charges.htm?abrefoto=8, skipping...
[ERROR - 2025-10-21 21:58:33,390 - Worker_4] Status code == 403 for http://josiasdesouza.blogosfera.uol.com.br/2014/06/17/copa-revela-vocacao-do-que-congresso-o-nada/, skipping...
[ERROR - 2025-10-21 21:58:37,446 - Worker_3] Failed to connect with http://natelinha.ne10.uol.com.br/mulher/2014/06/17/experimente-penteados-com-lenco-e-arrase-por-ai-76201.php after 3 attempts, skipping...
[ERROR - 2025-10-21 21:58:46,433 - Worker_4] Status code == 403 for http://uolesporte.blogosfera.uol.com.br/2014/06/18/valdivia-divulga-festa-de-chilenos-no-vestiario-com-jogadores-de-cueca/, skipping...
[ERROR - 2025-10-21 21:58:56,015 - Worker_0] Status code == 403 for http://blogdomenon.blogosfera.uol.com.br/2014/06/18/45-vergonha-da-espanha-pode-ser-ruim-para-o-brasil/, skipping...
[ERROR - 2025-10-21 21:58:59,192 - Worker_3] Status code == 403 for http://noticias.uol.com.br/cotidiano/ultimas-noticias/2014/06/18/camara-de-sp-vai-autorizar-feriado-nos-jogos-do-brasil.htm, skipping...
[ERROR - 2025-10-21 21:59:00,186 - Worker_0] Status code == 403 for http://economia.uol.com.br/noticias/afp/2014/06/18/numero-de-milionarios-aumentou-em-2013-em-todo-o-mundo.htm, skipping...
[ERROR - 2025-10-21 21:59:05,739 - Worker_4] Status code == 403 for http://economia.uol.com.br/empregos-e-carreiras/noticias/redacao/2014/06/17/especialista-aponta-7-atitudes-que-podem-fazer-voce-perder-o-emprego.htm, skipping...
[ERROR - 2025-10-21 21:59:09,908 - Worker_4] Status code == 403 for http://economia.uol.com.br/cotacoes/noticias/redacao/2014/06/18/bovespa-interrompe-serie-de-3-quedas-e-fecha-com-maior-pontuacao-em-8-meses.htm, skipping...
[ERROR - 2025-10-21 21:59:15,180 - Worker_0] Failed to connect with http://natelinha.ne10.uol.com.br/celebridades/2014/06/18/sophia-abrahao-diz-que-nao-guarda-magoa-de-fiuk-nao-temos-contato-76238.php after 3 attempts, skipping...
[ERROR - 2025-10-21 21:59:16,602 - Worker_4] Status code == 403 for http://blogdomariomagalhaes.blogosfera.uol.com.br/2014/06/18/elegia-para-uma-selecao-imortal/, skipping...
[ERROR - 2025-10-21 21:59:21,699 - Worker_2] Status code == 403 for http://blogdojuca.uol.com.br/2014/06/adios-espana/, skipping...
[ERROR - 2025-10-21 21:59:22,882 - Worker_3] Status code == 404 for http://guia.uol.com.br/curitiba/noticias/2014/06/18/pecas-de-rua-e-espetaculo-a-r-10-sao-opcoes-de-teatro-em-curitiba.htm, skipping...
[ERROR - 2025-10-21 21:59:25,403 - Worker_4] Status code == 403 for http://uolesporte.blogosfera.uol.com.br/2014/06/18/pacote-com-novas-figurinhas-chega-as-bancas-veja-imagens, skipping...
[ERROR - 2025-10-21 21:59:29,609 - Worker_3] Status code == 403 for http://noticias.uol.com.br/cotidiano/ultimas-noticias/2014/06/18/irritado-com-fogos-homem-mata-vizinha-em-itatiba-sp.htm, skipping...
[ERROR - 2025-10-21 21:59:30,554 - Worker_2] Status code == 403 for http://noticias.uol.com.br/cotidiano/ultimas-noticias/2014/06/18/transito-em-sp-piora-e-fica-acima-da-media-na-saida-para-o-feriadao.htm, skipping...
[ERROR - 2025-10-21 21:59:34,699 - Worker_2] Status code == 403 for http://noticias.uol.com.br/cotidiano/ultimas-noticias/2014/06/18/em-votacao-camara-de-sp-rejeita-pedido-de-feriado-nos-jogos-do-brasil.htm, skipping...
[ERROR - 2025-10-21 21:59:39,380 - Worker_0] Status code == 404 for http://guia.uol.com.br/rio-de-janeiro/shows/noticias/2014/06/17/circuito-carioca-de-bossa-nova-realiza-mais-de-100-shows-ate-julho.htm, skipping...
[ERROR - 2025-10-21 21:59:43,163 - Worker_3] Status code == 403 for http://uolesporte.blogosfera.uol.com.br/2014/06/18/mulheres-de-boleiros-da-copa-aproveitam-calor-e-aprovam-vida-no-brasil/, skipping...
[ERROR - 2025-10-21 21:59:44,488 - Worker_4] Status code == 404 for http://guia.uol.com.br/curitiba/cinema/noticias/2014/06/11/curitiba-recebe-exposicao-e-mostra-de-cinema-sobre-cultura-iraniana.htm, skipping...
[ERROR - 2025-10-21 21:59:48,763 - Worker_4] Status code == 403 for http://noticias.uol.com.br/internacional/ultimas-noticias/2014/06/18/atentado-durante-exibicao-do-jogo-do-brasil-mata-criancas-na-nigeria.htm, skipping...
[ERROR - 2025-10-21 21:59:49,207 - Worker_2] Status code == 403 for http://noticias.uol.com.br/album/album-do-dia/2014/06/18/imagens-do-dia---18-de-junho-de-2014.htm?abrefoto=52, skipping...
[ERROR - 2025-10-21 21:59:58,817 - Worker_2] Status code == 403 for http://tecnologia.uol.com.br/album/2014/06/13/nas-redes-sociais-abertura-da-copa-rende-piadas-com-galinha-pintadinha-e-miley-cyrus.htm, skipping...
[ERROR - 2025-10-21 22:00:02,367 - Worker_4] Status code == 403 for http://economia.uol.com.br/noticias/redacao/2014/06/18/arquiteto-famoso-e-servico-de-hotel-atraem-clientes-para-quitinetes-de-luxo.htm, skipping...
[ERROR - 2025-10-21 22:00:03,115 - Worker_1] Status code == 403 for http://uolesportevetv.blogosfera.uol.com.br/2014/06/18/datena-solta-palavrao-ao-vivo-ao-criticar-zagueiro-espanhol/, skipping...
[ERROR - 2025-10-21 22:00:03,597 - Worker_0] Status code == 403 for http://noticias.uol.com.br/cotidiano/ultimas-noticias/2014/06/18/pms-sao-presos-no-rio-por-suspeita-de-matar-jovem-encontrado-em-matagal.htm, skipping...
[ERROR - 2025-10-21 22:00:06,608 - Worker_4] Status code == 403 for http://allansieber.blogosfera.uol.com.br/2014/06/18/mais-craques-ausentes/, skipping...
[ERROR - 2025-10-21 22:00:09,615 - Worker_3] Status code == 403 for http://noticias.uol.com.br/midiaglobal/the-international-new-york-times/2014/06/18/putin-coloca-sua-imagem-de-durao-antes-de-suas-palavras.htm, skipping...
[ERROR - 2025-10-21 22:00:13,819 - Worker_3] Status code == 403 for http://noticias.uol.com.br/politica/ultimas-noticias/2014/06/18/stf-vota-contra-mudanca-de-bancada-em-13-estados.htm, skipping...
[ERROR - 2025-10-21 22:00:15,355 - Worker_0] Status code == 403 for http://noticias.uol.com.br/midiaglobal/lemonde/2014/06/18/no-iraque-a-guerra-e-tambem-pela-agua.htm, skipping...
[ERROR - 2025-10-21 22:00:15,460 - Worker_1] Status code == 403 for http://noticias.uol.com.br/midiaglobal/elpais/2014/06/18/se-bagda-adoece-todos-adoecemos.htm, skipping...
[ERROR - 2025-10-21 22:00:19,637 - Worker_1] Status code == 500 for http://copadomundo.uol.com.br/cidades-sede-e-estadios/2014/avaliacao/, skipping...
[ERROR - 2025-10-21 22:00:23,642 - Worker_3] Status code == 403 for http://nagradedomma.blogosfera.uol.com.br/2014/06/18/mike-tyson-trollando-dana-white/, skipping...
[ERROR - 2025-10-21 22:00:28,259 - Worker_4] Status code == 404 for http://guia.uol.com.br/sao-paulo/criancas/noticias/2014/06/18/promocao-do-hopi-hari-e-espetaculo-lazytown-estao-em-roteiro-de-ferias.htm, skipping...
[ERROR - 2025-10-21 22:00:32,242 - Worker_3] Status code == 403 for http://noticias.uol.com.br/midiaglobal/lemonde/2014/06/19/eua-vao-reprimir-pesca-ilegal-e-criar-maior-santuario-marinho-do-mundo-no-pacifico.htm, skipping...
[ERROR - 2025-10-21 22:00:33,729 - Worker_0] Status code == 403 for http://uolesporte.blogosfera.uol.com.br/2014/06/18/robinho-tira-sarro-da-espanha-e-toma-invertida-no-twitter/, skipping...
[ERROR - 2025-10-21 22:00:43,905 - Worker_1] Failed to connect with http://natelinha.ne10.uol.com.br/novelas/2014/06/19/em-familia-clara-se-afasta-de-marina-ao-ver-conhecida-na-rua-76284.php after 3 attempts, skipping...
[ERROR - 2025-10-21 22:00:44,598 - Worker_0] Status code == 403 for http://noticias.uol.com.br/midiaglobal/nytimes/2014/06/19/acusado-de-um-ato-nada-heroico-homem-aranha-alega-legitima-defesa.htm, skipping...
[ERROR - 2025-10-21 22:00:48,908 - Worker_0] Status code == 403 for http://tecnologia.uol.com.br/noticias/redacao/2014/06/19/com-investimento-bilionario-aplicativo-uber-promove-sistema-de-carona-paga.htm, skipping...
[ERROR - 2025-10-21 22:00:51,958 - Worker_4] Status code == 404 for http://guia.uol.com.br/rio-de-janeiro/exposicoes/noticias/2014/06/19/exposicao-no-mam-relaciona-alimentacao-com-a-cultura-brasileira.htm, skipping...
[ERROR - 2025-10-21 22:00:55,118 - Worker_3] Status code == 403 for http://uolesporte.blogosfera.uol.com.br/2014/06/19/ela-e-reporter-vira-casaca-e-esta-vivendo-a-copa-da-fanfarra-no-brasil/, skipping...
[ERROR - 2025-10-21 22:01:02,972 - Worker_1] Status code == 404 for http://guia.uol.com.br/belo-horizonte/noticias/2014/06/19/com-texto-de-kafka-peca-traz-historia-de-macaco-que-se-transforma-em-homem.htm, skipping...
[ERROR - 2025-10-21 22:01:04,390 - Worker_3] Status code == 403 for http://noticias.uol.com.br/album/2014/05/08/protestos-e-greves-pelo-brasil.htm?abrefoto=234, skipping...
[ERROR - 2025-10-21 22:01:17,880 - Worker_3] Status code == 403 for http://noticias.uol.com.br/ciencia/ultimas-noticias/redacao/2014/06/19/fosseis-encontrados-na-espanha-preenchem-lacuna-da-evolucao-humana.htm, skipping...
[ERROR - 2025-10-21 22:01:23,111 - Worker_3] Status code == 404 for http://esporte.uol.com.br/f1/ultimas-noticias/2014/06/19/medicos-recorrerao-a-natureza-para-estimular-recuperacao-de-schumacher.htm, skipping...
[ERROR - 2025-10-21 22:01:32,677 - Worker_2] Status code == 404 for http://guia.uol.com.br/brasilia/noticias/2014/06/19/futebol-e-tema-de-peca-dos-melhores-do-mundo-no-teatro-dos-bancarios.htm, skipping...
[ERROR - 2025-10-21 22:01:36,848 - Worker_2] Status code == 403 for http://noticias.uol.com.br/meio-ambiente/ultimas-noticias/redacao/2014/06/18/pesquisa-revela-extincao-de-47-aves-na-regiao-metropolitana-de-belem.htm, skipping...
[ERROR - 2025-10-21 22:01:44,567 - Worker_3] Status code == 404 for http://guia.uol.com.br/rio-de-janeiro/shows/noticias/2014/06/17/circuito-carioca-de-bossa-nova-realiza-mais-de-100-shows-ate-julho.htm, skipping...
[ERROR - 2025-10-21 22:01:45,850 - Worker_2] Status code == 403 for http://blogdosakamoto.blogosfera.uol.com.br/2014/06/19/plebiscito-para-maioridade-penal-entao-tambem-quero-um-para-taxar-fortunas/, skipping...
[ERROR - 2025-10-21 22:01:56,568 - Worker_3] Status code == 403 for http://uolesporte.blogosfera.uol.com.br/2014/06/19/pe-frio-de-mick-jagger-volta-a-aparecer-cantor-manda-mensagem-aos-ingleses-antes-de-jogo/, skipping...
[ERROR - 2025-10-21 22:02:06,358 - Worker_0] Status code == 403 for http://noticias.uol.com.br/midiaglobal/lemonde/2014/06/19/sindicato-frances-deve-contestar-bloqueio-de-artistas-no-youtube.htm, skipping...
[ERROR - 2025-10-21 22:02:13,857 - Worker_4] Status code == 403 for http://cornetafc.blogosfera.uol.com.br/2014/06/19/mexicanos-e-a-trolada-epica-nas-torcedoras-argentinas/, skipping...
[ERROR - 2025-10-21 22:02:18,055 - Worker_0] Status code == 403 for http://noticias.uol.com.br/cotidiano/ultimas-noticias/2014/06/19/justica-decreta-prisao-de-17-suspeitos-de-trafico-no-complexo-do-alemao.htm, skipping...
[ERROR - 2025-10-21 22:02:22,506 - Worker_0] Status code == 500 for http://copadomundo.uol.com.br/cidades-sede-e-estadios/2014/avaliacao/, skipping...
[ERROR - 2025-10-21 22:02:22,731 - Worker_4] Status code == 403 for http://noticias.uol.com.br/cotidiano/ultimas-noticias/2014/06/19/com-metroviarios-e-indigenas-protesto-do-mpl-fecha-marginal-pinheiros.htm, skipping...
[ERROR - 2025-10-21 22:02:26,916 - Worker_4] Status code == 403 for http://educacao.uol.com.br/noticias/2014/06/19/escolas-punidas-pelo-mec-acham-que-os-alunos-sao-os-grandes-prejudicados.htm, skipping...
[ERROR - 2025-10-21 22:02:40,506 - Worker_4] Status code == 403 for http://uolesporte.blogosfera.uol.com.br/2014/06/19/se-prepara-rainha-se-salvar-inglaterra-balotelli-quer-beijinho/, skipping...
[ERROR - 2025-10-21 22:02:42,987 - Worker_2] Status code == 403 for http://blogdojuca.uol.com.br/2014/06/raca-uruguaia-derruba-a-frieza-britanica/, skipping...
[ERROR - 2025-10-21 22:02:44,699 - Worker_4] Status code == 403 for http://uolesporte.blogosfera.uol.com.br/2014/06/19/artilheiro-da-copa-erra-chute-em-treino-e-acerta-pessoas-em-mesa/, skipping...
[ERROR - 2025-10-21 22:02:46,914 - Worker_1] Status code == 403 for http://blogdojuca.uol.com.br/2014/06/60679/, skipping...
[ERROR - 2025-10-21 22:02:47,248 - Worker_2] Status code == 403 for http://colunaesplanada.blogosfera.uol.com.br/2014/06/19/novo-sistema-impediria-apagao-por-mau-tempo-no-galeao-e-santos-dumont/, skipping...
[ERROR - 2025-10-21 22:02:51,076 - Worker_1] Status code == 403 for http://noticias.uol.com.br/opiniao/coluna/2014/06/19/boa-vontade-do-papa-francisco-nao-resolvera-conflitos-do-oriente-medio.htm, skipping...
[ERROR - 2025-10-21 22:02:51,143 - Worker_0] Status code == 404 for http://guia.uol.com.br/curitiba/noticias/2014/06/17/roteiro-traz-tres-exposicoes-para-aproveitar-o-feriado-longe-do-futebol.htm, skipping...
[ERROR - 2025-10-21 22:02:58,081 - Worker_3] Status code == 404 for http://guia.uol.com.br/curitiba/cinema/noticias/2014/06/19/cinemateca-exibe-mostra-de-filmes-espanhois-sobre-futebol.htm, skipping...
[ERROR - 2025-10-21 22:03:01,403 - Worker_4] Status code == 403 for http://noticias.uol.com.br/tabloide/album/2014/01/06/os-recordes-e-tentativas-de-2014.htm, skipping...
[ERROR - 2025-10-21 22:03:12,927 - Worker_4] Status code == 403 for http://blogdoperrone.blogosfera.uol.com.br/2014/06/na-primeira-semana-da-copa-craques-ofuscam-falhas-de-organizacao/, skipping...
[ERROR - 2025-10-21 22:03:13,930 - Worker_0] Status code == 404 for http://blogs.ne10.uol.com.br/jamildo/2014/06/20/livros-de-escola-publica-sao-jogados-em-caminhao-de-lixo-em-jaboatao/, skipping...
[ERROR - 2025-10-21 22:03:18,516 - Worker_0] Status code == 403 for http://noticias.uol.com.br/ultimas-noticias/afp/2014/06/20/raro-exemplar-de-baleia-branca-e-avistado-na-australia.htm, skipping...
[ERROR - 2025-10-21 22:03:22,368 - Worker_4] Status code == 403 for http://noticias.uol.com.br/album/album-do-dia/2014/06/20/imagens-do-dia---20-de-junho-de-2014.htm?abrefoto=40, skipping...
[ERROR - 2025-10-21 22:03:23,806 - Worker_3] Status code == 403 for http://nagradedomma.blogosfera.uol.com.br/2014/06/20/dana-wanderlei-silva-esta-encrencado/, skipping...
[ERROR - 2025-10-21 22:03:26,591 - Worker_4] Status code == 403 for http://josiasdesouza.blogosfera.uol.com.br/2014/06/20/coligacoes-dao-a-politica-a-aparencia-de-suruba/, skipping...
[ERROR - 2025-10-21 22:03:27,899 - Worker_3] Status code == 403 for http://noticias.uol.com.br/midiaglobal/freakonomics/2014/06/20/por-que-os-eua-nao-amam-o-futebol.htm, skipping...
[ERROR - 2025-10-21 22:03:38,005 - Worker_3] Failed to connect with http://blogdobirner.virgula.uol.com.br/2014/06/20/costa-rica-gigante/ after 3 attempts, skipping...
[ERROR - 2025-10-21 22:03:49,150 - Worker_0] Status code == 403 for http://economia.uol.com.br/noticias/valor-online/2014/06/19/impacto-de-calote-argentino-para-brasil-se-limita-a-comercio-exterior.htm, skipping...
[ERROR - 2025-10-21 22:03:53,473 - Worker_0] Status code == 403 for http://blogdomenon.blogosfera.uol.com.br/2014/06/20/54-costa-rica-destruidora-de-imperios/, skipping...
[ERROR - 2025-10-21 22:03:57,479 - Worker_2] Status code == 404 for http://guia.uol.com.br/belo-horizonte/noticias/2014/06/20/grupo-espanca-faz-temporada-de-todos-os-seus-espetaculos-em-bh.htm, skipping...
[ERROR - 2025-10-21 22:04:02,170 - Worker_4] Status code == 403 for http://economia.uol.com.br/noticias/efe/2014/06/20/cristina-kirchner-pede-garantias-de-negociacao-para-pagar-todos-os-credores.htm, skipping...
[ERROR - 2025-10-21 22:04:04,449 - Worker_0] Status code == 403 for http://educacao.uol.com.br/quiz/2014/06/20/o-que-e-a-sensacao-termica-no-inverno.htm, skipping...
[ERROR - 2025-10-21 22:04:06,204 - Worker_2] Status code == 403 for http://noticias.uol.com.br/saude/ultimas-noticias/redacao/2014/06/20/ministerio-da-saude-deposita-dinheiro-para-bebe-sophia-se-tratar-nos-eua.htm, skipping...
[ERROR - 2025-10-21 22:04:35,412 - Worker_3] Status code == 404 for http://guia.uol.com.br/curitiba/noticias/2014/06/20/fim-de-semana-em-curitiba-tem-feiras-de-gastronomia-hispanica-e-japonesa.htm, skipping...
[ERROR - 2025-10-21 22:04:42,858 - Worker_2] Status code == 403 for http://blogdojuca.uol.com.br/2014/06/a-vitoria-da-linha-do-equador-em-duras-penas/, skipping...
[ERROR - 2025-10-21 22:04:45,513 - Worker_4] Status code == 403 for http://blogdojuca.uol.com.br/2014/06/ferrolho-vira-queijo-suico-e-leva-um-chocolate/, skipping...
[ERROR - 2025-10-21 22:04:56,774 - Worker_2] Status code == 403 for http://blogdoneto.blogosfera.uol.com.br/2014/06/20/nao-vale-chorar-antes-da-hora/, skipping...
[ERROR - 2025-10-21 22:04:56,955 - Worker_4] Status code == 403 for http://educacao.uol.com.br/quiz/2014/05/02/voce-conhece-as-bandeiras-dos-paises-que-estarao-na-copa-2014-faca-o-teste-e-descubra.htm, skipping...
[ERROR - 2025-10-21 22:05:01,128 - Worker_4] Status code == 403 for http://uolesporte.blogosfera.uol.com.br/2014/06/20/ingles-bomba-na-web-com-videos-da-copa-e-zoa-ate-o-choro-brasileiro-no-hino/, skipping...
[ERROR - 2025-10-21 22:05:04,259 - Worker_3] Status code == 500 for http://copadomundo.uol.com.br/cidades-sede-e-estadios/2014/avaliacao/, skipping...
[ERROR - 2025-10-21 22:05:05,347 - Worker_4] Status code == 403 for http://uolesporte.blogosfera.uol.com.br/2014/06/20/no-paredao-mas-nao-e-batida-argentinos-buscam-sinal-de-wi-fi/, skipping...
[ERROR - 2025-10-21 22:05:06,834 - Worker_1] Status code == 403 for http://josiasdesouza.blogosfera.uol.com.br/2014/06/20/lula-enxerga-elite-branca-no-reflexo-do-espelho/, skipping...
[ERROR - 2025-10-21 22:05:09,255 - Worker_2] Status code == 403 for http://josecruz.blogosfera.uol.com.br/2014/06/a-copa-ja-esta-ganha/, skipping...
[ERROR - 2025-10-21 22:05:09,676 - Worker_4] Status code == 403 for http://negociosdoesporte.blogosfera.uol.com.br/2014/06/21/ronaldo-e-a-homenagem-salgada-a-klose/, skipping...
[ERROR - 2025-10-21 22:05:12,038 - Worker_0] Status code == 403 for http://fernandorodrigues.blogosfera.uol.com.br/2014/06/21/pt-esconde-temer-de-cartazes-e-videos-de-ato-que-lanca-dilma-a-reeleicao/, skipping...
[ERROR - 2025-10-21 22:05:16,654 - Worker_0] Status code == 404 for http://esporte.uol.com.br/f1/ultimas-noticias/2014/06/21/massa-quebra-longo-jejum-e-garante-pole-para-o-gp-da-austria.htm, skipping...
[ERROR - 2025-10-21 22:05:16,798 - Worker_4] Status code == 404 for http://ne10.uol.com.br/canal/cotidiano/grande-recife/noticia/2014/06/21/policia-federal-divulga-imagens-de-mexicano-que-pulou-de-navio-494725.php, skipping...
[ERROR - 2025-10-21 22:05:58,053 - Worker_2] Status code == 403 for http://blogdojuca.uol.com.br/2014/06/gana-com-garra-alemanha-com-klose-na-copa-das-zebras/, skipping...
[ERROR - 2025-10-21 22:06:00,410 - Worker_3] Status code == 403 for http://noticias.uol.com.br/album/2014/06/21/indigenas-bolivianos-comemoram-inicio-do-ano-5522.htm?abrefoto=6, skipping...
[ERROR - 2025-10-21 22:06:02,208 - Worker_2] Status code == 403 for http://noticias.uol.com.br/tabloide/album/2014/01/06/os-recordes-e-tentativas-de-2014.htm, skipping...
[ERROR - 2025-10-21 22:06:07,924 - Worker_2] Status code == 404 for http://cenapop.virgula.uol.com.br/2014/06/21/47526-musa-mexicana-vira-peso-para-o-bicampeao-brasileiro-de-fisiculturismo-ricardo-barguine/, skipping...
[ERROR - 2025-10-21 22:06:22,384 - Worker_3] Status code == 403 for http://noticias.uol.com.br/ultimas-noticias/deutschewelle/2014/06/21/surto-de-ebola-esta-fora-de-controle-alerta-medicos-sem-fronteiras.htm, skipping...
[ERROR - 2025-10-21 22:06:26,546 - Worker_3] Status code == 403 for http://noticias.uol.com.br/ultimas-noticias/reuters/2014/06/21/paises-balticos-podem-apoiar-mais-sancoes-contra-a-russia.htm, skipping...
[ERROR - 2025-10-21 22:06:39,358 - Worker_1] Status code == 404 for http://guia.uol.com.br/sao-paulo/criancas/noticias/2014/06/18/promocao-do-hopi-hari-e-espetaculo-lazytown-estao-em-roteiro-de-ferias.htm, skipping...
[ERROR - 2025-10-21 22:06:45,016 - Worker_4] Status code == 404 for http://guia.uol.com.br/brasilia/restaurantes/noticias/2014/06/10/restaurante-sobre-rodas-burger-truck-oferece-hamburgueres-gourmet.htm, skipping...
[ERROR - 2025-10-21 22:06:46,312 - Worker_1] Status code == 403 for http://tecnologia.uol.com.br/noticias/redacao/2014/06/20/google-e-microsoft-planejam-recurso-que-bloqueia-telefone-em-caso-de-roubo.htm, skipping...
[ERROR - 2025-10-21 22:06:47,636 - Worker_3] Status code == 403 for http://noticias.uol.com.br/ultimas-noticias/afp/2014/06/21/ataques-do-boko-haram-deixam-pelo-menos-10-mortos-no-norte-da-nigeria.htm, skipping...
[ERROR - 2025-10-21 22:06:50,725 - Worker_1] Status code == 404 for http://copadomundo.uol.com.br/noticias/redacao/2014/06/21/torcedor-da-bosnia-troca-ingresso-da-copa-por-selinho-em-brasileira.htm/, skipping...
[ERROR - 2025-10-21 22:06:52,271 - Worker_3] Status code == 403 for http://tecnologia.uol.com.br/album/2014/06/13/nas-redes-sociais-abertura-da-copa-rende-piadas-com-galinha-pintadinha-e-miley-cyrus.htm, skipping...
[ERROR - 2025-10-21 22:06:53,724 - Worker_0] Status code == 500 for http://copadomundo.uol.com.br/cidades-sede-e-estadios/2014/avaliacao/, skipping...
[ERROR - 2025-10-21 22:06:55,000 - Worker_1] Status code == 404 for http://futebol.placar.esporte.uol.com.br/futebol/copa-do-mundo/2014/06/21/nigeria-x-bosnia-herzegovina.htm, skipping...
[ERROR - 2025-10-21 22:06:58,684 - Worker_4] Status code == 403 for http://colunaesplanada.blogosfera.uol.com.br/2014/06/21/com-100-mil-inqueritos-na-mesa-pf-vira-baba-de-luxo-de-selecoes/, skipping...
[ERROR - 2025-10-21 22:07:12,803 - Worker_0] Status code == 404 for http://guia.uol.com.br/curitiba/noticias/2014/06/18/pecas-de-rua-e-espetaculo-a-r-10-sao-opcoes-de-teatro-em-curitiba.htm, skipping...
[ERROR - 2025-10-21 22:07:15,774 - Worker_1] Status code == 403 for http://rodrigomattos.blogosfera.uol.com.br/2014/06/22/classicos-sul-americanos-viram-novo-temor-de-seguranca-na-copa/, skipping...
[ERROR - 2025-10-21 22:07:22,351 - Worker_1] Status code == 403 for http://noticias.uol.com.br/album/album-do-dia/2014/06/22/imagens-do-dia---22-de-junho-de-2014.htm?abrefoto=31, skipping...
[ERROR - 2025-10-21 22:07:22,361 - Worker_3] Status code == 404 for http://esporte.uol.com.br/f1/ultimas-noticias/2014/06/22/massa-exibe-chateacao-apos-ser-ultrapassado-so-uma-vez-e-terminar-em-4.htm, skipping...
[ERROR - 2025-10-21 22:07:26,528 - Worker_3] Status code == 403 for http://noticias.uol.com.br/album/album-do-dia/2014/06/19/imagens-do-dia---19-de-junho-de-2014.htm?abrefoto=18, skipping...
[ERROR - 2025-10-21 22:07:30,701 - Worker_3] Status code == 403 for http://noticias.uol.com.br/ultimas-noticias/agencia-estado/2014/06/22/sp-idoso-morre-apos-ser-arrastado-por-motorista-bebado.htm, skipping...
[ERROR - 2025-10-21 22:07:30,886 - Worker_1] Status code == 403 for http://noticias.uol.com.br/cotidiano/ultimas-noticias/2014/06/22/acidentes-provocam-lentidao-em-rodovias-na-volta-para-sp.htm, skipping...
[ERROR - 2025-10-21 22:07:34,792 - Worker_3] Status code == 403 for http://noticias.uol.com.br/midiaglobal/the-international-new-york-times/2014/06/22/diretor-da-tailandia-quer-levar-filme-de-drama-para-fora-do-pais.htm, skipping...
[ERROR - 2025-10-21 22:07:34,990 - Worker_1] Status code == 403 for http://noticias.uol.com.br/midiaglobal/nytimes/2014/06/22/para-alcancar-sucesso-e-preciso-avaliar-em-que-etapa-do-progresso-voce-esta.htm, skipping...
[ERROR - 2025-10-21 22:07:41,397 - Worker_3] Status code == 403 for http://noticias.uol.com.br/saude/ultimas-noticias/afp/2014/06/22/cientistas-explicam-vinculo-entre-estresse-e-ataque-cardiaco.htm, skipping...
[ERROR - 2025-10-21 22:07:42,595 - Worker_4] Status code == 403 for http://noticias.uol.com.br/saude/ultimas-noticias/bbc/2014/06/19/agencia-de-saude-britanica-sugere-novas-alternativas-contra-ataques-cardiacos.htm, skipping...
[ERROR - 2025-10-21 22:07:45,053 - Worker_1] Failed to connect with http://natelinha.ne10.uol.com.br/novelas/2014/06/22/em-familia-luiza-quase-descobre-que-laerte-flerta-com-livia-saiba-como-76389.php after 3 attempts, skipping...
[ERROR - 2025-10-21 22:07:45,499 - Worker_3] Status code == 403 for http://noticias.uol.com.br/ultimas-noticias/afp/2014/06/22/alivio-na-argentina-por-decisao-do-governo-de-negociar-com-fundos.htm, skipping...
[ERROR - 2025-10-21 22:07:49,850 - Worker_3] Status code == 403 for http://educacao.uol.com.br/noticias/2014/06/22/dilma-sanciona-pne-nesta-semana-e-maior-desafio-sera-investimento.htm, skipping...
[ERROR - 2025-10-21 22:07:49,881 - Worker_1] Status code == 404 for http://esporte.uol.com.br/f1/ultimas-noticias/2014/06/22/massa-culpa-equipe-por-ficar-fora-do-podio-mas-fica-feliz-com-resultado.htm, skipping...
[ERROR - 2025-10-21 22:07:52,721 - Worker_4] Failed to connect with http://procurasecachorro.uol.com.br/blog/2014/06/veja-dicas-para-o-bichinho-de-estimacao-se-adaptar-ao-lar/ after 3 attempts, skipping...
[ERROR - 2025-10-21 22:07:57,829 - Worker_2] Status code == 403 for http://noticias.uol.com.br/album/album-do-dia/2014/06/21/imagens-do-dia---21-de-junho-de-2014.htm?abrefoto=23, skipping...
[ERROR - 2025-10-21 22:08:02,164 - Worker_3] Status code == 404 for http://esporte.uol.com.br/f1/ultimas-noticias/2014/06/22/bottas-exalta-forca-da-mercedes-e-divide-meritos-com-williams-apos-podio.htm, skipping...
[ERROR - 2025-10-21 22:08:03,084 - Worker_1] Status code == 403 for http://noticias.uol.com.br/politica/ultimas-noticias/2014/06/22/stf-julga-na-quarta-feira-trabalho-externo-de-condenados-no-mensalao.htm, skipping...
[ERROR - 2025-10-21 22:08:11,791 - Worker_1] Status code == 403 for http://blogdoperrone.blogosfera.uol.com.br/2014/06/corinthians-teme-que-chilenos-quebrem-o-itaquerao/, skipping...
[ERROR - 2025-10-21 22:08:16,192 - Worker_3] Status code == 404 for http://futebol.placar.esporte.uol.com.br/futebol/copa-do-mundo/2014/06/22/estados-unidos-x-portugal.htm, skipping...
[ERROR - 2025-10-21 22:08:16,897 - Worker_2] Status code == 404 for http://guia.uol.com.br/belo-horizonte/noticias/2014/06/03/sebastiao-salgado-chega-a-bh-com-genesis-uma-viagem-dentro-de-mim-mesmo.htm, skipping...
[ERROR - 2025-10-21 22:08:22,717 - Worker_3] Status code == 500 for http://copadomundo.uol.com.br/cidades-sede-e-estadios/2014/avaliacao/, skipping...
[ERROR - 2025-10-21 22:08:23,093 - Worker_1] Status code == 403 for http://noticias.uol.com.br/internacional/ultimas-noticias/2014/06/22/piloto-do-mh370-treinou-pouso-em-ilhas-desertas-diz-jornal.htm, skipping...
[ERROR - 2025-10-21 22:08:24,811 - Worker_0] Status code == 403 for http://noticias.uol.com.br/album/2014/06/10/convencoes-partidarias-definem-candidatos-e-aliancas.htm?abrefoto=32, skipping...
[ERROR - 2025-10-21 22:08:29,537 - Worker_4] Status code == 403 for http://uolesportevetv.blogosfera.uol.com.br/2014/06/22/reporter-da-globo-e-flagrada-no-celular-e-joga-aparelho-no-chao/, skipping...
[ERROR - 2025-10-21 22:08:50,213 - Worker_1] Status code == 403 for http://noticias.uol.com.br/ultimas-noticias/efe/2014/06/23/monotor-se-choca-contra-aviao-militar-em-manobra-conjunta-na-alemanha.htm, skipping...
[ERROR - 2025-10-21 22:08:51,253 - Worker_2] Status code == 403 for http://blogdojuca.uol.com.br/2014/06/roger-flores-admite-ter-perdido-penalti-de-proposito/, skipping...
[ERROR - 2025-10-21 22:08:51,318 - Worker_0] Status code == 403 for http://noticias.uol.com.br/meio-ambiente/album/2014/01/08/veja-imagens-e-noticias-de-meio-ambiente-em-2014.htm?abrefoto=67, skipping...
[ERROR - 2025-10-21 22:08:54,428 - Worker_3] Status code == 404 for http://guia.uol.com.br/brasilia/restaurantes/noticias/2014/05/29/restaurantes-e-bares-lancam-menus-especiais-para-a-copa-do-mundo.htm, skipping...
[ERROR - 2025-10-21 22:08:54,479 - Worker_1] Status code == 403 for http://reginanavarro.blogosfera.uol.com.br/2014/06/23/o-machao-ainda-atrai-as-mulheres-por-que/, skipping...
[ERROR - 2025-10-21 22:08:57,905 - Worker_0] Status code == 403 for http://economia.uol.com.br/quiz/2014/06/12/que-tipo-de-tecnico-voce-e-na-sua-empresa.htm, skipping...
[ERROR - 2025-10-21 22:08:58,906 - Worker_3] Status code == 403 for http://tecnologia.uol.com.br/noticias/reuters/2014/06/23/russia-pede-a-twitter-que-bloqueie-dezenas-de-contas.htm, skipping...
[ERROR - 2025-10-21 22:09:00,311 - Worker_4] Status code == 404 for http://guia.uol.com.br/rio-de-janeiro/passeios/noticias/2014/06/13/rio-tem-visitas-guiadas-gratuitas-a-pontos-turisticos-durante-a-copa.htm, skipping...
[ERROR - 2025-10-21 22:09:00,835 - Worker_1] Status code == 403 for http://noticias.uol.com.br/tabloide/ultimas-noticias/2014/06/23/e-o-brasil-e-bi-em-concurso-internacional-na-colombia.htm, skipping...
[ERROR - 2025-10-21 22:09:01,980 - Worker_0] Status code == 403 for http://noticias.uol.com.br/album/album-do-dia/2014/06/23/imagens-do-dia---23-de-junho-de-2014.htm?abrefoto=40, skipping...
[ERROR - 2025-10-21 22:09:10,854 - Worker_0] Status code == 403 for http://tecnologia.uol.com.br/album/2014/03/04/com-moda-dos-selfies-usuarios-fazem-autorretrato-em-situacoes-inusitadas.htm?abrefoto=60, skipping...
[ERROR - 2025-10-21 22:09:13,839 - Worker_4] Status code == 403 for http://noticias.uol.com.br/saude/ultimas-noticias/estado/2014/06/23/entrega-de-remedios-do-hc-apresenta-falhas.htm, skipping...
[ERROR - 2025-10-21 22:09:18,120 - Worker_4] Status code == 403 for http://blogdomenon.blogosfera.uol.com.br/2014/06/23/68-neymar-vai-superar-pele/, skipping...
[ERROR - 2025-10-21 22:09:20,549 - Worker_3] Status code == 403 for http://noticias.uol.com.br/ultimas-noticias/reuters/2014/06/23/epidemia-de-ebola-na-africa-ocidental-esta-fora-de-controle-diz-msf.htm, skipping...
[ERROR - 2025-10-21 22:09:24,648 - Worker_3] Status code == 403 for http://noticias.uol.com.br/midiaglobal/nytimes/2014/06/23/gemeos-criados-em-vilarejo-lider-nos-eua-na-formacao-de-padres-aceitam-o-chamado.htm, skipping...
[ERROR - 2025-10-21 22:09:28,157 - Worker_4] Failed to connect with http://natelinha.ne10.uol.com.br/mulher/2014/05/28/confira-dicas-que-podem-ajudar-na-sua-convivencia-em-um-novo-emprego-75503.php after 3 attempts, skipping...
[ERROR - 2025-10-21 22:09:28,730 - Worker_3] Status code == 403 for http://noticias.uol.com.br/internacional/ultimas-noticias/the-new-york-times/2014/06/16/starbucks-oferecera-cursos-universitarios-gratuitos-para-funcionarios-nos-eua.htm, skipping...
[ERROR - 2025-10-21 22:09:29,438 - Worker_1] Status code == 403 for http://mauriciostycer.blogosfera.uol.com.br/2014/06/23/apelacao-do-esporte-espetacular-deve-deixar-geraldo-luis-com-inveja/, skipping...
[ERROR - 2025-10-21 22:09:35,088 - Worker_0] Status code == 403 for http://tecnologia.uol.com.br/noticias/redacao/2014/06/23/marco-civil-da-internet-entra-em-vigor-veja-como-ele-pode-afetar-sua-vida.htm, skipping...
[ERROR - 2025-10-21 22:09:36,920 - Worker_4] Status code == 403 for http://noticias.uol.com.br/tabloide/album/2014/01/06/os-recordes-e-tentativas-de-2014.htm, skipping...
[ERROR - 2025-10-21 22:09:38,258 - Worker_1] Status code == 403 for http://noticias.uol.com.br/ultimas-noticias/valor/2014/06/23/aecio-confirma-ellen-gracie-como-um-dos-nomes-cotados-para-vice.htm, skipping...
[ERROR - 2025-10-21 22:09:39,185 - Worker_0] Status code == 403 for http://noticias.uol.com.br/album/album-do-dia/2014/06/23/imagens-do-dia---23-de-junho-de-2014.htm?abrefoto=43, skipping...
[ERROR - 2025-10-21 22:09:42,502 - Worker_1] Status code == 403 for http://blogdasophia.blogosfera.uol.com.br/2014/06/18/fui-embora-do-emprego-no-mes-do-reajuste-salarial-tenho-direito-tambem/, skipping...
[ERROR - 2025-10-21 22:09:45,711 - Worker_0] Status code == 403 for http://rodrigomattos.blogosfera.uol.com.br/2014/06/23/paulinho-e-o-novo-rai-felipao-tem-que-largar-queridinhos-e-botar-melhores/, skipping...
[ERROR - 2025-10-21 22:09:47,836 - Worker_3] Status code == 404 for http://guia.uol.com.br/sao-paulo/shows/noticias/2014/06/22/daniel-boaventura-faz-show-em-casa-intimista-de-sp-na-quarta-25.htm, skipping...
[ERROR - 2025-10-21 22:09:50,744 - Worker_0] Status code == 404 for http://esporte.uol.com.br/f1/ultimas-noticias/2014/06/23/documentos-sobre-saude-de-schumacher-sao-roubados-de-hospital-da-franca.htm, skipping...
[ERROR - 2025-10-21 22:09:52,687 - Worker_4] Status code == 403 for http://blogdosakamoto.blogosfera.uol.com.br/2014/06/23/exclusivo-o-plano-para-a-implementacao-do-comunismo-no-brasil-e-real/, skipping...
[ERROR - 2025-10-21 22:09:55,008 - Worker_0] Status code == 403 for http://educacao.uol.com.br/noticias/agencia-estado/2014/06/23/fisico-alemao-se-torna-reitor-da-federal-do-abc.htm, skipping...
[ERROR - 2025-10-21 22:09:59,056 - Worker_3] Status code == 403 for http://noticias.uol.com.br/saude/ultimas-noticias/bbc/2014/06/23/kit-portatil-promete-bebe-de-proveta-a-r-600.htm, skipping...
[ERROR - 2025-10-21 22:09:59,152 - Worker_0] Status code == 403 for http://noticias.uol.com.br/politica/ultimas-noticias/2014/06/23/militares-cassados-pela-ditadura-brasileira-dizem-que-sofrem-perseguicao.htm, skipping...
[ERROR - 2025-10-21 22:10:03,280 - Worker_2] Status code == 500 for http://copadomundo.uol.com.br/cidades-sede-e-estadios/2014/avaliacao/, skipping...
[ERROR - 2025-10-21 22:10:03,388 - Worker_4] Status code == 403 for http://noticias.uol.com.br/cotidiano/ultimas-noticias/2014/06/23/nove-pessoas-sao-baleadas-em-belo-horizonte-quando-viam-jogo-do-brasil.htm, skipping...
[ERROR - 2025-10-21 22:10:04,544 - Worker_1] Status code == 403 for http://noticias.uol.com.br/internacional/ultimas-noticias/2014/06/23/primeira-guerra-mundial-foi-a-primeira-em-muitos-sentidos-entenda.htm, skipping...
[ERROR - 2025-10-21 22:10:10,257 - Worker_4] Status code == 403 for http://noticias.uol.com.br/ultimas-noticias/efe/2014/06/23/justica-anula-pena-de-morte-a-jovem-convertida-ao-cristianismo-no-sudao.htm, skipping...
[ERROR - 2025-10-21 22:10:15,893 - Worker_1] Status code == 403 for http://josecruz.blogosfera.uol.com.br/2014/06/o-suspeito-sucesso-da-copa-sem-planejamento/, skipping...
[ERROR - 2025-10-21 22:10:20,030 - Worker_1] Status code == 403 for http://uolesporte.blogosfera.uol.com.br/2014/06/23/clima-de-romance-na-copa-belga-comemora-vitoria-com-beijo-na-arquibancada/, skipping...
[ERROR - 2025-10-21 22:10:26,412 - Worker_0] Status code == 403 for http://uolesportevetv.blogosfera.uol.com.br/2014/06/23/galvao-reclama-de-critica-de-ronaldo-a-selecao-e-corneta-tira-teima-fifa/, skipping...
[ERROR - 2025-10-21 22:10:29,311 - Worker_1] Status code == 404 for http://cenapop.virgula.uol.com.br/2014/06/18/47285-mulher-resolve-tomar-banho-de-sol-nua-e-provoca-acidente-na-austria/, skipping...
[ERROR - 2025-10-21 22:10:30,581 - Worker_0] Status code == 403 for http://noticias.uol.com.br/midiaglobal/nytimes/2014/06/23/afegaos-que-se-casaram-por-amor-tem-reencontro-apos-serem-presos.htm, skipping...
[ERROR - 2025-10-21 22:10:33,318 - Worker_3] Status code == 403 for http://blogdojuca.uol.com.br/2014/06/roger-flores-admite-ter-perdido-penalti-de-proposito/, skipping...
[ERROR - 2025-10-21 22:10:33,568 - Worker_1] Status code == 403 for http://economia.uol.com.br/cotacoes/noticias/redacao/2014/06/24/dolar-fecha-em-alta-de-04-a-r-2227-na-venda.htm, skipping...
[ERROR - 2025-10-21 22:10:33,889 - Worker_4] Status code == 404 for http://guia.uol.com.br/rio-de-janeiro/exposicoes/noticias/2014/06/10/campo-de-futebol-virtual-e-obras-interativas-estao-em-mostra-de-games.htm, skipping...
[ERROR - 2025-10-21 22:10:37,468 - Worker_2] Status code == 403 for http://blogdojuca.uol.com.br/2014/06/era-neymar-alias-e/, skipping...
[ERROR - 2025-10-21 22:10:37,743 - Worker_1] Status code == 403 for http://noticias.uol.com.br/politica/ultimas-noticias/2014/06/24/pros-decide-manter-apoio-a-dilma-legenda-rendera-35s-de-tv.htm, skipping...
[ERROR - 2025-10-21 22:10:41,692 - Worker_2] Status code == 403 for http://economia.uol.com.br/cotacoes/noticias/redacao/2014/06/24/bc-estende-intervencao-no-cambio-pelo-menos-ate-31-de-dezembro.htm, skipping...
[ERROR - 2025-10-21 22:10:41,969 - Worker_1] Status code == 403 for http://josiasdesouza.blogosfera.uol.com.br/2014/06/24/sarney-durou-tanto-que-se-tornou-inaposentavel/, skipping...
[ERROR - 2025-10-21 22:10:45,386 - Worker_3] Status code == 403 for http://economia.uol.com.br/album/2014/06/24/site-lista-as-melhores-empresas-para-voar-na-classe-economica.htm?abrefoto=3, skipping...
[ERROR - 2025-10-21 22:10:49,475 - Worker_3] Status code == 403 for http://noticias.uol.com.br/album/2014/05/08/protestos-e-greves-pelo-brasil.htm?abrefoto=245, skipping...
[ERROR - 2025-10-21 22:11:01,010 - Worker_4] Status code == 403 for http://fernandorodrigues.blogosfera.uol.com.br/2014/06/24/deputados-usam-esquema-para-pagar-ate-1-300-a-mais-de-ferias-a-servidores/, skipping...
[ERROR - 2025-10-21 22:11:05,123 - Worker_4] Status code == 403 for http://noticias.uol.com.br/ciencia/ultimas-noticias/redacao/2014/06/24/astronomos-identificam-estrela-feita-de-diamante-do-tamanho-da-terra.htm, skipping...
[ERROR - 2025-10-21 22:11:05,901 - Worker_1] Status code == 403 for http://noticias.uol.com.br/politica/ultimas-noticias/2014/06/24/stf-abre-acao-contra-politico-que-teria-comprado-gasolina-para-dar-9-voltas-na-terra.htm, skipping...
[ERROR - 2025-10-21 22:11:07,116 - Worker_0] Status code == 403 for http://blogdojuca.uol.com.br/2014/06/golombia-de-novo-e-grecia-elimina-uma-costa-para-pegar-outra/, skipping...
[ERROR - 2025-10-21 22:11:08,286 - Worker_2] Status code == 403 for http://blogdomenon.blogosfera.uol.com.br/2014/06/24/69-adeus-giba/, skipping...
[ERROR - 2025-10-21 22:11:08,498 - Worker_3] Status code == 403 for http://economia.uol.com.br/noticias/infomoney/2014/06/24/mansao-de-walt-disney-e-vendida-por-r-164-milhoes.htm, skipping...
[ERROR - 2025-10-21 22:11:09,415 - Worker_4] Status code == 403 for http://uolesporte.blogosfera.uol.com.br/2014/06/24/mick-jagger-faz-mais-uma-vitima-agora-os-italianos-sofreram-com-o-pe-frio/, skipping...
[ERROR - 2025-10-21 22:11:13,519 - Worker_4] Status code == 403 for http://noticias.uol.com.br/album/album-do-dia/2014/06/24/imagens-do-dia---24-de-junho-de-2014.htm?abrefoto=23, skipping...
[ERROR - 2025-10-21 22:11:29,691 - Worker_4] Status code == 403 for http://noticias.uol.com.br/opiniao/coluna/2014/06/24/numero-de-mortes-violentas-no-pais-e-inaceitavel.htm, skipping...
[ERROR - 2025-10-21 22:11:30,215 - Worker_2] Status code == 403 for http://noticias.uol.com.br/politica/ultimas-noticias/2014/06/24/defesa-de-genoino-envia-novos-exames-para-pedir-regime-domiciliar.htm, skipping...
[ERROR - 2025-10-21 22:11:33,332 - Worker_0] Status code == 404 for http://guia.uol.com.br/rio-de-janeiro/cinema/noticias/2014/06/18/mostra-exibe-praia-do-futuro-e-outros-filmes-de-karim-ainouz.htm, skipping...
[ERROR - 2025-10-21 22:11:39,777 - Worker_3] Status code == 403 for http://blogdosakamoto.blogosfera.uol.com.br/2014/06/24/manifestante-disfarcado-de-vitrine-tem-menos-chance-de-apanhar-da-policia/, skipping...
[ERROR - 2025-10-21 22:11:43,322 - Worker_1] Status code == 500 for http://copadomundo.uol.com.br/cidades-sede-e-estadios/2014/avaliacao/, skipping...
[ERROR - 2025-10-21 22:11:51,437 - Worker_4] Status code == 404 for http://cenapop.virgula.uol.com.br/2014/06/18/47285-mulher-resolve-tomar-banho-de-sol-nua-e-provoca-acidente-na-austria/, skipping...
[ERROR - 2025-10-21 22:11:52,125 - Worker_1] Status code == 403 for http://rodrigomattos.blogosfera.uol.com.br/2014/06/24/regra-da-fifa-permite-suspender-suarez-por-mordida-mesmo-sem-juiz-ver/, skipping...
[ERROR - 2025-10-21 22:12:01,157 - Worker_0] Status code == 404 for http://guia.uol.com.br/curitiba/noticias/2014/05/20/obras-de-miro-e-di-cavalcanti-chegam-a-espacos-de-curitiba.htm, skipping...
[ERROR - 2025-10-21 22:12:04,954 - Worker_4] Status code == 403 for http://blogdojuliogomes.blogosfera.uol.com.br/2014/06/25/sem-brilho-mas-com-messi-argentina-deixa-caminho-aberto-rumo-a-final/, skipping...
[ERROR - 2025-10-21 22:12:05,350 - Worker_0] Status code == 403 for http://uolesporte.blogosfera.uol.com.br/2014/06/25/narrador-argentino-se-empolga-com-gols-de-messi-e-provoca-neymar-e-pele, skipping...
[ERROR - 2025-10-21 22:12:23,434 - Worker_1] Failed to connect with http://natelinha.ne10.uol.com.br/novelas/2014/06/25/familia-barbara-perdera-a-virgindade-com-andre-saiba-como-sera-a-cena-76507.php after 3 attempts, skipping...
[ERROR - 2025-10-21 22:12:33,432 - Worker_1] Status code == 403 for http://rodrigomattos.blogosfera.uol.com.br/2014/06/25/fifa-investiga-sunga-exposta-de-neymar-em-jogo-da-copa/, skipping...
[ERROR - 2025-10-21 22:12:36,939 - Worker_3] Status code == 404 for http://guia.uol.com.br/sao-paulo/concertos/noticias/2014/06/24/orquestra-jazz-sinfonica-faz-concerto-em-homenagem-a-dorival-caymmi.htm, skipping...
[ERROR - 2025-10-21 22:12:40,696 - Worker_4] Status code == 403 for http://josiasdesouza.blogosfera.uol.com.br/2014/06/25/pp-comunica-o-apoio-a-dilma-mas-omite-a-crise/, skipping...
[ERROR - 2025-10-21 22:12:52,334 - Worker_3] Status code == 403 for http://rodrigomattos.blogosfera.uol.com.br/2014/06/25/fifa-investiga-sunga-exposta-de-neymar/, skipping...
[ERROR - 2025-10-21 22:13:02,612 - Worker_2] Status code == 403 for http://josiasdesouza.blogosfera.uol.com.br/2014/06/25/chantageada-pelo-pr-dilma-dobrou-os-joelhos/, skipping...
[ERROR - 2025-10-21 22:13:07,573 - Worker_1] Status code == 403 for http://colunaesplanada.blogosfera.uol.com.br/2014/06/25/com-jeitinho-de-pre-campanha-henrique-alves-faz-balanco-em-rede-nacional/, skipping...
[ERROR - 2025-10-21 22:13:14,982 - Worker_4] Status code == 403 for http://blogdojuca.uol.com.br/2014/06/de-luiza-para-a-selecao-brasileira/, skipping...
[ERROR - 2025-10-21 22:13:16,218 - Worker_1] Status code == 403 for http://blogdomariomagalhaes.blogosfera.uol.com.br/2014/06/25/maradona-e-melhor-do-que-pele-pois-messi-e-melhor-que-maradona/, skipping...
[ERROR - 2025-10-21 22:13:20,468 - Worker_1] Status code == 403 for http://economia.uol.com.br/noticias/redacao/2014/06/25/stj-nega-novo-recurso-de-herdeiras-do-bradesco-por-acoes-que-valem-r-3-bi.htm, skipping...
[ERROR - 2025-10-21 22:13:32,104 - Worker_2] Status code == 500 for http://copadomundo.uol.com.br/cidades-sede-e-estadios/2014/avaliacao/, skipping...
[ERROR - 2025-10-21 22:13:41,769 - Worker_1] Status code == 404 for http://cenapop.virgula.uol.com.br/2014/06/26/47922-americanas-criam-biquini-que-simula-topless/, skipping...
[ERROR - 2025-10-21 22:13:46,035 - Worker_4] Status code == 403 for http://doutorjairo.blogosfera.uol.com.br/2014/06/26/mais-estudo-e-menos-tempo-ao-ar-livre-resultam-em-mais-gente-de-oculos/, skipping...
[ERROR - 2025-10-21 22:13:46,054 - Worker_1] Status code == 404 for http://copadomundo.uol.com.br/noticias/redacao/2014/06/26/tecnico-de-gana-diz-que-ambiente-ruim-na-equipe-influenciou-em-eliminacao.htm/, skipping...
[ERROR - 2025-10-21 22:13:53,670 - Worker_2] Status code == 403 for http://economia.uol.com.br/noticias/redacao/2014/06/26/petrobras-nao-informou-conselheiros-sobre-acordo-de-r-15-bi-com-o-governo.htm, skipping...
[ERROR - 2025-10-21 22:13:54,046 - Worker_3] Status code == 403 for http://blogdojuliogomes.blogosfera.uol.com.br/2014/06/26/a-fifa-passa-do-ponto-ao-tratar-luis-suarez-como-um-criminoso/, skipping...
[ERROR - 2025-10-21 22:13:58,109 - Worker_2] Status code == 403 for http://josiasdesouza.blogosfera.uol.com.br/2014/06/26/lider-do-pmdb-detalha-acordo-com-aecio-no-ce/, skipping...
[ERROR - 2025-10-21 22:14:02,212 - Worker_4] Status code == 502 for http://noticias.band.uol.com.br/eleicoes/2014/noticia/?id=100000691721&t=luciana-genro-estado-de-plinio-de-arruda-e-terminal, skipping...
[ERROR - 2025-10-21 22:14:02,274 - Worker_0] Status code == 404 for http://noticias.uol.com.br/midiaglobal/prospect/2014/06/26/e-se-o-futebol-nao-tivesse-sido-inventado.htm, skipping...
[ERROR - 2025-10-21 22:14:11,168 - Worker_4] Status code == 403 for http://economia.uol.com.br/noticias/redacao/2014/06/26/governo-vai-lancar-site-para-consumidor-fazer-reclamacoes-contra-empresas.htm, skipping...
[ERROR - 2025-10-21 22:14:15,436 - Worker_4] Status code == 403 for http://educacao.uol.com.br/noticias/agencia-estado/2014/06/26/dilma-pais-tem-pne-a-altura-dos-desafios-educacionais.htm, skipping...
[ERROR - 2025-10-21 22:14:22,360 - Worker_1] Status code == 403 for http://economia.uol.com.br/noticias/reuters/2014/06/26/novo-contrato-da-petrobras-no-pre-sal-pode-custar-50-mais-que-o-divulgado.htm, skipping...
[ERROR - 2025-10-21 22:14:31,725 - Worker_4] Status code == 403 for http://educacao.uol.com.br/noticias/2014/06/26/com-campus-interditado-aulas-do-2-semestre-estao-indefinidas-na-usp-leste.htm, skipping...
[ERROR - 2025-10-21 22:14:34,282 - Worker_3] Status code == 404 for http://guia.uol.com.br/curitiba/noticias/2014/06/25/pandeirada-brasileira-e-grupo-revelacao-sao-atracoes-da-semana-em-curitiba.htm, skipping...
[ERROR - 2025-10-21 22:14:41,018 - Worker_3] Status code == 403 for http://noticias.uol.com.br/cotidiano/ultimas-noticias/2014/06/26/bope-apreende-arsenal-do-trafico-em-comunidade-da-zona-norte-do-rio.htm, skipping...
[ERROR - 2025-10-21 22:14:41,488 - Worker_1] Status code == 404 for http://guia.uol.com.br/belo-horizonte/noticias/2014/06/26/nacao-zumbi-e-jota-quest-agitam-bh-neste-fim-de-semana.htm, skipping...
[ERROR - 2025-10-21 22:14:46,439 - Worker_4] Status code == 403 for http://josiasdesouza.blogosfera.uol.com.br/2014/06/26/dilma-ninguem-saiu-erro-foi-se-a-sensatez/, skipping...
[ERROR - 2025-10-21 22:14:50,705 - Worker_1] Status code == 404 for http://charges.uol.com.br/emails-comentados/2014/06/25/pobre-suares, skipping...
[ERROR - 2025-10-21 22:14:52,598 - Worker_0] Status code == 403 for http://noticias.uol.com.br/midiaglobal/lemonde/2014/06/26/africanos-veem-na-america-latina-e-no-brasil-novo-eldorado-para-imigracao.htm, skipping...
[ERROR - 2025-10-21 22:14:55,679 - Worker_4] Status code == 403 for http://noticias.uol.com.br/politica/ultimas-noticias/2014/06/26/ninguem-esta-saindo-do-governo-diz-dilma-ao-realocar-ministro-dos-transportes.htm, skipping...
[ERROR - 2025-10-21 22:14:57,579 - Worker_2] Status code == 403 for http://noticias.uol.com.br/ultimas-noticias/afp/2014/06/26/homem-esfaqueia-11-pessoas-no-aeroporto-internacional-de-la-paz.htm, skipping...
[ERROR - 2025-10-21 22:14:59,760 - Worker_4] Status code == 403 for http://noticias.uol.com.br/album/2014/06/26/veja-como-bicicleta-e-usada-como-meio-de-transporte-ao-redor-do-mundo.htm?abrefoto=2, skipping...
[ERROR - 2025-10-21 22:15:00,106 - Worker_3] Status code == 404 for http://guia.uol.com.br/brasilia/cinema/noticias/2014/06/26/mostra-sobre-cinema-pernambucano-fica-em-cartaz-ate-sabado-28-no-ccbb.htm, skipping...
[ERROR - 2025-10-21 22:15:03,832 - Worker_4] Status code == 403 for http://noticias.uol.com.br/cotidiano/ultimas-noticias/2014/06/26/protesto-em-sao-paulo.htm, skipping...
[ERROR - 2025-10-21 22:15:16,977 - Worker_0] Status code == 500 for http://copadomundo.uol.com.br/cidades-sede-e-estadios/2014/avaliacao/, skipping...
[ERROR - 2025-10-21 22:15:21,742 - Worker_3] Status code == 404 for http://guia.uol.com.br/brasilia/noticias/2014/06/25/exposicao-reune-acervo-historico-da-selecao-brasileira-no-conjunto-nacional.htm, skipping...
[ERROR - 2025-10-21 22:15:22,918 - Worker_4] Status code == 404 for http://guia.uol.com.br/sao-paulo/exposicoes/noticias/2014/06/25/exposicao-celebra-50-anos-de-beatles-com-discos-e-objetos-raros-em-sp.htm, skipping...
[ERROR - 2025-10-21 22:15:29,437 - Worker_1] Status code == 403 for http://blogdojuca.uol.com.br/2014/06/que-pena-suarez/, skipping...
[ERROR - 2025-10-21 22:15:31,872 - Worker_4] Status code == 403 for http://noticias.uol.com.br/midiaglobal/lemonde/2014/06/27/boko-haram-o-fogo-que-se-alastra-pela-nigeria.htm, skipping...
[ERROR - 2025-10-21 22:15:33,603 - Worker_1] Status code == 403 for http://noticias.uol.com.br/ultimas-noticias/efe/2014/06/27/suposto-narcotraficante-argentino-foragido-desde-2010-e-detido-no-brasil.htm, skipping...
[ERROR - 2025-10-21 22:15:38,679 - Worker_0] Status code == 403 for http://nagradedomma.blogosfera.uol.com.br/2014/06/27/rodada-dupla-de-ufc-tem-volta-de-mutante-e-legiao-brasileira-em-acao/, skipping...
[ERROR - 2025-10-21 22:15:39,360 - Worker_2] Status code == 403 for http://noticias.uol.com.br/tabloide/album/2014/01/06/os-recordes-e-tentativas-de-2014.htm, skipping...
[ERROR - 2025-10-21 22:15:42,713 - Worker_1] Status code == 403 for http://fernandorodrigues.blogosfera.uol.com.br/2014/06/27/psd-de-kassab-vai-apoiar-paulo-skaf-pmdb-para-o-governo-de-sao-paulo/, skipping...
[ERROR - 2025-10-21 22:15:47,314 - Worker_0] Status code == 403 for http://noticias.uol.com.br/ultimas-noticias/reuters/2014/06/27/apagao-afeta-cidades-da-venezuela-e-interrompe-transmissao-de-maduro.htm, skipping...
[ERROR - 2025-10-21 22:16:03,537 - Worker_2] Status code == 403 for http://noticias.uol.com.br/ultimas-noticias/reuters/2014/06/27/ucrania-estende-cessar-fogo-em-72-horas-ate-30-de-junho.htm, skipping...
[ERROR - 2025-10-21 22:16:08,604 - Worker_0] Status code == 404 for http://guia.uol.com.br/belo-horizonte/noticias/2014/06/26/conexao-bh-tem-shows-de-tulipa-ruiz-e-bnegao-programacao-vai-ate-julho.htm, skipping...
[ERROR - 2025-10-21 22:16:09,094 - Worker_1] Status code == 403 for http://noticias.uol.com.br/cotidiano/ultimas-noticias/2014/06/27/consorcio-da-prazo-de-10-dias-para-acabar-volume-util-do-sistema-cantareira.htm, skipping...
[ERROR - 2025-10-21 22:16:13,828 - Worker_4] Status code == 403 for http://josiasdesouza.blogosfera.uol.com.br/2014/06/27/roseana-afirma-que-nao-disputara-mais-eleicoes/, skipping...
[ERROR - 2025-10-21 22:16:15,168 - Worker_0] Status code == 403 for http://fernandorodrigues.blogosfera.uol.com.br/2014/06/27/pr-que-apoia-dilma-defende-mudanca-em-time-que-esta-ganhando-na-tv/, skipping...
[ERROR - 2025-10-21 22:16:15,585 - Worker_1] Status code == 403 for http://noticias.uol.com.br/midiaglobal/nytimes/2014/06/27/em-meio-a-crise-no-iraque-premie-se-recusa-a-fazer-concessoes-e-perde-apoio.htm, skipping...
[ERROR - 2025-10-21 22:16:18,171 - Worker_4] Status code == 403 for http://omundoemmovimento.blogosfera.uol.com.br/2014/06/26/cuidado-para-a-bandeira-nao-obstruir-a-entrada-de-ar/, skipping...
[ERROR - 2025-10-21 22:16:19,341 - Worker_0] Status code == 403 for http://josiasdesouza.blogosfera.uol.com.br/2014/06/27/ciro-insinua-que-ha-suborno-na-eleicao-do-ce/, skipping...
[ERROR - 2025-10-21 22:16:21,672 - Worker_2] Status code == 403 for http://noticias.uol.com.br/cotidiano/ultimas-noticias/2014/06/27/termina-greve-de-onibus-em-curitiba.htm, skipping...
[ERROR - 2025-10-21 22:16:22,092 - Worker_1] Status code == 403 for http://noticias.uol.com.br/ultimas-noticias/efe/2014/06/27/deputada-de-ny-perde-cadeira-por-mentir-para-conseguir-cidadania-americana.htm, skipping...
[ERROR - 2025-10-21 22:16:27,137 - Worker_4] Status code == 502 for http://noticias.band.uol.com.br/brasilurgente/video/2014/06/27/15094461/teto-de-uti-desaba-em-cima-de-paciente.html, skipping...
[ERROR - 2025-10-21 22:16:28,129 - Worker_2] Status code == 403 for http://fernandorodrigues.blogosfera.uol.com.br/2014/06/27/skaf-convida-meirelles-para-ser-candidato-ao-senado/, skipping...
[ERROR - 2025-10-21 22:16:32,279 - Worker_2] Status code == 403 for http://noticias.uol.com.br/meio-ambiente/album/2014/04/16/novas-especies-2014.htm?abrefoto=11, skipping...
[ERROR - 2025-10-21 22:16:37,268 - Worker_4] Failed to connect with http://noticias.carsale.uol.com.br/ultimas/2014/06/24/troca-do-filtro-do-ar-condicionado-pode-prevenir-doencas-respiratorias/ after 3 attempts, skipping...
[ERROR - 2025-10-21 22:16:44,183 - Worker_4] Status code == 403 for http://blogdomenon.blogosfera.uol.com.br/2014/06/27/80-a-selecao-da-primeira-fase-a-copa-e-tao-boa-que-fiz-logo-duas/, skipping...
[ERROR - 2025-10-21 22:16:47,338 - Worker_0] Status code == 404 for http://guia.uol.com.br/sao-paulo/exposicoes/noticias/2014/06/26/com-escultura-surpresa-dupla-osgemeos-inaugura-exposicao-no-domingo-29.htm, skipping...
[ERROR - 2025-10-21 22:16:51,525 - Worker_0] Status code == 403 for http://noticias.uol.com.br/tabloide/ultimas-noticias/tabloideanas/2014/06/27/conhece-a-sindrome-da-copa-do-mundo-mal-acomete-torcedores-fanaticos-na-china.htm, skipping...
[ERROR - 2025-10-21 22:16:58,380 - Worker_2] Status code == 404 for http://guia.uol.com.br/brasilia/noticias/2014/06/24/exposicao-reune-43-fotografias-em-preto-e-branco-sobre-o-futebol-de-rua.htm, skipping...
[ERROR - 2025-10-21 22:17:07,755 - Worker_1] Status code == 500 for http://copadomundo.uol.com.br/cidades-sede-e-estadios/2014/avaliacao/, skipping...
[ERROR - 2025-10-21 22:17:11,797 - Worker_2] Status code == 403 for http://noticias.uol.com.br/tabloide/ultimas-noticias/tabloideanas/2014/06/26/cachorro-quente-entope-veias-tem-15-m-2000-g-de-gordura-e-26-mil-calorias.htm, skipping...
[ERROR - 2025-10-21 22:17:12,005 - Worker_1] Status code == 403 for http://educacao.uol.com.br/noticias/2014/06/27/professores-decidem-suspender-greve-no-rio-de-janeiro.htm, skipping...
[ERROR - 2025-10-21 22:17:12,662 - Worker_4] Status code == 404 for http://guia.uol.com.br/rio-de-janeiro/shows/noticias/2014/06/26/geraldo-azevedo-e-alceu-valenca-se-apresentam-em-festas-juninas-no-rio.htm, skipping...
[ERROR - 2025-10-21 22:17:12,907 - Worker_0] Status code == 404 for http://guia.uol.com.br/rio-de-janeiro/criancas/noticias/2014/06/26/museus-e-shopping-oferecem-programacao-especial-de-ferias-para-criancas.htm, skipping...
[ERROR - 2025-10-21 22:17:16,167 - Worker_1] Status code == 403 for http://noticias.uol.com.br/midiaglobal/outros/2014/06/27/eua-desativara-forca-antiterrorismo-que-buscava-lideres-da-al-qaeda-nas-filipinas.htm, skipping...
[ERROR - 2025-10-21 22:17:20,369 - Worker_1] Status code == 403 for http://blogdomariomagalhaes.blogosfera.uol.com.br/2014/06/28/meninos-eu-vi-aqui-no-mineirao-um-povo-anistiou-seu-heroi/, skipping...
[ERROR - 2025-10-21 22:17:22,275 - Worker_0] Status code == 403 for http://reginanavarro.blogosfera.uol.com.br/2014/06/28/sem-sexo-em-casa/, skipping...
[ERROR - 2025-10-21 22:17:24,546 - Worker_1] Status code == 403 for http://noticias.uol.com.br/saude/ultimas-noticias/redacao/2014/06/27/canibalismo-ou-instinto-primitivo-o-que-leva-uma-pessoa-a-morder-a-outra.htm, skipping...
[ERROR - 2025-10-21 22:17:26,436 - Worker_0] Status code == 403 for http://noticias.uol.com.br/ultimas-noticias/afp/2014/06/28/suspeito-de-ataque-contra-eua-em-benghazi-alega-inocencia-no-tribunal.htm, skipping...
[ERROR - 2025-10-21 22:17:30,888 - Worker_2] Status code == 404 for http://guia.uol.com.br/curitiba/cinema/noticias/2014/06/27/ciclo-de-cinema-equatoriano-vai-ate-domingo-29-com-entrada-gratuita.htm, skipping...
[ERROR - 2025-10-21 22:17:31,957 - Worker_1] Status code == 403 for http://noticias.uol.com.br/ciencia/album/2014/06/02/veja-imagens-de-ciencia-do-mes-junho2014.htm?abrefoto=42, skipping...
[ERROR - 2025-10-21 22:17:36,097 - Worker_1] Status code == 403 for http://noticias.uol.com.br/ciencia/ultimas-noticias/reuters/2014/06/28/nasa-lanca-balao-com-prototipo-de-sistema-de-pouso-para-missoes-a-marte.htm, skipping...
[ERROR - 2025-10-21 22:17:40,260 - Worker_1] Status code == 403 for http://noticias.uol.com.br/cotidiano/ultimas-noticias/2014/06/27/atriz-morre-no-interior-de-sp-apos-ser-baleada-por-pm-em-bloqueio.htm, skipping...
[ERROR - 2025-10-21 22:17:44,723 - Worker_1] Status code == 403 for http://noticias.uol.com.br/album/album-do-dia/2014/06/28/imagens-do-dia---28-de-junho-de-2014.htm?abrefoto=34, skipping...
[ERROR - 2025-10-21 22:17:45,511 - Worker_0] Status code == 404 for http://guia.uol.com.br/sao-paulo/baladas/noticias/2014/06/27/woods-recebe-festa-junina-organizada-por-equipe-do-aprendiz-celebridades.htm, skipping...
[ERROR - 2025-10-21 22:17:59,613 - Worker_0] Status code == 403 for http://noticias.uol.com.br/ultimas-noticias/reuters/2014/06/28/sarajevo-lembra-centenario-de-guerra-com-mensagem-de-unidade-para-pais-dividido.htm, skipping...
[ERROR - 2025-10-21 22:18:01,536 - Worker_3] Status code == 403 for http://tecnologia.uol.com.br/noticias/bbc/2014/06/26/policiais-fardados-usam-armas-de-verdade-para-flerte-no-tinder.htm, skipping...
[ERROR - 2025-10-21 22:18:03,695 - Worker_0] Status code == 403 for http://noticias.uol.com.br/ultimas-noticias/reuters/2014/06/28/marina-silva-defende-mudancas-mas-reconhece-conquistas-do-passado.htm, skipping...
[ERROR - 2025-10-21 22:18:06,446 - Worker_1] Status code == 403 for http://noticias.uol.com.br/saude/ultimas-noticias/redacao/2014/06/24/ranking-elege-os-vegetais-mais-nutritivos-especialistas-contestam.htm, skipping...
[ERROR - 2025-10-21 22:18:08,216 - Worker_3] Status code == 403 for http://noticias.uol.com.br/ultimas-noticias/afp/2014/06/28/mais-de-10-mil-pessoas-participam-de-passeata-do-orgulho-gay-na-capital-mexicana.htm, skipping...
[ERROR - 2025-10-21 22:18:12,359 - Worker_3] Status code == 403 for http://noticias.uol.com.br/midiaglobal/lemonde/2014/06/28/ativista-da-revolucao-libia-e-assassinada-em-casa-ao-voltar-da-jordania.htm, skipping...
[ERROR - 2025-10-21 22:18:24,085 - Worker_3] Status code == 403 for http://uolesporte.blogosfera.uol.com.br/2014/06/28/shakira-comemora-classificacao-e-elogia-james-e-ospina/, skipping...
[ERROR - 2025-10-21 22:18:24,241 - Worker_1] Status code == 403 for http://colunaesplanada.blogosfera.uol.com.br/2014/06/28/deputado-quer-extinguir-o-feriado-da-proclamacao/, skipping...
[ERROR - 2025-10-21 22:18:28,278 - Worker_3] Status code == 403 for http://noticias.uol.com.br/saude/ultimas-noticias/redacao/2014/06/25/falta-de-vitamina-d-aumenta-o-risco-de-morte-prematura.htm, skipping...
[ERROR - 2025-10-21 22:18:28,518 - Worker_1] Status code == 403 for http://fernandorodrigues.blogosfera.uol.com.br/2014/06/28/video-na-convencao-do-psb-mostra-eduardo-campos-com-lula/, skipping...
[ERROR - 2025-10-21 22:18:38,017 - Worker_1] Status code == 403 for http://noticias.uol.com.br/midiaglobal/elpais/2014/06/28/alem-da-economia-e-do-consumo-tambem-cresce-o-nacionalismo-na-asia.htm, skipping...
[ERROR - 2025-10-21 22:18:38,909 - Worker_4] Status code == 403 for http://noticias.uol.com.br/album/album-do-dia/2014/06/28/imagens-do-dia---28-de-junho-de-2014.htm?abrefoto=15, skipping...
[ERROR - 2025-10-21 22:18:44,370 - Worker_0] Status code == 403 for http://blogdojuca.uol.com.br/2014/06/colombia-rival-inedito-na-copa/, skipping...
[ERROR - 2025-10-21 22:18:45,201 - Worker_2] Status code == 403 for http://noticias.uol.com.br/cotidiano/ultimas-noticias/2014/06/28/chuva-ja-deixa-mais-de-6-mil-pessoas-fora-de-casa-em-sc-e-rs.htm, skipping...
[ERROR - 2025-10-21 22:18:45,736 - Worker_4] Status code == 403 for http://uolesportevetv.blogosfera.uol.com.br/2014/06/28/corneta-sofrimento-e-euforia-galvao-tem-narracao-dividida-em-3-fases/, skipping...
[ERROR - 2025-10-21 22:19:04,280 - Worker_2] Status code == 404 for http://guia.uol.com.br/curitiba/noticias/2014/06/16/mercado-municipal-promove-festival-com-degustacao-gratuita-de-produtos.htm, skipping...
[ERROR - 2025-10-21 22:19:08,436 - Worker_2] Status code == 403 for http://noticias.uol.com.br/ultimas-noticias/redacao/2014/06/28/turistas-promovem-festival-do-xixi-em-sp-veja-videos-de-destaque.htm, skipping...
[ERROR - 2025-10-21 22:19:14,257 - Worker_4] Status code == 404 for http://guia.uol.com.br/sao-paulo/passeios/noticias/2014/06/28/feirinha-gastronomica-serve-falafel-e-acaraje-com-tofu-neste-domingo-29.htm, skipping...
[ERROR - 2025-10-21 22:19:14,652 - Worker_1] Status code == 404 for http://guia.uol.com.br/noticias/2014/06/27/milton-nascimento-e-criolo-cantam-juntos-no-show-linha-de-frente.htm, skipping...
[ERROR - 2025-10-21 22:19:18,453 - Worker_4] Status code == 403 for http://noticias.uol.com.br/tabloide/album/2014/06/28/mas-que-tombo-fotos-mostram-pessoas-caidas-para-denunciar-materialismo.htm?abrefoto=2, skipping...
[ERROR - 2025-10-21 22:19:20,112 - Worker_0] Status code == 403 for http://noticias.uol.com.br/midiaglobal/lemonde/2014/06/28/jovens-veem-a-historia-da-franca-como-uma-sucessao-de-guerras-diz-estudo.htm, skipping...
[ERROR - 2025-10-21 22:19:27,510 - Worker_2] Status code == 404 for http://guia.uol.com.br/curitiba/noticias/2014/06/27/festival-internacional-de-hip-hop-tem-ingressos-a-venda-a-partir-de-r-20.htm, skipping...
[ERROR - 2025-10-21 22:19:29,628 - Worker_4] Status code == 403 for http://rodrigomattos.blogosfera.uol.com.br/2014/06/28/sera-que-a-selecao-deve-ter-um-centroavante-fixo/, skipping...
[ERROR - 2025-10-21 22:19:31,929 - Worker_2] Status code == 500 for http://copadomundo.uol.com.br/cidades-sede-e-estadios/2014/avaliacao/, skipping...
[ERROR - 2025-10-21 22:19:33,511 - Worker_1] Status code == 403 for http://noticias.uol.com.br/saude/ultimas-noticias/efe/2014/06/25/caminhar-durante-as-manhas-de-inverno-ajuda-no-combate-ao-diabetes.htm, skipping...
[ERROR - 2025-10-21 22:19:40,931 - Worker_2] Status code == 403 for http://rodrigomattos.blogosfera.uol.com.br/2014/06/29/fifa-isenta-neymar-por-sunga-exposta-mas-chama-a-atencao-da-cbf/, skipping...
[ERROR - 2025-10-21 22:19:45,087 - Worker_2] Status code == 403 for http://noticias.uol.com.br/midiaglobal/derspiegel/2014/06/29/em-meio-a-crise-economica-cresce-a-ira-contra-os-donos-de-navios-comerciais-gregos.htm, skipping...
[ERROR - 2025-10-21 22:19:51,430 - Worker_4] Status code == 403 for http://uolesporte.blogosfera.uol.com.br/2014/06/29/torcedor-vibra-e-quebra-tv-ao-comemorar-defesa-de-julio-cesar/, skipping...
[ERROR - 2025-10-21 22:19:53,915 - Worker_2] Status code == 403 for http://educacao.uol.com.br/noticias/2014/06/29/quase-90-dos-professores-brasileiros-se-sentem-desvalorizados-diz-estudo.htm, skipping...
[ERROR - 2025-10-21 22:20:01,078 - Worker_3] Status code == 403 for http://noticias.uol.com.br/cotidiano/ultimas-noticias/2014/06/29/mais-de-50-mil-pessoas-estao-fora-de-casa-devido-a-chuvas-em-sc-e-rs.htm, skipping...
[ERROR - 2025-10-21 22:20:08,213 - Worker_0] Status code == 403 for http://uolesporte.blogosfera.uol.com.br/2014/06/29/van-persie-troca-empurroes-com-tecnico-mexicano-apos-vitoria-holandesa/, skipping...
[ERROR - 2025-10-21 22:20:10,240 - Worker_1] Status code == 404 for http://guia.uol.com.br/belo-horizonte/noticias/2014/06/19/com-texto-de-kafka-peca-traz-historia-de-macaco-que-se-transforma-em-homem.htm, skipping...
[ERROR - 2025-10-21 22:20:14,464 - Worker_1] Status code == 403 for http://noticias.uol.com.br/ciencia/album/2014/06/02/veja-imagens-de-ciencia-do-mes-junho2014.htm?abrefoto=49, skipping...
[ERROR - 2025-10-21 22:20:14,679 - Worker_0] Status code == 403 for http://noticias.uol.com.br/cotidiano/ultimas-noticias/2014/06/28/mega-sena-sorteia-r-43-milhoes-veja-as-dezenas.htm, skipping...
[ERROR - 2025-10-21 22:20:19,034 - Worker_0] Status code == 403 for http://nilsonxavier.blogosfera.uol.com.br/2014/06/29/perto-de-seu-fim-em-familia-ganha-agilidade-com-a-insanidade-de-laerte/, skipping...
[ERROR - 2025-10-21 22:20:23,568 - Worker_1] Status code == 403 for http://noticias.uol.com.br/ciencia/album/2014/06/02/veja-imagens-de-ciencia-do-mes-junho2014.htm?abrefoto=48, skipping...
[ERROR - 2025-10-21 22:20:30,768 - Worker_4] Status code == 403 for http://blogdojuca.uol.com.br/2014/06/costa-rica-pega-a-holanda-depois-de-passar-pelo-uruguai-italia-inglaterra-e-grecia/, skipping...
[ERROR - 2025-10-21 22:20:37,367 - Worker_4] Status code == 403 for http://doutorjairo.blogosfera.uol.com.br/2014/06/28/quem-perde-5-do-peso-corporal-ganha-20-minutos-a-mais-de-sono-diz-estudo/, skipping...
[ERROR - 2025-10-21 22:20:40,336 - Worker_0] Failed to connect with http://natelinha.ne10.uol.com.br/novelas/2014/06/29/luiza-confessa-ter-medo-de-laerte-e-pede-para-ele-ir-a-um-psiquiatra-76636.php after 3 attempts, skipping...
[ERROR - 2025-10-21 22:20:41,487 - Worker_4] Status code == 403 for http://noticias.uol.com.br/midiaglobal/nytimes/2014/06/29/visto-como-ditador-justo-na-libia-hifter-pode-minar-credibilidade-dos-eua.htm, skipping...
[ERROR - 2025-10-21 22:20:47,887 - Worker_4] Status code == 403 for http://noticias.uol.com.br/ultimas-noticias/reuters/2014/06/29/apesar-de-cessar-fogo-estendido-combates-atingem-o-leste-da-ucrania.htm, skipping...
[ERROR - 2025-10-21 22:20:51,982 - Worker_1] Status code == 403 for http://noticias.uol.com.br/cotidiano/ultimas-noticias/2014/06/29/rio-tem-marcha-silenciosa-por-direito-a-manifestacao-e-contra-a-violencia.htm, skipping...
[ERROR - 2025-10-21 22:21:18,958 - Worker_4] Failed to connect with http://tnh1.ne10.uol.com.br/noticia/eleicoes-2014/2014/06/29/303480/convencao-do-psol-anuncia-a-candidatura-de-mario-agra-ao-governo-e-heloisa-helena-ao-senado after 3 attempts, skipping...
[ERROR - 2025-10-21 22:21:23,362 - Worker_3] Status code == 404 for http://guia.uol.com.br/curitiba/noticias/2014/06/26/pista-de-patinacao-no-gelo-e-atracao-de-ferias-para-criancas-veja-outras.htm, skipping...
[ERROR - 2025-10-21 22:21:25,623 - Worker_4] Status code == 403 for http://uolesporte.blogosfera.uol.com.br/2014/06/29/surpresa-na-artilharia-james-pode-encher-o-bolso-de-apostadores-ousados/, skipping...
[ERROR - 2025-10-21 22:21:26,267 - Worker_1] Status code == 403 for http://blogdojuca.uol.com.br/2014/06/holanda-vira-com-magia/, skipping...
[ERROR - 2025-10-21 22:21:30,526 - Worker_1] Status code == 500 for http://copadomundo.uol.com.br/cidades-sede-e-estadios/2014/avaliacao/, skipping...
[ERROR - 2025-10-21 22:21:30,598 - Worker_2] Status code == 404 for http://guia.uol.com.br/sao-paulo/exposicoes/noticias/2014/06/25/exposicao-celebra-50-anos-de-beatles-com-discos-e-objetos-raros-em-sp.htm, skipping...
[ERROR - 2025-10-21 22:21:40,777 - Worker_2] Failed to connect with http://noticias.carsale.uol.com.br/classicos/2014/06/27/puma-esportivo-empolgava-mais-que-futebol-nos-anos-70/ after 3 attempts, skipping...
[ERROR - 2025-10-21 22:21:44,205 - Worker_1] Status code == 403 for http://blogdomariomagalhaes.blogosfera.uol.com.br/2014/06/29/holanda-2-x-1-mexico-copa-do-mundo-onde-os-fracos-nao-tem-vez/, skipping...
[ERROR - 2025-10-21 22:22:04,945 - Worker_4] Failed to connect with http://natelinha.ne10.uol.com.br/noticias/2014/06/29/silvio-santos-se-desequilibra-e-cai-no-chao-durante-programa-veja-76645.php after 3 attempts, skipping...
[ERROR - 2025-10-21 22:22:13,712 - Worker_1] Status code == 403 for http://blogdomariomagalhaes.blogosfera.uol.com.br/2014/06/30/exuberantes-versus-pragmaticos/, skipping...
[ERROR - 2025-10-21 22:22:15,932 - Worker_0] Failed to connect with http://blogdobirner.virgula.uol.com.br/2014/06/30/credencial-de-rodrigo-paiva-tem-que-ser-cassada-felipao-quando-voltou-a-selecao-pediu-a-demissao-dele/ after 3 attempts, skipping...
[ERROR - 2025-10-21 22:22:20,112 - Worker_0] Status code == 403 for http://noticias.uol.com.br/cotidiano/ultimas-noticias/2014/06/30/apos-9-meses-vereadores-aprovam-novo-plano-diretor-de-sp.htm, skipping...
[ERROR - 2025-10-21 22:22:25,231 - Worker_0] Status code == 404 for http://blogs.ne10.uol.com.br/jamildo/2014/06/30/manifestante-joga-casca-de-banana-em-jayme-asfora/, skipping...
[ERROR - 2025-10-21 22:22:28,929 - Worker_2] Status code == 404 for http://guia.uol.com.br/rio-de-janeiro/restaurantes/noticias/2014/06/27/roteiro-traz-opcoes-de-delicatessen-para-quem-procura-produtos-especiais.htm, skipping...
[ERROR - 2025-10-21 22:22:37,759 - Worker_2] Status code == 403 for http://noticias.uol.com.br/blogs-e-colunas/coluna/luiz-felipe-alencastro/2014/06/30/ue-e-eua-temem-adesao-de-jovens-europeus-ao-fanatismo-islamico.htm, skipping...
[ERROR - 2025-10-21 22:22:57,294 - Worker_3] Status code == 403 for http://noticias.uol.com.br/internacional/ultimas-noticias/2014/06/30/o-hamas-vai-pagar-diz-premie-israelense-apos-morte-de-jovens-sequestrados.htm, skipping...
[ERROR - 2025-10-21 22:23:03,875 - Worker_2] Status code == 404 for http://guia.uol.com.br/album/2014/06/27/nao-sabe-o-que-fazer-com-as-criancas-nas-ferias-veja-10-opcoes-de-passeios-em-sp.htm, skipping...
[ERROR - 2025-10-21 22:23:06,532 - Worker_3] Status code == 403 for http://noticias.uol.com.br/opiniao/coluna/2014/06/30/aposentadoria-de-sarney-pode-acabar-com-regime-de-corrupcao-no-maranhao.htm, skipping...
[ERROR - 2025-10-21 22:23:07,860 - Worker_1] Status code == 403 for http://uolesporte.blogosfera.uol.com.br/2014/06/30/artilheiro-da-copa-tambem-e-bom-de-susto-e-derruba-armero/, skipping...
[ERROR - 2025-10-21 22:23:10,684 - Worker_3] Status code == 403 for http://noticias.uol.com.br/cotidiano/ultimas-noticias/2014/06/30/receita-doara-obras-apreendidas-ao-museu-nacional-de-belas-artes.htm, skipping...
[ERROR - 2025-10-21 22:23:18,351 - Worker_0] Status code == 403 for http://tecnologia.uol.com.br/album/2014/06/24/nos-eua-acampamento-antitecnologia-promove-detox-digital-para-adultos.htm?abrefoto=9, skipping...
[ERROR - 2025-10-21 22:23:20,682 - Worker_4] Status code == 403 for http://blogdojuca.uol.com.br/2014/06/a-hora-de-a-selecao-reagir/, skipping...
[ERROR - 2025-10-21 22:23:22,516 - Worker_0] Status code == 403 for http://noticias.uol.com.br/internacional/ultimas-noticias/2014/06/30/italia-confirma-que-costa-concordia-sera-transferido-para-genova.htm, skipping...
[ERROR - 2025-10-21 22:23:29,095 - Worker_0] Status code == 500 for http://copadomundo.uol.com.br/cidades-sede-e-estadios/2014/avaliacao/, skipping...
[ERROR - 2025-10-21 22:23:29,766 - Worker_3] Status code == 404 for http://guia.uol.com.br/noticias/2014/06/25/mickey-e-minnie-fazem-turne-por-nove-cidades-com-espetaculo-disney-live.htm, skipping...
[ERROR - 2025-10-21 22:23:33,756 - Worker_0] Status code == 403 for http://noticias.uol.com.br/album/album-do-dia/2014/06/30/imagens-do-dia---30-de-junho-de-2014.htm?abrefoto=42, skipping...
[ERROR - 2025-10-21 22:23:36,263 - Worker_3] Status code == 403 for http://noticias.uol.com.br/saude/ultimas-noticias/bbc/2014/06/30/homem-provoca-revolucao-feminina-ao-criar-maquina-de-absorventes-baratos-na-india.htm, skipping...
[ERROR - 2025-10-21 22:23:45,461 - Worker_2] Status code == 403 for http://blogdojuca.uol.com.br/2014/06/nao-se-entende-mais-este-mundo-argelia-quase-tira-a-alemanha-da-copa/, skipping...
[INFO - 2025-10-21 22:24:11,593 - MainThread] Processed 2304 links - 1562/2304 succeeded (67.8%).
[INFO - 2025-10-21 22:24:11,593 - MainThread] Total time taken to complete: 60min
