[INFO - 2025-10-22 09:16:42,175 - MainThread] 2475 links from 'out/uol_links/2014/8-2014.txt'.
[ERROR - 2025-10-22 09:16:42,390 - Worker_0] Status code == 403 for http://noticias.uol.com.br/saude/ultimas-noticias/redacao/2014/07/29/historia-de-crianca-com-deficiencia-vira-roteiro-de-filme.htm, skipping...
[ERROR - 2025-10-22 09:16:42,570 - Worker_4] Status code == 403 for http://economia.uol.com.br/noticias/redacao/2014/08/01/marca-de-sorvetes-ben--jerrys-vai-abrir-1-loja-no-brasil-em-setembro.htm, skipping...
[ERROR - 2025-10-22 09:16:42,659 - Worker_1] Status code == 403 for http://mauriciostycer.blogosfera.uol.com.br/2014/08/01/meu-pedacinho-do-chao-fugiu-do-obvio-surpreendeu-e-encantou/, skipping...
[ERROR - 2025-10-22 09:16:43,046 - Worker_2] Status code == 404 for http://criancas.uol.com.br/voce-manda/2014/08/01/criancas-fazem-homenagem-no-dia-dos-pais.htm, skipping...
[ERROR - 2025-10-22 09:16:46,545 - Worker_0] Status code == 403 for http://economia.uol.com.br/noticias/reuters/2014/08/01/alpargatas-pagara-r-159-mi-por-30-da-osklen-e-avalia-grife-em-r-530-mi.htm, skipping...
[ERROR - 2025-10-22 09:16:46,847 - Worker_4] Status code == 403 for http://fernandorodrigues.blogosfera.uol.com.br/2014/08/01/justica-multa-facebook-em-r-100-mildia-se-nao-informar-dado-de-alckmin/, skipping...
[ERROR - 2025-10-22 09:16:46,850 - Worker_1] Status code == 403 for http://noticias.uol.com.br/album/2014/06/11/charges.htm?abrefoto=45, skipping...
[ERROR - 2025-10-22 09:16:47,196 - Worker_2] Status code == 403 for http://noticias.uol.com.br/saude/ultimas-noticias/redacao/2014/08/01/com-imagens-provocativas-campanha-quer-promover-o-uso-da-camisinha.htm, skipping...
[ERROR - 2025-10-22 09:16:47,859 - Worker_3] Status code == 403 for http://noticias.uol.com.br/cotidiano/ultimas-noticias/2014/08/01/templo-de-salomao-e-inaugurado-com-noite-de-gala-e-show-de-fe-para-politicos.htm, skipping...
[ERROR - 2025-10-22 09:16:51,023 - Worker_1] Status code == 403 for http://noticias.uol.com.br/midiaglobal/elpais/2014/08/01/jornal-comunista-italiano-lunita-fecha-apos-90-anos-em-circulacao.htm, skipping...
[ERROR - 2025-10-22 09:16:52,511 - Worker_3] Status code == 403 for http://liviooricchio.blogosfera.uol.com.br/2014/08/01/sobre-bottas-na-mclaren-honda-em-2015/, skipping...
[ERROR - 2025-10-22 09:16:56,903 - Worker_2] Status code == 403 for http://tecnologia.uol.com.br/noticias/redacao/2014/07/31/wtf-mitar-e-bino-entenda-expressoes-tipicas-da-internet.htm, skipping...
[ERROR - 2025-10-22 09:16:56,932 - Worker_3] Status code == 403 for http://blogdomenon.blogosfera.uol.com.br/2014/08/01/140-lucescu-ajuda-futebol-brasileiro-mais-que-dunga-e-parreira-juntos/, skipping...
[ERROR - 2025-10-22 09:17:01,169 - Worker_3] Status code == 403 for http://noticias.uol.com.br/midiaglobal/elpais/2014/08/01/opiniao-ninguem-manda-tanto-na-china-quanto-xi-jinping.htm, skipping...
[ERROR - 2025-10-22 09:17:06,359 - Worker_2] Status code == 403 for http://omundoemmovimento.blogosfera.uol.com.br/2014/08/01/venda-diaria-e-a-pior-do-ano-no-acumulado-queda-e-de-83/, skipping...
[ERROR - 2025-10-22 09:17:07,683 - Worker_3] Status code == 403 for http://noticias.uol.com.br/ultimas-noticias/bbc/2014/08/01/templo-evangelico-reforca-caldeirao-religioso-no-leste-de-sao-paulo.htm, skipping...
[ERROR - 2025-10-22 09:17:12,692 - Worker_1] Status code == 404 for http://guia.uol.com.br/curitiba/noticias/2014/07/27/festival-de-inverno-de-curitiba-tem-opcoes-de-cultura-e-gastronomia.htm, skipping...
[ERROR - 2025-10-22 09:17:14,149 - Worker_3] Status code == 403 for http://noticias.uol.com.br/midiaglobal/freakonomics/2014/08/01/por-que-voce-deve-subornar-seus-filhos.htm, skipping...
[ERROR - 2025-10-22 09:17:15,580 - Worker_2] Status code == 403 for http://noticias.uol.com.br/saude/ultimas-noticias/redacao/2014/07/31/alemanha-lidera-numero-de-cirurgias-de-aumento-de-penis-no-mundo.htm, skipping...
[ERROR - 2025-10-22 09:17:17,005 - Worker_1] Status code == 403 for http://josecruz.blogosfera.uol.com.br/2014/08/a-conta-das-medalhas/, skipping...
[ERROR - 2025-10-22 09:17:20,682 - Worker_3] Status code == 403 for http://noticias.uol.com.br/cotidiano/ultimas-noticias/2014/07/31/ao-lado-de-dilma-e-politicos-edir-macedo-inaugura-megatemplo-da-iurd-em-sp.htm, skipping...
[ERROR - 2025-10-22 09:17:38,263 - Worker_3] Failed to connect with http://noticias.carsale.uol.com.br/testes/2014/08/01/comparativo-novo-ford-ka-enfrenta-onix-e-hb20-com-motor-1-0/ after 3 attempts, skipping...
[ERROR - 2025-10-22 09:17:44,868 - Worker_3] Status code == 403 for http://educacao.uol.com.br/noticias/2014/08/01/terra-do-templo-de-salomao-pode-ter-sido-despejada-na-usp-leste.htm, skipping...
[ERROR - 2025-10-22 09:17:49,022 - Worker_3] Status code == 403 for http://noticias.uol.com.br/ciencia/album/2014/08/01/veja-imagens-de-ciencia-do-mes-agosto2014.htm?abrefoto=4, skipping...
[ERROR - 2025-10-22 09:17:53,117 - Worker_3] Status code == 403 for http://noticias.uol.com.br/cotidiano/ultimas-noticias/2014/08/01/idec-recebe-15-queixas-de-falta-de-agua-por-dia-em-sao-paulo.htm, skipping...
[ERROR - 2025-10-22 09:17:56,387 - Worker_4] Status code == 404 for http://guia.uol.com.br/brasilia/noticias/2014/07/31/turne-da-peca-callas-com-silvia-pfeifer-e-cassio-reis-chega-a-brasilia.htm, skipping...
[ERROR - 2025-10-22 09:17:59,627 - Worker_3] Status code == 403 for http://noticias.uol.com.br/ultimas-noticias/bbc/2014/08/01/indios-acusam-policia-de-cobrar-propina-para-liberar-garimpo-no-para.htm, skipping...
[ERROR - 2025-10-22 09:18:15,483 - Worker_4] Status code == 404 for http://guia.uol.com.br/belo-horizonte/noticias/2014/07/25/musical-sobre-vida-de-cassia-eller-chega-a-bh-em-agosto-ingressos-a-r-10.htm, skipping...
[ERROR - 2025-10-22 09:18:23,712 - Worker_3] Status code == 403 for http://blogdosakamoto.blogosfera.uol.com.br/2014/08/01/a-fazenda-do-aeroporto-de-claudio-mg-foi-flagrada-com-trabalho-escravo/, skipping...
[ERROR - 2025-10-22 09:18:25,506 - Worker_2] Status code == 403 for http://economia.uol.com.br/noticias/infomoney/2014/08/01/11-perguntas-que-devem-ser-feitas-antes-de-comprar-uma-franquia.htm, skipping...
[ERROR - 2025-10-22 09:18:27,132 - Worker_0] Status code == 403 for http://economia.uol.com.br/noticias/redacao/2014/08/01/saldo-entre-importacoes-e-exportacoes-e-positivo-em-us-1575-bi-em-julho.htm, skipping...
[ERROR - 2025-10-22 09:18:27,860 - Worker_3] Status code == 403 for http://noticias.uol.com.br/saude/ultimas-noticias/bbc/2014/08/01/britanica-perde-160kg-apos-sofrer-abusos-pela-obesidade.htm, skipping...
[ERROR - 2025-10-22 09:18:30,972 - Worker_1] Status code == 403 for http://noticias.uol.com.br/saude/ultimas-noticias/bbc/2014/08/01/tecnica-que-deixa-corpo-transparente-facilita-diagnosticos.htm, skipping...
[ERROR - 2025-10-22 09:18:31,449 - Worker_0] Status code == 403 for http://colunaesplanada.blogosfera.uol.com.br/2014/08/01/candidato-presidente-do-pen-informa-ter-nascido-em-tres-cidades/, skipping...
[ERROR - 2025-10-22 09:18:35,222 - Worker_1] Status code == 403 for http://nilsonxavier.blogosfera.uol.com.br/2014/08/01/meu-pedacinho-de-chao-entra-para-a-historia-por-sua-estetica-inovadora/, skipping...
[ERROR - 2025-10-22 09:18:42,480 - Worker_4] Status code == 403 for http://noticias.uol.com.br/internacional/ultimas-noticias/2014/08/01/hamas-nega-envolvimento-em-sequestro-de-soldado-israelense-em-gaza.htm, skipping...
[ERROR - 2025-10-22 09:18:44,226 - Worker_1] Status code == 403 for http://negociosdoesporte.blogosfera.uol.com.br/2014/08/01/por-que-o-profissionalismo-sucumbe-no-esporte/, skipping...
[ERROR - 2025-10-22 09:18:50,517 - Worker_0] Status code == 404 for http://guia.uol.com.br/curitiba/noticias/2014/08/01/roteiro-traz-tres-mostras-para-visitar-no-fim-de-semana-em-curitiba.htm, skipping...
[ERROR - 2025-10-22 09:18:53,455 - Worker_4] Status code == 403 for http://noticias.uol.com.br/saude/ultimas-noticias/afp/2014/08/02/americano-infectado-com-o-virus-ebola-chega-aos-estados-unidos.htm, skipping...
[ERROR - 2025-10-22 09:18:53,782 - Worker_1] Status code == 403 for http://blogdosakamoto.blogosfera.uol.com.br/2014/08/02/criticou-x-tem-que-fazer-y-a-logica-binaria-do-brasileiro-volta-a-atacar/, skipping...
[ERROR - 2025-10-22 09:19:07,222 - Worker_0] Status code == 403 for http://uolesporte.blogosfera.uol.com.br/2014/08/02/ta-bombando-namorada-de-heroi-da-copa-mostra-demais-nas-ferias/, skipping...
[ERROR - 2025-10-22 09:19:16,219 - Worker_0] Status code == 403 for http://uolesporte.blogosfera.uol.com.br/2014/08/02/neymar-aparece-acompanhado-de-loiras-em-ibiza-saiba-quem-sao/, skipping...
[ERROR - 2025-10-22 09:19:20,526 - Worker_0] Status code == 404 for http://charges.uol.com.br/2014/08/02/tobby-entrevista-tartaruga-ninja/, skipping...
[ERROR - 2025-10-22 09:19:24,873 - Worker_0] Status code == 404 for http://futebol.placar.esporte.uol.com.br/futebol/brasileirao/2014/08/02/vitoria-x-gremio.htm, skipping...
[ERROR - 2025-10-22 09:20:16,615 - Worker_2] Status code == 403 for http://noticias.uol.com.br/ciencia/album/2014/08/01/veja-imagens-de-ciencia-do-mes-agosto2014.htm?abrefoto=8, skipping...
[ERROR - 2025-10-22 09:20:25,922 - Worker_2] Status code == 403 for http://noticias.uol.com.br/ciencia/ultimas-noticias/redacao/2014/07/31/colonizacao-espacial-so-com-uma-populacao-de-40-mil-diz-cientista.htm, skipping...
[ERROR - 2025-10-22 09:20:29,213 - Worker_1] Status code == 403 for http://noticias.uol.com.br/midiaglobal/elpais/2014/08/02/demissao-do-lider-da-oposicao-na-venezuela-agrava-crise-interna.htm, skipping...
[ERROR - 2025-10-22 09:20:30,109 - Worker_2] Status code == 403 for http://noticias.uol.com.br/album/album-do-dia/2014/08/02/imagens-do-dia---2-de-agosto-de-2014.htm?abrefoto=30, skipping...
[ERROR - 2025-10-22 09:20:32,064 - Worker_3] Status code == 404 for http://guia.uol.com.br/sao-paulo/restaurantes/noticias/2014/07/31/primeiro-festival-de-food-truck-acontece-neste-domingo-3-em-santana.htm, skipping...
[ERROR - 2025-10-22 09:20:34,570 - Worker_2] Status code == 403 for http://tecnologia.uol.com.br/album/2014/08/01/com-photoshop-artistas-transformam-princesas-da-disney-em-guerreiras-celebridades-e.htm?abrefoto=3, skipping...
[ERROR - 2025-10-22 09:20:35,131 - Worker_4] Status code == 403 for http://noticias.uol.com.br/internacional/ultimas-noticias/2014/08/02/ofensiva-em-gaza-durara-o-tempo-que-for-necessario-diz-premie-de-israel.htm, skipping...
[ERROR - 2025-10-22 09:20:38,372 - Worker_1] Status code == 403 for http://noticias.uol.com.br/ultimas-noticias/bbc/2014/08/02/israel-anuncia-que-soldado-que-desapareceu-em-gaza-esta-morto.htm, skipping...
[ERROR - 2025-10-22 09:20:39,204 - Worker_4] Status code == 403 for http://noticias.uol.com.br/midiaglobal/nytimes/2014/08/02/projeto-de-lei-contra-estupro-nos-campi-dos-eua-depende-de-denuncia-publica.htm, skipping...
[ERROR - 2025-10-22 09:20:43,304 - Worker_2] Status code == 403 for http://uolesporte.blogosfera.uol.com.br/2014/08/02/frances-brilha-no-arsenal-mas-se-descuida-apos-gol-e-cai-de-4-em-campo/, skipping...
[ERROR - 2025-10-22 09:20:43,453 - Worker_4] Status code == 403 for http://josecruz.blogosfera.uol.com.br/2014/08/fhc-ja-sabia-sobre-o-trambique-dos-cartolas-e-se-omitiu/, skipping...
[ERROR - 2025-10-22 09:20:45,825 - Worker_3] Status code == 403 for http://noticias.uol.com.br/internacional/ultimas-noticias/2014/08/03/israel-admite-ter-atacado-regiao-de-escola-em-gaza-eua-se-dizem-chocados.htm, skipping...
[ERROR - 2025-10-22 09:20:47,771 - Worker_2] Status code == 403 for http://tecnologia.uol.com.br/noticias/redacao/2014/07/29/instagram-lanca-aplicativo-de-mensagens-efemeras-bolt-em-tres-paises.htm, skipping...
[ERROR - 2025-10-22 09:20:52,450 - Worker_4] Status code == 403 for http://noticias.uol.com.br/album/album-do-dia/2014/08/03/imagens-do-dia---3-de-agosto-de-2014.htm?abrefoto=27, skipping...
[ERROR - 2025-10-22 09:21:04,364 - Worker_3] Status code == 403 for http://noticias.uol.com.br/ultimas-noticias/agencia-estado/2014/08/03/pm-apreende-armas-e-263-kg-de-cocaina-na-castelo-branco.htm, skipping...
[ERROR - 2025-10-22 09:21:15,511 - Worker_1] Status code == 403 for http://uolesporte.blogosfera.uol.com.br/2014/08/02/neymar-aparece-acompanhado-de-loiras-em-ibiza-saiba-quem-sao/, skipping...
[ERROR - 2025-10-22 09:21:19,721 - Worker_1] Status code == 403 for http://noticias.uol.com.br/ultimas-noticias/agencia-estado/2014/08/03/itu-vive-colapso-apos-seis-meses-de-racionamento.htm, skipping...
[ERROR - 2025-10-22 09:21:40,957 - Worker_0] Status code == 403 for http://tecnologia.uol.com.br/noticias/redacao/2014/07/31/descubra-quem-visitou-seu-perfil-esta-entre-principais-golpes-no-facebook.htm, skipping...
[ERROR - 2025-10-22 09:21:43,950 - Worker_4] Status code == 404 for http://guia.uol.com.br/sao-paulo/teatro/noticias/2014/08/02/duas-pecas-com-tematica-gay-entram-em-cartaz-em-sao-paulo.htm, skipping...
[ERROR - 2025-10-22 09:21:50,364 - Worker_0] Status code == 403 for http://tecnologia.uol.com.br/noticias/redacao/2014/08/01/karaoke-aplicativo-musicxmatch-mostra-letra-da-musica-e-ensina-a-cantar.htm, skipping...
[ERROR - 2025-10-22 09:21:50,603 - Worker_2] Status code == 403 for http://blogdomariomagalhaes.blogosfera.uol.com.br/2014/08/03/elenco-limita-luxa-no-fla-lanterna/, skipping...
[ERROR - 2025-10-22 09:21:54,504 - Worker_0] Status code == 403 for http://noticias.uol.com.br/album/bbc/2014/08/02/em-fotos-os-centenarios-campos-de-batalha-da-1-guerra-mundial.htm?abrefoto=7, skipping...
[ERROR - 2025-10-22 09:21:54,761 - Worker_2] Status code == 403 for http://noticias.uol.com.br/midiaglobal/lemonde/2014/08/02/nova-onda-de-violencia-atinge-oeste-chines-por-repressao-contra-uigures.htm, skipping...
[ERROR - 2025-10-22 09:21:58,671 - Worker_0] Status code == 403 for http://noticias.uol.com.br/ultimas-noticias/afp/2014/08/03/israel-anuncia-tregua-humanitaria-de-sete-horas-em-gaza.htm, skipping...
[ERROR - 2025-10-22 09:22:02,819 - Worker_0] Status code == 403 for http://noticias.uol.com.br/album/album-do-dia/2014/08/03/imagens-do-dia---3-de-agosto-de-2014.htm?abrefoto=32, skipping...
[ERROR - 2025-10-22 09:22:08,854 - Worker_2] Status code == 403 for http://uolesporte.blogosfera.uol.com.br/2014/08/03/kaka-deixa-morumbi-antes-do-fim-e-comemora-vitoria-do-sao-paulo/, skipping...
[ERROR - 2025-10-22 09:22:12,585 - Worker_4] Status code == 403 for http://noticias.uol.com.br/ultimas-noticias/efe/2014/08/03/onu-condena-ataque-contra-sua-escola-em-rafah-e-exige-punicao-de-responsaveis.htm, skipping...
[ERROR - 2025-10-22 09:22:13,925 - Worker_3] Status code == 403 for http://noticias.uol.com.br/cotidiano/ultimas-noticias/2014/08/03/incendio-no-porto-de-santos-atinge-terminal-acucareiro.htm, skipping...
[ERROR - 2025-10-22 09:22:16,752 - Worker_4] Status code == 403 for http://uolesporte.blogosfera.uol.com.br/2014/08/03/aos-64-briatore-exibe-esposa-30-anos-mais-jovem-em-praia-na-italia/, skipping...
[ERROR - 2025-10-22 09:22:17,653 - Worker_1] Status code == 403 for http://noticias.uol.com.br/midiaglobal/nytimes/2014/08/03/investigacao-de-dna-em-crime-expoe-segredos-familiares-na-italia.htm, skipping...
[ERROR - 2025-10-22 09:22:23,283 - Worker_4] Status code == 403 for http://noticias.uol.com.br/ultimas-noticias/afp/2014/08/03/terremoto-deixa-pelo-menos-367-mortos-na-china.htm, skipping...
[ERROR - 2025-10-22 09:22:24,127 - Worker_0] Status code == 403 for http://josiasdesouza.blogosfera.uol.com.br/2014/08/03/aecio-deixa-senado-para-se-dedicar-a-campanha/, skipping...
[ERROR - 2025-10-22 09:22:27,452 - Worker_4] Status code == 403 for http://noticias.uol.com.br/album/album-do-dia/2014/08/03/imagens-do-dia---3-de-agosto-de-2014.htm?abrefoto=40, skipping...
[ERROR - 2025-10-22 09:22:28,285 - Worker_0] Status code == 403 for http://noticias.uol.com.br/midiaglobal/nytimes/2014/08/03/vidas-emergem-de-naufragio-de-mais-de-150-anos-na-costa-da-carolina-do-sul.htm, skipping...
[ERROR - 2025-10-22 09:22:30,109 - Worker_1] Failed to connect with http://natelinha.ne10.uol.com.br/mulher/2014/07/29/conheca-os-beneficios-da-aromaterapia-em-criancas-e-adolescentes-77758.php after 3 attempts, skipping...
[ERROR - 2025-10-22 09:22:35,785 - Worker_2] Status code == 403 for http://noticias.uol.com.br/ultimas-noticias/bbc/2014/08/03/imagens-mostram-momentos-exatos-de-terremoto-na-china.htm, skipping...
[ERROR - 2025-10-22 09:22:40,235 - Worker_1] Failed to connect with http://bemzen.uol.com.br/noticias/ver/2014/06/11/5061-sono-feliz after 3 attempts, skipping...
[ERROR - 2025-10-22 09:22:44,380 - Worker_1] Status code == 403 for http://uolesporte.blogosfera.uol.com.br/2014/08/03/nada-de-magoa-neymar-com-schweinsteiger-para-parabenizar-alemao/, skipping...
[ERROR - 2025-10-22 09:22:47,324 - Worker_2] Status code == 403 for http://uolesportevetv.blogosfera.uol.com.br/2014/08/03/giba-ganha-elogios-em-estreia-na-danca-dos-famosos-e-zoa-bernardinho/, skipping...
[ERROR - 2025-10-22 09:22:47,385 - Worker_0] Status code == 404 for http://guia.uol.com.br/rio-de-janeiro/restaurantes/noticias/2014/07/18/emporios-do-cadeg-participam-de-festival-de-inverno-com-pratos-especiais.htm, skipping...
[ERROR - 2025-10-22 09:22:48,508 - Worker_1] Status code == 403 for http://noticias.uol.com.br/saude/ultimas-noticias/afp/2014/08/02/hospital-na-franca-abre-bar-de-vinhos-para-pacientes-em-tratamento-paliativo.htm, skipping...
[ERROR - 2025-10-22 09:22:50,529 - Worker_3] Status code == 403 for http://blogdojuca.uol.com.br/2014/08/foi-se-13-do-brasileirao-com-pouco-gol-e-mais-gente/, skipping...
[ERROR - 2025-10-22 09:22:52,631 - Worker_1] Status code == 403 for http://noticias.uol.com.br/midiaglobal/nytimes/2014/08/04/cidade-turca-de-gaziantep-atrai-com-doces-tradicionais.htm, skipping...
[ERROR - 2025-10-22 09:22:53,541 - Worker_4] Status code == 404 for http://guia.uol.com.br/sao-paulo/restaurantes/noticias/2014/07/31/primeiro-festival-de-food-truck-acontece-neste-domingo-3-em-santana.htm, skipping...
[ERROR - 2025-10-22 09:22:56,868 - Worker_3] Status code == 403 for http://noticias.uol.com.br/internacional/ultimas-noticias/2014/08/04/israel-e-hamas-concordam-com-cessar-fogo-de-72-horas.htm, skipping...
[ERROR - 2025-10-22 09:22:57,760 - Worker_4] Status code == 403 for http://noticias.uol.com.br/meio-ambiente/ultimas-noticias/redacao/2014/08/04/mancha-escura-assusta-banhistas-na-praia-de-ipanema.htm, skipping...
[ERROR - 2025-10-22 09:23:01,131 - Worker_0] Status code == 403 for http://mauriciostycer.blogosfera.uol.com.br/2014/08/04/bacciaria-band-abusa-de-sensacionalismo-na-estreia-de-apresentador/, skipping...
[ERROR - 2025-10-22 09:23:04,087 - Worker_3] Status code == 403 for http://blogdoluisperez.blogosfera.uol.com.br/2014/08/04/alguns-estabelecimentos-se-acham-donos-da-rua/, skipping...
[ERROR - 2025-10-22 09:23:11,847 - Worker_1] Status code == 403 for http://economia.uol.com.br/noticias/redacao/2014/08/01/rota-recife-fernando-de-noronha-deve-ser-a-1-com-biocombustivel-do-pais.htm, skipping...
[ERROR - 2025-10-22 09:23:14,177 - Worker_3] Failed to connect with http://procurasecachorro.uol.com.br/blog/2014/08/fotografo-faz-ensaio-de-familia-com-caozinho-no-lugar-de-recem-nascido/ after 3 attempts, skipping...
[ERROR - 2025-10-22 09:23:15,926 - Worker_1] Status code == 403 for http://economia.uol.com.br/noticias/reuters/2014/08/04/lojas-renner-e-marisa-negam-conversas-sobre-possivel-fusao-apos-rumores.htm, skipping...
[ERROR - 2025-10-22 09:23:26,493 - Worker_4] Status code == 403 for http://economia.uol.com.br/noticias/redacao/2014/08/01/biocombustivel-de-aviacao-pode-ser-de-cana-soja-e-oleo-de-cozinha-usado.htm, skipping...
[ERROR - 2025-10-22 09:23:27,863 - Worker_0] Status code == 403 for http://nagradedomma.blogosfera.uol.com.br/2014/08/04/por-que-tem-tanta-gente-se-preparando-para-substituir-belfort/, skipping...
[ERROR - 2025-10-22 09:23:35,237 - Worker_4] Status code == 403 for http://noticias.uol.com.br/saude/ultimas-noticias/bbc/2014/08/04/casal-australiano-diz-que-nao-sabia-de-gemeo-abandonado-com-down.htm, skipping...
[ERROR - 2025-10-22 09:23:43,750 - Worker_4] Status code == 403 for http://noticias.uol.com.br/saude/ultimas-noticias/efe/2014/08/04/suposto-soro-secreto-contra-ebola-melhora-saude-de-americano.htm, skipping...
[ERROR - 2025-10-22 09:23:48,382 - Worker_3] Status code == 403 for http://blogdojuca.uol.com.br/2014/08/bom-senso-fc-preocupado-com-silencio-do-governo/, skipping...
[ERROR - 2025-10-22 09:23:49,426 - Worker_1] Status code == 403 for http://noticias.uol.com.br/ultimas-noticias/afp/2014/08/04/milhares-de-russos-ficam-bloqueados-no-exterior-apos-falencia-de-operadora-de-turismo.htm, skipping...
[ERROR - 2025-10-22 09:23:50,478 - Worker_4] Status code == 403 for http://fernandorodrigues.blogosfera.uol.com.br/2014/08/04/pimenta-da-veiga-usa-musica-da-ditadura-militar-em-novo-jingle-de-campanha/, skipping...
[ERROR - 2025-10-22 09:23:53,702 - Worker_1] Status code == 403 for http://doutorjairo.blogosfera.uol.com.br/2014/08/04/games-violentos-podem-deflagrar-comportamentos-de-risco-diz-estudo/, skipping...
[ERROR - 2025-10-22 09:23:57,297 - Worker_3] Status code == 403 for http://noticias.uol.com.br/saude/ultimas-noticias/bbc/2014/08/04/conheca-medico-que-salvou-50-milhoes-de-vida-com-receita-caseira.htm, skipping...
[ERROR - 2025-10-22 09:23:57,894 - Worker_1] Status code == 403 for http://economia.uol.com.br/cotacoes/noticias/redacao/2014/08/04/acao-da-marisa-salta--apos-rumores-de-fusao-com-renner.htm, skipping...
[ERROR - 2025-10-22 09:23:59,672 - Worker_4] Status code == 403 for http://tecnologia.uol.com.br/noticias/redacao/2014/07/31/pesquisador-diz-ter-batido-recorde-na-velocidade-de-transferencia-de-dados.htm, skipping...
[ERROR - 2025-10-22 09:24:03,877 - Worker_4] Status code == 403 for http://blogdomenon.blogosfera.uol.com.br/2014/08/04/osorio-furlan-quero-valdivia-vivo-ou-morto-e-o-maior-mico-da-minha-vida/, skipping...
[ERROR - 2025-10-22 09:24:08,802 - Worker_1] Status code == 403 for http://noticias.uol.com.br/midiaglobal/nytimes/2014/08/04/franca-perda-grandeza-se-grandes-politicos-tem-seus-nomes-sequestrados-por-atuais.htm, skipping...
[ERROR - 2025-10-22 09:24:10,865 - Worker_3] Status code == 403 for http://noticias.uol.com.br/cotidiano/ultimas-noticias/2014/08/04/zoo-descarta-sacrificio-e-volta-a-expor-tigre-que-atacou-menino-no-pr.htm, skipping...
[ERROR - 2025-10-22 09:24:15,046 - Worker_3] Status code == 403 for http://noticias.uol.com.br/cotidiano/ultimas-noticias/2014/08/03/pai-do-menino-atacado-por-tigre-diz-que-filho-pediu-para-nao-matarem-animal.htm, skipping...
[ERROR - 2025-10-22 09:24:32,131 - Worker_0] Status code == 403 for http://noticias.uol.com.br/politica/ultimas-noticias/2014/08/04/relator-da-cpi-da-petrobras-nega-que-tenha-orientado-testemunhas-antes-de-depoimentos.htm, skipping...
[ERROR - 2025-10-22 09:24:36,311 - Worker_0] Status code == 403 for http://noticias.uol.com.br/midiaglobal/nytimes/2014/08/04/maes-de-criancas-deficientes-recebem-ajuda-para-cuidar-do-proprio-estresse.htm, skipping...
[ERROR - 2025-10-22 09:24:36,401 - Worker_2] Status code == 403 for http://noticias.uol.com.br/opiniao/coluna/2014/08/04/excesso-de-shoppings-em-uma-mesma-regiao-limita-investimento-de-lojistas.htm, skipping...
[ERROR - 2025-10-22 09:24:40,471 - Worker_0] Status code == 403 for http://noticias.uol.com.br/ultimas-noticias/agencia-estado/2014/08/04/sequestrador-aceita-r-250-e-televisao-por-vitima-no-rio.htm, skipping...
[ERROR - 2025-10-22 09:24:44,635 - Worker_0] Status code == 403 for http://noticias.uol.com.br/blogs-e-colunas/coluna/noam-chomsky/2014/08/05/pesadelo-em-gaza.htm, skipping...
[ERROR - 2025-10-22 09:25:01,222 - Worker_2] Status code == 404 for http://esporte.uol.com.br/f1/ultimas-noticias/2014/08/05/alonso-quer-ganhar-10-mi-de-euros-a-mais-que-schumacher-no-auge-diz-jornal.htm, skipping...
[ERROR - 2025-10-22 09:25:05,603 - Worker_2] Status code == 403 for http://reginanavarro.blogosfera.uol.com.br/2014/08/05/ela-o-parceiro-e-o-vibrador/, skipping...
[ERROR - 2025-10-22 09:25:11,316 - Worker_3] Status code == 404 for http://guia.uol.com.br/belo-horizonte/noticias/2014/07/16/exposicao-traz-100-gravuras-de-salvador-dali-inspiradas-na-divina-comedia.htm, skipping...
[ERROR - 2025-10-22 09:25:12,801 - Worker_2] Status code == 403 for http://noticias.uol.com.br/cotidiano/ultimas-noticias/2014/08/05/apostadores-de-uberlandia-levam-quase-r-50-mi-em-loterias-federais-em-2014.htm, skipping...
[ERROR - 2025-10-22 09:25:14,029 - Worker_4] Status code == 403 for http://combaterock.blogosfera.uol.com.br/2014/08/05/25-anos-da-morte-de-raul-seixas-um-artista-reduzido-a-um-bordao/, skipping...
[ERROR - 2025-10-22 09:25:19,200 - Worker_4] Status code == 404 for http://blogs.ne10.uol.com.br/jamildo/2014/08/05/as-tres-maiores-gafes-dos-presidenciaveis/, skipping...
[ERROR - 2025-10-22 09:25:19,715 - Worker_2] Status code == 403 for http://noticias.uol.com.br/midiaglobal/lemonde/2014/08/05/projeto-quer-ressuscitar-famagusta-cidade-fantasma-do-chipre.htm, skipping...
[ERROR - 2025-10-22 09:25:26,107 - Worker_1] Status code == 403 for http://noticias.uol.com.br/ultimas-noticias/agencia-estado/2014/08/05/ministerio-pedira-auditoria-nos-recursos-da-santa-casa.htm, skipping...
[ERROR - 2025-10-22 09:25:29,294 - Worker_4] Failed to connect with http://procurasecachorro.uol.com.br/blog/2014/08/apos-tres-horas-de-tosa-cao-abandonado-reaprende-a-andar/ after 3 attempts, skipping...
[ERROR - 2025-10-22 09:25:33,421 - Worker_4] Status code == 403 for http://noticias.uol.com.br/ultimas-noticias/agencia-estado/2014/08/05/lutador-tem-prisao-decretada-por-estupro.htm, skipping...
[ERROR - 2025-10-22 09:25:35,737 - Worker_1] Status code == 403 for http://josiasdesouza.blogosfera.uol.com.br/2014/08/05/mpf-denuncia-edemar-por-lograr-a-previdencia/, skipping...
[ERROR - 2025-10-22 09:25:38,803 - Worker_2] Status code == 404 for http://guia.uol.com.br/rio-de-janeiro/shows/noticias/2014/08/04/liah-soares-faz-show-no-teatro-rival-com-participacao-de-emmerson-nogueira.htm, skipping...
[ERROR - 2025-10-22 09:26:00,080 - Worker_1] Status code == 404 for http://guia.uol.com.br/sao-paulo/cinema/noticias/2014/08/04/belas-artes-oferece-meia-entrada-para-trabalhador-por-r-5-nas-segundas.htm, skipping...
[ERROR - 2025-10-22 09:26:04,307 - Worker_1] Status code == 403 for http://balanacesta.blogosfera.uol.com.br/2014/08/05/rio-2016-a-olimpiada-que-o-brasil-ja-perdeu/, skipping...
[ERROR - 2025-10-22 09:26:08,492 - Worker_1] Status code == 403 for http://noticias.uol.com.br/midiaglobal/lemonde/2014/08/04/embaixada-de-israel-ataca-jornalista-da-rede-espanhola-tve.htm, skipping...
[ERROR - 2025-10-22 09:26:13,078 - Worker_2] Status code == 403 for http://blogdojuca.uol.com.br/2014/08/vitoria-do-futuro-do-futebol-brasileiro/, skipping...
[ERROR - 2025-10-22 09:26:15,897 - Worker_3] Status code == 403 for http://noticias.uol.com.br/meio-ambiente/album/2014/02/13////zoo-de-bh-tem-primeira-gorila-gravida-da-america-do-sul.htm?abrefoto=7, skipping...
[ERROR - 2025-10-22 09:26:17,173 - Worker_2] Status code == 403 for http://noticias.uol.com.br/internacional/ultimas-noticias/2014/08/05/video-mostra-peixe-sendo-forcado-a-fumar-cigarro.htm, skipping...
[ERROR - 2025-10-22 09:26:19,999 - Worker_3] Status code == 403 for http://noticias.uol.com.br/ciencia/ultimas-noticias/afp/2014/08/05/estudo-revela-que-dinossauro-primitivo-era-herbivoro-do-tamanho-do-peru.htm, skipping...
[ERROR - 2025-10-22 09:26:27,259 - Worker_2] Failed to connect with http://natelinha.ne10.uol.com.br/mulher/2014/08/02/saiba-como-deborah-secco-perdeu-12-kg-em-45-dias-77916.php after 3 attempts, skipping...
[ERROR - 2025-10-22 09:26:28,174 - Worker_4] Status code == 403 for http://noticias.uol.com.br/politica/ultimas-noticias/2014/08/05/vargas-deixa-sessao-do-conselho-de-etica-e-diz-que-recorrera-a-ccj-e-ao-stf.htm, skipping...
[ERROR - 2025-10-22 09:26:31,367 - Worker_3] Status code == 403 for http://noticias.uol.com.br/ciencia/ultimas-noticias/bbc/2014/08/05/houston-temos-um-problema-os-cinco-maiores-improvisos-de-astronautas.htm, skipping...
[ERROR - 2025-10-22 09:26:31,479 - Worker_2] Status code == 403 for http://economia.uol.com.br/noticias/redacao/2014/08/05/embraer-apresenta-legacy-500-em-feira-pela-1-vez-com-interior-completo.htm, skipping...
[ERROR - 2025-10-22 09:26:32,250 - Worker_4] Status code == 403 for http://noticias.uol.com.br/midiaglobal/elpais/2014/08/05/turcos-indignados-dizem-nao-ter-representantes-em-eleicoes-presidenciais.htm, skipping...
[ERROR - 2025-10-22 09:26:37,430 - Worker_0] Status code == 403 for http://noticias.uol.com.br/album/album-do-dia/2014/08/05/imagens-do-dia---5-de-agosto-de-2014.htm?abrefoto=58, skipping...
[ERROR - 2025-10-22 09:26:37,776 - Worker_3] Status code == 403 for http://noticias.uol.com.br/album/album-do-dia/2014/08/05/imagens-do-dia---5-de-agosto-de-2014.htm?abrefoto=61, skipping...
[ERROR - 2025-10-22 09:26:41,767 - Worker_4] Status code == 403 for http://noticias.uol.com.br/ultimas-noticias/efe/2014/08/05/chines-ganha-premio-de-loteria-de-mais-de-us-80-milhoes.htm, skipping...
[ERROR - 2025-10-22 09:26:42,270 - Worker_3] Status code == 403 for http://blogdomenon.blogosfera.uol.com.br/2014/08/05/greve-e-a-chance-de-o-botafogo-escrever-novamente-a-histora-do-futebol/, skipping...
[ERROR - 2025-10-22 09:26:49,089 - Worker_3] Status code == 403 for http://tecnologia.uol.com.br/noticias/redacao/2014/08/06/saiba-como-apagar-historico-e-navegar-na-internet-sem-deixar-rastros-no-pc.htm, skipping...
[ERROR - 2025-10-22 09:26:53,344 - Worker_4] Status code == 403 for http://noticias.uol.com.br/internacional/ultimas-noticias/2014/08/06/israel-estaria-pronto-para-prorrogar-atual-cessar-fogo-em-gaza-diz-autoridade.htm, skipping...
[ERROR - 2025-10-22 09:26:56,520 - Worker_0] Status code == 404 for http://guia.uol.com.br/brasilia/noticias/2014/07/22/mostra-reune-obras-inspiradas-na-artista-mexicana-frida-kahlo.htm, skipping...
[ERROR - 2025-10-22 09:26:57,793 - Worker_2] Status code == 403 for http://economia.uol.com.br/noticias/reuters/2014/08/05/mantega-indica-que-havera-reajuste-nos-precos-da-gasolina-neste-ano.htm, skipping...
[ERROR - 2025-10-22 09:27:00,828 - Worker_3] Status code == 403 for http://blogdomariomagalhaes.blogosfera.uol.com.br/2014/08/06/ha-60-anos-da-direita-a-esquerda-imprensa-pediu-cabeca-de-getulio-em-1954/, skipping...
[ERROR - 2025-10-22 09:27:01,906 - Worker_2] Status code == 403 for http://noticias.uol.com.br/cotidiano/ultimas-noticias/2014/08/06/apos-copa-mendigos-voltam-a-copacabana-e-reclamam-de-recolhimento-forcado.htm, skipping...
[ERROR - 2025-10-22 09:27:02,978 - Worker_4] Status code == 403 for http://noticias.uol.com.br/album/2014/06/11/charges.htm?abrefoto=48, skipping...
[ERROR - 2025-10-22 09:27:07,994 - Worker_3] Status code == 403 for http://noticias.uol.com.br/politica/ultimas-noticias/2014/08/06/apesar-de-instalada-cpmi-do-metro-so-comeca-investigacao-em-setembro.htm, skipping...
[ERROR - 2025-10-22 09:27:10,349 - Worker_4] Status code == 403 for http://noticias.uol.com.br/meio-ambiente/ultimas-noticias/redacao/2014/08/06/apos-dez-anos-de-vida-silvestre-jacare-fica-amigo-de-agricultor-na-bahia.htm, skipping...
[ERROR - 2025-10-22 09:27:21,215 - Worker_0] Status code == 404 for http://guia.uol.com.br/brasilia/noticias/2014/08/05/alceu-valenca-e-lenine-fazem-show-gratuito-no-maior-sao-joao-do-cerrado.htm, skipping...
[ERROR - 2025-10-22 09:27:21,910 - Worker_2] Status code == 403 for http://noticias.uol.com.br/midiaglobal/nytimes/2014/08/05/pro-russos-na-ucrania-sao-chefiados-por-profissional-do-separatismo.htm, skipping...
[ERROR - 2025-10-22 09:27:28,635 - Worker_2] Status code == 403 for http://omundoemmovimento.blogosfera.uol.com.br/2014/08/06/mora-em-sao-mateus-vai-pagar-o-seguro-mais-caro/, skipping...
[ERROR - 2025-10-22 09:27:29,944 - Worker_1] Status code == 403 for http://economia.uol.com.br/noticias/redacao/2014/08/06/petrobras-volta-a-ser-maior-empresa-da-america-latina-em-valor-de-mercado.htm, skipping...
[ERROR - 2025-10-22 09:27:32,797 - Worker_2] Status code == 403 for http://economia.uol.com.br/noticias/redacao/2014/08/06/falida-malharia-sulfabril-consegue-leiloar-uma-fabrica-por-r-5-milhoes.htm, skipping...
[ERROR - 2025-10-22 09:27:32,840 - Worker_3] Status code == 403 for http://noticias.uol.com.br/ultimas-noticias/bbc/2014/08/06/lideres-evangelicos-saem-em-defesa-de-israel-e-criticam-dilma.htm, skipping...
[ERROR - 2025-10-22 09:27:36,884 - Worker_2] Status code == 403 for http://noticias.uol.com.br/ultimas-noticias/bbc/2014/08/06/passageiros-empurram-trem-para-soltar-homem-preso.htm, skipping...
[ERROR - 2025-10-22 09:27:36,923 - Worker_3] Status code == 403 for http://noticias.uol.com.br/saude/ultimas-noticias/estado/2014/08/06/novo-composto-reverte-deficiencias-do-alzheimer-em-ratos.htm, skipping...
[ERROR - 2025-10-22 09:27:37,595 - Worker_1] Status code == 403 for http://rodrigomattos.blogosfera.uol.com.br/2014/08/06/governo-admite-mudancas-na-lei-para-aumentar-pagamentos-dos-clubes/, skipping...
[ERROR - 2025-10-22 09:27:40,967 - Worker_2] Status code == 403 for http://noticias.uol.com.br/midiaglobal/lemonde/2014/08/06/estrangeiros-fogem-de-onda-sangrenta-de-violencia-na-libia.htm, skipping...
[ERROR - 2025-10-22 09:27:42,655 - Worker_0] Status code == 404 for http://guia.uol.com.br/rio-de-janeiro/cinema/noticias/2014/08/05/mostra-do-diretor-chines-jia-zhangke-exibe-filme-ganhador-de-cannes.htm, skipping...
[ERROR - 2025-10-22 09:27:45,346 - Worker_2] Status code == 403 for http://noticias.uol.com.br/ultimas-noticias/afp/2014/08/06/vovo-carlotto-simbolo-da-luta-pelos-bebes-da-ditadura-na-argentina.htm, skipping...
[ERROR - 2025-10-22 09:27:46,570 - Worker_1] Status code == 403 for http://noticias.uol.com.br/saude/ultimas-noticias/redacao/2014/08/06/bebe-sofia-e-submetida-a-nova-cirurgia-nos-eua.htm, skipping...
[ERROR - 2025-10-22 09:27:46,829 - Worker_0] Status code == 403 for http://economia.uol.com.br/financas-pessoais/noticias/redacao/2014/08/06/10-dicas-para-comprar-o-presente-do-dia-dos-pais-sem-estourar-o-orcamento.htm, skipping...
[ERROR - 2025-10-22 09:28:00,962 - Worker_0] Status code == 403 for http://noticias.uol.com.br/internacional/ultimas-noticias/2014/08/06/ignacio-hurban-o-neto-114.htm, skipping...
[ERROR - 2025-10-22 09:28:02,588 - Worker_4] Status code == 403 for http://noticias.uol.com.br/album/album-do-dia/2014/08/06/imagens-do-dia---6-de-agosto-de-2014.htm?abrefoto=39, skipping...
[ERROR - 2025-10-22 09:28:03,590 - Worker_2] Failed to connect with http://noticias.carsale.uol.com.br/videos/2014/08/05/video-novo-ka-enterra-passado-e-vira-a-cara-da-ford-global/ after 3 attempts, skipping...
[ERROR - 2025-10-22 09:28:05,667 - Worker_1] Status code == 404 for http://guia.uol.com.br/belo-horizonte/noticias/2014/08/05/comedia-com-flavia-monteiro-mostra-dilemas-de-encarar-gestacoes-inesperadas.htm, skipping...
[ERROR - 2025-10-22 09:28:07,799 - Worker_2] Status code == 403 for http://josiasdesouza.blogosfera.uol.com.br/2014/08/06/pt-e-pmdb-batem-cabeca-ao-abrir-cpi-do-metro/, skipping...
[ERROR - 2025-10-22 09:28:09,845 - Worker_1] Status code == 403 for http://rodrigomattos.blogosfera.uol.com.br/2014/08/06/lei-para-dividas-de-clubes-e-aberracao-dizem-especialistas/, skipping...
[ERROR - 2025-10-22 09:28:09,874 - Worker_0] Status code == 403 for http://noticias.uol.com.br/ultimas-noticias/reuters/2014/08/06/alemanha-franca-e-gra-bretanha-propoe-reabertura-de-missao-da-ue-em-gaza.htm, skipping...
[ERROR - 2025-10-22 09:28:11,877 - Worker_2] Status code == 403 for http://noticias.uol.com.br/midiaglobal/elpais/2014/08/06/vendedores-de-maconha-nos-eua-tentam-aproximar-clientes-e-fornecedores.htm, skipping...
[ERROR - 2025-10-22 09:28:12,725 - Worker_4] Failed to connect with http://natelinha.ne10.uol.com.br/novelas/2014/08/06/saiba-qual-o-verdadeiro-motivo-de-jose-alfredo-odiar-tanto-maria-marta-78081.php after 3 attempts, skipping...
[ERROR - 2025-10-22 09:28:16,124 - Worker_3] Status code == 403 for http://economia.uol.com.br/ultimas-noticias/colunistas/marco-roza/2014/08/06/identificar-afinidades-e-primeiro-passo-para-fazer-parceria-de-sucesso.htm, skipping...
[ERROR - 2025-10-22 09:28:24,561 - Worker_3] Status code == 403 for http://noticias.uol.com.br/ultimas-noticias/reuters/2014/08/06/russia-ira-banir-importacao-de-alimentos-de-eua-e-ue-em-retaliacao-a-sancoes.htm, skipping...
[ERROR - 2025-10-22 09:28:28,660 - Worker_3] Status code == 403 for http://noticias.uol.com.br/cotidiano/ultimas-noticias/2014/08/06/menino-atacado-por-tigre-deixa-hospital-em-cascavel.htm, skipping...
[ERROR - 2025-10-22 09:28:35,297 - Worker_3] Status code == 403 for http://reginanavarro.blogosfera.uol.com.br/2014/08/07/desde-que-admiti-que-sou-gay-sofro-muito-me-recrimino-e-vivo-recluso/, skipping...
[ERROR - 2025-10-22 09:28:42,642 - Worker_4] Status code == 403 for http://nagradedomma.blogosfera.uol.com.br/2014/08/07/belfort-aparece-menor-apos-parar-com-o-trt-veja-o-antes-e-depois/, skipping...
[ERROR - 2025-10-22 09:28:47,783 - Worker_0] Status code == 404 for http://guia.uol.com.br/curitiba/noticias/2014/08/06/programacao-da-semana-tem-zeca-baleiro-capital-inicial-e-racionais.htm, skipping...
[ERROR - 2025-10-22 09:28:49,081 - Worker_4] Status code == 403 for http://noticias.uol.com.br/internacional/ultimas-noticias/2014/08/07/hamas-se-diz-pronto-para-retomar-ataques-perto-da-expiracao-da-tregua-humanitaria.htm, skipping...
[ERROR - 2025-10-22 09:28:53,425 - Worker_4] Status code == 403 for http://doutorjairo.blogosfera.uol.com.br/2014/08/07/perder-peso-e-bom-mas-nao-vai-ter-fazer-mais-feliz-alerta-pesquisa/, skipping...
[ERROR - 2025-10-22 09:28:54,190 - Worker_0] Status code == 403 for http://noticias.uol.com.br/cotidiano/ultimas-noticias/2014/08/06/apos-copa-mendigos-voltam-a-copacabana-e-reclamam-de-recolhimento-forcado.htm, skipping...
[ERROR - 2025-10-22 09:28:54,368 - Worker_3] Status code == 404 for http://guia.uol.com.br/sao-paulo/concertos/noticias/2014/08/06/opera-que-estreia-no-theatro-sao-pedro-retrata-solidao-da-sociedade-atual.htm, skipping...
[ERROR - 2025-10-22 09:28:58,281 - Worker_0] Status code == 403 for http://noticias.uol.com.br/album/album-do-dia/2014/08/05/imagens-do-dia---5-de-agosto-de-2014.htm?abrefoto=19, skipping...
[ERROR - 2025-10-22 09:28:59,911 - Worker_4] Status code == 403 for http://economia.uol.com.br/empregos-e-carreiras/noticias/redacao/2014/08/06/posso-ser-demitido-durante-contrato-de-experiencia-quais-os-meus-direitos.htm, skipping...
[ERROR - 2025-10-22 09:29:02,360 - Worker_0] Status code == 403 for http://noticias.uol.com.br/midiaglobal/lemonde/2014/08/07/seis-especies-consideradas-nocivas-na-franca-vencem-batalha-na-justica.htm, skipping...
[ERROR - 2025-10-22 09:29:19,024 - Worker_4] Status code == 404 for http://guia.uol.com.br/curitiba/noticias/2014/08/06/musical-crazy-for-you-com-claudia-raia-estreia-em-curitiba-na-sexta-8.htm, skipping...
[ERROR - 2025-10-22 09:29:29,135 - Worker_4] Failed to connect with http://noticias.carsale.uol.com.br/segredos/2014/08/04/flagra-novo-seda-medio-global-da-chery-roda-em-testes-no-brasil/ after 3 attempts, skipping...
[ERROR - 2025-10-22 09:29:34,349 - Worker_0] Status code == 403 for http://tecnologia.uol.com.br/noticias/redacao/2014/08/06/tablet-philco-tem-boa-camera-mas-dificuldade-para-se-entender-com-wi-fi.htm, skipping...
[ERROR - 2025-10-22 09:29:38,443 - Worker_0] Status code == 403 for http://noticias.uol.com.br/midiaglobal/elpais/2014/08/07/as-ferias-de-hollande-o-presidente-frances-solteiro.htm, skipping...
[ERROR - 2025-10-22 09:29:52,116 - Worker_1] Status code == 404 for http://guia.uol.com.br/rio-de-janeiro/passeios/noticias/2014/08/06/festival-sesc-de-inverno-leva-atracoes-gratuitas-a-regiao-serrana.htm, skipping...
[ERROR - 2025-10-22 09:29:52,245 - Worker_0] Status code == 403 for http://noticias.uol.com.br/midiaglobal/elpais/2014/08/07/guarda-costas-de-opositor-no-cazaquistao-diz-que-seria-torturado-se-voltasse.htm, skipping...
[ERROR - 2025-10-22 09:30:01,619 - Worker_1] Status code == 403 for http://noticias.uol.com.br/cotidiano/ultimas-noticias/2014/08/07/stj-mantem-pena-de-pilotos-americanos-envolvidos-em-acidente-da-gol.htm, skipping...
[ERROR - 2025-10-22 09:30:05,683 - Worker_1] Status code == 403 for http://noticias.uol.com.br/meio-ambiente/ultimas-noticias/redacao/2014/08/07/tucano-recebe-implante-de-bico-apos-ser-atropelado-em-campo-grande.htm, skipping...
[ERROR - 2025-10-22 09:30:20,840 - Worker_3] Status code == 404 for http://entretenimento.band.uol.com.br/ta-na-tela/videos/2014/08/07/15152458/bacci-entra-na-banheira-onde-withney-houston-morreu.html, skipping...
[ERROR - 2025-10-22 09:30:21,239 - Worker_1] Status code == 403 for http://noticias.uol.com.br/album/2014/08/07/veja-o-que-tem-no-navio-de-assalto-anfibio-atracado-no-rio.htm?abrefoto=9, skipping...
[ERROR - 2025-10-22 09:30:25,006 - Worker_3] Status code == 403 for http://economia.uol.com.br/empreendedorismo/noticias/redacao/2014/08/06/empresa-contrata-voluntarios-de-igreja-por-considera-los-mais-comprometidos.htm, skipping...
[ERROR - 2025-10-22 09:30:27,657 - Worker_1] Status code == 403 for http://economia.uol.com.br/empregos-e-carreiras/noticias/redacao/2014/08/07/empresas-tem-517-vagas-para-estagio-e-trainee-com-salario-de-ate-r-5200.htm, skipping...
[ERROR - 2025-10-22 09:30:47,007 - Worker_4] Failed to connect with http://natelinha.ne10.uol.com.br/novelas/2014/08/07/imperio-saiba-o-que-cristina-vai-fazer-com-o-dinheiro-de-maria-marta-78125.php after 3 attempts, skipping...
[ERROR - 2025-10-22 09:30:51,596 - Worker_4] Status code == 404 for http://cenapop.virgula.uol.com.br/2014/08/07/49229-tatuagens-revelam-identidade-da-nova-panicat-conheca-mari-gonzalez/, skipping...
[ERROR - 2025-10-22 09:30:55,184 - Worker_2] Status code == 403 for http://noticias.uol.com.br/internacional/ultimas-noticias/2014/08/06/ignacio-hurban-o-neto-114.htm, skipping...
[ERROR - 2025-10-22 09:30:55,765 - Worker_4] Status code == 403 for http://noticias.uol.com.br/ultimas-noticias/afp/2014/08/07/eua-dizem-que-situacao-no-iraque-e-quase-uma-catastrofe-humanitaria.htm, skipping...
[ERROR - 2025-10-22 09:30:59,404 - Worker_2] Status code == 403 for http://noticias.uol.com.br/album/album-do-dia/2014/08/06/imagens-do-dia---6-de-agosto-de-2014.htm?abrefoto=39, skipping...
[ERROR - 2025-10-22 09:31:05,148 - Worker_0] Status code == 403 for http://noticias.uol.com.br/album/album-do-dia/2014/08/07/imagens-do-dia---7-de-agosto-de-2014.htm?abrefoto=37, skipping...
[ERROR - 2025-10-22 09:31:21,660 - Worker_2] Status code == 403 for http://rodrigomattos.blogosfera.uol.com.br/2014/08/07/corinthians-burlou-receita-por-cinco-anos-ate-na-gestao-de-gobbi/, skipping...
[ERROR - 2025-10-22 09:31:23,968 - Worker_3] Status code == 403 for http://noticias.uol.com.br/saude/ultimas-noticias/redacao/2014/08/08/estou-ficando-mais-forte-a-cada-dia-diz-medico-dos-eua-que-trata-o-ebola.htm, skipping...
[ERROR - 2025-10-22 09:31:29,428 - Worker_1] Status code == 404 for http://guia.uol.com.br/sao-paulo/baladas/noticias/2014/08/06/dj-do-tomorrowland-yves-v-faz-unica-apresentacao-nesta-sexta-8-em-sp.htm, skipping...
[ERROR - 2025-10-22 09:31:32,920 - Worker_4] Status code == 403 for http://noticias.uol.com.br/saude/ultimas-noticias/efe/2014/08/08/bacteria-devoradora-de-carne-humana-faz-terceira-vitima-na-florida.htm, skipping...
[ERROR - 2025-10-22 09:31:51,170 - Worker_2] Failed to connect with http://blogdobirner.virgula.uol.com.br/2014/08/08/crise-e-gravissima-nao-paramos-de-afundar/ after 3 attempts, skipping...
[ERROR - 2025-10-22 09:31:52,924 - Worker_3] Status code == 403 for http://economia.uol.com.br/noticias/redacao/2014/08/08/receita-libera-consulta-a-terceiro-lote-de-restituicoes-do-ir-2014-confira.htm, skipping...
[ERROR - 2025-10-22 09:31:57,341 - Worker_0] Status code == 403 for http://noticias.uol.com.br/tabloide/album/2014/01/06/os-recordes-e-tentativas-de-2014.htm, skipping...
[ERROR - 2025-10-22 09:32:01,409 - Worker_1] Status code == 403 for http://tablog.blogosfera.uol.com.br/2014/07/qual-o-cumulo-do-capitalismo-comprar-edicao-de-o-capital-por-r-88-mil/, skipping...
[ERROR - 2025-10-22 09:32:05,742 - Worker_1] Status code == 403 for http://fernandorodrigues.blogosfera.uol.com.br/2014/08/08/planalto-vai-proibir-acesso-a-edicao-da-wikipedia/, skipping...
[ERROR - 2025-10-22 09:32:14,835 - Worker_1] Status code == 403 for http://noticias.uol.com.br/ultimas-noticias/agencia-estado/2014/08/08/guindaste-de-obra-da-linha-4-do-metro-tomba-sobre-imovel.htm, skipping...
[ERROR - 2025-10-22 09:32:16,312 - Worker_2] Status code == 403 for http://josiasdesouza.blogosfera.uol.com.br/2014/08/08/submetido-a-um-crime-o-planalto-desconversa/, skipping...
[ERROR - 2025-10-22 09:32:16,506 - Worker_0] Status code == 404 for http://guia.uol.com.br/album/2014/08/08/dia-dos-pais-confira-dicas-de-passeios-para-pais-e-filhos-em-curitiba.htm, skipping...
[ERROR - 2025-10-22 09:32:23,030 - Worker_2] Status code == 403 for http://noticias.uol.com.br/tabloide/ultimas-noticias/tabloideanas/2014/08/05/lanchonete-da-desconto-de-15-para-quem-reza-antes-de-comer.htm, skipping...
[ERROR - 2025-10-22 09:32:40,248 - Worker_3] Status code == 403 for http://uolesporte.blogosfera.uol.com.br/2014/08/08/veja-como-esta-ficando-o-novo-estadio-do-palmeiras/, skipping...
[ERROR - 2025-10-22 09:32:40,425 - Worker_0] Status code == 404 for http://guia.uol.com.br/brasilia/noticias/2014/08/07/roteiro-de-shows-traz-humberto-gessinger-timbalada-e-harmonia-do-samba.htm, skipping...
[ERROR - 2025-10-22 09:32:42,267 - Worker_4] Status code == 403 for http://noticias.uol.com.br/internacional/ultimas-noticias/2014/08/08/palestinos-encontram-lixo-e-mensagens-de-intolerancia-na-volta-para-a-faixa-de-gaza.htm, skipping...
[ERROR - 2025-10-22 09:32:44,412 - Worker_3] Status code == 403 for http://noticias.uol.com.br/internacional/ultimas-noticias/2014/08/08/eua-intensificam-bombardeios-contra-islamitas-no-iraque.htm, skipping...
[ERROR - 2025-10-22 09:32:46,823 - Worker_4] Status code == 404 for http://cenapop.virgula.uol.com.br/2014/08/07/49229-tatuagens-revelam-identidade-da-nova-panicat-conheca-mari-gonzalez/, skipping...
[ERROR - 2025-10-22 09:32:48,597 - Worker_3] Status code == 403 for http://noticias.uol.com.br/saude/ultimas-noticias/estado/2014/08/08/brasil-doa-medicamentos-a-paises-com-epidemia-do-ebola.htm, skipping...
[ERROR - 2025-10-22 09:32:49,698 - Worker_0] Status code == 403 for http://noticias.uol.com.br/internacional/ultimas-noticias/2014/08/06/ignacio-hurban-o-neto-114.htm, skipping...
[ERROR - 2025-10-22 09:32:52,767 - Worker_3] Status code == 403 for http://noticias.uol.com.br/ultimas-noticias/efe/2014/08/08/restos-de-vitimas-de-ditadura-sao-encontrados-em-balneario-no-sul-do-chile.htm, skipping...
[ERROR - 2025-10-22 09:32:58,278 - Worker_4] Status code == 403 for http://uolesporte.blogosfera.uol.com.br/2014/08/08/religiosa-mulher-do-novo-goleiro-do-real-recusa-proposta-da-playboy/, skipping...
[ERROR - 2025-10-22 09:33:01,596 - Worker_3] Status code == 403 for http://noticias.uol.com.br/midiaglobal/lemonde/2014/08/08/visto-de-asilo-beneficia-11-cristaos-do-iraque.htm, skipping...
[ERROR - 2025-10-22 09:33:05,775 - Worker_3] Status code == 403 for http://noticias.uol.com.br/midiaglobal/elpais/2014/08/08/narcomarinheiros-carregaram-cocaina-em-navio-escola-na-colombia.htm, skipping...
[ERROR - 2025-10-22 09:33:10,103 - Worker_3] Status code == 403 for http://uolesporte.blogosfera.uol.com.br/2014/08/08/diego-costa-marca-seu-primeiro-gol-pelo-chelsea-e-foi-um-golaco/, skipping...
[ERROR - 2025-10-22 09:33:10,494 - Worker_4] Status code == 404 for http://charges.uol.com.br/2014/08/08/cotidiano-denunciando-o-patrao/, skipping...
[ERROR - 2025-10-22 09:33:14,627 - Worker_3] Status code == 403 for http://dralexandrefaisal.blogosfera.uol.com.br/2014/08/08/uma-em-cada-14-mulheres-sofre-violencia-sexual-no-mundo/, skipping...
[ERROR - 2025-10-22 09:33:16,071 - Worker_0] Status code == 403 for http://noticias.uol.com.br/album/album-do-dia/2014/08/09/imagens-do-dia---9-de-agosto-de-2014.htm?abrefoto=1, skipping...
[ERROR - 2025-10-22 09:33:20,779 - Worker_0] Status code == 403 for http://tecnologia.uol.com.br/album/2014/08/08/capas-para-o-facebook-homenageiam-o-seu-pai.htm?abrefoto=20, skipping...
[ERROR - 2025-10-22 09:33:29,575 - Worker_4] Status code == 404 for http://guia.uol.com.br/belo-horizonte/noticias/2014/08/07/nomes-do-jazz-nacional-e-internacional-estao-em-festival-gratuito-em-bh.htm, skipping...
[ERROR - 2025-10-22 09:33:43,786 - Worker_4] Status code == 403 for http://uolesporte.blogosfera.uol.com.br/2014/08/05/veja-como-sao-escolhidas-as-cheerleaders-de-um-gigante-da-nba/, skipping...
[ERROR - 2025-10-22 09:33:45,762 - Worker_3] Status code == 404 for http://guia.uol.com.br/curitiba/noticias/2014/08/06/musical-crazy-for-you-com-claudia-raia-estreia-em-curitiba-na-sexta-8.htm, skipping...
[ERROR - 2025-10-22 09:33:46,315 - Worker_1] Status code == 403 for http://blogdosakamoto.blogosfera.uol.com.br/2014/08/09/guia-rapido-para-nao-ser-massa-burra-de-manobra-nas-eleicoes-parte-2/, skipping...
[ERROR - 2025-10-22 09:33:49,303 - Worker_0] Status code == 404 for http://guia.uol.com.br/curitiba/noticias/2014/08/05/exposicao-de-brinquedos-feitos-a-mao-reune-mais-de-900-pecas-em-curitiba.htm, skipping...
[ERROR - 2025-10-22 09:34:02,116 - Worker_2] Status code == 404 for http://noticias.uol.com.br/album/olho-magico/2014/08/09/olho-magico.htm?abrefoto=5, skipping...
[ERROR - 2025-10-22 09:34:10,410 - Worker_4] Status code == 403 for http://uolesporte.blogosfera.uol.com.br/2014/08/09/ta-bombando-goleiro-belga-faz-defesa-magica-em-jogo-do-chelsea/, skipping...
[ERROR - 2025-10-22 09:34:11,239 - Worker_1] Status code == 403 for http://blogdobrunovoloch.blogosfera.uol.com.br/2014/08/09/vitoria-pelo-meio/, skipping...
[ERROR - 2025-10-22 09:34:15,498 - Worker_1] Status code == 403 for http://colunaesplanada.blogosfera.uol.com.br/2014/08/09/forca-tarefa-por-jogos-2016-custara-r-4-milhoes-por-ano/, skipping...
[ERROR - 2025-10-22 09:34:17,067 - Worker_3] Status code == 403 for http://uolesporte.blogosfera.uol.com.br/2014/08/09/ex-no-1-do-tenis-ja-trocou-calcinha-em-quadra-o-problema-agora-foi-o-sutia/, skipping...
[ERROR - 2025-10-22 09:34:39,051 - Worker_3] Status code == 403 for http://uolesporte.blogosfera.uol.com.br/2014/08/09/diego-costa-e-vitima-de-falta-criminosa-em-amistoso-do-chelsea-veja/, skipping...
[ERROR - 2025-10-22 09:34:40,315 - Worker_2] Status code == 404 for http://guia.uol.com.br/belo-horizonte/noticias/2014/08/05/comedia-com-flavia-monteiro-mostra-dilemas-de-encarar-gestacoes-inesperadas.htm, skipping...
[ERROR - 2025-10-22 09:34:45,528 - Worker_3] Status code == 403 for http://noticias.uol.com.br/meio-ambiente/ultimas-noticias/ag-estado/2014/08/09/em-16-anos-poluicao-do-ar-pode-matar-ate-256-mil-em-sp-aponta-estudo-da-usp.htm, skipping...
[ERROR - 2025-10-22 09:34:49,025 - Worker_2] Status code == 403 for http://uolesporte.blogosfera.uol.com.br/2014/08/09/parece-muito-tempo-mas-faz-so-um-mes-do-7-a-1-saiba-o-que-rolou-depois/, skipping...
[ERROR - 2025-10-22 09:34:55,567 - Worker_2] Status code == 403 for http://noticias.uol.com.br/album/2014/08/09/incendio-de-grandes-proporcoes-atinge-deposito-de-carros-no-rio.htm, skipping...
[ERROR - 2025-10-22 09:34:59,332 - Worker_4] Status code == 403 for http://noticias.uol.com.br/ultimas-noticias/efe/2014/08/09/comeca-a-ofensiva-curda-para-recuperar-terreno-no-norte-do-iraque.htm, skipping...
[ERROR - 2025-10-22 09:34:59,715 - Worker_2] Status code == 403 for http://noticias.uol.com.br/ultimas-noticias/reuters/2014/08/10/iraque-diz-que-estado-islamico-matou-500-yazidis-e-enterrou-algumas-vitimas-vivas.htm, skipping...
[ERROR - 2025-10-22 09:35:11,449 - Worker_2] Status code == 403 for http://noticias.uol.com.br/ultimas-noticias/efe/2014/08/10/estado-islamico-toma-mais-tres-localidades-em-deir-ez-zor-na-siria.htm, skipping...
[ERROR - 2025-10-22 09:35:20,023 - Worker_3] Status code == 403 for http://noticias.uol.com.br/ultimas-noticias/afp/2014/08/10/vinte-mil-iraquianos-conseguem-fugir-do-certo-jihdista.htm, skipping...
[ERROR - 2025-10-22 09:35:28,690 - Worker_0] Status code == 403 for http://noticias.uol.com.br/ciencia/album/2014/07/12/fenomeno-da-superlua.htm?abrefoto=52, skipping...
[ERROR - 2025-10-22 09:35:29,619 - Worker_3] Status code == 403 for http://noticias.uol.com.br/midiaglobal/the-international-new-york-times/2014/08/10/tragedia-do-mh17-faz-pensar-se-ser-russo-significa-nunca-ter-de-pedir-desculpas.htm, skipping...
[ERROR - 2025-10-22 09:35:32,778 - Worker_0] Status code == 403 for http://noticias.uol.com.br/ultimas-noticias/bbc/2014/08/10/pais-biologicos-de-bebe-com-down-falam-pela-1-vez.htm, skipping...
[ERROR - 2025-10-22 09:35:33,068 - Worker_2] Status code == 403 for http://educacao.uol.com.br/noticias/2014/08/07/a-tres-meses-do-enem-aluno-deve-priorizar-conteudo-que-sabe-mais.htm, skipping...
[ERROR - 2025-10-22 09:35:41,339 - Worker_3] Status code == 404 for http://charges.uol.com.br/2014/08/10/espinha-e-fimose-anuncios-toscos/, skipping...
[ERROR - 2025-10-22 09:35:42,027 - Worker_2] Status code == 403 for http://noticias.uol.com.br/tabloide/album/2014/08/10/selfies-retoques-e-ate-sentar-no-chao-nem-tudo-e-glamour-no-backstage-do-miss-mundo-brasil.htm?abrefoto=6, skipping...
[ERROR - 2025-10-22 09:35:54,851 - Worker_3] Status code == 403 for http://noticias.uol.com.br/album/2014/08/10/olho-magico.htm?abrefoto=2, skipping...
[ERROR - 2025-10-22 09:35:56,341 - Worker_1] Status code == 404 for http://guia.uol.com.br/curitiba/noticias/2014/07/17/curitiba-recebe-exposicao-inedita-com-240-fotos-de-frida-kahlo.htm, skipping...
[ERROR - 2025-10-22 09:35:58,972 - Worker_3] Status code == 403 for http://noticias.uol.com.br/midiaglobal/nytimes/2014/08/10/ambientalistas-tentam-conter-a-invasao-de-intrusos-famintos-em-reservas-americanas.htm, skipping...
[ERROR - 2025-10-22 09:36:00,429 - Worker_1] Status code == 403 for http://noticias.uol.com.br/internacional/ultimas-noticias/2014/08/10/israel-e-palestinos-aceitam-novo-cessar-fogo-em-gaza-dizem-fontes.htm, skipping...
[ERROR - 2025-10-22 09:36:16,943 - Worker_4] Status code == 403 for http://noticias.uol.com.br/ultimas-noticias/reuters/2014/08/10/tayyip-erdogan-vence-eleicoes-presidenciais-na-turquia.htm, skipping...
[ERROR - 2025-10-22 09:36:23,766 - Worker_2] Status code == 403 for http://uolesporte.blogosfera.uol.com.br/2014/08/10/espanhol-leva-tapinha-em-comemoracao-e-pede-mais-cuidado-a-companheiro/, skipping...
[ERROR - 2025-10-22 09:36:33,168 - Worker_0] Status code == 404 for http://guia.uol.com.br/belo-horizonte/noticias/2014/07/16/exposicao-traz-100-gravuras-de-salvador-dali-inspiradas-na-divina-comedia.htm, skipping...
[ERROR - 2025-10-22 09:36:33,207 - Worker_2] Status code == 403 for http://blogdobrunovoloch.blogosfera.uol.com.br/2014/08/10/vitoria-do-conjunto/, skipping...
[ERROR - 2025-10-22 09:36:36,058 - Worker_4] Status code == 404 for http://guia.uol.com.br/brasilia/noticias/2014/08/05/alceu-valenca-e-lenine-fazem-show-gratuito-no-maior-sao-joao-do-cerrado.htm, skipping...
[ERROR - 2025-10-22 09:36:50,046 - Worker_2] Status code == 403 for http://noticias.uol.com.br/midiaglobal/nytimes/2014/08/10/americano-e-autuado-por-tentar-vender-moedas-antigas-saqueadas-objetos-sao-devolvidos-a-grecia.htm, skipping...
[ERROR - 2025-10-22 09:36:54,288 - Worker_2] Status code == 403 for http://noticias.uol.com.br/internacional/ultimas-noticias/2014/08/10/24-pessoas-ficam-presas-em-montanha-russa-nos-eua.htm, skipping...
[ERROR - 2025-10-22 09:36:57,673 - Worker_0] Status code == 404 for http://cenapop.virgula.uol.com.br/2014/08/04/48964-casal-pinta-as-unhas-das-filhas-trigemeas-para-conseguir-identifica-las/, skipping...
[ERROR - 2025-10-22 09:37:02,982 - Worker_3] Status code == 403 for http://uolesporte.blogosfera.uol.com.br/2014/08/10/jogador-do-atletico-de-madrid-leva-a-pior-em-dividida-e-desmaia-em-campo/, skipping...
[ERROR - 2025-10-22 09:37:29,428 - Worker_4] Status code == 403 for http://economia.uol.com.br/noticias/infomoney/2014/08/11/o-misterio-da-empresa-de-eike-que-vale-r-120-mi-na-bolsa-e-tem-so-12-empregados.htm, skipping...
[ERROR - 2025-10-22 09:37:30,663 - Worker_1] Status code == 403 for http://josiasdesouza.blogosfera.uol.com.br/2014/08/11/temer-gravou-5-videos-para-programa-de-dilma/, skipping...
[ERROR - 2025-10-22 09:37:35,996 - Worker_4] Status code == 403 for http://noticias.uol.com.br/ultimas-noticias/agencia-estado/2014/08/11/multas-por-embriaguez-crescem-40-em-rodovias-de-sp.htm, skipping...
[ERROR - 2025-10-22 09:37:42,021 - Worker_3] Status code == 403 for http://nagradedomma.blogosfera.uol.com.br/2014/08/11/melhor-amiga-era-apontada-como-nova-ronda-rosey-foi-nocauteada-em-37s/, skipping...
[ERROR - 2025-10-22 09:37:45,343 - Worker_4] Status code == 403 for http://economia.uol.com.br/cotacoes/noticias/redacao/2014/08/11/petrobras-sobe-4-e-bolsa-tem-maior-alta-percentual-diaria-em-3-semanas.htm, skipping...
[ERROR - 2025-10-22 09:37:46,140 - Worker_1] Status code == 403 for http://uolesporte.blogosfera.uol.com.br/2014/08/11/lateral-dobra-braco-ao-contrario-em-lesao-de-arrepiar-no-argentino-veja/, skipping...
[ERROR - 2025-10-22 09:37:55,096 - Worker_3] Status code == 403 for http://noticias.uol.com.br/midiaglobal/nytimes/2014/08/11/india-se-estremece-com-caso-de-jovens-muculmanos-que-fugiram-para-o-iraque.htm, skipping...
[ERROR - 2025-10-22 09:38:08,100 - Worker_1] Status code == 403 for http://cornetafc.blogosfera.uol.com.br/2014/08/10/robinho-vira-triatleta-depois-de-derrota-do-santos-para-o-corinthians/, skipping...
[ERROR - 2025-10-22 09:38:12,092 - Worker_4] Status code == 404 for http://guia.uol.com.br/curitiba/restaurantes/noticias/2014/07/16/rodizio-de-cachorro-quente-parada-obrigatoria-para-os-fas-do-pao-com-vina.htm, skipping...
[ERROR - 2025-10-22 09:38:13,530 - Worker_2] Status code == 403 for http://blogmiltonneves.bol.uol.com.br/blog/2014/08/11/o-palmeiras-e-campeao-mundial-sim-e-o-titulo-da-taca-rio-1951-vale-muito-mais-do-que-o-torneio-de-verao-conquistado-pelo-corinthians-em-2000/, skipping...
[ERROR - 2025-10-22 09:38:15,736 - Worker_0] Status code == 403 for http://noticias.uol.com.br/saude/ultimas-noticias/reuters/2014/08/11/eua-autorizam-uso-de-droga-experimental-contra-ebola-na-liberia.htm, skipping...
[ERROR - 2025-10-22 09:38:16,245 - Worker_4] Status code == 403 for http://noticias.uol.com.br/ultimas-noticias/bbc/2014/08/11/cartilha-do-itamaraty-a-viajantes-brasileiros-tem-dicas-desatualizadas-e-polemicas.htm, skipping...
[ERROR - 2025-10-22 09:38:19,924 - Worker_0] Status code == 403 for http://noticias.uol.com.br/midiaglobal/nytimes/2014/08/11/bibliotecas-municipais-lutam-para-atender-demanda-de-aulas-de-ingles-em-nova-york.htm, skipping...
[ERROR - 2025-10-22 09:38:28,948 - Worker_0] Status code == 403 for http://noticias.uol.com.br/ultimas-noticias/agencia-estado/2014/08/11/ceagesp-entra-em-greve-mas-mercado-vai-funcionar.htm, skipping...
[ERROR - 2025-10-22 09:38:29,431 - Worker_1] Status code == 403 for http://noticias.uol.com.br/ultimas-noticias/agencia-estado/2014/08/11/pms-condenados-por-morte-de-juiza-nao-foram-expulsos.htm, skipping...
[ERROR - 2025-10-22 09:38:33,528 - Worker_0] Status code == 403 for http://omundoemmovimento.blogosfera.uol.com.br/2014/08/11/venda-de-usados-volta-a-crescer-aumento-e-de-48-no-ano/, skipping...
[ERROR - 2025-10-22 09:38:35,312 - Worker_4] Status code == 404 for http://guia.uol.com.br/rio-de-janeiro/cinema/noticias/2014/08/05/mostra-do-diretor-chines-jia-zhangke-exibe-filme-ganhador-de-cannes.htm, skipping...
[ERROR - 2025-10-22 09:38:36,429 - Worker_3] Status code == 403 for http://mauriciostycer.blogosfera.uol.com.br/2014/08/11/video-show-explica-a-suspensao-do-tempo-para-o-publico-de-o-rebu/, skipping...
[ERROR - 2025-10-22 09:38:39,489 - Worker_4] Status code == 403 for http://noticias.uol.com.br/blogs-e-colunas/coluna/luiz-felipe-alencastro/2014/08/11/erdogan-e-a-nova-turquia.htm, skipping...
[ERROR - 2025-10-22 09:38:42,940 - Worker_2] Status code == 404 for http://cenapop.virgula.uol.com.br/2014/08/11/49472-policia-captura-cobra-piton-que-estava-devorando-gatos-na-florida/, skipping...
[ERROR - 2025-10-22 09:38:46,567 - Worker_3] Failed to connect with http://motordream.uol.com.br/noticias/ver/2014/08/07/teste-jac-j3-s-evolucao-sem-revolucao after 3 attempts, skipping...
[ERROR - 2025-10-22 09:39:00,996 - Worker_4] Status code == 404 for http://guia.uol.com.br/album/2014/08/01/em-exposicao-fotografo-frances-registra-o-dia-de-trabalho-dos-garis-no-rio.htm?abrefoto=1, skipping...
[ERROR - 2025-10-22 09:39:02,799 - Worker_1] Failed to connect with http://natelinha.ne10.uol.com.br/celebridades/2014/08/11/ator-fabio-assuncao-vence-processo-contra-a-record-78275.php after 3 attempts, skipping...
[ERROR - 2025-10-22 09:39:05,191 - Worker_4] Status code == 403 for http://noticias.uol.com.br/album/album-do-dia/2014/08/11/imagens-do-dia---11-de-agosto-de-2014.htm?abrefoto=51, skipping...
[ERROR - 2025-10-22 09:39:09,574 - Worker_4] Status code == 403 for http://blogdomariomagalhaes.blogosfera.uol.com.br/2014/08/11/ha-40-anos-morria-frei-tito-um-martir-brasileiro/, skipping...
[ERROR - 2025-10-22 09:39:56,491 - Worker_3] Status code == 403 for http://noticias.uol.com.br/ultimas-noticias/agencia-estado/2014/08/12/jaguari-pezao-critica-acao-unilateral-e-pede-dialogo.htm, skipping...
[ERROR - 2025-10-22 09:39:58,014 - Worker_0] Failed to connect with http://noticias.carsale.uol.com.br/ultimas/2014/08/06/veja-como-fazer-a-manutencao-correta-dos-pneus-do-seu-carro/ after 3 attempts, skipping...
[ERROR - 2025-10-22 09:40:13,866 - Worker_4] Failed to connect with http://natelinha.ne10.uol.com.br/noticias/2014/08/12/confira-como-ficara-as-grades-das-emissoras-durante-o-horario-politico-78332.php after 3 attempts, skipping...
[ERROR - 2025-10-22 09:40:34,837 - Worker_0] Status code == 404 for http://guia.uol.com.br/rio-de-janeiro/passeios/noticias/2014/08/12/rio-parada-funk-traz-programacao-de-teatro-exposicao-e-flashmob.htm, skipping...
[ERROR - 2025-10-22 09:40:37,559 - Worker_1] Status code == 403 for http://noticias.uol.com.br/cotidiano/ultimas-noticias/2014/08/12/alckmin-anuncia-veto-ao-projeto-de-vagoes-exclusivos-para-mulheres.htm, skipping...
[ERROR - 2025-10-22 09:40:39,075 - Worker_0] Status code == 403 for http://robertosadovski.blogosfera.uol.com.br/2014/08/11/o-mundo-perdeu-um-pouco-a-graca-robin-williams-esta-morto/, skipping...
[ERROR - 2025-10-22 09:40:43,353 - Worker_2] Status code == 403 for http://rodrigomattos.blogosfera.uol.com.br/2014/08/12/gastando-com-robinho-santos-sofre-cobrancas-do-governo-de-r-15-mi/, skipping...
[ERROR - 2025-10-22 09:40:47,552 - Worker_2] Status code == 403 for http://rodrigomattos.blogosfera.uol.com.br/2014/08/12/relato-de-juiz-de-agressao-de-petros-com-tv-e-inedito-e-sem-aval-da-fifa/, skipping...
[ERROR - 2025-10-22 09:40:48,150 - Worker_4] Status code == 403 for http://blogdojuca.uol.com.br/2014/08/dois-meses-atras-comecava-a-copa-do-mundo-no-brasil/, skipping...
[ERROR - 2025-10-22 09:40:51,377 - Worker_3] Status code == 403 for http://noticias.uol.com.br/ciencia/ultimas-noticias/redacao/2014/08/08/tubaroes-lanternas-produzem-luz-para-se-camuflar-e-atrair-companheiros.htm, skipping...
[ERROR - 2025-10-22 09:40:57,727 - Worker_1] Failed to connect with http://natelinha.ne10.uol.com.br/noticias/2014/08/12/pedro-cardoso-deixa-fatima-bernardes-sem-graca-ao-recusar-danca-78340.php after 3 attempts, skipping...
[ERROR - 2025-10-22 09:41:01,949 - Worker_1] Status code == 403 for http://noticias.uol.com.br/saude/ultimas-noticias/afp/2014/08/12/onu-pede-para-paises-evitarem-medo-e-panico-diante-da-ameaca-do-ebola.htm, skipping...
[ERROR - 2025-10-22 09:41:03,023 - Worker_3] Status code == 403 for http://uolesportevetv.blogosfera.uol.com.br/2014/08/12/substituta-de-leifert-na-globo-ostenta-nas-ferias-e-exibe-corpao/, skipping...
[ERROR - 2025-10-22 09:41:08,457 - Worker_1] Status code == 403 for http://noticias.uol.com.br/midiaglobal/lemonde/2014/08/12/pesquisador-acredita-que-humanidade-inteira-descende-de-um-mesmo-grupo.htm, skipping...
[ERROR - 2025-10-22 09:41:18,722 - Worker_4] Status code == 403 for http://noticias.uol.com.br/midiaglobal/elpais/2014/08/12/na-turquia-nacionalismo-curdo-se-afirma-nas-urnas.htm, skipping...
[ERROR - 2025-10-22 09:41:22,667 - Worker_0] Status code == 404 for http://guia.uol.com.br/curitiba/noticias/2014/08/11/tributo-a-ariano-suassuna-tem-exposicao-e-ciclo-de-filmes-em-curitiba.htm, skipping...
[ERROR - 2025-10-22 09:41:35,646 - Worker_4] Status code == 403 for http://combaterock.blogosfera.uol.com.br/2014/08/12/woodstock-e-o-fim-do-sonho-flower-power/, skipping...
[ERROR - 2025-10-22 09:41:44,973 - Worker_1] Status code == 403 for http://blogdojuca.uol.com.br/2014/08/mancha-segura-brunoro/, skipping...
[ERROR - 2025-10-22 09:41:47,056 - Worker_4] Status code == 403 for http://noticias.uol.com.br/midiaglobal/lemonde/2014/08/12/aplicativo-tinder-tem-sexo-e-muito-papo-furado.htm, skipping...
[ERROR - 2025-10-22 09:41:49,134 - Worker_1] Status code == 403 for http://noticias.uol.com.br/ciencia/album/2014/08/01/veja-imagens-de-ciencia-do-mes-agosto2014.htm?abrefoto=9, skipping...
[ERROR - 2025-10-22 09:42:08,360 - Worker_3] Status code == 403 for http://noticias.uol.com.br/ultimas-noticias/agencia-estado/2014/08/12/retencao-de-agua-em-jaguari-ja-comprometeria-26-cidades.htm, skipping...
[ERROR - 2025-10-22 09:42:12,536 - Worker_3] Status code == 403 for http://noticias.uol.com.br/midiaglobal/lemonde/2014/08/13/opositores-iranianos-passam-a-demonstrar-solidariedade-a-palestinos.htm, skipping...
[ERROR - 2025-10-22 09:42:40,290 - Worker_0] Status code == 403 for http://noticias.uol.com.br/ultimas-noticias/reuters/2014/08/13/coluna-tragedia-com-campos-deve-levar-marina-a-cabeca-de-chapa-e-torna-eleicao-ainda-mais-incerta.htm, skipping...
[ERROR - 2025-10-22 09:43:05,870 - Worker_2] Status code == 502 for http://noticias.band.uol.com.br/eleicoes/2014/sao-paulo/noticia/?id=100000701395&t=debate-na-band-entre-candidatos-ao-governo-e-adiado, skipping...
[ERROR - 2025-10-22 09:43:12,679 - Worker_2] Status code == 403 for http://noticias.uol.com.br/cotidiano/ultimas-noticias/2014/08/13/rei-da-cachaca-e-preso-em-mg-acusado-de-estupro-e-tentativa-de-assassinato.htm, skipping...
[ERROR - 2025-10-22 09:43:15,106 - Worker_1] Status code == 403 for http://colunaesplanada.blogosfera.uol.com.br/2014/08/13/o-futuro-de-joaquim-barbosa-entre-rio-brasilia-e-miami/, skipping...
[ERROR - 2025-10-22 09:43:19,361 - Worker_1] Status code == 403 for http://economia.uol.com.br/ultimas-noticias/colunistas/marco-roza/2014/08/13/como-sobreviver-as-mas-fases-no-empreendimento.htm, skipping...
[ERROR - 2025-10-22 09:43:27,366 - Worker_0] Status code == 404 for http://guia.uol.com.br/curitiba/noticias/2014/08/13/peca-com-marisa-orth-e-miguel-falabella-estreia-em-curitiba-veja-outras.htm, skipping...
[ERROR - 2025-10-22 09:43:48,371 - Worker_2] Status code == 404 for http://guia.uol.com.br/album/2014/08/07/lanchonetes-de-sao-paulo-servem-pratos-inspirados-em-filmes-veja-fotos.htm, skipping...
[ERROR - 2025-10-22 09:44:07,442 - Worker_2] Status code == 404 for http://guia.uol.com.br/belo-horizonte/noticias/2014/07/16/exposicao-traz-100-gravuras-de-salvador-dali-inspiradas-na-divina-comedia.htm, skipping...
[ERROR - 2025-10-22 09:44:13,451 - Worker_4] Status code == 403 for http://economia.uol.com.br/noticias/the-new-york-times/2014/08/12/aeroporto-nos-eua-oferece-aparelhos-de-ginastica-para-quem-esta-esperando.htm, skipping...
[ERROR - 2025-10-22 09:44:15,209 - Worker_0] Status code == 403 for http://blogdoperrone.blogosfera.uol.com.br/2014/08/criticado-palmeiras-desiste-de-cobrar-ate-r-1-200-por-jantar-de-100-anos/, skipping...
[ERROR - 2025-10-22 09:44:16,739 - Worker_2] Status code == 403 for http://rodrigomattos.blogosfera.uol.com.br/2014/08/13/justica-aceita-penhora-de-ct-e-fla-sai-do-sufoco-financeiro/, skipping...
[ERROR - 2025-10-22 09:44:19,467 - Worker_0] Status code == 403 for http://uolesportevetv.blogosfera.uol.com.br/2014/08/12/substituta-de-leifert-na-globo-ostenta-nas-ferias-e-exibe-corpao/, skipping...
[ERROR - 2025-10-22 09:44:26,015 - Worker_4] Status code == 403 for http://blogdomariomagalhaes.blogosfera.uol.com.br/2014/08/13/destino-eduardo-campos-e-miguel-arraes-morreram-ambos-num-13-de-agosto/, skipping...
[ERROR - 2025-10-22 09:44:26,322 - Worker_0] Status code == 403 for http://noticias.uol.com.br/ultimas-noticias/agencia-estado/2014/08/13/crise-leva-cidades-a-buscar-agua-em-rios-poluidos.htm, skipping...
[ERROR - 2025-10-22 09:44:30,220 - Worker_4] Status code == 403 for http://noticias.uol.com.br/ultimas-noticias/efe/2014/08/12/estudantes-chilenos-inventam-bicicleta-antifurto.htm, skipping...
[ERROR - 2025-10-22 09:44:30,429 - Worker_3] Status code == 403 for http://noticias.uol.com.br/cotidiano/ultimas-noticias/2014/08/13/mega-sena-pode-pagar-r-35-milhoes-nesta-quarta-veja-dezenas-sorteadas.htm, skipping...
[ERROR - 2025-10-22 09:44:35,850 - Worker_2] Status code == 404 for http://guia.uol.com.br/album/2014/08/13/loja-de-brinquedos-e-tema-da-13-hora-do-horror-do-parque-hopi-hari.htm, skipping...
[ERROR - 2025-10-22 09:44:36,445 - Worker_0] Status code == 403 for http://noticias.uol.com.br/album/album-do-dia/2014/08/13/imagens-do-dia---13-de-agosto-de-2014.htm?abrefoto=53, skipping...
[ERROR - 2025-10-22 09:44:36,941 - Worker_4] Status code == 403 for http://noticias.uol.com.br/midiaglobal/nytimes/2014/08/13/jovens-negros-dos-eua-usam-twitter-para-campanha-apos-morte-no-missouri.htm, skipping...
[ERROR - 2025-10-22 09:44:40,023 - Worker_2] Status code == 403 for http://noticias.uol.com.br/ultimas-noticias/efe/2014/08/13/israelenses-e-palestinos-estabelecem-nova-tregua-de-72-horas-em-gaza.htm, skipping...
[ERROR - 2025-10-22 09:44:40,612 - Worker_0] Status code == 403 for http://noticias.uol.com.br/midiaglobal/elpais/2014/08/13/trinta-e-uma-barcas-com-299-imigrantes-chegam-em-um-unico-dia-a-espanha.htm, skipping...
[ERROR - 2025-10-22 09:44:41,184 - Worker_4] Status code == 403 for http://cristianonabuco.blogosfera.uol.com.br/2014/08/13/breaking-point-entendendo-a-crise-psicologica/, skipping...
[ERROR - 2025-10-22 09:44:45,469 - Worker_4] Status code == 403 for http://robertosadovski.blogosfera.uol.com.br/2014/08/11/o-mundo-perdeu-um-pouco-a-graca-robin-williams-esta-morto/, skipping...
[ERROR - 2025-10-22 09:44:45,703 - Worker_1] Status code == 403 for http://economia.uol.com.br/noticias/infomoney/2014/08/12/ja-que-os-outros-nao-vendem-apartamentos-de-um-dormitorio-viram-tendencia.htm, skipping...
[ERROR - 2025-10-22 09:44:49,871 - Worker_1] Status code == 403 for http://noticias.uol.com.br/ultimas-noticias/agencia-estado/2014/08/13/motos-e-ate-cavalos-invadem-ciclovia-do-centro-de-sp.htm, skipping...
[ERROR - 2025-10-22 09:44:52,722 - Worker_4] Status code == 403 for http://noticias.uol.com.br/politica/ultimas-noticias/2014/08/13/com-a-saida-de-barbosa-lewandowski-e-eleito-presidente-do-stf.htm, skipping...
[ERROR - 2025-10-22 09:45:03,829 - Worker_4] Status code == 403 for http://josiasdesouza.blogosfera.uol.com.br/2014/08/13/morte-de-eduardo-campos-embaralha-sucessao/, skipping...
[ERROR - 2025-10-22 09:45:17,826 - Worker_3] Status code == 403 for http://noticias.uol.com.br/ultimas-noticias/agencia-estado/2014/08/14/policia-acha-pecas-roubadas-da-samsung-no-paraguai.htm, skipping...
[ERROR - 2025-10-22 09:45:49,924 - Worker_4] Status code == 403 for http://noticias.uol.com.br/midiaglobal/elpais/2014/08/14/as-vesperas-de-eleicoes-cameron-resiste-a-mais-envolvimentos-com-o-iraque.htm, skipping...
[ERROR - 2025-10-22 09:46:01,535 - Worker_3] Status code == 403 for http://noticias.uol.com.br/cotidiano/ultimas-noticias/2014/08/14/anvisa-fara-inspecao-em-fabrica-de-toddynho-em-guarulhos-sp.htm, skipping...
[ERROR - 2025-10-22 09:46:04,215 - Worker_1] Status code == 404 for http://eleicoes.uol.com.br/2014/especiais/eduardo-campos.htm/, skipping...
[ERROR - 2025-10-22 09:46:08,587 - Worker_4] Status code == 403 for http://noticias.uol.com.br/midiaglobal/nytimes/2014/08/14/politicos-dos-eua-visitam-israel-em-solidariedade-e-algo-mais.htm, skipping...
[ERROR - 2025-10-22 09:46:10,796 - Worker_3] Status code == 403 for http://noticias.uol.com.br/ciencia/album/2014/08/01/veja-imagens-de-ciencia-do-mes-agosto2014.htm?abrefoto=32, skipping...
[ERROR - 2025-10-22 09:46:12,758 - Worker_4] Status code == 403 for http://noticias.uol.com.br/midiaglobal/elpais/2014/08/14/governo-deve-avaliar-quanta-impunidade-das-farc-colombianos-podem-suportar.htm, skipping...
[ERROR - 2025-10-22 09:46:13,996 - Worker_2] Status code == 403 for http://educacao.uol.com.br/noticias/agencia-estado/2014/08/04/medicina-da-usp-reduz-aulas-e-foca-internacionalizacao.htm, skipping...
[ERROR - 2025-10-22 09:46:18,166 - Worker_2] Status code == 403 for http://noticias.uol.com.br/ultimas-noticias/afp/2014/08/14/yazidis-do-iraque-sao-delatados-aos-jihadistas-por-seus-proprios-vizinhos.htm, skipping...
[ERROR - 2025-10-22 09:46:23,303 - Worker_1] Status code == 404 for http://guia.uol.com.br/belo-horizonte/noticias/2014/08/13/festival-palco-giratorio-tem-pecas-gratuitas-em-pracas-e-teatros-de-bh.htm, skipping...
[ERROR - 2025-10-22 09:46:30,760 - Worker_0] Status code == 403 for http://educacao.uol.com.br/noticias/bbc/2014/08/14/escola-deve-priorizar-lado-criativo-da-matematica-diz-nobel-brasileiro.htm, skipping...
[ERROR - 2025-10-22 09:46:31,030 - Worker_2] Status code == 403 for http://uolesporte.blogosfera.uol.com.br/2014/08/14/vacas-invadem-campo-para-brincar-e-paralisam-jogo-no-peru/, skipping...
[ERROR - 2025-10-22 09:46:38,789 - Worker_4] Status code == 404 for http://guia.uol.com.br/belo-horizonte/noticias/2014/08/13/uakti-homenageia-beatles-neste-fim-de-semana-no-cine-theatro-brasil.htm, skipping...
[ERROR - 2025-10-22 09:46:43,017 - Worker_4] Status code == 403 for http://noticias.uol.com.br/album/2014/08/13/aeronave-cai-na-regiao-central-de-santos-no-litoral-de-sp.htm?abrefoto=29, skipping...
[ERROR - 2025-10-22 09:46:47,691 - Worker_4] Status code == 404 for http://cenapop.virgula.uol.com.br/2014/08/13/49763-noivos-sao-engolidos-por-onda-em-foto-a-beira-mar/, skipping...
[ERROR - 2025-10-22 09:46:49,843 - Worker_0] Status code == 404 for http://guia.uol.com.br/sao-paulo/cinema/noticias/2014/08/12/cine-belas-artes-exibe-classicos-de-stanley-kubrick-em-noitao-na-sexta-15.htm, skipping...
[ERROR - 2025-10-22 09:46:49,939 - Worker_3] Status code == 403 for http://blogdojuliogomes.blogosfera.uol.com.br/2014/08/14/um-mes-apos-a-final-da-nossa-copa-o-futebol-brasileiro-agoniza/, skipping...
[ERROR - 2025-10-22 09:46:50,127 - Worker_2] Status code == 404 for http://guia.uol.com.br/brasilia/noticias/2014/08/14/ellen-oleria-e-atracao-do-baile-da-nega-neste-sabado-16-no-ascade.htm, skipping...
[ERROR - 2025-10-22 09:46:57,344 - Worker_2] Status code == 403 for http://uolesporte.blogosfera.uol.com.br/2014/08/14/cristiano-ronaldo-e-exagerado-ate-no-romantismo-e-a-namorada-reclama/, skipping...
[ERROR - 2025-10-22 09:47:20,488 - Worker_2] Status code == 404 for http://entretenimento.band.uol.com.br/ta-na-tela/videos/2014/08/14/15161340/bacci-visita-mansao-de-clodovil-cinco-anos-apos-sua-morte.html, skipping...
[ERROR - 2025-10-22 09:47:24,752 - Worker_2] Status code == 403 for http://mauriciostycer.blogosfera.uol.com.br/2014/08/14/detetive-ve-tv-uma-garrafa-plastica-entra-de-penetra-em-downton-abbey/, skipping...
[ERROR - 2025-10-22 09:47:27,147 - Worker_3] Status code == 404 for http://blogs.ne10.uol.com.br/jamildo/2014/08/14/pernambucanos-prestam-homenagens-a-eduardo-campos-em-frente-ao-palacio-das-princesas/, skipping...
[ERROR - 2025-10-22 09:47:29,084 - Worker_2] Status code == 403 for http://omundoemmovimento.blogosfera.uol.com.br/2014/08/13/retracao-de-vendas-e-resultado-de-terrorismo-do-mercado/, skipping...
[ERROR - 2025-10-22 09:47:31,245 - Worker_0] Status code == 403 for http://omundoemmovimento.blogosfera.uol.com.br/2014/08/14/ta-sobrando-dinheiro-so-falta-o-acesso-ao-credito-2/, skipping...
[ERROR - 2025-10-22 09:47:36,032 - Worker_2] Status code == 403 for http://cornetafc.blogosfera.uol.com.br/2014/08/14/inter-sao-paulo-e-fluminense-se-divertem-nas-cataratas-da-copa-do-brasil/, skipping...
[ERROR - 2025-10-22 09:47:37,386 - Worker_4] Status code == 403 for http://noticias.uol.com.br/blogs-e-colunas/coluna/richard-branson/2014/08/14/atencao-nao-va-direto-da-faculdade-para-a-consultoria.htm, skipping...
[ERROR - 2025-10-22 09:47:52,690 - Worker_0] Status code == 404 for http://guia.uol.com.br/sao-paulo/shows/noticias/2014/08/13/bourbon-street-fest-comeca-no-sabado-16-com-show-no-parque-do-ibirapuera.htm, skipping...
[ERROR - 2025-10-22 09:48:00,849 - Worker_4] Status code == 403 for http://educacao.uol.com.br/noticias/2014/08/11/veja-o-que-e-possivel-aprender-com-dez-seriados-de-tv.htm, skipping...
[ERROR - 2025-10-22 09:48:08,248 - Worker_3] Status code == 502 for http://noticias.band.uol.com.br/eleicoes/2014/presidenciaveis/eduardo-campos/noticia/?id=100000701593&t=mulher-de-copiloto-morto-fazia-enxoval-para-o-bebe-nos-eua, skipping...
[ERROR - 2025-10-22 09:48:26,856 - Worker_1] Status code == 502 for http://noticias.band.uol.com.br/eleicoes/2014/100000701887/band-altera-data-do-debate-presidencial-.html, skipping...
[ERROR - 2025-10-22 09:48:27,372 - Worker_3] Status code == 404 for http://guia.uol.com.br/rio-de-janeiro/exposicoes/noticias/2014/08/13/com-cartas-e-fotos-exposicao-sobre-vida-e-obra-de-zuzu-angel-chega-ao-rio.htm, skipping...
[ERROR - 2025-10-22 09:48:31,043 - Worker_1] Status code == 404 for http://noticias.uol.com.br/ultimas-noticias/afp/2014/08/15/imprensa-revela-que-servicos-secretos-alemaes-espionaram-hillary.htm, skipping...
[ERROR - 2025-10-22 09:48:41,527 - Worker_0] Status code == 403 for http://blogdojuca.uol.com.br/2014/08/a-escolha-de-rogerio-ceni/, skipping...
[ERROR - 2025-10-22 09:48:46,447 - Worker_3] Status code == 404 for http://guia.uol.com.br/sao-paulo/teatro/noticias/2014/08/13/se-eu-fosse-voce-o-musical.htm, skipping...
[ERROR - 2025-10-22 09:48:51,649 - Worker_0] Failed to connect with http://natelinha.ne10.uol.com.br/novelas/2014/08/15/beatriz-diz-para-claudio-que-deseja-ter-uma-conversa-seria-com-leonardo-78518.php after 3 attempts, skipping...
[ERROR - 2025-10-22 09:49:16,464 - Worker_2] Status code == 403 for http://noticias.uol.com.br/internacional/ultimas-noticias/2014/08/15/venezuelana-e-presa-em-madri-levando-17-kg-de-cocaina-no-silicone-das-mamas.htm, skipping...
[ERROR - 2025-10-22 09:49:17,979 - Worker_3] Status code == 404 for http://guia.uol.com.br/curitiba/noticias/2014/08/13/peca-com-marisa-orth-e-miguel-falabella-estreia-em-curitiba-veja-outras.htm, skipping...
[ERROR - 2025-10-22 09:50:02,985 - Worker_3] Failed to connect with http://noticias.carsale.uol.com.br/ultimas/2014/08/15/arabes-pagam-ate-r-75-mil-para-despachar-carroes-a-europa/ after 3 attempts, skipping...
[ERROR - 2025-10-22 09:50:09,870 - Worker_3] Status code == 403 for http://educacao.uol.com.br/noticias/bbc/2014/08/14/escola-deve-priorizar-lado-criativo-da-matematica-diz-nobel-brasileiro.htm, skipping...
[ERROR - 2025-10-22 09:50:24,065 - Worker_0] Status code == 403 for http://economia.uol.com.br/noticias/bbc/2014/08/15/bilionaria-aos-30-anos-largou-estudos-para-criar-laboratorio-hi-tech.htm, skipping...
[ERROR - 2025-10-22 09:50:25,771 - Worker_1] Status code == 404 for http://guia.uol.com.br/rio-de-janeiro/passeios/noticias/2014/08/15/bairro-do-grajau-faz-100-anos-e-comemora-com-circo-gratuito-na-praca.htm, skipping...
[ERROR - 2025-10-22 09:50:31,759 - Worker_4] Status code == 403 for http://noticias.uol.com.br/midiaglobal/elpais/2014/08/15/favela-em-berlim-reune-estrangeiros-e-alemaes-alternativos.htm, skipping...
[ERROR - 2025-10-22 09:50:45,450 - Worker_0] Status code == 404 for http://guia.uol.com.br/brasilia/noticias/2014/08/15/nany-people-apresenta-espetaculo-tsunany-neste-final-de-semana.htm, skipping...
[ERROR - 2025-10-22 09:51:04,415 - Worker_2] Status code == 404 for http://eleicoes.uol.com.br/2014/pesquisas-eleitorais, skipping...
[ERROR - 2025-10-22 09:51:04,525 - Worker_0] Status code == 404 for http://guia.uol.com.br/belo-horizonte/noticias/2014/08/14/ivete-sangalo-claudia-leitte-e-bell-marques-estao-no-axe-brasil-2014.htm, skipping...
[ERROR - 2025-10-22 09:51:07,777 - Worker_1] Status code == 403 for http://omundoemmovimento.blogosfera.uol.com.br/2014/08/15/quinzena-indica-mais-um-mes-fraco/, skipping...
[ERROR - 2025-10-22 09:51:08,636 - Worker_0] Status code == 403 for http://noticias.uol.com.br/cotidiano/ultimas-noticias/2014/08/15/batia-para-educar-diz-pai-suspeito-de-matar-filho-de-2-anos-a-pancadas.htm, skipping...
[ERROR - 2025-10-22 09:51:10,999 - Worker_4] Status code == 403 for http://doutorjairo.blogosfera.uol.com.br/2014/08/11/pais-fazem-jovem-se-distrair-no-volante-alerta-pesquisa/, skipping...
[ERROR - 2025-10-22 09:51:17,782 - Worker_0] Status code == 403 for http://noticias.uol.com.br/internacional/ultimas-noticias/2014/08/15/aviao-com-280-pessoas-cai-por-15-km-enquanto-piloto-dormia-e-copiloto-via-ipad.htm, skipping...
[ERROR - 2025-10-22 09:51:19,535 - Worker_3] Status code == 403 for http://noticias.uol.com.br/ultimas-noticias/reuters/2014/08/15/psb-tem-de-decidir-logo-sobre-candidatura-para-retomar-campanha-dizem-analistas.htm, skipping...
[ERROR - 2025-10-22 09:51:22,159 - Worker_1] Status code == 403 for http://noticias.uol.com.br/saude/ultimas-noticias/redacao/2014/08/07/remedio-diminui-risco-de-contrair-hiv-mas-nao-substitui-camisinha.htm, skipping...
[ERROR - 2025-10-22 09:51:33,682 - Worker_3] Status code == 403 for http://noticias.uol.com.br/ultimas-noticias/reuters/2014/08/15/policial-do-missouri-que-matou-jovem-negro-nao-sabia-da-suspeita-de-roubo.htm, skipping...
[ERROR - 2025-10-22 09:51:34,047 - Worker_1] Status code == 403 for http://noticias.uol.com.br/midiaglobal/nytimes/2014/08/15/lider-de-direitos-humanos-da-onu-teme-falta-de-recursos-para-acoes.htm, skipping...
[ERROR - 2025-10-22 09:51:38,194 - Worker_1] Status code == 403 for http://noticias.uol.com.br/cotidiano/ultimas-noticias/2014/08/15/estiagem-provoca-morte-de-milhares-de-peixes-em-rio-no-interior-de-sp.htm, skipping...
[ERROR - 2025-10-22 09:51:50,717 - Worker_4] Status code == 404 for http://ne10.uol.com.br/politica/eduardo-campos/noticia/2014/08/15/familia-de-eduardo-campos-procura-o-que-pode-ser-a-ultima-lembranca-dele-504331.php, skipping...
[ERROR - 2025-10-22 09:51:57,798 - Worker_3] Status code == 404 for http://guia.uol.com.br/rio-de-janeiro/restaurantes/noticias/2014/08/14/restaurantes-servem-menus-a-r-35-r-50-e-r-70-durante-rio-gastronomia.htm, skipping...
[ERROR - 2025-10-22 09:52:00,807 - Worker_4] Failed to connect with http://natelinha.ne10.uol.com.br/novelas/2014/08/15/imperio-sentindose-escrava-de-cristina-cora-promete-dar-a-volta-por-cima-78519.php after 3 attempts, skipping...
[ERROR - 2025-10-22 09:52:09,478 - Worker_3] Status code == 403 for http://noticias.uol.com.br/ciencia/ultimas-noticias/redacao/2014/08/13/evolucao-humana-coincide-com-queda-dos-niveis-de-testosterona-diz-estudo.htm, skipping...
[ERROR - 2025-10-22 09:52:11,878 - Worker_4] Status code == 403 for http://noticias.uol.com.br/ciencia/ultimas-noticias/bbc/2014/08/05/cientistas-britanicos-elaboram-a-formula-da-felicidade.htm, skipping...
[ERROR - 2025-10-22 09:52:13,630 - Worker_3] Status code == 403 for http://noticias.uol.com.br/album/2014/08/15/fotografa-australiana-viaja-o-pais-para-registrar-paisagens-em-locais-remotos.htm?abrefoto=1, skipping...
[ERROR - 2025-10-22 09:52:18,450 - Worker_4] Status code == 403 for http://mauriciostycer.blogosfera.uol.com.br/2014/08/16/livro-sobre-mussum-relembra-golpes-baixos-de-emissoras-de-tv/, skipping...
[ERROR - 2025-10-22 09:52:30,149 - Worker_2] Status code == 403 for http://uolesporte.blogosfera.uol.com.br/2014/08/16/velhinha-de-99-anos-bate-recorde-mundial-dos-100m-rasos/, skipping...
[ERROR - 2025-10-22 09:53:11,653 - Worker_1] Status code == 403 for http://noticias.uol.com.br/midiaglobal/lemonde/2014/08/16/teste-em-ingles-causa-polemica-na-india-e-leva-estudantes-a-protestar.htm, skipping...
[ERROR - 2025-10-22 09:53:15,678 - Worker_2] Status code == 403 for http://noticias.uol.com.br/midiaglobal/nytimes/2014/08/16/antissemitismo-se-agita-na-america-latina.htm, skipping...
[ERROR - 2025-10-22 09:53:15,818 - Worker_1] Status code == 403 for http://noticias.uol.com.br/album/album-do-dia/2014/08/16/imagens-do-dia---16-de-agosto-de-2014.htm?abrefoto=35, skipping...
[ERROR - 2025-10-22 09:53:19,896 - Worker_2] Status code == 403 for http://rodrigomattos.blogosfera.uol.com.br/2014/08/16/brasil-perde-199-jogadores-abaixo-de-20-anos-desde-a-copa-2010/, skipping...
[ERROR - 2025-10-22 09:53:24,000 - Worker_2] Status code == 403 for http://educacao.uol.com.br/noticias/bbc/2014/08/14/escola-deve-priorizar-lado-criativo-da-matematica-diz-nobel-brasileiro.htm, skipping...
[ERROR - 2025-10-22 09:53:28,168 - Worker_2] Status code == 403 for http://uolesporte.blogosfera.uol.com.br/2014/08/16/juliana-paes-vai-a-jogo-do-psg-com-thiago-silva-e-mostra-ser-pe-quente/, skipping...
[ERROR - 2025-10-22 09:53:31,185 - Worker_4] Failed to connect with http://noticias.carsale.uol.com.br/classicos/2014/08/15/especial-fomos-ao-maior-encontro-de-porsches-da-america-latina/?wppa-album=430&wppa-photo=3855&wppa-cover=0&wppa-occur=1 after 3 attempts, skipping...
[ERROR - 2025-10-22 09:53:35,388 - Worker_4] Status code == 403 for http://noticias.uol.com.br/album/album-do-dia/2014/08/16/imagens-do-dia---16-de-agosto-de-2014.htm?abrefoto=14, skipping...
[ERROR - 2025-10-22 09:53:44,068 - Worker_0] Status code == 403 for http://noticias.uol.com.br/ultimas-noticias/reuters/2014/08/16/missouri-decreta-estado-de-emergencia-apos-protestos-contra-morte-de-jovem-negro.htm, skipping...
[ERROR - 2025-10-22 09:53:53,119 - Worker_0] Status code == 403 for http://uolesporte.blogosfera.uol.com.br/2014/08/16/thiago-motta-teria-levado-cabecada-de-brandao-e-fica-com-nariz-sangrando/, skipping...
[ERROR - 2025-10-22 09:54:04,750 - Worker_2] Status code == 403 for http://blogdojuca.uol.com.br/2014/08/inter-lidera-e-da-sono/, skipping...
[ERROR - 2025-10-22 09:54:11,329 - Worker_2] Status code == 403 for http://noticias.uol.com.br/internacional/ultimas-noticias/2014/08/15/aviao-com-280-pessoas-cai-por-15-km-enquanto-piloto-dormia-e-copiloto-via-ipad.htm, skipping...
[ERROR - 2025-10-22 09:54:15,104 - Worker_4] Status code == 404 for http://eleicoes.uol.com.br/2014/pesquisas-eleitorais, skipping...
[ERROR - 2025-10-22 09:54:15,800 - Worker_3] Status code == 404 for http://guia.uol.com.br/brasilia/noticias/2014/08/13/frieza-nos-relacionamentos-e-tema-do-espetaculo-carinho-na-asa-sul.htm, skipping...
[ERROR - 2025-10-22 09:54:25,189 - Worker_4] Failed to connect with http://natelinha.ne10.uol.com.br/noticias/2014/08/15/claudete-tenta-mandar-beijo-para-pai-falecido-de-colunista-e-se-envergonha-78464.php after 3 attempts, skipping...
[ERROR - 2025-10-22 09:54:28,913 - Worker_0] Status code == 404 for http://guia.uol.com.br/rio-de-janeiro/shows/noticias/2014/08/14/bourbon-street-fest-in-rio-recebe-mia-borders-e-pianista-allen-toussaint.htm, skipping...
[ERROR - 2025-10-22 09:54:40,612 - Worker_3] Status code == 502 for http://noticias.band.uol.com.br/brasilurgente/video/2014/08/16/15163836/mulher-protesta-de-calcinha-contra-multas-em-sp.html, skipping...
[ERROR - 2025-10-22 09:54:53,632 - Worker_1] Status code == 404 for http://guia.uol.com.br/brasilia/noticias/2014/07/23/cine-brasilia-recebe-retrospectiva-completa-das-obras-de-fritz-lang.htm, skipping...
[ERROR - 2025-10-22 09:55:06,265 - Worker_0] Status code == 403 for http://uolesporte.blogosfera.uol.com.br/2014/08/17/possivel-nova-camisa-havai-do-flamengo-vaza-na-internet/, skipping...
[ERROR - 2025-10-22 09:55:24,930 - Worker_0] Status code == 403 for http://josecruz.blogosfera.uol.com.br/2014/08/lei-de-incentivo-ainda-e-inexpressiva-para-a-democratizacao-do-esporte/, skipping...
[ERROR - 2025-10-22 09:55:25,434 - Worker_1] Status code == 403 for http://noticias.uol.com.br/tabloide/ultimas-noticias/tabloideanas/2014/07/30/fantasiadas-de-animais-policiais-britanicas-prendem-homem-e-sao-condecoradas.htm, skipping...
[ERROR - 2025-10-22 09:55:53,693 - Worker_3] Status code == 403 for http://noticias.uol.com.br/midiaglobal/elpais/2014/08/16/menina-resgatada-entre-espanha-e-marrocos-reencontrara-os-pais.htm, skipping...
[ERROR - 2025-10-22 09:56:03,342 - Worker_3] Status code == 403 for http://noticias.uol.com.br/ultimas-noticias/afp/2014/08/17/centro-de-isolamento-para-pacientes-com-ebola-e-atacado-na-liberia.htm, skipping...
[ERROR - 2025-10-22 09:56:13,322 - Worker_3] Status code == 403 for http://colunaesplanada.blogosfera.uol.com.br/2014/08/17/sem-ocupacao-servidores-do-dnit-vao-trabalhar-como-fiscais-da-antt/, skipping...
[ERROR - 2025-10-22 09:56:40,831 - Worker_0] Status code == 403 for http://noticias.uol.com.br/midiaglobal/nytimes/2014/08/17/uma-academia-para-as-elites-provoca-choque-cultural-na-china.htm, skipping...
[ERROR - 2025-10-22 09:56:47,152 - Worker_1] Failed to connect with http://natelinha.ne10.uol.com.br/celebridades/2014/08/17/cristiana-oliveira-confessa-fazer-cena-de-sexo-aos-50-e-horrivel-78553.php after 3 attempts, skipping...
[ERROR - 2025-10-22 09:56:49,249 - Worker_4] Status code == 404 for http://guia.uol.com.br/album/2014/08/07/lanchonetes-de-sao-paulo-servem-pratos-inspirados-em-filmes-veja-fotos.htm, skipping...
[ERROR - 2025-10-22 09:56:56,081 - Worker_4] Status code == 403 for http://allansieber.blogosfera.uol.com.br/2014/08/17/desenhoterapia-14/, skipping...
[ERROR - 2025-10-22 09:56:56,487 - Worker_1] Status code == 403 for http://fernandorodrigues.blogosfera.uol.com.br/2014/08/17/so-1-estado-tem-o-mesmo-partido-no-governo-desde-1994-sao-paulo/, skipping...
[ERROR - 2025-10-22 09:57:15,469 - Worker_0] Status code == 404 for http://eleicoes.uol.com.br/2014/pesquisas-eleitorais, skipping...
[ERROR - 2025-10-22 09:57:17,500 - Worker_4] Status code == 404 for http://guia.uol.com.br/album/2014/08/13/loja-de-brinquedos-e-tema-da-13-hora-do-horror-do-parque-hopi-hari.htm, skipping...
[ERROR - 2025-10-22 09:57:24,967 - Worker_0] Status code == 403 for http://fernandorodrigues.blogosfera.uol.com.br/2014/08/17/pt-e-psdb-so-tem-4-candidatos-cada-um-com-chances-de-vencer-nos-estados/, skipping...
[ERROR - 2025-10-22 09:57:36,584 - Worker_0] Status code == 403 for http://noticias.uol.com.br/midiaglobal/nytimes/2014/08/17/uma-nova-vida-para-os-refugiados-e-para-a-cidade-que-os-adotou.htm, skipping...
[ERROR - 2025-10-22 09:57:57,735 - Worker_1] Status code == 502 for http://noticias.band.uol.com.br/brasilurgente/video/2014/08/16/15163836/mulher-protesta-de-calcinha-contra-multas-em-sp.html, skipping...
[ERROR - 2025-10-22 09:58:09,021 - Worker_2] Status code == 404 for http://guia.uol.com.br/belo-horizonte/noticias/2014/08/15/tango-argentino-esta-em-espetaculo-nesta-segunda-18-e-terca-em-bh.htm, skipping...
[ERROR - 2025-10-22 09:58:29,759 - Worker_0] Status code == 403 for http://mauriciostycer.blogosfera.uol.com.br/2014/08/18/trofeu-sinceridade-paulo-betti-detona-bico-de-ator-em-baile-de-debutante/, skipping...
[ERROR - 2025-10-22 09:58:31,079 - Worker_4] Status code == 403 for http://noticias.uol.com.br/ultimas-noticias/reuters/2014/08/18/viuva-de-campos-nao-demonstrou-interesse-em-vaga-de-vice-diz-presidente-do-psb.htm, skipping...
[ERROR - 2025-10-22 09:58:37,417 - Worker_4] Status code == 403 for http://noticias.uol.com.br/cotidiano/ultimas-noticias/2014/08/18/pms-envolvidos-no-caso-amarildo-torturaram-tres-jovens-na-rocinha-diz-mp.htm, skipping...
[ERROR - 2025-10-22 09:58:42,897 - Worker_2] Status code == 403 for http://noticias.uol.com.br/ultimas-noticias/reuters/2014/08/18/gritos-de-mulheres-e-criancas-enterradas-vivas-atormentam-refugiados-no-iraque.htm, skipping...
[ERROR - 2025-10-22 09:58:46,446 - Worker_4] Status code == 403 for http://noticias.uol.com.br/ultimas-noticias/ansa/2014/08/18/vivemos-a-3-guerra-mundial-diz-papa-francisco.htm, skipping...
[ERROR - 2025-10-22 09:58:47,707 - Worker_1] Status code == 404 for http://blogs.ne10.uol.com.br/jamildo/2014/08/18/guerra-pela-imagem-de-eduardo-campos-na-tv-familia-pede-uso-somente-autorizado/, skipping...
[ERROR - 2025-10-22 09:59:16,353 - Worker_3] Status code == 404 for http://guia.uol.com.br/belo-horizonte/cinema/noticias/2014/08/07/mostra-em-bh-exibe-todos-os-filmes-kubrick-e-faz-maratona-de-35-horas.htm, skipping...
[ERROR - 2025-10-22 09:59:26,919 - Worker_1] Status code == 403 for http://noticias.uol.com.br/internacional/ultimas-noticias/2014/08/18/jacare-americano-de-459-kg-pode-bater-recorde-de-o-maior-ja-cacado-no-alabama.htm, skipping...
[ERROR - 2025-10-22 09:59:31,392 - Worker_1] Status code == 403 for http://blogdomenon.blogosfera.uol.com.br/2014/08/18/141-dez-possiveis-nomes-da-lista-de-dunga-quem-e-a-sombra-de-neymar/, skipping...
[ERROR - 2025-10-22 09:59:33,277 - Worker_3] Status code == 403 for http://noticias.uol.com.br/saude/ultimas-noticias/afp/2014/08/18/medicos-e-enfermeiras-de-serra-leoa-se-sacrificam-para-conter-o-ebola.htm, skipping...
[ERROR - 2025-10-22 09:59:36,910 - Worker_2] Status code == 404 for http://guia.uol.com.br/belo-horizonte/noticias/2014/08/13/festival-palco-giratorio-tem-pecas-gratuitas-em-pracas-e-teatros-de-bh.htm, skipping...
[ERROR - 2025-10-22 09:59:39,934 - Worker_3] Status code == 403 for http://noticias.uol.com.br/internacional/ultimas-noticias/2014/08/18/tregua-em-gaza-e-prorrogada-por-mais-24-horas.htm, skipping...
[ERROR - 2025-10-22 09:59:49,464 - Worker_4] Status code == 403 for http://mauriciostycer.blogosfera.uol.com.br/2014/08/18/panico-vai-de-grosseria-gratuita-com-atriz-a-entrevista-genial-com-musico/, skipping...
[ERROR - 2025-10-22 09:59:49,586 - Worker_0] Failed to connect with http://natelinha.ne10.uol.com.br/noticias/2014/08/18/silvio-santos-nao-aguenta-e-tem-ataque-de-risos-durante-brincadeira-veja-78590.php after 3 attempts, skipping...
[ERROR - 2025-10-22 09:59:53,680 - Worker_4] Status code == 403 for http://educacao.uol.com.br/noticias/agencia-estado/2014/08/18/policia-descobre-mais-4-polos-de-instituto-que-oferecia-diplomas-falsos.htm, skipping...
[ERROR - 2025-10-22 09:59:59,516 - Worker_0] Status code == 403 for http://noticias.uol.com.br/midiaglobal/nytimes/2014/08/18/coleta-de-dados-da-nsa-no-exterior-atrai-a-ira-de-funcionario-do-departamento-de-estado.htm, skipping...
[ERROR - 2025-10-22 10:00:18,888 - Worker_3] Status code == 404 for http://guia.uol.com.br/rio-de-janeiro/teatro/noticias/2014/08/13/elenco-masculino-da-o-tom-comico-no-musical-opera-do-malandro.htm, skipping...
[ERROR - 2025-10-22 10:00:38,994 - Worker_0] Status code == 404 for http://eleicoes.uol.com.br/2014/pesquisas-eleitorais, skipping...
[ERROR - 2025-10-22 10:00:47,854 - Worker_0] Status code == 403 for http://fernandorodrigues.blogosfera.uol.com.br/2014/08/18/dilma-tem-maior-rejeicao-e-menor-aprovacao-entre-candidatos-a-reeleicao/, skipping...
[ERROR - 2025-10-22 10:01:32,703 - Worker_4] Status code == 403 for http://blogdojuca.uol.com.br/2014/08/picadeiro-do-stjd-suspende-petros-por-seis-meses/, skipping...
[ERROR - 2025-10-22 10:01:45,655 - Worker_2] Status code == 403 for http://omundoemmovimento.blogosfera.uol.com.br/2014/08/13/classe-c-ganha-desenho-invocado/, skipping...
[ERROR - 2025-10-22 10:01:51,677 - Worker_1] Status code == 403 for http://blogdomariomagalhaes.blogosfera.uol.com.br/2014/08/19/ditadura-miriam-leitao-conta-como-gravida-e-nua-foi-torturada-com-jiboia/, skipping...
[ERROR - 2025-10-22 10:01:54,428 - Worker_4] Status code == 403 for http://uolesporte.blogosfera.uol.com.br/2014/08/19/gala-da-copa-giroud-perde-gol-e-o-calcao-em-jogo-do-arsenal/, skipping...
[ERROR - 2025-10-22 10:01:56,740 - Worker_2] Status code == 403 for http://mauriciostycer.blogosfera.uol.com.br/2014/08/19/detetive-ve-tv-a-lua-piscou-em-imperio/, skipping...
[ERROR - 2025-10-22 10:02:04,423 - Worker_3] Status code == 403 for http://educacao.uol.com.br/noticias/2014/08/19/passe-livre-sera-implantado-em-ate-30-dias-em-carater-experimental-em-natal.htm, skipping...
[ERROR - 2025-10-22 10:02:06,114 - Worker_2] Status code == 403 for http://noticias.uol.com.br/album/2014/06/11/charges.htm?abrefoto=57, skipping...
[ERROR - 2025-10-22 10:02:13,875 - Worker_3] Status code == 403 for http://noticias.uol.com.br/midiaglobal/elpais/2014/08/19/morte-de-dois-jogadores-de-xadrez-na-olimpiada-abre-debate-sobre-dureza-do-esporte.htm, skipping...
[ERROR - 2025-10-22 10:02:20,075 - Worker_2] Status code == 403 for http://noticias.uol.com.br/album/album-do-dia/2014/08/19/imagens-do-dia---19-de-agosto-de-2014.htm?abrefoto=23, skipping...
[ERROR - 2025-10-22 10:02:23,233 - Worker_3] Status code == 403 for http://educacao.uol.com.br/noticias/2014/08/19/aluna-da-usp-fui-convencida-de-que-nao-devia-denunciar-o-estupro-que-sofri.htm, skipping...
[ERROR - 2025-10-22 10:02:33,416 - Worker_4] Status code == 403 for http://mauriciostycer.blogosfera.uol.com.br/2014/08/18/panico-vai-de-grosseria-gratuita-com-atriz-a-entrevista-genial-com-musico/, skipping...
[ERROR - 2025-10-22 10:02:47,861 - Worker_0] Status code == 403 for http://noticias.uol.com.br/midiaglobal/elpais/2014/08/19/unico-mural-de-caravaggio-em-roma-esconde-um-atrevido-autorretrato-com-nu.htm, skipping...
[ERROR - 2025-10-22 10:02:48,997 - Worker_3] Status code == 404 for http://guia.uol.com.br/album/2014/08/15/sopas-e-caldos-quentes-para-aquecer-o-inverno-em-curitiba-confira-roteiro.htm, skipping...
[ERROR - 2025-10-22 10:02:55,545 - Worker_3] Status code == 403 for http://noticias.uol.com.br/midiaglobal/lemonde/2014/08/19/intervencao-dos-eua-no-iraque-fragiliza-barack-obama.htm, skipping...
[ERROR - 2025-10-22 10:02:57,669 - Worker_2] Status code == 403 for http://noticias.uol.com.br/cotidiano/ultimas-noticias/2014/08/19/vitima-revela-alegria-com-prisao-de-abdelmassih-mas-teme-impunidade.htm, skipping...
[ERROR - 2025-10-22 10:03:17,074 - Worker_2] Status code == 403 for http://educacao.uol.com.br/noticias/2014/08/17/escola-precisa-ajudar-a-combater-consumismo-diz-especialista.htm, skipping...
[ERROR - 2025-10-22 10:03:22,677 - Worker_0] Status code == 404 for http://eleicoes.uol.com.br/2014/pesquisas-eleitorais, skipping...
[ERROR - 2025-10-22 10:03:53,560 - Worker_0] Status code == 403 for http://blogdobrunovoloch.blogosfera.uol.com.br/2014/08/19/mexendo-em-vespeiro-parte-2/, skipping...
[ERROR - 2025-10-22 10:04:06,064 - Worker_0] Status code == 403 for http://noticias.uol.com.br/album/2014/08/19/foragido-desde-2011-medico-roger-abdelmassih-e-preso-no-paraguai.htm?abrefoto=9, skipping...
[ERROR - 2025-10-22 10:04:10,849 - Worker_1] Status code == 403 for http://educacao.uol.com.br/noticias/agencia-estado/2014/08/19/grevistas-da-usp-vao-trancar-portoes-da-cidade-universitaria.htm, skipping...
[ERROR - 2025-10-22 10:04:14,278 - Worker_3] Status code == 403 for http://noticias.uol.com.br/internacional/ultimas-noticias/2014/08/19/chances-de-cessar-fogo-duradouro-se-evaporam-diz-hamas.htm, skipping...
[ERROR - 2025-10-22 10:04:18,356 - Worker_3] Status code == 403 for http://noticias.uol.com.br/ciencia/album/2014/08/01/veja-imagens-de-ciencia-do-mes-agosto2014.htm?abrefoto=43, skipping...
[ERROR - 2025-10-22 10:04:37,475 - Worker_3] Status code == 404 for http://guia.uol.com.br/rio-de-janeiro/restaurantes/noticias/2014/08/14/restaurantes-servem-menus-a-r-35-r-50-e-r-70-durante-rio-gastronomia.htm, skipping...
[ERROR - 2025-10-22 10:04:40,151 - Worker_0] Status code == 403 for http://noticias.uol.com.br/cotidiano/ultimas-noticias/2014/08/19/procurado-ha-quatro-anos-medico-roger-abdelmassih-e-preso-no-paraguai.htm, skipping...
[ERROR - 2025-10-22 10:04:44,308 - Worker_0] Status code == 403 for http://noticias.uol.com.br/ultimas-noticias/efe/2014/08/19/israel-convoca-delegacao-no-egito-e-suspende-dialogo-apos-quebra-da-tregua.htm, skipping...
[ERROR - 2025-10-22 10:04:46,496 - Worker_3] Status code == 403 for http://noticias.uol.com.br/internacional/ultimas-noticias/2014/08/19/policia-de-st-louis-proxima-a-ferguson-mata-jovem-negro-suspeito-de-roubo.htm, skipping...
[ERROR - 2025-10-22 10:04:48,350 - Worker_2] Status code == 404 for http://guia.uol.com.br/sao-paulo/shows/noticias/2014/08/19/roteiro-de-shows-traz-festival-de-fado-de-hip-hop-e-milton-com-criolo.htm, skipping...
[ERROR - 2025-10-22 10:05:02,672 - Worker_3] Status code == 403 for http://balanacesta.blogosfera.uol.com.br/2014/08/20/leandrinho-surge-como-opcao-para-miami-e-chicago-afirma-imprensa-dos-eua/, skipping...
[ERROR - 2025-10-22 10:05:05,658 - Worker_0] Status code == 404 for http://guia.uol.com.br/belo-horizonte/noticias/2014/08/18/racionais-mcs-celebram-25-anos-de-carreira-com-show-nesta-sexta-22-em-bh.htm, skipping...
[ERROR - 2025-10-22 10:05:09,912 - Worker_0] Status code == 403 for http://blogdoperrone.blogosfera.uol.com.br/2014/08/santos-tenta-nova-antecipacao-na-globo-venda-de-atleta-tambem-e-opcao/, skipping...
[ERROR - 2025-10-22 10:05:13,113 - Worker_3] Status code == 403 for http://blogdosakamoto.blogosfera.uol.com.br/2014/08/20/e-se-o-horario-eleitoral-na-tv-tivesse-momentos-de-sinceridade/, skipping...
[ERROR - 2025-10-22 10:05:27,381 - Worker_2] Status code == 403 for http://noticias.uol.com.br/cotidiano/ultimas-noticias/2014/08/20/abdelmassih-diz-que-so-ficou-no-paraguai-ex-medico-e-levado-a-tremembe.htm, skipping...
[ERROR - 2025-10-22 10:05:27,663 - Worker_4] Status code == 403 for http://educacao.uol.com.br/noticias/2014/08/20/moradora-de-paraisopolis-faz-vaquinha-para-pagar-universidade-em-portugal.htm, skipping...
[ERROR - 2025-10-22 10:05:29,240 - Worker_0] Status code == 403 for http://educacao.uol.com.br/noticias/2014/08/20/termina-sem-acordo-audiencia-entre-usp-e-servidores-em-greve.htm, skipping...
[ERROR - 2025-10-22 10:05:32,183 - Worker_3] Status code == 404 for http://guia.uol.com.br/album/2014/08/18/veja-5-filmes-de-acao-e-aventura-para-espantar-a-preguica-do-inicio-da-semana.htm, skipping...
[ERROR - 2025-10-22 10:05:40,089 - Worker_1] Status code == 403 for http://mauriciostycer.blogosfera.uol.com.br/2014/08/20/quebra-do-panamericano-obriga-silvio-santos-a-encarar-o-mundo-real/, skipping...
[ERROR - 2025-10-22 10:05:44,257 - Worker_1] Status code == 403 for http://educacao.uol.com.br/noticias/2014/08/20/aluno-de-17-anos-confessa-que-atirou-em-professor-por-causa-de-nota-baixa.htm, skipping...
[ERROR - 2025-10-22 10:06:11,936 - Worker_3] Status code == 403 for http://rodrigomattos.blogosfera.uol.com.br/2014/08/20/punido-pela-fifa-barcelona-nao-tera-mais-novo-messi/, skipping...
[ERROR - 2025-10-22 10:06:32,907 - Worker_1] Failed to connect with http://tnh1.ne10.uol.com.br/noticia/interior/2014/08/20/306726/fossil-de-tartaruga-com-125-mi-de-anos-e-achado-em-alagoas after 3 attempts, skipping...
[ERROR - 2025-10-22 10:06:37,489 - Worker_3] Status code == 403 for http://noticias.uol.com.br/saude/ultimas-noticias/afp/2014/08/20/liberia-encontra-17-pacientes-fugitivos-com-ebola-e-virus-se-espalha.htm, skipping...
[ERROR - 2025-10-22 10:06:41,666 - Worker_3] Status code == 403 for http://noticias.uol.com.br/cotidiano/ultimas-noticias/2014/08/20/mega-sena-pode-pagar-r-3-milhoes-nesta-quarta-veja-dezenas-sorteadas.htm, skipping...
[ERROR - 2025-10-22 10:06:42,999 - Worker_1] Failed to connect with http://natelinha.ne10.uol.com.br/mulher/2014/08/19/de-uma-nova-aparencia-a-sua-casa-usando-papel-de-parede-78627.php after 3 attempts, skipping...
[ERROR - 2025-10-22 10:06:45,930 - Worker_3] Status code == 403 for http://omundoemmovimento.blogosfera.uol.com.br/2014/08/20/crescem-os-recursos-para-financiamentos/, skipping...
[ERROR - 2025-10-22 10:06:47,258 - Worker_1] Status code == 403 for http://universosertanejo.blogosfera.uol.com.br/2014/08/20/vai-comecar-o-barretao-2014/, skipping...
[ERROR - 2025-10-22 10:06:55,116 - Worker_0] Status code == 403 for http://noticias.uol.com.br/album/album-do-dia/2014/08/20/imagens-do-dia---20-de-agosto-de-2014.htm?abrefoto=50, skipping...
[ERROR - 2025-10-22 10:06:59,664 - Worker_1] Failed to connect with http://noticias.carsale.uol.com.br/classicos/2014/08/15/especial-fomos-ao-maior-encontro-de-porsches-da-america-latina/ after 3 attempts, skipping...
[ERROR - 2025-10-22 10:07:03,831 - Worker_1] Status code == 403 for http://noticias.uol.com.br/ultimas-noticias/agencia-estado/2014/08/20/pm-de-sp-usa-pistola-insegura-diz-ministerio-publico.htm, skipping...
[ERROR - 2025-10-22 10:07:14,990 - Worker_2] Status code == 404 for http://esporte.uol.com.br/f1/ultimas-noticias/2014/08/20/mais-jovem-da-historia-da-f-1-nega-pressao-pela-idade-e-ja-sonha-com-titulo.htm, skipping...
[ERROR - 2025-10-22 10:07:19,209 - Worker_2] Status code == 403 for http://noticias.uol.com.br/midiaglobal/elpais/2014/08/20/estado-islamico-papa-afirma-que-e-legitimo-intervir-diante-de-agressao-injusta.htm, skipping...
[ERROR - 2025-10-22 10:07:20,379 - Worker_3] Status code == 404 for http://eleicoes.uol.com.br/2014/pesquisas-eleitorais, skipping...
[ERROR - 2025-10-22 10:07:22,909 - Worker_1] Status code == 404 for http://guia.uol.com.br/curitiba/noticias/2014/08/19/negra-li-canta-novo-album-em-show-no-santa-marta-bar-em-curitiba.htm, skipping...
[ERROR - 2025-10-22 10:07:23,568 - Worker_4] Status code == 403 for http://noticias.uol.com.br/ultimas-noticias/afp/2014/08/20/japones-de-111-anos-e-o-homem-mais-velho-do-planeta.htm, skipping...
[ERROR - 2025-10-22 10:07:24,539 - Worker_3] Status code == 403 for http://noticias.uol.com.br/midiaglobal/nytimes/2014/08/20/enquanto-suas-forcas-avancam-ucrania-diz-que-poroshenko-se-encontrara-com-putin.htm, skipping...
[ERROR - 2025-10-22 10:07:39,437 - Worker_0] Status code == 403 for http://noticias.uol.com.br/ultimas-noticias/bbc/2014/08/20/video-de-batida-quase-fatal-feito-em-capacete-leva-a-condenacao-de-motoqueiro.htm, skipping...
[ERROR - 2025-10-22 10:07:42,016 - Worker_1] Status code == 404 for http://guia.uol.com.br/curitiba/noticias/2014/08/20/shows-mostram-a-influencia-da-poesia-na-musica-a-partir-desta-quarta-20.htm, skipping...
[ERROR - 2025-10-22 10:07:53,535 - Worker_3] Status code == 403 for http://doutorjairo.blogosfera.uol.com.br/2014/08/20/estudo-investiga-desejo-de-comer-coisas-estranhas-na-gravidez, skipping...
[ERROR - 2025-10-22 10:07:54,924 - Worker_2] Status code == 403 for http://noticias.uol.com.br/saude/ultimas-noticias/estado/2014/08/20/anvisa-proibe-venda-de-quatro-medicamentos-apos-denuncias.htm, skipping...
[ERROR - 2025-10-22 10:07:59,046 - Worker_2] Status code == 403 for http://noticias.uol.com.br/midiaglobal/nytimes/2014/08/20/racha-racial-mais-antigo-que-a-republica-explica-violencia-no-missouri.htm, skipping...
[ERROR - 2025-10-22 10:08:03,773 - Worker_0] Status code == 403 for http://noticias.uol.com.br/midiaglobal/nytimes/2014/08/21/droga-usada-para-virus-relacionado-ao-ebola-parece-promissora.htm, skipping...
[ERROR - 2025-10-22 10:08:05,568 - Worker_2] Status code == 403 for http://noticias.uol.com.br/cotidiano/ultimas-noticias/2014/08/21/menino-atacado-por-cao-em-curitiba-fara-cirurgia-de-reconstrucao-facial.htm, skipping...
[ERROR - 2025-10-22 10:08:09,733 - Worker_2] Status code == 403 for http://noticias.uol.com.br/ultimas-noticias/bbc/2014/08/21/especialistas-nos-eua-e-franca-veem-jato-de-campos-invertido-em-video.htm, skipping...
[ERROR - 2025-10-22 10:08:17,183 - Worker_3] Status code == 404 for http://guia.uol.com.br/sao-paulo/shows/noticias/2014/08/20/antonio-villeroy-apresenta-album-samboleria-no-tom-jazz.htm, skipping...
[ERROR - 2025-10-22 10:08:20,893 - Worker_1] Status code == 403 for http://noticias.uol.com.br/tabloide/ultimas-noticias/tabloideanas/2014/08/21/com-10-cm-cao-misto-de-chihuahua-com-lhasa-pode-ser-o-menor-do-reino-unido.htm, skipping...
[ERROR - 2025-10-22 10:08:22,872 - Worker_0] Status code == 404 for http://guia.uol.com.br/sao-paulo/teatro/noticias/2014/08/21/baseado-em-belle-de-jour-coreografia-de-deborah-colker-estreia-em-sp.htm, skipping...
[ERROR - 2025-10-22 10:08:22,925 - Worker_4] Status code == 403 for http://educacao.uol.com.br/noticias/2014/08/21/escrevia-para-nao-ficar-doido-diz-ex-morador-de-rua-que-virou-escritor.htm, skipping...
[ERROR - 2025-10-22 10:08:27,119 - Worker_0] Status code == 403 for http://reginanavarro.blogosfera.uol.com.br/2014/08/21/amo-os-dois-e-nao-gostaria-de-ter-que-optar-por-um-deles-o-que-vc-faria/, skipping...
[ERROR - 2025-10-22 10:08:29,411 - Worker_4] Status code == 403 for http://noticias.uol.com.br/saude/ultimas-noticias/redacao/2014/08/21/tratar-pacientes-com-ebola-e-tao-perigoso-quanto-andar-no-transito-do-rio.htm, skipping...
[ERROR - 2025-10-22 10:08:36,175 - Worker_0] Status code == 403 for http://noticias.uol.com.br/midiaglobal/nytimes/2014/08/21/desastre-com-voo-mh17-da-malaysia-airlines-poderia-ter-sido-evitado.htm, skipping...
[ERROR - 2025-10-22 10:08:40,322 - Worker_0] Status code == 403 for http://noticias.uol.com.br/ultimas-noticias/agencia-estado/2014/08/21/roger-abdelmassih-comprou-arma-e-pensou-em-se-matar.htm, skipping...
[ERROR - 2025-10-22 10:08:48,854 - Worker_2] Status code == 403 for http://noticias.uol.com.br/ultimas-noticias/radioonu/2014/08/21/siria-da-a-luz-quintuplos-semanas-apos-fugir-a-pe-do-iraque.htm, skipping...
[ERROR - 2025-10-22 10:08:52,950 - Worker_2] Status code == 403 for http://noticias.uol.com.br/saude/ultimas-noticias/afp/2014/08/21/ebola-deixara-sequelas-na-economia-dos-paises-africanos-afetados.htm, skipping...
[ERROR - 2025-10-22 10:09:03,054 - Worker_2] Failed to connect with http://blogdobirner.virgula.uol.com.br/2014/08/21/valdivia-nunca-mereceu-ser-idolo-no-palmeiras-trata-lo-como-tal-e-desrespeitar-ademir-da-guia-sao-marcos-evair-e-a-propria-instituicao/ after 3 attempts, skipping...
[ERROR - 2025-10-22 10:09:03,241 - Worker_1] Status code == 403 for http://noticias.uol.com.br/cotidiano/ultimas-noticias/2014/08/21/pais-levam-para-mg-corpo-de-filha-enterrada-como-indigente-no-rj-em-2011.htm, skipping...
[ERROR - 2025-10-22 10:09:14,306 - Worker_1] Status code == 403 for http://noticias.uol.com.br/meio-ambiente/album/bbc/2014/08/21/fotos-de-vida-selvagem-tentam-seduzir-internautas.htm?abrefoto=1, skipping...
[ERROR - 2025-10-22 10:09:18,395 - Worker_1] Status code == 403 for http://noticias.uol.com.br/album/album-do-dia/2014/08/21/imagens-do-dia---21-de-agosto-de-2014.htm?abrefoto=40, skipping...
[ERROR - 2025-10-22 10:09:22,641 - Worker_1] Status code == 403 for http://josiasdesouza.blogosfera.uol.com.br/2014/08/21/vice-de-marina-silva-deve-assumir-coordenacao/, skipping...
[ERROR - 2025-10-22 10:09:26,864 - Worker_2] Status code == 403 for http://noticias.uol.com.br/tabloide/album/2014/07/08/ja-viu-gente-assim-pessoas-mudam-radicalmente-de-visual-com-plasticas-ou-nao.htm?abrefoto=34, skipping...
[ERROR - 2025-10-22 10:09:32,787 - Worker_1] Failed to connect with http://natelinha.ne10.uol.com.br/celebridades/2014/08/21/exmalhacao-renato-franco-perde-100kg-e-revela-desejo-de-voltar-a-tv-78710.php after 3 attempts, skipping...
[ERROR - 2025-10-22 10:09:42,228 - Worker_1] Status code == 403 for http://uolesporte.blogosfera.uol.com.br/2014/08/21/quem-e-esse-atleta-tente-reconhecer-este-astro-do-esporte-cheio-de-carisma/, skipping...
[ERROR - 2025-10-22 10:09:50,456 - Worker_0] Status code == 404 for http://eleicoes.uol.com.br/2014/pesquisas-eleitorais, skipping...
[ERROR - 2025-10-22 10:09:57,354 - Worker_0] Status code == 403 for http://noticias.uol.com.br/internacional/ultimas-noticias/2014/08/21/eua-dizem-que-estado-islamico-e-muito-mais-sofisticado-que-outros-terroristas.htm, skipping...
[ERROR - 2025-10-22 10:10:01,314 - Worker_1] Status code == 404 for http://guia.uol.com.br/belo-horizonte/noticias/2014/08/18/racionais-mcs-celebram-25-anos-de-carreira-com-show-nesta-sexta-22-em-bh.htm, skipping...
[ERROR - 2025-10-22 10:10:01,441 - Worker_0] Status code == 403 for http://noticias.uol.com.br/ultimas-noticias/agencia-estado/2014/08/21/policia-investiga-sumico-do-filho-de-elias-maluco.htm, skipping...
[ERROR - 2025-10-22 10:10:05,712 - Worker_0] Status code == 403 for http://combaterock.blogosfera.uol.com.br/2014/08/21/notas-roqueiras-almah-pitty-killswitch-engage/, skipping...
[ERROR - 2025-10-22 10:10:10,172 - Worker_0] Status code == 404 for http://futebol.placar.esporte.uol.com.br/futebol/brasileirao/2014/08/21/cruzeiro-x-gremio.htm, skipping...
[ERROR - 2025-10-22 10:10:20,301 - Worker_0] Failed to connect with http://motordream.uol.com.br/noticias/ver/2014/08/21/teste-volkswagen-saveiro-cabine-dupla-quinto-elemento after 3 attempts, skipping...
[ERROR - 2025-10-22 10:10:39,889 - Worker_0] Status code == 403 for http://noticias.uol.com.br/meio-ambiente/ultimas-noticias/redacao/2014/08/21/empresa-brasileira-e-denunciada-por-ameacar-indigenas-isolados-do-paraguai.htm, skipping...
[ERROR - 2025-10-22 10:10:51,705 - Worker_0] Status code == 403 for http://noticias.uol.com.br/ultimas-noticias/deutschewelle/2014/08/21/quoteles-torturavam-todos-os-refensquot-diz-companheiro-de-prisao-de-james-foley.htm, skipping...
[ERROR - 2025-10-22 10:10:54,889 - Worker_1] Status code == 404 for http://guia.uol.com.br/belo-horizonte/bares/noticias/2014/08/20/choperia-albanos-tem-novos-pratos-da-culinaria-mineira-no-cardapio.htm, skipping...
[ERROR - 2025-10-22 10:11:02,931 - Worker_0] Status code == 403 for http://noticias.uol.com.br/opiniao/coluna/2014/08/21/desafio-para-a-sustentabilidade-esta-nos-micro-e-pequenos-negocios.htm, skipping...
[ERROR - 2025-10-22 10:11:10,421 - Worker_3] Status code == 403 for http://mauriciostycer.blogosfera.uol.com.br/2014/08/22/imperio-provoca-espectador-ao-mostrar-com-humor-pais-que-exploram-filhos/, skipping...
[ERROR - 2025-10-22 10:11:11,965 - Worker_1] Status code == 403 for http://noticias.uol.com.br/ciencia/ultimas-noticias/reuters/2014/08/22/arqueologos-encontram-duas-cidades-maias-escondidas-em-floresta-no-mexico.htm, skipping...
[ERROR - 2025-10-22 10:11:15,417 - Worker_4] Status code == 403 for http://blogdomariomagalhaes.blogosfera.uol.com.br/2014/08/22/retrato-da-campanha-dilma-anda-com-lula-aecio-com-ze-agripino/, skipping...
[ERROR - 2025-10-22 10:11:17,054 - Worker_0] Status code == 403 for http://noticias.uol.com.br/politica/ultimas-noticias/2014/08/22/apos-23-crimes-em-2014-cpt-denuncia-onda-de-mortes-no-campo.htm, skipping...
[ERROR - 2025-10-22 10:11:24,848 - Worker_2] Status code == 404 for http://placar.esporte.uol.com.br/futebol/serie-b/?id=/2014/08/22/america-mg-x-ponte-preta, skipping...
[ERROR - 2025-10-22 10:11:29,535 - Worker_4] Status code == 403 for http://noticias.uol.com.br/midiaglobal/elpais/2014/08/22/bairros-de-barcelona-reagem-ao-turismo-de-bebedeira-com-protesto.htm, skipping...
[ERROR - 2025-10-22 10:11:35,066 - Worker_3] Status code == 403 for http://tecnologia.uol.com.br/noticias/redacao/2014/08/21/smartphone-lg-l80-tem-boa-camera-mas-tv-digital-empaca.htm, skipping...
[ERROR - 2025-10-22 10:11:40,881 - Worker_0] Status code == 404 for http://guia.uol.com.br/rio-de-janeiro/passeios/noticias/2014/08/22/veja-cinco-motivos-para-visitar-o-museu-nacional-que-completa-196-anos.htm, skipping...
[ERROR - 2025-10-22 10:11:54,181 - Worker_3] Status code == 404 for http://guia.uol.com.br/rio-de-janeiro/shows/noticias/2014/08/21/elza-soares-volta-ao-teatro-rival-com-sucessos-de-lupicinio-rodrigues.htm, skipping...
[ERROR - 2025-10-22 10:12:02,909 - Worker_1] Status code == 403 for http://noticias.uol.com.br/ultimas-noticias/afp/2014/08/22/morre-pepe-o-missionario-a-tartaruga-mais-querida-de-galapagos.htm, skipping...
[ERROR - 2025-10-22 10:12:03,343 - Worker_3] Status code == 403 for http://noticias.uol.com.br/midiaglobal/lemonde/2014/08/22/fenomeno-em-texto-e-video-escritor-john-green-ja-e-autor-cult.htm, skipping...
[ERROR - 2025-10-22 10:12:17,652 - Worker_2] Status code == 404 for http://guia.uol.com.br/brasilia/noticias/2014/08/22/samba-brasilia-reune-grandes-nomes-em-12-horas-de-festa-no-mane-garrincha.htm, skipping...
[ERROR - 2025-10-22 10:12:25,000 - Worker_4] Failed to connect with http://natelinha.ne10.uol.com.br/celebridades/2014/08/21/exmalhacao-renato-franco-perde-100kg-e-revela-desejo-de-voltar-a-tv-78710.php after 3 attempts, skipping...
[ERROR - 2025-10-22 10:12:30,491 - Worker_1] Failed to connect with http://noticias.carsale.uol.com.br/blog/2014/08/22/porque-nao-deve-se-desligar-o-controle-de-tracao-de-uma-lamborghini/ after 3 attempts, skipping...
[ERROR - 2025-10-22 10:12:35,012 - Worker_1] Status code == 403 for http://nagradedomma.blogosfera.uol.com.br/2014/08/22/o-empurrao-de-aldo-para-thales-voltar-ao-ufc/, skipping...
[ERROR - 2025-10-22 10:12:45,097 - Worker_1] Failed to connect with http://tnh1.ne10.uol.com.br/noticia/alagoas/2014/08/22/306854/pizza-de-insetos-e-grilo-com-chocolate-professor-alagoano-diz-que-em-2050-insetos-vao-fazer-parte-de-nosso-cardapio after 3 attempts, skipping...
[ERROR - 2025-10-22 10:12:45,328 - Worker_3] Status code == 404 for http://eleicoes.uol.com.br/2014/pesquisas-eleitorais, skipping...
[ERROR - 2025-10-22 10:12:50,135 - Worker_3] Status code == 404 for http://esporte.uol.com.br/f1/ultimas-noticias/2014/08/22/f1-virou-uma-competicao-amadora-de-kart-indoor-no-gp-da-belgica.htm, skipping...
[ERROR - 2025-10-22 10:12:59,646 - Worker_0] Status code == 403 for http://blogdoperrone.blogosfera.uol.com.br/2014/08/ex-presidente-cobra-santos-por-atraso-que-pode-custar-mais-de-r-11-mi/, skipping...
[ERROR - 2025-10-22 10:13:03,916 - Worker_4] Status code == 403 for http://educacao.uol.com.br/noticias/2014/08/22/prefeitura-de-jundiai-sp-multa-editora-de-didatico-com-erro-de-portugues.htm, skipping...
[ERROR - 2025-10-22 10:13:25,602 - Worker_1] Status code == 403 for http://noticias.uol.com.br/ultimas-noticias/bbc/2014/08/22/ex-pedreiro-mexicano-dissolveu-300-pessoas-em-acido.htm, skipping...
[ERROR - 2025-10-22 10:14:02,503 - Worker_1] Status code == 403 for http://cornetafc.blogosfera.uol.com.br/2014/08/23/show-de-axe-detona-gramado-do-independencia-e-vira-piada-no-twitter/, skipping...
[ERROR - 2025-10-22 10:14:18,087 - Worker_3] Status code == 403 for http://uolesporte.blogosfera.uol.com.br/2014/08/23/jogador-cobra-escanteio-e-acaba-passando-vergonha-no-campeonato-frances/, skipping...
[ERROR - 2025-10-22 10:14:22,488 - Worker_3] Status code == 403 for http://blogdoteojose.blogosfera.uol.com.br/2014/08/23/pole-para-quem-errou-menos-em-spa/, skipping...
[ERROR - 2025-10-22 10:14:49,380 - Worker_1] Status code == 403 for http://noticias.uol.com.br/ultimas-noticias/reuters/2014/08/23/milhares-marcham-em-nova-york-em-protesto-por-morte-causada-por-policiais.htm, skipping...
[ERROR - 2025-10-22 10:14:53,463 - Worker_1] Status code == 403 for http://noticias.uol.com.br/midiaglobal/derspiegel/2014/08/23/uma-visao-de-dentro-da-zona-de-guerra-surreal-de-donetsk.htm, skipping...
[ERROR - 2025-10-22 10:15:21,047 - Worker_4] Status code == 403 for http://noticias.uol.com.br/ultimas-noticias/bbc/2014/08/23/vulcao-faz-islandia-emitir-alerta-vermelho-para-a-aviacao.htm, skipping...
[ERROR - 2025-10-22 10:15:21,972 - Worker_0] Status code == 403 for http://noticias.uol.com.br/ultimas-noticias/agencia-estado/2014/08/23/contratos-do-lixo-em-sao-paulo-passarao-por-pente-fino.htm, skipping...
[ERROR - 2025-10-22 10:15:28,830 - Worker_0] Status code == 403 for http://noticias.uol.com.br/ciencia/ultimas-noticias/redacao/2014/08/23/pesquisadores-encontram-artigo-de-metal-mais-antigo-do-mundo-em-israel.htm, skipping...
[ERROR - 2025-10-22 10:15:29,651 - Worker_4] Status code == 403 for http://noticias.uol.com.br/ultimas-noticias/bbc/2014/08/23/pagar-resgate-a-sequestrador-e-problema-ou-solucao.htm, skipping...
[ERROR - 2025-10-22 10:15:33,456 - Worker_2] Status code == 403 for http://dralexandrefaisal.blogosfera.uol.com.br/2014/08/22/obesidade-se-associa-com-17-entre-22-tipos-de-cancer/, skipping...
[ERROR - 2025-10-22 10:15:33,894 - Worker_4] Status code == 403 for http://gilmar.blogosfera.uol.com.br/2014/08/22/pijama-novo/, skipping...
[ERROR - 2025-10-22 10:15:35,531 - Worker_0] Status code == 403 for http://noticias.uol.com.br/album/album-do-dia/2014/08/23/imagens-do-dia---23-de-agosto-de-2014.htm?abrefoto=16, skipping...
[ERROR - 2025-10-22 10:15:50,932 - Worker_1] Status code == 403 for http://tecnologia.uol.com.br/noticias/redacao/2014/08/23/selfie-passou-dos-limites-veja-quem-perdeu-a-mao-nos-autorretratos.htm, skipping...
[ERROR - 2025-10-22 10:16:08,006 - Worker_2] Status code == 404 for http://eleicoes.uol.com.br/2014/pesquisas-eleitorais, skipping...
[ERROR - 2025-10-22 10:16:49,484 - Worker_2] Status code == 502 for http://noticias.band.uol.com.br/eleicoes/2014/sao-paulo/100000703357/alckmin-nao-participara-do-debate-na-band.html, skipping...
[ERROR - 2025-10-22 10:16:50,999 - Worker_0] Status code == 403 for http://blogdojuca.uol.com.br/2014/08/inter-perde-gols-e-galo-nao-perdoa/, skipping...
[ERROR - 2025-10-22 10:16:53,712 - Worker_2] Status code == 403 for http://noticias.uol.com.br/midiaglobal/elpais/2014/08/23/novos-games-vao-alem-de-dar-tiros-e-se-baseiam-na-vida-real.htm, skipping...
[ERROR - 2025-10-22 10:17:00,903 - Worker_4] Status code == 404 for http://guia.uol.com.br/sao-paulo/exposicoes/noticias/2014/08/23/exposicao-na-ema-klabin-conta-historia-do-imovel-e-do-jardim-europa.htm, skipping...
[ERROR - 2025-10-22 10:17:07,776 - Worker_1] Status code == 403 for http://noticias.uol.com.br/album/album-do-dia/2014/08/23/imagens-do-dia---23-de-agosto-de-2014.htm?abrefoto=31?, skipping...
[ERROR - 2025-10-22 10:17:10,287 - Worker_3] Failed to connect with http://natelinha.ne10.uol.com.br/mulher/2014/08/12/faca-como-alessandra-negrini-e-aposte-em-um-corte-com-franja-78333.php after 3 attempts, skipping...
[ERROR - 2025-10-22 10:17:12,456 - Worker_0] Status code == 404 for http://guia.uol.com.br/rio-de-janeiro/teatro/noticias/2014/08/22/grupo-de-teatro-de-improviso-promove-mostra-com-ingressos-a-r-20.htm, skipping...
[ERROR - 2025-10-22 10:17:42,530 - Worker_3] Status code == 404 for http://esporte.uol.com.br/f1/ultimas-noticias/2014/08/23/hamilton-culpa-freios-por-perda-da-pole-em-disputa-com-rosberg.htm, skipping...
[ERROR - 2025-10-22 10:17:44,399 - Worker_0] Status code == 404 for http://esporte.uol.com.br/f1/ultimas-noticias/2014/08/23/nono-massa-diz-que-seu-carro-andou-bem-a-culpa-desta-vez-foi-do-trafego.htm, skipping...
[ERROR - 2025-10-22 10:17:58,899 - Worker_1] Status code == 403 for http://noticias.uol.com.br/album/2014/08/24/terremoto-na-california-causa-estragos-e-dezenas-de-feridos.htm?abrefoto=17, skipping...
[ERROR - 2025-10-22 10:18:09,019 - Worker_3] Status code == 403 for http://noticias.uol.com.br/ultimas-noticias/afp/2014/08/24/rdc-anuncia-surgimento-de-nova-cepa-de-ebola.htm, skipping...
[ERROR - 2025-10-22 10:18:20,022 - Worker_4] Failed to connect with http://noticias.carsale.uol.com.br/ultimas/2014/08/22/novo-ka-cresce-e-aparece-compare-com-new-fiesta-e-geracao-anterior/?wppa-album=454&wppa-photo=4131&wppa-cover=0&wppa-occur=1 after 3 attempts, skipping...
[ERROR - 2025-10-22 10:18:20,480 - Worker_2] Status code == 404 for http://guia.uol.com.br/sao-paulo/exposicoes/noticias/2014/08/24/centenario-de-ibere-camargo-e-celebrado-com-exposicao-na-estacao-pinacoteca.htm, skipping...
[ERROR - 2025-10-22 10:18:28,096 - Worker_3] Status code == 404 for http://guia.uol.com.br/belo-horizonte/noticias/2014/08/13/festival-palco-giratorio-tem-pecas-gratuitas-em-pracas-e-teatros-de-bh.htm, skipping...
[ERROR - 2025-10-22 10:18:37,323 - Worker_4] Status code == 403 for http://josiasdesouza.blogosfera.uol.com.br/2014/08/24/projeto-de-aecio-para-o-nordeste-cheira-a-lula/, skipping...
[ERROR - 2025-10-22 10:19:03,692 - Worker_4] Status code == 404 for http://guia.uol.com.br/brasilia/noticias/2014/08/18/cena-contemporanea-chega-com-23-espetaculos-da-europa-e-america-do-sul.htm, skipping...
[ERROR - 2025-10-22 10:19:31,159 - Worker_3] Status code == 403 for http://nilsonxavier.blogosfera.uol.com.br/2014/08/24/o-rebu-funciona-melhor-na-teoria-do-que-na-pratica/, skipping...
[ERROR - 2025-10-22 10:19:42,901 - Worker_4] Status code == 404 for http://eleicoes.uol.com.br/2014/pesquisas-eleitorais, skipping...
[ERROR - 2025-10-22 10:20:04,423 - Worker_4] Status code == 403 for http://uolesporte.blogosfera.uol.com.br/2014/08/24/lutadora-da-voadora-e-nocauteia-adversaria-de-maneira-impressionante-veja/, skipping...
[ERROR - 2025-10-22 10:20:11,074 - Worker_0] Status code == 404 for http://esporte.uol.com.br/f1/ultimas-noticias/2014/08/24/apos-nova-polemica-rosberg-e-hamilton-obedecerao-ordens-da-mercedes.htm, skipping...
[ERROR - 2025-10-22 10:20:48,485 - Worker_2] Status code == 403 for http://blogdojuca.uol.com.br/2014/08/as-meninas-decacampeas-de-volei/, skipping...
[ERROR - 2025-10-22 10:20:52,086 - Worker_0] Status code == 404 for http://guia.uol.com.br/sao-paulo/teatro/noticias/2014/08/21/baseado-em-belle-de-jour-coreografia-de-deborah-colker-estreia-em-sp.htm, skipping...
[ERROR - 2025-10-22 10:20:53,618 - Worker_3] Status code == 403 for http://economia.uol.com.br/cotacoes/noticias/redacao/2014/08/25/petrobras-sobe-mais-de-5-e-leva-bolsa-ao-maior-nivel-em-quase-19-meses.htm, skipping...
[ERROR - 2025-10-22 10:20:58,979 - Worker_0] Status code == 403 for http://noticias.uol.com.br/ultimas-noticias/efe/2014/08/25/terremoto-na-california-pode-ter-causado-prejuizos-de-ate-us-1-bilhao.htm, skipping...
[ERROR - 2025-10-22 10:21:07,559 - Worker_2] Status code == 404 for http://guia.uol.com.br/belo-horizonte/cinema/noticias/2014/08/22/mostra-gratuita-exibe-classicos-de-stanley-kubrick-em-bh-veja-programacao.htm, skipping...
[ERROR - 2025-10-22 10:21:10,461 - Worker_1] Status code == 403 for http://nagradedomma.blogosfera.uol.com.br/2014/08/25/rafael-pula-de-5o-para-3o-em-ranking-dos-leves-mas-o-cinturao-esta-longe/, skipping...
[ERROR - 2025-10-22 10:21:14,616 - Worker_1] Status code == 403 for http://noticias.uol.com.br/ultimas-noticias/reuters/2014/08/25/eua-preparam-opcoes-militares-contra-estado-islamico-na-siria.htm, skipping...
[ERROR - 2025-10-22 10:21:16,536 - Worker_2] Status code == 403 for http://noticias.uol.com.br/midiaglobal/the-international-new-york-times/2014/08/25/feminismo-precisa-vencer-principios-islamicos-e-seculares-no-paquistao.htm, skipping...
[ERROR - 2025-10-22 10:21:18,792 - Worker_1] Status code == 403 for http://noticias.uol.com.br/album/album-do-dia/2014/08/25/imagens-do-dia---25-de-agosto-de-2014.htm?abrefoto=23, skipping...
[ERROR - 2025-10-22 10:21:30,948 - Worker_4] Status code == 404 for http://esporte.uol.com.br/f1/ultimas-noticias/2014/08/25/massa-lamenta-peca-intrusa-e-hamilton-acusa-rosberg-de-baixar-o-nivel.htm, skipping...
[ERROR - 2025-10-22 10:21:37,382 - Worker_4] Status code == 403 for http://noticias.uol.com.br/saude/ultimas-noticias/afp/2014/08/21/macarrao-instantaneo-traz-riscos-para-a-saude-feminina.htm, skipping...
[ERROR - 2025-10-22 10:21:54,181 - Worker_2] Status code == 403 for http://combaterock.blogosfera.uol.com.br/2014/08/25/anacronico-roger-moreira-reflete-a-desorientacao-do-pop-rock-nacional/, skipping...
[ERROR - 2025-10-22 10:21:56,451 - Worker_4] Status code == 404 for http://guia.uol.com.br/album/2014/08/15/sopas-e-caldos-quentes-para-aquecer-o-inverno-em-curitiba-confira-roteiro.htm, skipping...
[ERROR - 2025-10-22 10:22:00,034 - Worker_3] Status code == 403 for http://noticias.uol.com.br/midiaglobal/the-international-new-york-times/2014/08/25/por-que-nossos-monumentos-historicos-sao-importantes.htm, skipping...
[ERROR - 2025-10-22 10:22:15,838 - Worker_4] Status code == 403 for http://economia.uol.com.br/noticias/redacao/2014/08/25/sp-deve-ter-2-aeroportos-para-executivos-ate-2016-servico-inclui-outlet.htm, skipping...
[ERROR - 2025-10-22 10:22:19,359 - Worker_3] Status code == 403 for http://educacao.uol.com.br/noticias/bbc/2014/08/25/professora-tenta-suicidio-duas-vezes-apos-agressoes-consecutivas-de-alunos.htm, skipping...
[ERROR - 2025-10-22 10:22:35,982 - Worker_2] Status code == 404 for http://charges.uol.com.br/2014/08/25/tiririca-canta-o-portao/, skipping...
[ERROR - 2025-10-22 10:22:50,284 - Worker_4] Status code == 404 for http://eleicoes.uol.com.br/2014/pesquisas-eleitorais, skipping...
[ERROR - 2025-10-22 10:22:51,420 - Worker_2] Failed to connect with http://bemzen.uol.com.br/noticias/ver/2014/08/21/5435-lua-fora-de-curso after 3 attempts, skipping...
[ERROR - 2025-10-22 10:22:58,236 - Worker_0] Status code == 403 for http://nagradedomma.blogosfera.uol.com.br/2014/08/25/mma-brasileiro-respira-esperancoso-culpa-de-rafael-e-thales-no-ufc/, skipping...
[ERROR - 2025-10-22 10:23:04,398 - Worker_4] Status code == 403 for http://noticias.uol.com.br/saude/ultimas-noticias/estado/2014/08/25/japao-vai-oferecer-nova-droga-para-o-tratamento-do-ebola.htm, skipping...
[ERROR - 2025-10-22 10:23:07,628 - Worker_0] Status code == 403 for http://robertosadovski.blogosfera.uol.com.br/2014/08/25/nerdovski-os-mercenarios-3-e-uma-piada-que-se-leva-a-serio-demais/, skipping...
[ERROR - 2025-10-22 10:23:44,223 - Worker_4] Status code == 403 for http://noticias.uol.com.br/album/album-do-dia/2014/08/25/imagens-do-dia---25-de-agosto-de-2014.htm?abrefoto=31, skipping...
[ERROR - 2025-10-22 10:23:46,533 - Worker_1] Status code == 403 for http://fernandorodrigues.blogosfera.uol.com.br/2014/08/26/marina-sinaliza-com-possivel-virada-inedita-em-eleicoes-presidenciais/, skipping...
[ERROR - 2025-10-22 10:23:47,146 - Worker_3] Status code == 403 for http://noticias.uol.com.br/ciencia/ultimas-noticias/bbc/2014/08/25/aparelho-que-turbina-cerebro-com-choques-preocupa-medicos.htm, skipping...
[ERROR - 2025-10-22 10:23:48,400 - Worker_4] Status code == 403 for http://noticias.uol.com.br/ultimas-noticias/reuters/2014/08/26/saiba-mais-o-que-consiste-o-acordo-de-paz-entre-israelenses-e-palestinos.htm, skipping...
[ERROR - 2025-10-22 10:23:50,689 - Worker_1] Status code == 403 for http://educacao.uol.com.br/noticias/2014/08/21/escola-deve-ajudar-a-desenvolver-habilidades-socioemocionais.htm, skipping...
[ERROR - 2025-10-22 10:23:51,425 - Worker_3] Status code == 403 for http://josiasdesouza.blogosfera.uol.com.br/2014/08/26/tese-de-que-comocao-impulsiona-marina-e-falsa/, skipping...
[ERROR - 2025-10-22 10:23:51,987 - Worker_0] Status code == 403 for http://noticias.uol.com.br/ciencia/ultimas-noticias/redacao/2014/08/26/clique-ciencia-dinheiro-pode-fazer-mal-a-saude.htm, skipping...
[ERROR - 2025-10-22 10:24:03,715 - Worker_3] Status code == 403 for http://noticias.uol.com.br/internacional/ultimas-noticias/2014/08/26/em-dublin-passageiros-empurram-trem-para-soltar-garota-presa-na-plataforma.htm, skipping...
[ERROR - 2025-10-22 10:24:16,300 - Worker_2] Status code == 403 for http://noticias.uol.com.br/midiaglobal/the-international-new-york-times/2014/08/26/plastico-cobre-area-equivalente-a-40-da-superficie-dos-oceanos.htm, skipping...
[ERROR - 2025-10-22 10:24:39,449 - Worker_0] Status code == 403 for http://prepareseparaovestibular.blogosfera.uol.com.br/2014/08/03/como-desenvolver-foco-e-concentracao-tabless-thursday/, skipping...
[ERROR - 2025-10-22 10:24:55,500 - Worker_2] Status code == 403 for http://noticias.uol.com.br/saude/ultimas-noticias/redacao/2014/08/26/jairo-bouer-pornografia-em-excesso-atrapalha-no-sexo.htm, skipping...
[ERROR - 2025-10-22 10:25:03,482 - Worker_0] Status code == 404 for http://guia.uol.com.br/belo-horizonte/cinema/noticias/2014/08/25/shopping-del-rey-recebe-sessao-de-cinema-para-maes-e-bebes-na-quarta-27.htm, skipping...
[ERROR - 2025-10-22 10:25:12,851 - Worker_1] Status code == 403 for http://noticias.uol.com.br/album/2014/06/15/sumico-de-adolescentes-judeus-reacende-tensao-entre-israel-e-palestinos.htm?abrefoto=464, skipping...
[ERROR - 2025-10-22 10:25:16,943 - Worker_1] Status code == 403 for http://noticias.uol.com.br/midiaglobal/elpais/2014/08/26/espanhois-sao-alvos-do-estado-islamico-na-busca-por-combatentes.htm, skipping...
[ERROR - 2025-10-22 10:25:31,169 - Worker_0] Status code == 403 for http://educacao.uol.com.br/noticias/bbc/2014/08/25/professora-tenta-suicidio-duas-vezes-apos-agressoes-consecutivas-de-alunos.htm, skipping...
[ERROR - 2025-10-22 10:25:38,667 - Worker_4] Status code == 403 for http://companhiadeviagem.blogosfera.uol.com.br/2014/08/26/anguilla-o-paraiso-do-luxo-e-da-tranquilidade/, skipping...
[ERROR - 2025-10-22 10:25:45,810 - Worker_2] Status code == 403 for http://colunaesplanada.blogosfera.uol.com.br/2014/08/26/agnelo-nao-declarou-ao-tse-moto-importada-que-o-derrubou/, skipping...
[ERROR - 2025-10-22 10:25:54,092 - Worker_1] Status code == 404 for http://guia.uol.com.br/rio-de-janeiro/exposicoes/noticias/2014/08/26/exposicao-leva-arte-contemporanea-a-favela-da-mare.htm, skipping...
[ERROR - 2025-10-22 10:26:06,816 - Worker_0] Status code == 404 for http://eleicoes.uol.com.br/2014/pesquisas-eleitorais, skipping...
[ERROR - 2025-10-22 10:26:10,944 - Worker_0] Status code == 403 for http://educacao.uol.com.br/noticias/2014/08/26/universidade-nos-eua-inaugura-biblioteca-sem-livros.htm, skipping...
[ERROR - 2025-10-22 10:26:20,631 - Worker_4] Status code == 403 for http://noticias.uol.com.br/meio-ambiente/ultimas-noticias/redacao/2014/08/26/cientistas-consideram-extintas-tres-especies-de-aves-nativas-do-brasil.htm, skipping...
[ERROR - 2025-10-22 10:26:20,884 - Worker_0] Status code == 403 for http://tecnologia.uol.com.br/noticias/redacao/2014/08/26/jovens-de-classe-media-entram-nas-redes-sociais-com-12-anos-diz-pesquisa.htm, skipping...
[ERROR - 2025-10-22 10:26:34,068 - Worker_4] Status code == 403 for http://noticias.uol.com.br/midiaglobal/lemonde/2014/08/26/camera-gopro-entusiasma-aventureiros-e-cineastas.htm, skipping...
[ERROR - 2025-10-22 10:26:36,272 - Worker_1] Status code == 403 for http://mauriciostycer.blogosfera.uol.com.br/2014/08/26/estreia-do-sbt-mostra-como-os-formatos-estrangeiros-se-repetem/, skipping...
[ERROR - 2025-10-22 10:26:38,192 - Worker_4] Status code == 403 for http://noticias.uol.com.br/saude/ultimas-noticias/redacao/2014/08/26/cientistas-investigam-doenca-desconhecida-em-indios-do-para.htm, skipping...
[ERROR - 2025-10-22 10:26:39,960 - Worker_0] Status code == 404 for http://guia.uol.com.br/sao-paulo/exposicoes/noticias/2014/08/25/mostra-castelo-ra-tim-bum-tem-lote-de-ingressos-online-nesta-terca-26.htm, skipping...
[ERROR - 2025-10-22 10:26:44,183 - Worker_0] Status code == 403 for http://educacao.uol.com.br/colunas/daniel-cara/2014/08/26/o-maior-desafio-do-pne-e-a-educacao-de-jovens-e-adultos.htm, skipping...
[ERROR - 2025-10-22 10:26:59,886 - Worker_1] Status code == 404 for http://guia.uol.com.br/belo-horizonte/noticias/2014/08/19/obras-de-picasso-e-andy-warhol-estao-em-exposicao-da-colecao-ludwig-em-bh.htm, skipping...
[ERROR - 2025-10-22 10:27:11,558 - Worker_0] Status code == 403 for http://uolesporte.blogosfera.uol.com.br/2014/08/26/consegue-imaginar-um-jogo-de-volei-em-estadio-no-mundial-isso-e-realidade/, skipping...
[ERROR - 2025-10-22 10:27:33,022 - Worker_1] Status code == 403 for http://noticias.uol.com.br/ultimas-noticias/bbc/2014/08/26/cratera-misteriosa-de-60-metros-intriga-fazendeiro-na-gra-bretanha.htm, skipping...
[ERROR - 2025-10-22 10:27:34,010 - Worker_3] Status code == 403 for http://noticias.uol.com.br/midiaglobal/nytimes/2014/08/27/aplicativo-que-permite-manter-segredos-no-celular-faz-sucesso-na-india.htm, skipping...
[ERROR - 2025-10-22 10:27:41,120 - Worker_4] Status code == 403 for http://noticias.uol.com.br/cotidiano/ultimas-noticias/2014/08/27/policia-prende-suspeito-de-cometer-estupros-na-bahia.htm, skipping...
[ERROR - 2025-10-22 10:27:42,824 - Worker_2] Status code == 403 for http://noticias.uol.com.br/midiaglobal/lemonde/2014/08/27/hollande-fica-impassivel-e-ensopado-em-meio-a-tormenta-que-atinge-seu-governo.htm, skipping...
[ERROR - 2025-10-22 10:27:46,870 - Worker_3] Status code == 403 for http://noticias.uol.com.br/tabloide/ultimas-noticias/tabloideanas/2014/08/27/apos-200-plasticas-transgenero-americano-vai-a-reality-e-faz-mais-uma-cirurgia.htm, skipping...
[ERROR - 2025-10-22 10:27:51,597 - Worker_1] Status code == 403 for http://cristianonabuco.blogosfera.uol.com.br/2014/08/27/por-que-a-depressao-esta-entre-nos/, skipping...
[ERROR - 2025-10-22 10:27:55,838 - Worker_1] Status code == 403 for http://noticias.uol.com.br/album/2014/06/11/charges.htm?abrefoto=63, skipping...
[ERROR - 2025-10-22 10:28:01,393 - Worker_0] Status code == 403 for http://noticias.uol.com.br/meio-ambiente/album/2014/08/27/filhote-de-tamandua-mirim-orfao-ganha-cuidados-de-biologos-na-bahia.htm?abrefoto=1, skipping...
[ERROR - 2025-10-22 10:28:05,710 - Worker_0] Status code == 502 for http://noticias.band.uol.com.br/eleicoes/2014/videos/15176135/especialista-faz-analise-corporal-de-candidatos-a-presidencia.html, skipping...
[ERROR - 2025-10-22 10:28:09,204 - Worker_2] Status code == 403 for http://blogdomenon.blogosfera.uol.com.br/2014/08/27/carlos-miguel-e-marco-aurelio-se-aproximam-ate-quando/, skipping...
[ERROR - 2025-10-22 10:28:09,880 - Worker_0] Status code == 403 for http://noticias.uol.com.br/saude/ultimas-noticias/redacao/2014/08/25/medicos-na-india-investigam-menino-com-maos-gigantes-que-pesam-16-kg.htm, skipping...
[ERROR - 2025-10-22 10:28:19,904 - Worker_4] Status code == 403 for http://noticias.uol.com.br/politica/ultimas-noticias/2014/08/27/tcu-adia-decisao-sobre-inclusao-de-foster-no-processo-que-investiga-pasadena.htm, skipping...
[ERROR - 2025-10-22 10:28:38,983 - Worker_4] Status code == 404 for http://guia.uol.com.br/rio-de-janeiro/shows/noticias/2014/08/26/luan-santana-apresenta-show-o-nosso-tempo-e-hoje-no-rio-ha-ingressos.htm, skipping...
[ERROR - 2025-10-22 10:28:39,729 - Worker_1] Status code == 404 for http://guia.uol.com.br/sao-paulo/teatro/noticias/2014/08/26/musical-sobre-elis-regina-tem-sessoes-especiais-no-espaco-das-americas.htm, skipping...
[ERROR - 2025-10-22 10:28:43,230 - Worker_4] Status code == 403 for http://economia.uol.com.br/noticias/redacao/2014/08/27/lemann-e-o-mais-rico-do-brasil-pelo-2-ano-seguido-aponta-forbes-brasil.htm, skipping...
[ERROR - 2025-10-22 10:28:53,232 - Worker_2] Status code == 403 for http://noticias.uol.com.br/album/album-do-dia/2014/08/27/imagens-do-dia---27-de-agosto-de-2014.htm?abrefoto=62, skipping...
[ERROR - 2025-10-22 10:29:20,574 - Worker_2] Status code == 403 for http://noticias.uol.com.br/saude/ultimas-noticias/redacao/2014/08/25/medicos-na-india-investigam-menino-com-maos-gigantes-que-pesam-16-kg.htm, skipping...
[ERROR - 2025-10-22 10:29:24,486 - Worker_0] Status code == 404 for http://eleicoes.uol.com.br/2014/pesquisas-eleitorais, skipping...
[ERROR - 2025-10-22 10:29:24,500 - Worker_4] Status code == 403 for http://noticias.uol.com.br/midiaglobal/nytimes/2014/08/27/onu-pede-a-europa-que-aja-a-respeito-da-enxurrada-de-imigrantes.htm, skipping...
[ERROR - 2025-10-22 10:29:24,727 - Worker_2] Status code == 403 for http://noticias.uol.com.br/album/album-do-dia/2014/08/27/imagens-do-dia---27-de-agosto-de-2014.htm?abrefoto=58, skipping...
[ERROR - 2025-10-22 10:29:28,615 - Worker_0] Status code == 403 for http://economia.uol.com.br/empregos-e-carreiras/noticias/redacao/2014/08/27/acompanhe-aulas-gratis-para-candidatos-a-concurso-da-policia-federal.htm, skipping...
[ERROR - 2025-10-22 10:29:33,690 - Worker_2] Status code == 403 for http://noticias.uol.com.br/ultimas-noticias/bbc/2014/08/27/menina-de-9-anos-mata-instrutor-com-tiro-acidental-de-submetralhadora.htm, skipping...
[ERROR - 2025-10-22 10:29:38,303 - Worker_2] Status code == 403 for http://josecruz.blogosfera.uol.com.br/2014/08/judo-teve-orcamento-de-r-47-milhoes-em-2013/, skipping...
[ERROR - 2025-10-22 10:29:44,700 - Worker_2] Status code == 403 for http://economia.uol.com.br/noticias/redacao/2014/08/27/aereas-refletem-sobre-futuro-da-1-classe-apos-sucesso-de-camas-executivas.htm, skipping...
[ERROR - 2025-10-22 10:29:47,685 - Worker_0] Status code == 404 for http://guia.uol.com.br/curitiba/restaurantes/noticias/2014/08/26/festivais-de-comida-de-feira-e-de-hamburguer-sao-opcoes-para-happy-hour.htm, skipping...
[ERROR - 2025-10-22 10:30:14,666 - Worker_0] Status code == 403 for http://noticias.uol.com.br/tabloide/ultimas-noticias/tabloideanas/2014/08/27/cao-da-pradaria-gordinho-entala-em-buraco-e-e-salvo-por-casal-na-russia.htm, skipping...
[ERROR - 2025-10-22 10:30:17,994 - Worker_3] Status code == 403 for http://noticias.uol.com.br/politica/ultimas-noticias/2014/08/27/stf-nega-prisao-domiciliar-a-roberto-jefferson.htm, skipping...
[ERROR - 2025-10-22 10:30:18,829 - Worker_0] Status code == 403 for http://noticias.uol.com.br/ciencia/ultimas-noticias/redacao/2014/08/28/homem-ira-reconstituir-cranio-esmagado-com-implante-feito-em-impressora-3d.htm, skipping...
[ERROR - 2025-10-22 10:30:22,255 - Worker_3] Status code == 403 for http://reginanavarro.blogosfera.uol.com.br/2014/08/28/minha-namorada-me-excita-e-sempre-interrompe-me-frustrando-o-que-fazer/, skipping...
[ERROR - 2025-10-22 10:30:28,876 - Worker_4] Status code == 403 for http://noticias.uol.com.br/midiaglobal/freakonomics/2014/08/28/o-que-o-rei-salomao-e-david-lee-roth-vocalista-do-van-halen-tem-em-comum.htm, skipping...
[ERROR - 2025-10-22 10:30:33,438 - Worker_4] Status code == 403 for http://radiouol.blogosfera.uol.com.br/2014/08/27/30-31-ou-32-anos-o-misterio-de-paula-fernandes/, skipping...
[ERROR - 2025-10-22 10:30:43,684 - Worker_3] Status code == 404 for http://guia.uol.com.br/belo-horizonte/noticias/2014/08/28/exodos-de-sebastiao-salgado-tem-mostra-gratuita-no-museu-inima-de-paula.htm, skipping...
[ERROR - 2025-10-22 10:30:56,043 - Worker_1] Status code == 403 for http://educacao.uol.com.br/noticias/2014/08/27/em-sc-catador-de-lixo-salva-3000-livros-descartados-por-diretor-de-escola.htm, skipping...
[ERROR - 2025-10-22 10:30:57,778 - Worker_4] Status code == 403 for http://josiasdesouza.blogosfera.uol.com.br/2014/08/28/jn-jato-de-campos-cai-sobre-a-pose-de-marina/, skipping...
[ERROR - 2025-10-22 10:31:02,430 - Worker_4] Status code == 404 for http://placar.esporte.uol.com.br/futebol/copa-sul-americana/?id=/2014/08/28/criciuma-x-sao-paulo, skipping...
[ERROR - 2025-10-22 10:31:06,533 - Worker_4] Status code == 403 for http://noticias.uol.com.br/cotidiano/ultimas-noticias/2014/08/28/rj-vamos-ter-que-rezar-diz-moradora-de-bairro-de-luxo-sobre-obra-em-tunel.htm, skipping...
[ERROR - 2025-10-22 10:31:10,653 - Worker_4] Status code == 403 for http://noticias.uol.com.br/ultimas-noticias/agencia-estado/2014/08/28/mp-denuncia-aref-por-48-acusacoes-de-lavagem-de-dinheiro.htm, skipping...
[ERROR - 2025-10-22 10:31:44,582 - Worker_3] Status code == 404 for http://guia.uol.com.br/sao-paulo/restaurantes/noticias/2014/08/27/restaurante-no-campo-belo-oferece-servico-delivery-de-paella.htm, skipping...
[ERROR - 2025-10-22 10:32:01,607 - Worker_4] Status code == 403 for http://josiasdesouza.blogosfera.uol.com.br/2014/08/28/dilma-faz-terrorismo-social-contra-marina-silva/, skipping...
[ERROR - 2025-10-22 10:32:05,845 - Worker_4] Status code == 403 for http://noticias.uol.com.br/midiaglobal/lemonde/2014/08/28/drone-e-o-novo-aliado-dos-arqueologos-no-peru.htm, skipping...
[ERROR - 2025-10-22 10:32:05,862 - Worker_1] Status code == 403 for http://blogdomariomagalhaes.blogosfera.uol.com.br/2014/08/28/depois-de-marina-bombar-em-pesquisa-romario-leva-nome-de-candidata-a-tv/, skipping...
[ERROR - 2025-10-22 10:32:15,228 - Worker_2] Status code == 403 for http://noticias.uol.com.br/tabloide/ultimas-noticias/tabloideanas/2014/08/28/caozinho-fofo-bate-dois-recordes-e-o-mais-rapido-a-andar-sobre-duas-patas.htm, skipping...
[ERROR - 2025-10-22 10:32:24,949 - Worker_1] Status code == 404 for http://guia.uol.com.br/brasilia/noticias/2014/07/29/esculturas-fotografias-e-colagens-estao-em-mostra-individual-de-nino-cais.htm, skipping...
[ERROR - 2025-10-22 10:32:29,556 - Worker_0] Status code == 404 for http://eleicoes.uol.com.br/2014/pesquisas-eleitorais, skipping...
[ERROR - 2025-10-22 10:32:36,160 - Worker_0] Status code == 403 for http://educacao.uol.com.br/colunas/leo-fraiman/2014/08/28/ha-lugar-para-determinismo-em-educacao.htm, skipping...
[ERROR - 2025-10-22 10:32:50,245 - Worker_4] Status code == 403 for http://combaterock.blogosfera.uol.com.br/2014/08/28/projetos-de-max-e-andreas-mostram-que-reuniao-do-sepultura-nao-faz-sentido/, skipping...
[ERROR - 2025-10-22 10:33:01,950 - Worker_2] Status code == 502 for http://noticias.band.uol.com.br/eleicoes/2014/100000704339/band-realiza-debates-em-seis-estados-nesta-quinta-feira.html, skipping...
[ERROR - 2025-10-22 10:34:08,922 - Worker_0] Status code == 403 for http://noticias.uol.com.br/midiaglobal/lemonde/2014/08/29/espanha-celebra-o-pintor-el-greco-o-estrangeiro-que-se-tornou-universal.htm, skipping...
[ERROR - 2025-10-22 10:34:34,504 - Worker_2] Status code == 403 for http://nagradedomma.blogosfera.uol.com.br/2014/08/29/a-volta-do-mini-overeem/, skipping...
[ERROR - 2025-10-22 10:34:36,906 - Worker_3] Status code == 403 for http://uolesporte.blogosfera.uol.com.br/2014/08/29/beckham-sofre-acidente-de-moto-ao-tentar-desviar-de-paparazzo/, skipping...
[ERROR - 2025-10-22 10:34:58,509 - Worker_2] Status code == 403 for http://educacao.uol.com.br/noticias/2014/08/27/em-sc-catador-de-lixo-salva-3000-livros-descartados-por-diretor-de-escola.htm, skipping...
[ERROR - 2025-10-22 10:35:02,566 - Worker_1] Status code == 403 for http://nilsonxavier.blogosfera.uol.com.br/2014/08/29/quem-em-boogie-oogie-existia-e-o-que-estava-fazendo-em-1978/, skipping...
[ERROR - 2025-10-22 10:35:18,931 - Worker_4] Status code == 403 for http://robertosadovski.blogosfera.uol.com.br/2014/08/29/luc-besson-faz-seu-filme-de-super-herois-e-volta-ao-cinemao-com-lucy/, skipping...
[ERROR - 2025-10-22 10:35:29,233 - Worker_3] Status code == 404 for http://guia.uol.com.br/sao-paulo/shows/noticias/2014/08/28/banda-5-a-seco-lanca-album-policromo-no-auditorio-ibirapuera.htm, skipping...
[ERROR - 2025-10-22 10:35:33,056 - Worker_4] Status code == 403 for http://colunaesplanada.blogosfera.uol.com.br/2014/08/29/banco-dos-correios-vai-oferecer-credito-previdencia-e-seguros/, skipping...
[ERROR - 2025-10-22 10:35:33,297 - Worker_0] Status code == 403 for http://noticias.uol.com.br/cotidiano/ultimas-noticias/2014/08/29/jovem-mineira-vitima-de-racismo-no-facebook-recebeu-mais-de-mil-mensagens.htm, skipping...
[ERROR - 2025-10-22 10:35:37,368 - Worker_2] Status code == 404 for http://guia.uol.com.br/rio-de-janeiro/exposicoes/noticias/2014/08/26/exposicao-leva-arte-contemporanea-a-favela-da-mare.htm, skipping...
[ERROR - 2025-10-22 10:35:43,176 - Worker_4] Failed to connect with http://natelinha.ne10.uol.com.br/noticias/2014/08/29/roger-moreira-discute-com-astrid-fontenelle-mau-carater-hipocrita-79065.php after 3 attempts, skipping...
[ERROR - 2025-10-22 10:35:52,120 - Worker_1] Status code == 404 for http://eleicoes.uol.com.br/2014/pesquisas-eleitorais, skipping...
[ERROR - 2025-10-22 10:36:13,987 - Worker_1] Status code == 403 for http://rodrigomattos.blogosfera.uol.com.br/2014/08/29/mineirao-cobra-ate-r-3-mi-do-cruzeiro-por-despesas-nao-pagas-em-jogos/, skipping...
[ERROR - 2025-10-22 10:36:17,309 - Worker_0] Status code == 403 for http://noticias.uol.com.br/ultimas-noticias/agencia-estado/2014/08/29/justica-nega-pedido-de-prisao-para-lider-da-mafia-do-iss.htm, skipping...
[ERROR - 2025-10-22 10:36:18,086 - Worker_1] Status code == 403 for http://noticias.uol.com.br/ultimas-noticias/bbc/2014/08/29/cidade-de-beldades-desmente-boato-internacional-de-campanha-por-homens.htm, skipping...
[ERROR - 2025-10-22 10:36:21,529 - Worker_0] Status code == 403 for http://dralexandrefaisal.blogosfera.uol.com.br/2014/08/28/uso-estendido-de-pilulas-anticoncepcionais-reduz-risco-de-gravidez/, skipping...
[ERROR - 2025-10-22 10:36:21,820 - Worker_4] Status code == 403 for http://noticias.uol.com.br/saude/ultimas-noticias/bbc/2014/08/29/o-misterio-por-tras-do-desmaio-de-200-meninas-na-colombia.htm, skipping...
[ERROR - 2025-10-22 10:36:26,148 - Worker_0] Status code == 403 for http://tecnologia.uol.com.br/noticias/redacao/2014/08/26/1-tablet-da-dell-venue-8-chega-as-lojas-com-bons-recursos-e-preco-baixo.htm, skipping...
[ERROR - 2025-10-22 10:36:27,154 - Worker_3] Status code == 403 for http://fernandorodrigues.blogosfera.uol.com.br/2014/08/29/ze-dirceu-sobre-marina-silva-ela-e-o-lula-de-saias/, skipping...
[ERROR - 2025-10-22 10:36:28,321 - Worker_4] Status code == 403 for http://economia.uol.com.br/noticias/redacao/2014/08/29/saiba-quem-sao-os-20-novos-bilionarios-do-brasil-segundo-a-forbes.htm, skipping...
[ERROR - 2025-10-22 10:36:32,608 - Worker_4] Status code == 403 for http://blogdoorlando.blogosfera.uol.com.br/2014/08/29/racismo-no-estadio-e-coisa-de-burro/, skipping...
[ERROR - 2025-10-22 10:36:33,716 - Worker_3] Status code == 403 for http://blogdosakamoto.blogosfera.uol.com.br/2014/08/29/zara-e-o-caso-da-venda-do-uniforme-de-campo-de-concentracao/, skipping...
[ERROR - 2025-10-22 10:36:37,161 - Worker_1] Status code == 404 for http://guia.uol.com.br/brasilia/noticias/2014/08/29/porao-do-rock-leva-35-bandas-ao-estacionamento-do-mane-garrincha.htm, skipping...
[ERROR - 2025-10-22 10:36:39,949 - Worker_4] Status code == 403 for http://uolesporte.blogosfera.uol.com.br/2014/08/29/jogador-de-hoquei-inova-e-comemora-gol-deslizando-de-cabeca-para-baixo/, skipping...
[ERROR - 2025-10-22 10:36:41,401 - Worker_1] Status code == 403 for http://noticias.uol.com.br/midiaglobal/lemonde/2014/08/29/egito-interfere-na-crise-da-libia-para-conter-esfera-islamica.htm, skipping...
[ERROR - 2025-10-22 10:36:44,116 - Worker_4] Status code == 403 for http://economia.uol.com.br/cotacoes/noticias/redacao/2014/08/29/bolsa-sobe-no-dia-passa-de-61-mil-pontos-e-fecha-mes-com-alta-de-quase-10.htm, skipping...
[ERROR - 2025-10-22 10:36:48,545 - Worker_4] Status code == 403 for http://tecnologia.uol.com.br/album/2014/03/12/baixe-imagens-engracadas-para-usar-no-aplicativo-whatsapp.htm?abrefoto=97, skipping...
[ERROR - 2025-10-22 10:36:53,342 - Worker_3] Status code == 403 for http://noticias.uol.com.br/midiaglobal/lemonde/2014/08/30/as-razoes-para-o-indiciamento-de-christine-lagarde-no-caso-tapie.htm, skipping...
[ERROR - 2025-10-22 10:36:59,807 - Worker_3] Status code == 403 for http://noticias.uol.com.br/ultimas-noticias/agencia-estado/2014/08/30/incendio-ja-destruiu-70-do-parque-em-mato-grosso.htm, skipping...
[ERROR - 2025-10-22 10:37:03,980 - Worker_3] Status code == 403 for http://noticias.uol.com.br/ultimas-noticias/bbc/2014/08/30/mulheres-de-minoria-ameacada-sao-vendidas-a-us1-mil-na-siria.htm, skipping...
[ERROR - 2025-10-22 10:37:06,396 - Worker_0] Status code == 403 for http://nagradedomma.blogosfera.uol.com.br/2014/08/30/ufc-tem-ano-para-esquecer-crise-institucional-e-disputa-insolita-de-titulo/, skipping...
[ERROR - 2025-10-22 10:37:15,557 - Worker_2] Status code == 403 for http://reginanavarro.blogosfera.uol.com.br/2014/08/30/sexo-como-arma/, skipping...
[ERROR - 2025-10-22 10:37:16,529 - Worker_0] Failed to connect with http://natelinha.ne10.uol.com.br/novelas/2014/08/30/apos-ser-traida-por-orville-juju-popular-e-expulsa-de-casa-com-o-filho-79125.php after 3 attempts, skipping...
[ERROR - 2025-10-22 10:37:27,980 - Worker_3] Status code == 404 for http://guia.uol.com.br/belo-horizonte/noticias/2014/08/28/exodos-de-sebastiao-salgado-tem-mostra-gratuita-no-museu-inima-de-paula.htm, skipping...
[ERROR - 2025-10-22 10:37:58,611 - Worker_1] Status code == 403 for http://noticias.uol.com.br/ciencia/album/2014/08/01/veja-imagens-de-ciencia-do-mes-agosto2014.htm?abrefoto=65, skipping...
[ERROR - 2025-10-22 10:38:02,773 - Worker_1] Status code == 403 for http://noticias.uol.com.br/internacional/ultimas-noticias/2014/08/30/video-mostra-banhistas-distraidos-enquanto-tubarao-se-aproxima-na-florida.htm, skipping...
[ERROR - 2025-10-22 10:38:02,911 - Worker_3] Status code == 403 for http://uolesporte.blogosfera.uol.com.br/2014/08/30/mais-magra-e-silicionada-rebeca-gusmao-fica-loira, skipping...
[ERROR - 2025-10-22 10:38:07,077 - Worker_3] Status code == 403 for http://noticias.uol.com.br/midiaglobal/nytimes/2014/08/30/presidente-da-russia-elogia-milicias-separatistas-na-ucrania.htm, skipping...
[ERROR - 2025-10-22 10:38:09,689 - Worker_2] Status code == 403 for http://tecnologia.uol.com.br/noticias/redacao/2014/08/29/veja-dez-servicos-onlines-e-gratis-para-voce-fazer-suas-tarefas-na-internet.htm, skipping...
[ERROR - 2025-10-22 10:38:14,158 - Worker_2] Status code == 403 for http://tecnologia.uol.com.br/noticias/redacao/2014/08/27/financiamento-coletivo-na-internet-ajuda-a-viabilizar-projetos-veja-casos.htm, skipping...
[ERROR - 2025-10-22 10:38:15,930 - Worker_0] Status code == 404 for http://guia.uol.com.br/sao-paulo/passeios/noticias/2014/08/29/parque-da-agua-branca-recebe-shows-de-percussao-e-choro-veja-programacao.htm, skipping...
[ERROR - 2025-10-22 10:38:21,857 - Worker_1] Status code == 404 for http://guia.uol.com.br/belo-horizonte/noticias/2014/08/26/exposicao-revisita-obra-de-portinari-com-curadoria-de-ronaldo-fraga.htm, skipping...
[ERROR - 2025-10-22 10:38:27,592 - Worker_2] Status code == 403 for http://noticias.uol.com.br/ultimas-noticias/bbc/2014/08/30/em-barco-milionarios-procuram-imigrantes-com-problemas-no-mediterraneo.htm, skipping...
[ERROR - 2025-10-22 10:38:36,283 - Worker_2] Status code == 403 for http://noticias.uol.com.br/ultimas-noticias/bbc/2014/08/29/marina-avanca-dilma-e-aecio-apostam-em-experiencia-para-frea-la.htm, skipping...
[ERROR - 2025-10-22 10:38:41,988 - Worker_4] Status code == 404 for http://eleicoes.uol.com.br/2014/pesquisas-eleitorais, skipping...
[ERROR - 2025-10-22 10:38:50,735 - Worker_4] Status code == 403 for http://noticias.uol.com.br/ultimas-noticias/redacao/2014/08/30/menina-mata-instrutor-com-tiro-acidental-nos-eua-veja-videos-da-semana.htm, skipping...
[ERROR - 2025-10-22 10:38:55,027 - Worker_4] Status code == 403 for http://vinteum.blogosfera.uol.com.br/2014/08/30/armadores-brilham-mas-pivos-tambem/, skipping...
[ERROR - 2025-10-22 10:38:55,391 - Worker_2] Status code == 404 for http://guia.uol.com.br/brasilia/noticias/2014/08/29/luis-salem-e-stella-miranda-apresentam-espetaculo-gozados-em-brasilia.htm, skipping...
[ERROR - 2025-10-22 10:38:58,991 - Worker_0] Status code == 403 for http://noticias.uol.com.br/ultimas-noticias/efe/2014/08/30/paul-mccartney-se-soma-a-campanha-pelo-nao-a-independencia-da-escocia.htm, skipping...
[ERROR - 2025-10-22 10:38:59,271 - Worker_4] Status code == 403 for http://josecruz.blogosfera.uol.com.br/2014/08/patrocinadores-estao-assustados-com-a-falta-de-transparencia-no-esporte/, skipping...
[ERROR - 2025-10-22 10:38:59,487 - Worker_2] Status code == 403 for http://noticias.uol.com.br/album/2014/06/11/charges.htm?abrefoto=65, skipping...
[ERROR - 2025-10-22 10:39:01,340 - Worker_1] Status code == 404 for http://guia.uol.com.br/album/2014/08/30/shows-gratuitos-estao-entre-atracoes-do-fim-de-semana-em-sp-veja-outras.htm, skipping...
[ERROR - 2025-10-22 10:39:03,078 - Worker_0] Status code == 403 for http://noticias.uol.com.br/midiaglobal/lemonde/2014/08/30/como-viver-em-sociedades-cada-vez-mais-desiguais.htm, skipping...
[ERROR - 2025-10-22 10:39:09,617 - Worker_2] Failed to connect with http://noticias.carsale.uol.com.br/blog/2014/08/29/chevrolet-esculpe-picape-colorado-em-34-toneladas-de-areia-video/ after 3 attempts, skipping...
[ERROR - 2025-10-22 10:39:15,352 - Worker_1] Status code == 403 for http://noticias.uol.com.br/cotidiano/ultimas-noticias/2014/08/30/queda-de-aviao-mata-duas-pessoas-e-deixa-dois-feridos-em-curitiba.htm, skipping...
[ERROR - 2025-10-22 10:39:26,900 - Worker_2] Failed to connect with http://blogdobirner.virgula.uol.com.br/2014/08/31/sao-paulo-criou-chances-para-vencer-mas-parou-em-tiago-volpi-atuacao-do-goleiro-foi-espetacular-e-a-arbitragem-confusa/ after 3 attempts, skipping...
[ERROR - 2025-10-22 10:39:27,375 - Worker_4] Status code == 403 for http://noticias.uol.com.br/ultimas-noticias/afp/2014/08/31/funcionaria-da-msf-e-libertada-apos-um-ano-em-cativeiro.htm, skipping...
[ERROR - 2025-10-22 10:39:39,684 - Worker_3] Failed to connect with http://natelinha.ne10.uol.com.br/novelas/2014/08/31/imperio-ze-alfredo-humilha-cristina-e-a-expulsa-de-sua-festa-79147.php after 3 attempts, skipping...
[ERROR - 2025-10-22 10:40:11,062 - Worker_3] Status code == 403 for http://noticias.uol.com.br/meio-ambiente/ultimas-noticias/redacao/2014/08/21/meteorologistas-preveem-futuro-nefasto-com-mudancas-climaticas.htm, skipping...
[ERROR - 2025-10-22 10:40:17,545 - Worker_3] Status code == 403 for http://noticias.uol.com.br/ultimas-noticias/agencia-estado/2014/08/31/mulher-morre-apos-ser-baleada-por-vizinho-na-lapa.htm, skipping...
[ERROR - 2025-10-22 10:40:24,472 - Worker_0] Status code == 403 for http://noticias.uol.com.br/midiaglobal/nytimes/2014/08/31/historiador-luta-para-preservar-o-passado-escondido-nas-obras-de-cidade-americana.htm, skipping...
[ERROR - 2025-10-22 10:40:28,599 - Worker_0] Status code == 403 for http://noticias.uol.com.br/meio-ambiente/ultimas-noticias/redacao/2014/08/26/populacao-de-borboletas-monarca-desaba-nos-eua-e-ambientalistas-pedem-socorro.htm, skipping...
[ERROR - 2025-10-22 10:40:40,827 - Worker_0] Status code == 403 for http://noticias.uol.com.br/ciencia/ultimas-noticias/bbc/2014/08/31/cientistas-desvendam-misterio-das-pedras-que-andam-na-california.htm, skipping...
[ERROR - 2025-10-22 10:40:45,087 - Worker_0] Status code == 403 for http://economia.uol.com.br/financas-pessoais/noticias/redacao/2014/08/30/17-dicas-para-ensinar-criancas-a-lidar-com-dinheiro.htm, skipping...
[ERROR - 2025-10-22 10:40:53,527 - Worker_2] Status code == 403 for http://noticias.uol.com.br/album/2014/01/16/incendio-florestal-obriga-moradores-a-deixarem-suas-casas-na-california.htm?abrefoto=35, skipping...
[ERROR - 2025-10-22 10:40:54,328 - Worker_0] Status code == 403 for http://uolesporte.blogosfera.uol.com.br/2014/08/30/mais-magra-e-silicionada-rebeca-gusmao-fica-loira, skipping...
[ERROR - 2025-10-22 10:41:08,561 - Worker_0] Status code == 403 for http://noticias.uol.com.br/ultimas-noticias/agencia-estado/2014/08/31/pm-do-rio-expulsa-4-soldados-de-upp-acusados-de-estupro.htm, skipping...
[ERROR - 2025-10-22 10:41:28,632 - Worker_2] Status code == 404 for http://eleicoes.uol.com.br/2014/pesquisas-eleitorais, skipping...
[ERROR - 2025-10-22 10:41:47,708 - Worker_2] Status code == 404 for http://guia.uol.com.br/curitiba/restaurantes/noticias/2014/08/26/festivais-de-comida-de-feira-e-de-hamburguer-sao-opcoes-para-happy-hour.htm, skipping...
[ERROR - 2025-10-22 10:42:13,250 - Worker_4] Failed to connect with http://natelinha.ne10.uol.com.br/noticias/2014/08/30/top-5-aponta-os-melhores-episodios-de-chaves-confira-79130.php after 3 attempts, skipping...
[ERROR - 2025-10-22 10:42:17,565 - Worker_4] Status code == 403 for http://noticias.uol.com.br/meio-ambiente/album/2014/04/16/novas-especies-2014.htm?abrefoto=18, skipping...
[ERROR - 2025-10-22 10:42:23,788 - Worker_2] Status code == 403 for http://noticias.uol.com.br/ultimas-noticias/bbc/2014/08/31/grupo-encontra-ouro-escondido-em-praia-britanica.htm, skipping...
[INFO - 2025-10-22 10:42:56,038 - MainThread] Processed 2475 links - 1632/2475 succeeded (65.9%).
[INFO - 2025-10-22 10:42:56,038 - MainThread] Total time taken to complete: 86min
