[INFO - 2026-03-03 11:46:37,994 - MainThread] 4 file(s) to process.
[INFO - 2026-03-03 11:46:37,996 - MainThread] 4017 links from 'out/uol_links/2022/1-2022.txt'.
[INFO - 2026-03-03 11:46:38,013 - MainThread] 139 links from 'out/uol_links/2022/4-2022.txt'.
[INFO - 2026-03-03 11:46:38,015 - MainThread] 3530 links from 'out/uol_links/2022/3-2022.txt'.
[INFO - 2026-03-03 11:46:38,031 - MainThread] 3378 links from 'out/uol_links/2022/2-2022.txt'.
[ERROR - 2026-03-03 11:46:55,788 - Worker_0] Status code == 403 for https://economia.uol.com.br/todos-a-bordo/2022/01/01/aviao-fuga-missil-velocidade.htm, skipping...
[ERROR - 2026-03-03 11:47:00,137 - Worker_0] Status code == 403 for https://noticias.uol.com.br/cotidiano/ultimas-noticias/2022/01/01/crianca-pai-morrem-carro-cair-de-ponte-mg.htm, skipping...
[ERROR - 2026-03-03 11:47:00,287 - Worker_4] Status code == 403 for https://noticias.uol.com.br/colunas/coluna-entendendo-bolsonaro/2022/01/01/duelo-lula-bolsonaro-ecoa-luta-contra-o-fascismo-na-franca-de-20-anos-atras.htm, skipping...
[ERROR - 2026-03-03 11:47:02,092 - Worker_3] Status code == 403 for https://noticias.uol.com.br/ultimas-noticias/ansa/2022/01/01/morre-o-italiano-calisto-tanzi-fundador-da-parmalat.htm, skipping...
[ERROR - 2026-03-03 11:47:06,409 - Worker_3] Status code == 403 for https://noticias.uol.com.br/saude/ultimas-noticias/redacao/2022/01/01/covid-19-coronavirus-casos-mortes-01-de-janeiro.htm, skipping...
[ERROR - 2026-03-03 11:47:09,237 - Worker_2] Status code == 403 for https://noticias.uol.com.br/ultimas-noticias/agencia-estado/2022/01/01/sem-show-e-com-tempo-chuvoso-no-rio-comlurb-recolheu-50-menos-lixo-no-reveillon.htm, skipping...
[ERROR - 2026-03-03 11:47:14,189 - Worker_1] Status code == 403 for https://noticias.uol.com.br/saude/ultimas-noticias/redacao/2022/01/01/sanitarista-critica-autorizacao-de-cruzeiros-na-pandemia-fora-de-questao.htm, skipping...
[ERROR - 2026-03-03 11:47:15,853 - Worker_2] Status code == 403 for https://noticias.uol.com.br/politica/ultimas-noticias/2022/01/01/canditados-eleicoes-2022-presidencia.htm, skipping...
[ERROR - 2026-03-03 11:47:20,198 - Worker_2] Status code == 403 for https://noticias.uol.com.br/politica/ultimas-noticias/2022/01/01/assessor-especial-de-bolsonaro-expoe-aglomeracao-de-presidente-em-video.htm, skipping...
[ERROR - 2026-03-03 11:47:24,250 - Worker_0] Status code == 403 for https://noticias.uol.com.br/colunas/jose-luiz-portella/2022/01/01/o-feliz-ano-novo-que-o-brasil-precisa-as-mudancas-necessarias.htm, skipping...
[ERROR - 2026-03-03 11:47:27,697 - Worker_3] Status code == 403 for https://noticias.uol.com.br/ultimas-noticias/afp/2022/01/01/explosao-de-gas-deixa-4-mortos-na-belgica.htm, skipping...
[ERROR - 2026-03-03 11:47:31,024 - Worker_2] Status code == 403 for https://noticias.uol.com.br/ultimas-noticias/agencia-brasil/2022/01/01/prefeitura-de-sao-paulo-autoriza-696-desfiles-de-rua-no-carnaval-2022.htm, skipping...
[ERROR - 2026-03-03 11:47:36,697 - Worker_3] Status code == 403 for https://noticias.uol.com.br/cotidiano/ultimas-noticias/2022/01/01/mulher-morre-presa-embaixo-de-carro-durante-enxurrada-no-interior-de-sp.htm, skipping...
[ERROR - 2026-03-03 11:47:39,713 - Worker_2] Status code == 403 for https://noticias.uol.com.br/ultimas-noticias/afp/2022/01/01/duas-pessoas-seguem-desaparecidas-apos-incendios-no-oeste-dos-eua.htm, skipping...
[ERROR - 2026-03-03 11:47:43,981 - Worker_1] Status code == 403 for https://tab.uol.com.br/colunas/lidia-zuin/2022/01/01/o-morde-e-assopra-das-playlists-lo-fi-hip-hop-e-dos-videos-pov.htm, skipping...
[ERROR - 2026-03-03 11:47:47,477 - Worker_0] Status code == 403 for https://noticias.uol.com.br/ultimas-noticias/deutschewelle/2022/01/01/franca-ve-queda-em-numero-de-carros-incendiados-no-ano-novo.htm, skipping...
[ERROR - 2026-03-03 11:47:52,560 - Worker_1] Status code == 403 for https://noticias.uol.com.br/cotidiano/ultimas-noticias/2022/01/01/minas-gerais-segue-com-124-municipios-em-situacao-de-emergencia.htm, skipping...
[ERROR - 2026-03-03 11:48:00,006 - Worker_2] Status code == 403 for https://noticias.uol.com.br/cotidiano/ultimas-noticias/2022/01/02/rodovias-volta-reveillon.htm, skipping...
[ERROR - 2026-03-03 11:48:02,694 - Worker_3] Status code == 403 for https://noticias.uol.com.br/cotidiano/ultimas-noticias/2022/01/02/anvisa-festa-virada-navio-surto-covid-19.htm, skipping...
[ERROR - 2026-03-03 11:48:03,627 - Worker_4] Status code == 404 for https://www.uol.com.br/esporte/futebol/ultimas-noticias/2022/01/02/miranda-diz-que-teve-medo-de-rebaixamento-no-sao-paulo-fiquei-preocupado.htm?asasas, skipping...
[ERROR - 2026-03-03 11:48:05,671 - Worker_1] Status code == 403 for https://noticias.uol.com.br/ultimas-noticias/bbc/2022/01/02/sul-coreano-atravessa-fronteira-armada-em-rara-fuga-para-a-coreia-do-norte.htm, skipping...
[ERROR - 2026-03-03 11:48:12,789 - Worker_4] Status code == 403 for https://noticias.uol.com.br/colunas/jose-luiz-portella/2022/01/02/lula-esta-cometendo-o-erro-do-ja-ganhou.htm, skipping...
[ERROR - 2026-03-03 11:48:14,511 - Worker_1] Status code == 403 for https://noticias.uol.com.br/colunas/coluna-entendendo-bolsonaro/2022/01/01/duelo-lula-bolsonaro-ecoa-luta-contra-o-fascismo-na-franca-de-20-anos-atras.htm, skipping...
[ERROR - 2026-03-03 11:48:24,023 - Worker_0] Status code == 403 for https://noticias.uol.com.br/cotidiano/ultimas-noticias/2022/01/02/acoes-novo-cangaco-r-160-milhoes-46-mortes-2021.htm, skipping...
[ERROR - 2026-03-03 11:48:31,509 - Worker_2] Status code == 403 for https://noticias.uol.com.br/internacional/ultimas-noticias/2022/01/02/fenomeno-causa-chuva-de-peixes-em-cidade-dos-eua.htm, skipping...
[ERROR - 2026-03-03 11:48:32,485 - Worker_1] Status code == 403 for https://noticias.uol.com.br/saude/ultimas-noticias/redacao/2022/01/01/flurona-israel-covid-e-influenza.htm, skipping...
[ERROR - 2026-03-03 11:48:36,278 - Worker_3] Status code == 403 for https://noticias.uol.com.br/cotidiano/ultimas-noticias/2022/01/02/mg-registra-novo-foco-de-enchente-e-total-de-desalojados-sobe-para-13-mil.htm, skipping...
[ERROR - 2026-03-03 11:48:37,572 - Worker_4] Status code == 403 for https://noticias.uol.com.br/cotidiano/ultimas-noticias/2022/01/02/vencedor-da-mega-no-rj-fez-aposta-simples-e-levou-sozinho-metade-do-premio.htm, skipping...
[ERROR - 2026-03-03 11:48:41,709 - Worker_4] Status code == 403 for https://noticias.uol.com.br/ultimas-noticias/bbc/2022/01/02/mapas-mostram-disputas-territoriais-ativas-nos-paises-da-america-latina--inclusive-no-brasil.htm, skipping...
[ERROR - 2026-03-03 11:48:44,575 - Worker_0] Status code == 403 for https://noticias.uol.com.br/colunas/josmar-jozino/2022/01/02/pcc-sargento-preso-e-peca-chave-para-esclarecer-serie-de-mortes-no-tatuape.htm, skipping...
[ERROR - 2026-03-03 11:49:03,661 - Worker_3] Status code == 403 for https://noticias.uol.com.br/saude/ultimas-noticias/redacao/2022/01/02/covid-19-coronavirus-casos-mortes-02-de-janeiro.htm, skipping...
[ERROR - 2026-03-03 11:49:09,287 - Worker_2] Status code == 403 for https://noticias.uol.com.br/cotidiano/ultimas-noticias/2022/01/02/cadela-fogos-de-artificio-goias.htm, skipping...
[ERROR - 2026-03-03 11:49:13,645 - Worker_2] Status code == 403 for https://noticias.uol.com.br/politica/ultimas-noticias/2022/01/02/pelo-setimo-dia-seguido-bolsonaro-publica-videos-de-folga-na-praia-em-sc.htm, skipping...
[ERROR - 2026-03-03 11:49:17,823 - Worker_2] Status code == 403 for https://tab.uol.com.br/noticias/redacao/2022/01/02/do-luxo-ao-breu-maksoud-plaza-vira-predio-fantasma-em-pleno-reveillon.htm, skipping...
[ERROR - 2026-03-03 11:49:22,244 - Worker_4] Status code == 403 for https://noticias.uol.com.br/cotidiano/ultimas-noticias/2022/01/03/carnaval-vai-ter-que-ter-regra-sanitaria-diz-secretario-de-saude-do-rio.htm, skipping...
[ERROR - 2026-03-03 11:49:38,730 - Worker_0] Status code == 403 for https://noticias.uol.com.br/cotidiano/ultimas-noticias/2022/01/03/marido-suspeito-matar-jornalista-a-tiros-bahia.htm, skipping...
[ERROR - 2026-03-03 11:49:40,461 - Worker_1] Status code == 403 for https://noticias.uol.com.br/ultimas-noticias/2022/01/03/quina-tem-premio-de-r-75-milhoes-veja-os-numeros-sorteados-hoje.htm, skipping...
[ERROR - 2026-03-03 11:49:43,509 - Worker_4] Status code == 403 for https://noticias.uol.com.br/ultimas-noticias/afp/2022/01/03/confrontos-entre-eln-e-dissidencias-das-farc-deixam-ao-menos-16-mortos-na-colombia.htm, skipping...
[ERROR - 2026-03-03 11:49:43,774 - Worker_3] Status code == 403 for https://noticias.uol.com.br/politica/ultimas-noticias/2022/01/03/bolsonaro-faz-exames-em-hospital-de-sp-por-suspeita-de-obstrucao-intestinal.htm, skipping...
[ERROR - 2026-03-03 11:49:52,519 - Worker_3] Status code == 403 for https://noticias.uol.com.br/saude/ultimas-noticias/redacao/2022/01/03/covid-19-coronavirus-casos-mortes-03-de-janeiro.htm, skipping...
[ERROR - 2026-03-03 11:49:52,585 - Worker_2] Status code == 403 for https://noticias.uol.com.br/cotidiano/ultimas-noticias/2022/01/03/dono-de-loterica-comemora-mega-da-virada-chorei-feito-crianca.htm, skipping...
[ERROR - 2026-03-03 11:49:54,449 - Worker_4] Status code == 403 for https://noticias.uol.com.br/colunas/leonardo-sakamoto/2022/01/03/nova-internacao-de-bolsonaro-mostra-que-facada-segue-peca-chave-da-eleicao.htm, skipping...
[ERROR - 2026-03-03 11:50:52,478 - Worker_2] Status code == 403 for https://noticias.uol.com.br/colunas/balaio-do-kotscho/2022/01/03/pelo-andar-da-carruagem-lula-corre-o-risco-de-vencer-esta-eleicao-por-wo.htm, skipping...
[ERROR - 2026-03-03 11:50:57,448 - Worker_4] Status code == 403 for https://noticias.uol.com.br/saude/ultimas-noticias/redacao/2022/01/03/anvisa-explosao-casos-covid-cruzeiros.htm, skipping...
[ERROR - 2026-03-03 11:51:04,415 - Worker_1] Status code == 403 for https://tab.uol.com.br/noticias/redacao/2022/01/02/do-luxo-ao-breu-maksoud-plaza-vira-predio-fantasma-em-pleno-reveillon.htm, skipping...
[ERROR - 2026-03-03 11:51:08,535 - Worker_1] Status code == 403 for https://noticias.uol.com.br/ultimas-noticias/bbc/2022/01/04/elizabeth-holmes-steve-jobs-queridinha-crimes-de-conspiracao.htm, skipping...
[ERROR - 2026-03-03 11:51:08,911 - Worker_0] Status code == 403 for https://noticias.uol.com.br/colunas/olga-curado/2022/01/03/bolsonaro-tenta-comover-mas-so-mostra-o-preco-por-excessos-nas-ferias.htm, skipping...
[ERROR - 2026-03-03 11:51:09,596 - Worker_3] Status code == 403 for https://noticias.uol.com.br/colunas/mauricio-stycer/2022/01/04/record-tv-promove-danca-das-cadeiras-no-comando-do-jornalismo.htm, skipping...
[ERROR - 2026-03-03 11:51:12,601 - Worker_4] Status code == 403 for https://noticias.uol.com.br/cotidiano/ultimas-noticias/2022/01/04/hospedes-brigam-e-alemao-e-nocauteado-em-saguao-de-hotel-de-luxo-no-rio.htm, skipping...
[ERROR - 2026-03-03 11:51:12,643 - Worker_1] Status code == 403 for https://noticias.uol.com.br/colunas/maria-carolina-trevisan/2022/01/04/cuca-um-heroi-engasgado-na-garganta-de-boa-parte-dos-torcedores-do-galo.htm, skipping...
[ERROR - 2026-03-03 11:51:16,299 - Worker_2] Status code == 403 for https://noticias.uol.com.br/ultimas-noticias/efe/2022/01/04/pesquisadores-franceses-identificam-nova-variante-da-covid-19-denominada-ihu.htm, skipping...
[ERROR - 2026-03-03 11:51:20,623 - Worker_2] Status code == 403 for https://noticias.uol.com.br/saude/ultimas-noticias/redacao/2022/01/04/covid-19-coronavirus-casos-mortes-04-de-janeiro.htm, skipping...
[ERROR - 2026-03-03 11:51:29,091 - Worker_3] Status code == 403 for https://noticias.uol.com.br/politica/ultimas-noticias/2022/01/04/bolsonaro-tem-sonda-retirada-mas-continua-sem-previsao-de-alta.htm, skipping...
[ERROR - 2026-03-03 11:51:30,760 - Worker_1] Status code == 403 for https://noticias.uol.com.br/colunas/chico-alves/2022/01/04/negacionistas-de-queiroga-sao-humilhados-por-cientistas-em-audiencia.htm, skipping...
[ERROR - 2026-03-03 11:51:33,304 - Worker_3] Status code == 403 for https://noticias.uol.com.br/ultimas-noticias/agencia-estado/2022/01/04/abner-ferreira-nenhum-candidato-sera-demonizado.htm, skipping...
[ERROR - 2026-03-03 11:51:39,617 - Worker_1] Status code == 403 for https://noticias.uol.com.br/ultimas-noticias/reuters/2022/01/04/militar-paraguaio-e-morto-por-cervo-no-palacio-presidencial.htm, skipping...
[ERROR - 2026-03-03 11:51:39,756 - Worker_0] Status code == 403 for https://noticias.uol.com.br/ultimas-noticias/reuters/2022/01/04/em-meio-a-surto-da-omicron-primeiro-ministro-britanico-resiste-a-novo-lockdown.htm, skipping...
[ERROR - 2026-03-03 11:51:43,791 - Worker_4] Status code == 403 for https://noticias.uol.com.br/colunas/coluna-entendendo-bolsonaro/2022/01/04/ao-politizar-facada-bolsonaro-produz-um-ruido-conveniente.htm, skipping...
[ERROR - 2026-03-03 11:51:44,087 - Worker_0] Status code == 403 for https://noticias.uol.com.br/colunas/chico-alves/2022/01/04/salto-alto-do-pt-e-obstaculo-a-alianca-dizem-politicos-do-psb.htm, skipping...
[ERROR - 2026-03-03 11:51:46,364 - Worker_2] Status code == 403 for https://noticias.uol.com.br/cotidiano/ultimas-noticias/2022/01/02/acoes-novo-cangaco-r-160-milhoes-46-mortes-2021.htm, skipping...
[ERROR - 2026-03-03 11:51:46,577 - Worker_3] Status code == 403 for https://noticias.uol.com.br/internacional/ultimas-noticias/2022/01/04/brasileiro-forja-identidade-e-trabalha-como-comissario-por-23-anos-nos-eua.htm, skipping...
[ERROR - 2026-03-03 11:51:50,652 - Worker_1] Status code == 403 for https://noticias.uol.com.br/ultimas-noticias/bbc/2022/01/04/caes-guardas-chernobyl.htm, skipping...
[ERROR - 2026-03-03 11:51:51,189 - Worker_3] Status code == 403 for https://tab.uol.com.br/noticias/redacao/2022/01/04/com-milhoes-de-views-videos-de-faxina-sensual-se-espalham-pelo-youtube.htm, skipping...
[ERROR - 2026-03-03 11:51:55,517 - Worker_3] Status code == 403 for https://noticias.uol.com.br/internacional/ultimas-noticias/2022/01/04/homem-morre-vulcao-havai.htm, skipping...
[ERROR - 2026-03-03 11:51:57,880 - Worker_0] Status code == 403 for https://noticias.uol.com.br/ultimas-noticias/agencia-brasil/2022/01/04/ministerio-publico-pede-a-justica-falencia-do-grupo-itapemirim.htm, skipping...
[ERROR - 2026-03-03 11:52:02,154 - Worker_3] Status code == 403 for https://noticias.uol.com.br/colunas/felipe-moura-brasil/2022/01/04/o-desabafo-da-filha-do-medico-de-bolsonaro.htm, skipping...
[ERROR - 2026-03-03 11:52:12,939 - Worker_1] Status code == 403 for https://noticias.uol.com.br/internacional/ultimas-noticias/2022/01/03/mulher-improvisa-mascara-argentina.htm, skipping...
[ERROR - 2026-03-03 11:52:17,184 - Worker_1] Status code == 403 for https://noticias.uol.com.br/politica/ultimas-noticias/2022/01/04/governo-diz-que-zerou-fila-de-espera-de-2021-para-acesso-ao-auxilio-brasil.htm, skipping...
[ERROR - 2026-03-03 11:52:22,247 - Worker_2] Status code == 403 for https://noticias.uol.com.br/cotidiano/ultimas-noticias/2022/01/04/racismo-maranhao-casal-espancou-jovem-e-o-acusou-de-roubar-o-proprio-carro.htm, skipping...
[ERROR - 2026-03-03 11:52:37,060 - Worker_0] Status code == 403 for https://noticias.uol.com.br/ultimas-noticias/bbc/2022/01/04/quem-e-a-rainha-brasileira-da-suecia-que-esta-com-covid-19.htm, skipping...
[ERROR - 2026-03-03 11:52:43,112 - Worker_1] Status code == 403 for https://noticias.uol.com.br/cotidiano/ultimas-noticias/2022/01/04/mulher-morta-por-marido-na-ba-levou-3-tiros-na-cabeca-e-1-no-torax.htm, skipping...
[ERROR - 2026-03-03 11:52:43,830 - Worker_0] Status code == 403 for https://tab.uol.com.br/noticias/redacao/2022/01/02/do-luxo-ao-breu-maksoud-plaza-vira-predio-fantasma-em-pleno-reveillon.htm, skipping...
[ERROR - 2026-03-03 11:52:45,696 - Worker_3] Status code == 403 for https://noticias.uol.com.br/ultimas-noticias/agencia-estado/2022/01/04/pericia-confirma-maus-tratos-contra-bufalos-de-fazenda-em-brotas.htm, skipping...
[ERROR - 2026-03-03 11:52:48,671 - Worker_4] Status code == 403 for https://noticias.uol.com.br/cotidiano/ultimas-noticias/2022/01/04/chuvas-elevam-nivel-dos-rios-e-deixam-centenas-de-desabrigados-no-maranhao.htm, skipping...
[ERROR - 2026-03-03 11:52:52,731 - Worker_2] Status code == 403 for https://noticias.uol.com.br/cotidiano/ultimas-noticias/2022/01/05/chuva-destroi-cidade-do-ma-a-gente-esta-meio-que-atordoado-diz-prefeita.htm, skipping...
[ERROR - 2026-03-03 11:52:57,698 - Worker_4] Status code == 403 for https://noticias.uol.com.br/cotidiano/ultimas-noticias/2022/01/04/hospedes-brigam-e-alemao-e-nocauteado-em-saguao-de-hotel-de-luxo-no-rio.htm, skipping...
[ERROR - 2026-03-03 11:53:03,714 - Worker_3] Status code == 403 for https://noticias.uol.com.br/saude/ultimas-noticias/redacao/2022/01/05/covid-19-coronavirus-casos-mortes-05-de-janeiro.htm, skipping...
[ERROR - 2026-03-03 11:53:06,219 - Worker_4] Status code == 403 for https://tab.uol.com.br/noticias/redacao/2022/01/05/tommy-nao-se-usa-com-lacoste-o-empresario-que-dita-o-estilo-de-funkeiros.htm, skipping...
[ERROR - 2026-03-03 11:53:17,035 - Worker_0] Status code == 403 for https://noticias.uol.com.br/colunas/balaio-do-kotscho/2022/01/05/bolsonaro-nega-ferias-e-politizacao-do-show-da-facada-em-ano-eleitoral.htm, skipping...
[ERROR - 2026-03-03 11:53:17,849 - Worker_1] Status code == 403 for https://noticias.uol.com.br/colunas/walter-maierovitch/2022/01/05/vacinacao-de-criancas-queiroga-da-para-tras.htm, skipping...
[ERROR - 2026-03-03 11:53:20,311 - Worker_2] Status code == 403 for https://noticias.uol.com.br/politica/ultimas-noticias/2022/01/05/franca-cita-calca-apertada-ao-falar-de-adversarios-apos-operacao.htm, skipping...
[ERROR - 2026-03-03 11:53:20,621 - Worker_4] Status code == 403 for https://noticias.uol.com.br/cotidiano/ultimas-noticias/2022/01/05/produtor-hotel-hilton-racismo.htm, skipping...
[ERROR - 2026-03-03 11:53:24,635 - Worker_2] Status code == 403 for https://noticias.uol.com.br/colunas/leonardo-sakamoto/2022/01/05/bolsonaro-fugiu-da-bahia-e-caiu-na-farra-mas-insiste-que-nao-tira-ferias.htm, skipping...
[ERROR - 2026-03-03 11:53:28,499 - Worker_3] Status code == 403 for https://noticias.uol.com.br/cotidiano/ultimas-noticias/2022/01/05/rio-mergulhador-acha-corpo-em-canal-na-barra-da-tijuca-policia-investiga.htm, skipping...
[ERROR - 2026-03-03 11:53:33,861 - Worker_1] Status code == 403 for https://tab.uol.com.br/noticias/redacao/2022/01/04/com-milhoes-de-views-videos-de-faxina-sensual-se-espalham-pelo-youtube.htm, skipping...
[ERROR - 2026-03-03 11:53:37,712 - Worker_0] Status code == 403 for https://noticias.uol.com.br/colunas/walter-maierovitch/2022/01/05/a-jogatina-vem-forte-2022-legalizacao-a-vista.htm, skipping...
[ERROR - 2026-03-03 11:53:38,991 - Worker_3] Status code == 403 for https://noticias.uol.com.br/confere/ultimas-noticias/2022/01/05/video-falso-protesto-contra-lula-em-recife.htm, skipping...
[ERROR - 2026-03-03 11:53:44,238 - Worker_1] Status code == 403 for https://noticias.uol.com.br/colunas/jose-luiz-portella/2022/01/05/o-terrorismo-fiscal-vai-liquidar-os-mais-pobres-e-o-crescimento-do-pais.htm, skipping...
[ERROR - 2026-03-03 11:53:54,426 - Worker_4] Status code == 403 for https://noticias.uol.com.br/saude/ultimas-noticias/redacao/2022/01/05/vacinacao-infantil-sp-doria.htm, skipping...
[ERROR - 2026-03-03 11:53:55,566 - Worker_2] Status code == 403 for https://noticias.uol.com.br/ultimas-noticias/2022/01/05/mega-sena-numeros-sao-sorteados-para-o-premio-de-r-27-milhoes.htm, skipping...
[ERROR - 2026-03-03 11:53:57,445 - Worker_1] Status code == 403 for https://noticias.uol.com.br/saude/ultimas-noticias/redacao/2022/01/05/rio-positividade-covid.htm, skipping...
[ERROR - 2026-03-03 11:53:58,554 - Worker_4] Status code == 403 for https://noticias.uol.com.br/colunas/felipe-moura-brasil/2022/01/04/o-desabafo-da-filha-do-medico-de-bolsonaro.htm, skipping...
[ERROR - 2026-03-03 11:54:08,472 - Worker_1] Status code == 403 for https://noticias.uol.com.br/colunas/olga-curado/2022/01/05/bolsonaro-testa-pose-de-perseguido-para-a-eleicao-ser-vitima-nao-colou.htm, skipping...
[ERROR - 2026-03-03 11:54:12,326 - Worker_4] Status code == 403 for https://noticias.uol.com.br/politica/ultimas-noticias/2022/01/05/lula-solidariedade-marcio-franca.htm, skipping...
[ERROR - 2026-03-03 11:54:16,450 - Worker_4] Status code == 403 for https://noticias.uol.com.br/cotidiano/ultimas-noticias/2022/01/05/passageiro-de-onibus-e-preso-suspeito-de-tocar-genitalia-de-jovem-em-goias.htm, skipping...
[ERROR - 2026-03-03 11:54:17,887 - Worker_0] Status code == 403 for https://noticias.uol.com.br/cotidiano/ultimas-noticias/2022/01/05/motorista-atropela-clientes-to.htm, skipping...
[ERROR - 2026-03-03 11:54:23,745 - Worker_1] Status code == 403 for https://noticias.uol.com.br/colunas/tales-faria/2022/01/05/sete-criancas-podem-ter-morrido-por-covid-desde-que-anvisa-liberou-vacina.htm, skipping...
[ERROR - 2026-03-03 11:54:28,639 - Worker_0] Status code == 403 for https://noticias.uol.com.br/cotidiano/ultimas-noticias/2022/01/05/homem-preso-na-bahia-apos-matar-mulher-no-natal.htm, skipping...
[ERROR - 2026-03-03 11:54:32,745 - Worker_0] Status code == 403 for https://noticias.uol.com.br/saude/ultimas-noticias/redacao/2022/01/05/ministerio-da-saude-vacinacao-de-criancas-contra-covid-19.htm, skipping...
[ERROR - 2026-03-03 11:54:35,628 - Worker_3] Status code == 403 for https://noticias.uol.com.br/politica/ultimas-noticias/2022/01/05/presidente-esta-curado-e-pronto-para-o-trabalho-diz-medico.htm, skipping...
[ERROR - 2026-03-03 11:54:36,845 - Worker_0] Status code == 403 for https://noticias.uol.com.br/colunas/mauricio-stycer/2022/01/05/em-nota-vaga-twitter-nao-explica-falha-no-combate-a-fake-news-sobre-vacina.htm, skipping...
[ERROR - 2026-03-03 11:54:39,577 - Worker_2] Status code == 403 for https://noticias.uol.com.br/cotidiano/ultimas-noticias/2022/01/05/hotel-hospede-nocauteado.htm, skipping...
[ERROR - 2026-03-03 11:54:44,186 - Worker_1] Status code == 403 for https://noticias.uol.com.br/cotidiano/ultimas-noticias/2022/01/05/operacao-bombeiros-piquete-sp.htm, skipping...
[ERROR - 2026-03-03 11:54:50,123 - Worker_3] Status code == 403 for https://tab.uol.com.br/noticias/redacao/2022/01/06/a-gente-nao-sabia-dos-contaminados-diz-passageiro-do-navio-preziosa.htm, skipping...
[ERROR - 2026-03-03 11:54:52,821 - Worker_2] Status code == 403 for https://noticias.uol.com.br/cotidiano/ultimas-noticias/2022/01/06/mega-da-virada-vencedor-com-aposta-simples-retira-premio-de-r-189-milhoes.htm, skipping...
[ERROR - 2026-03-03 11:54:56,930 - Worker_2] Status code == 403 for https://noticias.uol.com.br/colunas/josmar-jozino/2022/01/06/2012-o-ano-em-que-o-pcc-matou-106-policiais-militares-no-estado-de-sp.htm, skipping...
[ERROR - 2026-03-03 11:55:09,471 - Worker_0] Status code == 403 for https://noticias.uol.com.br/saude/ultimas-noticias/redacao/2022/01/06/brasil-tem-primeira-morte-confirmada-pela-variante-omicron-da-covid-19.htm, skipping...
[ERROR - 2026-03-03 11:55:18,320 - Worker_3] Status code == 403 for https://noticias.uol.com.br/cotidiano/ultimas-noticias/2022/01/06/pms-fardados-e-em-servico-beijam-mulheres-na-saida-de-boate-no-df.htm, skipping...
[ERROR - 2026-03-03 11:55:24,334 - Worker_1] Status code == 403 for https://noticias.uol.com.br/ultimas-noticias/afp/2022/01/06/conflitos-no-cazaquistao-deixam-dezenas-de-mortos-e-mais-de-mil-feridos.htm, skipping...
[ERROR - 2026-03-03 11:55:25,630 - Worker_2] Status code == 403 for https://tab.uol.com.br/noticias/redacao/2022/01/06/brejo-chique-um-reveillon-lamacento-em-paraty.htm, skipping...
[ERROR - 2026-03-03 11:55:35,245 - Worker_1] Status code == 403 for https://noticias.uol.com.br/cotidiano/ultimas-noticias/2022/01/05/produtor-hotel-hilton-racismo.htm, skipping...
[ERROR - 2026-03-03 11:55:37,186 - Worker_0] Status code == 403 for https://noticias.uol.com.br/saude/ultimas-noticias/redacao/2022/01/06/amparo-alta-covid-19-decreta-quarentena.htm, skipping...
[ERROR - 2026-03-03 11:55:43,030 - Worker_2] Status code == 403 for https://educacao.uol.com.br/noticias/2022/01/06/servidores-inep-trabalho-remoto-covid-19.htm, skipping...
[ERROR - 2026-03-03 11:55:47,446 - Worker_2] Status code == 403 for https://noticias.uol.com.br/ultimas-noticias/afp/2022/01/06/veiculo-com-corpos-e-encontrado-fora-da-sede-do-governo-local-no-norte-do-mexico.htm, skipping...
[ERROR - 2026-03-03 11:55:51,227 - Worker_1] Status code == 403 for https://noticias.uol.com.br/saude/ultimas-noticias/redacao/2022/01/06/bolsonaro-chama-anvisa-de-dona-da-verdade-e-reclama-virou-outro-poder.htm, skipping...
[ERROR - 2026-03-03 11:55:51,775 - Worker_2] Status code == 403 for https://noticias.uol.com.br/saude/ultimas-noticias/redacao/2022/01/06/covid-19-coronavirus-casos-mortes-06-de-janeiro.htm, skipping...
[ERROR - 2026-03-03 11:55:55,014 - Worker_0] Status code == 403 for https://noticias.uol.com.br/internacional/ultimas-noticias/2022/01/06/peixe-com-maos-e-encontrado-na-australia-pela-primeira-vez-em-20-anos.htm, skipping...
[ERROR - 2026-03-03 11:55:55,526 - Worker_3] Status code == 403 for https://noticias.uol.com.br/colunas/rubens-valente/2022/01/06/representacao-outdoors-bolsonaro-propaganda-eleitoral.htm, skipping...
[ERROR - 2026-03-03 11:55:56,080 - Worker_2] Status code == 403 for https://noticias.uol.com.br/colunas/ronilso-pacheco/2022/01/06/ataque-ao-capitolio-5-licoes-para-o-brasil-em-ano-eleitoral.htm, skipping...
[ERROR - 2026-03-03 11:55:59,853 - Worker_3] Status code == 403 for https://noticias.uol.com.br/politica/ultimas-noticias/2022/01/06/ibge-post-sobre-camarao-foi-coincidencia-infeliz-apo-alta-de-bolsonaro.htm, skipping...
[ERROR - 2026-03-03 11:56:00,861 - Worker_4] Status code == 403 for https://noticias.uol.com.br/ultimas-noticias/bbc/2022/01/06/o-que-explica-a-passagem-de-tornado-por-santa-catarina.htm, skipping...
[ERROR - 2026-03-03 11:56:03,591 - Worker_1] Status code == 403 for https://noticias.uol.com.br/saude/ultimas-noticias/redacao/2022/01/06/covid-florianopolis-suspende-ferias-profissionais-saude.htm, skipping...
[ERROR - 2026-03-03 11:56:09,382 - Worker_4] Status code == 403 for https://noticias.uol.com.br/colunas/coluna-entendendo-bolsonaro/2022/01/05/vacinacao-infantil-e-o-primeiro-teste-de-fogo-do-stf-em-2022.htm, skipping...
[ERROR - 2026-03-03 11:56:10,806 - Worker_3] Status code == 403 for https://noticias.uol.com.br/colunas/balaio-do-kotscho/2022/01/06/antes-ele-nao-tivesse-voltado-das-ferias-vacinacao-infantil-esta-ameacada.htm, skipping...
[ERROR - 2026-03-03 11:56:17,233 - Worker_3] Status code == 403 for https://noticias.uol.com.br/cotidiano/ultimas-noticias/2022/01/06/chuva-alaga-casas-e-interdita-rodovias-no-sul-de-minas-gerais.htm, skipping...
[ERROR - 2026-03-03 11:56:46,892 - Worker_3] Status code == 403 for https://noticias.uol.com.br/ultimas-noticias/afp/2022/01/06/chile-comecara-a-aplicar-4-dose-de-vacina-anticovid-na-2-feira.htm, skipping...
[ERROR - 2026-03-03 11:56:57,295 - Worker_4] Status code == 403 for https://noticias.uol.com.br/colunas/mauricio-stycer/2022/01/05/jn-ignora-fala-de-bolsonaro-sobre-ferias-e-o-desmente-com-imagens.htm, skipping...
[ERROR - 2026-03-03 11:56:57,600 - Worker_2] Status code == 403 for https://noticias.uol.com.br/colunas/chico-alves/2022/01/05/jair-bolsonaro-faz-politica-no-hospital-e-na-policia-federal.htm, skipping...
[ERROR - 2026-03-03 11:57:00,358 - Worker_0] Status code == 403 for https://noticias.uol.com.br/cotidiano/ultimas-noticias/2022/01/06/gata-do-157-suspeita-de-roubo-fratura-pernas-durante-perseguicao.htm, skipping...
[ERROR - 2026-03-03 11:57:01,059 - Worker_1] Status code == 403 for https://noticias.uol.com.br/ultimas-noticias/bbc/2022/01/06/padre-julio-lancellotti-o-que-e-a-arquitetura-antipobres-denunciada-por-religioso-em-sao-paulo.htm, skipping...
[ERROR - 2026-03-03 11:57:01,929 - Worker_2] Status code == 403 for https://noticias.uol.com.br/cotidiano/ultimas-noticias/2022/01/07/mae-torturada-com-oleo-quente-e-liberada-de-carcere-privado-no-es.htm, skipping...
[ERROR - 2026-03-03 11:57:06,117 - Worker_2] Status code == 403 for https://tab.uol.com.br/noticias/redacao/2022/01/06/a-gente-nao-sabia-dos-contaminados-diz-passageiro-do-navio-preziosa.htm, skipping...
[ERROR - 2026-03-03 11:57:25,911 - Worker_3] Status code == 403 for https://tab.uol.com.br/noticias/redacao/2022/01/07/aquele-numero-e-meu-filho-maes-falam-de-suas-criancas-mortas-por-covid.htm, skipping...
[ERROR - 2026-03-03 11:57:27,120 - Worker_2] Status code == 403 for https://noticias.uol.com.br/saude/ultimas-noticias/redacao/2022/01/07/pedro-hallal-uol-news.htm, skipping...
[ERROR - 2026-03-03 11:57:43,652 - Worker_3] Status code == 403 for https://noticias.uol.com.br/cotidiano/ultimas-noticias/2022/01/07/menino-morto-acao-pm-coracao.htm, skipping...
[ERROR - 2026-03-03 11:57:48,785 - Worker_0] Status code == 403 for https://noticias.uol.com.br/colunas/mauricio-stycer/2022/01/06/de-editorial-a-omissao-como-a-tv-reagiu-ao-ataque-de-bolsonaro-a-vacinacao.htm, skipping...
[ERROR - 2026-03-03 11:57:52,534 - Worker_3] Status code == 403 for https://noticias.uol.com.br/saude/ultimas-noticias/redacao/2022/01/06/amparo-alta-covid-19-decreta-quarentena.htm, skipping...
[ERROR - 2026-03-03 11:58:10,333 - Worker_2] Status code == 403 for https://noticias.uol.com.br/colunas/leonardo-sakamoto/2022/01/07/bolsonaro-que-da-bilhoes-a-grandes-empresas-veta-apoio-ao-microempresario.htm, skipping...
[ERROR - 2026-03-03 11:58:12,365 - Worker_3] Status code == 403 for https://noticias.uol.com.br/cotidiano/ultimas-noticias/2022/01/07/pms-entraram-atirando-sem-pena-e-sem-do-diz-baba-de-menino-morto-no-rj.htm, skipping...
[ERROR - 2026-03-03 11:58:16,701 - Worker_2] Status code == 403 for https://noticias.uol.com.br/cotidiano/ultimas-noticias/2022/01/07/sao-jose-dos-campos-rescisao-contrato-itapemirim-prazos.htm, skipping...
[ERROR - 2026-03-03 11:58:23,296 - Worker_1] Status code == 403 for https://noticias.uol.com.br/cotidiano/ultimas-noticias/2022/01/07/pastor-evangelico-suspeito-de-estuprar-sobrinha-de-13-anos-e-preso-em-go.htm, skipping...
[ERROR - 2026-03-03 11:58:25,155 - Worker_4] Status code == 403 for https://noticias.uol.com.br/saude/ultimas-noticias/redacao/2022/01/07/covid-idoso-que-morreu-com-omicron-vivia-em-asilo-com-outros-51-infectados.htm, skipping...
[ERROR - 2026-03-03 11:58:25,499 - Worker_2] Status code == 403 for https://noticias.uol.com.br/cotidiano/ultimas-noticias/2022/01/07/nove-casamento-foge-luxo-europa-r-150-mil-bh.htm, skipping...
[ERROR - 2026-03-03 11:58:29,670 - Worker_1] Status code == 403 for https://noticias.uol.com.br/saude/ultimas-noticias/redacao/2022/01/07/fiocruz-previsao-entrega-de-doses-junho-2022.htm, skipping...
[ERROR - 2026-03-03 11:58:55,935 - Worker_2] Status code == 403 for https://noticias.uol.com.br/colunas/andre-santana/2022/01/07/nocaute-no-hilton-qual-a-resposta-ideal-a-violencia-do-racismo.htm, skipping...
[ERROR - 2026-03-03 11:58:56,484 - Worker_3] Status code == 403 for https://noticias.uol.com.br/colunas/walter-maierovitch/2022/01/06/eleicoes-europeias-macron-e-berlusconi-nas-polemicas.htm, skipping...
[ERROR - 2026-03-03 11:59:02,284 - Worker_2] Status code == 403 for https://noticias.uol.com.br/cotidiano/ultimas-noticias/2022/01/07/pms-fardados-beijo-boate.htm, skipping...
[ERROR - 2026-03-03 11:59:03,762 - Worker_4] Status code == 403 for https://noticias.uol.com.br/saude/ultimas-noticias/redacao/2022/01/07/rio-dobro-casos-dezembro-media-recorde.htm, skipping...
[ERROR - 2026-03-03 11:59:11,644 - Worker_0] Status code == 403 for https://noticias.uol.com.br/colunas/leonardo-sakamoto/2022/01/08/bolsonaro-luta-contra-vacinar-criancas-enquanto-esconde-inflacao-da-comida.htm, skipping...
[ERROR - 2026-03-03 11:59:12,629 - Worker_4] Status code == 403 for https://tab.uol.com.br/noticias/redacao/2022/01/06/a-gente-nao-sabia-dos-contaminados-diz-passageiro-do-navio-preziosa.htm, skipping...
[ERROR - 2026-03-03 11:59:13,048 - Worker_1] Status code == 403 for https://noticias.uol.com.br/cotidiano/ultimas-noticias/2022/01/08/liquidacao-do-magalu-no-para-registra-aglomeracao-e-briga.htm, skipping...
[ERROR - 2026-03-03 11:59:20,472 - Worker_2] Status code == 403 for https://noticias.uol.com.br/saude/ultimas-noticias/redacao/2022/01/08/aumento-do-intervalo-entre-as-doses-vacina-covid-criancas.htm, skipping...
[ERROR - 2026-03-03 11:59:31,634 - Worker_1] Status code == 403 for https://noticias.uol.com.br/cotidiano/ultimas-noticias/2022/01/08/capitolio-bombeiros-dizem-procurar-20-desaparecidos-buscas-seguem-a-noite.htm, skipping...
[ERROR - 2026-03-03 11:59:34,861 - Worker_2] Status code == 403 for https://noticias.uol.com.br/videos/2022/01/08/vitimas-de-acidente-em-capitolio-foram-alertadas-sobre-rocha-prestes-a-cair.htm, skipping...
[ERROR - 2026-03-03 11:59:35,734 - Worker_1] Status code == 403 for https://tab.uol.com.br/noticias/redacao/2022/01/07/aquele-numero-e-meu-filho-maes-falam-de-suas-criancas-mortas-por-covid.htm, skipping...
[ERROR - 2026-03-03 11:59:35,948 - Worker_0] Status code == 403 for https://noticias.uol.com.br/saude/ultimas-noticias/redacao/2022/01/07/pedro-hallal-uol-news.htm, skipping...
[ERROR - 2026-03-03 11:59:36,759 - Worker_3] Status code == 403 for https://noticias.uol.com.br/cotidiano/ultimas-noticias/2022/01/08/capitolio-onde-fica-e-quais-as-atracoes-turisticas-no-local-do-acidente.htm, skipping...
[ERROR - 2026-03-03 11:59:38,970 - Worker_2] Status code == 403 for https://noticias.uol.com.br/meio-ambiente/ultimas-noticias/redacao/2022/01/08/mesmo-com-chuvas-de-verao-cantareira-segue-com-cerca-de-14-do-volume.htm, skipping...
[ERROR - 2026-03-03 11:59:40,073 - Worker_0] Status code == 403 for https://noticias.uol.com.br/ultimas-noticias/ansa/2022/01/08/italia-dara-multa-de-ate-15mil-euros-para-nao-vacinados-com-50.htm, skipping...
[ERROR - 2026-03-03 11:59:45,289 - Worker_3] Status code == 403 for https://noticias.uol.com.br/saude/ultimas-noticias/redacao/2022/01/08/aumento-recorde-casos-covid-19-coronavirus-mundo-eua-franca-brasil.htm, skipping...
[ERROR - 2026-03-03 11:59:45,332 - Worker_2] Status code == 403 for https://noticias.uol.com.br/ultimas-noticias/bbc/2022/01/08/como-9-mulheres-escaparam-de-marcha-da-morte-nazista.htm, skipping...
[ERROR - 2026-03-03 11:59:49,434 - Worker_2] Status code == 403 for https://noticias.uol.com.br/colunas/balaio-do-kotscho/2022/01/07/o-que-o-proximo-governo-fara-com-6-mil-militares-aboletados-em-cargos-civis.htm, skipping...
[ERROR - 2026-03-03 11:59:53,241 - Worker_1] Status code == 403 for https://noticias.uol.com.br/cotidiano/ultimas-noticias/2022/01/08/tira-a-lancha-vai-cair-guia-turistico-narra-acidente-em-canyon-em-mg.htm, skipping...
[ERROR - 2026-03-03 11:59:54,019 - Worker_3] Status code == 403 for https://noticias.uol.com.br/cotidiano/ultimas-noticias/2022/01/08/pessoas-foram-lancadas-pelo-fluxo-de-agua-diz-bombeiro-sobre-capitolio.htm, skipping...
[ERROR - 2026-03-03 11:59:58,187 - Worker_3] Status code == 403 for https://noticias.uol.com.br/ultimas-noticias/2022/01/08/mega-sena-premio-hoje-e-de-r-64-milhoes-veja-as-dezenas-sorteadas.htm, skipping...
[ERROR - 2026-03-03 11:59:58,398 - Worker_0] Status code == 403 for https://noticias.uol.com.br/saude/ultimas-noticias/redacao/2022/01/08/lotacao-ubs-covid-sp-influenza.htm, skipping...
[ERROR - 2026-03-03 12:00:06,885 - Worker_3] Status code == 403 for https://noticias.uol.com.br/cotidiano/ultimas-noticias/2022/01/08/marinha-vai-investigar-causas-da-queda-de-canions-em-minas.htm, skipping...
[ERROR - 2026-03-03 12:00:06,923 - Worker_0] Status code == 403 for https://noticias.uol.com.br/cotidiano/ultimas-noticias/2022/01/08/video-veja-momento-em-que-rocha-se-desprende-de-canion-em-capitolio-mg.htm, skipping...
[ERROR - 2026-03-03 12:00:14,757 - Worker_4] Status code == 403 for https://noticias.uol.com.br/ultimas-noticias/afp/2022/01/08/ex-chefe-de-inteligencia-do-cazaquistao-e-preso-por-alta-traicao.htm, skipping...
[ERROR - 2026-03-03 12:00:15,456 - Worker_3] Status code == 403 for https://noticias.uol.com.br/cotidiano/ultimas-noticias/2022/01/08/capitolio-mg-tragedia-expoe-falta-de-monitoramento-dizem-especialistas.htm, skipping...
[ERROR - 2026-03-03 12:00:26,147 - Worker_2] Status code == 403 for https://noticias.uol.com.br/colunas/felipe-moura-brasil/2022/01/08/a-surdez-voluntaria-de-bolsonaro.htm, skipping...
[ERROR - 2026-03-03 12:00:28,813 - Worker_0] Status code == 403 for https://noticias.uol.com.br/saude/ultimas-noticias/redacao/2022/01/08/covid-19-coronavirus-casos-mortes-08-de-janeiro.htm, skipping...
[ERROR - 2026-03-03 12:00:33,211 - Worker_0] Status code == 403 for https://noticias.uol.com.br/cotidiano/ultimas-noticias/2022/01/08/lamentavel-desastre-diz-bolsonaro-sobre-queda-de-rocha-no-capitolio-mg.htm, skipping...
[ERROR - 2026-03-03 12:00:35,300 - Worker_3] Status code == 403 for https://noticias.uol.com.br/cotidiano/ultimas-noticias/2022/01/08/barragem-mina-de-pau-branco-belo-horizonte-chuvas-minas.htm, skipping...
[ERROR - 2026-03-03 12:00:52,388 - Worker_4] Status code == 403 for https://noticias.uol.com.br/cotidiano/ultimas-noticias/2022/01/08/pedras-de-canion-atingem-tres-lanchas-em-capitolio-mg-dizem-bombeiros.htm, skipping...
[ERROR - 2026-03-03 12:00:53,752 - Worker_3] Status code == 403 for https://noticias.uol.com.br/cotidiano/ultimas-noticias/2022/01/08/tinha-umas-15-embarcacoes-voltando-rapidamente-para-ficar-em-area-segura.htm, skipping...
[ERROR - 2026-03-03 12:00:56,565 - Worker_2] Status code == 403 for https://noticias.uol.com.br/colunas/josmar-jozino/2022/01/08/militares-traficaram-drogas-em-avioes-da-fab-30-vezes-diz-informante-a-pf.htm, skipping...
[ERROR - 2026-03-03 12:00:58,995 - Worker_1] Status code == 403 for https://tab.uol.com.br/noticias/redacao/2022/01/08/nao-somos-negacionistas-ato-em-sp-compara-vacinacao-com-nazismo.htm, skipping...
[ERROR - 2026-03-03 12:01:02,899 - Worker_0] Status code == 403 for https://noticias.uol.com.br/colunas/jose-luiz-portella/2022/01/07/bolsonaro-estrela-o-teatro-do-absurdo-e-nos-entramos-na-dele.htm, skipping...
[ERROR - 2026-03-03 12:01:03,313 - Worker_1] Status code == 403 for https://noticias.uol.com.br/colunas/chico-alves/2022/01/08/bolsonaro-que-divulga-cloroquina-e-desaconselha-a-vacina-ficara-impune.htm, skipping...
[ERROR - 2026-03-03 12:01:18,896 - Worker_1] Status code == 403 for https://noticias.uol.com.br/colunas/balaio-do-kotscho/2022/01/09/basta-dois-militares-colocam-limites-nos-delirios-e-agressoes-de-bolsonaro.htm, skipping...
[ERROR - 2026-03-03 12:01:19,776 - Worker_2] Status code == 403 for https://noticias.uol.com.br/cotidiano/ultimas-noticias/2022/01/09/nao-ha-previsao-para-fim-das-buscas-em-capitolio-diz-corpo-de-bombeiros.htm, skipping...
[ERROR - 2026-03-03 12:01:20,959 - Worker_4] Status code == 403 for https://noticias.uol.com.br/videos/2022/01/08/vitimas-de-acidente-em-capitolio-foram-alertadas-sobre-rocha-prestes-a-cair.htm, skipping...
[ERROR - 2026-03-03 12:01:23,277 - Worker_1] Status code == 403 for https://educacao.uol.com.br/noticias/2022/01/09/unicamp-redacao-sobre-influencer-e-pouco-investimento-em-pesquisa.htm, skipping...
[ERROR - 2026-03-03 12:01:23,886 - Worker_2] Status code == 403 for https://tab.uol.com.br/noticias/redacao/2022/01/07/aquele-numero-e-meu-filho-maes-falam-de-suas-criancas-mortas-por-covid.htm, skipping...
[ERROR - 2026-03-03 12:01:25,260 - Worker_4] Status code == 403 for https://noticias.uol.com.br/colunas/mauricio-stycer/2022/01/09/jornal-da-band-exibe-40-vezes-a-mesma-imagem-do-desmoronamento-em-capitolio.htm, skipping...
[ERROR - 2026-03-03 12:01:37,884 - Worker_2] Status code == 403 for https://noticias.uol.com.br/cotidiano/ultimas-noticias/2022/01/09/prefeitura-em-mg-emite-alerta-de-rompimento-de-barragem.htm, skipping...
[ERROR - 2026-03-03 12:01:38,420 - Worker_3] Status code == 403 for https://noticias.uol.com.br/cotidiano/ultimas-noticias/2022/01/09/passageira-morre-em-voo-e-companhia-aerea-faz-pouso-nao-previsto-no-brasil.htm, skipping...
[ERROR - 2026-03-03 12:01:42,055 - Worker_1] Status code == 403 for https://noticias.uol.com.br/cotidiano/ultimas-noticias/2022/01/09/capitolio-bombeiros-confirmam-nome-de-1-vitima-mortos-sao-de-mg-e-sp.htm, skipping...
[ERROR - 2026-03-03 12:01:42,216 - Worker_2] Status code == 403 for https://noticias.uol.com.br/ultimas-noticias/rfi/2022/01/09/show-com-sambistas-escandaliza-religiosos-principe-abre-inquerito-na-arabia-saudita.htm, skipping...
[ERROR - 2026-03-03 12:01:42,742 - Worker_3] Status code == 403 for https://noticias.uol.com.br/cotidiano/ultimas-noticias/2022/01/09/mergulhadores-retomam-buscas-por-3-desaparecidos-em-capitolio-mg.htm, skipping...
[ERROR - 2026-03-03 12:01:49,784 - Worker_2] Status code == 403 for https://noticias.uol.com.br/colunas/felipe-moura-brasil/2022/01/09/barra-torres-confrontou-bolsonaro-com-principios-morais-e-cristaos.htm, skipping...
[ERROR - 2026-03-03 12:01:50,231 - Worker_4] Status code == 403 for https://noticias.uol.com.br/colunas/jose-luiz-portella/2022/01/09/moro-ciro-doria-e-a-corrida-pela-terceira-via.htm, skipping...
[ERROR - 2026-03-03 12:01:58,532 - Worker_2] Status code == 403 for https://noticias.uol.com.br/ultimas-noticias/afp/2022/01/09/onu-suspende-ajuda-humanitaria-no-noroeste-da-regiao-etiope-do-tigre-apos-ataque-aereo.htm, skipping...
[ERROR - 2026-03-03 12:02:18,541 - Worker_2] Status code == 403 for https://noticias.uol.com.br/cotidiano/ultimas-noticias/2022/01/09/capitolio-tatuagens-e-aneis-ajudam-a-reconhecer-vitimas-diz-delegado.htm, skipping...
[ERROR - 2026-03-03 12:02:19,304 - Worker_4] Status code == 403 for https://noticias.uol.com.br/cotidiano/ultimas-noticias/2022/01/09/capitolio-mae-rapaz-estava-em-lancha-atingida-por-rocha-em-canion.htm, skipping...
[ERROR - 2026-03-03 12:02:22,282 - Worker_3] Status code == 403 for https://tab.uol.com.br/noticias/redacao/2022/01/09/o-brasileiro-quer-torcer-corrida-de-bolinhas-de-gude-e-hit-internacional.htm, skipping...
[ERROR - 2026-03-03 12:02:23,448 - Worker_4] Status code == 403 for https://noticias.uol.com.br/internacional/ultimas-noticias/2022/01/09/incendio-em-predio-residencial-de-ny-deixa-ao-menos-19-mortos-diz-prefeito.htm, skipping...
[ERROR - 2026-03-03 12:02:27,847 - Worker_2] Status code == 403 for https://noticias.uol.com.br/cotidiano/ultimas-noticias/2022/01/08/capitolio-mg-o-que-se-sabe-ate-agora-e-as-duvidas-que-permanecem.htm, skipping...
[ERROR - 2026-03-03 12:02:28,708 - Worker_3] Status code == 403 for https://noticias.uol.com.br/cotidiano/ultimas-noticias/2022/01/09/predio-buritis-queda-muro-chuvas-minas-gerais.htm, skipping...
[ERROR - 2026-03-03 12:02:31,753 - Worker_4] Status code == 403 for https://noticias.uol.com.br/colunas/leonardo-sakamoto/2022/01/09/barra-torres-humilha-bolsonaro-e-reduz-ainda-mais-o-tamanho-de-queiroga.htm, skipping...
[ERROR - 2026-03-03 12:02:35,468 - Worker_1] Status code == 403 for https://noticias.uol.com.br/cotidiano/ultimas-noticias/2022/01/09/1-vitima-identificada-morte-capitolio.htm, skipping...
[ERROR - 2026-03-03 12:02:38,119 - Worker_4] Status code == 403 for https://noticias.uol.com.br/cotidiano/ultimas-noticias/2022/01/08/7-mortos-e-3-desaparecidos-estavam-na-lancha-jesus-dizem-bombeiros-de-mg.htm, skipping...
[ERROR - 2026-03-03 12:02:38,450 - Worker_0] Status code == 403 for https://economia.uol.com.br/todos-a-bordo/2022/01/09/avioes-chefes-de-estado-presidente-primeiro-ministro-boeing-airbus.htm, skipping...
[ERROR - 2026-03-03 12:02:38,735 - Worker_2] Status code == 403 for https://tab.uol.com.br/noticias/redacao/2022/01/08/nao-somos-negacionistas-ato-em-sp-compara-vacinacao-com-nazismo.htm, skipping...
[ERROR - 2026-03-03 12:02:40,195 - Worker_3] Status code == 403 for https://economia.uol.com.br/noticias/redacao/2022/01/09/latam-cancela-voos-por-causa-do-aumento-de-casos-de-covid-na-tripulacao.htm, skipping...
[ERROR - 2026-03-03 12:02:46,736 - Worker_1] Status code == 403 for https://noticias.uol.com.br/ultimas-noticias/bbc/2022/01/09/colombiana-martha-sepulveda-morre-por-eutanasia.htm, skipping...
[ERROR - 2026-03-03 12:02:47,316 - Worker_2] Status code == 403 for https://noticias.uol.com.br/saude/ultimas-noticias/redacao/2022/01/09/novas-internacoes-covid-19-omicron-leito-estado-sp-litoral-capital-interior.htm, skipping...
[ERROR - 2026-03-03 12:02:48,744 - Worker_3] Status code == 403 for https://noticias.uol.com.br/politica/ultimas-noticias/2022/01/09/ministro-fabio-faria-vai-a-evento-nos-eua-com-jornalista-foragido-da-pf.htm, skipping...
[ERROR - 2026-03-03 12:02:51,112 - Worker_4] Status code == 403 for https://noticias.uol.com.br/colunas/mauricio-stycer/2022/01/10/sbt-noticias-nao-e-o-comeco-de-uma-nova-era-mas-tem-estreia-promissora.htm, skipping...
[ERROR - 2026-03-03 12:02:52,867 - Worker_3] Status code == 403 for https://noticias.uol.com.br/cotidiano/ultimas-noticias/2022/01/10/mulher-de-21-anos-perde-gestacao-no-8-mes-com-covid-19-e-influenza.htm, skipping...
[ERROR - 2026-03-03 12:02:55,219 - Worker_4] Status code == 403 for https://noticias.uol.com.br/cotidiano/ultimas-noticias/2022/01/10/chuvas-alagam-9-cidades-e-desalojam-800-moradores-no-rj.htm, skipping...
[ERROR - 2026-03-03 12:02:55,581 - Worker_1] Status code == 403 for https://noticias.uol.com.br/cotidiano/ultimas-noticias/2022/01/10/tres-criancas-sao-resgatadas-de-afogamento-em-praia-do-litoral-de-sp-veja.htm, skipping...
[ERROR - 2026-03-03 12:02:56,972 - Worker_3] Status code == 403 for https://noticias.uol.com.br/internacional/ultimas-noticias/2022/01/10/ursos-polares-estacao-meteorologica-russia.htm, skipping...
[ERROR - 2026-03-03 12:02:57,938 - Worker_2] Status code == 403 for https://noticias.uol.com.br/colunas/leonardo-sakamoto/2022/01/10/se-lula-nao-questionar-reforma-trabalhista-melhor-trazer-o-temer-de-volta.htm, skipping...
[ERROR - 2026-03-03 12:02:59,685 - Worker_1] Status code == 403 for https://noticias.uol.com.br/ultimas-noticias/reuters/2022/01/10/cientistas-da-ue-dizem-que-2021-foi-quinto-ano-mais-quente-ja-registrado.htm, skipping...
[ERROR - 2026-03-03 12:03:01,077 - Worker_3] Status code == 403 for https://noticias.uol.com.br/cotidiano/ultimas-noticias/2022/01/10/enterro-coletivo-de-vitimas-de-capitolio-esvazia-cidade-em-mg-todos-aqui.htm, skipping...
[ERROR - 2026-03-03 12:03:04,130 - Worker_1] Status code == 403 for https://economia.uol.com.br/noticias/estadao-conteudo/2022/01/10/fup-alerta-para-alta-de-casos-de-covid-em-plataformas-petrobras-nega.htm, skipping...
[ERROR - 2026-03-03 12:03:05,448 - Worker_3] Status code == 403 for https://tab.uol.com.br/noticias/redacao/2022/01/07/aquele-numero-e-meu-filho-maes-falam-de-suas-criancas-mortas-por-covid.htm, skipping...
[ERROR - 2026-03-03 12:03:25,283 - Worker_3] Status code == 403 for https://noticias.uol.com.br/cotidiano/ultimas-noticias/2022/01/09/capitolio-bombeiros-confirmam-nome-de-1-vitima-mortos-sao-de-mg-e-sp.htm, skipping...
[ERROR - 2026-03-03 12:03:27,302 - Worker_0] Status code == 403 for https://noticias.uol.com.br/colunas/jose-luiz-portella/2022/01/10/as-ambiguidades-de-lulapt-quem-inventou-joaquim-levy.htm, skipping...
[ERROR - 2026-03-03 12:03:28,000 - Worker_1] Status code == 403 for https://economia.uol.com.br/noticias/redacao/2022/01/10/chuvas-em-minas-gerais-param-operacoes-da-vale-usiminas-e-vallourec.htm, skipping...
[ERROR - 2026-03-03 12:03:35,601 - Worker_2] Status code == 403 for https://economia.uol.com.br/noticias/redacao/2022/01/10/linhas-aereas-aeroportos-voos-casos-tripulacao-gripe-covid-19.htm, skipping...
[ERROR - 2026-03-03 12:03:37,824 - Worker_4] Status code == 403 for https://noticias.uol.com.br/colunas/jamil-chade/2022/01/10/eua-exigem-retirada-de-tropas-russas-da-ucrania-e-ameacam-com-sancoes.htm, skipping...
[ERROR - 2026-03-03 12:03:38,316 - Worker_0] Status code == 403 for https://noticias.uol.com.br/cotidiano/ultimas-noticias/2022/01/10/previsao-do-tempo-calor-sao-paulo.htm, skipping...
[ERROR - 2026-03-03 12:03:41,235 - Worker_3] Status code == 403 for https://noticias.uol.com.br/cotidiano/ultimas-noticias/2022/01/10/capitolio-policia-usa-foto-investigacao-queda-de-rocha-em-canion.htm, skipping...
[ERROR - 2026-03-03 12:03:45,550 - Worker_3] Status code == 403 for https://noticias.uol.com.br/saude/ultimas-noticias/redacao/2022/01/10/covid-19-coronavirus-casos-mortes-10-de-janeiro.htm, skipping...
[ERROR - 2026-03-03 12:03:56,483 - Worker_4] Status code == 403 for https://noticias.uol.com.br/cotidiano/ultimas-noticias/2022/01/10/marinha-pede-suspensao-de-passeios-molhados-no-parque-nacional-do-iguacu.htm, skipping...
[ERROR - 2026-03-03 12:03:56,876 - Worker_0] Status code == 403 for https://noticias.uol.com.br/saude/ultimas-noticias/redacao/2022/01/10/ministerio-da-saude-reduz-isolamento.htm, skipping...
[ERROR - 2026-03-03 12:04:02,836 - Worker_4] Status code == 403 for https://noticias.uol.com.br/cotidiano/ultimas-noticias/2022/01/10/com-onda-de-calor-rs-deve-registar-temperaturas-entre-37c-e-40c.htm, skipping...
[ERROR - 2026-03-03 12:04:10,092 - Worker_0] Status code == 403 for https://noticias.uol.com.br/saude/ultimas-noticias/estado/2022/01/10/estado-de-sp-reduz-tempo-de-quarentena-para-vacinados-que-contrairem-a-covid-19.htm, skipping...
[ERROR - 2026-03-03 12:04:10,542 - Worker_3] Status code == 403 for https://tab.uol.com.br/noticias/redacao/2022/01/10/rafael-cruza-canions-sobre-fita-de-25-cm-para-se-sentir-flutuando-no-ceu.htm, skipping...
[ERROR - 2026-03-03 12:04:11,866 - Worker_1] Status code == 403 for https://noticias.uol.com.br/cotidiano/ultimas-noticias/2022/01/10/para-de-minas-barragem-risco-de-rompimento-chuvas-enchente.htm, skipping...
[ERROR - 2026-03-03 12:04:18,315 - Worker_4] Status code == 403 for https://noticias.uol.com.br/cotidiano/ultimas-noticias/2022/01/10/carreta-sem-motorista-deixa-rastro-de-destruicao-em-rua-de-goias-veja.htm, skipping...
[ERROR - 2026-03-03 12:04:20,333 - Worker_1] Status code == 403 for https://noticias.uol.com.br/cotidiano/ultimas-noticias/2022/01/10/chuvas-minas-gerais-desabrigados-situacao-de-emergencia-desalojados.htm, skipping...
[ERROR - 2026-03-03 12:04:29,189 - Worker_1] Status code == 403 for https://noticias.uol.com.br/colunas/leonardo-sakamoto/2022/01/09/barra-torres-humilha-bolsonaro-e-reduz-ainda-mais-o-tamanho-de-queiroga.htm, skipping...
[ERROR - 2026-03-03 12:04:31,546 - Worker_4] Status code == 403 for https://noticias.uol.com.br/politica/ultimas-noticias/2022/01/10/bolsonaro-nega-ter-acusado-chefe-da-anvisa-de-corrupcao-carta-agressiva.htm, skipping...
[ERROR - 2026-03-03 12:04:38,100 - Worker_3] Status code == 403 for https://tab.uol.com.br/noticias/redacao/2022/01/08/nao-somos-negacionistas-ato-em-sp-compara-vacinacao-com-nazismo.htm, skipping...
[ERROR - 2026-03-03 12:05:11,969 - Worker_2] Status code == 403 for https://tab.uol.com.br/noticias/redacao/2022/01/07/aquele-numero-e-meu-filho-maes-falam-de-suas-criancas-mortas-por-covid.htm, skipping...
[ERROR - 2026-03-03 12:05:16,384 - Worker_2] Status code == 403 for https://noticias.uol.com.br/cotidiano/ultimas-noticias/2022/01/11/animais-resgatados-nova-lima.htm, skipping...
[ERROR - 2026-03-03 12:05:21,817 - Worker_4] Status code == 403 for https://noticias.uol.com.br/cotidiano/ultimas-noticias/2022/01/11/jovem-que-bebia-5-litros-de-energetico-aos-finais-de-semana-infarta-em-sp.htm, skipping...
[ERROR - 2026-03-03 12:05:22,406 - Worker_3] Status code == 403 for https://noticias.uol.com.br/cotidiano/ultimas-noticias/2022/01/11/homem-morre-atropelado-por-moto-conduzida-por-crianca-de-11-anos-no-pa.htm, skipping...
[ERROR - 2026-03-03 12:05:27,071 - Worker_1] Status code == 403 for https://noticias.uol.com.br/saude/ultimas-noticias/redacao/2022/01/11/testes-omicron-coronavirus-laboratorios-diagnosticos.htm, skipping...
[ERROR - 2026-03-03 12:05:35,925 - Worker_1] Status code == 403 for https://noticias.uol.com.br/colunas/walter-maierovitch/2022/01/11/aumentacontagio-em-criancas-maioria-de-pais-nao-vacinados.htm, skipping...
[ERROR - 2026-03-03 12:05:38,114 - Worker_0] Status code == 403 for http://noticias.uol.com.br/colunas/jamil-chade/2022/01/11/governo-ignora-cobranca-da-onu-sobre-corte-no-fornecimento-de-absorventes.htm, skipping...
[ERROR - 2026-03-03 12:05:56,077 - Worker_2] Status code == 403 for https://noticias.uol.com.br/colunas/jamil-chade/2022/01/11/com-salto-de-26-mortes-por-covid-voltam-a-subir-nas-americas.htm, skipping...
[ERROR - 2026-03-03 12:06:07,902 - Worker_2] Status code == 403 for https://economia.uol.com.br/noticias/redacao/2022/01/11/ceo-da-binance-lista-mais-ricos-do-mundo.htm, skipping...
[ERROR - 2026-03-03 12:06:16,741 - Worker_0] Status code == 403 for https://tab.uol.com.br/noticias/redacao/2022/01/10/rafael-cruza-canions-sobre-fita-de-25-cm-para-se-sentir-flutuando-no-ceu.htm, skipping...
[ERROR - 2026-03-03 12:06:55,680 - Worker_3] Status code == 403 for https://tab.uol.com.br/noticias/redacao/2022/01/11/comissao-de-anistia-sob-bolsonaro-nega-79-dos-pedidos-de-reparacao.htm, skipping...
[ERROR - 2026-03-03 12:07:11,381 - Worker_3] Status code == 403 for https://noticias.uol.com.br/saude/ultimas-noticias/redacao/2022/01/12/avanco-omicron-sao-paulo-restricoes.htm, skipping...
[ERROR - 2026-03-03 12:07:12,497 - Worker_4] Status code == 403 for https://noticias.uol.com.br/cotidiano/ultimas-noticias/2022/01/12/capitolio-peritos-criminais-apuram-causas-de-queda-de-rocha.htm, skipping...
[ERROR - 2026-03-03 12:07:16,599 - Worker_4] Status code == 403 for https://noticias.uol.com.br/colunas/jose-luiz-portella/2022/01/12/lula-vai-ser-eleito-por-bolsonaro-e-pela-faria-lima.htm, skipping...
[ERROR - 2026-03-03 12:07:24,050 - Worker_3] Status code == 403 for https://tab.uol.com.br/noticias/redacao/2022/01/07/aquele-numero-e-meu-filho-maes-falam-de-suas-criancas-mortas-por-covid.htm, skipping...
[ERROR - 2026-03-03 12:07:28,186 - Worker_3] Status code == 403 for https://noticias.uol.com.br/ultimas-noticias/agencia-estado/2022/01/12/em-evento-do-governo-bolsonaro-diz-que-canalhas-e-bandidos-nao-podem-voltar.htm, skipping...
[ERROR - 2026-03-03 12:07:29,781 - Worker_4] Status code == 403 for https://noticias.uol.com.br/saude/ultimas-noticias/redacao/2022/01/12/candida-auris-anvisa-confirma-terceiro-surto-de-superfungo-no-pais.htm, skipping...
[ERROR - 2026-03-03 12:07:32,279 - Worker_3] Status code == 403 for https://noticias.uol.com.br/ultimas-noticias/agencia-estado/2022/01/12/eleicoes-2022-bolsonaro-diz-que-pretende-ir-a-todos-os-debates.htm, skipping...
[ERROR - 2026-03-03 12:07:36,402 - Worker_3] Status code == 403 for https://noticias.uol.com.br/colunas/tales-faria/2022/01/12/se-desistir-da-reeleicao-bolsonaro-sonha-com-patacoada-de-janio-quadros.htm, skipping...
[ERROR - 2026-03-03 12:08:00,965 - Worker_1] Status code == 403 for https://noticias.uol.com.br/ultimas-noticias/bbc/2022/01/12/onda-de-calor-na-america-do-sul-pode-elevar-temperaturas-a-quase-50-graus.htm, skipping...
[ERROR - 2026-03-03 12:08:02,727 - Worker_2] Status code == 403 for https://noticias.uol.com.br/colunas/maria-carolina-trevisan/2022/01/12/vacina-infantil-bolsonaro.htm, skipping...
[ERROR - 2026-03-03 12:08:08,242 - Worker_4] Status code == 403 for https://noticias.uol.com.br/colunas/jamil-chade/2022/01/12/oms-omicron-e-perigosa-e-nenhum-virus-que-mata-e-bem-vindo.htm, skipping...
[ERROR - 2026-03-03 12:08:08,428 - Worker_0] Status code == 403 for https://noticias.uol.com.br/internacional/ultimas-noticias/2022/01/12/homem-passa-por-cirurgia-de-remocao-de-inseto-de-sua-orelha-nos-eua.htm, skipping...
[ERROR - 2026-03-03 12:08:09,883 - Worker_1] Status code == 403 for https://noticias.uol.com.br/colunas/carolina-brigido/2022/01/12/ataques-ministros-stf-antecipam-tom-campanha-bolsonaro.htm, skipping...
[ERROR - 2026-03-03 12:08:16,669 - Worker_1] Status code == 403 for https://noticias.uol.com.br/politica/ultimas-noticias/2022/01/12/mendonca-leva-ao-plenario-do-stf-acao-do-novo-contra-fundao-eleitoral.htm, skipping...
[ERROR - 2026-03-03 12:08:17,737 - Worker_0] Status code == 403 for https://noticias.uol.com.br/saude/ultimas-noticias/redacao/2022/01/12/associacao-de-laboratorios-teme-escassez-e-pede-criterio-em-teste-de-covid.htm, skipping...
[ERROR - 2026-03-03 12:08:21,677 - Worker_4] Status code == 403 for https://noticias.uol.com.br/ultimas-noticias/ansa/2022/01/12/italia-tem-mais-de-300-mortes-pela-1-vez-em-mais-de-8-meses.htm, skipping...
[ERROR - 2026-03-03 12:08:21,845 - Worker_0] Status code == 403 for https://noticias.uol.com.br/cotidiano/ultimas-noticias/2022/01/12/chuvas-causam-mais-cinco-mortes-em-mg-total-vai-a-24.htm, skipping...
[ERROR - 2026-03-03 12:08:25,890 - Worker_4] Status code == 403 for https://tab.uol.com.br/noticias/redacao/2022/01/12/emojis-looks-e-rivotril-a-vida-da-adm-do-proximo-participante-do-bbb.htm, skipping...
[ERROR - 2026-03-03 12:08:30,635 - Worker_0] Status code == 403 for https://tab.uol.com.br/colunas/matheus-pichonelli/2022/01/12/gravida-de-taubate-pariu-um-pais-na-mao-de-charlatoes-e-coachs-messianicos.htm, skipping...
[ERROR - 2026-03-03 12:08:32,608 - Worker_1] Status code == 403 for https://noticias.uol.com.br/cotidiano/ultimas-noticias/2022/01/12/ao-sentir-gosto-ruim-jovem-nota-que-hamburguer-estava-vencido-ha-10-anos.htm, skipping...
[ERROR - 2026-03-03 12:08:39,170 - Worker_1] Status code == 403 for https://noticias.uol.com.br/colunas/jamil-chade/2022/01/12/johnson-se-desculpou-por-festinha-de-25-min-e-o-sr-presidente-bolsonaro.htm, skipping...
[ERROR - 2026-03-03 12:08:43,556 - Worker_4] Status code == 403 for https://noticias.uol.com.br/politica/ultimas-noticias/2022/01/12/pesquisa-eleitoral-quaest-12-de-janeiro-de-2022.htm, skipping...
[ERROR - 2026-03-03 12:08:47,272 - Worker_2] Status code == 403 for https://noticias.uol.com.br/ultimas-noticias/2022/01/12/mega-sena-premio-principal-e-de-r-105-milhoes-veja-dezenas-sorteadas.htm, skipping...
[ERROR - 2026-03-03 12:09:00,055 - Worker_0] Status code == 403 for https://tab.uol.com.br/noticias/redacao/2022/01/11/comissao-de-anistia-sob-bolsonaro-nega-79-dos-pedidos-de-reparacao.htm, skipping...
[ERROR - 2026-03-03 12:09:33,922 - Worker_4] Status code == 403 for https://tab.uol.com.br/colunas/ricardo-abramovay/2022/01/13/bioeconomia-e-um-valor-etico-e-nao-um-setor-economico.htm, skipping...
[ERROR - 2026-03-03 12:09:38,383 - Worker_4] Status code == 403 for https://noticias.uol.com.br/cotidiano/ultimas-noticias/2022/01/13/374-cidades-mineiras-entram-em-situacao-de-emergencia-mais-de-40-de-mg.htm, skipping...
[ERROR - 2026-03-03 12:09:39,481 - Worker_3] Status code == 403 for https://noticias.uol.com.br/colunas/abradep/2022/01/13/federacao-partidaria-e-a-importancia-da-biodiversidade.htm, skipping...
[ERROR - 2026-03-03 12:09:44,851 - Worker_1] Status code == 403 for https://noticias.uol.com.br/colunas/democracia-e-diplomacia/2022/01/13/quais-narrativas-aproximam-a-cpi-da-covid-da-comissao-nacional-da-verdade.htm, skipping...
[ERROR - 2026-03-03 12:09:46,944 - Worker_4] Status code == 403 for https://noticias.uol.com.br/colunas/jamil-chade/2022/01/13/tensao-entre-russia-e-eua-ameaca-desembarcar-nas-fronteiras-do-brasil.htm, skipping...
[ERROR - 2026-03-03 12:10:02,642 - Worker_4] Status code == 403 for https://noticias.uol.com.br/colunas/jamil-chade/2022/01/13/brasil-tera-3-pior-taxa-de-expansao-real-do-pib-no-mundo-em-2022-diz-onu.htm, skipping...
[ERROR - 2026-03-03 12:10:07,568 - Worker_0] Status code == 403 for https://tab.uol.com.br/noticias/redacao/2022/01/13/por-que-a-espanha-e-um-oasis-para-jogadoras-brasileiras-de-futsal.htm, skipping...
[ERROR - 2026-03-03 12:10:16,821 - Worker_0] Status code == 403 for https://noticias.uol.com.br/ultimas-noticias/agencia-estado/2022/01/13/por-regalias-na-papuda-luiz-estevao-pega-mais-nove-anos-de-reclusao.htm, skipping...
[ERROR - 2026-03-03 12:10:28,202 - Worker_4] Status code == 403 for https://tab.uol.com.br/noticias/redacao/2022/01/13/panico-em-alphaville-dejetos-da-mineracao-isolam-condominio-na-grande-bh.htm, skipping...
[ERROR - 2026-03-03 12:10:51,833 - Worker_4] Status code == 403 for https://noticias.uol.com.br/colunas/tales-faria/2022/01/13/queiroga-agora-posa-de-responsavel-pela-vacinacao-infantil.htm, skipping...
[ERROR - 2026-03-03 12:10:55,960 - Worker_4] Status code == 403 for https://noticias.uol.com.br/cotidiano/ultimas-noticias/2022/01/13/falso-pedreiro-golpe-df.htm, skipping...
[ERROR - 2026-03-03 12:11:04,484 - Worker_4] Status code == 403 for https://noticias.uol.com.br/cotidiano/ultimas-noticias/2022/01/13/passageira-expulsao-vagao-metro.htm, skipping...
[ERROR - 2026-03-03 12:11:08,428 - Worker_1] Status code == 403 for https://noticias.uol.com.br/cotidiano/ultimas-noticias/2022/01/13/mpf-abre-investigacao-sobre-deslizamento-que-derrubou-casarao-em-ouro-preto.htm, skipping...
[ERROR - 2026-03-03 12:11:11,476 - Worker_0] Status code == 403 for https://noticias.uol.com.br/saude/ultimas-noticias/redacao/2022/01/13/covid-19-coronavirus-casos-mortes-13-de-janeiro.htm, skipping...
[ERROR - 2026-03-03 12:11:11,603 - Worker_2] Status code == 403 for https://noticias.uol.com.br/colunas/chico-alves/2022/01/13/pesquisa-confirma-fiasco-de-sergio-moro-como-presidenciavel.htm, skipping...
[ERROR - 2026-03-03 12:11:14,947 - Worker_3] Status code == 403 for https://noticias.uol.com.br/cotidiano/ultimas-noticias/2022/01/13/deslizamento-ouro-preto-mg.htm, skipping...
[ERROR - 2026-03-03 12:11:15,554 - Worker_4] Status code == 403 for https://noticias.uol.com.br/ultimas-noticias/agencia-estado/2022/01/13/com-desfalque-e-sobrecarga-medicos-de-postos-de-saude-de-sp-discutem-paralisacao.htm, skipping...
[ERROR - 2026-03-03 12:11:31,374 - Worker_3] Status code == 403 for https://noticias.uol.com.br/cotidiano/ultimas-noticias/2022/01/14/juiza-pede-imagens-de-visita-de-advogada-ligada-a-jairinho-a-mae-de-henry.htm, skipping...
[ERROR - 2026-03-03 12:11:57,462 - Worker_2] Status code == 403 for https://tab.uol.com.br/noticias/redacao/2022/01/14/em-busca-de-renda-e-sem-abrigo-indigenas-dormem-por-ruas-de-curitiba.htm, skipping...
[ERROR - 2026-03-03 12:12:22,782 - Worker_3] Status code == 403 for https://economia.uol.com.br/noticias/redacao/2022/01/14/pix-de-r-15-mi-de-jade-para-leo-picon-operacao-neste-valor-e-possivel.htm, skipping...
[ERROR - 2026-03-03 12:12:28,260 - Worker_1] Status code == 403 for https://noticias.uol.com.br/ultimas-noticias/agencia-estado/2022/01/14/alexandre-manda-pf-ouvir-mais-14-sobre-video-de-jefferson-contra-xandao.htm, skipping...
[ERROR - 2026-03-03 12:12:31,303 - Worker_2] Status code == 403 for https://tab.uol.com.br/noticias/redacao/2022/01/13/por-que-a-espanha-e-um-oasis-para-jogadoras-brasileiras-de-futsal.htm, skipping...
[ERROR - 2026-03-03 12:12:36,242 - Worker_3] Status code == 403 for https://noticias.uol.com.br/saude/ultimas-noticias/redacao/2022/01/14/governo-de-sao-paulo-comeca-hoje-a-vacinar-criancas-contra-covid-19.htm, skipping...
[ERROR - 2026-03-03 12:12:41,214 - Worker_2] Status code == 403 for https://noticias.uol.com.br/colunas/walter-maierovitch/2022/01/14/cyberterrorismo-manobrado-por-bolsonaro.htm, skipping...
[ERROR - 2026-03-03 12:12:52,088 - Worker_0] Status code == 403 for https://noticias.uol.com.br/ultimas-noticias/agencia-estado/2022/01/14/flavia-arruda-e-afastada-do-governo-para-tratar-de-assuntos-particulares.htm, skipping...
[ERROR - 2026-03-03 12:12:56,486 - Worker_3] Status code == 403 for https://noticias.uol.com.br/saude/ultimas-noticias/redacao/2022/01/14/surto-de-omicron-afasta-55-mil-profissionais-de-saude-no-rio-diz-sms.htm, skipping...
[ERROR - 2026-03-03 12:12:57,266 - Worker_2] Status code == 403 for https://noticias.uol.com.br/politica/ultimas-noticias/2022/01/14/pesquisa-ipespe-janeiro-de-2022.htm, skipping...
[ERROR - 2026-03-03 12:13:00,836 - Worker_3] Status code == 403 for https://noticias.uol.com.br/saude/ultimas-noticias/redacao/2022/01/14/queiroga-vacina-criancas-covid-nao-e-questao-coletiva.htm, skipping...
[ERROR - 2026-03-03 12:13:10,755 - Worker_4] Status code == 403 for https://noticias.uol.com.br/cotidiano/ultimas-noticias/2022/01/14/homem-contragolpe-whatsapp.htm, skipping...
[ERROR - 2026-03-03 12:13:11,244 - Worker_2] Status code == 403 for https://tab.uol.com.br/colunas/matheus-pichonelli/2022/01/14/sob-chuvas-e-escombros-minas-revela-nacao-refem-da-ganancia-e-do-abandono.htm, skipping...
[ERROR - 2026-03-03 12:13:15,709 - Worker_1] Status code == 403 for https://noticias.uol.com.br/saude/ultimas-noticias/redacao/2022/01/14/jessica-enfermeira-vacina-covid.htm, skipping...
[ERROR - 2026-03-03 12:13:18,793 - Worker_0] Status code == 403 for https://noticias.uol.com.br/ultimas-noticias/afp/2022/01/14/milhares-de-hindus-desafiam-covid-19-em-festival-na-india.htm, skipping...
[ERROR - 2026-03-03 12:13:34,110 - Worker_0] Status code == 403 for https://tab.uol.com.br/noticias/redacao/2022/01/14/a-saga-de-herbie-mini-fusca-de-rs-12-mil-guinchado-no-litoral-catarinense.htm, skipping...
[ERROR - 2026-03-03 12:13:36,603 - Worker_3] Status code == 403 for https://noticias.uol.com.br/colunas/thiago-herdy/2022/01/14/jf-verba-social-acordo-mpf-instituto-germinare.htm, skipping...
[ERROR - 2026-03-03 12:13:39,074 - Worker_4] Status code == 403 for https://noticias.uol.com.br/cotidiano/ultimas-noticias/2022/01/14/acidente-capitolio-queda-rocha-acao-terceiros.htm, skipping...
[ERROR - 2026-03-03 12:13:40,946 - Worker_3] Status code == 403 for https://noticias.uol.com.br/cotidiano/ultimas-noticias/2022/01/14/chuvas-brasil-tem-590-municipios-em-9-estados-em-situacao-de-emergencia.htm, skipping...
[ERROR - 2026-03-03 12:13:41,182 - Worker_2] Status code == 403 for https://noticias.uol.com.br/cotidiano/ultimas-noticias/2022/01/14/barco-naufraga-em-laguna-sc-duas-pessoas-morrem-e-uma-esta-desaparecida.htm, skipping...
[ERROR - 2026-03-03 12:13:48,090 - Worker_0] Status code == 403 for https://noticias.uol.com.br/meio-ambiente/ultimas-noticias/redacao/2022/01/15/chuva-nivel-cantareira-volume-menor-do-que-ano-passado.htm, skipping...
[ERROR - 2026-03-03 12:14:01,483 - Worker_0] Status code == 403 for https://noticias.uol.com.br/cotidiano/ultimas-noticias/2022/01/15/minas-desabrigados-desalojados-chuvas-temporais.htm, skipping...
[ERROR - 2026-03-03 12:14:08,546 - Worker_3] Status code == 403 for https://noticias.uol.com.br/colunas/jose-luiz-portella/2022/01/14/posto-ipiranga-faliu-bolsonaro-foi-um-tsunami-que-passou-em-nossas-vidas.htm, skipping...
[ERROR - 2026-03-03 12:14:09,788 - Worker_2] Status code == 403 for https://noticias.uol.com.br/cotidiano/ultimas-noticias/2022/01/15/sc-ambulancia-tomba-e-paciente-morre-antes-de-receber-socorro-em-blumenau.htm, skipping...
[ERROR - 2026-03-03 12:14:14,722 - Worker_1] Status code == 403 for https://noticias.uol.com.br/saude/ultimas-noticias/redacao/2022/01/15/covid-em-sao-paulo-mil-leitos.htm, skipping...
[ERROR - 2026-03-03 12:14:36,559 - Worker_0] Status code == 403 for https://noticias.uol.com.br/cotidiano/ultimas-noticias/2022/01/15/caso-evandro-governo-do-pr-faz-carta-com-pedido-de-perdao-a-beatriz-abagge.htm, skipping...
[ERROR - 2026-03-03 12:14:37,081 - Worker_4] Status code == 403 for https://noticias.uol.com.br/cotidiano/ultimas-noticias/2022/01/15/video-mostra-explosao-em-turbina-de-aviao-apos-colisao-com-aves-em-curitiba.htm, skipping...
[ERROR - 2026-03-03 12:14:44,323 - Worker_3] Status code == 403 for https://noticias.uol.com.br/ultimas-noticias/bbc/2022/01/15/o-inventor-milionario-que-foi-jogado-no-lixo-quando-bebe.htm, skipping...
[ERROR - 2026-03-03 12:14:46,232 - Worker_1] Status code == 403 for https://noticias.uol.com.br/ultimas-noticias/afp/2022/01/15/chile-evacua-praias-e-ilhas-devido-a-possivel-tsunami-apos-erupcao-em-tonga.htm, skipping...
[ERROR - 2026-03-03 12:14:52,830 - Worker_4] Status code == 403 for https://noticias.uol.com.br/ultimas-noticias/afp/2022/01/15/twitter-derruba-conta-ligada-ao-lider-supremo-iraniano-apos-video-que-ameaca-trump.htm, skipping...
[ERROR - 2026-03-03 12:15:00,846 - Worker_3] Status code == 403 for https://noticias.uol.com.br/colunas/walter-maierovitch/2022/01/14/cyberterrorismo-manobrado-por-bolsonaro.htm, skipping...
[ERROR - 2026-03-03 12:15:03,631 - Worker_4] Status code == 403 for https://noticias.uol.com.br/cotidiano/ultimas-noticias/2022/01/15/mulher-e-presa-apos-receber-r-8-mil-em-notas-falsas-no-maranhao.htm, skipping...
[ERROR - 2026-03-03 12:15:06,682 - Worker_1] Status code == 403 for https://noticias.uol.com.br/ultimas-noticias/afp/2022/01/15/ex-senador-haitiano-e-preso-na-jamaica-pelo-assassinato-do-presidente-do-haiti-fonte-policial.htm, skipping...
[ERROR - 2026-03-03 12:15:10,839 - Worker_2] Status code == 403 for https://noticias.uol.com.br/ultimas-noticias/2022/01/15/mega-sena-tem-premio-de-r-32-milhoes-veja-numeros-sorteados.htm, skipping...
[ERROR - 2026-03-03 12:15:19,935 - Worker_1] Status code == 403 for https://noticias.uol.com.br/colunas/marco-antonio-villa/2022/01/14/villa-adeus-bolsonaro.htm, skipping...
[ERROR - 2026-03-03 12:15:28,846 - Worker_1] Status code == 403 for https://noticias.uol.com.br/colunas/jose-luiz-portella/2022/01/15/alckmin-perdeu-o-timing-sera-dificil-recuperar-o-tempo-perdido.htm, skipping...
[ERROR - 2026-03-03 12:15:32,289 - Worker_4] Status code == 403 for https://tab.uol.com.br/noticias/redacao/2022/01/15/moradores-de-congonhas-temem-rompimento-da-maior-barragem-de-mg.htm, skipping...
[ERROR - 2026-03-03 12:15:43,035 - Worker_3] Status code == 403 for https://tab.uol.com.br/colunas/michel-alcoforado/2022/01/15/sharenting-os-usos-sobre-a-imagem-de-alice-secco.htm, skipping...
[ERROR - 2026-03-03 12:15:49,970 - Worker_4] Status code == 403 for https://noticias.uol.com.br/internacional/ultimas-noticias/2022/01/15/erupcao-vulcao-tsunami-tonga.htm, skipping...
[ERROR - 2026-03-03 12:15:57,460 - Worker_3] Status code == 403 for https://noticias.uol.com.br/cotidiano/ultimas-noticias/2022/01/14/sucuri-de-quase-7-metros-e-filmada-entrando-em-rio-de-bonito-ms-assista.htm, skipping...
[ERROR - 2026-03-03 12:16:11,445 - Worker_0] Status code == 403 for https://noticias.uol.com.br/ultimas-noticias/agencia-brasil/2022/01/16/no-vaticano-papa-francisco-diz-rezar-por-vitimas-das-chuvas-no-brasil.htm, skipping...
[ERROR - 2026-03-03 12:16:15,640 - Worker_0] Status code == 403 for https://noticias.uol.com.br/cotidiano/ultimas-noticias/2022/01/16/caso-beatriz-assassino-confesso-advogada-perdao-entrevista.htm, skipping...
[ERROR - 2026-03-03 12:16:18,594 - Worker_1] Status code == 403 for https://noticias.uol.com.br/cotidiano/ultimas-noticias/2022/01/16/santa-catarina-vereador-postou-foto-em-lancha-antes-de-morrer-em-naufragio.htm, skipping...
[ERROR - 2026-03-03 12:16:20,282 - Worker_2] Status code == 403 for https://noticias.uol.com.br/internacional/ultimas-noticias/2022/01/16/ondas-eua-tsunami-tonga.htm, skipping...
[ERROR - 2026-03-03 12:16:24,385 - Worker_2] Status code == 403 for https://noticias.uol.com.br/cotidiano/ultimas-noticias/2022/01/16/florianopolis-turista-fogo-criminosos-tentativa-de-homicidio.htm, skipping...
[ERROR - 2026-03-03 12:16:35,534 - Worker_2] Status code == 403 for https://noticias.uol.com.br/colunas/mauricio-stycer/2022/01/16/directv-avisa-que-vai-deixar-de-exibir-canal-de-noticias-da-extrema-direita.htm, skipping...
[ERROR - 2026-03-03 12:16:37,122 - Worker_3] Status code == 403 for https://noticias.uol.com.br/internacional/ultimas-noticias/2022/01/16/israel-planeja-comecar-vacinacao-de-bebes-contra-covid-19-em-abril.htm, skipping...
[ERROR - 2026-03-03 12:16:37,775 - Worker_4] Status code == 403 for https://noticias.uol.com.br/ultimas-noticias/afp/2022/01/16/tomada-de-refens-no-texas-foi-ato-de-terrorismo-diz-biden.htm, skipping...
[ERROR - 2026-03-03 12:16:46,948 - Worker_4] Status code == 403 for https://noticias.uol.com.br/saude/ultimas-noticias/redacao/2022/01/16/capitais-comecam-a-vacinar-criancas-contra-covid-nesta-segunda-veja-lista.htm, skipping...
[ERROR - 2026-03-03 12:16:46,979 - Worker_1] Status code == 403 for https://noticias.uol.com.br/saude/ultimas-noticias/redacao/2022/01/16/vacinacao-covid-19-coronavirus-casos-mortes-16-de-janeiro.htm, skipping...
[ERROR - 2026-03-03 12:16:51,316 - Worker_1] Status code == 403 for https://noticias.uol.com.br/ultimas-noticias/ansa/2022/01/16/italia-esta-perto-do-pico-da-omicron-diz-oms.htm, skipping...
[ERROR - 2026-03-03 12:16:51,321 - Worker_4] Status code == 403 for https://noticias.uol.com.br/cotidiano/ultimas-noticias/2022/01/16/chuvas-belo-horizonte-minas-gerais.htm, skipping...
[ERROR - 2026-03-03 12:16:52,755 - Worker_0] Status code == 403 for https://noticias.uol.com.br/politica/ultimas-noticias/2022/01/16/eduardo-bolsonaro-elogia-antivax-djokovic-torna-se-um-lider-mundial.htm, skipping...
[ERROR - 2026-03-03 12:17:07,800 - Worker_3] Status code == 403 for https://noticias.uol.com.br/ultimas-noticias/afp/2022/01/16/ucrania-diz-ter-provas-do-envolvimento-da-russia-em-ciberataque.htm, skipping...
[ERROR - 2026-03-03 12:17:11,955 - Worker_3] Status code == 403 for https://noticias.uol.com.br/colunas/chico-alves/2022/01/16/falsa-polemica-do-racismo-volta-com-novo-formato.htm, skipping...
[ERROR - 2026-03-03 12:17:12,062 - Worker_4] Status code == 403 for https://noticias.uol.com.br/cotidiano/ultimas-noticias/2022/01/16/com-covid-olavo-de-carvalho-interrompe-transmissao-de-aulas-online.htm, skipping...
[ERROR - 2026-03-03 12:17:15,172 - Worker_2] Status code == 403 for https://educacao.uol.com.br/vestibular/correcao-online/fuvest-2/2022/, skipping...
[ERROR - 2026-03-03 12:17:16,096 - Worker_3] Status code == 403 for https://noticias.uol.com.br/colunas/marco-antonio-villa/2022/01/14/villa-adeus-bolsonaro.htm, skipping...
[ERROR - 2026-03-03 12:17:19,265 - Worker_2] Status code == 403 for https://noticias.uol.com.br/internacional/ultimas-noticias/2022/01/16/mulher-negra-inocentada-assassinato-estados-unidos.htm, skipping...
[ERROR - 2026-03-03 12:17:25,032 - Worker_4] Status code == 403 for https://noticias.uol.com.br/saude/ultimas-noticias/bbc/2022/01/16/me-disseram-que-eu-tinha-morrido-as-historias-da-primeira-vacinada-contra-covid-no-brasil.htm, skipping...
[ERROR - 2026-03-03 12:17:25,498 - Worker_3] Status code == 403 for https://noticias.uol.com.br/colunas/jose-luiz-portella/2022/01/15/alckmin-perdeu-o-timing-sera-dificil-recuperar-o-tempo-perdido.htm, skipping...
[ERROR - 2026-03-03 12:17:28,275 - Worker_0] Status code == 403 for https://noticias.uol.com.br/cotidiano/ultimas-noticias/2022/01/16/justica-pai-acesso-celular-filho-morto-santos-sp.htm, skipping...
[ERROR - 2026-03-03 12:17:28,950 - Worker_2] Status code == 403 for https://noticias.uol.com.br/cotidiano/ultimas-noticias/2022/01/16/casas-luxo-turismo-falta-fiscalizacao-tragedia-capitolio.htm, skipping...
[ERROR - 2026-03-03 12:17:33,298 - Worker_2] Status code == 403 for https://noticias.uol.com.br/colunas/felipe-moura-brasil/2022/01/16/adam-smith-contra-lula-e-bolsonaro.htm, skipping...
[ERROR - 2026-03-03 12:17:37,255 - Worker_0] Status code == 403 for https://tab.uol.com.br/colunas/michel-alcoforado/2022/01/15/sharenting-os-usos-sobre-a-imagem-de-alice-secco.htm, skipping...
[ERROR - 2026-03-03 12:17:37,611 - Worker_2] Status code == 403 for https://tab.uol.com.br/colunas/lidia-zuin/2022/01/16/nova-tecnologia-podera-levar-a-banalizacao-da-morte-e-da-eutanasia.htm, skipping...
[ERROR - 2026-03-03 12:17:41,560 - Worker_0] Status code == 403 for https://noticias.uol.com.br/ultimas-noticias/agencia-estado/2022/01/16/lider-da-oposicao-na-camara-alessandro-molon-testa-positivo-para-covid-19.htm, skipping...
[ERROR - 2026-03-03 12:17:53,308 - Worker_0] Status code == 403 for https://noticias.uol.com.br/ultimas-noticias/reuters/2022/01/16/inglaterra-estende-dose-de-reforco-contra-covid-19-para-jovens-de-16-e-17-anos.htm, skipping...
[ERROR - 2026-03-03 12:18:06,442 - Worker_4] Status code == 403 for https://noticias.uol.com.br/politica/ultimas-noticias/2022/01/17/gabinete-do-odio-usou-viagem-de-bolsonaro-para-negociar-sistema-espiao.htm, skipping...
[ERROR - 2026-03-03 12:18:10,855 - Worker_4] Status code == 403 for https://noticias.uol.com.br/colunas/chico-alves/2022/01/17/santos-cruz-confirma-reuniao-citada-por-weintraub-mas-diz-nao-lembrar-data.htm, skipping...
[ERROR - 2026-03-03 12:18:20,419 - Worker_4] Status code == 403 for https://noticias.uol.com.br/cotidiano/ultimas-noticias/2022/01/17/pr-funcionario-de-pet-shop-e-flagrado-dancando-com-cadela-rotina.htm, skipping...
[ERROR - 2026-03-03 12:18:29,910 - Worker_3] Status code == 403 for https://noticias.uol.com.br/cotidiano/ultimas-noticias/2022/01/17/homem-morre-ao-bater-cabeca-em-mesa-de-sinuca-em-brincadeira-com-amigos.htm, skipping...
[ERROR - 2026-03-03 12:18:33,923 - Worker_1] Status code == 403 for https://noticias.uol.com.br/saude/ultimas-noticias/redacao/2022/01/17/caso-um-da-sindrome-da-zika-catarina-e-vacinada-na-pb-felizes-diz-mae.htm, skipping...
[ERROR - 2026-03-03 12:18:38,268 - Worker_1] Status code == 403 for https://noticias.uol.com.br/cotidiano/ultimas-noticias/2022/01/17/capitolio-mergulhadores-procuraram-vitimas-a-ate-25-m-de-profundidade.htm, skipping...
[ERROR - 2026-03-03 12:18:48,081 - Worker_1] Status code == 403 for https://noticias.uol.com.br/politica/ultimas-noticias/2022/01/17/villa-uol-news-canal-uol-ferramenta-espia-dark-matter.htm, skipping...
[ERROR - 2026-03-03 12:18:50,844 - Worker_4] Status code == 403 for https://noticias.uol.com.br/colunas/mauricio-stycer/2022/01/17/apos-13-anos-me-despeco-da-cobertura-do-bbb.htm, skipping...
[ERROR - 2026-03-03 12:18:53,837 - Worker_0] Status code == 403 for https://noticias.uol.com.br/colunas/chico-alves/2022/01/17/eleicao-de-2022-sera-mais-suja-que-a-de-2018-se-autoridades-nao-agirem-ja.htm, skipping...
[ERROR - 2026-03-03 12:19:02,972 - Worker_0] Status code == 403 for https://noticias.uol.com.br/politica/ultimas-noticias/2022/01/17/governador-do-rio-canta-evento-gospel.htm, skipping...
[ERROR - 2026-03-03 12:19:03,859 - Worker_4] Status code == 403 for https://noticias.uol.com.br/colunas/josmar-jozino/2022/01/17/piloto-turco-flagrado-com-13-t-de-cocaina-solto-no-ce-e-preso-em-istambul.htm, skipping...
[ERROR - 2026-03-03 12:19:11,093 - Worker_1] Status code == 403 for https://noticias.uol.com.br/saude/ultimas-noticias/redacao/2022/01/17/justica-condena-veterinaria-a-pagar-r-50-mil-apos-burlar-vacinacacao.htm, skipping...
[ERROR - 2026-03-03 12:19:27,594 - Worker_3] Status code == 403 for https://noticias.uol.com.br/colunas/jose-luiz-portella/2022/01/17/com-equipe-de-bolsonaro-a-eleicao-vai-ter-conflitos-muito-graves.htm, skipping...
[ERROR - 2026-03-03 12:19:32,400 - Worker_2] Status code == 403 for https://noticias.uol.com.br/cotidiano/ultimas-noticias/2022/01/17/sem-licitacao-nova-versao-de-app-gratuito-em-sp-sai-a-r-10-mi-para-o-rj.htm, skipping...
[ERROR - 2026-03-03 12:19:35,992 - Worker_4] Status code == 403 for https://noticias.uol.com.br/saude/ultimas-noticias/redacao/2022/01/17/vacina-infantil-covid-19.htm, skipping...
[ERROR - 2026-03-03 12:19:36,738 - Worker_2] Status code == 403 for https://noticias.uol.com.br/saude/ultimas-noticias/redacao/2022/01/17/covid-19-coronavirus-casos-mortes-17-de-janeiro.htm, skipping...
[ERROR - 2026-03-03 12:19:38,979 - Worker_0] Status code == 403 for https://noticias.uol.com.br/cotidiano/ultimas-noticias/2022/01/17/homem-mata-mulher-apos-acidente-de-transito-na-regiao-dos-lagos-do-rj.htm, skipping...
[ERROR - 2026-03-03 12:19:40,308 - Worker_4] Status code == 403 for https://noticias.uol.com.br/saude/ultimas-noticias/redacao/2022/01/17/rs-confirma-as-duas-primeiras-mortes-para-a-variante-omicron.htm, skipping...
[ERROR - 2026-03-03 12:19:44,436 - Worker_4] Status code == 403 for https://noticias.uol.com.br/cotidiano/ultimas-noticias/2022/01/17/jovem-de-19-anos-morre-apos-cair-de-cachoeira-em-sc.htm, skipping...
[ERROR - 2026-03-03 12:19:47,435 - Worker_3] Status code == 403 for https://noticias.uol.com.br/internacional/ultimas-noticias/2022/01/17/corpo-britanica-tonga.htm, skipping...
[ERROR - 2026-03-03 12:20:00,270 - Worker_0] Status code == 403 for https://noticias.uol.com.br/colunas/balaio-do-kotscho/2022/01/17/exercito-investe-em-kit-manicure-e-brindes-para-o-gabinete-do-comandante.htm, skipping...
[ERROR - 2026-03-03 12:20:04,895 - Worker_3] Status code == 403 for https://noticias.uol.com.br/politica/ultimas-noticias/2022/01/17/bolsonaro-16h30-bb.htm, skipping...
[ERROR - 2026-03-03 12:20:16,413 - Worker_3] Status code == 403 for https://tab.uol.com.br/noticias/redacao/2022/01/17/cracolandia-retoma-nivel-pre-covid-e-rotina-de-cachimbos-acesos-24h-por-dia.htm, skipping...
[ERROR - 2026-03-03 12:20:25,107 - Worker_3] Status code == 403 for https://tab.uol.com.br/colunas/lidia-zuin/2022/01/16/nova-tecnologia-podera-levar-a-banalizacao-da-morte-e-da-eutanasia.htm, skipping...
[ERROR - 2026-03-03 12:20:52,736 - Worker_3] Status code == 403 for https://noticias.uol.com.br/politica/ultimas-noticias/2022/01/18/weintraub-ernesto-araujo-centrao-bolsonaro.htm, skipping...
[ERROR - 2026-03-03 12:21:01,123 - Worker_0] Status code == 403 for https://noticias.uol.com.br/internacional/ultimas-noticias/2022/01/18/eua-alertam-que-russia-pode-invadir-a-ucrania-a-qualquer-momento.htm, skipping...
[ERROR - 2026-03-03 12:21:02,499 - Worker_2] Status code == 403 for https://noticias.uol.com.br/colunas/jamil-chade/2022/01/18/novas-infeccoes-no-brasil-aumentaram-em-193-em-uma-semana-diz-oms.htm, skipping...
[ERROR - 2026-03-03 12:21:05,236 - Worker_0] Status code == 403 for https://noticias.uol.com.br/ultimas-noticias/agencia-estado/2022/01/18/emocao-e-choro-marcam-inicio-da-imunizacao-de-criancas-em-sao-paulo.htm, skipping...
[ERROR - 2026-03-03 12:21:06,209 - Worker_4] Status code == 403 for https://tab.uol.com.br/noticias/redacao/2022/01/18/brasiguaios-dominam-o-maior-assentamento-de-sem-terra-do-pais.htm, skipping...
[ERROR - 2026-03-03 12:21:08,166 - Worker_3] Status code == 403 for https://economia.uol.com.br/videos/2022/01/17/midia-e-marketing-116-paula-englert-ceo-da-box-1824.htm, skipping...
[ERROR - 2026-03-03 12:21:08,212 - Worker_1] Status code == 403 for https://noticias.uol.com.br/colunas/maria-carolina-trevisan/2022/01/18/queiroga-assume-bolsonarismo-radical-ao-mentir-sobre-obitos-e-vacinas.htm, skipping...
[ERROR - 2026-03-03 12:21:09,562 - Worker_0] Status code == 403 for https://noticias.uol.com.br/colunas/mauricio-stycer/2022/01/18/globo-orienta-jornalistas-a-nao-opinarem-sobre-participantes-do-bbb.htm, skipping...
[ERROR - 2026-03-03 12:21:11,157 - Worker_2] Status code == 403 for https://economia.uol.com.br/colunas/carla-araujo/2022/01/18/roma-governo-nao-vai-pagar-retroativo-de-ate-r-400-do-auxilio-de-novembro.htm, skipping...
[ERROR - 2026-03-03 12:21:12,492 - Worker_3] Status code == 403 for https://noticias.uol.com.br/cotidiano/ultimas-noticias/2022/01/18/rj-homem-alega-apagao-para-ter-estrangulado-idosa-apos-acidente.htm, skipping...
[ERROR - 2026-03-03 12:21:12,911 - Worker_4] Status code == 403 for https://noticias.uol.com.br/ultimas-noticias/agencia-brasil/2022/01/18/governo-mineiro-anuncia-recursos-para-recuperacao-apos-temporais.htm, skipping...
[ERROR - 2026-03-03 12:21:14,827 - Worker_1] Status code == 403 for https://noticias.uol.com.br/ultimas-noticias/agencia-brasil/2022/01/18/olimpiada-de-matematica-divulga-lista-de-premiados.htm, skipping...
[ERROR - 2026-03-03 12:21:23,955 - Worker_1] Status code == 403 for https://noticias.uol.com.br/saude/ultimas-noticias/redacao/2022/01/18/covid-19-coronavirus-casos-mortes-18-de-janeiro.htm, skipping...
[ERROR - 2026-03-03 12:21:25,067 - Worker_2] Status code == 403 for https://noticias.uol.com.br/politica/ultimas-noticias/2022/01/18/mp-pede-que-tcu-apure-gastos-com-internacoes-de-bolsonaro.htm, skipping...
[ERROR - 2026-03-03 12:21:28,331 - Worker_1] Status code == 403 for https://economia.uol.com.br/cotacoes/noticias/redacao/2022/01/18/fechamento-dolar-ibovespa-18-janeiro.htm, skipping...
[ERROR - 2026-03-03 12:21:36,506 - Worker_4] Status code == 403 for https://noticias.uol.com.br/cotidiano/ultimas-noticias/2022/01/18/menina-morre-apos-pilar-cair-durante-brincadeira-em-rede-de-balanco.htm, skipping...
[ERROR - 2026-03-03 12:21:43,194 - Worker_2] Status code == 403 for https://economia.uol.com.br/noticias/redacao/2022/01/18/joao-roma-auxilio-brasil-ministro-cidadania.htm, skipping...
[ERROR - 2026-03-03 12:21:48,406 - Worker_1] Status code == 403 for https://noticias.uol.com.br/colunas/josmar-jozino/2022/01/18/passaporte-encontrado-na-casa-da-namorada-identifica-o-aquaman-do-pcc.htm, skipping...
[ERROR - 2026-03-03 12:21:50,133 - Worker_4] Status code == 403 for https://noticias.uol.com.br/ultimas-noticias/afp/2022/01/18/juiz-da-suprema-corte-dos-eua-se-nega-a-usar-mascara.htm, skipping...
[ERROR - 2026-03-03 12:21:52,777 - Worker_1] Status code == 403 for https://tab.uol.com.br/noticias/redacao/2022/01/18/tem-diferenca-brasileiro-faz-degustacoes-gourmet-de-cigarros-no-youtube.htm, skipping...
[ERROR - 2026-03-03 12:22:05,084 - Worker_3] Status code == 403 for https://noticias.uol.com.br/cotidiano/ultimas-noticias/2022/01/18/escola-mg-cartilha-estampa-de-materiais.htm, skipping...
[ERROR - 2026-03-03 12:22:08,728 - Worker_4] Status code == 403 for https://economia.uol.com.br/noticias/redacao/2022/01/18/protesto-servidores-reajuste-salarial-tarde-terca.htm, skipping...
[ERROR - 2026-03-03 12:22:15,265 - Worker_2] Status code == 403 for https://noticias.uol.com.br/saude/ultimas-noticias/afp/2022/01/18/empresas-pagarao-auxilio-doenca-menor-a-nao-vacinados-no-reino-unido.htm, skipping...
[ERROR - 2026-03-03 12:22:19,434 - Worker_2] Status code == 403 for https://economia.uol.com.br/noticias/redacao/2022/01/15/divida-apos-morte.htm, skipping...
[ERROR - 2026-03-03 12:22:22,292 - Worker_4] Status code == 403 for https://noticias.uol.com.br/cotidiano/ultimas-noticias/2022/01/18/caso-henry-confronto-advogados.htm, skipping...
[ERROR - 2026-03-03 12:22:25,053 - Worker_3] Status code == 403 for https://noticias.uol.com.br/internacional/ultimas-noticias/2022/01/18/onda-de-calor-galinhas-uruguai.htm, skipping...
[ERROR - 2026-03-03 12:22:29,153 - Worker_3] Status code == 403 for https://noticias.uol.com.br/colunas/tales-faria/2022/01/18/weintraub-mandou-recado-de-que-sabe-das-entranhas-do-bolsonarismo.htm, skipping...
[ERROR - 2026-03-03 12:22:46,067 - Worker_1] Status code == 403 for https://noticias.uol.com.br/saude/ultimas-noticias/redacao/2022/01/19/rondonia-autoriza-medicamentos-ineficazes-covid-19.htm, skipping...
[ERROR - 2026-03-03 12:22:46,400 - Worker_2] Status code == 403 for https://noticias.uol.com.br/confere/ultimas-noticias/2022/01/19/nao-e-verdade-que-lula-aboliu-brasileiros-dormindo-nas-ruas.htm, skipping...
[ERROR - 2026-03-03 12:22:49,608 - Worker_3] Status code == 403 for https://tab.uol.com.br/noticias/redacao/2022/01/19/criancas-no-rio-minha-dinda-morreu-de-covid-19-vacinar-e-um-alivio.htm, skipping...
[ERROR - 2026-03-03 12:22:50,783 - Worker_2] Status code == 403 for https://noticias.uol.com.br/opiniao/coluna/2022/01/19/carnaval-ao-som-dos-tambores-se-aproxima-ao-menos-para-os-uruguaios.htm, skipping...
[ERROR - 2026-03-03 12:22:53,946 - Worker_3] Status code == 403 for https://noticias.uol.com.br/politica/ultimas-noticias/2022/01/17/gabinete-do-odio-usou-viagem-de-bolsonaro-para-negociar-sistema-espiao.htm, skipping...
[ERROR - 2026-03-03 12:23:00,755 - Worker_4] Status code == 403 for https://economia.uol.com.br/videos/2022/01/17/midia-e-marketing-116-paula-englert-ceo-da-box-1824.htm, skipping...
[ERROR - 2026-03-03 12:23:01,790 - Worker_0] Status code == 403 for https://noticias.uol.com.br/colunas/josias-de-souza/2022/01/19/falta-bilheteria-para-o-circo-da-seguranca-no-rio.htm, skipping...
[ERROR - 2026-03-03 12:23:01,874 - Worker_1] Status code == 403 for https://noticias.uol.com.br/ultimas-noticias/2022/01/19/mega-sena-premio-e-de-r-163-milhoes-veja-os-numeros-sorteados-hoje.htm, skipping...
[ERROR - 2026-03-03 12:23:04,933 - Worker_3] Status code == 403 for https://noticias.uol.com.br/politica/ultimas-noticias/2022/01/19/conflito-com-weintraub-sinaliza-colapso-do-governo-bolsonaro-diz-professor.htm, skipping...
[ERROR - 2026-03-03 12:23:10,253 - Worker_0] Status code == 403 for https://noticias.uol.com.br/politica/ultimas-noticias/2022/01/19/tse-afirma-que-ainda-nao-definiu-protocolo-sanitario-para-eleicoes.htm, skipping...
[ERROR - 2026-03-03 12:23:18,401 - Worker_3] Status code == 403 for https://noticias.uol.com.br/ultimas-noticias/bbc/2022/01/19/mulher-morreu-cirurgia-plastica.htm, skipping...
[ERROR - 2026-03-03 12:23:20,643 - Worker_1] Status code == 403 for https://noticias.uol.com.br/ultimas-noticias/afp/2022/01/19/mais-de-80-da-populacao-de-tonga-foi-afetada-pela-erupcao-de-vulcao-e-tsunami.htm, skipping...
[ERROR - 2026-03-03 12:23:31,621 - Worker_0] Status code == 403 for https://noticias.uol.com.br/ultimas-noticias/afp/2022/01/19/invasao-russa-provocaria-saida-de-tropas-dos-eua-em-missao-de-treinamento-na-ucrania.htm, skipping...
[ERROR - 2026-03-03 12:23:44,411 - Worker_4] Status code == 403 for https://noticias.uol.com.br/cotidiano/ultimas-noticias/2022/01/19/reconhecimento-facial-jacarezinho.htm, skipping...
[ERROR - 2026-03-03 12:23:48,547 - Worker_4] Status code == 403 for https://noticias.uol.com.br/politica/ultimas-noticias/2022/01/19/botelho-inconstancia-de-moro-aponta-por-que-nao-decolou-e-nao-vai-decolar.htm, skipping...
[ERROR - 2026-03-03 12:23:48,748 - Worker_2] Status code == 403 for https://economia.uol.com.br/colunas/carla-araujo/2022/01/19/planalto-ve-weintraub-com-ego-ferido-maluco-e-que-quer-voto.htm, skipping...
[ERROR - 2026-03-03 12:23:53,105 - Worker_2] Status code == 403 for https://economia.uol.com.br/noticias/reuters/2022/01/19/bolsonaro-diz-que-ha-possibilidade-de-reajuste-de-servidores-no-proximo-ano.htm, skipping...
[ERROR - 2026-03-03 12:23:57,184 - Worker_4] Status code == 403 for https://noticias.uol.com.br/politica/ultimas-noticias/2022/01/19/tales-faria-uol-news.htm, skipping...
[ERROR - 2026-03-03 12:24:01,054 - Worker_3] Status code == 403 for https://noticias.uol.com.br/saude/ultimas-noticias/redacao/2022/01/19/covid-19-coronavirus-casos-mortes-19-de-janeiro.htm, skipping...
[ERROR - 2026-03-03 12:24:02,126 - Worker_2] Status code == 403 for https://tab.uol.com.br/noticias/redacao/2022/01/18/tem-diferenca-brasileiro-faz-degustacoes-gourmet-de-cigarros-no-youtube.htm, skipping...
[ERROR - 2026-03-03 12:24:06,003 - Worker_4] Status code == 403 for https://noticias.uol.com.br/cotidiano/ultimas-noticias/2022/01/19/policia-civil-indicia-ex-padre-por-violencia-sexual-contra-3-monges-em-mg.htm, skipping...
[ERROR - 2026-03-03 12:24:07,398 - Worker_0] Status code == 403 for https://noticias.uol.com.br/colunas/andre-santana/2022/01/19/bbb22-natalia-errou-nenhum-povo-tem-aptidao-para-ser-escravo.htm, skipping...
[ERROR - 2026-03-03 12:24:14,380 - Worker_1] Status code == 403 for https://noticias.uol.com.br/colunas/balaio-do-kotscho/2022/01/19/elis-e-pele-robinho-e-endrick-as-muitas-faces-do-brasil-de-2021-em-transe.htm, skipping...
[ERROR - 2026-03-03 12:24:15,254 - Worker_3] Status code == 403 for https://noticias.uol.com.br/colunas/chico-alves/2022/01/19/com-muita-policia-e-sem-servicos-claudio-castro-tenta-emplacar-nova-upp.htm, skipping...
[ERROR - 2026-03-03 12:24:15,450 - Worker_2] Status code == 403 for https://noticias.uol.com.br/cotidiano/ultimas-noticias/2022/01/19/helicoptero-cai-em-praia-de-florianopolis-e-tres-ficam-feridos.htm, skipping...
[ERROR - 2026-03-03 12:24:19,397 - Worker_3] Status code == 403 for https://noticias.uol.com.br/colunas/felipe-moura-brasil/2022/01/19/kim-quer-moro-mais-incisivo-contra-lula-e-bolsonaro.htm, skipping...
[ERROR - 2026-03-03 12:24:56,983 - Worker_0] Status code == 403 for https://tab.uol.com.br/noticias/redacao/2022/01/19/criancas-no-rio-minha-dinda-morreu-de-covid-19-vacinar-e-um-alivio.htm, skipping...
[ERROR - 2026-03-03 12:25:01,528 - Worker_1] Status code == 403 for https://noticias.uol.com.br/colunas/cristina-tardaguila/2022/01/20/mulher-famosa-com-opiniao-politica-da-lhe-fake-news-nela.htm, skipping...
[ERROR - 2026-03-03 12:25:05,773 - Worker_0] Status code == 403 for https://noticias.uol.com.br/cotidiano/ultimas-noticias/2022/01/20/chuvas-no-brasil-causaram-prejuizo-de-r-555-bilhoes-em-5-anos-diz-cnm.htm, skipping...
[ERROR - 2026-03-03 12:25:09,536 - Worker_3] Status code == 403 for https://tab.uol.com.br/noticias/redacao/2022/01/18/brasiguaios-dominam-o-maior-assentamento-de-sem-terra-do-pais.htm, skipping...
[ERROR - 2026-03-03 12:25:09,888 - Worker_0] Status code == 403 for https://noticias.uol.com.br/saude/ultimas-noticias/redacao/2022/01/20/doria-coronavac-anvisa-libera.htm, skipping...
[ERROR - 2026-03-03 12:25:13,999 - Worker_0] Status code == 403 for https://noticias.uol.com.br/politica/ultimas-noticias/2022/01/20/eduardo-bolsonaro-escancara-crise-e-troca-farpas-com-irmaos-weintraub.htm, skipping...
[ERROR - 2026-03-03 12:25:15,074 - Worker_2] Status code == 403 for https://noticias.uol.com.br/colunas/rubens-valente/2022/01/20/juiz-federal-afastado-operacao-lama-asfaltica-ms.htm, skipping...
[ERROR - 2026-03-03 12:25:23,579 - Worker_2] Status code == 403 for https://noticias.uol.com.br/colunas/chico-alves/2022/01/20/barra-torres-usa-a-palavra-certa-para-definir-atos-de-bolsonaro-crime.htm, skipping...
[ERROR - 2026-03-03 12:25:23,928 - Worker_1] Status code == 403 for https://noticias.uol.com.br/saude/ultimas-noticias/redacao/2022/01/20/goias-doses-pediatricas-pfizer-temperatura-errada.htm, skipping...
[ERROR - 2026-03-03 12:25:34,690 - Worker_1] Status code == 403 for https://noticias.uol.com.br/colunas/felipe-moura-brasil/2022/01/20/o-rabo-preso-de-bolsonaro-segundo-moro.htm, skipping...
[ERROR - 2026-03-03 12:25:37,828 - Worker_2] Status code == 403 for https://noticias.uol.com.br/colunas/felipe-moura-brasil/2022/01/20/moro-gilmar-erra-muito-e-lula-deveria-estar-ate-hoje-na-prisao.htm, skipping...
[ERROR - 2026-03-03 12:26:00,906 - Worker_3] Status code == 403 for https://noticias.uol.com.br/ultimas-noticias/bbc/2022/01/20/as-conclusoes-do-relatorio-que-aponta-que-papa-bento-16-falhou-em-combater-abusos.htm, skipping...
[ERROR - 2026-03-03 12:26:02,104 - Worker_1] Status code == 403 for https://noticias.uol.com.br/cotidiano/ultimas-noticias/2022/01/19/jovem-de-sp-desaparecido-desde-2020-e-encontrado-no-df.htm, skipping...
[ERROR - 2026-03-03 12:26:06,303 - Worker_4] Status code == 403 for https://noticias.uol.com.br/cotidiano/ultimas-noticias/2022/01/20/mp-denuncia-pastor-por-ataques-a-religioes-de-matriz-africana-em-pernambuco.htm, skipping...
[ERROR - 2026-03-03 12:26:06,857 - Worker_0] Status code == 403 for https://noticias.uol.com.br/politica/ultimas-noticias/2022/01/20/poderdata-pesquisa-lula-bolsonaro-janeiro.htm, skipping...
[ERROR - 2026-03-03 12:26:10,504 - Worker_3] Status code == 403 for https://noticias.uol.com.br/colunas/balaio-do-kotscho/2022/01/20/agora-todos-querem-dar-palpite-na-campanha-de-lula-que-se-finge-de-morto.htm, skipping...
[ERROR - 2026-03-03 12:26:10,620 - Worker_4] Status code == 403 for https://noticias.uol.com.br/cotidiano/ultimas-noticias/2022/01/20/go-homem-pede-desculpas-para-deus-apos-furtar-padre-em-casa-paroquial.htm, skipping...
[ERROR - 2026-03-03 12:26:11,411 - Worker_1] Status code == 403 for https://noticias.uol.com.br/cotidiano/ultimas-noticias/2022/01/20/comerciante-amputado-e-multado-por-dirigir-com-braco-para-fora-do-carro.htm, skipping...
[ERROR - 2026-03-03 12:26:12,374 - Worker_2] Status code == 403 for https://tab.uol.com.br/noticias/redacao/2022/01/18/tem-diferenca-brasileiro-faz-degustacoes-gourmet-de-cigarros-no-youtube.htm, skipping...
[ERROR - 2026-03-03 12:26:19,446 - Worker_4] Status code == 403 for https://noticias.uol.com.br/cotidiano/ultimas-noticias/2022/01/20/casal-e-pm-sao-mortos-na-porta-de-boate-no-recreio-rj.htm, skipping...
[ERROR - 2026-03-03 12:26:19,765 - Worker_3] Status code == 403 for https://noticias.uol.com.br/cotidiano/ultimas-noticias/2022/01/19/policia-civil-indicia-ex-padre-por-violencia-sexual-contra-3-monges-em-mg.htm, skipping...
[ERROR - 2026-03-03 12:26:19,991 - Worker_1] Status code == 403 for https://noticias.uol.com.br/internacional/ultimas-noticias/2022/01/20/passageira-se-recusa-a-usar-mascara-e-voo-para-londres-retorna-aos-eua.htm, skipping...
[ERROR - 2026-03-03 12:26:33,225 - Worker_2] Status code == 403 for https://noticias.uol.com.br/ultimas-noticias/bbc/2022/01/20/o-que-morte-de-cantora-que-contraiu-covid-de-proposito-revela-sobre-pandemia-e-vacinas.htm, skipping...
[ERROR - 2026-03-03 12:26:35,309 - Worker_1] Status code == 403 for https://noticias.uol.com.br/saude/ultimas-noticias/redacao/2022/01/20/covid-19-coronavirus-casos-mortes-20-de-janeiro.htm, skipping...
[ERROR - 2026-03-03 12:26:35,318 - Worker_3] Status code == 403 for https://noticias.uol.com.br/cotidiano/ultimas-noticias/2022/01/20/policia-descobre-casa-de-luxo-de-traficante-no-jacarezinho.htm, skipping...
[ERROR - 2026-03-03 12:26:37,174 - Worker_4] Status code == 403 for https://noticias.uol.com.br/colunas/josmar-jozino/2022/01/20/drogas-apreendidas-devem-ser-filmadas-determina-delegacia-geral-de-policia.htm, skipping...
[ERROR - 2026-03-03 12:26:39,429 - Worker_1] Status code == 403 for https://noticias.uol.com.br/politica/ultimas-noticias/2022/01/20/indicado-a-lider-do-governo-diz-nao-avaliar-convite-por-ser-suplente-ainda.htm, skipping...
[ERROR - 2026-03-03 12:26:39,510 - Worker_3] Status code == 403 for https://tab.uol.com.br/videos/2022/01/20/caoscast-para-ser-mistico-em-2022-e-preciso-ter-senso-de-comunidade.htm, skipping...
[ERROR - 2026-03-03 12:26:47,670 - Worker_2] Status code == 403 for https://noticias.uol.com.br/colunas/josias-de-souza/2022/01/20/campanha-nao-sera-completa-sem-uma-lavagem-de-roupa-suja-entre-lula-e-moro.htm, skipping...
[ERROR - 2026-03-03 12:26:53,327 - Worker_4] Status code == 403 for https://noticias.uol.com.br/colunas/coluna-entendendo-bolsonaro/2022/01/20/na-corrida-eleitoral-lula-deveria-parar-de-olhar-pelo-retrovisor.htm, skipping...
[ERROR - 2026-03-03 12:27:10,888 - Worker_2] Status code == 403 for https://noticias.uol.com.br/politica/ultimas-noticias/2022/01/21/1-turno-tabata-diz-que-so-deve-votar-em-lula-em-caso-de-alianca-com-psb.htm, skipping...
[ERROR - 2026-03-03 12:27:15,340 - Worker_2] Status code == 403 for https://tab.uol.com.br/noticias/redacao/2022/01/21/porto-alegre-derrete-sob-calor-de-40c-e-pessoas-trocam-o-dia-pela-noite.htm, skipping...
[ERROR - 2026-03-03 12:27:15,808 - Worker_1] Status code == 403 for https://tab.uol.com.br/noticias/redacao/2022/01/18/brasiguaios-dominam-o-maior-assentamento-de-sem-terra-do-pais.htm, skipping...
[ERROR - 2026-03-03 12:27:23,306 - Worker_4] Status code == 403 for https://tab.uol.com.br/noticias/redacao/2022/01/21/nao-sei-mais-ser-eu-pai-de-henry-borel-se-apoia-em-medicacao-ong-e-fe.htm, skipping...
[ERROR - 2026-03-03 12:27:26,709 - Worker_1] Status code == 403 for https://noticias.uol.com.br/politica/ultimas-noticias/2022/01/20/entrevista-amigo-de-bolsonaro-caso-rachadinhas.htm, skipping...
[ERROR - 2026-03-03 12:27:27,424 - Worker_3] Status code == 403 for https://noticias.uol.com.br/comprova/ultimas-noticias/2022/01/21/video-de-pai-desesperado-e-antigo-e-nao-tem-relacao-com-vacina.htm, skipping...
[ERROR - 2026-03-03 12:27:37,624 - Worker_2] Status code == 403 for https://noticias.uol.com.br/politica/ultimas-noticias/2022/01/21/rachadinha-revista-publica-audios-apos-flavio-bolsonaro-atacar-reportagem.htm, skipping...
[ERROR - 2026-03-03 12:27:38,158 - Worker_1] Status code == 403 for https://noticias.uol.com.br/ultimas-noticias/agencia-estado/2022/01/21/sindicato-dos-medicos-e-abi-pedem-impeachment-de-queiroga.htm, skipping...
[ERROR - 2026-03-03 12:27:42,497 - Worker_4] Status code == 403 for https://blogdojuca.uol.com.br/2022/01/elza-soaresmane-garrincha/, skipping...
[ERROR - 2026-03-03 12:27:44,950 - Worker_0] Status code == 403 for https://noticias.uol.com.br/ultimas-noticias/agencia-estado/2022/01/21/juiz-multa-homem-com-covid-19-em-r-3-mil-por-sair-as-ruas-sem-mascara-em-sp.htm, skipping...
[ERROR - 2026-03-03 12:27:46,808 - Worker_4] Status code == 403 for https://noticias.uol.com.br/saude/ultimas-noticias/redacao/2022/01/21/covid-19-coronavirus-casos-mortes-21-de-janeiro.htm, skipping...
[ERROR - 2026-03-03 12:27:57,626 - Worker_3] Status code == 403 for https://noticias.uol.com.br/cotidiano/ultimas-noticias/2022/01/21/familia-espera-mais-de-tres-meses-para-enterrar-corpo-de-jovem-em-caxias.htm, skipping...
[ERROR - 2026-03-03 12:28:01,947 - Worker_3] Status code == 403 for https://noticias.uol.com.br/cotidiano/ultimas-noticias/2022/01/21/empresaria-e-encontrada-morta-dentro-de-bau-em-apartamento-que-morava-em-sp.htm, skipping...
[ERROR - 2026-03-03 12:29:02,553 - Worker_3] Status code == 403 for https://tab.uol.com.br/videos/2022/01/20/caoscast-para-ser-mistico-em-2022-e-preciso-ter-senso-de-comunidade.htm, skipping...
[ERROR - 2026-03-03 12:29:06,700 - Worker_1] Status code == 403 for https://noticias.uol.com.br/colunas/felipe-moura-brasil/2022/01/21/e-melhor-rachar-a-direita-que-salario-de-assessor.htm, skipping...
[ERROR - 2026-03-03 12:29:06,705 - Worker_3] Status code == 403 for https://noticias.uol.com.br/colunas/josias-de-souza/2022/01/21/sob-questionamento-interno-pdt-formaliza-candidatura-presidencial-de-ciro.htm, skipping...
[ERROR - 2026-03-03 12:29:13,037 - Worker_1] Status code == 403 for https://noticias.uol.com.br/politica/ultimas-noticias/2022/01/21/psb-diz-que-pt-apoiara-freixo-no-rj-disputa-entre-franca-e-haddad-continua.htm, skipping...
[ERROR - 2026-03-03 12:29:14,540 - Worker_2] Status code == 403 for https://noticias.uol.com.br/politica/ultimas-noticias/2022/01/21/lancamento-candidatura-ciro.htm, skipping...
[ERROR - 2026-03-03 12:29:19,376 - Worker_1] Status code == 403 for https://noticias.uol.com.br/ultimas-noticias/bbc/2022/01/21/como-e-viver-na-expectativa-de-um-superterremoto-e-tsunami-no-japao.htm, skipping...
[ERROR - 2026-03-03 12:29:19,784 - Worker_0] Status code == 403 for https://educacao.uol.com.br/noticias/2022/01/21/livros-infantis-leitura-para-criancas-pequenas-2-ou-3-anos-10-anos.htm, skipping...
[ERROR - 2026-03-03 12:29:22,256 - Worker_4] Status code == 403 for https://noticias.uol.com.br/politica/ultimas-noticias/2022/01/21/mae-de-jair-bolsonaro-morre-aos-94-anos-no-interior-de-sao-paulo.htm, skipping...
[ERROR - 2026-03-03 12:29:34,469 - Worker_0] Status code == 403 for https://noticias.uol.com.br/ultimas-noticias/agencia-estado/2022/01/22/russia-e-japao-batem-novos-recordes-de-infeccoes-por-covid-19.htm, skipping...
[ERROR - 2026-03-03 12:29:49,310 - Worker_4] Status code == 403 for https://tab.uol.com.br/noticias/redacao/2022/01/18/brasiguaios-dominam-o-maior-assentamento-de-sem-terra-do-pais.htm, skipping...
[ERROR - 2026-03-03 12:29:51,584 - Worker_3] Status code == 403 for https://noticias.uol.com.br/ultimas-noticias/agencia-estado/2022/01/22/mp-ve-possivel-difamacao-de-ernesto-araujo-contra-fabio-faria-mas-nao-calunia.htm, skipping...
[ERROR - 2026-03-03 12:29:53,424 - Worker_4] Status code == 403 for https://noticias.uol.com.br/colunas/balaio-do-kotscho/2022/01/22/brizola-100-no-final-do-exilio-ele-queria-saber-o-que-acontecia-no-mundo.htm, skipping...
[ERROR - 2026-03-03 12:30:04,521 - Worker_0] Status code == 403 for https://noticias.uol.com.br/politica/ultimas-noticias/2022/01/21/rachadinha-revista-publica-audios-apos-flavio-bolsonaro-atacar-reportagem.htm, skipping...
[ERROR - 2026-03-03 12:30:06,691 - Worker_3] Status code == 403 for https://noticias.uol.com.br/ultimas-noticias/agencia-estado/2022/01/22/no-primeiro-dia-de-vacinacao-de-criancas-em-sp-movimento-e-intenso.htm/, skipping...
[ERROR - 2026-03-03 12:30:08,655 - Worker_0] Status code == 403 for https://noticias.uol.com.br/cotidiano/ultimas-noticias/2022/01/22/capitolio-desmoronamento-rocha-fragmentada-esfacelamento-rio.htm, skipping...
[ERROR - 2026-03-03 12:30:10,505 - Worker_2] Status code == 403 for https://noticias.uol.com.br/cotidiano/ultimas-noticias/2022/01/22/cliente-reclama-entregador-negro-aplicativo-delivery.htm, skipping...
[ERROR - 2026-03-03 12:30:16,935 - Worker_2] Status code == 403 for https://noticias.uol.com.br/politica/ultimas-noticias/2022/01/22/alckmin-psd-psb-aliado-lula.htm, skipping...
[ERROR - 2026-03-03 12:30:21,798 - Worker_1] Status code == 403 for https://noticias.uol.com.br/politica/ultimas-noticias/2022/01/22/waldir-assessor-bolsonaro.htm, skipping...
[ERROR - 2026-03-03 12:30:25,705 - Worker_3] Status code == 403 for https://noticias.uol.com.br/ultimas-noticias/bbc/2022/01/22/quem-eram-os-alienistas-grupo-do-qual-sigmund-freud-fez-parte.htm, skipping...
[ERROR - 2026-03-03 12:30:25,898 - Worker_1] Status code == 403 for https://noticias.uol.com.br/cotidiano/ultimas-noticias/2022/01/22/policia-de-sp-prende-cinco-suspeitos-de-golpes-em-aplicativos-de-encontros.htm, skipping...
[ERROR - 2026-03-03 12:30:32,774 - Worker_4] Status code == 403 for https://economia.uol.com.br/mais/ultimas-noticias/2022/01/22/responsabilidade-investimentos-influenciadores-e-analists.htm, skipping...
[ERROR - 2026-03-03 12:30:35,235 - Worker_2] Status code == 403 for https://noticias.uol.com.br/cotidiano/ultimas-noticias/2022/01/22/homem-morre-catador-lixo-tiros-mg.htm, skipping...
[ERROR - 2026-03-03 12:30:37,102 - Worker_4] Status code == 403 for https://economia.uol.com.br/todos-a-bordo/2022/01/22/acontece-morre-passageiro-obito-morte-aviao-piloto-corpo-bordo-aeroporto.htm, skipping...
[ERROR - 2026-03-03 12:30:40,361 - Worker_0] Status code == 403 for https://noticias.uol.com.br/colunas/jamil-chade/2022/01/22/nova-chanceler-chilena-denunciou-discurso-de-odio-e-violacoes-no-brasil.htm, skipping...
[ERROR - 2026-03-03 12:30:42,019 - Worker_1] Status code == 403 for https://noticias.uol.com.br/colunas/ronilso-pacheco/2022/01/22/bolsonaristas-exilados-articulam-direita-religiosa-nos-eua-e-brasil.htm, skipping...
[ERROR - 2026-03-03 12:30:43,517 - Worker_4] Status code == 403 for https://noticias.uol.com.br/cotidiano/ultimas-noticias/2022/01/19/policia-civil-indicia-ex-padre-por-violencia-sexual-contra-3-monges-em-mg.htm, skipping...
[ERROR - 2026-03-03 12:30:44,153 - Worker_3] Status code == 403 for https://tab.uol.com.br/noticias/redacao/2022/01/22/primeiro-palco-de-faustao-na-band-teatro-zaccaro-se-deteriora-concretado.htm, skipping...
[ERROR - 2026-03-03 12:30:49,040 - Worker_0] Status code == 403 for https://tab.uol.com.br/noticias/redacao/2022/01/22/os-barrancos-e-os-voos-de-elza-soares-sintese-colossal-da-alma-brasileira.htm, skipping...
[ERROR - 2026-03-03 12:30:49,326 - Worker_2] Status code == 403 for https://noticias.uol.com.br/politica/ultimas-noticias/2022/01/22/apos-enterro-da-mae-bolsonaro-vai-a-loterica-e-repete-pregacao-antivacina.htm, skipping...
[ERROR - 2026-03-03 12:30:52,884 - Worker_3] Status code == 403 for https://noticias.uol.com.br/cotidiano/ultimas-noticias/2022/01/22/policia-federal-operacao-helicoptero-cocaina-presidente-prudente.htm, skipping...
[ERROR - 2026-03-03 12:30:57,226 - Worker_4] Status code == 403 for https://noticias.uol.com.br/saude/ultimas-noticias/redacao/2022/01/22/anvisa-ameacas-vacinacao-infantil.htm, skipping...
[ERROR - 2026-03-03 12:31:01,354 - Worker_4] Status code == 403 for https://noticias.uol.com.br/cotidiano/ultimas-noticias/2022/01/22/governo-bahia-uniao-recursos-cidades-atingidas-chuvas.htm, skipping...
[ERROR - 2026-03-03 12:31:05,461 - Worker_4] Status code == 403 for https://tab.uol.com.br/videos/2022/01/20/caoscast-para-ser-mistico-em-2022-e-preciso-ter-senso-de-comunidade.htm, skipping...
[ERROR - 2026-03-03 12:31:06,093 - Worker_3] Status code == 403 for https://noticias.uol.com.br/saude/ultimas-noticias/redacao/2022/01/22/covid-19-coronavirus-casos-mortes-22-de-janeiro.htm, skipping...
[ERROR - 2026-03-03 12:31:09,637 - Worker_4] Status code == 403 for https://noticias.uol.com.br/colunas/josias-de-souza/2022/01/21/bolsonaro-entra-em-2022-com-o-espinho-da-rachadinha-cravado-no-pe.htm, skipping...
[ERROR - 2026-03-03 12:31:15,161 - Worker_3] Status code == 403 for https://economia.uol.com.br/noticias/estadao-conteudo/2022/01/22/bolsonaro-anuncia-veto-de-r-28-bi-do-orcamento.htm, skipping...
[ERROR - 2026-03-03 12:31:24,879 - Worker_0] Status code == 403 for https://noticias.uol.com.br/colunas/josias-de-souza/2022/01/23/centrao-agora-mede-forcas-com-carlos-bolsonaro.htm, skipping...
[ERROR - 2026-03-03 12:31:28,434 - Worker_3] Status code == 403 for https://noticias.uol.com.br/ultimas-noticias/bbc/2022/01/23/como-guerra-civil-levou-a-1-epidemia-de-drogas-dos-eua.htm, skipping...
[ERROR - 2026-03-03 12:31:32,547 - Worker_3] Status code == 403 for https://noticias.uol.com.br/ultimas-noticias/afp/2022/01/23/presidente-da-armenia-renuncia-em-meio-a-crise-nacional.htm, skipping...
[ERROR - 2026-03-03 12:31:33,504 - Worker_0] Status code == 403 for https://economia.uol.com.br/noticias/bbc/2022/01/23/china-os-3-pilares-da-expansao-do-pais-na-america-latina-em-2-anos-de-pandemia-de-covid-19.htm, skipping...
[ERROR - 2026-03-03 12:31:37,631 - Worker_1] Status code == 403 for https://tab.uol.com.br/noticias/redacao/2022/01/18/brasiguaios-dominam-o-maior-assentamento-de-sem-terra-do-pais.htm, skipping...
[ERROR - 2026-03-03 12:31:39,811 - Worker_0] Status code == 403 for https://noticias.uol.com.br/cotidiano/ultimas-noticias/2022/01/23/pm-tapa-rosto-mulher-bahia.htm, skipping...
[ERROR - 2026-03-03 12:31:40,914 - Worker_4] Status code == 403 for https://noticias.uol.com.br/saude/ultimas-noticias/redacao/2022/01/23/medicos-relatam-covid-grave-e-atribuem-omicron-leve-a-vacinacao-no-pais.htm, skipping...
[ERROR - 2026-03-03 12:31:46,027 - Worker_2] Status code == 403 for https://noticias.uol.com.br/ultimas-noticias/agencia-estado/2022/01/23/justica-reve-prisoes-com-base-em-fotos.htm, skipping...
[ERROR - 2026-03-03 12:31:55,687 - Worker_3] Status code == 403 for https://noticias.uol.com.br/ultimas-noticias/agencia-estado/2022/01/23/entidades-criticam-sabotagem-contra-vacina.htm, skipping...
[ERROR - 2026-03-03 12:31:55,823 - Worker_1] Status code == 403 for https://tab.uol.com.br/noticias/redacao/2022/01/23/como-foi-o-ultimo-dia-de-trabalho-de-atico-o-maitre-mais-antigo-de-sp.htm, skipping...
[ERROR - 2026-03-03 12:31:57,642 - Worker_0] Status code == 403 for https://noticias.uol.com.br/ultimas-noticias/agencia-estado/2022/01/23/homens-sao-presos-no-rio-transportando-dez-pistolas-no-tanque-de-combustivel.htm, skipping...
[ERROR - 2026-03-03 12:32:00,157 - Worker_1] Status code == 403 for https://noticias.uol.com.br/internacional/ultimas-noticias/2022/01/23/menina-sobrevive-tempestade-de-neve-cachorro-russia.htm, skipping...
[ERROR - 2026-03-03 12:32:02,251 - Worker_3] Status code == 403 for https://noticias.uol.com.br/colunas/walter-maierovitch/2022/01/23/segunda-feira-a-italia-comeca-a-escolher-o-presidente-da-republica.htm, skipping...
[ERROR - 2026-03-03 12:32:06,330 - Worker_0] Status code == 403 for https://noticias.uol.com.br/internacional/ultimas-noticias/2022/01/23/mulher-gasta-r-36-mil-na-conta-da-amazon-do-ex-para-se-vingar-de-traicao.htm, skipping...
[ERROR - 2026-03-03 12:32:07,902 - Worker_2] Status code == 403 for https://noticias.uol.com.br/ultimas-noticias/agencia-estado/2022/01/23/bolsonaro-dobra-aposta-em-carlos-para-campanha-nas-redes-sociais.htm, skipping...
[ERROR - 2026-03-03 12:32:08,916 - Worker_1] Status code == 403 for https://noticias.uol.com.br/colunas/mauricio-stycer/2022/01/21/paulistao-retrata-nova-realidade-do-negocio-de-direitos-esportivos-na-tv.htm, skipping...
[ERROR - 2026-03-03 12:32:25,384 - Worker_3] Status code == 403 for https://noticias.uol.com.br/colunas/balaio-do-kotscho/2022/01/23/medo-de-nao-ter-segundo-turno-une-todos-os-adversarios-em-ataques-a-lula.htm, skipping...
[ERROR - 2026-03-03 12:32:32,300 - Worker_4] Status code == 403 for https://noticias.uol.com.br/ultimas-noticias/ansa/2022/01/23/medico-diz-que-berlusconi-esta-em-hospital-mas-nega-internacao.htm, skipping...
[ERROR - 2026-03-03 12:32:36,406 - Worker_4] Status code == 403 for https://noticias.uol.com.br/cotidiano/ultimas-noticias/2022/01/19/policia-civil-indicia-ex-padre-por-violencia-sexual-contra-3-monges-em-mg.htm, skipping...
[ERROR - 2026-03-03 12:32:37,939 - Worker_2] Status code == 403 for https://noticias.uol.com.br/internacional/ultimas-noticias/2022/01/23/mulher-tatuagem-teias-de-aranha.htm, skipping...
[ERROR - 2026-03-03 12:32:42,192 - Worker_2] Status code == 403 for https://tab.uol.com.br/noticias/redacao/2022/01/22/primeiro-palco-de-faustao-na-band-teatro-zaccaro-se-deteriora-concretado.htm, skipping...
[ERROR - 2026-03-03 12:32:42,895 - Worker_1] Status code == 403 for https://noticias.uol.com.br/cotidiano/ultimas-noticias/2022/01/23/11-turistas-sao-resgatados-apos-se-afogarem-ao-mesmo-tempo-em-praia-da-pb.htm, skipping...
[ERROR - 2026-03-03 12:32:49,582 - Worker_4] Status code == 403 for https://tab.uol.com.br/noticias/redacao/2022/01/22/os-barrancos-e-os-voos-de-elza-soares-sintese-colossal-da-alma-brasileira.htm, skipping...
[ERROR - 2026-03-03 12:32:53,021 - Worker_0] Status code == 403 for https://blogdojuca.uol.com.br/2022/01/palmeiras-comeca-o-ano-com-o-pe-esquerdo/, skipping...
[ERROR - 2026-03-03 12:32:54,989 - Worker_3] Status code == 403 for https://noticias.uol.com.br/ultimas-noticias/agencia-estado/2022/01/23/peritos-da-pf-vao-analisar-por-que-mudou-a-cor-do-rio-tapajos-em-alter-do-chao.htm, skipping...
[ERROR - 2026-03-03 12:33:01,058 - Worker_4] Status code == 403 for https://tab.uol.com.br/videos/2022/01/20/caoscast-para-ser-mistico-em-2022-e-preciso-ter-senso-de-comunidade.htm, skipping...
[ERROR - 2026-03-03 12:33:05,383 - Worker_4] Status code == 403 for https://noticias.uol.com.br/colunas/rubens-valente/2022/01/23/pl-valdemar-costa-neto-campanha-jair-bolsonaro.htm, skipping...
[ERROR - 2026-03-03 12:33:08,891 - Worker_3] Status code == 403 for https://noticias.uol.com.br/colunas/jose-luiz-portella/2022/01/23/o-centrao-e-o-principal-motivo-atual-da-desigualdade.htm, skipping...
[ERROR - 2026-03-03 12:33:18,089 - Worker_3] Status code == 403 for https://noticias.uol.com.br/colunas/josmar-jozino/2022/01/23/guerra-interna-do-pcc-faz-mais-uma-vitima-na-zona-leste-de-sao-paulo.htm, skipping...
[ERROR - 2026-03-03 12:33:22,858 - Worker_1] Status code == 403 for https://noticias.uol.com.br/cotidiano/ultimas-noticias/2022/01/24/vereador-embu-das-artes-injuria-racial.htm, skipping...
[ERROR - 2026-03-03 12:33:27,373 - Worker_3] Status code == 403 for https://tab.uol.com.br/noticias/redacao/2022/01/24/olhe-pra-cima-com-corpos-flutuantes-obra-homenageia-mortos-por-covid.htm, skipping...
[ERROR - 2026-03-03 12:33:30,561 - Worker_0] Status code == 403 for https://noticias.uol.com.br/colunas/olga-curado/2022/01/24/bolsonaro-usa-cloroquina-como-chacrinha-usava-bacalhau.htm, skipping...
[ERROR - 2026-03-03 12:33:33,563 - Worker_2] Status code == 403 for https://noticias.uol.com.br/cotidiano/ultimas-noticias/2022/01/24/mae-de-jovem-encontrado-apos-quase-2-anos.htm, skipping...
[ERROR - 2026-03-03 12:33:37,684 - Worker_2] Status code == 403 for https://noticias.uol.com.br/cotidiano/ultimas-noticias/2022/01/24/feriado-do-aniversario-de-sao-paulo-pode-ter-recorde-de-calor.htm, skipping...
[ERROR - 2026-03-03 12:33:44,160 - Worker_1] Status code == 403 for https://tab.uol.com.br/noticias/redacao/2022/01/24/lei-do-silencio-impera-em-salvador-apos-morte-de-5-ciganos-da-mesma-familia.htm, skipping...
[ERROR - 2026-03-03 12:33:44,270 - Worker_2] Status code == 403 for https://tab.uol.com.br/noticias/redacao/2022/01/18/brasiguaios-dominam-o-maior-assentamento-de-sem-terra-do-pais.htm, skipping...
[ERROR - 2026-03-03 12:33:45,960 - Worker_3] Status code == 403 for https://noticias.uol.com.br/ultimas-noticias/afp/2022/01/24/terremoto-de-magnitude-53-deixa-dois-mortos-no-haiti.htm, skipping...
[ERROR - 2026-03-03 12:34:00,271 - Worker_1] Status code == 403 for https://noticias.uol.com.br/saude/ultimas-noticias/redacao/2022/01/24/covid-19-coronavirus-casos-mortes-24-de-janeiro.htm, skipping...
[ERROR - 2026-03-03 12:34:04,541 - Worker_2] Status code == 403 for https://noticias.uol.com.br/politica/ultimas-noticias/2022/01/24/alexandre-de-moraes-pf-weintraub.htm, skipping...
[ERROR - 2026-03-03 12:34:06,513 - Worker_0] Status code == 403 for https://economia.uol.com.br/noticias/estadao-conteudo/2022/01/24/populacao-pode-consultar-e-solicitar-valores-esquecidos-em-banco-a-partir-de-hoje.htm, skipping...
[ERROR - 2026-03-03 12:34:08,670 - Worker_2] Status code == 403 for https://economia.uol.com.br/noticias/bbc/2022/01/24/preferi-perder-meu-emprego-a-ter-que-me-vacinar.htm, skipping...
[ERROR - 2026-03-03 12:34:10,848 - Worker_0] Status code == 403 for https://noticias.uol.com.br/colunas/balaio-do-kotscho/2022/01/24/pamonhas-pamonhas-pamonhas-sao-paulo-468-e-uma-cidade-do-barulho.htm, skipping...
[ERROR - 2026-03-03 12:34:11,932 - Worker_4] Status code == 403 for https://noticias.uol.com.br/politica/ultimas-noticias/2022/01/24/promotor-rachadinha-carlos-bolsonaro-advogada-flavio.htm, skipping...
[ERROR - 2026-03-03 12:34:14,952 - Worker_0] Status code == 403 for https://economia.uol.com.br/noticias/estadao-conteudo/2022/01/24/para-omc-e-impossivel-que-economia-de-paises-pobres-se-recuperem-sem-vacinas.htm, skipping...
[ERROR - 2026-03-03 12:34:17,409 - Worker_2] Status code == 403 for https://economia.uol.com.br/colunas/jose-paulo-kupfer/2022/01/24/orcamento-confirma-entrega-da-caneta-bic-de-bolsonaro-ao-centrao.htm, skipping...
[ERROR - 2026-03-03 12:34:28,181 - Worker_2] Status code == 403 for https://economia.uol.com.br/videos/2022/01/24/midia-e-marketing-117-gabriela-onofre-cmo-da-unico-idtech.htm, skipping...
[ERROR - 2026-03-03 12:34:37,216 - Worker_0] Status code == 403 for https://noticias.uol.com.br/cotidiano/ultimas-noticias/2022/01/24/invasao-casa-jacarezinho.htm, skipping...
[ERROR - 2026-03-03 12:34:40,600 - Worker_1] Status code == 403 for https://noticias.uol.com.br/colunas/carolina-brigido/2022/01/24/pt-tenta-convencer-lula-a-escolher-aliado-para-pgr-se-vencer-eleicao.htm, skipping...
[ERROR - 2026-03-03 12:34:41,803 - Worker_0] Status code == 403 for https://tab.uol.com.br/colunas/lidia-zuin/2022/01/24/em-artigo-a-nature-pesquisadores-analisam-o-vies-cognitivo-das-fake-news.htm, skipping...
[ERROR - 2026-03-03 12:34:44,688 - Worker_1] Status code == 403 for https://noticias.uol.com.br/cotidiano/ultimas-noticias/2022/01/19/policia-civil-indicia-ex-padre-por-violencia-sexual-contra-3-monges-em-mg.htm, skipping...
[ERROR - 2026-03-03 12:34:45,907 - Worker_0] Status code == 403 for https://noticias.uol.com.br/colunas/josias-de-souza/2022/01/24/juiz-sergio-quebraria-o-sigilo-do-candidato-moro.htm, skipping...
[ERROR - 2026-03-03 12:34:50,005 - Worker_0] Status code == 403 for https://noticias.uol.com.br/cotidiano/ultimas-noticias/2022/01/24/video-mostra-pm-levando-tapa-de-professor-da-corporacao-veja.htm, skipping...
[ERROR - 2026-03-03 12:34:53,358 - Worker_2] Status code == 403 for https://noticias.uol.com.br/saude/ultimas-noticias/redacao/2022/01/24/vacina-criancas-coronavac-estado-de-sp.htm/, skipping...
[ERROR - 2026-03-03 12:34:57,775 - Worker_1] Status code == 403 for https://noticias.uol.com.br/colunas/jose-luiz-portella/2022/01/24/orcamento-e-uma-caixa-preta-centrao-governa-o-brasil.htm, skipping...
[ERROR - 2026-03-03 12:35:06,765 - Worker_1] Status code == 403 for https://noticias.uol.com.br/ultimas-noticias/afp/2022/01/24/invasao-russa-da-ucrania-poderia-ser-uma-nova-chechenia-afirma-boris-johnson.htm, skipping...
[ERROR - 2026-03-03 12:35:19,209 - Worker_4] Status code == 403 for https://noticias.uol.com.br/internacional/ultimas-noticias/2022/01/24/atirador-abre-fogo-universidade-alemanha.htm, skipping...
[ERROR - 2026-03-03 12:35:20,187 - Worker_1] Status code == 403 for https://noticias.uol.com.br/politica/ultimas-noticias/2022/01/24/stf-roberto-jefferson-prisao-domiciliar.htm, skipping...
[ERROR - 2026-03-03 12:35:23,666 - Worker_3] Status code == 403 for https://noticias.uol.com.br/cotidiano/ultimas-noticias/2022/01/25/decepcionante-diz-americano-indiciado-por-policia-apos-soco-em-hotel.htm, skipping...
[ERROR - 2026-03-03 12:35:24,928 - Worker_0] Status code == 403 for https://tab.uol.com.br/noticias/redacao/2022/01/24/olhe-pra-cima-com-corpos-flutuantes-obra-homenageia-mortos-por-covid.htm, skipping...
[ERROR - 2026-03-03 12:35:27,983 - Worker_3] Status code == 403 for https://noticias.uol.com.br/colunas/jamil-chade/2022/01/25/expansao-da-covid-no-mundo-desacelera-mas-brasil-vai-em-direcao-oposta.htm, skipping...
[ERROR - 2026-03-03 12:35:29,232 - Worker_0] Status code == 403 for https://noticias.uol.com.br/cotidiano/ultimas-noticias/2022/01/25/policia-indicia-por-tentativa-de-homicidio-agressores-de-jovem-negro-no-ma.htm, skipping...
[ERROR - 2026-03-03 12:35:40,797 - Worker_0] Status code == 403 for https://tab.uol.com.br/noticias/redacao/2022/01/18/brasiguaios-dominam-o-maior-assentamento-de-sem-terra-do-pais.htm, skipping...
[ERROR - 2026-03-03 12:35:41,674 - Worker_2] Status code == 403 for https://noticias.uol.com.br/saude/ultimas-noticias/redacao/2022/01/25/covid-19-coronavirus-casos-mortes-25-de-janeiro.htm, skipping...
[ERROR - 2026-03-03 12:35:43,798 - Worker_3] Status code == 403 for https://noticias.uol.com.br/colunas/josias-de-souza/2022/01/25/queiroga-enfrenta-cerco-do-supremo-da-classe-medica-e-da-propria-lingua.htm, skipping...
[ERROR - 2026-03-03 12:35:43,876 - Worker_1] Status code == 403 for https://blogdojuca.uol.com.br/2022/01/sao-paulo-aniversaria-com-muito-futebol/, skipping...
[ERROR - 2026-03-03 12:35:46,002 - Worker_2] Status code == 403 for https://noticias.uol.com.br/ultimas-noticias/bbc/2022/01/25/sirio-tenta-reconstruir-vida-no-uruguai-apos-12-anos-preso-em-guantanamo.htm, skipping...
[ERROR - 2026-03-03 12:35:47,437 - Worker_0] Status code == 403 for https://noticias.uol.com.br/colunas/mauricio-stycer/2022/01/25/jp-faz-tributo-a-olavo-de-carvalho-e-evita-aprofundar-temas-delicados.htm, skipping...
[ERROR - 2026-03-03 12:35:55,068 - Worker_2] Status code == 403 for https://noticias.uol.com.br/politica/ultimas-noticias/2022/01/25/ciro-liga-mensagens-vazadas-da-lava-jato-a-operacao-contra-ele-macabros.htm, skipping...
[ERROR - 2026-03-03 12:36:42,144 - Worker_0] Status code == 403 for https://tab.uol.com.br/noticias/redacao/2022/01/25/denuncias-revelam-tensao-no-jacarezinho-depois-do-cidade-integrada.htm, skipping...
[ERROR - 2026-03-03 12:37:02,598 - Worker_1] Status code == 403 for https://noticias.uol.com.br/colunas/leonardo-sakamoto/2022/01/25/olavo-viveu-para-entender-que-foi-usado-e-descartado-por-bolsonaro.htm, skipping...
[ERROR - 2026-03-03 12:37:06,121 - Worker_2] Status code == 403 for https://noticias.uol.com.br/ultimas-noticias/bbc/2022/01/25/olavo-de-carvalho-morte-de-escritor-deixa-bolsonarismo-sem-porta-voz-diz-pesquisador.htm, skipping...
[ERROR - 2026-03-03 12:37:32,269 - Worker_2] Status code == 403 for https://noticias.uol.com.br/internacional/ultimas-noticias/2022/01/25/banhistas-entram-em-mar-nao-percebem-tubarao-branco-e-ficam-isolados.htm, skipping...
[ERROR - 2026-03-03 12:37:40,644 - Worker_0] Status code == 403 for https://noticias.uol.com.br/politica/ultimas-noticias/2022/01/25/mensagens-lava-jato-ciro-gomes.htm, skipping...
[ERROR - 2026-03-03 12:37:42,095 - Worker_4] Status code == 403 for https://noticias.uol.com.br/politica/ultimas-noticias/2022/01/25/filha-olavo-de-carvalho-morte.htm, skipping...
[ERROR - 2026-03-03 12:37:42,962 - Worker_1] Status code == 403 for https://noticias.uol.com.br/cotidiano/ultimas-noticias/2022/01/25/medica-encontrada-morta.htm, skipping...
[ERROR - 2026-03-03 12:37:44,978 - Worker_0] Status code == 403 for https://noticias.uol.com.br/politica/ultimas-noticias/2022/01/25/quem-sao-filhos-olavo-de-carvalho.htm, skipping...
[ERROR - 2026-03-03 12:37:56,281 - Worker_4] Status code == 403 for https://noticias.uol.com.br/politica/ultimas-noticias/2022/01/25/mp-junto-ao-tcu-pede-quebra-de-sigilo-de-salario-de-moro-em-consultoria.htm, skipping...
[ERROR - 2026-03-03 12:38:05,679 - Worker_0] Status code == 403 for https://noticias.uol.com.br/colunas/jose-luiz-portella/2022/01/26/lula-vai-desencadear-a-operacao-primeiro-turno.htm, skipping...
[ERROR - 2026-03-03 12:38:08,025 - Worker_1] Status code == 403 for https://noticias.uol.com.br/politica/ultimas-noticias/2022/01/26/pesquisa-modalmais-futura-janeiro-2022-lula-bolsonaro.htm, skipping...
[ERROR - 2026-03-03 12:38:25,421 - Worker_2] Status code == 403 for https://noticias.uol.com.br/cotidiano/ultimas-noticias/2022/01/26/mp-denuncia-agressores-de-jovem-negro-por-tentativa-de-homicidio-no-ma.htm, skipping...
[ERROR - 2026-03-03 12:38:27,627 - Worker_0] Status code == 403 for https://blogdojuca.uol.com.br/2022/01/sao-paulo-aniversaria-com-muito-futebol/, skipping...
[ERROR - 2026-03-03 12:38:33,337 - Worker_3] Status code == 403 for https://noticias.uol.com.br/saude/ultimas-noticias/redacao/2022/01/26/nota-tecnica-ministerio-saude-covid-cloroquina-vacina-helio-angotti-neto.htm, skipping...
[ERROR - 2026-03-03 12:38:36,977 - Worker_2] Status code == 403 for https://tab.uol.com.br/noticias/redacao/2022/01/26/de-origem-punk-professor-antifascista-de-boxe-da-aulas-em-sp.htm, skipping...
[ERROR - 2026-03-03 12:38:37,382 - Worker_0] Status code == 403 for https://noticias.uol.com.br/colunas/reinaldo-azevedo/2022/01/26/moro-arrebenta-usa-lei-dos-eua-por-sigilo-sobre-ganho-e-confessa-suspeicao.htm, skipping...
[ERROR - 2026-03-03 12:38:39,958 - Worker_4] Status code == 403 for https://noticias.uol.com.br/colunas/olga-curado/2022/01/26/vitoria-de-lula-nas-pesquisas-faz-bolsonaro-testar-controle-de-fake-news.htm, skipping...
[ERROR - 2026-03-03 12:38:43,376 - Worker_1] Status code == 403 for https://noticias.uol.com.br/politica/ultimas-noticias/2022/01/26/estudo-alinhamento-pgr-bolsonaro-aras-rebate.htm, skipping...
[ERROR - 2026-03-03 12:38:48,580 - Worker_0] Status code == 403 for https://noticias.uol.com.br/colunas/leonardo-sakamoto/2022/01/26/mentira-do-ministerio-da-saude-deu-sobrevida-aos-defensores-da-cloroquina.htm, skipping...
[ERROR - 2026-03-03 12:38:52,925 - Worker_0] Status code == 403 for https://noticias.uol.com.br/cotidiano/ultimas-noticias/2022/01/25/tragedia-de-brumadinho-completa-3-anos-com-6-desaparecidos-saiba-quem-sao.htm, skipping...
[ERROR - 2026-03-03 12:38:53,238 - Worker_2] Status code == 403 for https://noticias.uol.com.br/politica/ultimas-noticias/2022/01/26/stf-da-5-dias-para-angotti-netto-explicar-nota-contraria-as-vacinas.htm, skipping...
[ERROR - 2026-03-03 12:39:10,121 - Worker_1] Status code == 403 for https://tab.uol.com.br/noticias/redacao/2022/01/25/denuncias-revelam-tensao-no-jacarezinho-depois-do-cidade-integrada.htm, skipping...
[ERROR - 2026-03-03 12:39:25,989 - Worker_1] Status code == 403 for https://tab.uol.com.br/noticias/redacao/2022/01/26/sexagenario-e-vendendo-saude-pelicano-e-o-morador-mais-antigo-do-zoo-de-sp.htm, skipping...
[ERROR - 2026-03-03 12:39:26,053 - Worker_2] Status code == 403 for https://noticias.uol.com.br/politica/ultimas-noticias/2022/01/26/tse-define-propaganda-partidaria-no-1-semestre-11-siglas-terao-mais-tempo.htm, skipping...
[ERROR - 2026-03-03 12:39:34,897 - Worker_0] Status code == 403 for https://noticias.uol.com.br/comprova/ultimas-noticias/2022/01/26/medico-mente-ao-afirmar-que-virus-da-covid-e-parcialmente-desconhecido.htm, skipping...
[ERROR - 2026-03-03 12:39:35,350 - Worker_2] Status code == 403 for https://noticias.uol.com.br/politica/ultimas-noticias/2022/01/26/heranca-heloisa-olavo-de-carvalho-filha-escritor.htm, skipping...
[ERROR - 2026-03-03 12:39:43,774 - Worker_0] Status code == 403 for https://noticias.uol.com.br/colunas/chico-alves/2022/01/26/morte-de-olavo-de-carvalho-foi-a-mais-comemorada-da-historia-do-brasil.htm, skipping...
[ERROR - 2026-03-03 12:39:51,661 - Worker_2] Status code == 403 for https://noticias.uol.com.br/politica/ultimas-noticias/2022/01/26/apos-reclamacoes-governo-considera-reverter-veto-e-manter-recursos-do-inss.htm, skipping...
[ERROR - 2026-03-03 12:39:53,390 - Worker_4] Status code == 403 for https://noticias.uol.com.br/cotidiano/ultimas-noticias/2022/01/26/mulher-morre-apos-passar-por-hidrolipo-em-clinica-na-baixada-fluminense.htm, skipping...
[ERROR - 2026-03-03 12:39:59,687 - Worker_1] Status code == 403 for https://noticias.uol.com.br/cotidiano/ultimas-noticias/2022/01/26/carros-de-som-com-mensagens-contrarias-a-vacina-sao-apreendidos-no-rs.htm, skipping...
[ERROR - 2026-03-03 12:40:00,126 - Worker_4] Status code == 404 for https://www.uol.com.br/splash/noticias/2022/01/21/pocah-celebra-sucesso-na-carreira-e-empurraozinho-do-bbb-agregou-muito.htm, skipping...
[ERROR - 2026-03-03 12:40:00,400 - Worker_2] Status code == 403 for https://noticias.uol.com.br/cotidiano/ultimas-noticias/2022/01/26/dados-crimes-balanco-2021-sao-paulo.htm, skipping...
[ERROR - 2026-03-03 12:40:03,349 - Worker_3] Status code == 403 for https://noticias.uol.com.br/cotidiano/ultimas-noticias/2022/01/26/posto-de-gasolina-desaba-durante-tempestade-na-bahia-veja-video.htm, skipping...
[ERROR - 2026-03-03 12:40:04,002 - Worker_1] Status code == 403 for https://noticias.uol.com.br/ultimas-noticias/afp/2022/01/26/moderna-inicia-testes-de-dose-de-reforco-da-vacina-especifica-para-omicron.htm, skipping...
[ERROR - 2026-03-03 12:40:04,443 - Worker_4] Status code == 403 for https://noticias.uol.com.br/saude/ultimas-noticias/redacao/2022/01/26/covid-19-coronavirus-casos-mortes-26-de-janeiro.htm, skipping...
[ERROR - 2026-03-03 12:40:17,113 - Worker_0] Status code == 403 for https://noticias.uol.com.br/colunas/mauricio-stycer/2022/01/26/perto-da-eleicao-igreja-universal-e-record-ampliam-demonizacao-da-esquerda.htm, skipping...
[ERROR - 2026-03-03 12:40:21,419 - Worker_0] Status code == 403 for https://noticias.uol.com.br/cotidiano/ultimas-noticias/2022/01/27/empresario-morre-apos-esposa-tenente-atirar-contra-ele.htm, skipping...
[ERROR - 2026-03-03 12:40:24,602 - Worker_1] Status code == 403 for https://noticias.uol.com.br/cotidiano/ultimas-noticias/2022/01/27/pr-45-mil-frangos-morrem-de-calor-apos-falta-de-energia-em-granja.htm, skipping...
[ERROR - 2026-03-03 12:40:29,049 - Worker_1] Status code == 403 for https://tab.uol.com.br/noticias/redacao/2022/01/27/papagaios-de-pirata-do-rio-colecionam-gafes-e-risos-em-reportagens-de-tv.htm, skipping...
[ERROR - 2026-03-03 12:40:33,569 - Worker_1] Status code == 403 for https://noticias.uol.com.br/politica/ultimas-noticias/2022/01/27/sebastiao-salgado-governo-bolsonaro-tera-que-pagar-por-genocidio-no-brasil.htm, skipping...
[ERROR - 2026-03-03 12:40:34,917 - Worker_0] Status code == 403 for https://noticias.uol.com.br/cotidiano/ultimas-noticias/2022/01/27/advogada-e-baleada-mas-desarma-cliente-revoltado-com-valor-de-honorarios.htm, skipping...
[ERROR - 2026-03-03 12:40:37,886 - Worker_1] Status code == 403 for https://noticias.uol.com.br/comprova/ultimas-noticias/2022/01/27/mesmo-sem-biometria-eleitor-podera-votar-em-2022.htm, skipping...
[ERROR - 2026-03-03 12:40:38,905 - Worker_2] Status code == 403 for https://tab.uol.com.br/colunas/trombadas/2022/01/27/as-sombras-de-reginaldo.htm, skipping...
[ERROR - 2026-03-03 12:40:47,831 - Worker_2] Status code == 403 for https://tab.uol.com.br/colunas/michel-alcoforado/2022/01/27/por-que-o-publico-nao-entendeu-o-conceito-de-famoso-de-juliano.htm, skipping...
[ERROR - 2026-03-03 12:40:50,402 - Worker_4] Status code == 403 for https://noticias.uol.com.br/ultimas-noticias/afp/2022/01/27/eua-anuncia-20-mil-vistos-adicionais-de-trabalho-temporario-por-falta-de-mao-de-obra.htm, skipping...
[ERROR - 2026-03-03 12:40:54,510 - Worker_4] Status code == 403 for https://noticias.uol.com.br/colunas/leonardo-sakamoto/2022/01/27/relatorio-aponta-que-bolsonaro-se-firma-como-maior-ameaca-a-imprensa-livre.htm, skipping...
[ERROR - 2026-03-03 12:40:59,067 - Worker_4] Status code == 403 for https://economia.uol.com.br/noticias/bbc/2022/01/26/cupons-da-amazon-por-que-consumidores-que-aproveitam-bugs-em-sites-podem-ficar-sem-receber-produtos.htm, skipping...
[ERROR - 2026-03-03 12:41:00,043 - Worker_0] Status code == 403 for https://noticias.uol.com.br/cotidiano/ultimas-noticias/2022/01/27/apontei-a-arma-e-nao-puxei-o-gatilho-diz-advogada-que-desarmou-cliente.htm, skipping...
[ERROR - 2026-03-03 12:41:00,617 - Worker_2] Status code == 403 for https://noticias.uol.com.br/cotidiano/ultimas-noticias/2022/01/27/mp-de-minas-gerais-denuncia-ex-padre-por-vilolencia-sexual-contra-monges.htm, skipping...
[ERROR - 2026-03-03 12:41:08,010 - Worker_4] Status code == 403 for https://noticias.uol.com.br/cotidiano/ultimas-noticias/2022/01/25/tragedia-de-brumadinho-completa-3-anos-com-6-desaparecidos-saiba-quem-sao.htm, skipping...
[ERROR - 2026-03-03 12:41:09,778 - Worker_3] Status code == 403 for https://noticias.uol.com.br/cotidiano/ultimas-noticias/2022/01/27/exercito-enviara-ao-mp-dados-sobre-colecionador-que-vendeu-arsenal-ao-cv.htm, skipping...
[ERROR - 2026-03-03 12:41:15,232 - Worker_0] Status code == 403 for https://noticias.uol.com.br/politica/ultimas-noticias/2022/01/27/ceciliano-vai-senado-pt-mais-perto-freixo-rj.htm, skipping...
[ERROR - 2026-03-03 12:41:21,545 - Worker_4] Status code == 403 for https://noticias.uol.com.br/ultimas-noticias/agencia-estado/2022/01/27/ciro-diz-que-so-ele-pode-salvar-mercado-e-fala-de-alianca-por-corrente-de-opiniao.htm, skipping...
[ERROR - 2026-03-03 12:41:33,997 - Worker_1] Status code == 403 for https://noticias.uol.com.br/ultimas-noticias/2022/01/27/mega-sena-tem-numeros-sorteados-para-o-premio-de-r-307-milhoes.htm, skipping...
[ERROR - 2026-03-03 12:41:38,128 - Worker_1] Status code == 403 for https://noticias.uol.com.br/ultimas-noticias/agencia-estado/2022/01/27/justica-condena-senador-e-ex-governador-de-rr-pelo-escandalo-dos-gafanhotos.htm, skipping...
[ERROR - 2026-03-03 12:41:42,135 - Worker_2] Status code == 403 for https://noticias.uol.com.br/colunas/balaio-do-kotscho/2022/01/27/se-moro-desistir-nao-fara-diferenca-na-eleicao-mostra-pesquisa-xpipespe.htm, skipping...
[ERROR - 2026-03-03 12:41:42,250 - Worker_1] Status code == 403 for https://noticias.uol.com.br/politica/ultimas-noticias/2022/01/27/lula-bolsonaro-pesquisa-xp-ipespe-eleicoes.htm, skipping...
[ERROR - 2026-03-03 12:41:46,238 - Worker_2] Status code == 403 for https://noticias.uol.com.br/politica/ultimas-noticias/2022/01/26/heranca-heloisa-olavo-de-carvalho-filha-escritor.htm, skipping...
[ERROR - 2026-03-03 12:41:48,889 - Worker_4] Status code == 403 for https://noticias.uol.com.br/saude/ultimas-noticias/redacao/2022/01/27/covid-19-coronavirus-casos-mortes-27-de-janeiro.htm, skipping...
[ERROR - 2026-03-03 12:41:58,017 - Worker_0] Status code == 403 for https://noticias.uol.com.br/saude/ultimas-noticias/redacao/2022/01/27/queiroga-vacinacao-coletiva.htm, skipping...
[ERROR - 2026-03-03 12:42:00,886 - Worker_1] Status code == 403 for https://noticias.uol.com.br/politica/ultimas-noticias/2022/01/27/tse-se-reune-com-whatsapp-para-discutir-acoes-contra-fake-news-nas-eleicoes.htm, skipping...
[ERROR - 2026-03-03 12:42:00,895 - Worker_4] Status code == 403 for https://noticias.uol.com.br/cotidiano/ultimas-noticias/2022/01/27/fundador-da-maior-milicia-do-rj-ex-vereador-jerominho-e-preso-por-extorsao.htm, skipping...
[ERROR - 2026-03-03 12:42:04,030 - Worker_2] Status code == 403 for https://noticias.uol.com.br/colunas/cristina-tardaguila/2022/01/27/bloqueio-do-telegram-e-solucao-ingenua-para-problema-complexo.htm, skipping...
[ERROR - 2026-03-03 12:42:09,447 - Worker_1] Status code == 403 for https://noticias.uol.com.br/colunas/carolina-brigido/2022/01/27/ano-eleitoral-stf-empurra-causa-indigena-fim-da-fila.htm, skipping...
[ERROR - 2026-03-03 12:42:10,992 - Worker_0] Status code == 403 for https://noticias.uol.com.br/politica/ultimas-noticias/2022/01/27/depoimento-bolsonaro-vazamento-inquerito-sigiloso.htm, skipping...
[ERROR - 2026-03-03 12:42:13,939 - Worker_4] Status code == 403 for https://noticias.uol.com.br/colunas/josias-de-souza/2022/01/27/moro-promete-por-pressao-as-explicacoes-que-deveria-ter-fornecido-por-opcao.htm, skipping...
[ERROR - 2026-03-03 12:42:16,257 - Worker_3] Status code == 403 for https://noticias.uol.com.br/colunas/jose-luiz-portella/2022/01/27/moro-se-despede-da-eleicao-com-declaracao-alem-de-tudo-e-despreparado.htm, skipping...
[ERROR - 2026-03-03 12:42:24,266 - Worker_0] Status code == 403 for https://noticias.uol.com.br/colunas/wilson-levy/2022/01/27/ecossistemas-de-inovacao-e-o-desenvolvimento-das-cidades.htm, skipping...
[ERROR - 2026-03-03 12:42:27,560 - Worker_1] Status code == 403 for https://noticias.uol.com.br/saude/ultimas-noticias/redacao/2022/01/28/portaria-antivacina-de-damares-e-crime-contra-a-saude-publica-diz-medica.htm, skipping...
[ERROR - 2026-03-03 12:42:29,887 - Worker_3] Status code == 403 for https://tab.uol.com.br/noticias/redacao/2022/01/27/papagaios-de-pirata-do-rio-colecionam-gafes-e-risos-em-reportagens-de-tv.htm, skipping...
[ERROR - 2026-03-03 12:42:32,417 - Worker_2] Status code == 403 for https://noticias.uol.com.br/ultimas-noticias/agencia-brasil/2022/01/28/investigacao-origem-mancha-de-oleo-praias-litoral-ceara.htm, skipping...
[ERROR - 2026-03-03 12:42:33,098 - Worker_0] Status code == 403 for https://noticias.uol.com.br/colunas/coluna-entendendo-bolsonaro/2022/01/28/amarelada-de-bolsonaro-desmoraliza-instituicoes-do-pais.htm, skipping...
[ERROR - 2026-03-03 12:43:09,282 - Worker_1] Status code == 403 for https://noticias.uol.com.br/saude/ultimas-noticias/redacao/2022/01/28/autotestes-devem-chegar-as-farmacias-em-fevereiro-diz-gerente-da-anvisa.htm, skipping...
[ERROR - 2026-03-03 12:43:14,620 - Worker_3] Status code == 403 for https://noticias.uol.com.br/meio-ambiente/ultimas-noticias/redacao/2022/01/28/ibama-lixo-ilegal-eua-brasil.htm, skipping...
[ERROR - 2026-03-03 12:43:18,665 - Worker_2] Status code == 403 for https://tab.uol.com.br/noticias/redacao/2022/01/28/prioridade-e-o-lucro-usuaros-e-equipes-apontam-falhas-da-viamobilidade.htm, skipping...
[ERROR - 2026-03-03 12:43:27,873 - Worker_1] Status code == 403 for https://noticias.uol.com.br/politica/ultimas-noticias/2022/01/28/pt-reavalia-pedido-de-cpi-contra-moro-e-deve-focar-em-apuracao-do-tcu.htm, skipping...
[ERROR - 2026-03-03 12:43:27,931 - Worker_3] Status code == 403 for https://noticias.uol.com.br/colunas/coluna-entendendo-bolsonaro/2022/01/27/negacionismo-e-politica-da-morte-levam-novamente-a-lotacao-de-utis.htm, skipping...
[ERROR - 2026-03-03 12:43:29,321 - Worker_0] Status code == 403 for https://noticias.uol.com.br/meio-ambiente/ultimas-noticias/redacao/2022/01/28/pandemia-tornou-necessaria-importacao-de-lixo-dos-eua-diz-empresa-acusada.htm, skipping...
[ERROR - 2026-03-03 12:43:33,654 - Worker_0] Status code == 403 for https://noticias.uol.com.br/politica/ultimas-noticias/2022/01/28/tj-rj-determina-afastamento-de-deputado-da-alerj-por-organizacao-criminosa.htm, skipping...
[ERROR - 2026-03-03 12:43:37,641 - Worker_1] Status code == 403 for https://noticias.uol.com.br/cotidiano/ultimas-noticias/2022/01/28/crianca-e-atacada-por-tubarao-em-fermando-de-noronha.htm, skipping...
[ERROR - 2026-03-03 12:43:39,015 - Worker_3] Status code == 403 for https://noticias.uol.com.br/colunas/chico-alves/2022/01/28/camara-tem-que-priorizar-14-salario-dos-aposentados-diz-deputado.htm, skipping...
[ERROR - 2026-03-03 12:43:42,505 - Worker_0] Status code == 403 for https://noticias.uol.com.br/colunas/walter-maierovitch/2022/01/27/eleicao-do-presidente-da-italia-la-nave-va-lenta-e-a-queimar-nomes.htm, skipping...
[ERROR - 2026-03-03 12:44:01,108 - Worker_2] Status code == 403 for https://noticias.uol.com.br/cotidiano/ultimas-noticias/2022/01/28/mg-tio-e-mae-sao-presos-por-levar-crianca-de-4-anos-a-motel.htm, skipping...
[ERROR - 2026-03-03 12:44:10,325 - Worker_3] Status code == 403 for https://noticias.uol.com.br/cotidiano/ultimas-noticias/2022/01/28/sp-promotor-tem-relogio-roubado-e-encontra-objeto-a-venda-em-loja-de-luxo.htm, skipping...
[ERROR - 2026-03-03 12:44:57,062 - Worker_3] Failed to connect with https://www.uol.com.br/splash/noticias/2022/01/28/maraisa-desabafa-ao-relembrar-marilia-mendonca-sofro-e-morro-todo-dia.htm after 3 attempts, skipping...
[ERROR - 2026-03-03 12:44:59,068 - Worker_4] Failed to connect with https://www.uol.com.br/splash/noticias/2022/01/28/sean-penn-critica-homens-que-usam-saias-genes-covardes.htm after 3 attempts, skipping...
[ERROR - 2026-03-03 12:44:59,070 - Worker_1] Failed to connect with https://noticias.uol.com.br/colunas/leonardo-sakamoto/2022/01/28/bolsonaro-comete-crimes-em-serie-por-ser-protegido-pela-pgr-e-pelo-centrao.htm after 3 attempts, skipping...
[ERROR - 2026-03-03 12:45:04,935 - Worker_2] Failed to connect with https://www.uol.com.br/splash/noticias/2022/01/28/maria-fala-sobre-experiencia-sexual-frustrada-mas-ja.htm after 3 attempts, skipping...
[ERROR - 2026-03-03 12:45:07,093 - Worker_3] Failed to connect with https://www.uol.com.br/splash/noticias/2022/01/28/recuperado-de-acidente-leo-stronda-ganha-14kg-em-2-meses-nasci-de-novo.htm after 3 attempts, skipping...
[ERROR - 2026-03-03 12:45:09,106 - Worker_1] Failed to connect with https://www.uol.com.br/tilt/noticias/redacao/2022/01/28/fake-news-inteligencia-emocional-ciencia-combate-desinformacao.htm after 3 attempts, skipping...
[ERROR - 2026-03-03 12:45:14,930 - Worker_0] Failed to connect with https://www.uol.com.br/splash/colunas/pagina-cinco/2022/01/28/ana-maria-machado-entrevista-livros-criancas-literatura.htm after 3 attempts, skipping...
[ERROR - 2026-03-03 12:45:14,970 - Worker_2] Failed to connect with https://noticias.uol.com.br/saude/ultimas-noticias/redacao/2022/01/28/covid-19-coronavirus-casos-mortes-28-de-janeiro.htm after 3 attempts, skipping...
[ERROR - 2026-03-03 12:45:15,332 - Worker_4] Status code == 403 for https://tab.uol.com.br/noticias/redacao/2022/01/28/preparadora-de-marighella-processa-atriz-por-danos-morais.htm, skipping...
[ERROR - 2026-03-03 12:45:24,404 - Worker_2] Status code == 403 for https://noticias.uol.com.br/colunas/balaio-do-kotscho/2022/01/28/bolsonaro-da-mais-uma-banana-a-constituicao-e-ao-stf-e-agora-o-que-falta.htm, skipping...
[ERROR - 2026-03-03 12:45:27,996 - Worker_1] Status code == 403 for https://noticias.uol.com.br/colunas/coluna-entendendo-bolsonaro/2022/01/29/olavo-deixa-antes-de-tudo-um-legado-tragico-diz-b-teitelbaum.htm, skipping...
[ERROR - 2026-03-03 12:45:32,445 - Worker_3] Status code == 403 for https://noticias.uol.com.br/saude/ultimas-noticias/redacao/2022/01/29/covid-19-coronavirus-casos-mortes-29-de-janeiro.htm, skipping...
[ERROR - 2026-03-03 12:45:45,599 - Worker_4] Status code == 403 for https://noticias.uol.com.br/cotidiano/ultimas-noticias/2022/01/29/jovem-morre-baleada-no-pescoco-em-assalto-na-porta-de-casa-em-santo-andre.htm, skipping...
[ERROR - 2026-03-03 12:45:50,052 - Worker_4] Status code == 403 for https://noticias.uol.com.br/colunas/ronilso-pacheco/2022/01/29/como-a-scravidao-nos-eua-influenciou-estrategia-nazista-para-holocausto.htm, skipping...
[ERROR - 2026-03-03 12:45:51,427 - Worker_1] Status code == 403 for https://noticias.uol.com.br/internacional/ultimas-noticias/2022/01/29/canada-trudeau-vai-para-esconderijo-em-meio-a-protestos-de-caminhoneiros.htm, skipping...
[ERROR - 2026-03-03 12:46:00,259 - Worker_3] Status code == 403 for https://noticias.uol.com.br/ultimas-noticias/afp/2022/01/29/mulheres-reservistas-decididas-a-lutar-pela-ucrania-contra-invasao-russa.htm, skipping...
[ERROR - 2026-03-03 12:46:01,453 - Worker_0] Status code == 403 for https://noticias.uol.com.br/meio-ambiente/ultimas-noticias/redacao/2022/01/28/ibama-lixo-ilegal-eua-brasil.htm, skipping...
[ERROR - 2026-03-03 12:46:01,548 - Worker_2] Status code == 403 for https://noticias.uol.com.br/saude/ultimas-noticias/redacao/2022/01/29/sao-paulo-atinge-marca-de-1-milhao-de-criancas-vacinadas-contra-a-covid-19.htm, skipping...
[ERROR - 2026-03-03 12:46:05,807 - Worker_1] Status code == 403 for https://noticias.uol.com.br/ultimas-noticias/2022/01/29/mega-sena-tem-premio-de-r-367-milhoes-veja-os-numeros-sorteados.htm, skipping...
[ERROR - 2026-03-03 12:46:06,835 - Worker_3] Status code == 403 for https://noticias.uol.com.br/cotidiano/ultimas-noticias/2022/01/28/policial-algema-suspeito-desmaia-e-morre-na-sequencia-em-sp.htm, skipping...
[ERROR - 2026-03-03 12:46:10,463 - Worker_2] Status code == 403 for https://tab.uol.com.br/noticias/redacao/2022/01/29/comecou-tudo-outra-vez-enfermeiras-enfrentam-caos-de-covid-em-utis-de-bh.htm, skipping...
[ERROR - 2026-03-03 12:46:11,156 - Worker_3] Status code == 403 for https://noticias.uol.com.br/colunas/carolina-brigido/2022/01/28/campanhas-lula-bolsonaro-moro-ciro-ganham-tribunais.htm, skipping...
[ERROR - 2026-03-03 12:46:24,063 - Worker_2] Status code == 403 for https://noticias.uol.com.br/politica/ultimas-noticias/2022/01/29/pesquisas-eleitorais-2022-presidencia-semana-ipespe-xp-modalmais-futura.htm, skipping...
[ERROR - 2026-03-03 12:46:24,335 - Worker_3] Status code == 403 for https://noticias.uol.com.br/politica/ultimas-noticias/2022/01/29/queiroga-quero-ser-lembrado-como-o-homem-que-acabou-com-a-pandemia.htm, skipping...
[ERROR - 2026-03-03 12:46:27,211 - Worker_4] Status code == 403 for https://noticias.uol.com.br/colunas/walter-maierovitch/2022/01/29/pos-feminicidio-politico-italia-reelegera-matarella.htm, skipping...
[ERROR - 2026-03-03 12:46:34,921 - Worker_1] Status code == 403 for https://noticias.uol.com.br/cotidiano/ultimas-noticias/2022/01/29/toda-a-cidade-de-sao-paulo-entra-em-estado-de-atencao-para-alagamentos.htm, skipping...
[ERROR - 2026-03-03 12:46:36,185 - Worker_4] Status code == 403 for https://noticias.uol.com.br/internacional/ultimas-noticias/2022/01/29/ciclone-bomba-com-nevasca-e-ventos-de-120-kmh-atinge-os-eua.htm, skipping...
[ERROR - 2026-03-03 12:46:41,710 - Worker_2] Status code == 403 for https://noticias.uol.com.br/ultimas-noticias/agencia-estado/2022/01/29/bolsonaro-usa-acao-do-pt-para-justificar-ausencia-na-pf.htm, skipping...
[ERROR - 2026-03-03 12:46:42,148 - Worker_1] Status code == 403 for https://noticias.uol.com.br/cotidiano/ultimas-noticias/2022/01/29/homem-e-agredido-e-arrastado-para-dentro-de-comunidade-em-sp.htm, skipping...
[ERROR - 2026-03-03 12:46:42,497 - Worker_3] Status code == 403 for https://noticias.uol.com.br/colunas/jose-luiz-portella/2022/01/28/por-que-lula-esta-na-frente-com-tanta-diferenca.htm, skipping...
[ERROR - 2026-03-03 12:46:58,510 - Worker_1] Status code == 403 for https://tab.uol.com.br/colunas/matheus-pichonelli/2022/01/29/o-que-esperar-do-pais-que-revogou-direito-ao-luto-do-passado-e-do-presente.htm, skipping...
[ERROR - 2026-03-03 12:47:01,218 - Worker_4] Status code == 403 for https://noticias.uol.com.br/meio-ambiente/ultimas-noticias/redacao/2022/01/29/mata-ciliar-ong-animais-sivlestres-licenca-sp-aeroporto-jundiai.htm, skipping...
[ERROR - 2026-03-03 12:47:02,837 - Worker_1] Status code == 403 for https://noticias.uol.com.br/colunas/mauricio-stycer/2022/01/29/como-um-mesmo-dado-o-salario-de-moro-ganhou-diferentes-versoes-na-tv.htm, skipping...
[ERROR - 2026-03-03 12:47:06,047 - Worker_3] Status code == 403 for https://blogdojuca.uol.com.br/2022/01/palmeiras-perde-100-mas-ganha-ao-movimentar-o-elenco/, skipping...
[ERROR - 2026-03-03 12:47:09,839 - Worker_0] Status code == 403 for https://tab.uol.com.br/colunas/lidia-zuin/2022/01/29/horror-a-luz-do-dia-livro-gotico-nordestino-desafia-estereotipos-do-genero.htm, skipping...
[ERROR - 2026-03-03 12:47:14,734 - Worker_4] Status code == 403 for https://noticias.uol.com.br/cotidiano/ultimas-noticias/2022/01/29/venda-de-relogio-de-luxo-roubado-de-promotor-e-caso-inedito-diz-loja.htm, skipping...
[ERROR - 2026-03-03 12:47:43,872 - Worker_0] Status code == 403 for https://noticias.uol.com.br/saude/ultimas-noticias/redacao/2022/01/30/covid-19-coronavirus-casos-mrotes-30-de-janeiro.htm, skipping...
[ERROR - 2026-03-03 12:48:06,811 - Worker_3] Status code == 403 for https://tab.uol.com.br/noticias/redacao/2022/01/29/comecou-tudo-outra-vez-enfermeiras-enfrentam-caos-de-covid-em-utis-de-bh.htm, skipping...
[ERROR - 2026-03-03 12:48:38,733 - Worker_0] Status code == 403 for https://noticias.uol.com.br/politica/ultimas-noticias/2022/01/30/roberto-jefferson-critica-filha-e-diz-que-foi-traido-por-cupula-do-ptb.htm, skipping...
[ERROR - 2026-03-03 12:48:40,064 - Worker_3] Status code == 403 for https://noticias.uol.com.br/ultimas-noticias/afp/2022/01/30/ucrania-pede-a-russia-que-retire-tropas-da-fronteira-e-mantenha-dialogo.htm, skipping...
[ERROR - 2026-03-03 12:48:43,179 - Worker_1] Status code == 403 for https://noticias.uol.com.br/internacional/ultimas-noticias/2022/01/30/ciclone-bomba-estados-unidos-nevasca.htm, skipping...
[ERROR - 2026-03-03 12:48:44,343 - Worker_3] Status code == 403 for https://tab.uol.com.br/noticias/redacao/2022/01/29/saudade-do-brasil-o-som-do-exilio-no-cinquentenario-transa-de-caetano.htm, skipping...
[ERROR - 2026-03-03 12:48:44,603 - Worker_2] Status code == 403 for https://noticias.uol.com.br/colunas/balaio-do-kotscho/2022/01/30/bolsonaro--moro-sao-super-homens-detonaram-um-pais-do-tamanho-do-brasil.htm, skipping...
[ERROR - 2026-03-03 12:48:48,671 - Worker_3] Status code == 403 for https://noticias.uol.com.br/ultimas-noticias/deutschewelle/2022/01/30/socialistas-vencem-eleicoes-legislativas-em-portugal.htm, skipping...
[ERROR - 2026-03-03 12:48:52,072 - Worker_0] Status code == 403 for https://noticias.uol.com.br/colunas/leonardo-sakamoto/2022/01/30/moro-caiu-na-mesma-armadilha-que-criou-para-lula-e-seus-alvos-na-lava-jato.htm, skipping...
[ERROR - 2026-03-03 12:48:55,736 - Worker_4] Status code == 403 for https://noticias.uol.com.br/cotidiano/ultimas-noticias/2022/01/30/turista-capota-o-carro-e-e-morto-a-tiros-e-ao-tentar-fugir-de-assalto-em-sp.htm, skipping...
[ERROR - 2026-03-03 12:48:57,995 - Worker_3] Status code == 403 for https://noticias.uol.com.br/ultimas-noticias/afp/2022/01/30/trump-sugere-indultos-para-acusados-de-invasao-do-capitolio-em-caso-de-retorno-a-casa-branca.htm, skipping...
[ERROR - 2026-03-03 12:49:00,061 - Worker_4] Status code == 403 for https://noticias.uol.com.br/cotidiano/ultimas-noticias/2022/01/30/bombeiros-quebram-bueiro-e-resgatam-cachorro-no-rs.htm, skipping...
[ERROR - 2026-03-03 12:49:00,235 - Worker_2] Status code == 403 for https://noticias.uol.com.br/cotidiano/ultimas-noticias/2022/01/30/chuva-em-sp-causa-deslizamento-inundacoes-no-interior-e-cancela-vacinacao.htm, skipping...
[ERROR - 2026-03-03 12:49:05,296 - Worker_0] Status code == 403 for https://tab.uol.com.br/noticias/redacao/2022/01/30/quente-ne-cozinheiro-japones-vende-lamen-tradicional-em-sp.htm, skipping...
[ERROR - 2026-03-03 12:49:06,799 - Worker_4] Status code == 403 for https://tab.uol.com.br/noticias/redacao/2022/01/30/festejar-vida-no-palco-artistas-celebram-o-dia-da-visibilidade-trans.htm, skipping...
[ERROR - 2026-03-03 12:49:07,661 - Worker_1] Status code == 403 for https://noticias.uol.com.br/ultimas-noticias/reuters/2022/01/30/protestos-no-canada-contra-obrigatoriedade-da-vacina-contra-covid-19-bloqueiam-ottawa-pelo-segundo-dia.htm, skipping...
[ERROR - 2026-03-03 12:49:13,346 - Worker_4] Status code == 403 for https://noticias.uol.com.br/cotidiano/ultimas-noticias/2022/01/30/sp-moradores-fazem-mutirao-para-encontrar-soterrados-em-franco-da-rocha.htm, skipping...
[ERROR - 2026-03-03 12:49:13,453 - Worker_3] Status code == 403 for https://noticias.uol.com.br/politica/ultimas-noticias/2022/01/30/federacao-pt-psb-pcdob-pv.htm, skipping...
[ERROR - 2026-03-03 12:49:34,590 - Worker_1] Status code == 403 for https://noticias.uol.com.br/internacional/ultimas-noticias/2022/01/31/homem-preso-aviao-eua.htm, skipping...
[ERROR - 2026-03-03 12:49:37,770 - Worker_4] Status code == 403 for https://noticias.uol.com.br/colunas/thais-oyama/2022/01/31/lula-e-kassab-duas-raposas-se-farejam-centrao-se-arma-para-ser-emirado.htm, skipping...
[ERROR - 2026-03-03 12:49:40,612 - Worker_3] Status code == 403 for https://educacao.uol.com.br/noticias/2022/01/31/pgr-denuncia-ministro-da-educacao-milton-ribeiro-por-crime-de-homofobia.htm, skipping...
[ERROR - 2026-03-03 12:49:41,830 - Worker_4] Status code == 403 for http://noticias.uol.com.br/videos/2022/01/31/sp-chuva-causa-mortes-deslizamentos-e-inundacoes-em-diversos-municipios.htm, skipping...
[ERROR - 2026-03-03 12:49:45,933 - Worker_4] Status code == 403 for https://noticias.uol.com.br/colunas/carolina-brigido/2022/01/31/discurso-fux-relacao-stf-bolsonaro-2022.htm, skipping...
[ERROR - 2026-03-03 12:49:51,642 - Worker_0] Status code == 403 for http://noticias.uol.com.br/colunas/walter-maierovitch/2022/01/31/covax-in-bolsonaro-prevaricou-e-delegado-federal-avanca-sinal.htm, skipping...
[ERROR - 2026-03-03 12:49:55,822 - Worker_0] Status code == 403 for https://noticias.uol.com.br/ultimas-noticias/bbc/2022/01/31/cientistas-descem-a-8km-de-profundidade-na-fossa-do-atacama-outro-planeta.htm, skipping...
[ERROR - 2026-03-03 12:50:00,410 - Worker_2] Status code == 403 for https://tab.uol.com.br/noticias/redacao/2022/01/31/lugar-de-comer-bem-motel-no-rio-fica-famoso-pelos-pratos-bem-servidos.htm, skipping...
[ERROR - 2026-03-03 12:50:05,527 - Worker_1] Status code == 403 for https://educacao.uol.com.br/noticias/2022/01/31/augusto-de-arruda-botelho-milton-ribeiro.htm, skipping...
[ERROR - 2026-03-03 12:50:14,343 - Worker_0] Status code == 403 for https://noticias.uol.com.br/colunas/reinaldo-azevedo/2022/01/31/versao-de-moro-mais-mexe-mais-fede-e-o-dever-mpf-tambem-mande-apurar.htm, skipping...
[ERROR - 2026-03-03 12:50:19,092 - Worker_1] Status code == 403 for https://noticias.uol.com.br/cotidiano/ultimas-noticias/2022/01/31/pa-jovem-morre-apos-pular-de-onibus-em-movimento-para-nao-ser-assaltado.htm, skipping...
[ERROR - 2026-03-03 12:50:21,632 - Worker_4] Status code == 403 for https://tab.uol.com.br/noticias/redacao/2022/01/29/comecou-tudo-outra-vez-enfermeiras-enfrentam-caos-de-covid-em-utis-de-bh.htm, skipping...
[ERROR - 2026-03-03 12:50:26,019 - Worker_4] Status code == 403 for https://noticias.uol.com.br/colunas/leonardo-sakamoto/2022/01/31/mortes-em-sp-nao-sao-culpa-da-chuva-mas-da-falta-de-politicas-de-moradia.htm, skipping...
[ERROR - 2026-03-03 12:50:27,051 - Worker_2] Status code == 403 for https://noticias.uol.com.br/cotidiano/ultimas-noticias/2022/01/31/franco-da-rocha-parque-paulista-chuvas-soterrados-mortos-delizamento.htm, skipping...
[ERROR - 2026-03-03 12:50:30,318 - Worker_4] Status code == 403 for https://noticias.uol.com.br/saude/ultimas-noticias/redacao/2022/01/31/anvisa-recebe-primeiro-pedido-de-registro-para-autoteste-de-covid-19.htm, skipping...
[ERROR - 2026-03-03 12:50:39,456 - Worker_4] Status code == 403 for https://noticias.uol.com.br/cotidiano/ultimas-noticias/2022/01/31/foi-o-destino-idosos-se-conhecem-namoram-e-se-casam-em-asilo-em-sp.htm, skipping...
[ERROR - 2026-03-03 12:50:40,118 - Worker_2] Status code == 403 for https://noticias.uol.com.br/colunas/abradep/2022/01/31/acoes-afirmativas-para-as-eleicoes-de-2022.htm, skipping...
[ERROR - 2026-03-03 12:50:45,510 - Worker_3] Status code == 403 for https://educacao.uol.com.br/noticias/2022/01/31/matriculas-escolas-privadas-censo-escolar-2021.htm, skipping...
[ERROR - 2026-03-03 12:50:47,958 - Worker_4] Status code == 403 for https://noticias.uol.com.br/cotidiano/ultimas-noticias/2022/01/31/homem-morto-praia-espirito-santo-guarapari.htm, skipping...
[ERROR - 2026-03-03 12:50:53,659 - Worker_2] Status code == 403 for https://tab.uol.com.br/noticias/redacao/2022/01/31/carlos-carvalho-o-medico-traido-por-negacionistas-no-enfrentamento-a-covid.htm, skipping...
[ERROR - 2026-03-03 12:50:56,817 - Worker_1] Status code == 403 for https://noticias.uol.com.br/cotidiano/ultimas-noticias/2022/01/31/sp-numero-de-mortos-por-causa-das-chuvas-sobe-para-24.htm, skipping...
[ERROR - 2026-03-03 12:51:07,318 - Worker_2] Status code == 403 for https://noticias.uol.com.br/colunas/andre-santana/2022/01/31/farsa-da-farofa-bolsonaro-nao-sabe-que-brasileiro-e-pobre-mas-e-limpinho.htm, skipping...
[ERROR - 2026-03-03 12:51:10,443 - Worker_3] Status code == 403 for http://noticias.uol.com.br/politica/ultimas-noticias/2022/01/31/direcionamento-em-compra-de-armas-e-evidente-diz-procurador-do-tcu.htm, skipping...
[ERROR - 2026-03-03 12:51:10,837 - Worker_1] Status code == 403 for https://noticias.uol.com.br/colunas/balaio-do-kotscho/2022/01/31/ignorancia-orgulhosa-a-farofada-porca-de-um-homem-do-povo-de-30-milhoes.htm, skipping...
[ERROR - 2026-03-03 12:51:19,284 - Worker_3] Status code == 403 for https://noticias.uol.com.br/colunas/jamil-chade/2022/01/31/entre-eua-e-putin-brasil-adota-ginastica-diplomatica-na-onu-sobre-ucrania.htm, skipping...
[ERROR - 2026-03-03 12:51:23,701 - Worker_0] Status code == 403 for https://noticias.uol.com.br/cotidiano/ultimas-noticias/2022/01/31/compra-de-fuzis-viabilizada-flavio-bolsonaro-tem-sinais-de-direcionamento.htm, skipping...
[ERROR - 2026-03-03 12:51:25,486 - Worker_4] Status code == 403 for https://tab.uol.com.br/noticias/redacao/2022/01/30/quente-ne-cozinheiro-japones-vende-lamen-tradicional-em-sp.htm, skipping...
[ERROR - 2026-03-03 12:51:29,583 - Worker_3] Status code == 403 for https://noticias.uol.com.br/saude/ultimas-noticias/redacao/2022/01/31/covid-19-coronavirus-casos-mortes-31-de-janeiro.htm, skipping...
[ERROR - 2026-03-03 12:51:33,688 - Worker_3] Status code == 403 for https://noticias.uol.com.br/cotidiano/ultimas-noticias/2022/01/31/menino-se-afoga-apos-ser-sugado-por-ralo-de-piscina-em-hotel-de-go.htm, skipping...
[ERROR - 2026-03-03 12:51:36,361 - Worker_4] Status code == 403 for https://noticias.uol.com.br/cotidiano/ultimas-noticias/2022/01/31/franco-da-rocha-voluntarios-chuvas-resgate-equipamentos-de-protecao.htm, skipping...
[ERROR - 2026-03-03 12:51:44,398 - Worker_3] Status code == 403 for https://noticias.uol.com.br/politica/ultimas-noticias/2022/01/31/lula-foto-renan-calheiros-renan-filho.htm, skipping...
[ERROR - 2026-03-03 12:52:05,875 - Worker_0] Status code == 403 for https://tab.uol.com.br/noticias/redacao/2022/03/31/quem-acredita-sempre-alcanca-eymael-se-lanca-pela-6-vez-a-presidencia.htm, skipping...
[ERROR - 2026-03-03 12:52:52,359 - Worker_0] Status code == 403 for https://noticias.uol.com.br/colunas/coluna-entendendo-bolsonaro/2022/03/31/terceira-via-morre-sem-nunca-ter-nascido.htm, skipping...
[ERROR - 2026-03-03 12:53:03,357 - Worker_0] Status code == 403 for https://noticias.uol.com.br/colunas/josias-de-souza/2022/03/31/desistencia-de-doria-da-a-sucessao-presidencial-aparencia-de-jogo-jogado.htm, skipping...
[ERROR - 2026-03-03 12:53:13,693 - Worker_1] Status code == 403 for https://noticias.uol.com.br/internacional/ultimas-noticias/2022/03/31/americana-e-hospitalizada-apos-vibrador-ficar-preso-em-parte-intima.htm, skipping...
[ERROR - 2026-03-03 12:53:29,636 - Worker_2] Status code == 403 for https://noticias.uol.com.br/politica/ultimas-noticias/2022/03/31/instalacao-tornozeleira-eletronica-cafe-chefia-pf-arthur-lira-stf-moraes.htm, skipping...
[ERROR - 2026-03-03 12:53:54,933 - Worker_2] Status code == 403 for https://tab.uol.com.br/noticias/redacao/2022/03/30/como-foi-a-1-travessia-lisboa-rio-a-bordo-de-um-hidroaviao-que-naufragou.htm, skipping...
[ERROR - 2026-03-03 12:54:12,368 - Worker_1] Status code == 403 for https://economia.uol.com.br/noticias/redacao/2022/03/31/confeitaria-de-ro-ovo-de-pascoa-britney-spears.htm, skipping...
[ERROR - 2026-03-03 12:54:16,474 - Worker_1] Status code == 403 for https://economia.uol.com.br/noticias/redacao/2022/03/31/bar-pe-na-areia-estacao-sp.htm, skipping...
[ERROR - 2026-03-03 12:54:25,507 - Worker_4] Status code == 403 for https://economia.uol.com.br/noticias/redacao/2022/03/31/videolocadora-sobreviveu-por-32-anos-veja-mais-negocios-em-extincao.htm, skipping...
[ERROR - 2026-03-03 12:54:29,521 - Worker_1] Status code == 403 for https://noticias.uol.com.br/colunas/dialogos-publicos/2022/03/31/58-anos-do-golpe--a-muralha-as-ordens-do-dia-e-o-brasil.htm, skipping...
[ERROR - 2026-03-03 12:54:32,561 - Worker_3] Status code == 403 for https://noticias.uol.com.br/internacional/ultimas-noticias/2022/02/28/imagens-tropas-russas-kiev.htm, skipping...
[ERROR - 2026-03-03 12:54:36,853 - Worker_4] Status code == 403 for https://noticias.uol.com.br/politica/ultimas-noticias/2022/02/28/bolsonaro-russia-ucrania.htm, skipping...
[ERROR - 2026-03-03 12:54:39,906 - Worker_2] Status code == 403 for https://tab.uol.com.br/noticias/redacao/2022/02/25/a-amizade-de-moradores-de-rua-que-perderam-o-pouco-que-tinham-em-petropolis.htm, skipping...
[ERROR - 2026-03-03 12:54:41,028 - Worker_0] Status code == 403 for https://noticias.uol.com.br/ao-vivo/2022/02/24/guerra-entre-russia-e-ucrania.htm, skipping...
[ERROR - 2026-03-03 12:54:41,176 - Worker_4] Status code == 403 for https://tab.uol.com.br/noticias/redacao/2022/02/28/folia-exorcizada-marca-retorno-de-padre-vanilson-ao-altar-em-brasilia.htm, skipping...
[ERROR - 2026-03-03 12:54:55,772 - Worker_3] Status code == 403 for https://noticias.uol.com.br/colunas/jamil-chade/2022/02/28/procurador-de-corte-de-haia-abre-investigacao-sobre-situacao-na-ucrania.htm, skipping...
[ERROR - 2026-03-03 12:55:00,936 - Worker_1] Status code == 403 for https://noticias.uol.com.br/ultimas-noticias/bbc/2022/02/28/quem-sao-os-oligarcas-russos-e-por-que-alguns-se-envolveram-no-conflito.htm, skipping...
[ERROR - 2026-03-03 12:55:00,938 - Worker_0] Status code == 403 for https://noticias.uol.com.br/ultimas-noticias/afp/2022/02/28/suica-adota-todas-as-sancoes-da-ue-contra-russia.htm, skipping...
[ERROR - 2026-03-03 12:55:04,654 - Worker_3] Status code == 403 for https://noticias.uol.com.br/cotidiano/ultimas-noticias/2022/02/28/petropolis-sobe-para-231-o-numero-de-mortos-por-chuvas-ha-5-desaparecidos.htm, skipping...
[ERROR - 2026-03-03 12:55:13,214 - Worker_3] Status code == 403 for https://noticias.uol.com.br/politica/ultimas-noticias/2022/02/28/bolsnaro-ucrania-russia-posicao-brasil-esta-mal-informado.htm, skipping...
[ERROR - 2026-03-03 12:55:16,908 - Worker_2] Status code == 403 for https://noticias.uol.com.br/colunas/jamil-chade/2022/02/28/ignorando-ucrania-damares-usa-tribuna-da-onu-para-fazer-campanha-eleitoral.htm?cmpid=copiaecola, skipping...
[ERROR - 2026-03-03 12:55:19,785 - Worker_4] Status code == 403 for https://noticias.uol.com.br/colunas/chico-alves/2022/02/28/bolsonaro-fala-em-neutralidade-mas-justifica-as-acoes-de-putin.htm, skipping...
[ERROR - 2026-03-03 12:55:21,226 - Worker_2] Status code == 403 for https://noticias.uol.com.br/saude/ultimas-noticias/redacao/2022/02/28/covid-19-coronavirus-casos-mortes-28-de-fevereiro.htm, skipping...
[ERROR - 2026-03-03 12:55:22,112 - Worker_0] Status code == 403 for https://noticias.uol.com.br/colunas/olga-curado/2022/02/28/bolsonaro-confuso-e-carente-tenta-jogar-o-pais-nos-bracos-de-putin.htm, skipping...
[ERROR - 2026-03-03 12:55:25,578 - Worker_2] Status code == 403 for https://noticias.uol.com.br/cotidiano/ultimas-noticias/2022/02/28/chuvas-no-rj-contrato-de-r-85-milhoes-tem-indicios-de-direcionamento.htm, skipping...
[ERROR - 2026-03-03 12:55:28,758 - Worker_0] Status code == 403 for https://noticias.uol.com.br/cotidiano/ultimas-noticias/2022/02/25/antivacinas-e-contra-a-constituicao-saiba-quem-e-pastor-preso-pela-pf.htm, skipping...
[ERROR - 2026-03-03 12:55:38,397 - Worker_3] Status code == 403 for https://noticias.uol.com.br/internacional/ultimas-noticias/2022/02/28/guerra-nuclerar-biden-putin-russia-ucrania.htm, skipping...
[ERROR - 2026-03-03 12:55:45,450 - Worker_1] Status code == 403 for https://economia.uol.com.br/mais/colunas/2022/02/28/investimentos-em-renda-fixa.htm, skipping...
[ERROR - 2026-03-03 12:55:47,628 - Worker_3] Status code == 403 for https://noticias.uol.com.br/colunas/juliana-dal-piva/2022/02/28/embaixada-brasileiros-orientados-a-ir-para-kiev-guerra-na-ucrania.htm, skipping...
[ERROR - 2026-03-03 12:55:51,597 - Worker_0] Status code == 403 for https://noticias.uol.com.br/internacional/ultimas-noticias/2022/02/28/apos-operacao-de-6-dias-sogra-de-influencer-e-jogadores-saem-da-ucrania.htm, skipping...
[ERROR - 2026-03-03 12:55:56,022 - Worker_4] Status code == 403 for https://noticias.uol.com.br/colunas/reinaldo-azevedo/2022/02/28/russia-ucrania-realismo-e-direito-internacional-e-um-artigo-de-kissinger.htm, skipping...
[ERROR - 2026-03-03 12:55:56,569 - Worker_3] Status code == 403 for https://tab.uol.com.br/noticias/redacao/2022/02/24/eu-sei-mas-nao-lembro-defasados-estudantes-voltam-as-aulas-em-sp.htm, skipping...
[ERROR - 2026-03-03 12:56:00,359 - Worker_4] Status code == 403 for https://noticias.uol.com.br/colunas/tales-faria/2022/02/28/para-quem-teme-a-tutela-braga-netto-e-escolha-perigosa-de-bolsonaro-a-vice.htm, skipping...
[ERROR - 2026-03-03 12:56:00,737 - Worker_3] Status code == 403 for https://economia.uol.com.br/noticias/estadao-conteudo/2022/02/28/petrobras-diz-que-mantera-politica-de-precos.htm, skipping...
[ERROR - 2026-03-03 12:56:01,494 - Worker_1] Status code == 403 for https://noticias.uol.com.br/internacional/ultimas-noticias/2022/02/28/ucraniano-brasil-tenta-saida-pais-guerra.htm, skipping...
[ERROR - 2026-03-03 12:56:04,722 - Worker_0] Status code == 403 for https://noticias.uol.com.br/internacional/ultimas-noticias/2022/02/28/russia-ameaca-europeus-que-fornecerem-armas-e-combustives-para-a-ucrania.htm, skipping...
[ERROR - 2026-03-03 12:56:06,076 - Worker_2] Status code == 403 for https://noticias.uol.com.br/internacional/ultimas-noticias/2022/02/28/zelensky-dispensa-visto-para-quem-quiser-defender-a-ucrania-contra-a-russia.htm, skipping...
[ERROR - 2026-03-03 12:56:09,174 - Worker_3] Status code == 403 for https://noticias.uol.com.br/internacional/ultimas-noticias/2022/02/28/uniao-europeia-rastreia-dinheiro-paralelo-que-financia-putin.htm, skipping...
[ERROR - 2026-03-03 12:56:09,985 - Worker_1] Status code == 403 for https://noticias.uol.com.br/colunas/carlos-madeiro/2022/02/28/disputa-por-forte-vai-a-justica-em-nova-investida-federal-por-f-de-noronha.htm, skipping...
[ERROR - 2026-03-03 12:56:13,188 - Worker_0] Status code == 403 for https://noticias.uol.com.br/colunas/ronilso-pacheco/2022/02/28/os-vestigios-de-raca-e-extrema-direita-religiosa-de-uma-guerra.htm, skipping...
[ERROR - 2026-03-03 12:56:17,290 - Worker_0] Status code == 403 for https://noticias.uol.com.br/internacional/ultimas-noticias/2022/02/28/russia-ucrania-28-fevereiro.htm, skipping...
[ERROR - 2026-03-03 12:56:21,411 - Worker_0] Status code == 403 for https://tab.uol.com.br/noticias/redacao/2022/02/28/lider-da-demolicao-bairro-mais-antigo-de-sao-paulo-desaparece-da-paisagem.htm, skipping...
[ERROR - 2026-03-03 12:56:36,283 - Worker_1] Status code == 403 for https://tab.uol.com.br/noticias/redacao/2022/02/28/folia-exorcizada-marca-retorno-de-padre-vanilson-ao-altar-em-brasilia.htm, skipping...
[ERROR - 2026-03-03 12:56:38,276 - Worker_4] Status code == 403 for https://noticias.uol.com.br/ao-vivo/2022/02/24/guerra-entre-russia-e-ucrania.htm, skipping...
[ERROR - 2026-03-03 12:56:40,276 - Worker_2] Status code == 403 for https://noticias.uol.com.br/internacional/ultimas-noticias/2022/03/01/brasil-ignora-pedido-de-ajuda-momento-embaixada-ucrania-anatoliy-tkach.htm, skipping...
[ERROR - 2026-03-03 12:56:42,608 - Worker_4] Status code == 403 for https://tab.uol.com.br/noticias/redacao/2022/03/01/no-rio-neto-de-ze-keti-e-motorista-de-app-e-mantem-tradicao-dos-bate-bolas.htm, skipping...
[ERROR - 2026-03-03 12:56:49,711 - Worker_1] Status code == 403 for https://noticias.uol.com.br/colunas/balaio-do-kotscho/2022/02/28/a-guerra-do-fim-do-mundo-quem-vai-apertar-o-botao-primeiro.htm, skipping...
[ERROR - 2026-03-03 12:56:53,905 - Worker_1] Status code == 403 for https://noticias.uol.com.br/internacional/ultimas-noticias/2022/03/01/o-que-representaria-a-entrada-da-ucrania-na-uniao-europeia.htm, skipping...
[ERROR - 2026-03-03 12:56:55,926 - Worker_2] Status code == 403 for https://noticias.uol.com.br/ultimas-noticias/bbc/2022/03/01/o-que-sao-as-bombas-de-fragmentacao-proibidas-que-a-russia-e-acusada-de-usar-na-ucrania.htm, skipping...
[ERROR - 2026-03-03 12:57:00,114 - Worker_2] Status code == 403 for https://noticias.uol.com.br/colunas/jamil-chade/2022/03/01/paises-boicotam-russia-na-onu-brasil-nao-adere-ao-protesto.htm, skipping...
[ERROR - 2026-03-03 12:57:00,300 - Worker_1] Status code == 403 for https://noticias.uol.com.br/internacional/ultimas-noticias/2022/02/28/ucrania-russia-yuval-noah-harari-guerra-putin-perdeu.htm, skipping...
[ERROR - 2026-03-03 12:57:04,396 - Worker_1] Status code == 403 for https://noticias.uol.com.br/internacional/ultimas-noticias/2022/03/01/brasileiros-europa-oferecem-casa-comida-roupa-transporte-refugiados.htm, skipping...
[ERROR - 2026-03-03 12:57:06,386 - Worker_3] Status code == 403 for https://noticias.uol.com.br/saude/ultimas-noticias/redacao/2022/03/01/covid-19-coronavirus-casos-mortes-01-de-marco.htm, skipping...
[ERROR - 2026-03-03 12:57:15,735 - Worker_1] Status code == 403 for https://noticias.uol.com.br/ultimas-noticias/bbc/2022/03/01/a-espetacular-imagem-da-maior-erupcao-solar-ja-registrada.htm, skipping...
[ERROR - 2026-03-03 12:57:24,150 - Worker_2] Status code == 403 for https://noticias.uol.com.br/colunas/jose-luiz-portella/2022/02/28/licoes-de-hayek-para-liberais.htm, skipping...
[ERROR - 2026-03-03 12:57:27,037 - Worker_0] Status code == 403 for https://noticias.uol.com.br/internacional/ultimas-noticias/2022/03/01/uma-hora-nao-conseguiremos-mais-ficar-de-pe-diz-zelensky.htm, skipping...
[ERROR - 2026-03-03 12:57:29,099 - Worker_1] Status code == 403 for https://noticias.uol.com.br/colunas/josias-de-souza/2022/03/01/bolsonaro-da-uma-dentro-na-encrenca-a-ucrania.htm, skipping...
[ERROR - 2026-03-03 12:57:30,243 - Worker_4] Status code == 403 for https://noticias.uol.com.br/internacional/ultimas-noticias/2022/03/01/como-os-cacas-da-uniao-europeia-vao-chegar-a-ucrania.htm, skipping...
[ERROR - 2026-03-03 12:57:31,355 - Worker_0] Status code == 403 for https://noticias.uol.com.br/cotidiano/ultimas-noticias/2022/03/01/turista-morre-eletrocutada-na-bahia.htm, skipping...
[ERROR - 2026-03-03 12:57:33,050 - Worker_2] Status code == 403 for https://noticias.uol.com.br/cotidiano/ultimas-noticias/2022/03/01/menino-fugiu-de-manaus-a-sp-em-busca-de-conforto-e-piscina-diz-policia.htm, skipping...
[ERROR - 2026-03-03 12:57:39,059 - Worker_4] Status code == 403 for https://noticias.uol.com.br/colunas/josias-de-souza/2022/03/01/acm-neto-ameaca-a-hegemonia-petista-na-bahia.htm, skipping...
[ERROR - 2026-03-03 12:57:40,260 - Worker_0] Status code == 403 for https://tab.uol.com.br/noticias/redacao/2022/03/01/como-um-carrinho-de-compras-sai-do-supermercado-para-chegar-as-ruas.htm, skipping...
[ERROR - 2026-03-03 12:57:46,088 - Worker_2] Status code == 403 for https://noticias.uol.com.br/colunas/coluna-entendendo-bolsonaro/2022/03/01/em-meio-a-desafio-global-bolsonaro-e-ameaca-aos-interesses-brasileiros.htm, skipping...
[ERROR - 2026-03-03 12:57:53,577 - Worker_0] Status code == 403 for https://noticias.uol.com.br/internacional/ultimas-noticias/2022/03/01/russia-x-ucrania-invasao-sexto-dia-6-dia.htm, skipping...
[ERROR - 2026-03-03 12:57:56,887 - Worker_2] Status code == 403 for https://noticias.uol.com.br/colunas/jamil-chade/2022/03/01/russia-exige-que-armas-nucleares-dos-eua-na-europa-sejam-retiradas.htm, skipping...
[ERROR - 2026-03-03 12:57:59,216 - Worker_4] Status code == 403 for https://tab.uol.com.br/noticias/redacao/2022/02/24/eu-sei-mas-nao-lembro-defasados-estudantes-voltam-as-aulas-em-sp.htm, skipping...
[ERROR - 2026-03-03 12:58:00,685 - Worker_1] Status code == 403 for https://noticias.uol.com.br/colunas/otavio-rego-barros/2022/03/01/questao-de-tolerancia.htm, skipping...
[ERROR - 2026-03-03 12:58:03,336 - Worker_4] Status code == 403 for https://noticias.uol.com.br/internacional/ultimas-noticias/2022/03/01/militantes-do-mbl-e-do-pco-brigam-na-frente-de-consulado-da-russia-no-rio.htm, skipping...
[ERROR - 2026-03-03 12:58:05,453 - Worker_2] Status code == 403 for https://noticias.uol.com.br/colunas/josias-de-souza/2022/03/01/sem-movimentar-tropas-ocidente-invade-principal-cidadela-de-putin-o-cofre.htm, skipping...
[ERROR - 2026-03-03 12:58:10,716 - Worker_3] Status code == 403 for https://noticias.uol.com.br/colunas/reinaldo-azevedo/2022/02/28/o-e-da-coisa-por-enquanto-tambem-a-otan-todos-apostam-em-mais-guerra.htm, skipping...
[ERROR - 2026-03-03 12:58:18,837 - Worker_1] Status code == 403 for https://noticias.uol.com.br/colunas/leonardo-sakamoto/2022/02/28/nazista-se-tornou-o-grande-xingamento-na-guerra-entre-russia-e-ucrania.htm, skipping...
[ERROR - 2026-03-03 12:58:21,209 - Worker_4] Status code == 403 for https://tab.uol.com.br/noticias/redacao/2022/02/28/lider-da-demolicao-bairro-mais-antigo-de-sao-paulo-desaparece-da-paisagem.htm, skipping...
[ERROR - 2026-03-03 12:58:36,335 - Worker_2] Status code == 403 for https://noticias.uol.com.br/internacional/ultimas-noticias/2022/03/02/grande-explosao-e-ouvida-em-kiev-capital-deve-ficar-sem-energia-eletrica.htm, skipping...
[ERROR - 2026-03-03 12:58:36,398 - Worker_0] Status code == 403 for https://tab.uol.com.br/noticias/redacao/2022/03/01/no-rio-neto-de-ze-keti-e-motorista-de-app-e-mantem-tradicao-dos-bate-bolas.htm, skipping...
[ERROR - 2026-03-03 12:58:40,495 - Worker_0] Status code == 403 for https://noticias.uol.com.br/internacional/ultimas-noticias/2022/03/02/russia-x-ucrania-prefeito-de-kherson-confirma-que-russos-tomaram-a-cidade.htm, skipping...
[ERROR - 2026-03-03 12:58:41,708 - Worker_3] Status code == 403 for https://noticias.uol.com.br/ultimas-noticias/agencia-estado/2022/03/02/stf-derruba-lei-de-alagoas-que-concedia-porte-de-arma-a-procuradores-do-estado.htm, skipping...
[ERROR - 2026-03-03 12:58:44,850 - Worker_2] Status code == 403 for https://noticias.uol.com.br/colunas/thais-oyama/2022/03/02/whatsapp-mostra-que-apego-de-bolsonaro-a-putin-vai-alem-dos-negocios.htm, skipping...
[ERROR - 2026-03-03 12:58:46,843 - Worker_0] Status code == 403 for https://noticias.uol.com.br/colunas/tales-faria/2022/03/02/municiados-pelo-odio-conservadores-radicais-tocam-fogo-no-mundo.htm, skipping...
[ERROR - 2026-03-03 12:58:50,728 - Worker_3] Status code == 403 for https://noticias.uol.com.br/cotidiano/ultimas-noticias/2022/03/02/homem-assalta-padaria-com-crianca-no-colo-no-parana-veja-video.htm, skipping...
[ERROR - 2026-03-03 12:59:03,316 - Worker_2] Status code == 403 for https://noticias.uol.com.br/colunas/cristina-tardaguila/2022/02/22/cenas-de-videogame-viram-guerra-entre-russia-e-ucrania.htm, skipping...
[ERROR - 2026-03-03 12:59:20,844 - Worker_2] Status code == 403 for https://noticias.uol.com.br/colunas/mauricio-stycer/2022/03/02/por-que-ratinho-um-comunicador-e-contra-a-difusao-de-noticias-da-guerra.htm, skipping...
[ERROR - 2026-03-03 12:59:33,126 - Worker_1] Status code == 403 for https://noticias.uol.com.br/colunas/josias-de-souza/2022/03/01/bolsonaro-da-uma-dentro-na-encrenca-a-ucrania.htm, skipping...
[ERROR - 2026-03-03 12:59:40,379 - Worker_0] Status code == 403 for https://noticias.uol.com.br/colunas/leonardo-sakamoto/2022/03/02/bolsonaro-usa-guerra-na-ucrania-em-sua-guerra-contra-os-indigenas-no-brasil.htm, skipping...
[ERROR - 2026-03-03 12:59:43,745 - Worker_2] Status code == 403 for https://noticias.uol.com.br/politica/ultimas-noticias/2022/03/02/stf-suspende-acao-penal-contra-lula-lava-jato.htm, skipping...
[ERROR - 2026-03-03 12:59:44,713 - Worker_0] Status code == 403 for https://noticias.uol.com.br/saude/ultimas-noticias/redacao/2022/03/02/covid-19-coronavirus-casos-mortes-02-de-marco.htm, skipping...
[ERROR - 2026-03-03 12:59:47,520 - Worker_4] Status code == 403 for https://noticias.uol.com.br/ultimas-noticias/reuters/2022/03/02/opas-diz-que-mulheres-foram-afetadas-de-maneira-desproporcional-pela-pandemia-de-covid-19.htm, skipping...
[ERROR - 2026-03-03 12:59:50,587 - Worker_2] Status code == 403 for https://tab.uol.com.br/noticias/redacao/2022/03/02/audicao-e-materiais-confidenciais-como-funciona-a-cientologia-no-brasil.htm, skipping...
[ERROR - 2026-03-03 12:59:53,213 - Worker_1] Status code == 403 for https://noticias.uol.com.br/internacional/ultimas-noticias/2022/03/02/russia-ucrania-setimo-dia-invasao-guerra-conflito.htm, skipping...
[ERROR - 2026-03-03 12:59:53,562 - Worker_0] Status code == 403 for https://noticias.uol.com.br/cotidiano/ultimas-noticias/2022/03/02/casal-foge-segundos-antes-de-pneu-explodir-em-borracharia-no-pr.htm, skipping...
[ERROR - 2026-03-03 12:59:54,687 - Worker_2] Status code == 403 for https://noticias.uol.com.br/internacional/ultimas-noticias/2022/03/02/foguete-atinge-predio-enquanto-voluntario-gravava-video-assista.htm, skipping...
[ERROR - 2026-03-03 13:00:07,733 - Worker_4] Status code == 403 for https://noticias.uol.com.br/politica/ultimas-noticias/2022/03/02/damares-envia-oficio-a-orgaos-dizendo-que-nao-coletera-denuncias-antivacina.htm, skipping...
[ERROR - 2026-03-03 13:00:09,014 - Worker_2] Status code == 403 for https://noticias.uol.com.br/cotidiano/ultimas-noticias/2022/03/02/recem-nascida-e-encontrada-dentro-de-caixa-em-santa-catarina.htm, skipping...
[ERROR - 2026-03-03 13:00:18,308 - Worker_4] Status code == 403 for https://noticias.uol.com.br/colunas/fernanda-magnotta/2022/03/02/10-licoes-da-primeira-semana-de-guerra-na-ucrania.htm, skipping...
[ERROR - 2026-03-03 13:00:20,145 - Worker_2] Status code == 403 for https://noticias.uol.com.br/ultimas-noticias/bbc/2022/03/02/invasao-da-ucrania--parece-realidade-paralela-como-a-tv-russa-esta-retratando-a-guerra.htm, skipping...
[ERROR - 2026-03-03 13:00:21,027 - Worker_3] Status code == 403 for https://educacao.uol.com.br/noticias/2022/03/02/aluno-ensino-medio-desafagem-saresp-2021.htm, skipping...
[ERROR - 2026-03-03 13:00:27,787 - Worker_1] Status code == 403 for https://noticias.uol.com.br/internacional/ultimas-noticias/2022/03/02/estudo-finalmente-desvenda-misterio-do-calendario-solar-do-stonehenge.htm, skipping...
[ERROR - 2026-03-03 13:00:31,029 - Worker_2] Status code == 403 for https://tab.uol.com.br/noticias/redacao/2022/02/28/lider-da-demolicao-bairro-mais-antigo-de-sao-paulo-desaparece-da-paisagem.htm, skipping...
[ERROR - 2026-03-03 13:00:32,433 - Worker_3] Status code == 403 for https://noticias.uol.com.br/colunas/jamil-chade/2022/03/02/com-voto-do-brasil-onu-aprova-resolucao-contra-russia-e-amplia-pressao.htm, skipping...
[ERROR - 2026-03-03 13:00:36,628 - Worker_0] Status code == 403 for https://noticias.uol.com.br/colunas/jose-luiz-portella/2022/03/04/pib-para-melhorar-a-vida-dos-brasileiros-devemos-mudar-o-foco.htm, skipping...
[ERROR - 2026-03-03 13:00:43,271 - Worker_1] Status code == 403 for https://noticias.uol.com.br/cotidiano/ultimas-noticias/2022/03/04/mulher-morre-eletrocutada-sp.htm, skipping...
[ERROR - 2026-03-03 13:00:46,223 - Worker_3] Status code == 403 for https://noticias.uol.com.br/politica/ultimas-noticias/2022/03/04/moraes-critica-pgr-e-pede-explicacao-sobre-ida-de-carlos-bolsonaro-a-russia.htm, skipping...
[ERROR - 2026-03-03 13:00:47,618 - Worker_1] Status code == 403 for https://noticias.uol.com.br/internacional/ultimas-noticias/2022/03/04/arthur-do-val-diz-que-mulheres-ucranianas-sao-faceis-porque-sao-pobres.htm, skipping...
[ERROR - 2026-03-03 13:00:48,796 - Worker_4] Status code == 403 for https://noticias.uol.com.br/ao-vivo/2022/02/24/guerra-entre-russia-e-ucrania.htm, skipping...
[ERROR - 2026-03-03 13:00:50,560 - Worker_3] Status code == 403 for https://noticias.uol.com.br/colunas/juliana-dal-piva/2022/03/04/brasileiro-relata-agressao-e-denuncia-racismo-na-fronteira-da-ucrania.htm, skipping...
[ERROR - 2026-03-03 13:00:53,319 - Worker_4] Status code == 403 for https://noticias.uol.com.br/colunas/jamil-chade/2022/03/04/russia-poupa-brasil-e-diz-que-pais-entende-razoes-do-kremlin-na-ucrania.htm, skipping...
[ERROR - 2026-03-03 13:00:54,094 - Worker_0] Status code == 403 for https://noticias.uol.com.br/internacional/ultimas-noticias/2022/03/03/kennedy-zelensky-e-irresponsavel-e-inapto-para-o-cargo-de-presidente.htm, skipping...
[ERROR - 2026-03-03 13:00:58,424 - Worker_0] Status code == 403 for https://noticias.uol.com.br/cotidiano/ultimas-noticias/2022/03/04/video-flagra-viuva-de-vereador-sendo-agredida-durante-velorio-do-marido.htm, skipping...
[ERROR - 2026-03-03 13:01:02,339 - Worker_1] Status code == 403 for https://noticias.uol.com.br/internacional/ultimas-noticias/2022/03/04/russia-ucrania-irpin-ataque-predio-residencial-video.htm, skipping...
[ERROR - 2026-03-03 13:01:29,582 - Worker_1] Status code == 403 for https://tab.uol.com.br/noticias/redacao/2022/03/04/apos-10-meses-cao-dado-como-morto-reaparece-bem-nutrido-e-com-dois-nomes.htm, skipping...
[ERROR - 2026-03-03 13:01:31,716 - Worker_3] Status code == 403 for https://noticias.uol.com.br/colunas/leonardo-sakamoto/2022/03/04/fertilizantes-bolsonaro-vai-precisar-de-nova-desculpa-para-proteger-putin.htm, skipping...
[ERROR - 2026-03-03 13:01:42,488 - Worker_3] Status code == 403 for https://tab.uol.com.br/noticias/redacao/2022/03/02/audicao-e-materiais-confidenciais-como-funciona-a-cientologia-no-brasil.htm, skipping...
[ERROR - 2026-03-03 13:02:08,402 - Worker_2] Status code == 403 for https://tab.uol.com.br/noticias/redacao/2022/03/04/morro-de-medo-imigrantes-sem-documentacao-regular-ficam-sem-vacina-em-sp.htm, skipping...
[ERROR - 2026-03-03 13:02:28,576 - Worker_3] Status code == 403 for https://noticias.uol.com.br/cotidiano/ultimas-noticias/2022/03/04/homem-morre-eletrocutado-apos-sair-de-piscina-e-mexer-em-celular-carregando.htm, skipping...
[ERROR - 2026-03-03 13:02:28,978 - Worker_1] Status code == 403 for https://noticias.uol.com.br/internacional/ultimas-noticias/2022/03/04/eua-dizem-que-protecao-aerea-a-ucrania-espalharia-guerra-pela-europa.htm, skipping...
[ERROR - 2026-03-03 13:02:32,008 - Worker_2] Status code == 403 for https://blogdojuca.uol.com.br/2022/03/cbv-censura-atletas-em-nome-da-neutralidade-do-esporte/, skipping...
[ERROR - 2026-03-03 13:02:32,679 - Worker_3] Status code == 403 for https://noticias.uol.com.br/politica/ultimas-noticias/2022/03/04/morte-hipster-da-federal.htm, skipping...
[ERROR - 2026-03-03 13:02:36,112 - Worker_2] Status code == 403 for https://noticias.uol.com.br/internacional/ultimas-noticias/2022/03/04/ucrania-divulga-foto-do-maior-aviao-do-mundo-destruido-apos-ataque-russo.htm, skipping...
[ERROR - 2026-03-03 13:02:47,210 - Worker_2] Status code == 403 for https://noticias.uol.com.br/colunas/jamil-chade/2022/03/05/carta-para-arthur-do-val-a-condicao-feminina-na-guerra-e-na-paz.htm, skipping...
[ERROR - 2026-03-03 13:02:51,588 - Worker_2] Status code == 403 for https://noticias.uol.com.br/internacional/ultimas-noticias/2022/03/04/arthur-do-val-diz-que-mulheres-ucranianas-sao-faceis-porque-sao-pobres.htm, skipping...
[ERROR - 2026-03-03 13:02:52,592 - Worker_4] Status code == 403 for https://noticias.uol.com.br/ao-vivo/2022/02/24/guerra-entre-russia-e-ucrania.htm, skipping...
[ERROR - 2026-03-03 13:03:03,164 - Worker_3] Status code == 403 for https://noticias.uol.com.br/cotidiano/ultimas-noticias/2022/03/04/elefante-marinho-e-flagrado-em-praia-de-ubatuba-veja-video.htm, skipping...
[ERROR - 2026-03-03 13:03:05,579 - Worker_4] Status code == 403 for https://noticias.uol.com.br/cotidiano/ultimas-noticias/2022/03/05/cachorro-destroi-clinica-veterinaria-no-interior-de-sp-veja-video.htm, skipping...
[ERROR - 2026-03-03 13:03:09,774 - Worker_0] Status code == 403 for https://noticias.uol.com.br/internacional/ultimas-noticias/2022/03/05/russia-x-ucrania-10-dia-guerra-invasao-conflito.htm, skipping...
[ERROR - 2026-03-03 13:03:18,919 - Worker_4] Status code == 403 for https://tab.uol.com.br/colunas/daniela-pinheiro/2022/03/05/fotografo-portugues-na-ucrania-relata-quem-tem-pele-escura-nao-passa.htm, skipping...
[ERROR - 2026-03-03 13:03:36,401 - Worker_1] Status code == 403 for https://tab.uol.com.br/noticias/redacao/2022/03/04/apos-10-meses-cao-dado-como-morto-reaparece-bem-nutrido-e-com-dois-nomes.htm, skipping...
[ERROR - 2026-03-03 13:03:38,647 - Worker_4] Status code == 403 for https://noticias.uol.com.br/politica/ultimas-noticias/2022/03/05/erro-em-um-momento-de-empolgacao-diz-arthur-do-val-sobre-audios.htm, skipping...
[ERROR - 2026-03-03 13:03:39,950 - Worker_3] Status code == 403 for https://noticias.uol.com.br/ultimas-noticias/afp/2022/03/05/balanco-de-atentado-contra-mesquita-no-paquistao-sobe-para-62-mortos.htm, skipping...
[ERROR - 2026-03-03 13:03:47,299 - Worker_4] Status code == 403 for https://noticias.uol.com.br/internacional/ultimas-noticias/2022/03/05/conheca-10-casos-em-que-brincadeiras-sexuais-levaram-pessoas-ao-hospital.htm, skipping...
[ERROR - 2026-03-03 13:03:54,437 - Worker_0] Status code == 403 for https://noticias.uol.com.br/ultimas-noticias/2022/03/05/mega-sena-sorteia-premio-de-r-917-milhoes-veja-as-dezenas-de-hoje.htm, skipping...
[ERROR - 2026-03-03 13:03:55,511 - Worker_3] Status code == 403 for https://noticias.uol.com.br/album/2022/03/05/chuva-em-sp-mais-de-100-arvores-caem-e-cidade-tem-areas-alagadas.htm?foto=1, skipping...
[ERROR - 2026-03-03 13:03:55,549 - Worker_2] Status code == 403 for https://noticias.uol.com.br/ultimas-noticias/afp/2022/03/05/milhares-de-pessoas-protestam-em-cidades-europeias-contra-guerra-na-ucrania.htm, skipping...
[ERROR - 2026-03-03 13:03:55,894 - Worker_1] Status code == 403 for https://tab.uol.com.br/noticias/redacao/2022/03/02/audicao-e-materiais-confidenciais-como-funciona-a-cientologia-no-brasil.htm, skipping...
[ERROR - 2026-03-03 13:04:04,647 - Worker_2] Status code == 403 for https://noticias.uol.com.br/saude/ultimas-noticias/redacao/2022/03/05/covid-19-coronavirus-casos-mortes-05-de-marco.htm, skipping...
[ERROR - 2026-03-03 13:04:13,545 - Worker_2] Status code == 403 for https://noticias.uol.com.br/internacional/ultimas-noticias/2022/03/05/brasileiros-mobilizacao-alistamento-guerra-ucrania.htm, skipping...
[ERROR - 2026-03-03 13:04:14,703 - Worker_0] Status code == 403 for https://tab.uol.com.br/noticias/redacao/2022/03/05/os-russos-que-venham-me-tirar-daqui-diz-empresario-paulista-na-ucrania.htm, skipping...
[ERROR - 2026-03-03 13:04:24,294 - Worker_4] Status code == 403 for https://noticias.uol.com.br/colunas/josias-de-souza/2022/03/05/mamae-falei-deveria-lancar-mao-de-sua-macheza-para-renunciar-ao-mandato.htm, skipping...
[ERROR - 2026-03-03 13:04:31,711 - Worker_2] Status code == 403 for https://noticias.uol.com.br/colunas/coluna-entendendo-bolsonaro/2022/03/05/arthur-do-val-e-o-cidadao-de-bem-que-elegeu-bolsonaro.htm, skipping...
[ERROR - 2026-03-03 13:04:38,542 - Worker_1] Status code == 403 for https://noticias.uol.com.br/internacional/ultimas-noticias/2022/03/05/apos-pressao-visa-e-mastercard-suspendem-operacoes-na-russia.htm, skipping...
[ERROR - 2026-03-03 13:04:50,452 - Worker_2] Status code == 403 for https://noticias.uol.com.br/internacional/ultimas-noticias/2022/03/06/foto-registra-barricada-com-livros-em-janela-de-kiev-na-ucrania.htm, skipping...
[ERROR - 2026-03-03 13:04:51,565 - Worker_1] Status code == 403 for https://noticias.uol.com.br/politica/ultimas-noticias/2022/03/06/vereadores-ofensas-grupo-whatsapp-sao-paulo.htm, skipping...
[ERROR - 2026-03-03 13:04:52,597 - Worker_4] Status code == 403 for https://noticias.uol.com.br/colunas/andre-santana/2022/03/06/com-potencial-turistico-e-artistico-comunidade-da-gamboa-merece-respeito.htm, skipping...
[ERROR - 2026-03-03 13:05:01,436 - Worker_1] Status code == 403 for https://noticias.uol.com.br/colunas/josias-de-souza/2022/03/06/moro-fica-sem-palanque-no-estado-de-sao-paulo.htm, skipping...
[ERROR - 2026-03-03 13:05:06,778 - Worker_3] Status code == 403 for https://noticias.uol.com.br/ao-vivo/2022/02/24/guerra-entre-russia-e-ucrania.htm, skipping...
[ERROR - 2026-03-03 13:05:09,219 - Worker_4] Status code == 403 for https://noticias.uol.com.br/internacional/ultimas-noticias/2022/03/06/por-que-russia-invadiu-ucrania-agora-e-nao-em-outro-momento.htm, skipping...
[ERROR - 2026-03-03 13:05:11,130 - Worker_3] Status code == 403 for https://noticias.uol.com.br/cotidiano/ultimas-noticias/2022/03/06/sp-estado-de-atencao-chuvas.htm, skipping...
[ERROR - 2026-03-03 13:05:17,195 - Worker_1] Status code == 403 for https://noticias.uol.com.br/internacional/ultimas-noticias/2022/03/06/ministro-da-ucrania-petroleo-da-russia-tem-cheiro-de-sangue-ucraniano.htm, skipping...
[ERROR - 2026-03-03 13:05:17,908 - Worker_4] Status code == 403 for https://noticias.uol.com.br/saude/ultimas-noticias/redacao/2022/03/06/covid-19-coronavirus-casos-mortes-06-de-marco.htm, skipping...
[ERROR - 2026-03-03 13:05:30,080 - Worker_2] Status code == 403 for https://noticias.uol.com.br/colunas/rubens-valente/2022/03/06/pernambucanas-judicial-saude-hospital.htm, skipping...
[ERROR - 2026-03-03 13:05:33,789 - Worker_1] Status code == 403 for https://noticias.uol.com.br/cotidiano/ultimas-noticias/2022/03/06/policia-prende-homem-acusado-de-se-passar-por-pastor-para-dar-golpes-no-rj.htm, skipping...
[ERROR - 2026-03-03 13:05:42,499 - Worker_1] Status code == 403 for https://tab.uol.com.br/colunas/matheus-pichonelli/2022/03/05/aqui-nao-e-iraque-indignacao-seletiva-so-reforca-drama-ucraniano.htm, skipping...
[ERROR - 2026-03-03 13:05:47,575 - Worker_3] Status code == 403 for https://noticias.uol.com.br/internacional/ultimas-noticias/2022/03/06/arqueologo-amador-diz-ter-encontrado-uma-cidade-antiga-proxima-aos-eua.htm, skipping...
[ERROR - 2026-03-03 13:06:00,749 - Worker_3] Status code == 403 for https://noticias.uol.com.br/colunas/jose-luiz-portella/2022/03/06/tarcisio-x-rodrigo-para-sabermos-quem-enfrenta-haddad.htm, skipping...
[ERROR - 2026-03-03 13:06:20,272 - Worker_2] Status code == 403 for https://blogdojuca.uol.com.br/2022/03/verdao-segue-de-vento-em-popa-mas-avarento-em-gols/, skipping...
[ERROR - 2026-03-03 13:06:21,317 - Worker_3] Status code == 403 for https://economia.uol.com.br/noticias/estadao-conteudo/2022/03/06/pix-bate-novo-recorde-de-transacoes-diarias-na-ultima-sexta-4.htm, skipping...
[ERROR - 2026-03-03 13:06:22,604 - Worker_4] Status code == 403 for https://tab.uol.com.br/noticias/redacao/2022/03/02/audicao-e-materiais-confidenciais-como-funciona-a-cientologia-no-brasil.htm, skipping...
[ERROR - 2026-03-03 13:06:25,444 - Worker_3] Status code == 403 for https://noticias.uol.com.br/ultimas-noticias/reuters/2022/03/06/corea-do-norte-diz-que-realizou-segundo-teste-importante-de-satelite-espiao.htm, skipping...
[ERROR - 2026-03-03 13:06:30,094 - Worker_1] Status code == 403 for https://noticias.uol.com.br/ultimas-noticias/agencia-estado/2022/03/06/ex-governador-do-rio-grande-do-norte-geraldo-melo-morre-aos-86-anos.htm, skipping...
[ERROR - 2026-03-03 13:06:35,315 - Worker_0] Status code == 403 for https://noticias.uol.com.br/internacional/ultimas-noticias/2022/03/06/atleta-ucraniano-torturado-russia.htm, skipping...
[ERROR - 2026-03-03 13:06:35,747 - Worker_2] Status code == 403 for https://noticias.uol.com.br/internacional/ultimas-noticias/2022/03/06/russia-x-ucrania-11-dia-invasao-guerra-conflito.htm, skipping...
[ERROR - 2026-03-03 13:06:49,151 - Worker_4] Status code == 403 for https://tab.uol.com.br/noticias/redacao/2022/03/06/baleiro-arrumado-e-o-que-faz-vender-os-ambulantes-da-bala-no-rio.htm, skipping...
[ERROR - 2026-03-03 13:06:52,458 - Worker_3] Status code == 403 for https://noticias.uol.com.br/colunas/otavio-rego-barros/2022/03/06/o-plano-de-putin-e-muito-maior.htm, skipping...
[ERROR - 2026-03-03 13:06:52,705 - Worker_0] Status code == 403 for https://tab.uol.com.br/noticias/redacao/2022/03/06/o-que-e-cafona-hoje-restaurante-suspenso-no-rio-serve-a-50m-de-altura.htm, skipping...
[ERROR - 2026-03-03 13:07:02,459 - Worker_1] Status code == 403 for https://noticias.uol.com.br/colunas/josias-de-souza/2022/03/07/doria-foi-enfeiticado-pelo-feitico-que-impos-a-alckmin-na-sucessao-passada.htm, skipping...
[ERROR - 2026-03-03 13:07:02,833 - Worker_4] Status code == 403 for https://noticias.uol.com.br/cotidiano/ultimas-noticias/2022/03/07/racismo-criancas-shopping-procon.htm, skipping...
[ERROR - 2026-03-03 13:07:04,936 - Worker_2] Status code == 403 for https://noticias.uol.com.br/ao-vivo/2022/02/24/guerra-entre-russia-e-ucrania.htm, skipping...
[ERROR - 2026-03-03 13:07:09,289 - Worker_2] Status code == 403 for https://noticias.uol.com.br/colunas/thais-oyama/2022/03/07/com-guerra-e-landim-bolsonaro-espera-fazer-na-petrobras-o-que-sempre-quis.htm, skipping...
[ERROR - 2026-03-03 13:07:13,457 - Worker_2] Status code == 403 for https://noticias.uol.com.br/politica/ultimas-noticias/2022/03/07/arthur-do-val-ex-namoradaplayboy-villamix.htm, skipping...
[ERROR - 2026-03-03 13:07:24,765 - Worker_3] Status code == 403 for https://tab.uol.com.br/noticias/redacao/2022/03/07/reflexo-de-longa-crise-servico-de-saude-mental-e-desmontada-em-hospital.htm, skipping...
[ERROR - 2026-03-03 13:07:36,005 - Worker_1] Status code == 403 for https://noticias.uol.com.br/politica/ultimas-noticias/2022/03/07/jaques-wagner-diz-que-pt-tera-candidato-na-bahia-mas-nao-sera-ele.htm, skipping...
[ERROR - 2026-03-03 13:07:38,026 - Worker_3] Status code == 403 for https://noticias.uol.com.br/saude/ultimas-noticias/redacao/2022/03/07/macapa-mascaras-covid-ar-livre.htm, skipping...
[ERROR - 2026-03-03 13:07:40,119 - Worker_1] Status code == 403 for https://tab.uol.com.br/noticias/redacao/2022/03/05/radio-londres-o-misterioso-caso-da-editora-cult-que-desapareceu-em-2020.htm, skipping...
[ERROR - 2026-03-03 13:07:41,265 - Worker_2] Status code == 403 for https://noticias.uol.com.br/colunas/mauricio-stycer/2022/03/07/conflito-na-ucrania-record-e-band-voltam-a-kiev-e-sbt-vai-a-moldavia.htm, skipping...
[ERROR - 2026-03-03 13:07:48,571 - Worker_1] Status code == 403 for https://noticias.uol.com.br/colunas/jamil-chade/2022/03/07/brasil-omite-russia-e-putin-em-debate-na-onu-sobre-crise-na-ucrania.htm, skipping...
[ERROR - 2026-03-03 13:07:49,604 - Worker_3] Status code == 403 for https://noticias.uol.com.br/colunas/leonardo-sakamoto/2022/03/07/bolsonaro-considera-guerra-na-ucrania-uma-boa-oportunidade-para-o-brasil.htm, skipping...
[ERROR - 2026-03-03 13:07:56,065 - Worker_3] Status code == 403 for https://noticias.uol.com.br/politica/ultimas-noticias/2022/03/07/podemos-nota-oficial-procedimento-disciplinar-arthur-do-val.htm, skipping...
[ERROR - 2026-03-03 13:08:01,879 - Worker_1] Status code == 403 for https://noticias.uol.com.br/cotidiano/ultimas-noticias/2022/03/07/coral-verdadeira-encontrada-em-praia-de-sp.htm, skipping...
[ERROR - 2026-03-03 13:08:09,383 - Worker_3] Status code == 403 for https://noticias.uol.com.br/internacional/ultimas-noticias/2022/03/07/russia-x-ucrania-12-dia-guerra-invasao.htm, skipping...
[ERROR - 2026-03-03 13:08:10,565 - Worker_4] Status code == 403 for https://noticias.uol.com.br/colunas/jose-luiz-portella/2022/03/07/a-dependencia-dos-fertilizantes-russos-e-os-dois-problemas-acumulados.htm, skipping...
[ERROR - 2026-03-03 13:08:13,489 - Worker_3] Status code == 403 for https://noticias.uol.com.br/colunas/reinaldo-azevedo/2022/03/07/risco-nuclear-licoes-de-sob-a-nevoa-da-guerra-e-obvia-pornografia-moral.htm, skipping...
[ERROR - 2026-03-03 13:08:27,808 - Worker_0] Status code == 403 for https://noticias.uol.com.br/cotidiano/ultimas-noticias/2022/03/07/prefeito-itaituba-polemica.htm, skipping...
[ERROR - 2026-03-03 13:08:45,072 - Worker_1] Status code == 403 for https://noticias.uol.com.br/cotidiano/ultimas-noticias/2022/03/07/pai-e-filho-morrem-apos-baterem-motocicletas-de-frente-um-com-o-outro-no-ma.htm, skipping...
[ERROR - 2026-03-03 13:08:50,277 - Worker_4] Status code == 403 for https://noticias.uol.com.br/colunas/josmar-jozino/2022/03/07/marcola-nova-condenacao.htm, skipping...
[ERROR - 2026-03-03 13:08:54,468 - Worker_4] Status code == 403 for https://tab.uol.com.br/noticias/redacao/2022/03/07/aviao-da-fab-decola-rumo-a-ucrania-e-busca-mais-de-60-pessoas-e-seis-caes.htm, skipping...
[ERROR - 2026-03-03 13:08:56,945 - Worker_2] Status code == 403 for https://noticias.uol.com.br/saude/ultimas-noticias/redacao/2022/03/07/covid-19-coronavirus-casos-mortes-07-de-marco.htm, skipping...
[ERROR - 2026-03-03 13:09:01,451 - Worker_0] Status code == 403 for https://noticias.uol.com.br/colunas/jamil-chade/2022/03/07/precisamos-uma-parteira-pandemia-e-a-guerra-reinventam-o-futuro.htm?cmpid=copiaecola, skipping...
[ERROR - 2026-03-03 13:09:08,281 - Worker_4] Status code == 403 for https://noticias.uol.com.br/colunas/chico-alves/2022/03/07/alckmin-socialista-entra-em-campo-para-dar-a-lula-aura-de-tucano.htm, skipping...
[ERROR - 2026-03-03 13:09:21,919 - Worker_4] Status code == 403 for https://noticias.uol.com.br/ultimas-noticias/deutschewelle/2022/03/07/amazonia-se-aproxima-de-seu-ponto-de-inflexao-diz-estudo.htm, skipping...
[ERROR - 2026-03-03 13:09:24,079 - Worker_2] Status code == 403 for https://noticias.uol.com.br/ao-vivo/2022/02/24/guerra-entre-russia-e-ucrania.htm, skipping...
[ERROR - 2026-03-03 13:09:28,442 - Worker_2] Status code == 403 for https://noticias.uol.com.br/politica/ultimas-noticias/2022/03/08/camara-aprova-mocao-de-repudio-a-fala-de-arthur-do-val-sobre-ucranianas.htm, skipping...
[ERROR - 2026-03-03 13:09:41,951 - Worker_3] Status code == 403 for https://noticias.uol.com.br/colunas/leonardo-sakamoto/2022/03/08/perdao-joaquim-barbosa-o-pecado-de-moro-foi-acreditar-que-era-super-heroi.htm, skipping...
[ERROR - 2026-03-03 13:09:42,267 - Worker_0] Status code == 403 for https://noticias.uol.com.br/colunas/chico-alves/2022/03/08/mbl-e-um-dos-resultados-toxicos-do-movimento-antipolitica.htm, skipping...
[ERROR - 2026-03-03 13:09:42,876 - Worker_1] Status code == 403 for https://noticias.uol.com.br/colunas/josias-de-souza/2022/03/08/eliminado-do-espetaculo-pacheco-sai-de-fininho.htm, skipping...
[ERROR - 2026-03-03 13:09:56,764 - Worker_0] Status code == 403 for https://tab.uol.com.br/noticias/redacao/2022/03/08/sem-dramas-a-presenca-avassaladora-de-lelia-na-obra-de-sebastiao-salgado.htm, skipping...
[ERROR - 2026-03-03 13:09:57,248 - Worker_1] Status code == 403 for https://economia.uol.com.br/noticias/redacao/2022/03/08/que-horas-elas-voltam-os-incentivos-para-mulheres-retornarem-ao-trabalho.htm, skipping...
[ERROR - 2026-03-03 13:09:58,331 - Worker_4] Status code == 403 for https://noticias.uol.com.br/colunas/coluna-entendendo-bolsonaro/2022/03/08/alta-dos-combustiveis-e-mais-uma-pessima-noticia-para-bolsonaro.htm, skipping...
[ERROR - 2026-03-03 13:10:12,757 - Worker_0] Status code == 403 for https://noticias.uol.com.br/internacional/ultimas-noticias/2022/03/08/ilusao-de-otica-ou-montagem-internet-tenta-explicar-cao-decapitado.htm, skipping...
[ERROR - 2026-03-03 13:10:14,074 - Worker_4] Status code == 403 for https://noticias.uol.com.br/saude/ultimas-noticias/redacao/2022/03/08/covid-19-coronavirus-casos-mortes-08-de-marco.htm, skipping...
[ERROR - 2026-03-03 13:10:18,294 - Worker_2] Status code == 403 for https://noticias.uol.com.br/colunas/balaio-do-kotscho/2022/03/08/anti-candidato-revive-a-viuva-porcina-aquela-que-foi-sem-nunca-ter-sido.htm, skipping...
[ERROR - 2026-03-03 13:10:27,454 - Worker_4] Status code == 403 for https://noticias.uol.com.br/colunas/otavio-rego-barros/2022/03/08/o-afago-da-china-saira-caro-para-a-russia.htm, skipping...
[ERROR - 2026-03-03 13:10:34,394 - Worker_2] Status code == 403 for https://noticias.uol.com.br/ultimas-noticias/afp/2022/03/08/primeiro-reu-e-declarado-culpado-por-ataque-ao-capitolio-dos-eua.htm, skipping...
[ERROR - 2026-03-03 13:10:40,746 - Worker_4] Status code == 403 for https://noticias.uol.com.br/internacional/ultimas-noticias/2022/03/08/tregua-saida-civis-russia-ucrania.htm, skipping...
[ERROR - 2026-03-03 13:10:42,931 - Worker_2] Status code == 403 for https://noticias.uol.com.br/cotidiano/ultimas-noticias/2022/03/08/carioca-e-morto-no-carnaval-apos-enviar-audio-a-amigos-prefiro-viver.htm, skipping...
[ERROR - 2026-03-03 13:10:44,855 - Worker_4] Status code == 403 for https://noticias.uol.com.br/cotidiano/ultimas-noticias/2022/03/08/motorista-de-onibus-e-demitido-apos-comentarios-sexistas-sobre-ucranianas.htm, skipping...
[ERROR - 2026-03-03 13:10:49,520 - Worker_0] Status code == 403 for https://economia.uol.com.br/cotacoes/noticias/redacao/2022/03/08/fechamento-dolar-ibovespa-8-marco.htm, skipping...
[ERROR - 2026-03-03 13:10:51,752 - Worker_2] Status code == 403 for https://economia.uol.com.br/colunas/carla-araujo/2022/03/08/bolsonaro-deve-colocar-chefe-de-gabinete-em-ministerio-que-cuida-de-emendas.htm, skipping...
[ERROR - 2026-03-03 13:10:53,939 - Worker_0] Status code == 403 for https://noticias.uol.com.br/cotidiano/ultimas-noticias/2022/03/07/pai-e-filho-morrem-apos-baterem-motocicletas-de-frente-um-com-o-outro-no-ma.htm, skipping...
[ERROR - 2026-03-03 13:10:58,038 - Worker_0] Status code == 403 for https://economia.uol.com.br/videos/2022/03/07/midia-e-marketing-123-renata-lamarco-diretora-de-marketing-e-vendas-do-outback.htm, skipping...
[ERROR - 2026-03-03 13:11:02,848 - Worker_2] Status code == 403 for https://noticias.uol.com.br/internacional/ultimas-noticias/2022/03/08/passageiro-de-10-anos-faz-alerta-falso-de-ameaca-e-causa-panico-em-aviao.htm, skipping...
[ERROR - 2026-03-03 13:11:06,834 - Worker_3] Status code == 403 for https://noticias.uol.com.br/ultimas-noticias/bbc/2022/03/08/guerra-na-ucrania-garoto-de-11-anos-foge-sozinho-do-pais-em-percurso-de-1200-km.htm, skipping...
[ERROR - 2026-03-03 13:11:09,725 - Worker_1] Status code == 403 for https://noticias.uol.com.br/saude/ultimas-noticias/redacao/2022/03/08/liberacao-mascaras-protecao-sao-paulo-covid-19.htm, skipping...
[ERROR - 2026-03-03 13:11:11,136 - Worker_4] Status code == 403 for https://economia.uol.com.br/noticias/redacao/2022/03/08/eua-devem-suspender-importacoes-de-petroleo-russo.htm, skipping...
[ERROR - 2026-03-03 13:11:21,157 - Worker_3] Status code == 403 for https://noticias.uol.com.br/ultimas-noticias/bbc/2022/03/08/mae-eles-vao-atirar-em-mim-como-ucranianos-explicam-aos-filhos-que-estao-em-guerra.htm, skipping...
[ERROR - 2026-03-03 13:11:22,127 - Worker_4] Status code == 403 for https://noticias.uol.com.br/politica/ultimas-noticias/2022/03/08/investigacao-adolescente-arthur-do-val-curitiba-pr.htm, skipping...
[ERROR - 2026-03-03 13:11:26,671 - Worker_4] Status code == 403 for https://noticias.uol.com.br/internacional/ultimas-noticias/2022/03/08/zelensky-pede-negociacao-honesta-russia.htm, skipping...
[ERROR - 2026-03-03 13:11:26,784 - Worker_2] Status code == 403 for https://noticias.uol.com.br/ultimas-noticias/ansa/2022/03/09/italia-trabalha-em-tregua-na-ucrania-apos-ataque-a-hospital.htm, skipping...
[ERROR - 2026-03-03 13:11:30,942 - Worker_4] Status code == 403 for https://tab.uol.com.br/noticias/redacao/2022/03/09/chapa-lula-alckmin-foi-decisiva-para-tarcisio-concorrer-ao-governo-de-sp.htm, skipping...
[ERROR - 2026-03-03 13:11:32,466 - Worker_3] Status code == 403 for https://noticias.uol.com.br/colunas/mauricio-stycer/2022/03/09/equipes-do-faustao-dizem-trabalhar-12-horas-por-dia-sindicato-ve-barbarie.htm, skipping...
[ERROR - 2026-03-03 13:11:36,085 - Worker_0] Status code == 403 for https://noticias.uol.com.br/ao-vivo/2022/02/24/guerra-entre-russia-e-ucrania.htm, skipping...
[ERROR - 2026-03-03 13:11:36,791 - Worker_3] Status code == 403 for https://noticias.uol.com.br/ultimas-noticias/afp/2022/03/09/barco-endurance-de-ernest-shackleton-e-localizado-na-antartica-apos-mais-de-um-seculo.htm, skipping...
[ERROR - 2026-03-03 13:11:39,945 - Worker_4] Status code == 403 for https://tab.uol.com.br/noticias/redacao/2022/03/09/ta-servido-entregadores-de-apps-se-alimentam-de-marmita-a-r-1-em-sp.htm, skipping...
[ERROR - 2026-03-03 13:11:40,404 - Worker_0] Status code == 403 for https://noticias.uol.com.br/internacional/ultimas-noticias/2022/03/09/ucranianos-valas-enterro-ataques-russia.htm, skipping...
[ERROR - 2026-03-03 13:11:44,714 - Worker_0] Status code == 403 for https://noticias.uol.com.br/politica/ultimas-noticias/2022/03/08/kennedy-alencar-uol-news.htm, skipping...
[ERROR - 2026-03-03 13:12:01,181 - Worker_3] Status code == 403 for https://noticias.uol.com.br/colunas/reinaldo-azevedo/2022/03/09/biden-em-delirio-e-europa-acefala-deixam-mundo-a-merce-de-putin-e-zelensky.htm, skipping...
[ERROR - 2026-03-03 13:12:04,465 - Worker_2] Status code == 403 for https://noticias.uol.com.br/cotidiano/ultimas-noticias/2022/03/09/por-mensagem-menina-pede-socorro-e-conta-a-mae-que-foi-abusada-pelo-pai.htm, skipping...
[ERROR - 2026-03-03 13:12:17,705 - Worker_2] Status code == 403 for https://noticias.uol.com.br/cotidiano/ultimas-noticias/2022/03/09/cantor-tem-80-do-corpo-queimado-apos-explosao-em-churrasqueira-em-show.htm, skipping...
[ERROR - 2026-03-03 13:12:23,696 - Worker_3] Status code == 403 for https://noticias.uol.com.br/internacional/ultimas-noticias/2022/03/09/bolsonaro-video-conversa-brasileiros-ucrania.htm, skipping...
[ERROR - 2026-03-03 13:12:45,266 - Worker_2] Status code == 403 for https://noticias.uol.com.br/colunas/leonardo-sakamoto/2022/03/08/mpf-afirma-que-projeto-de-mineracao-em-terras-indigenas-e-inconstitucional.htm, skipping...
[ERROR - 2026-03-03 13:12:48,440 - Worker_1] Status code == 403 for https://noticias.uol.com.br/saude/ultimas-noticias/redacao/2022/03/09/mascaras-espaco-aberto-sao-paulo-onde-usar.htm, skipping...
[ERROR - 2026-03-03 13:12:49,808 - Worker_2] Status code == 403 for https://educacao.uol.com.br/noticias/2022/03/09/mascara-sala-de-aula-escolas-sao-paulo.htm, skipping...
[ERROR - 2026-03-03 13:12:53,921 - Worker_2] Status code == 403 for https://noticias.uol.com.br/colunas/josias-de-souza/2022/03/09/mascara-vai-virar-peca-da-propaganda-de-doria.htm, skipping...
[ERROR - 2026-03-03 13:13:09,089 - Worker_3] Status code == 403 for https://blogdojuca.uol.com.br/2022/03/neymar-x-vini-nao-benzema-3-mbappe-1/, skipping...
[ERROR - 2026-03-03 13:13:54,829 - Worker_4] Status code == 403 for https://noticias.uol.com.br/colunas/cristina-tardaguila/2022/03/10/maskirovka-a-velha-e-eficiente-tatica-russa-de-mentir-para-conquistar.htm, skipping...
[ERROR - 2026-03-03 13:14:11,930 - Worker_3] Status code == 403 for https://tab.uol.com.br/colunas/lidia-zuin/2022/03/10/pesquisadores-defendem-que-falar-com-negacionistas-e-melhor-que-ignora-los.htm, skipping...
[ERROR - 2026-03-03 13:14:40,412 - Worker_0] Status code == 403 for https://tab.uol.com.br/noticias/redacao/2022/03/10/caetano-veloso-vai-ao-congresso-tentar-barrar-pacote-da-destruicao.htm, skipping...
[ERROR - 2026-03-03 13:14:43,581 - Worker_3] Status code == 403 for https://tab.uol.com.br/colunas/trombadas/2022/03/10/o-doce-tracado-de-luciano.htm, skipping...
[ERROR - 2026-03-03 13:15:04,642 - Worker_2] Status code == 403 for https://tab.uol.com.br/noticias/redacao/2022/03/10/a-cidade-ucraniana-que-vive-um-boom-imobiliario-em-plena-invasao-russa.htm, skipping...
[ERROR - 2026-03-03 13:15:13,280 - Worker_2] Status code == 403 for https://noticias.uol.com.br/ultimas-noticias/bbc/2022/03/10/o-que-e-o-mundo-russo-que-putin-quer-unificar.htm, skipping...
[ERROR - 2026-03-03 13:15:17,392 - Worker_2] Status code == 403 for https://noticias.uol.com.br/colunas/leonardo-sakamoto/2022/03/10/lula-ataca-mineracao-em-terras-indigenas-projeto-de-bolsonaro-e-moro.htm, skipping...
[ERROR - 2026-03-03 13:15:20,397 - Worker_1] Status code == 403 for https://noticias.uol.com.br/internacional/ultimas-noticias/2022/03/10/pastora-ucraniana-resgatada-pela-fab.htm, skipping...
[ERROR - 2026-03-03 13:15:21,250 - Worker_4] Status code == 403 for https://noticias.uol.com.br/cotidiano/ultimas-noticias/2022/03/10/ciclone-no-continente-derruba-temperatura-e-leva-chuva-ao-sul-do-brasil.htm, skipping...
[ERROR - 2026-03-03 13:15:21,514 - Worker_3] Status code == 403 for https://noticias.uol.com.br/ultimas-noticias/reuters/2022/03/10/congresso-derruba-veto-de-bolsonaro-e-cria-politica-de-distribuicao-gratuita-de-absorventes.htm, skipping...
[ERROR - 2026-03-03 13:15:25,352 - Worker_4] Status code == 403 for https://noticias.uol.com.br/internacional/ultimas-noticias/2022/03/10/15-dia-russia-e-ucrania-nao-chegam-a-acordo-e-brasileiros-sao-repatriados.htm, skipping...
[ERROR - 2026-03-03 13:15:26,051 - Worker_2] Status code == 403 for https://noticias.uol.com.br/colunas/chico-alves/2022/03/10/apos-ameacas-defensora-dos-direitos-trans-vai-sair-do-brasil.htm, skipping...
[ERROR - 2026-03-03 13:15:30,189 - Worker_2] Status code == 403 for https://noticias.uol.com.br/saude/ultimas-noticias/redacao/2022/03/10/covid-19-coronavirus-casos-mortes-10-de-marco.htm, skipping...
[ERROR - 2026-03-03 13:15:32,184 - Worker_0] Status code == 403 for https://economia.uol.com.br/mais/ultimas-noticias/2022/03/10/veja-como-ganhar-na-bolsa-mesmo-com-os-juros-elevados.htm, skipping...
[ERROR - 2026-03-03 13:15:32,592 - Worker_3] Status code == 403 for https://noticias.uol.com.br/cotidiano/ultimas-noticias/2022/03/10/turista-rio-esfaqueada.htm, skipping...
[ERROR - 2026-03-03 13:15:34,519 - Worker_2] Status code == 403 for https://economia.uol.com.br/noticias/redacao/2022/03/10/live-independencia-financeira-feminina.htm, skipping...
[ERROR - 2026-03-03 13:15:36,298 - Worker_0] Status code == 403 for https://noticias.uol.com.br/cotidiano/ultimas-noticias/2022/03/10/major-confessa-que-matou-marido-e-diz-que-era-agredida.htm, skipping...
[ERROR - 2026-03-03 13:15:36,691 - Worker_3] Status code == 403 for https://noticias.uol.com.br/internacional/ultimas-noticias/2022/03/10/macron-condicoes-putin-cessar-fogo-russia-ucrania.htm, skipping...
[ERROR - 2026-03-03 13:15:49,230 - Worker_1] Status code == 403 for https://economia.uol.com.br/colunas/econoweek/2022/03/10/como-declarar-acoes.htm, skipping...
[ERROR - 2026-03-03 13:15:51,886 - Worker_0] Status code == 403 for https://economia.uol.com.br/noticias/redacao/2022/03/10/projeto-precos-combustiveis-senado.htm, skipping...
[ERROR - 2026-03-03 13:15:53,681 - Worker_1] Status code == 403 for https://noticias.uol.com.br/cotidiano/ultimas-noticias/2022/03/11/apos-anos-de-planejamento-fotografo-faz-cliques-raros-de-sucuri-sob-a-agua.htm, skipping...
[ERROR - 2026-03-03 13:15:58,477 - Worker_0] Status code == 403 for https://noticias.uol.com.br/ao-vivo/2022/02/24/guerra-entre-russia-e-ucrania.htm, skipping...
[ERROR - 2026-03-03 13:16:02,789 - Worker_0] Status code == 403 for https://noticias.uol.com.br/politica/ultimas-noticias/2022/03/11/arthur-do-val-diz-recebeu-ameaca-morte-nega-incentivo-turismo-sexual.htm, skipping...
[ERROR - 2026-03-03 13:16:06,231 - Worker_4] Status code == 403 for https://noticias.uol.com.br/ultimas-noticias/bbc/2022/03/10/guerra-na-ucrania-criancas-sem-comida-no-frio-congelante-o-drama-na-cidade-sitiada-de-mariupol.htm, skipping...
[ERROR - 2026-03-03 13:16:24,192 - Worker_3] Status code == 403 for https://economia.uol.com.br/noticias/redacao/2022/03/11/rui-falcao-ex-presidente-do-pt-estara-no-uol-entrevista.htm, skipping...
[ERROR - 2026-03-03 13:16:42,126 - Worker_4] Status code == 403 for https://noticias.uol.com.br/internacional/ultimas-noticias/2022/03/11/separatistas-sequestram-prefeito-de-melitopol-diz-ucrania.htm, skipping...
[ERROR - 2026-03-03 13:16:47,118 - Worker_3] Status code == 403 for https://noticias.uol.com.br/colunas/leonardo-sakamoto/2022/03/11/pobre-tambem-tem-carro-e-sofre-com-a-disparada-da-gasolina-diz-boulos.htm, skipping...
[ERROR - 2026-03-03 13:16:49,241 - Worker_2] Status code == 403 for https://noticias.uol.com.br/colunas/tales-faria/2022/03/11/valdemar-costa-neto-desconfia-de-golpe-de-bolsonaro-e-pf-para-tomar-o-pl.htm, skipping...
[ERROR - 2026-03-03 13:17:00,978 - Worker_2] Status code == 403 for https://noticias.uol.com.br/internacional/ultimas-noticias/2022/03/11/bombardeio-russo-cidade-demykolaiv-sul-ucrania.htm, skipping...
[ERROR - 2026-03-03 13:17:05,171 - Worker_0] Status code == 403 for https://noticias.uol.com.br/cotidiano/ultimas-noticias/2022/03/11/gemeos-se-apressam-e-mae-da-a-luz-em-casa-e-na-ambulancia-no-rs.htm, skipping...
[ERROR - 2026-03-03 13:17:09,502 - Worker_2] Status code == 403 for https://noticias.uol.com.br/politica/ultimas-noticias/2022/03/11/marcus-vinicius-neskau-novo-presidente-ptb.htm, skipping...
[ERROR - 2026-03-03 13:17:11,536 - Worker_0] Status code == 403 for https://noticias.uol.com.br/internacional/ultimas-noticias/2022/03/11/russia-ameaca-deixar-astronauta-americano-no-espaco-apos-sancoes.htm, skipping...
[ERROR - 2026-03-03 13:17:14,434 - Worker_3] Status code == 403 for https://noticias.uol.com.br/ultimas-noticias/agencia-estado/2022/03/11/supremo-tira-tornozeleira-de-operador-de-ze-dirceu-condenado-na-lava-jato.htm, skipping...
[ERROR - 2026-03-03 13:17:18,377 - Worker_1] Status code == 403 for https://noticias.uol.com.br/cotidiano/ultimas-noticias/2022/03/11/jovem-morre-quartel.htm, skipping...
[ERROR - 2026-03-03 13:17:18,541 - Worker_2] Status code == 403 for https://noticias.uol.com.br/colunas/chico-alves/2022/03/10/das-piadas-de-emilio-as-barbaridades-de-arthur-do-val-a-ficha-esta-caindo.htm, skipping...
[ERROR - 2026-03-03 13:17:22,501 - Worker_1] Status code == 403 for https://noticias.uol.com.br/internacional/ultimas-noticias/2022/03/11/quem-sao-os-brasileiros-de-tropa-especial-na-ucrania.htm, skipping...
[ERROR - 2026-03-03 13:17:26,631 - Worker_1] Status code == 403 for https://noticias.uol.com.br/saude/ultimas-noticias/redacao/2022/03/11/covid-19-coronavirus-casos-mortes-11-de-marco.htm, skipping...
[ERROR - 2026-03-03 13:17:29,149 - Worker_4] Status code == 403 for https://noticias.uol.com.br/cotidiano/ultimas-noticias/2022/03/11/bloqueado-nas-redes-idoso-envia-dezenas-de-pix-com-mensagens-para-ex.htm, skipping...
[ERROR - 2026-03-03 13:17:30,071 - Worker_2] Status code == 403 for https://economia.uol.com.br/noticias/estadao-conteudo/2022/03/11/anp-etanol-e-mais-competitivo-do-que-gasolina-em-sp-go-mt-e-mg-na-semana.htm, skipping...
[ERROR - 2026-03-03 13:17:36,173 - Worker_4] Status code == 403 for https://tab.uol.com.br/noticias/redacao/2022/03/11/a-saga-de-chapado-cavalo-abandonado-e-ferido-adotado-no-interior-de-sp.htm, skipping...
[ERROR - 2026-03-03 13:17:40,844 - Worker_2] Status code == 403 for https://noticias.uol.com.br/colunas/camilo-vannuchi/2022/03/10/margarida-genevois-presidente-de-honra-da-comissao-arns-completa-99-anos.htm, skipping...
[ERROR - 2026-03-03 13:17:42,343 - Worker_1] Status code == 403 for https://tab.uol.com.br/noticias/redacao/2022/03/11/em-curso-de-politica-alexandre-garcia-chama-bolsonaro-de-dartagnan.htm, skipping...
[ERROR - 2026-03-03 13:17:56,603 - Worker_3] Status code == 403 for https://tab.uol.com.br/colunas/bernardo-machado/2022/03/12/vale-nacionalizar-a-guerra-entre-a-russia-e-a-ucrania.htm, skipping...
[ERROR - 2026-03-03 13:17:56,841 - Worker_2] Status code == 403 for https://tab.uol.com.br/colunas/daniela-pinheiro/2022/03/12/se-voces-negociam-com-russia-financiam-um-genocidio-na-ucrania.htm, skipping...
[ERROR - 2026-03-03 13:18:04,643 - Worker_0] Status code == 403 for https://tab.uol.com.br/noticias/redacao/2022/03/12/ativista-que-se-vestiu-de-padre-para-ir-a-venezuela-quer-papa-na-fronteira.htm, skipping...
[ERROR - 2026-03-03 13:18:39,944 - Worker_2] Status code == 403 for https://noticias.uol.com.br/colunas/leonardo-sakamoto/2022/03/12/mais-iphone-no-brasil-que-gente-pais-de-guedes-se-resume-a-faria-lima.htm, skipping...
[ERROR - 2026-03-03 13:18:43,776 - Worker_1] Status code == 403 for https://noticias.uol.com.br/ultimas-noticias/afp/2022/03/12/arabia-saudita-executa-81-pessoas-em-um-dia-por-crimes-de-terrorismo.htm, skipping...
[ERROR - 2026-03-03 13:18:53,554 - Worker_2] Status code == 403 for https://noticias.uol.com.br/internacional/ultimas-noticias/2022/03/12/brasileiros-tropa-especial-ucrania-kiev.htm, skipping...
[ERROR - 2026-03-03 13:18:58,910 - Worker_4] Status code == 403 for https://noticias.uol.com.br/politica/ultimas-noticias/2022/03/12/bolsonaro-vai-lancar-pre-candidatura-a-reeleicao-no-dia-26.htm, skipping...
[ERROR - 2026-03-03 13:19:01,489 - Worker_3] Status code == 403 for https://noticias.uol.com.br/ultimas-noticias/reuters/2022/03/12/ucrania-diz-que-sete-pessoas-foram-mortas-incluindo-uma-crianca-apos-russia-atirar-em-comboio-civil.htm, skipping...
[ERROR - 2026-03-03 13:19:02,099 - Worker_2] Status code == 403 for https://noticias.uol.com.br/colunas/leonardo-sakamoto/2022/03/12/justica-do-trabalho-condena-dona-da-tv-brasil-por-assedio-moral-coletivo.htm, skipping...
[ERROR - 2026-03-03 13:19:13,399 - Worker_1] Status code == 403 for https://noticias.uol.com.br/colunas/balaio-do-kotscho/2022/03/12/putin-consegue-destruir-ucrania-e-russia-ao-mesmo-tempo-e-ameacar-o-mundo.htm, skipping...
[ERROR - 2026-03-03 13:19:18,457 - Worker_0] Status code == 403 for https://noticias.uol.com.br/saude/ultimas-noticias/redacao/2022/03/12/covid-19-coronavirus-casos-mortes-12-de-marco.htm, skipping...
[ERROR - 2026-03-03 13:19:19,214 - Worker_4] Status code == 403 for https://noticias.uol.com.br/internacional/ultimas-noticias/2022/03/12/guerra-ucrania-explosoes-sirenes-kiev.htm, skipping...
[ERROR - 2026-03-03 13:19:22,576 - Worker_0] Status code == 403 for https://noticias.uol.com.br/cotidiano/ultimas-noticias/2022/03/12/perita-baleada-forja-atentado-diz-policia-goias.htm, skipping...
[ERROR - 2026-03-03 13:19:23,317 - Worker_4] Status code == 403 for https://noticias.uol.com.br/internacional/ultimas-noticias/2022/03/12/menino-dois-penis-cirurgia-remocao.htm, skipping...
[ERROR - 2026-03-03 13:19:31,540 - Worker_0] Status code == 403 for https://noticias.uol.com.br/ultimas-noticias/afp/2022/03/12/ex-presidente-fhc-e-internado-por-fratura-no-femur.htm, skipping...
[ERROR - 2026-03-03 13:19:31,999 - Worker_4] Status code == 403 for https://noticias.uol.com.br/ultimas-noticias/reuters/2022/03/12/biden-autoriza-us200-mi-em-novas-armas-e-treinamento-militar-para-a-ucrania.htm, skipping...
[ERROR - 2026-03-03 13:19:34,297 - Worker_3] Status code == 403 for https://blogdojuca.uol.com.br/2022/03/timao-goleia-a-ponte-pensando-no-palmeiras/, skipping...
[ERROR - 2026-03-03 13:19:45,570 - Worker_4] Status code == 403 for https://noticias.uol.com.br/ultimas-noticias/2022/03/12/mega-sena-veja-dezenas-sorteadas-que-valem-premio-de-r-130-milhoes.htm, skipping...
[ERROR - 2026-03-03 13:19:46,729 - Worker_0] Status code == 403 for https://tab.uol.com.br/noticias/redacao/2022/03/11/em-curso-de-politica-alexandre-garcia-chama-bolsonaro-de-dartagnan.htm, skipping...
[ERROR - 2026-03-03 13:19:49,681 - Worker_4] Status code == 403 for https://tab.uol.com.br/noticias/redacao/2022/03/12/futuro-bairro-em-clube-de-golfe-dos-matarazzos-tira-mata-e-revolta-vizinhos.htm, skipping...
[ERROR - 2026-03-03 13:19:55,504 - Worker_3] Status code == 403 for https://noticias.uol.com.br/colunas/walter-maierovitch/2022/03/12/bucha-de-canhao-siria-disponibiliza-16-mil-combatentes-a-putin.htm, skipping...
[ERROR - 2026-03-03 13:19:58,551 - Worker_4] Status code == 403 for https://noticias.uol.com.br/ultimas-noticias/agencia-estado/2022/03/12/coronavirus-com-subvariante-ba2-casos-voltam-a-subir-em-paises-da-europa.htm, skipping...
[ERROR - 2026-03-03 13:20:03,950 - Worker_2] Status code == 403 for https://noticias.uol.com.br/internacional/ultimas-noticias/2022/03/13/nova-rodada-conversa-russia-ucrania.htm, skipping...
[ERROR - 2026-03-03 13:20:06,325 - Worker_0] Status code == 403 for https://noticias.uol.com.br/internacional/ultimas-noticias/2022/03/13/mortos-mariupol-ucrania-comida.htm, skipping...
[ERROR - 2026-03-03 13:20:11,583 - Worker_1] Status code == 403 for https://noticias.uol.com.br/internacional/ultimas-noticias/2022/03/13/pedaco-de-gelo-eua.htm, skipping...
[ERROR - 2026-03-03 13:20:12,940 - Worker_2] Status code == 403 for https://noticias.uol.com.br/ao-vivo/2022/02/24/guerra-entre-russia-e-ucrania.htm, skipping...
[ERROR - 2026-03-03 13:20:19,656 - Worker_0] Status code == 403 for https://noticias.uol.com.br/internacional/ultimas-noticias/2022/03/13/russia-ucrania-13-marco-dia-18.htm, skipping...
[ERROR - 2026-03-03 13:20:22,980 - Worker_1] Status code == 403 for https://noticias.uol.com.br/internacional/ultimas-noticias/2022/03/13/brasileiros-base-militar-atacada-por-russos-lamentam-mortes.htm, skipping...
[ERROR - 2026-03-03 13:20:36,653 - Worker_2] Status code == 403 for https://noticias.uol.com.br/ultimas-noticias/agencia-estado/2022/03/13/eduardo-paes-leite-recebeu-com-alegria-convite-para-disputar-presidencia.htm, skipping...
[ERROR - 2026-03-03 13:21:29,317 - Worker_2] Status code == 403 for https://noticias.uol.com.br/colunas/mauricio-stycer/2022/03/13/dificil-saber-quem-matou-jornalista-americano-diz-brasileiro-na-guerra.htm, skipping...
[ERROR - 2026-03-03 13:21:36,824 - Worker_0] Status code == 403 for https://tab.uol.com.br/noticias/redacao/2022/03/13/vendedora-de-balas-cria-escolinha-em-ocupacao-em-franco-da-rocha.htm, skipping...
[ERROR - 2026-03-03 13:21:55,461 - Worker_1] Status code == 403 for https://blogdojuca.uol.com.br/2022/03/um-passeio-do-sao-paulo-no-calor-de-mirassol/, skipping...
[ERROR - 2026-03-03 13:22:09,580 - Worker_2] Status code == 403 for https://tab.uol.com.br/colunas/matheus-pichonelli/2022/03/13/ainda-vamos-levar-um-tempo-para-reaprender-a-andar-pelo-mundo-sem-mascaras.htm, skipping...
[ERROR - 2026-03-03 13:22:29,604 - Worker_0] Status code == 403 for https://noticias.uol.com.br/politica/ultimas-noticias/2022/03/14/senadores-do-psd-rejeitam-candidatura-de-leite-e-preferem-lula-ou-bolsonaro.htm, skipping...
[ERROR - 2026-03-03 13:23:11,134 - Worker_1] Status code == 403 for https://noticias.uol.com.br/internacional/ultimas-noticias/2022/03/14/relato-brasileiro-fuga-base-militar-bombardeada-ucrania.htm, skipping...
[ERROR - 2026-03-03 13:23:15,235 - Worker_1] Status code == 403 for https://noticias.uol.com.br/cotidiano/ultimas-noticias/2022/03/14/crianca-predio-despenca-sc.htm, skipping...
[ERROR - 2026-03-03 13:23:17,881 - Worker_0] Status code == 403 for https://noticias.uol.com.br/colunas/jamil-chade/2022/03/14/russia-repete-na-ucrania-taticas-de-destruicao-usadas-na-siria.htm, skipping...
[ERROR - 2026-03-03 13:23:19,174 - Worker_4] Status code == 403 for https://noticias.uol.com.br/colunas/balaio-do-kotscho/2022/03/14/saiu-o-resultado-da-biopsia-o-cancer-esta-zerado-existe-noticia-melhor.htm, skipping...
[ERROR - 2026-03-03 13:23:21,984 - Worker_0] Status code == 403 for https://noticias.uol.com.br/colunas/mauricio-stycer/2022/03/14/vice-presidente-do-sbt-vai-assumir-tambem-o-comando-do-grupo-silvio-santos.htm, skipping...
[ERROR - 2026-03-03 13:23:23,584 - Worker_2] Status code == 403 for https://noticias.uol.com.br/cotidiano/ultimas-noticias/2022/03/14/caso-marielle-stj-nega-recurso-e-mantem-juri-popular-a-ronnie-lessa.htm, skipping...
[ERROR - 2026-03-03 13:23:27,765 - Worker_4] Status code == 403 for https://noticias.uol.com.br/colunas/chico-alves/2022/03/14/uma-pergunta-a-braga-netto-quem-mandou-matar-marielle-e-anderson.htm, skipping...
[ERROR - 2026-03-03 13:23:40,217 - Worker_3] Status code == 403 for https://economia.uol.com.br/noticias/reuters/2022/03/14/economia-da-ucrania-pode-retrair-ate-35-devido-a-invasao-russa-diz-relatorio-do-fmi.htm, skipping...
[ERROR - 2026-03-03 13:23:46,515 - Worker_1] Status code == 403 for https://tab.uol.com.br/noticias/redacao/2022/03/13/vendedora-de-balas-cria-escolinha-em-ocupacao-em-franco-da-rocha.htm, skipping...
[ERROR - 2026-03-03 13:24:14,035 - Worker_2] Status code == 403 for https://tab.uol.com.br/noticias/redacao/2022/03/14/homenagnes-a-mortos-e-desaparecidos-na-ditadura-sao-roubados-no-recife.htm, skipping...
[ERROR - 2026-03-03 13:24:22,818 - Worker_1] Status code == 403 for https://tab.uol.com.br/colunas/matheus-pichonelli/2022/03/13/ainda-vamos-levar-um-tempo-para-reaprender-a-andar-pelo-mundo-sem-mascaras.htm, skipping...
[ERROR - 2026-03-03 13:24:40,445 - Worker_4] Status code == 403 for https://noticias.uol.com.br/cotidiano/ultimas-noticias/2022/03/15/em-dia-de-alagamentos-sp-ultrapassa-media-de-chuvas-esperada-para-marco.htm, skipping...
[ERROR - 2026-03-03 13:24:41,674 - Worker_1] Status code == 403 for https://noticias.uol.com.br/ao-vivo/2022/02/24/guerra-entre-russia-e-ucrania.htm, skipping...
[ERROR - 2026-03-03 13:24:42,401 - Worker_2] Status code == 403 for https://noticias.uol.com.br/internacional/ultimas-noticias/2022/03/15/rendam-se-ou-todos-morrerao-o-relato-das-3-explosoes-que-abalaram-kiev.htm, skipping...
[ERROR - 2026-03-03 13:24:44,773 - Worker_4] Status code == 403 for https://noticias.uol.com.br/cotidiano/ultimas-noticias/2022/03/15/pm-e-expulsa-apos-apresentar-atestado-e-ser-flagrada-em-treinos-e-festas.htm, skipping...
[ERROR - 2026-03-03 13:24:50,394 - Worker_1] Status code == 403 for https://noticias.uol.com.br/saude/ultimas-noticias/redacao/2022/03/15/covid-19-coronavirus-casos-mortes-15-de-marco.htm, skipping...
[ERROR - 2026-03-03 13:24:56,069 - Worker_0] Status code == 403 for https://noticias.uol.com.br/colunas/olga-curado/2022/03/14/governo-bolsonaro-fortalece-a-politica-da-ganancia-que-matou-orlando-brito.htm, skipping...
[ERROR - 2026-03-03 13:25:00,241 - Worker_2] Status code == 403 for https://noticias.uol.com.br/internacional/ultimas-noticias/2022/03/15/russia-proibe-entrada-de-biden-blinken-e-primeiro-ministro-do-canada.htm, skipping...
[ERROR - 2026-03-03 13:25:00,249 - Worker_0] Status code == 403 for https://noticias.uol.com.br/colunas/jamil-chade/2022/03/15/ucrania-gera-onda-de-doacoes-enquanto-milhoes-sao-abandonados-pelo-mundo.htm, skipping...
[ERROR - 2026-03-03 13:25:05,284 - Worker_3] Status code == 403 for https://noticias.uol.com.br/colunas/balaio-do-kotscho/2022/03/15/lula-x-esquerda-do-pt-a-velha-disputa-que-vem-desde-a-origem-do-partido.htm, skipping...
[ERROR - 2026-03-03 13:25:10,822 - Worker_0] Status code == 403 for https://noticias.uol.com.br/internacional/ultimas-noticias/2022/03/15/mulher-esfaqueia-homem-durante-sexo-para-vingar-morte-de-general-iraniano.htm, skipping...
[ERROR - 2026-03-03 13:25:31,794 - Worker_4] Status code == 403 for https://noticias.uol.com.br/cotidiano/ultimas-noticias/2022/03/15/mulher-encontra-jararaca-no-jardim-de-casa-e-espanta-biologo-com-sua-calma.htm, skipping...
[ERROR - 2026-03-03 13:25:34,467 - Worker_2] Status code == 403 for https://noticias.uol.com.br/ultimas-noticias/ansa/2022/03/15/zelensky-se-reune-com-lideres-europeus-em-meio-a-novos-ataques.htm, skipping...
[ERROR - 2026-03-03 13:25:50,379 - Worker_0] Status code == 403 for https://noticias.uol.com.br/politica/ultimas-noticias/2022/03/15/instagram-limita-conta-de-janaina-que-protesta-qual-mentira-eu-falei.htm, skipping...
[ERROR - 2026-03-03 13:25:55,344 - Worker_3] Status code == 403 for https://noticias.uol.com.br/cotidiano/ultimas-noticias/2022/03/14/empresa-porteiro-demitido.htm, skipping...
[ERROR - 2026-03-03 13:26:09,173 - Worker_0] Status code == 403 for https://noticias.uol.com.br/cotidiano/ultimas-noticias/2022/03/15/personal-trainer-espanca-morador-de-rua-ao-ve-lo-em-carro-com-a-esposa.htm, skipping...
[ERROR - 2026-03-03 13:26:20,452 - Worker_2] Status code == 403 for https://tab.uol.com.br/noticias/redacao/2022/03/14/homenagnes-a-mortos-e-desaparecidos-na-ditadura-sao-roubados-no-recife.htm, skipping...
[ERROR - 2026-03-03 13:26:50,486 - Worker_1] Status code == 403 for https://blogdojuca.uol.com.br/2022/03/o-corinthians-enfim-admite-a-saf/, skipping...
[ERROR - 2026-03-03 13:26:52,771 - Worker_3] Status code == 403 for https://economia.uol.com.br/mais/ultimas-noticias/2022/03/17/cinco-aplicacoes-para-evitar-nesse-periodo-de-guerra-e-incertezas.htm, skipping...
[ERROR - 2026-03-03 13:26:56,988 - Worker_1] Status code == 403 for https://noticias.uol.com.br/politica/ultimas-noticias/2022/03/17/arthur-do-val-defesa-conselho-de-etica.htm, skipping...
[ERROR - 2026-03-03 13:26:56,990 - Worker_3] Status code == 403 for https://noticias.uol.com.br/colunas/josias-de-souza/2022/03/17/bolsonaro-desfez-ilusao-do-pt-de-que-lula-poderia-prevalecer-ja-no-1-turno.htm, skipping...
[ERROR - 2026-03-03 13:27:00,063 - Worker_0] Status code == 403 for https://economia.uol.com.br/noticias/agencia-brasil/2022/03/17/codigos-para-informar-patrimonio-mudam-na-declaracao-do-ir-2022.htm, skipping...
[ERROR - 2026-03-03 13:27:11,449 - Worker_1] Status code == 403 for https://economia.uol.com.br/noticias/redacao/2022/03/17/substituto-do-mcdonalds-na-russia-tera-logo-semelhante-a-marca-dos-eua.htm, skipping...
[ERROR - 2026-03-03 13:27:14,849 - Worker_2] Status code == 403 for https://noticias.uol.com.br/colunas/coluna-entendendo-bolsonaro/2022/03/16/bolsonaro-se-sustenta-por-meio-do-ataque-e-da-omissao.htm, skipping...
[ERROR - 2026-03-03 13:27:19,039 - Worker_2] Status code == 403 for https://economia.uol.com.br/colunas/carla-araujo/2022/03/17/correios-tem-lucro-de-r-37-bi-presidente-da-estatal-defende-privatizacao.htm, skipping...
[ERROR - 2026-03-03 13:27:22,298 - Worker_3] Status code == 403 for https://noticias.uol.com.br/colunas/thais-oyama/2022/03/17/governo-lanca-pacote-de-bondades-de-olho-no-eldorado-das-classes-c-e-d.htm, skipping...
[ERROR - 2026-03-03 13:27:26,089 - Worker_1] Status code == 403 for https://tab.uol.com.br/noticias/redacao/2022/03/17/freiras-sofrem-ameacas-por-alugar-salao-a-haddad-no-interior-de-sp.htm, skipping...
[ERROR - 2026-03-03 13:27:28,300 - Worker_2] Status code == 403 for https://noticias.uol.com.br/cotidiano/ultimas-noticias/2022/03/17/caso-df.htm, skipping...
[ERROR - 2026-03-03 13:27:33,725 - Worker_4] Status code == 403 for https://noticias.uol.com.br/cotidiano/ultimas-noticias/2022/03/17/26-dias-de-fome-menino-de-9-anos-carregou-irmao-para-sobreviver-na-selva.htm, skipping...
[ERROR - 2026-03-03 13:27:37,891 - Worker_4] Status code == 403 for https://noticias.uol.com.br/ultimas-noticias/agencia-estado/2022/03/17/ex-secretario-do-rio-relata-propinas-de-r-8-milhoes-para-paes.htm, skipping...
[ERROR - 2026-03-03 13:27:37,991 - Worker_2] Status code == 403 for https://noticias.uol.com.br/saude/ultimas-noticias/redacao/2022/03/17/covid-19-coronavirus-casos-mortes-17-de-marco.htm, skipping...
[ERROR - 2026-03-03 13:27:40,422 - Worker_1] Status code == 403 for https://noticias.uol.com.br/cotidiano/ultimas-noticias/2022/03/17/cabo-expulsa-da-pm.htm, skipping...
[ERROR - 2026-03-03 13:27:42,001 - Worker_4] Status code == 403 for https://noticias.uol.com.br/cotidiano/ultimas-noticias/2022/03/17/o-que-se-sabe-sobre-o-caso-do-morador-de-rua-espancado-por-personal-no-df.htm, skipping...
[ERROR - 2026-03-03 13:27:42,097 - Worker_2] Status code == 403 for https://noticias.uol.com.br/colunas/leonardo-sakamoto/2022/03/17/fiscalizacao-liberta-31-travestis-e-transexuais-da-escravidao-em-mg-e-sc.htm, skipping...
[ERROR - 2026-03-03 13:27:54,085 - Worker_1] Status code == 403 for https://noticias.uol.com.br/colunas/camilo-vannuchi/2022/03/17/nos-50-anos-do-clube-da-esquina-os-sonhos-ainda-nao-envelheceram.htm, skipping...
[ERROR - 2026-03-03 13:28:03,474 - Worker_4] Status code == 403 for https://noticias.uol.com.br/colunas/fabiola-cidral/2022/03/17/derrotada-em-alagoas-heloisa-helena-vai-se-candidatar-pelo-rio.htm, skipping...
[ERROR - 2026-03-03 13:28:04,826 - Worker_2] Status code == 403 for https://tab.uol.com.br/noticias/redacao/2022/03/16/laptop-diplomas-pets-o-que-deu-tempo-de-os-ucranianos-levarem-embora.htm, skipping...
[ERROR - 2026-03-03 13:28:05,343 - Worker_1] Status code == 403 for https://noticias.uol.com.br/internacional/ultimas-noticias/2022/03/17/ucrania-luta-para-impedir-que-maior-coluna-militar-russa-entre-em-kiev.htm, skipping...
[ERROR - 2026-03-03 13:28:18,412 - Worker_3] Status code == 403 for https://noticias.uol.com.br/saude/ultimas-noticias/redacao/2022/03/17/governo-sp-locais-fechados-onde-a-mascara-ainda-e-obrigatoria.htm, skipping...
[ERROR - 2026-03-03 13:28:37,129 - Worker_0] Status code == 403 for https://noticias.uol.com.br/internacional/ultimas-noticias/2022/03/17/animal-raro-que-inspirou-wolverine-e-visto-em-parque-de-yellowstone.htm, skipping...
[ERROR - 2026-03-03 13:28:38,495 - Worker_4] Status code == 403 for https://noticias.uol.com.br/colunas/fernanda-magnotta/2022/03/17/mais-fraco-no-campo-de-batalha-zelensky-usa-discurso-para-vencer-guerra.htm, skipping...
[ERROR - 2026-03-03 13:28:38,843 - Worker_1] Status code == 403 for https://tab.uol.com.br/noticias/redacao/2022/03/17/ele-pediu-silencio-e-foi-calado-cacique-relata-morte-de-indigena-na-bahia.htm, skipping...
[ERROR - 2026-03-03 13:28:44,493 - Worker_2] Status code == 403 for https://noticias.uol.com.br/saude/ultimas-noticias/redacao/2022/03/17/justica-afastamento-empregados-nao-vacinados-havan.htm, skipping...
[ERROR - 2026-03-03 13:28:48,606 - Worker_2] Status code == 403 for https://noticias.uol.com.br/colunas/tales-faria/2022/03/18/apertem-os-cintos-o-governo-sumiu.htm, skipping...
[ERROR - 2026-03-03 13:28:52,780 - Worker_2] Status code == 403 for https://noticias.uol.com.br/cotidiano/ultimas-noticias/2022/03/18/meu-casamento-continua-diz-personal-trainer-que-espancou-morador-de-rua.htm, skipping...
[ERROR - 2026-03-03 13:28:54,046 - Worker_3] Status code == 403 for https://noticias.uol.com.br/colunas/maria-carolina-trevisan/2022/03/18/queiroz-bolsonarismo.htm, skipping...
[ERROR - 2026-03-03 13:28:54,096 - Worker_4] Status code == 403 for https://noticias.uol.com.br/ao-vivo/2022/02/24/guerra-entre-russia-e-ucrania.htm, skipping...
[ERROR - 2026-03-03 13:29:01,389 - Worker_2] Status code == 403 for https://noticias.uol.com.br/colunas/jamil-chade/2022/03/18/oms-pandemia-longe-do-fim-mascara.htm, skipping...
[ERROR - 2026-03-03 13:29:05,620 - Worker_4] Status code == 403 for https://noticias.uol.com.br/politica/ultimas-noticias/2022/03/18/arthur-do-val-conselho-de-etica-abre-processo.htm, skipping...
[ERROR - 2026-03-03 13:29:11,063 - Worker_1] Status code == 403 for https://noticias.uol.com.br/cotidiano/ultimas-noticias/2022/03/18/reuniao-castro-secretario-marielle-4-anos.htm, skipping...
[ERROR - 2026-03-03 13:29:14,233 - Worker_4] Status code == 403 for https://noticias.uol.com.br/cotidiano/ultimas-noticias/2022/03/18/mulher-cai-de-moto-ao-desviar-de-cao-e-animal-fica-ao-lado-dela-em-resgate.htm, skipping...
[ERROR - 2026-03-03 13:29:17,862 - Worker_3] Status code == 403 for https://noticias.uol.com.br/politica/ultimas-noticias/2022/03/18/bolsonaro-gastos-comida-avioes-presidencia.htm, skipping...
[ERROR - 2026-03-03 13:29:25,210 - Worker_1] Status code == 403 for https://noticias.uol.com.br/cotidiano/ultimas-noticias/2022/03/17/personal-trainer-diz-que-agiu-em-surto-ao-bater-em-sem-teto-no-df.htm, skipping...
[ERROR - 2026-03-03 13:29:28,762 - Worker_2] Status code == 403 for https://tab.uol.com.br/videos/2022/03/18/caoscast-novos-modelos-de-relacionamento-dispensam-o-velho-conceito-de-monogamia.htm, skipping...
[ERROR - 2026-03-03 13:29:29,528 - Worker_1] Status code == 403 for https://noticias.uol.com.br/politica/ultimas-noticias/2022/03/18/para-ministros-decisao-de-moraes-e-recado-de-que-pais-nao-e-terra-sem-lei.htm, skipping...
[ERROR - 2026-03-03 13:29:32,896 - Worker_2] Status code == 403 for https://noticias.uol.com.br/cotidiano/ultimas-noticias/2022/03/18/irmaos-comeram-fruto-tipico-do-am-para-sobreviverem-na-floresta-por-26-dias.htm, skipping...
[ERROR - 2026-03-03 13:29:33,639 - Worker_1] Status code == 403 for https://noticias.uol.com.br/colunas/josias-de-souza/2022/03/18/centrao-agora-ambiciona-tornar-se-centraozao.htm, skipping...
[ERROR - 2026-03-03 13:29:37,003 - Worker_2] Status code == 403 for https://noticias.uol.com.br/internacional/ultimas-noticias/2022/03/18/em-estadio-lotado-putin-discursa-nunca-tivemos-tanta-forca.htm, skipping...
[ERROR - 2026-03-03 13:29:42,644 - Worker_4] Status code == 403 for https://noticias.uol.com.br/internacional/ultimas-noticias/2022/03/18/russia-ucrania-18-marco-dia-23.htm, skipping...
[ERROR - 2026-03-03 13:29:42,771 - Worker_1] Status code == 403 for https://tab.uol.com.br/noticias/redacao/2022/03/17/freiras-sofrem-ameacas-por-alugar-salao-a-haddad-no-interior-de-sp.htm, skipping...
[ERROR - 2026-03-03 13:29:45,989 - Worker_2] Status code == 403 for https://noticias.uol.com.br/ultimas-noticias/agencia-estado/2022/03/18/queremos-aula-nao-assedio-protestam-alunos-que-acusam-professores-de-abuso.htm, skipping...
[ERROR - 2026-03-03 13:29:50,341 - Worker_3] Status code == 403 for https://noticias.uol.com.br/colunas/wilson-levy/2022/03/17/planejamento-das-cidades-e-protecao-do-patrimonio-cultural.htm, skipping...
[ERROR - 2026-03-03 13:30:01,174 - Worker_0] Status code == 403 for https://noticias.uol.com.br/cotidiano/ultimas-noticias/2022/03/18/jovem-achado-com-barriga-aberta-em-praia-do-es-ganha-alta-apos-2-meses.htm, skipping...
[ERROR - 2026-03-03 13:30:03,822 - Worker_3] Status code == 403 for https://noticias.uol.com.br/colunas/leonardo-sakamoto/2022/03/18/moraes-mira-allan-dos-santos-bloqueia-o-telegram-e-acerta-em-bolsonaro.htm, skipping...
[ERROR - 2026-03-03 13:30:08,129 - Worker_3] Status code == 403 for https://noticias.uol.com.br/internacional/ultimas-noticias/2022/03/18/russia-x-ucrania-ucraniana-fuga-guerra-reencontra-filho-netos-brasil.htm, skipping...
[ERROR - 2026-03-03 13:30:24,502 - Worker_1] Status code == 403 for https://noticias.uol.com.br/internacional/ultimas-noticias/2022/03/18/estatua-perdida-ha-decadas-e-achada-em-jardim-e-sera-vendida-por-milhoes.htm, skipping...
[ERROR - 2026-03-03 13:30:59,993 - Worker_4] Status code == 403 for https://noticias.uol.com.br/colunas/josias-de-souza/2022/03/18/russia-tira-bolsonaro-para-dancar-a-beira-do-caos.htm, skipping...
[ERROR - 2026-03-03 13:31:07,166 - Worker_3] Status code == 403 for https://tab.uol.com.br/noticias/redacao/2022/03/18/ninguem-aqui-e-normal-a-rotina-do-setor-do-iml-que-identifica-ossadas.htm, skipping...
[ERROR - 2026-03-03 13:31:13,624 - Worker_1] Status code == 403 for https://tab.uol.com.br/noticias/redacao/2022/03/19/uber-sobe-em-duas-rodas-desafia-os-mototaxis-e-da-desconto-na-chuva.htm, skipping...
[ERROR - 2026-03-03 13:31:18,299 - Worker_1] Status code == 403 for https://noticias.uol.com.br/colunas/josias-de-souza/2022/03/19/agu-virou-representante-do-telegram-no-brasil.htm, skipping...
[ERROR - 2026-03-03 13:31:19,218 - Worker_2] Status code == 403 for https://noticias.uol.com.br/saude/ultimas-noticias/redacao/2022/03/19/covid-19-coronavirus-casos-mortes-19-de-marco.htm, skipping...
[ERROR - 2026-03-03 13:31:21,996 - Worker_3] Status code == 403 for https://noticias.uol.com.br/internacional/ultimas-noticias/2022/03/18/cosmonautas-russos-chegam-a-estacao-vestidos-com-cores-da-ucrania.htm, skipping...
[ERROR - 2026-03-03 13:31:25,420 - Worker_4] Status code == 403 for https://noticias.uol.com.br/politica/ultimas-noticias/2022/03/19/bolsonaro-bloqueio-do-telegram-nao-tem-amparo-na-constituicao.htm, skipping...
[ERROR - 2026-03-03 13:31:26,106 - Worker_3] Status code == 403 for https://tab.uol.com.br/noticias/redacao/2022/03/19/grupo-reza-em-frente-a-hospital-para-livrar-brasil-da-maldicao-do-aborto.htm, skipping...
[ERROR - 2026-03-03 13:31:26,942 - Worker_0] Status code == 403 for https://noticias.uol.com.br/colunas/jose-luiz-portella/2022/03/19/eduardo-leite-nao-tem-condicoes-para-ser-presidente.htm, skipping...
[ERROR - 2026-03-03 13:31:36,478 - Worker_4] Status code == 403 for https://noticias.uol.com.br/colunas/carlos-madeiro/2022/03/19/viva-lucelia-a-filha-de-pescador-que-virou-reitora-de-universidade-no-ma.htm, skipping...
[ERROR - 2026-03-03 13:31:37,970 - Worker_3] Status code == 403 for https://noticias.uol.com.br/politica/ultimas-noticias/2022/03/19/corpo-de-bombeiros-confirma-incendio-no-predio-da-presidencia-da-republica.htm, skipping...
[ERROR - 2026-03-03 13:31:53,131 - Worker_0] Status code == 403 for https://noticias.uol.com.br/cotidiano/ultimas-noticias/2022/03/19/irmaos-que-ficaram-26-dias-perdidos-na-floresta-amazonica-seguem-internados.htm, skipping...
[ERROR - 2026-03-03 13:31:53,494 - Worker_3] Status code == 403 for https://noticias.uol.com.br/colunas/jamil-chade/2022/03/19/guerra-gera-racha-entre-brasil-e-potencias-ocidentais-no-g20.htm, skipping...
[ERROR - 2026-03-03 13:31:57,611 - Worker_3] Status code == 403 for https://noticias.uol.com.br/colunas/felipe-moura-brasil/2022/03/18/o-brasil-na-contramao-do-combate-a-autocratas-e-ricos-delinquentes.htm, skipping...
[ERROR - 2026-03-03 13:32:03,311 - Worker_4] Status code == 403 for https://noticias.uol.com.br/politica/ultimas-noticias/2022/03/19/fhc-alta-hospital-albert-einstein-femur.htm, skipping...
[ERROR - 2026-03-03 13:32:07,657 - Worker_4] Status code == 403 for https://noticias.uol.com.br/internacional/ultimas-noticias/2022/03/19/ucranianos-deixam-mariupol-chegam-zaporozyhe.htm, skipping...
[ERROR - 2026-03-03 13:32:08,227 - Worker_2] Status code == 403 for https://noticias.uol.com.br/ultimas-noticias/2022/03/19/mega-sena-tem-premio-de-r-189-milhoes-veja-as-dezenas-sorteadas.htm, skipping...
[ERROR - 2026-03-03 13:32:10,863 - Worker_0] Status code == 403 for https://noticias.uol.com.br/colunas/wilson-levy/2022/03/17/planejamento-das-cidades-e-protecao-do-patrimonio-cultural.htm, skipping...
[ERROR - 2026-03-03 13:32:16,879 - Worker_2] Status code == 403 for https://noticias.uol.com.br/saude/ultimas-noticias/redacao/2022/03/19/vacinacao-covid-19-coronavirus-19-de-marco.htm, skipping...
[ERROR - 2026-03-03 13:32:20,049 - Worker_1] Status code == 403 for https://noticias.uol.com.br/colunas/alberto-bombig/2022/03/19/na-indefinicao-de-franca-haddad-se-reune-com-pv-e-negocia-vice-e-senado.htm, skipping...
[ERROR - 2026-03-03 13:32:20,334 - Worker_0] Status code == 403 for https://noticias.uol.com.br/colunas/coluna-entendendo-bolsonaro/2022/03/18/bloqueio-do-telegram-e-banho-de-agua-fria-em-estrategia-bolsonarista.htm, skipping...
[ERROR - 2026-03-03 13:32:24,521 - Worker_1] Status code == 403 for https://noticias.uol.com.br/ultimas-noticias/agencia-estado/2022/03/19/apesar-da-liberacao-em-sao-paulo-muitos-resistem-a-retirar-mascara.htm, skipping...
[ERROR - 2026-03-03 13:32:26,349 - Worker_2] Status code == 403 for https://noticias.uol.com.br/internacional/ultimas-noticias/2022/03/19/zelensky-kiev-russia-ucrania.htm, skipping...
[ERROR - 2026-03-03 13:32:28,839 - Worker_1] Status code == 403 for https://noticias.uol.com.br/cotidiano/ultimas-noticias/2022/03/19/sindico-que-foi-nocauteado-por-morador-no-df-deve-fazer-cirurgia-dentaria.htm, skipping...
[ERROR - 2026-03-03 13:32:30,682 - Worker_2] Status code == 403 for https://noticias.uol.com.br/politica/ultimas-noticias/2022/03/19/moraes-aceita-pedido-de-desculpas-e-da-mais-24h-para-telegram-cumprir-ordem.htm, skipping...
[ERROR - 2026-03-03 13:32:33,360 - Worker_4] Status code == 403 for https://noticias.uol.com.br/colunas/josias-de-souza/2022/03/18/ministerio-da-educacao-virou-um-caso-de-policia.htm, skipping...
[ERROR - 2026-03-03 13:32:35,010 - Worker_2] Status code == 403 for https://noticias.uol.com.br/cotidiano/ultimas-noticias/2022/03/19/homem-morto-a-facadas-no-rio-fez-figuracao-em-novelas-da-tv-globo.htm, skipping...
[ERROR - 2026-03-03 13:32:37,253 - Worker_0] Status code == 403 for https://noticias.uol.com.br/ultimas-noticias/agencia-estado/2022/03/19/mais-de-59-milhoes-de-brasileiros-estao-com-dose-de-reforco-atrasada.htm, skipping...
[ERROR - 2026-03-03 13:32:48,150 - Worker_0] Status code == 403 for https://tab.uol.com.br/colunas/lidia-zuin/2022/03/19/seriam-super-herois-o-atual-atalho-da-producao-cinematografica.htm, skipping...
[ERROR - 2026-03-03 13:32:49,114 - Worker_4] Status code == 403 for https://tab.uol.com.br/colunas/daniela-pinheiro/2022/03/19/o-risco-de-bolsonaro-melar-a-eleicao-e-real-diz-flavio-dino.htm, skipping...
[ERROR - 2026-03-03 13:33:07,003 - Worker_1] Status code == 403 for https://noticias.uol.com.br/internacional/ultimas-noticias/2022/03/19/brasileiros-filmam-confronto-ucrania.htm, skipping...
[ERROR - 2026-03-03 13:33:12,557 - Worker_4] Status code == 403 for https://tab.uol.com.br/noticias/redacao/2022/03/19/uber-sobe-em-duas-rodas-desafia-os-mototaxis-e-da-desconto-na-chuva.htm, skipping...
[ERROR - 2026-03-03 13:33:18,021 - Worker_3] Status code == 403 for https://noticias.uol.com.br/politica/ultimas-noticias/2022/03/20/pacheco-rebate-falas-de-lula-sobre-congresso-ofensiva-e-sem-fundamento.htm, skipping...
[ERROR - 2026-03-03 13:33:23,772 - Worker_0] Status code == 403 for https://noticias.uol.com.br/colunas/josias-de-souza/2022/03/19/agu-virou-representante-do-telegram-no-brasil.htm, skipping...
[ERROR - 2026-03-03 13:33:27,951 - Worker_0] Status code == 403 for https://tab.uol.com.br/noticias/redacao/2022/03/20/em-palestra-coach-alimentar-maira-cardi-compara-infidelidade-a-dieta.htm, skipping...
[ERROR - 2026-03-03 13:33:32,053 - Worker_0] Status code == 403 for https://noticias.uol.com.br/colunas/jose-luiz-portella/2022/03/20/psb-e-marcio-franca-como-duas-verdades-constroem-um-autoengano.htm, skipping...
[ERROR - 2026-03-03 13:33:36,844 - Worker_4] Status code == 403 for https://noticias.uol.com.br/internacional/ultimas-noticias/2022/03/20/conheca-russos-famosos-que-peitam-putin-e-veja-como-lidam-com-os-riscos.htm, skipping...
[ERROR - 2026-03-03 13:33:40,979 - Worker_4] Status code == 403 for https://tab.uol.com.br/noticias/redacao/2022/03/19/grupo-reza-em-frente-a-hospital-para-livrar-brasil-da-maldicao-do-aborto.htm, skipping...
[ERROR - 2026-03-03 13:33:43,728 - Worker_1] Status code == 403 for https://noticias.uol.com.br/colunas/jose-luiz-portella/2022/03/19/eduardo-leite-nao-tem-condicoes-para-ser-presidente.htm, skipping...
[ERROR - 2026-03-03 13:33:46,482 - Worker_2] Status code == 403 for https://noticias.uol.com.br/ultimas-noticias/afp/2022/03/20/um-morto-e-pelo-menos-24-feridos-em-tiroteio-nos-eua-diz-policia.htm, skipping...
[ERROR - 2026-03-03 13:33:47,842 - Worker_1] Status code == 403 for https://noticias.uol.com.br/ultimas-noticias/bbc/2022/03/20/fui-violentado-por-varios-homens-ao-mesmo-tempo-o-drama-dos-homens-estuprados-durante-guerras.htm, skipping...
[ERROR - 2026-03-03 13:33:52,930 - Worker_2] Status code == 403 for https://noticias.uol.com.br/saude/ultimas-noticias/redacao/2022/03/20/covid-19-coronavirus-casos-mortes-20-de-marco.htm, skipping...
[ERROR - 2026-03-03 13:33:58,092 - Worker_3] Status code == 403 for https://noticias.uol.com.br/politica/ultimas-noticias/2022/03/20/alexandre-de-moraes-revoga-bloqueio-do-telegram-no-brasil.htm, skipping...
[ERROR - 2026-03-03 13:34:01,523 - Worker_1] Status code == 403 for https://noticias.uol.com.br/colunas/alberto-bombig/2022/03/20/em-jantar-doria-reclama-de-traicao-e-diz-que-nao-desistira-de-candidatura.htm, skipping...
[ERROR - 2026-03-03 13:34:01,685 - Worker_0] Status code == 403 for https://noticias.uol.com.br/ultimas-noticias/afp/2022/03/20/china-reforca-confinamento-no-noroeste-por-aumento-de-casos-de-covid.htm, skipping...
[ERROR - 2026-03-03 13:34:10,628 - Worker_0] Status code == 403 for https://noticias.uol.com.br/cotidiano/ultimas-noticias/2022/03/20/videos-mostram-novo-angulo-da-agressao-de-personal-contra-sem-teto.htm, skipping...
[ERROR - 2026-03-03 13:34:14,204 - Worker_2] Status code == 403 for https://noticias.uol.com.br/cotidiano/ultimas-noticias/2022/03/20/volume-chuva-petropolis-marco.htm, skipping...
[ERROR - 2026-03-03 13:34:16,786 - Worker_3] Status code == 403 for https://noticias.uol.com.br/ultimas-noticias/2022/03/19/mega-sena-tem-premio-de-r-189-milhoes-veja-as-dezenas-sorteadas.htm, skipping...
[ERROR - 2026-03-03 13:34:18,324 - Worker_2] Status code == 403 for https://noticias.uol.com.br/cotidiano/ultimas-noticias/2022/03/20/adolescente-mata-mae-e-irmao-na-pb-apos-ser-proibido-de-usar-game.htm, skipping...
[ERROR - 2026-03-03 13:34:20,578 - Worker_1] Status code == 403 for https://noticias.uol.com.br/internacional/ultimas-noticias/2022/03/20/72-mil-deixam-mariupol-corredores-humanitarios.htm, skipping...
[ERROR - 2026-03-03 13:34:20,717 - Worker_4] Status code == 403 for https://tab.uol.com.br/colunas/matheus-pichonelli/2022/03/20/cortina-de-fumaca-sobre-gentili-encobriu-perola-na-netflix-transversais.htm, skipping...
[ERROR - 2026-03-03 13:34:20,897 - Worker_3] Status code == 403 for https://noticias.uol.com.br/colunas/josias-de-souza/2022/03/20/quem-com-censura-de-comedia-fere-com-bloqueio-do-telegram-sera-ferido.htm, skipping...
[ERROR - 2026-03-03 13:34:38,129 - Worker_0] Status code == 403 for https://noticias.uol.com.br/colunas/leonardo-sakamoto/2022/03/20/psdb-carimba-pecha-de-golpista-se-ignorar-previas-e-trocar-doria-por-leite.htm, skipping...
[ERROR - 2026-03-03 13:34:40,065 - Worker_4] Status code == 403 for https://noticias.uol.com.br/cotidiano/ultimas-noticias/2022/03/20/defesa-civil-alerta-chuva-petropolis.htm, skipping...
[ERROR - 2026-03-03 13:34:41,212 - Worker_2] Status code == 403 for https://noticias.uol.com.br/colunas/balaio-do-kotscho/2022/03/20/globo-rural-em-homenagem-a-ze-hamilton-uma-aula-de-brasil-e-de-reportagem.htm, skipping...
[ERROR - 2026-03-03 13:34:49,663 - Worker_2] Status code == 403 for https://noticias.uol.com.br/cotidiano/ultimas-noticias/2022/03/20/homem-pega-viatura-policial-para-comprar-lanche-causa-acidente-e-vai-preso.htm, skipping...
[ERROR - 2026-03-03 13:34:56,473 - Worker_0] Status code == 403 for https://siterg.uol.com.br/cultura/2022/03/20/gabriel-stauffer-fala-sobre-estreia-em-pantanal-e-amor-pelo-teatro/, skipping...
[ERROR - 2026-03-03 13:34:58,381 - Worker_2] Status code == 403 for https://tab.uol.com.br/colunas/lidia-zuin/2022/03/19/seriam-super-herois-o-atual-atalho-da-producao-cinematografica.htm, skipping...
[ERROR - 2026-03-03 13:35:08,121 - Worker_4] Status code == 403 for https://noticias.uol.com.br/saude/ultimas-noticias/redacao/2022/03/20/vacinacao-covid-19-coronavirus-20-de-marco.htm, skipping...
[ERROR - 2026-03-03 13:35:13,414 - Worker_2] Status code == 403 for https://noticias.uol.com.br/colunas/pra-comecar-a-semana/2022/03/20/vices-roubam-a-cena---e-outros-destaques.htm, skipping...
[ERROR - 2026-03-03 13:35:17,894 - Worker_0] Status code == 403 for https://blogdojuca.uol.com.br/2022/03/corinthians-vence-e-nao-convence-2/, skipping...
[ERROR - 2026-03-03 13:35:19,904 - Worker_1] Status code == 403 for https://noticias.uol.com.br/cotidiano/ultimas-noticias/2022/03/21/mae-de-4-filhos-e-morta-no-df-e-marido-confessa-ao-irmao-fiz-merda.htm, skipping...
[ERROR - 2026-03-03 13:35:22,743 - Worker_3] Status code == 403 for https://tab.uol.com.br/noticias/redacao/2022/03/19/uber-sobe-em-duas-rodas-desafia-os-mototaxis-e-da-desconto-na-chuva.htm, skipping...
[ERROR - 2026-03-03 13:35:26,895 - Worker_3] Status code == 403 for https://noticias.uol.com.br/internacional/ultimas-noticias/2022/03/21/bombas-nao-poupam-criancas-hospital-pediatrico-mostra-horrores-da-guerra.htm, skipping...
[ERROR - 2026-03-03 13:35:48,042 - Worker_2] Status code == 403 for https://noticias.uol.com.br/colunas/balaio-do-kotscho/2022/03/21/gesto-de-boulos-ao-abrir-mao-de-candidatura-e-raridade-na-nossa-politica.htm, skipping...
[ERROR - 2026-03-03 13:35:50,102 - Worker_1] Status code == 403 for https://tab.uol.com.br/noticias/redacao/2022/03/19/grupo-reza-em-frente-a-hospital-para-livrar-brasil-da-maldicao-do-aborto.htm, skipping...
[ERROR - 2026-03-03 13:35:52,438 - Worker_2] Status code == 403 for https://noticias.uol.com.br/colunas/josias-de-souza/2022/03/21/rendicao-do-telegram-so-vale-ate-certo-ponto-o-ponto-de-interrogacao.htm, skipping...
[ERROR - 2026-03-03 13:35:54,740 - Worker_4] Status code == 403 for https://noticias.uol.com.br/colunas/reinaldo-azevedo/2022/03/21/moraes-reafirma-autoridade-do-stf-ao-liberar-telegram-e-o-ridiculo-da-agu.htm, skipping...
[ERROR - 2026-03-03 13:36:05,912 - Worker_3] Status code == 403 for https://noticias.uol.com.br/politica/ultimas-noticias/2022/03/21/laerte-o-bolsonarismo-e-quase-uma-caricatura-viva-dependente-das-fake-news.htm, skipping...
[ERROR - 2026-03-03 13:36:22,246 - Worker_1] Status code == 403 for https://noticias.uol.com.br/internacional/ultimas-noticias/2022/03/21/video-camera-capta-suposto-momento-da-queda-de-boeing-na-china.htm, skipping...
[ERROR - 2026-03-03 13:36:33,040 - Worker_3] Status code == 403 for https://noticias.uol.com.br/colunas/jose-luiz-portella/2022/03/21/boulos-vai-ser-ministro-aumentara-a-bancada-do-psol-e-consolidou-haddad.htm, skipping...
[ERROR - 2026-03-03 13:36:35,185 - Worker_1] Status code == 403 for https://noticias.uol.com.br/internacional/ultimas-noticias/2022/03/21/shoppin-kiev-bombardeio-ataque-guerra-russia-ucraia.htm, skipping...
[ERROR - 2026-03-03 13:36:40,482 - Worker_4] Status code == 403 for https://tab.uol.com.br/noticias/redacao/2022/03/21/a-6-meses-da-data-bicentenario-da-independencia-nao-tem-programa-oficial.htm, skipping...
[ERROR - 2026-03-03 13:36:42,027 - Worker_3] Status code == 403 for https://noticias.uol.com.br/colunas/leonardo-sakamoto/2022/03/21/rejeicao-das-mulheres-a-bolsonaro-piora-com-inflacao-alta-e-queda-na-renda.htm, skipping...
[ERROR - 2026-03-03 13:36:46,148 - Worker_3] Status code == 403 for https://noticias.uol.com.br/saude/ultimas-noticias/redacao/2022/03/21/covid-19-coronavirus-casos-mortes-21-de-marco.htm, skipping...
[ERROR - 2026-03-03 13:36:50,261 - Worker_3] Status code == 403 for https://noticias.uol.com.br/cotidiano/ultimas-noticias/2022/03/20/dono-de-restaurante-e-morto-a-facadas-por-funcionario-no-interior-de-sp.htm, skipping...
[ERROR - 2026-03-03 13:36:51,504 - Worker_0] Status code == 403 for https://noticias.uol.com.br/cotidiano/ultimas-noticias/2022/03/21/mulher-e-atingida-por-tiro-de-chumbinho-na-praca-paris-no-rio.htm, skipping...
[ERROR - 2026-03-03 13:36:53,614 - Worker_1] Status code == 403 for https://noticias.uol.com.br/internacional/ultimas-noticias/2022/03/21/aviao-que-caiu-na-china-despencou-6-mil-metros-em-dois-minutos.htm, skipping...
[ERROR - 2026-03-03 13:36:57,157 - Worker_4] Status code == 403 for https://noticias.uol.com.br/internacional/ultimas-noticias/2022/03/21/tropa-ucraniana-nega-alistamento-brasileiros-ex-militar-grava-conversa.htm, skipping...
[ERROR - 2026-03-03 13:37:06,110 - Worker_4] Status code == 403 for https://noticias.uol.com.br/ultimas-noticias/efe/2022/03/21/ucrania-diz-que-resistencia-de-mariupol-esta-salvando-outras-cidades.htm, skipping...
[ERROR - 2026-03-03 13:37:06,952 - Worker_1] Status code == 403 for https://noticias.uol.com.br/cotidiano/ultimas-noticias/2022/03/21/quem-e-o-falso-medico-que-amputou-perna-em-rodovia-e-se-passou-por-pastor.htm, skipping...
[ERROR - 2026-03-03 13:37:10,046 - Worker_0] Status code == 403 for https://noticias.uol.com.br/cotidiano/ultimas-noticias/2022/03/21/homem-e-preso-por-suspeita-de-transmitir-hiv-a-pelo-menos-3-mulheres-em-go.htm, skipping...
[ERROR - 2026-03-03 13:37:14,401 - Worker_0] Status code == 403 for https://noticias.uol.com.br/ultimas-noticias/afp/2022/03/21/aviao-com-133-passageiros-cai-no-sudoeste-da-china.htm, skipping...
[ERROR - 2026-03-03 13:37:15,918 - Worker_3] Status code == 403 for https://noticias.uol.com.br/ultimas-noticias/reuters/2022/03/21/biden-diz-que-putin-esta-avaliando-uso-de-armas-quimicas-na-ucrania.htm, skipping...
[ERROR - 2026-03-03 13:37:17,492 - Worker_1] Status code == 403 for https://noticias.uol.com.br/internacional/ultimas-noticias/2022/03/21/imagens-mostram-destrocos-de-aviao-que-caiu-na-china-132-estavam-a-bordo.htm, skipping...
[ERROR - 2026-03-03 13:37:25,803 - Worker_2] Status code == 403 for https://noticias.uol.com.br/cotidiano/ultimas-noticias/2022/03/21/policial-baleado-pelo-filho-de-13-anos-por-causa-de-game-fica-paraplegico.htm, skipping...
[ERROR - 2026-03-03 13:37:26,558 - Worker_1] Status code == 403 for https://noticias.uol.com.br/colunas/mauricio-stycer/2022/03/21/descuido-da-familia-expoe-silvio-santos-a-imagens-constrangedoras.htm, skipping...
[ERROR - 2026-03-03 13:37:29,917 - Worker_4] Status code == 403 for https://noticias.uol.com.br/cotidiano/ultimas-noticias/2022/03/21/sindico-nocauteado-por-morador-sai-da-uti-sabia-que-ele-era-explosivo.htm, skipping...
[ERROR - 2026-03-03 13:37:30,014 - Worker_3] Status code == 403 for https://tab.uol.com.br/colunas/lidia-zuin/2022/03/19/seriam-super-herois-o-atual-atalho-da-producao-cinematografica.htm, skipping...
[ERROR - 2026-03-03 13:37:45,147 - Worker_4] Status code == 403 for https://noticias.uol.com.br/cotidiano/ultimas-noticias/2022/03/22/amante-de-jet-ski-e-culinaria-quem-era-o-empresario-morto-por-funcionario.htm, skipping...
[ERROR - 2026-03-03 13:37:48,261 - Worker_0] Status code == 403 for https://tab.uol.com.br/noticias/redacao/2022/03/19/uber-sobe-em-duas-rodas-desafia-os-mototaxis-e-da-desconto-na-chuva.htm, skipping...
[ERROR - 2026-03-03 13:38:03,212 - Worker_2] Status code == 403 for https://noticias.uol.com.br/colunas/rogerio-gentile/2022/03/22/juiz-manda-universal-devolver-r-200-mil-de-fiel-que-queria-um-lugar-no-ceu.htm, skipping...
[ERROR - 2026-03-03 13:38:03,819 - Worker_3] Status code == 403 for https://tab.uol.com.br/noticias/redacao/2022/03/22/marcus-viana-comemora-volta-de-tema-de-pantanal-musica-e-o-lisergico.htm, skipping...
[ERROR - 2026-03-03 13:38:10,859 - Worker_1] Status code == 403 for https://noticias.uol.com.br/ultimas-noticias/agencia-estado/2022/03/22/mendonca-suspende-julgamento-de-ze-dirceu-por-corrupcao-em-contratos-da-petrobras.htm, skipping...
[ERROR - 2026-03-03 13:38:12,060 - Worker_2] Status code == 403 for https://noticias.uol.com.br/colunas/chico-alves/2022/03/22/lula-e-decisivo-para-freixo-na-eleicao-do-rio-ainda-com-muitos-indecisos.htm, skipping...
[ERROR - 2026-03-03 13:38:14,743 - Worker_3] Status code == 403 for https://noticias.uol.com.br/colunas/thais-oyama/2022/03/22/sabrina-modelo-adepta-do-swing-e-liberal.htm, skipping...
[ERROR - 2026-03-03 13:38:16,170 - Worker_2] Status code == 403 for https://noticias.uol.com.br/politica/ultimas-noticias/2022/03/22/deltan-reage-apos-ser-condenado-a-indenizar-lulat-reacao-do-sistema.htm, skipping...
[ERROR - 2026-03-03 13:38:26,810 - Worker_1] Status code == 403 for https://noticias.uol.com.br/ultimas-noticias/efe/2022/03/22/oms-estima-que-500-mil-refugiados-na-polonia-sofrem-impacto-na-saude-mental.htm, skipping...
[ERROR - 2026-03-03 13:38:28,923 - Worker_3] Status code == 403 for https://noticias.uol.com.br/internacional/ultimas-noticias/2022/03/22/27-dias-de-guerra-russia-ucrania-22-marco.htm, skipping...
[ERROR - 2026-03-03 13:38:30,964 - Worker_4] Status code == 403 for https://noticias.uol.com.br/internacional/ultimas-noticias/2022/03/22/conheca-8-oligarcas-russos-e-entenda-o-que-eles-perdem-com-a-guerra.htm, skipping...
[ERROR - 2026-03-03 13:38:38,841 - Worker_2] Status code == 403 for https://noticias.uol.com.br/ultimas-noticias/ansa/2022/03/22/peticao-na-suica-pede-expulsao-de-suposta-amante-de-putin.htm, skipping...
[ERROR - 2026-03-03 13:38:40,925 - Worker_0] Status code == 403 for https://noticias.uol.com.br/politica/ultimas-noticias/2022/03/21/sakamoto-bolsonaro-ve-braga-netto-como-nome-mais-docil-do-que-mourao.htm, skipping...
[ERROR - 2026-03-03 13:38:44,729 - Worker_1] Status code == 403 for https://noticias.uol.com.br/ultimas-noticias/bbc/2022/03/22/vim-para-a-ucrania-por-amor-e-ficarei-ate-o-fim-desta-guerra.htm, skipping...
[ERROR - 2026-03-03 13:38:48,282 - Worker_3] Status code == 403 for https://noticias.uol.com.br/ultimas-noticias/afp/2022/03/22/russia-diz-que-so-usara-armas-nucleares-em-caso-de-ameaca-existencial.htm, skipping...
[ERROR - 2026-03-03 13:38:54,884 - Worker_0] Status code == 403 for https://noticias.uol.com.br/internacional/ultimas-noticias/2022/03/22/alexei-navalny-condenado-russia.htm, skipping...
[ERROR - 2026-03-03 13:38:56,178 - Worker_1] Status code == 403 for https://noticias.uol.com.br/colunas/chico-alves/2022/03/22/denuncia-de-corrupcao-no-mec-e-novo-escandalo-do-governo-incorruptivel.htm, skipping...
[ERROR - 2026-03-03 13:38:59,227 - Worker_0] Status code == 403 for https://noticias.uol.com.br/cotidiano/ultimas-noticias/2022/03/22/buraco-azul-e-fechado-por-tempo-indeterminado-apos-morte-de-turista.htm, skipping...
[ERROR - 2026-03-03 13:39:00,630 - Worker_4] Status code == 403 for https://noticias.uol.com.br/cotidiano/ultimas-noticias/2022/03/22/pedido-de-r-20-no-ifood-vira-caso-de-policia-e-cliente-tem-casa-apedrejada.htm, skipping...
[ERROR - 2026-03-03 13:39:03,605 - Worker_0] Status code == 403 for https://noticias.uol.com.br/colunas/reinaldo-azevedo/2022/03/22/chefe-da-transparencia-internacional-b-aposta-na-falta-de-memoria-aqui-nao.htm, skipping...
[ERROR - 2026-03-03 13:39:05,745 - Worker_1] Status code == 403 for https://noticias.uol.com.br/colunas/leonardo-sakamoto/2022/03/22/justica-proibe-sistema-de-reconhecimento-facial-no-metro-de-sao-paulo.htm, skipping...
[ERROR - 2026-03-03 13:39:10,138 - Worker_1] Status code == 403 for https://noticias.uol.com.br/internacional/ultimas-noticias/2022/03/21/tropa-ucraniana-nega-alistamento-brasileiros-ex-militar-grava-conversa.htm, skipping...
[ERROR - 2026-03-03 13:39:10,990 - Worker_2] Status code == 403 for https://noticias.uol.com.br/politica/ultimas-noticias/2022/03/22/arthur-do-val-licenca-alesp.htm, skipping...
[ERROR - 2026-03-03 13:39:28,750 - Worker_3] Status code == 403 for https://noticias.uol.com.br/saude/ultimas-noticias/redacao/2022/03/22/covid-19-coronavirus-casos-mortes-22-de-marco.htm, skipping...
[ERROR - 2026-03-03 13:39:34,292 - Worker_1] Status code == 403 for https://noticias.uol.com.br/saude/ultimas-noticias/redacao/2022/03/22/anvisa-alerta-sobre-riscos-de-remedios-off-label-apos-governo-sancionar-lei.htm, skipping...
[ERROR - 2026-03-03 13:39:36,326 - Worker_0] Status code == 403 for https://noticias.uol.com.br/politica/ultimas-noticias/2022/03/22/mpf-pede-a-justica-condenacao-de-bolsonaro-e-wal-do-acai-por-improbidade.htm, skipping...
[ERROR - 2026-03-03 13:39:40,459 - Worker_0] Status code == 403 for https://noticias.uol.com.br/colunas/balaio-do-kotscho/2022/03/22/pastor-milton-ribeiro-comanda-um-projeto-para-destruir-a-educacao-publica.htm, skipping...
[ERROR - 2026-03-03 13:39:40,459 - Worker_4] Status code == 403 for https://noticias.uol.com.br/politica/ultimas-noticias/2022/03/22/em-depoimento-ao-mpf-wal-do-acai-admite-que-nunca-esteve-em-brasilia.htm, skipping...
[ERROR - 2026-03-03 13:39:47,514 - Worker_2] Status code == 403 for https://noticias.uol.com.br/internacional/ultimas-noticias/2022/03/22/11-vezes-em-que-russia-e-eua-trocaram-ameacas-fortes-na-guerra.htm, skipping...
[ERROR - 2026-03-03 13:39:49,735 - Worker_1] Status code == 403 for https://noticias.uol.com.br/ultimas-noticias/bbc/2022/03/22/guerra-na-ucrania-como-vladimir-putin-redesenhou-o-mundo---mas-nao-do-jeito-que-queria.htm, skipping...
[ERROR - 2026-03-03 13:39:50,293 - Worker_0] Status code == 403 for https://noticias.uol.com.br/cotidiano/ultimas-noticias/2022/03/21/turista-do-guaruja-morre-afogado-no-buraco-azul-atracao-turistica-do-ce.htm, skipping...
[ERROR - 2026-03-03 13:39:53,544 - Worker_4] Status code == 403 for https://noticias.uol.com.br/politica/ultimas-noticias/2022/03/22/apos-deltan-ser-condenado-equipe-de-lula-provoca-com-imagem-de-power-point.htm, skipping...
[ERROR - 2026-03-03 13:39:53,876 - Worker_1] Status code == 403 for https://noticias.uol.com.br/cotidiano/ultimas-noticias/2022/03/22/jacare-pula-salta.htm, skipping...
[ERROR - 2026-03-03 13:39:54,401 - Worker_0] Status code == 403 for https://noticias.uol.com.br/colunas/coluna-entendendo-bolsonaro/2022/03/22/de-mourao-a-braga-netto-bolsonaro-abraca-projeto-de-poder-do-exercito.htm, skipping...
[ERROR - 2026-03-03 13:39:58,576 - Worker_0] Status code == 403 for https://noticias.uol.com.br/cotidiano/ultimas-noticias/2022/03/24/guia-faz-ultimos-registros-de-turista-no-buraco-azul-sensacao-de-culpa.htm, skipping...
[ERROR - 2026-03-03 13:40:03,026 - Worker_4] Status code == 403 for https://noticias.uol.com.br/politica/ultimas-noticias/2022/03/24/homem-simula-atirar-em-petistas-durante-tiro-ao-alvo-assista.htm, skipping...
[ERROR - 2026-03-03 13:40:03,046 - Worker_0] Status code == 403 for https://economia.uol.com.br/cotacoes/noticias/redacao/2022/03/24/dolar-ibovespa-fechamento-24-marco.htm, skipping...
[ERROR - 2026-03-03 13:40:14,751 - Worker_3] Status code == 403 for https://noticias.uol.com.br/politica/ultimas-noticias/2022/03/24/bolsonaro-milton-ribeiro-mec-live.htm, skipping...
[ERROR - 2026-03-03 13:40:20,216 - Worker_2] Status code == 403 for https://tab.uol.com.br/colunas/trombadas/2022/03/24/a-roca-encantada-de-gil.htm, skipping...
[ERROR - 2026-03-03 13:40:26,461 - Worker_0] Status code == 403 for https://noticias.uol.com.br/colunas/leonardo-sakamoto/2022/03/24/datafolha-mostra-que-moro-subiu-no-telhado-e-doria-e-leite-como-nanicos.htm, skipping...
[ERROR - 2026-03-03 13:40:35,570 - Worker_3] Status code == 403 for https://noticias.uol.com.br/politica/ultimas-noticias/2022/03/24/deltan-diz-arrecadou-500-mil-doacao-apoiadores-pagar-lula.htm, skipping...
[ERROR - 2026-03-03 13:40:35,699 - Worker_2] Status code == 403 for https://noticias.uol.com.br/colunas/kennedy-alencar/2022/03/24/para-lula-discurso-de-alckmin-diminui-resistencia-no-pt-e-rebate-criticos.htm, skipping...
[ERROR - 2026-03-03 13:40:36,171 - Worker_4] Status code == 403 for https://noticias.uol.com.br/ultimas-noticias/bbc/2022/03/22/vim-para-a-ucrania-por-amor-e-ficarei-ate-o-fim-desta-guerra.htm, skipping...
[ERROR - 2026-03-03 13:40:40,285 - Worker_4] Status code == 403 for https://noticias.uol.com.br/colunas/josias-de-souza/2022/03/24/parceria-lula-alckmin-torna-sp-epicentro-da-polarizacao-com-bolsonaro.htm, skipping...
[ERROR - 2026-03-03 13:41:09,812 - Worker_2] Status code == 403 for https://noticias.uol.com.br/politica/ultimas-noticias/2022/03/24/gleisi-diz-que-lula-e-filiados-do-pt-foram-ameacados-por-neonazistas.htm, skipping...
[ERROR - 2026-03-03 13:41:22,809 - Worker_0] Status code == 403 for https://economia.uol.com.br/videos/2022/03/21/midia-e-marketing-125-marcio-carvalho-diretor-de-marketing-da-claro.htm, skipping...
[ERROR - 2026-03-03 13:41:25,546 - Worker_4] Status code == 403 for https://blogdojuca.uol.com.br/2022/03/o-drama-da-italia-mais-uma-vez-fora-da-copa/, skipping...
[ERROR - 2026-03-03 13:41:31,387 - Worker_0] Status code == 403 for https://tab.uol.com.br/noticias/redacao/2022/03/24/doutora-meu-saco-sumiu-medica-abre-o-jogo-sobre-a-harmonizacao-escrotal.htm, skipping...
[ERROR - 2026-03-03 13:41:38,396 - Worker_2] Status code == 403 for https://economia.uol.com.br/noticias/estadao-conteudo/2022/03/24/caixa-reduz-taxa-de-juros-do-credito-imobiliario-na-modalidade-poupanca.htm, skipping...
[ERROR - 2026-03-03 13:41:52,496 - Worker_4] Status code == 403 for https://tab.uol.com.br/noticias/redacao/2022/03/25/apos-escandalos-culto-na-igreja-de-gilmar-santos-em-goiania-reune-15-fieis.htm, skipping...
[ERROR - 2026-03-03 13:41:55,400 - Worker_1] Status code == 403 for https://tab.uol.com.br/noticias/redacao/2022/03/25/thay-magalhaes-e-mayara-lima-a-rotina-da-rainha-e-da-princesa-na-tuiuti.htm, skipping...
[ERROR - 2026-03-03 13:42:01,838 - Worker_4] Status code == 403 for https://educacao.uol.com.br/noticias/2022/03/25/pf-abre-inquerito-para-investigar-suspeita-de-corrupcao-no-mec.htm, skipping...
[ERROR - 2026-03-03 13:42:06,243 - Worker_4] Status code == 403 for https://economia.uol.com.br/colunas/carla-araujo/2022/03/25/ucranianos-pedem-que-eua-investiguem-corretora-de-bitcoin-binance.htm, skipping...
[ERROR - 2026-03-03 13:42:21,894 - Worker_4] Status code == 403 for https://noticias.uol.com.br/politica/ultimas-noticias/2022/03/25/ce-vereador-acusa-colega-de-homofobia-apos-discussao-voce-queima-veja.htm, skipping...
[ERROR - 2026-03-03 13:42:26,003 - Worker_4] Status code == 403 for https://noticias.uol.com.br/internacional/ultimas-noticias/2022/03/25/mulher-morre-em-acidente-provocado-por-fast-food-uma-semana-antes-de-noivar.htm, skipping...
[ERROR - 2026-03-03 13:42:29,804 - Worker_3] Status code == 403 for https://tab.uol.com.br/noticias/redacao/2022/03/25/movido-a-rebite-joel-dirigia-tres-dias-sem-dormir-do-rs-a-fortaleza.htm, skipping...
[ERROR - 2026-03-03 13:42:33,935 - Worker_3] Status code == 403 for https://noticias.uol.com.br/cotidiano/ultimas-noticias/2022/03/25/mulher-finge-ser-autista-para-nao-usar-mascara-em-shopping-focinheira.htm, skipping...
[ERROR - 2026-03-03 13:42:39,281 - Worker_4] Status code == 403 for https://noticias.uol.com.br/saude/ultimas-noticias/redacao/2022/03/25/covid-19-coronavirus-casos-mortes-25-de-marco.htm, skipping...
[ERROR - 2026-03-03 13:42:53,397 - Worker_3] Status code == 403 for https://economia.uol.com.br/cotacoes/noticias/redacao/2022/03/25/dolar-ibovespa-fechamento-25-marco.htm, skipping...
[ERROR - 2026-03-03 13:42:53,844 - Worker_0] Status code == 403 for https://economia.uol.com.br/mais/ultimas-noticias/2022/03/25/coe-entrega-maior-potencial-de-ganho-mas-com-menor-risco-de-perdas.htm, skipping...
[ERROR - 2026-03-03 13:42:55,955 - Worker_4] Status code == 403 for https://economia.uol.com.br/noticias/redacao/2022/03/25/serie-documental-do-uol-mostra-bastidores-do-esquema-de-abuso-de-saul-klein.htm, skipping...
[ERROR - 2026-03-03 13:43:12,146 - Worker_3] Status code == 403 for https://noticias.uol.com.br/internacional/ultimas-noticias/2022/03/25/resumo-russia-ucrania-30-dia-guerra-25-marco.htm, skipping...
[ERROR - 2026-03-03 13:43:13,120 - Worker_1] Status code == 403 for https://noticias.uol.com.br/internacional/ultimas-noticias/2022/03/25/maleta-aviao-e-mais-onde-estao-os-botoes-que-acionam-as-armas-nucleares.htm, skipping...
[ERROR - 2026-03-03 13:43:16,212 - Worker_2] Status code == 403 for https://noticias.uol.com.br/internacional/ultimas-noticias/2022/03/25/o-que-se-sabe-sobre-os-estoques-de-armas-nucleares-da-coreia-do-norte.htm, skipping...
[ERROR - 2026-03-03 13:43:16,247 - Worker_3] Status code == 403 for https://noticias.uol.com.br/politica/ultimas-noticias/2022/03/25/daniel-silveira-fake-news-evento-publico-medidas-cautelares-pgr-stf.htm, skipping...
[ERROR - 2026-03-03 13:43:17,231 - Worker_1] Status code == 403 for https://noticias.uol.com.br/cotidiano/ultimas-noticias/2022/03/25/frente-fria-impulsiona-chuvas-intensas-para-sp-ms-e-regiao-sul.htm, skipping...
[ERROR - 2026-03-03 13:43:20,328 - Worker_2] Status code == 403 for https://noticias.uol.com.br/internacional/ultimas-noticias/2022/03/23/cao-ganha-prestigio-na-ucrania-apos-farejar-mais-de-90-bombas-russas.htm, skipping...
[ERROR - 2026-03-03 13:43:21,357 - Worker_0] Status code == 403 for https://noticias.uol.com.br/cotidiano/ultimas-noticias/2022/03/25/suspeito-de-matar-mulher-que-tentou-apartar-briga-em-onibus-e-preso.htm, skipping...
[ERROR - 2026-03-03 13:43:24,890 - Worker_4] Status code == 403 for https://noticias.uol.com.br/cotidiano/ultimas-noticias/2022/03/25/mulher-se-desespera-ao-perceber-que-vitima-de-latrocinio-no-rio-era-marido.htm, skipping...
[ERROR - 2026-03-03 13:43:25,096 - Worker_3] Status code == 403 for https://noticias.uol.com.br/cotidiano/ultimas-noticias/2022/03/25/guarda-civil-reprime-protesto-de-professores-em-bh-e-uma-pessoa-fica-ferida.htm, skipping...
[ERROR - 2026-03-03 13:43:25,481 - Worker_0] Status code == 403 for https://noticias.uol.com.br/politica/ultimas-noticias/2022/03/25/lamborghini-e-challenger-pf-exibe-carroes-apreendidos-que-viraram-viaturas.htm, skipping...
[ERROR - 2026-03-03 13:43:40,284 - Worker_0] Status code == 403 for https://economia.uol.com.br/colunas/cleveland-prates/2022/03/25/com-status-atual-das-contas-publicas-nao-tem-como-brasil-ter-juros-baixos.htm, skipping...
[ERROR - 2026-03-03 13:43:45,978 - Worker_4] Status code == 403 for https://noticias.uol.com.br/internacional/ultimas-noticias/2022/03/25/mortos-refugiados-os-numeros-do-primeiro-mes-da-guerra-russia-x-ucrania.htm, skipping...
[ERROR - 2026-03-03 13:43:52,893 - Worker_3] Status code == 403 for https://noticias.uol.com.br/colunas/chico-alves/2022/03/27/bolsonaro-e-rei-da-campanha-antecipada-mas-partido-ataca-lollapalooza.htm, skipping...
[ERROR - 2026-03-03 13:44:02,104 - Worker_3] Status code == 403 for https://noticias.uol.com.br/colunas/leonardo-sakamoto/2022/03/27/censor-de-balada-bolsonaro-mostra-que-suas-criticas-ao-tse-sao-mimimi.htm, skipping...
[ERROR - 2026-03-03 13:44:06,647 - Worker_2] Status code == 403 for https://noticias.uol.com.br/politica/ultimas-noticias/2022/03/27/aliado-de-bolsonaroi-magn-malta-defende-aliancas-por-interesse.htm, skipping...
[ERROR - 2026-03-03 13:44:10,314 - Worker_0] Status code == 403 for https://noticias.uol.com.br/internacional/ultimas-noticias/2022/03/27/guerra-russia-ucrania-27-marco.htm, skipping...
[ERROR - 2026-03-03 13:44:12,028 - Worker_1] Status code == 403 for https://noticias.uol.com.br/politica/ultimas-noticias/2022/03/27/pt-stf-agravo-tse-lollapalooza.htm, skipping...
[ERROR - 2026-03-03 13:44:15,827 - Worker_2] Status code == 403 for https://noticias.uol.com.br/ultimas-noticias/reuters/2022/03/27/xangai-fara-lockdown-em-duas-etapas-para-testagem-conforme-casos-de-covid-19-aumentam.htm, skipping...
[ERROR - 2026-03-03 13:44:20,589 - Worker_3] Status code == 403 for https://noticias.uol.com.br/opiniao/coluna/2022/03/27/a-tentacao-autoritaria-e-o-tse.htm, skipping...
[ERROR - 2026-03-03 13:44:24,725 - Worker_3] Status code == 403 for https://noticias.uol.com.br/internacional/ultimas-noticias/2022/03/27/quem-sao-onde-vivem-e-o-que-fazem-as-filhas-de-vladimir-putin.htm, skipping...
[ERROR - 2026-03-03 13:44:33,006 - Worker_4] Status code == 403 for https://noticias.uol.com.br/colunas/otavio-rego-barros/2022/03/27/putin-nao-aprendeu-a-perder.htm, skipping...
[ERROR - 2026-03-03 13:44:33,507 - Worker_2] Status code == 403 for https://noticias.uol.com.br/politica/ultimas-noticias/2022/03/27/especialistas-criticam-veto-a-manifestacoes-no-lollapalooza-censura.htm, skipping...
[ERROR - 2026-03-03 13:44:33,771 - Worker_3] Status code == 403 for https://tab.uol.com.br/noticias/redacao/2022/03/27/luis-melo-inaugura-centro-de-artes-a-40-km-de-curitiba-e-projeto-de-vida.htm, skipping...
[ERROR - 2026-03-03 13:44:35,854 - Worker_0] Status code == 403 for https://tab.uol.com.br/noticias/redacao/2022/03/25/movido-a-rebite-joel-dirigia-tres-dias-sem-dormir-do-rs-a-fortaleza.htm, skipping...
[ERROR - 2026-03-03 13:44:45,079 - Worker_2] Status code == 403 for https://noticias.uol.com.br/colunas/rubens-valente/2022/03/27/pf-funai-arrendamento-terra-indigena.htm, skipping...
[ERROR - 2026-03-03 13:44:48,944 - Worker_4] Status code == 403 for https://noticias.uol.com.br/colunas/tales-faria/2022/03/27/de-volta-ao-passado-ao-lado-de-collor-bolsonaro-lanca-campanha-ameacadora.htm, skipping...
[ERROR - 2026-03-03 13:44:53,922 - Worker_2] Status code == 403 for https://noticias.uol.com.br/cotidiano/ultimas-noticias/2022/03/27/barco-raio-pernambuco-pescadores.htm, skipping...
[ERROR - 2026-03-03 13:44:56,334 - Worker_4] Status code == 403 for https://noticias.uol.com.br/saude/ultimas-noticias/redacao/2022/03/27/covid-19-coronavirus-casos-mortes-27-de-marco.htm, skipping...
[ERROR - 2026-03-03 13:45:09,857 - Worker_4] Status code == 403 for https://noticias.uol.com.br/politica/ultimas-noticias/2022/03/27/bolsonaro-chega-a-evento-de-campanha-do-pl-em-clima-de-estadio-de-futebol.htm, skipping...
[ERROR - 2026-03-03 13:45:14,307 - Worker_3] Status code == 403 for https://tab.uol.com.br/noticias/redacao/2022/03/27/hoje-so-as-sauvas-frequentam-a-primeira-disneylandia-brasileira.htm, skipping...
[ERROR - 2026-03-03 13:45:19,028 - Worker_0] Status code == 403 for https://noticias.uol.com.br/colunas/josias-de-souza/2022/03/27/manutencao-do-auxilio-brasil-de-r-400-em-2023-entra-no-radar-de-bolsonaro.htm, skipping...
[ERROR - 2026-03-03 13:45:19,721 - Worker_4] Status code == 403 for https://noticias.uol.com.br/politica/ultimas-noticias/2022/03/27/acao-dilma-pedaladas-extincao.htm, skipping...
[ERROR - 2026-03-03 13:45:27,942 - Worker_0] Status code == 403 for https://noticias.uol.com.br/colunas/jamil-chade/2022/03/27/no-brasil-ou-na-ucrania-resgatar-os-fatos-passou-a-ser-um-ato-subversivo.htm, skipping...
[ERROR - 2026-03-03 13:45:37,873 - Worker_0] Status code == 403 for https://noticias.uol.com.br/internacional/ultimas-noticias/2022/03/23/cao-ganha-prestigio-na-ucrania-apos-farejar-mais-de-90-bombas-russas.htm, skipping...
[ERROR - 2026-03-03 13:45:44,382 - Worker_0] Status code == 403 for https://noticias.uol.com.br/colunas/fernanda-magnotta/2022/03/27/biden-se-arrisca-ao-tentar-resgatar-os-eua-como-lideres-do-mundo-livre.htm, skipping...
[ERROR - 2026-03-03 13:45:48,511 - Worker_0] Status code == 403 for https://noticias.uol.com.br/colunas/pra-comecar-a-semana/2022/03/27/eleicao-mexe-nos-estados-e-ministerios---e-outros-destaques.htm, skipping...
[ERROR - 2026-03-03 13:45:54,530 - Worker_2] Status code == 403 for https://noticias.uol.com.br/politica/ultimas-noticias/2022/03/27/no-rio-lula-visita-gilberto-gil-e-benedita-da-silva-no-fim-de-semana.htm, skipping...
[ERROR - 2026-03-03 13:46:42,297 - Worker_4] Status code == 403 for https://tab.uol.com.br/noticias/redacao/2022/03/27/luis-melo-inaugura-centro-de-artes-a-40-km-de-curitiba-e-projeto-de-vida.htm, skipping...
[ERROR - 2026-03-03 13:46:43,138 - Worker_1] Status code == 403 for https://tab.uol.com.br/noticias/redacao/2022/03/28/de-luciano-huck-a-fernando-haddad-o-novo-hotel-de-luxo-de-sp.htm, skipping...
[ERROR - 2026-03-03 13:46:43,991 - Worker_3] Status code == 403 for https://noticias.uol.com.br/cotidiano/ultimas-noticias/2022/03/28/fazendeiro-lazaro-barbosa-morre.htm, skipping...
[ERROR - 2026-03-03 13:46:44,963 - Worker_2] Status code == 403 for https://noticias.uol.com.br/colunas/mauricio-stycer/2022/03/28/por-pior-que-seja-a-piada-responder-com-um-tapa-e-andar-para-tras.htm, skipping...
[ERROR - 2026-03-03 13:46:52,101 - Worker_4] Status code == 403 for https://noticias.uol.com.br/ultimas-noticias/bbc/2022/03/28/ministerio-da-educacao-queda-de-milton-ribeiro-abre-brecha-para-centrao-comandar-pasta.htm, skipping...
[ERROR - 2026-03-03 13:47:23,712 - Worker_0] Failed to connect with https://www.uol.com.br/ecoa/colunas/noah-scheffel/2022/03/28/o-linkedin-maior-plataforma-profissional-do-mundo-fomenta-o-preconceito.htm after 3 attempts, skipping...
[ERROR - 2026-03-03 13:47:25,301 - Worker_1] Failed to connect with https://www.uol.com.br/start/ultimas-noticias/2022/03/15/curiosidades-qual-e-o-jogo-mais-popular-no-brasil-na-china-nos-eua.htm after 3 attempts, skipping...
[ERROR - 2026-03-03 13:47:25,721 - Worker_2] Failed to connect with https://www1.folha.uol.com.br/colunas/nelsondesa/2022/03/biden-improvisa-na-europa-enquanto-cai-em-casa-nas-pesquisas.shtml after 3 attempts, skipping...
[ERROR - 2026-03-03 13:47:25,722 - Worker_3] Failed to connect with https://economia.uol.com.br/colunas/carla-araujo/2022/03/28/governo-confirma-indicacao-de-adriano-pires-para-presidencia-da-petrobras.htm after 3 attempts, skipping...
[ERROR - 2026-03-03 13:47:25,722 - Worker_4] Failed to connect with https://economia.uol.com.br/imposto-de-renda/noticias/redacao/2022/03/08/imposto-de-renda-2022-faca-o-download-do-programa-de-declararacao.htm after 3 attempts, skipping...
[ERROR - 2026-03-03 13:47:33,751 - Worker_0] Failed to connect with https://www.uol.com.br/splash/noticias/2022/03/28/sian-heder.htm after 3 attempts, skipping...
[ERROR - 2026-03-03 13:47:35,339 - Worker_1] Failed to connect with https://www.uol.com.br/tilt/noticias/redacao/2022/03/28/limpeza-do-computador-os-programas-que-prometem-funcionam-mesmo.htm after 3 attempts, skipping...
[ERROR - 2026-03-03 13:47:35,761 - Worker_4] Failed to connect with https://educacao.uol.com.br/noticias/2022/03/28/victor-godoy-substituto-milton-ribeiro-mec.htm after 3 attempts, skipping...
[ERROR - 2026-03-03 13:47:35,762 - Worker_2] Failed to connect with https://www.uol.com.br/carros/colunas/jorge-moraes/2022/03/27/mitsubishi-eclipse-cross-perde-traseira-polemica-na-linha-2023-veja.htm after 3 attempts, skipping...
[ERROR - 2026-03-03 13:47:35,762 - Worker_3] Failed to connect with https://www1.folha.uol.com.br/colunas/nabil-bonduki/2022/03/stf-abre-o-caminho-para-sao-paulo-banir-os-agrotoxicos.shtml after 3 attempts, skipping...
[ERROR - 2026-03-03 13:47:43,791 - Worker_0] Failed to connect with https://www.uol.com.br/vivabem/noticias/redacao/2022/03/28/qual-a-diferenca-entre-atracao-desejo-e-paixao-onde-entra-o-amor.htm after 3 attempts, skipping...
[ERROR - 2026-03-03 13:47:45,379 - Worker_1] Failed to connect with https://noticias.uol.com.br/cotidiano/ultimas-noticias/2022/03/28/homem-mata-pai-a-golpes-de-foice-por-causa-de-r-2-em-alagoas.htm after 3 attempts, skipping...
[ERROR - 2026-03-03 13:47:45,800 - Worker_4] Failed to connect with https://www1.folha.uol.com.br/blogs/voltaire-de-souza/2022/03/vem-ai-o-bozapallooza.shtml after 3 attempts, skipping...
[ERROR - 2026-03-03 13:47:45,800 - Worker_3] Failed to connect with https://www.uol.com.br/esporte/colunas/rodrigo-coutinho/2022/03/27/analise-sao-paulo-x-corinthians.htm after 3 attempts, skipping...
[ERROR - 2026-03-03 13:47:45,802 - Worker_2] Failed to connect with https://www.uol.com.br/vivabem/noticias/redacao/2022/03/28/epilepsia-focal-professor-de-mg-relata-crises-sem-perder-a-consciencia.htm after 3 attempts, skipping...
[ERROR - 2026-03-03 13:47:50,473 - Worker_4] Status code == 403 for https://noticias.uol.com.br/saude/ultimas-noticias/redacao/2022/03/28/covid-19-coronavirus-casos-mortes-28-de-marco.htm, skipping...
[ERROR - 2026-03-03 13:48:09,072 - Worker_1] Status code == 403 for https://noticias.uol.com.br/colunas/josmar-jozino/2022/03/28/investigados-por-lavagem-de-dinheiro-do-pcc-tem-45-imoveis-so-no-tatuape.htm, skipping...
[ERROR - 2026-03-03 13:48:11,596 - Worker_3] Status code == 403 for https://tab.uol.com.br/noticias/redacao/2022/03/27/hoje-so-as-sauvas-frequentam-a-primeira-disneylandia-brasileira.htm, skipping...
[ERROR - 2026-03-03 13:48:13,554 - Worker_1] Status code == 403 for https://noticias.uol.com.br/meio-ambiente/ultimas-noticias/redacao/2022/03/28/mendonca-assume-acao-no-stf-contra-decreto-que-criou-mineracao-artesanal.htm, skipping...
[ERROR - 2026-03-03 13:48:19,290 - Worker_4] Status code == 403 for https://economia.uol.com.br/noticias/redacao/2022/03/28/burger-king-usa-jingle-do-big-mac-para-provocar-mcdonalds.htm, skipping...
[ERROR - 2026-03-03 13:48:21,708 - Worker_0] Status code == 403 for https://noticias.uol.com.br/colunas/chico-alves/2022/03/28/saida-de-milton-ribeiro-do-mec-nao-tira-bolsonaro-do-centro-do-escandalo.htm, skipping...
[ERROR - 2026-03-03 13:48:25,296 - Worker_1] Status code == 403 for https://noticias.uol.com.br/cotidiano/ultimas-noticias/2022/03/28/familia-de-mulher-condena-falas-ofensivas-de-homem-em-situacao-de-rua.htm, skipping...
[ERROR - 2026-03-03 13:48:25,431 - Worker_2] Status code == 403 for https://noticias.uol.com.br/politica/ultimas-noticias/2022/03/28/nao-sou-estuprador-nao-foi-nada-forcado-diz-vereador-do-rio-de-janeiro.htm, skipping...
[ERROR - 2026-03-03 13:48:29,506 - Worker_1] Status code == 403 for https://noticias.uol.com.br/cotidiano/ultimas-noticias/2022/03/28/cobra-prenha-e-resgatada-do-19-andar-apos-dias-circulando-em-predio.htm, skipping...
[ERROR - 2026-03-03 13:48:29,535 - Worker_2] Status code == 403 for https://noticias.uol.com.br/colunas/reinaldo-azevedo/2022/03/28/entenda-lollapalooza-e-a-lei-ou-xingar-bolsonaro-ou-lhe-tirar-votos.htm, skipping...
[ERROR - 2026-03-03 13:48:33,628 - Worker_2] Status code == 403 for https://noticias.uol.com.br/internacional/ultimas-noticias/2022/03/28/abramovich-e-negociadores-ucranianos-tem-sintomas-de-envenenamento.htm, skipping...
[ERROR - 2026-03-03 13:48:35,344 - Worker_3] Status code == 403 for https://educacao.uol.com.br/noticias/2022/03/28/mec-quem-e-milton-ribeiro.htm, skipping...
[ERROR - 2026-03-03 13:48:40,090 - Worker_4] Status code == 403 for https://noticias.uol.com.br/cotidiano/ultimas-noticias/2022/03/28/amiga-de-motorista-de-app-achada-morta-em-porta-malas-e-namorado-sao-presos.htm, skipping...
[ERROR - 2026-03-03 13:48:43,053 - Worker_2] Status code == 403 for https://noticias.uol.com.br/colunas/josias-de-souza/2022/03/28/sem-anteparo-de-milton-ribeiro-cara-de-bolsonaro-fica-em-contato-com-fogo.htm, skipping...
[ERROR - 2026-03-03 13:48:48,371 - Worker_0] Status code == 403 for https://noticias.uol.com.br/colunas/leonardo-sakamoto/2022/03/28/fiel-a-bolsonaro-ministro-e-sacrificado-para-salvar-presidente-do-inferno.htm, skipping...
[ERROR - 2026-03-03 13:48:52,791 - Worker_0] Status code == 403 for https://noticias.uol.com.br/internacional/ultimas-noticias/2022/03/28/decidi-deixar-ucrania-apos-governo-criminalizar-imprensa-diz-jornalista.htm, skipping...
[ERROR - 2026-03-03 13:48:52,797 - Worker_4] Status code == 403 for https://noticias.uol.com.br/colunas/josias-de-souza/2022/03/28/bolsonaro-valdemar-collor-e-heleno-na-mesma-imagem-a-uniao-faz-a-farsa.htm, skipping...
[ERROR - 2026-03-03 13:48:55,396 - Worker_3] Status code == 403 for https://tab.uol.com.br/colunas/lidia-zuin/2022/03/28/neurodireitos-buscam-regulamentar-e-apoiar-a-inovacao-na-neurotecnologia.htm, skipping...
[ERROR - 2026-03-03 13:48:59,829 - Worker_2] Status code == 403 for https://noticias.uol.com.br/saude/ultimas-noticias/redacao/2022/03/30/anvisa-medicamento-pfizer-covid-19.htm, skipping...
[ERROR - 2026-03-03 13:49:05,002 - Worker_3] Status code == 403 for https://noticias.uol.com.br/colunas/leonardo-sakamoto/2022/03/30/montado-em-cavalo-branco-bolsonaro-cumpre-uma-profecia-do-apocalipse-no-rn.htm, skipping...
[ERROR - 2026-03-03 13:49:07,039 - Worker_0] Status code == 403 for https://noticias.uol.com.br/ultimas-noticias/2022/03/30/mega-sena-sorteia-premio-de-r-105-milhoes-veja-os-numeros-de-hoje.htm, skipping...
[ERROR - 2026-03-03 13:49:09,593 - Worker_3] Status code == 403 for https://noticias.uol.com.br/ultimas-noticias/afp/2022/03/30/tiroteio-deixa-dois-mortos-em-filial-do-mcdonalds-na-holanda.htm, skipping...
[ERROR - 2026-03-03 13:49:11,136 - Worker_0] Status code == 403 for https://noticias.uol.com.br/colunas/reinaldo-azevedo/2022/03/30/guedes-em-paris-simboliza-governo-sem-rumo-tambem-na-soberba-incompetente.htm, skipping...
[ERROR - 2026-03-03 13:49:15,224 - Worker_0] Status code == 403 for https://noticias.uol.com.br/saude/ultimas-noticias/estado/2022/03/30/internacoes-por-covid-caem-84-em-sp-e-41-hospitais-nao-tem-mais-pacientes.htm, skipping...
[ERROR - 2026-03-03 13:49:16,033 - Worker_1] Status code == 403 for https://blogdojuca.uol.com.br/2022/03/a-bola-mais-maldita-de-todas-as-copas/, skipping...
[ERROR - 2026-03-03 13:49:16,091 - Worker_3] Status code == 403 for https://noticias.uol.com.br/colunas/josias-de-souza/2022/03/30/sobram-musculos-faltam-miolos-a-daniel-silveira.htm, skipping...
[ERROR - 2026-03-03 13:49:17,525 - Worker_4] Status code == 403 for https://noticias.uol.com.br/politica/ultimas-noticias/2022/03/30/bolsonaro-chega-a-evento-no-rio-grande-do-norte-montado-a-cavalo.htm, skipping...
[ERROR - 2026-03-03 13:49:19,467 - Worker_2] Status code == 403 for https://economia.uol.com.br/mais/levante/carteira-recomendada/2022/03/30/ibovespa-em-alta-afinal-por-que-a-bolsa-esta-subindo-tanto-em-2022.htm, skipping...
[ERROR - 2026-03-03 13:49:20,402 - Worker_3] Status code == 403 for https://economia.uol.com.br/colunas/a-companhia/2022/03/29/perspectiva-para-acoes-do-bb-com-alta-dos-juros.htm, skipping...
[ERROR - 2026-03-03 13:49:21,894 - Worker_4] Status code == 403 for https://economia.uol.com.br/colunas/carla-araujo/2022/03/30/paulo-sergio-assume-defesa-um-dia-apos-passar-cargo-do-comando-do-exercito.htm, skipping...
[ERROR - 2026-03-03 13:49:24,551 - Worker_3] Status code == 403 for https://noticias.uol.com.br/cotidiano/ultimas-noticias/2022/03/30/fiel-premio-loteria-igreja-universal.htm, skipping...
[ERROR - 2026-03-03 13:49:32,780 - Worker_4] Status code == 403 for https://noticias.uol.com.br/politica/ultimas-noticias/2022/03/30/camara-diz-que-pf-tentou-instalar-tornozeleira-daniel-silveira-nega.htm, skipping...
[ERROR - 2026-03-03 13:49:33,541 - Worker_3] Status code == 403 for https://economia.uol.com.br/noticias/estadao-conteudo/2022/03/30/piscinao-de-luxo-clube-de-surfe-com-ondas-no-morumbi-tera-assinatura-de-r-800-mil.htm, skipping...
[ERROR - 2026-03-03 13:49:37,996 - Worker_3] Status code == 403 for https://noticias.uol.com.br/cotidiano/ultimas-noticias/2022/03/30/homem-e-morto-a-facadas-pelo-genro-apos-chama-lo-de-fofoqueiro-em-rr.htm, skipping...
[ERROR - 2026-03-03 13:49:39,012 - Worker_2] Status code == 403 for https://economia.uol.com.br/imposto-de-renda/noticias/redacao/2022/03/08/imposto-de-renda-2022-faca-o-download-do-programa-de-declararacao.htm, skipping...
[ERROR - 2026-03-03 13:49:43,106 - Worker_2] Status code == 403 for https://noticias.uol.com.br/colunas/reinaldo-azevedo/2022/03/30/congresso-nao-e-cafofo-de-criminosos-e-ai-lira-democracia-ou-golpismo.htm, skipping...
[ERROR - 2026-03-03 13:49:46,258 - Worker_1] Status code == 403 for https://economia.uol.com.br/noticias/redacao/2022/03/30/inflacao-hortifruti-legumes-verduras-variacao-sao-paulo.htm, skipping...
[ERROR - 2026-03-03 13:49:47,962 - Worker_2] Status code == 403 for https://tab.uol.com.br/noticias/redacao/2022/03/30/um-lugar-ao-sol.htm, skipping...
[ERROR - 2026-03-03 13:49:48,225 - Worker_0] Status code == 403 for https://noticias.uol.com.br/ultimas-noticias/efe/2022/03/30/russia-anuncia-a-destruicao-de-64-alvos-militares-na-ucrania-em-24-horas.htm, skipping...
[ERROR - 2026-03-03 13:49:50,348 - Worker_1] Status code == 403 for https://noticias.uol.com.br/cotidiano/ultimas-noticias/2022/03/30/adolescente-de-14-anos-morre-em-quadra-de-escola-de-varzea-grande-mt.htm, skipping...
[ERROR - 2026-03-03 13:50:02,755 - Worker_0] Status code == 403 for https://noticias.uol.com.br/cotidiano/ultimas-noticias/2022/03/30/seu-chefe-e-bonzinho-menina-pede-pizza-fiado-e-comove-cidade-paulista.htm, skipping...
[ERROR - 2026-03-03 13:50:10,887 - Worker_2] Status code == 403 for https://noticias.uol.com.br/colunas/alberto-bombig/2022/03/30/aliados-de-bolsonaro-veem-lollapalooza-como-guerra-cultural--bem-feita.htm, skipping...
[ERROR - 2026-03-03 13:50:14,377 - Worker_1] Status code == 403 for https://noticias.uol.com.br/politica/ultimas-noticias/2022/03/30/flavio-bolsonaro-faz-apelo-a-moraes-e-diz-que-silveira-sempre-foi-do-bem.htm, skipping...
[ERROR - 2026-03-03 13:50:19,823 - Worker_2] Status code == 403 for https://noticias.uol.com.br/cotidiano/ultimas-noticias/2022/03/30/mulher-agredida-por-sogros-em-niteroi.htm, skipping...
[ERROR - 2026-03-03 13:50:21,250 - Worker_0] Status code == 403 for https://noticias.uol.com.br/internacional/ultimas-noticias/2022/03/30/ucraniano-resgata-familia-de-mariupol-com-proprio-carro.htm, skipping...
[ERROR - 2026-03-03 13:50:28,548 - Worker_0] Status code == 403 for https://tab.uol.com.br/noticias/redacao/2022/03/29/como-digao-ribeiro-fez-papel-de-traficante-em-filme-sobre-morro-do-alemao.htm, skipping...
[ERROR - 2026-03-03 13:50:30,986 - Worker_4] Status code == 403 for https://noticias.uol.com.br/colunas/rogerio-gentile/2022/03/30/sbt-pagara-r-72-milhoes-por-plagiar-projeto-de-ex-diretor-do-faustao.htm, skipping...
[ERROR - 2026-03-03 13:50:31,828 - Worker_1] Status code == 403 for https://noticias.uol.com.br/politica/ultimas-noticias/2022/03/30/deputado-do-pt-leva-placa-de-marielle-enquanto-pf-corre-atras-de-silveira.htm, skipping...
[ERROR - 2026-03-03 13:50:37,150 - Worker_2] Status code == 403 for https://noticias.uol.com.br/saude/ultimas-noticias/redacao/2022/03/30/covid-19-coronavirus-casos-mortes-30-de-marco.htm, skipping...
[ERROR - 2026-03-03 13:50:38,604 - Worker_1] Status code == 403 for https://tab.uol.com.br/noticias/redacao/2022/03/30/como-foi-a-1-travessia-lisboa-rio-a-bordo-de-um-hidroaviao-que-naufragou.htm, skipping...
[ERROR - 2026-03-03 13:50:39,572 - Worker_4] Status code == 403 for https://noticias.uol.com.br/politica/ultimas-noticias/2022/03/30/universal-deposita-juizo-imposto-pedras-israel-cisjordania-templo-salomao.htm, skipping...
[ERROR - 2026-03-03 13:50:43,034 - Worker_0] Status code == 403 for https://tab.uol.com.br/colunas/ricardo-abramovay/2022/03/30/inovacoes-recentes-colocam-o-agro-convencional-em-questao.htm, skipping...
[ERROR - 2026-03-03 13:50:48,393 - Worker_3] Status code == 403 for https://noticias.uol.com.br/internacional/ultimas-noticias/2022/03/30/tornado-provoca-rastro-de-destruicao-nos-estados-unidos.htm, skipping...
[ERROR - 2026-03-03 13:50:52,367 - Worker_2] Status code == 403 for https://noticias.uol.com.br/colunas/josias-de-souza/2022/03/30/bolsonaro-leva-o-mec-da-fogueira-para-o-balcao.htm, skipping...
[ERROR - 2026-03-03 13:50:57,139 - Worker_0] Status code == 403 for https://noticias.uol.com.br/cotidiano/ultimas-noticias/2022/03/30/casal-denuncia-falas-violentas-e-homofobicas-de-motorista-de-uber-no-es.htm, skipping...
[ERROR - 2026-03-03 13:51:01,806 - Worker_1] Status code == 403 for https://noticias.uol.com.br/ultimas-noticias/bbc/2022/03/30/mina-terrestre-drone-e-narcotanque-as-armas-nao-convencionais-usadas-por-carteis-mexicanos.htm, skipping...
[ERROR - 2026-03-03 13:51:16,280 - Worker_4] Status code == 403 for https://noticias.uol.com.br/internacional/ultimas-noticias/2022/03/30/homem-fica-com-penis-podre-apos-injetar-cocaina-em-genitalia.htm, skipping...
[ERROR - 2026-03-03 13:51:22,963 - Worker_3] Status code == 403 for https://educacao.uol.com.br/noticias/2022/02/01/mpf-alunos-fraudar-cotas-ufca-ceara.htm, skipping...
[ERROR - 2026-03-03 13:51:23,521 - Worker_0] Status code == 403 for https://noticias.uol.com.br/cotidiano/ultimas-noticias/2022/02/01/sitio-arqueologico-goias.htm, skipping...
[ERROR - 2026-03-03 13:51:24,724 - Worker_4] Status code == 403 for https://noticias.uol.com.br/cotidiano/ultimas-noticias/2022/02/01/marginal-tiete-trecho-continua-cedendo-cratera-metro.htm, skipping...
[ERROR - 2026-03-03 13:51:27,067 - Worker_3] Status code == 403 for https://noticias.uol.com.br/saude/ultimas-noticias/redacao/2022/02/01/df-vai-ressarcir-paciente-que-nao-encontrou-vaga-em-hospital-publico.htm, skipping...
[ERROR - 2026-03-03 13:51:27,620 - Worker_0] Status code == 403 for https://noticias.uol.com.br/cotidiano/ultimas-noticias/2022/02/01/juiz-soltura-jerominho.htm, skipping...
[ERROR - 2026-03-03 13:51:31,715 - Worker_0] Status code == 403 for https://noticias.uol.com.br/cotidiano/ultimas-noticias/2022/02/01/video-cadeirante-e-atropelada-e-arrastada-por-onibus-no-es.htm, skipping...
[ERROR - 2026-03-03 13:51:32,454 - Worker_2] Status code == 403 for https://tab.uol.com.br/colunas/ricardo-abramovay/2022/02/01/mais-que-carros-eletricos-precisamos-mesmo-e-de-desmobilidade.htm, skipping...
[ERROR - 2026-03-03 13:51:35,813 - Worker_0] Status code == 403 for https://noticias.uol.com.br/colunas/reinaldo-azevedo/2022/02/01/tcu-e-mpf-terao-de-decidir-se-padrao-moro-de-atuacao-pode-ser-o-novo-normal.htm, skipping...
[ERROR - 2026-03-03 13:51:38,229 - Worker_4] Status code == 403 for https://noticias.uol.com.br/cotidiano/ultimas-noticias/2022/02/01/idoso-e-preso-suspeito-de-matar-tres-homens-envenenados-no-interior-de-sp.htm, skipping...
[ERROR - 2026-03-03 13:51:39,930 - Worker_0] Status code == 403 for https://noticias.uol.com.br/politica/ultimas-noticias/2022/02/01/nao-ha-mais-espaco-para-acoes-contra-o-regime-democratico-diz-fux-no-stf.htm, skipping...
[ERROR - 2026-03-03 13:51:44,103 - Worker_0] Status code == 403 for https://tab.uol.com.br/noticias/redacao/2022/01/29/comecou-tudo-outra-vez-enfermeiras-enfrentam-caos-de-covid-em-utis-de-bh.htm, skipping...
[ERROR - 2026-03-03 13:51:44,194 - Worker_2] Status code == 403 for https://noticias.uol.com.br/politica/ultimas-noticias/2022/02/01/toffoli-passou-final-de-semana-em-casa-de-fabio-faria-no-rn-diz-jornal.htm, skipping...
[ERROR - 2026-03-03 13:53:04,347 - Worker_0] Status code == 403 for https://noticias.uol.com.br/colunas/leonardo-sakamoto/2022/02/01/bolsonaro-veio-a-sao-paulo-culpar-as-vitimas-da-chuva-pela-propria-desgraca.htm, skipping...
[ERROR - 2026-03-03 13:53:27,125 - Worker_2] Status code == 403 for https://tab.uol.com.br/noticias/redacao/2022/02/01/com-medo-da-chuva-filhos-dormiam-com-pais-antes-de-morrer-em-deslizamento.htm, skipping...
[ERROR - 2026-03-03 13:53:46,630 - Worker_1] Status code == 403 for https://tab.uol.com.br/colunas/matheus-pichonelli/2022/02/02/moise-kabagambe-foi-espancado-ate-a-morte-vamos-desviar-do-corpo-e-seguir.htm, skipping...
[ERROR - 2026-03-03 13:54:13,499 - Worker_1] Status code == 403 for https://noticias.uol.com.br/cotidiano/ultimas-noticias/2022/02/02/moise-corretivo-testemunhas.htm, skipping...
[ERROR - 2026-03-03 13:54:15,108 - Worker_2] Status code == 403 for https://tab.uol.com.br/noticias/redacao/2022/02/02/enganada-por-grileiro-maristela-luta-para-nao-virar-moradora-de-rua.htm, skipping...
[ERROR - 2026-03-03 13:54:15,114 - Worker_0] Status code == 403 for https://noticias.uol.com.br/cotidiano/ultimas-noticias/2022/02/02/policia-investiga-morte-de-bebe-de-4-meses-em-ms-para-pai-houve-descaso.htm, skipping...
[ERROR - 2026-03-03 13:54:17,601 - Worker_1] Status code == 403 for https://noticias.uol.com.br/colunas/josias-de-souza/2022/02/02/bolsonaro-enfia-sua-insensibilidade-dentro-do-luto.htm, skipping...
[ERROR - 2026-03-03 13:54:19,209 - Worker_0] Status code == 403 for https://noticias.uol.com.br/ultimas-noticias/agencia-estado/2022/02/02/camara-deve-votar-legalizacao-de-jogos-de-azar-e-chance-de-aprovacao-e-alta.htm, skipping...
[ERROR - 2026-03-03 13:54:23,931 - Worker_1] Status code == 403 for https://noticias.uol.com.br/colunas/rogerio-gentile/2022/02/02/justica-condena-mcdonalds-por-homofobia-contra-cliente.htm, skipping...
[ERROR - 2026-03-03 13:54:25,121 - Worker_4] Status code == 403 for https://noticias.uol.com.br/ultimas-noticias/agencia-estado/2022/02/02/dengue-se-espalha-e-pressiona-servicos-de-saude-em-cinco-estados.htm, skipping...
[ERROR - 2026-03-03 13:54:29,223 - Worker_4] Status code == 403 for https://tab.uol.com.br/noticias/redacao/2022/02/02/o-adeus-a-tony-bizarro-parceiro-de-tim-e-voz-de-trovao-do-soul-brasileiro.htm, skipping...
[ERROR - 2026-03-03 13:54:34,465 - Worker_0] Status code == 403 for https://noticias.uol.com.br/ultimas-noticias/agencia-estado/2022/02/02/mendonca-estreia-no-stf-e-julga-letalidade-policial-defendendo-operacoes-no-rj.htm, skipping...
[ERROR - 2026-03-03 13:54:40,980 - Worker_3] Status code == 403 for https://noticias.uol.com.br/internacional/ultimas-noticias/2022/02/02/jovem-viaja-7-mil-km-para-encontrar-namorado-e-acaba-morta-a-facadas.htm, skipping...
[ERROR - 2026-03-03 13:54:43,065 - Worker_0] Status code == 403 for https://noticias.uol.com.br/ultimas-noticias/agencia-estado/2022/02/02/brumadinho-relator-inocenta-vale-e-desembargadora-pede-vistas-do-recurso.htm, skipping...
[ERROR - 2026-03-03 13:54:47,661 - Worker_1] Status code == 403 for https://noticias.uol.com.br/politica/ultimas-noticias/2022/02/02/poderdata-lula-bolsonaro-eleicoes-2022.htm, skipping...
[ERROR - 2026-03-03 13:54:51,788 - Worker_1] Status code == 403 for https://noticias.uol.com.br/cotidiano/ultimas-noticias/2022/02/02/es-video-mostra-invasao-a-praia-e-socorro-ao-jovem-que-teve-barriga-aberta.htm, skipping...
[ERROR - 2026-03-03 13:54:55,838 - Worker_1] Status code == 403 for http://noticias.uol.com.br/cotidiano/ultimas-noticias/2022/02/02/agressores-caso-moise-congoles.htm, skipping...
[ERROR - 2026-03-03 13:54:56,450 - Worker_3] Status code == 403 for https://noticias.uol.com.br/cotidiano/ultimas-noticias/2022/02/02/cratera-marginal-o-que-esta-sendo-feito-sao-paulo-metro.htm, skipping...
[ERROR - 2026-03-03 13:54:59,946 - Worker_1] Status code == 403 for https://noticias.uol.com.br/meio-ambiente/ultimas-noticias/redacao/2022/02/02/desmatamento-na-amazonia-brasileira-bate-recorde-em-janeiro.htm, skipping...
[ERROR - 2026-03-03 13:55:14,674 - Worker_0] Status code == 403 for https://noticias.uol.com.br/cotidiano/ultimas-noticias/2022/02/02/pm-dono-quiosque-agressores.htm, skipping...
[ERROR - 2026-03-03 13:55:20,965 - Worker_4] Status code == 403 for https://noticias.uol.com.br/colunas/maria-carolina-trevisan/2022/02/02/moise.htm, skipping...
[ERROR - 2026-03-03 13:55:31,694 - Worker_2] Status code == 403 for https://noticias.uol.com.br/colunas/leonardo-sakamoto/2022/02/02/maior-agressor-de-jornalistas-bolsonaro-defende-liberdade-de-imprensa.htm, skipping...
[ERROR - 2026-03-03 13:55:35,816 - Worker_2] Status code == 403 for https://noticias.uol.com.br/colunas/thais-oyama/2022/02/02/pesquisa-alarma-bolsonaro-e-esquenta-o-nome-de-tereza-cristina-para-vice.htm, skipping...
[ERROR - 2026-03-03 13:55:43,206 - Worker_3] Status code == 403 for https://noticias.uol.com.br/cotidiano/ultimas-noticias/2022/02/02/cratera-marginal-sao-paulo-doria-desabamento.htm, skipping...
[ERROR - 2026-03-03 13:55:44,177 - Worker_1] Status code == 403 for https://noticias.uol.com.br/politica/ultimas-noticias/2022/02/02/bolsonaro-faz-piada-com-abertura-de-cratera-em-sp-transposicao-do-tiete.htm, skipping...
[ERROR - 2026-03-03 13:55:49,105 - Worker_2] Status code == 403 for https://tab.uol.com.br/noticias/redacao/2022/02/01/com-medo-da-chuva-filhos-dormiam-com-pais-antes-de-morrer-em-deslizamento.htm, skipping...
[ERROR - 2026-03-03 13:55:51,941 - Worker_3] Status code == 403 for https://noticias.uol.com.br/saude/ultimas-noticias/redacao/2022/02/02/covid-19-coronavirus-casos-mortes-02-de-fevereiro.htm, skipping...
[ERROR - 2026-03-03 13:55:53,285 - Worker_2] Status code == 403 for https://economia.uol.com.br/noticias/redacao/2022/02/02/governo-mudanca-prova-de-vida-inss.htm, skipping...
[ERROR - 2026-03-03 13:56:01,752 - Worker_4] Status code == 403 for https://noticias.uol.com.br/ultimas-noticias/reuters/2022/02/03/stf-determina-que-rj-faca-plano-para-reduzir-letalidade-em-operacoes-policiais-durante-pandemia.htm, skipping...
[ERROR - 2026-03-03 13:56:03,023 - Worker_1] Status code == 403 for https://noticias.uol.com.br/internacional/ultimas-noticias/2022/02/03/biden-eua-estado-islamico-siria-guerra-ao-terror.htm, skipping...
[ERROR - 2026-03-03 13:56:04,900 - Worker_3] Status code == 403 for https://noticias.uol.com.br/cotidiano/ultimas-noticias/2022/02/02/laudo-esclarece-causa-da-morte-de-medica-encontrada-morta-em-hospital-de-sp.htm, skipping...
[ERROR - 2026-03-03 13:56:08,082 - Worker_4] Status code == 403 for https://noticias.uol.com.br/politica/ultimas-noticias/2022/02/03/moraes-autoriza-pf-a-tomar-depoimento-de-abraham-weintraub-nesta-sexta-4.htm, skipping...
[ERROR - 2026-03-03 13:56:12,217 - Worker_4] Status code == 403 for https://noticias.uol.com.br/cotidiano/ultimas-noticias/2022/02/03/cratera-obra-marginal-sao-paulo.htm, skipping...
[ERROR - 2026-03-03 13:56:13,113 - Worker_2] Status code == 403 for https://noticias.uol.com.br/ultimas-noticias/agencia-estado/2022/02/03/kit-covid-e-perda-de-tempo-diz-medico-que-fez-parecer-rejeitado-pelo-governo.htm, skipping...
[ERROR - 2026-03-03 13:56:17,213 - Worker_2] Status code == 403 for https://noticias.uol.com.br/colunas/cristina-tardaguila/2022/02/03/luta-contra-fake-news-em-2022-requer-mais-do-que-simples-anuncios.htm, skipping...
[ERROR - 2026-03-03 13:56:18,487 - Worker_1] Status code == 403 for https://noticias.uol.com.br/ultimas-noticias/reuters/2022/02/03/omicron-mantem-elevada-taxa-de-ocupacao-de-utis-e-se-interioriza-pelo-pais-aponta-fiocruz.htm, skipping...
[ERROR - 2026-03-03 13:56:20,209 - Worker_3] Status code == 403 for https://economia.uol.com.br/mais/ultimas-noticias/2022/02/03/o-que-fazer-com-acoes-do-facebook.htm, skipping...
[ERROR - 2026-03-03 13:56:20,788 - Worker_4] Status code == 403 for https://noticias.uol.com.br/saude/ultimas-noticias/redacao/2022/02/03/covid-19-coronavirus-casos-mortes-03-de-fevereiro.htm, skipping...
[ERROR - 2026-03-03 13:56:24,374 - Worker_3] Status code == 404 for https://www1.folha.uol.com.br/colunas/fernandatorres/2022/02/torcemos-o-nariz-para-o-hijab-mas-aceitamos-a-tortura-do-salto-alto.shtm, skipping...
[ERROR - 2026-03-03 13:56:34,245 - Worker_4] Status code == 403 for https://noticias.uol.com.br/colunas/chico-alves/2022/02/03/quem-sao-os-dois-pms-que-intimidaram-a-familia-de-moise.htm, skipping...
[ERROR - 2026-03-03 13:56:35,046 - Worker_2] Status code == 403 for https://noticias.uol.com.br/ultimas-noticias/bbc/2022/02/03/as-criancas-do-narcotrafico-no-mexico-encontrei-algo-que-me-fazia-sentir-melhor-que-a-droga-matar.htm, skipping...
[ERROR - 2026-03-03 13:56:38,489 - Worker_1] Status code == 403 for https://noticias.uol.com.br/cotidiano/ultimas-noticias/2022/02/03/sargento-da-marinha-atira-em-vizinho-negro-e-disse-acreditar-que-era-ladrao.htm, skipping...
[ERROR - 2026-03-03 13:56:38,552 - Worker_4] Status code == 403 for https://noticias.uol.com.br/politica/ultimas-noticias/2022/02/03/barroso-banir-plataforma-telegram.htm, skipping...
[ERROR - 2026-03-03 13:56:42,882 - Worker_4] Status code == 403 for https://noticias.uol.com.br/cotidiano/ultimas-noticias/2022/02/03/trafigata-de-curitiba-e-alvo-de-atentado-com-mais-de-20-tiros.htm, skipping...
[ERROR - 2026-03-03 13:56:47,689 - Worker_3] Status code == 403 for https://noticias.uol.com.br/cotidiano/ultimas-noticias/2022/02/03/condenacao-menino-barril-campinas.htm, skipping...
[ERROR - 2026-03-03 13:56:47,862 - Worker_0] Status code == 403 for https://noticias.uol.com.br/colunas/rogerio-gentile/2022/02/02/justica-condena-mcdonalds-por-homofobia-contra-cliente.htm, skipping...
[ERROR - 2026-03-03 13:56:48,382 - Worker_1] Status code == 403 for https://noticias.uol.com.br/colunas/leonardo-sakamoto/2022/02/03/moise-e-torturado-e-morto-todos-os-dias-com-a-anuencia-de-milhoes-no-brasil.htm, skipping...
[ERROR - 2026-03-03 13:56:49,116 - Worker_2] Status code == 403 for https://tab.uol.com.br/noticias/redacao/2022/02/03/2-de-fevereiro-em-salvador-povo-dribla-restricoes-para-homenagear-iemanja.htm, skipping...
[ERROR - 2026-03-03 13:56:51,555 - Worker_4] Status code == 403 for https://noticias.uol.com.br/internacional/ultimas-noticias/2022/02/03/eua-ofereciam-us-10-milhoes-por-informacoes-sobre-lider-do-estado-islamico.htm, skipping...
[ERROR - 2026-03-03 13:56:57,395 - Worker_1] Status code == 403 for https://economia.uol.com.br/noticias/redacao/2022/02/03/eduardo-saverin-facebook-acoes-queda-forbes.htm, skipping...
[ERROR - 2026-03-03 13:56:58,581 - Worker_3] Status code == 403 for https://noticias.uol.com.br/cotidiano/ultimas-noticias/2022/02/03/familia-moise-inquerito.htm, skipping...
[ERROR - 2026-03-03 13:58:09,869 - Worker_0] Status code == 403 for https://tab.uol.com.br/videos/2022/02/04/caoscast-e-tempo-de-pensar-sobre-o-novo-macho.htm, skipping...
[ERROR - 2026-03-03 13:58:13,292 - Worker_4] Status code == 403 for https://noticias.uol.com.br/colunas/reinaldo-azevedo/2022/02/04/lula-faz-alianca-em-pernambuco-bolsonaro-chama-nordestino-de-pau-de-arara.htm, skipping...
[ERROR - 2026-03-03 13:58:18,944 - Worker_2] Status code == 403 for https://noticias.uol.com.br/internacional/ultimas-noticias/2022/02/04/eua-interceptam-avioes-russia-otan.htm, skipping...
[ERROR - 2026-03-03 13:58:20,912 - Worker_0] Status code == 403 for https://noticias.uol.com.br/politica/ultimas-noticias/2022/02/04/sakamoto-weintraub-usa-depoimento-para-jogar-brinquedo-aos-seguidores.htm, skipping...
[ERROR - 2026-03-03 13:58:21,793 - Worker_3] Status code == 403 for https://noticias.uol.com.br/ultimas-noticias/reuters/2022/02/04/soldados-ucranianos-fazem-exercicio-de-guerra-urbana-em-cidade-deserta-de-chernobyl.htm, skipping...
[ERROR - 2026-03-03 13:58:31,519 - Worker_1] Status code == 403 for https://noticias.uol.com.br/colunas/coluna-entendendo-bolsonaro/2022/02/04/batalha-pelo-stf-e-o-ultimo-refugio-da-guerra-cultural-bolsonarista.htm, skipping...
[ERROR - 2026-03-03 13:58:36,682 - Worker_0] Status code == 403 for https://noticias.uol.com.br/internacional/ultimas-noticias/2022/02/04/nevasca-eua-energia-eletrica.htm, skipping...
[ERROR - 2026-03-03 13:58:39,432 - Worker_3] Status code == 403 for https://noticias.uol.com.br/saude/ultimas-noticias/redacao/2022/02/04/rede-stf-contraindicacoes-relativas-ministerio-da-saude.htm, skipping...
[ERROR - 2026-03-03 13:58:40,099 - Worker_1] Status code == 403 for https://noticias.uol.com.br/politica/ultimas-noticias/2022/02/04/pf-weintraub-lewandowski-tentou-comprar-casa.htm, skipping...
[ERROR - 2026-03-03 13:58:41,237 - Worker_2] Status code == 403 for https://noticias.uol.com.br/cotidiano/ultimas-noticias/2022/02/04/ganhei-mais-uma-filha-diz-medico-que-socorreu-menina-mordida-por-tubarao.htm, skipping...
[ERROR - 2026-03-03 13:58:45,335 - Worker_2] Status code == 403 for https://noticias.uol.com.br/politica/ultimas-noticias/2022/02/04/carmen-vota-por-proibir-governo-de-monitorar-jornalistas-nas-redes-sociais.htm, skipping...
[ERROR - 2026-03-03 13:58:57,516 - Worker_1] Status code == 403 for https://noticias.uol.com.br/politica/ultimas-noticias/2022/02/04/mp-ve-suspeita-de-sonegacao-e-pede-bloqueio-dos-bens-de-sergio-moro.htm, skipping...
[ERROR - 2026-03-03 13:59:01,874 - Worker_1] Status code == 403 for https://noticias.uol.com.br/politica/ultimas-noticias/2022/02/04/isa-penna-sobre-ameacas-sabia-o-que-significava-ser-mulher-na-politica.htm, skipping...
[ERROR - 2026-03-03 13:59:07,317 - Worker_3] Status code == 403 for https://noticias.uol.com.br/saude/ultimas-noticias/redacao/2022/02/04/desinformada-e-reciclada-dizem-medicos-sobre-nota-do-ministerio-da-saude.htm, skipping...
[ERROR - 2026-03-03 13:59:16,434 - Worker_1] Status code == 403 for https://noticias.uol.com.br/colunas/balaio-do-kotscho/2022/02/04/jornalismo-em-off-e-as-ameacas-a-democracia-quem-esta-querendo-a-guerra.htm, skipping...
[ERROR - 2026-03-03 13:59:20,739 - Worker_1] Status code == 403 for https://noticias.uol.com.br/cotidiano/ultimas-noticias/2022/02/03/familia-moise-inquerito.htm, skipping...
[ERROR - 2026-03-03 13:59:38,538 - Worker_4] Status code == 403 for https://noticias.uol.com.br/politica/ultimas-noticias/2022/02/04/bolsonaro-assina-portaria-que-oficializa-reajuste-para-professores.htm, skipping...
[ERROR - 2026-03-03 13:59:42,875 - Worker_4] Status code == 403 for https://noticias.uol.com.br/politica/ultimas-noticias/2022/02/04/mourao-visita-fabrica-de-arma-e-testa-fuzil-durante-ida-ao-rs.htm, skipping...
[ERROR - 2026-03-03 13:59:46,887 - Worker_1] Status code == 403 for https://noticias.uol.com.br/cotidiano/ultimas-noticias/2022/02/04/mulher-morre-cha-emagrecimento.htm, skipping...
[ERROR - 2026-03-03 13:59:49,888 - Worker_2] Status code == 403 for https://noticias.uol.com.br/cotidiano/ultimas-noticias/2022/02/04/militar-que-matou-vizinho-no-rj-respondera-por-homicidio-doloso.htm, skipping...
[ERROR - 2026-03-03 13:59:54,006 - Worker_2] Status code == 403 for https://noticias.uol.com.br/ultimas-noticias/bbc/2022/02/04/justica-suspende-abate-de-jumentos-no-brasil-para-exportacao-para-a-china.htm, skipping...
[ERROR - 2026-03-03 13:59:55,395 - Worker_3] Status code == 403 for https://noticias.uol.com.br/cotidiano/ultimas-noticias/2022/02/04/filha-de-olavo-diz-que-nao-continuara-processos-do-pai-contra-desafetos.htm, skipping...
[ERROR - 2026-03-03 13:59:58,830 - Worker_4] Status code == 403 for https://noticias.uol.com.br/colunas/josias-de-souza/2022/02/04/guedes-evolui-da-fritura-para-o-esquartejamento.htm, skipping...
[ERROR - 2026-03-03 14:00:04,087 - Worker_3] Status code == 403 for https://noticias.uol.com.br/ultimas-noticias/agencia-brasil/2022/02/04/covid-19omicron-responde-por-96-de-amostras-analisadas-diz-fiocruz.htm, skipping...
[ERROR - 2026-03-03 14:00:07,457 - Worker_4] Status code == 403 for https://noticias.uol.com.br/saude/ultimas-noticias/redacao/2022/02/04/covid-19-coronavirus-casos-mortes-04-de-fevereiro.htm, skipping...
[ERROR - 2026-03-03 14:00:07,495 - Worker_1] Status code == 403 for https://noticias.uol.com.br/comprova/ultimas-noticias/2022/02/04/vacinas-nao-causaram-milhares-de-mortes-protestos-sao-contra-passaporte.htm, skipping...
[ERROR - 2026-03-03 14:00:08,175 - Worker_3] Status code == 403 for https://noticias.uol.com.br/ultimas-noticias/agencia-estado/2022/02/04/cachorra-esquecida-por-companhia-aerea-no-rj-passa-mais-de-30h-longe-de-tutores.htm, skipping...
[ERROR - 2026-03-03 14:00:09,792 - Worker_2] Status code == 403 for https://noticias.uol.com.br/cotidiano/ultimas-noticias/2022/02/04/am-forca-aerea-investiga-morte-de-soldado-dentro-de-base-militar.htm, skipping...
[ERROR - 2026-03-03 14:00:16,174 - Worker_4] Status code == 403 for https://noticias.uol.com.br/colunas/balaio-do-kotscho/2022/02/05/moro-ja-deve-estar-arrependido-de-ter-entrado-na-campanha-nao-e-do-ramo.htm, skipping...
[ERROR - 2026-03-03 14:00:16,921 - Worker_3] Status code == 403 for https://noticias.uol.com.br/ultimas-noticias/agencia-estado/2022/02/05/vacina-de-crianca-contra-covid-divide-ex-casais-e-briga-chega-ate-a-justica.htm, skipping...
[ERROR - 2026-03-03 14:00:18,284 - Worker_1] Status code == 403 for https://noticias.uol.com.br/cotidiano/ultimas-noticias/2022/02/05/mulher-carro-rifa-cirurgia.htm, skipping...
[ERROR - 2026-03-03 14:00:20,488 - Worker_4] Status code == 403 for https://noticias.uol.com.br/ultimas-noticias/bbc/2022/02/05/quais-sao-os-interesses-da-china-no-conflito-entre-russia-e-ucrania.htm, skipping...
[ERROR - 2026-03-03 14:00:21,405 - Worker_0] Status code == 403 for https://tab.uol.com.br/noticias/redacao/2022/02/05/quando-moise-precisou-nao-tinha-ato-no-rio-teve-grande-efetivo-de-pms.htm, skipping...
[ERROR - 2026-03-03 14:00:24,953 - Worker_2] Status code == 403 for https://tab.uol.com.br/videos/2022/02/04/caoscast-e-tempo-de-pensar-sobre-o-novo-macho.htm, skipping...
[ERROR - 2026-03-03 14:00:25,735 - Worker_0] Status code == 403 for https://noticias.uol.com.br/cotidiano/ultimas-noticias/2022/02/05/pe-caca-a-lazaro-do-sertao-ja-dura-6-dias-e-mae-diz-sofrer-consequencias.htm, skipping...
[ERROR - 2026-03-03 14:00:33,684 - Worker_3] Status code == 403 for https://noticias.uol.com.br/saude/ultimas-noticias/redacao/2022/02/05/sem-compra-estados-e-saude-recorrem-a-resto-de-coronavac-para-criancas.htm, skipping...
[ERROR - 2026-03-03 14:00:54,735 - Worker_4] Status code == 403 for https://noticias.uol.com.br/cotidiano/ultimas-noticias/2022/02/05/serial-killer-conhecido-como-maniaco-da-corrente-e-encontrado-morto-no-es.htm, skipping...
[ERROR - 2026-03-03 14:00:58,900 - Worker_1] Status code == 403 for https://noticias.uol.com.br/saude/ultimas-noticias/redacao/2022/02/05/covid-19-coronavirus-casos-mortes-05-de-fevereiro.htm, skipping...
[ERROR - 2026-03-03 14:01:00,785 - Worker_3] Status code == 403 for https://noticias.uol.com.br/ultimas-noticias/ansa/2022/02/04/avalanche-deixa-ao-menos-5-mortos-na-austria.htm, skipping...
[ERROR - 2026-03-03 14:01:02,380 - Worker_0] Status code == 403 for https://noticias.uol.com.br/cotidiano/ultimas-noticias/2022/02/05/quem-e-empresario-que-ordenou-incendio-em-helicopteros-ibama.htm, skipping...
[ERROR - 2026-03-03 14:01:04,679 - Worker_2] Status code == 403 for https://noticias.uol.com.br/ultimas-noticias/bbc/2022/02/05/brasil-recebe-mas-nao-acolhe-violencia-preconceito-e-pobreza-fazem-com-que-congoleses-pensem-em-deixar-o-pais.htm, skipping...
[ERROR - 2026-03-03 14:01:12,380 - Worker_1] Status code == 403 for https://noticias.uol.com.br/ultimas-noticias/afp/2022/02/05/homem-e-acusado-na-tailandia-apos-descoberta-de-cameras-no-banheiro-da-embaixada-australiana.htm, skipping...
[ERROR - 2026-03-03 14:01:16,471 - Worker_1] Status code == 403 for https://noticias.uol.com.br/colunas/josias-de-souza/2022/02/05/dilma-e-vaso-chines-que-pt-nao-sabe-onde-por.htm, skipping...
[ERROR - 2026-03-03 14:01:16,733 - Worker_0] Status code == 403 for https://noticias.uol.com.br/politica/ultimas-noticias/2022/02/05/bolsonaristas-olavo-carvalho-heroi-oposicao-elza-soares.htm, skipping...
[ERROR - 2026-03-03 14:01:16,960 - Worker_3] Status code == 403 for https://noticias.uol.com.br/cotidiano/ultimas-noticias/2022/02/03/familia-moise-inquerito.htm, skipping...
[ERROR - 2026-03-03 14:01:20,853 - Worker_0] Status code == 403 for https://noticias.uol.com.br/cotidiano/ultimas-noticias/2022/02/05/380-brasileiros-deportados-dos-eua-chegaram-ao-brasil-desde-ontem.htm, skipping...
[ERROR - 2026-03-03 14:01:24,517 - Worker_2] Status code == 403 for https://noticias.uol.com.br/cotidiano/ultimas-noticias/2022/02/05/padre-publica-video-erotico-em-grupo-da-igreja-e-diz-que-foi-por-engano.htm, skipping...
[ERROR - 2026-03-03 14:01:33,780 - Worker_4] Status code == 403 for https://blogdojuca.uol.com.br/2022/02/a-democracia-corinthiana-relancada/, skipping...
[ERROR - 2026-03-03 14:01:37,760 - Worker_2] Status code == 403 for https://noticias.uol.com.br/colunas/jamil-chade/2022/02/05/cidadania-honoraria-concedida-a-bolsonaro-na-italia-vai-parar-na-justica.htm, skipping...
[ERROR - 2026-03-03 14:01:37,878 - Worker_4] Status code == 403 for https://noticias.uol.com.br/colunas/reinaldo-azevedo/2022/02/05/bloqueio-de-bens-e-furia-de-moro-ele-trata-tcu-como-bolsonaro-trata-stf.htm, skipping...
[ERROR - 2026-03-03 14:01:40,371 - Worker_1] Status code == 403 for https://noticias.uol.com.br/politica/ultimas-noticias/2022/02/05/gracial-nienov-pedido-stf-anular-atos-roberto-jefferson-eleicoes-ptb.htm, skipping...
[ERROR - 2026-03-03 14:01:41,923 - Worker_3] Status code == 403 for https://noticias.uol.com.br/ultimas-noticias/afp/2022/02/05/socorristas-entram-em-poco-para-resgatar-menino-no-marrocos.htm, skipping...
[ERROR - 2026-03-03 14:01:41,954 - Worker_4] Status code == 403 for https://noticias.uol.com.br/ultimas-noticias/bbc/2022/02/05/como-e-a-operacao-de-resgate-de-menino-preso-em-poco-ha-5-dias.htm, skipping...
[ERROR - 2026-03-03 14:01:46,042 - Worker_3] Status code == 403 for https://noticias.uol.com.br/ultimas-noticias/2022/02/05/mega-sena-veja-os-numeros-sorteados-hoje-no-concurso.htm, skipping...
[ERROR - 2026-03-03 14:01:55,163 - Worker_3] Status code == 403 for https://noticias.uol.com.br/cotidiano/ultimas-noticias/2022/02/05/video-inedito-moise-ultimos-momentos.htm, skipping...
[ERROR - 2026-03-03 14:02:07,998 - Worker_2] Status code == 403 for https://tab.uol.com.br/noticias/redacao/2022/02/05/como-sao-as-quintas-feiras-so-para-mulheres-numa-sauna-de-sp.htm, skipping...
[ERROR - 2026-03-03 14:02:26,311 - Worker_2] Status code == 403 for https://tab.uol.com.br/videos/2022/02/04/caoscast-e-tempo-de-pensar-sobre-o-novo-macho.htm, skipping...
[ERROR - 2026-03-03 14:02:45,867 - Worker_1] Status code == 403 for https://blogdojuca.uol.com.br/2022/02/paulinho-resolve-para-o-corinthians/, skipping...
[ERROR - 2026-03-03 14:02:56,034 - Worker_2] Status code == 403 for https://noticias.uol.com.br/cotidiano/ultimas-noticias/2022/02/06/previsao-do-tempo-chuva-sp.htm, skipping...
[ERROR - 2026-03-03 14:03:24,113 - Worker_4] Status code == 403 for https://noticias.uol.com.br/politica/ultimas-noticias/2022/02/06/andre-mendonca-pedido-vista-monitoramento-jornalistas-politicos-bolsonaro.htm, skipping...
[ERROR - 2026-03-03 14:03:26,330 - Worker_1] Status code == 403 for https://noticias.uol.com.br/cotidiano/ultimas-noticias/2022/02/06/homem-prepara-pedido-de-casamento-romantico-mas-acaba-gerando-incendio.htm, skipping...
[ERROR - 2026-03-03 14:03:27,926 - Worker_2] Status code == 403 for https://noticias.uol.com.br/cotidiano/ultimas-noticias/2022/02/03/familia-moise-inquerito.htm, skipping...
[ERROR - 2026-03-03 14:03:32,645 - Worker_4] Status code == 403 for https://noticias.uol.com.br/colunas/josmar-jozino/2022/02/06/justica-da-espanha-pretende-reabrir-processo-contra-o-escobar-brasileiro.htm, skipping...
[ERROR - 2026-03-03 14:03:39,925 - Worker_0] Status code == 403 for https://noticias.uol.com.br/opiniao/coluna/2022/02/05/notas-sobre-o-odio-o-racismo-e-a-historia-de-uma-ferida-aberta.htm, skipping...
[ERROR - 2026-03-03 14:03:43,594 - Worker_4] Status code == 403 for https://noticias.uol.com.br/cotidiano/ultimas-noticias/2022/02/06/congestionamento-na-barra-da-tijuca-trouxe-a-tona-a-morte-de-moise.htm, skipping...
[ERROR - 2026-03-03 14:04:01,343 - Worker_0] Status code == 403 for https://blogdojuca.uol.com.br/2022/02/qual-a-religiao-da-bola/, skipping...
[ERROR - 2026-03-03 14:04:02,448 - Worker_1] Status code == 403 for https://noticias.uol.com.br/saude/ultimas-noticias/redacao/2022/02/06/covid-19-coronavirus-casos-mortes-06-de-fevereiro.htm, skipping...
[ERROR - 2026-03-03 14:04:03,313 - Worker_2] Status code == 403 for https://tab.uol.com.br/noticias/redacao/2022/02/06/coach-de-sexo-oral-faz-sucesso-ensinando-tecnica-sem-lingua-frouxa.htm, skipping...
[ERROR - 2026-03-03 14:04:07,795 - Worker_3] Status code == 403 for https://noticias.uol.com.br/cotidiano/ultimas-noticias/2022/02/06/tocantins-investiga-mortes-dentro-de-delacia-apos-pm-ser-assassinado.htm, skipping...
[ERROR - 2026-03-03 14:04:11,750 - Worker_2] Status code == 403 for https://tab.uol.com.br/noticias/redacao/2022/02/05/como-sao-as-quintas-feiras-so-para-mulheres-numa-sauna-de-sp.htm, skipping...
[ERROR - 2026-03-03 14:04:15,081 - Worker_4] Status code == 403 for https://noticias.uol.com.br/politica/ultimas-noticias/2022/02/07/pf-escuta-publicitario-bolsonaro-post.htm, skipping...
[ERROR - 2026-03-03 14:04:19,188 - Worker_4] Status code == 403 for https://noticias.uol.com.br/cotidiano/ultimas-noticias/2022/02/07/sp-queda-de-arvore-atinge-sete-carros-e-afeta-energia-na-zona-sul.htm, skipping...
[ERROR - 2026-03-03 14:05:31,633 - Worker_1] Status code == 403 for https://tab.uol.com.br/noticias/redacao/2022/02/07/sou-muito-negra-mesmo-lia-de-itamaraca-celebra-a-vida-com-ciranda.htm, skipping...
[ERROR - 2026-03-03 14:05:50,105 - Worker_2] Status code == 403 for https://noticias.uol.com.br/ultimas-noticias/bbc/2022/02/07/verao-de-extremos-por-que-brasil-vive-picos-de-chuvas-e-calor-em-2022.htm, skipping...
[ERROR - 2026-03-03 14:05:55,486 - Worker_1] Status code == 403 for https://noticias.uol.com.br/ultimas-noticias/afp/2022/02/07/chile-quarta-dose-vacina-covid-19-55-anos.htm, skipping...
[ERROR - 2026-03-03 14:05:58,801 - Worker_2] Status code == 403 for https://noticias.uol.com.br/cotidiano/ultimas-noticias/2022/02/07/homem-casado-mata-gravida-para-nao-assumir-paternidade-em-ro-diz-policia.htm, skipping...
[ERROR - 2026-03-03 14:06:20,130 - Worker_1] Status code == 403 for https://noticias.uol.com.br/colunas/jamil-chade/2022/02/07/brasil-terceiro-pais-em-numeros-de-mortes-na-semana-diz-oms.htm, skipping...
[ERROR - 2026-03-03 14:06:22,417 - Worker_4] Status code == 403 for https://tab.uol.com.br/noticias/redacao/2022/02/05/como-sao-as-quintas-feiras-so-para-mulheres-numa-sauna-de-sp.htm, skipping...
[ERROR - 2026-03-03 14:06:24,227 - Worker_1] Status code == 403 for https://noticias.uol.com.br/cotidiano/ultimas-noticias/2022/02/07/paes-entrega-gestao-de-quiosque-onde-moise-foi-morto-a-familia-ate-2030.htm, skipping...
[ERROR - 2026-03-03 14:06:27,796 - Worker_0] Status code == 403 for https://noticias.uol.com.br/colunas/josias-de-souza/2022/02/07/bolsonaro-corre-atras-do-voto-dos-paus-de-arara.htm, skipping...
[ERROR - 2026-03-03 14:06:31,896 - Worker_0] Status code == 403 for https://noticias.uol.com.br/colunas/thais-oyama/2022/02/08/pec-do-combustivel-assinada-por-flavio-faz-de-bolsonaro-o-velho-da-lancha.htm, skipping...
[ERROR - 2026-03-03 14:06:36,661 - Worker_3] Status code == 403 for https://noticias.uol.com.br/politica/ultimas-noticias/2022/02/08/moraes-determina-que-pf-ouca-presidente-do-ptb-em-exercicio-em-cinco-dias.htm, skipping...
[ERROR - 2026-03-03 14:06:37,339 - Worker_2] Status code == 403 for https://noticias.uol.com.br/colunas/balaio-do-kotscho/2022/02/08/o-que-explica-forca-de-lula-no-nordeste-caravanas-e-identificacao-com-povo.htm, skipping...
[ERROR - 2026-03-03 14:06:41,169 - Worker_1] Status code == 403 for https://noticias.uol.com.br/politica/ultimas-noticias/2022/02/08/tse-aprova-criacao-do-uniao-brasil-partido-mais-rico-do-congresso.htm, skipping...
[ERROR - 2026-03-03 14:06:45,998 - Worker_3] Status code == 403 for https://economia.uol.com.br/noticias/redacao/2022/02/08/dinheiro-esquecido-valores-a-receber-banco-central.htm, skipping...
[ERROR - 2026-03-03 14:06:50,117 - Worker_3] Status code == 403 for https://noticias.uol.com.br/saude/ultimas-noticias/redacao/2022/02/08/covid-19-coronavirus-casos-mortes-08-de-fevereiro.htm, skipping...
[ERROR - 2026-03-03 14:06:53,019 - Worker_1] Status code == 403 for https://economia.uol.com.br/noticias/redacao/2022/02/08/servidores-banco-central-bc-paralisacao.htm, skipping...
[ERROR - 2026-03-03 14:06:54,225 - Worker_3] Status code == 403 for https://noticias.uol.com.br/ultimas-noticias/agencia-estado/2022/02/08/transposicao-vice-prefeito-de-salgueiro-pe-cobra-bolsonaro-por-falta-de-agua.htm, skipping...
[ERROR - 2026-03-03 14:06:56,934 - Worker_0] Status code == 403 for https://noticias.uol.com.br/cotidiano/ultimas-noticias/2022/02/08/justica-solta-jovem-negro-preso-enquanto-comprava-pao-alivio-diz-irma.htm, skipping...
[ERROR - 2026-03-03 14:07:01,061 - Worker_0] Status code == 403 for https://noticias.uol.com.br/colunas/leonardo-sakamoto/2022/02/08/atras-de-lula-bolsonaro-arma-bomba-eleitoral-com-gasolina-alerta-senador.htm, skipping...
[ERROR - 2026-03-03 14:07:03,490 - Worker_2] Status code == 403 for https://noticias.uol.com.br/ultimas-noticias/agencia-estado/2022/02/08/fachin-da-liberdade-condicional-a-geddel-e-autoriza-reducao-de-681-dias-da-pena.htm, skipping...
[ERROR - 2026-03-03 14:07:05,387 - Worker_0] Status code == 403 for https://noticias.uol.com.br/cotidiano/ultimas-noticias/2022/02/08/caso-moise-secretario-nao-ve-ligacao-de-milicias-na-ocupacao-dos-quiosques.htm, skipping...
[ERROR - 2026-03-03 14:07:11,383 - Worker_4] Status code == 403 for https://noticias.uol.com.br/internacional/ultimas-noticias/2022/02/08/bebe-morre-nos-bracos-da-mae-durante-perseguicao-a-barco-de-imigrantes.htm, skipping...
[ERROR - 2026-03-03 14:07:14,598 - Worker_0] Status code == 403 for https://noticias.uol.com.br/colunas/josias-de-souza/2022/02/08/moro-se-exibe-aos-cristaos-como-bolsonaro-light.htm, skipping...
[ERROR - 2026-03-03 14:07:17,994 - Worker_2] Status code == 403 for https://noticias.uol.com.br/cotidiano/ultimas-noticias/2022/02/08/carro-20-tiros-mortes.htm, skipping...
[ERROR - 2026-03-03 14:07:19,791 - Worker_3] Status code == 403 for https://noticias.uol.com.br/ultimas-noticias/agencia-estado/2022/02/08/congresso-deixa-para-votar-em-163-vetos-a-refis-orcamento-e-absorventes.htm, skipping...
[ERROR - 2026-03-03 14:07:22,183 - Worker_2] Status code == 403 for https://tab.uol.com.br/noticias/redacao/2022/02/07/sou-muito-negra-mesmo-lia-de-itamaraca-celebra-a-vida-com-ciranda.htm, skipping...
[ERROR - 2026-03-03 14:07:26,354 - Worker_2] Status code == 403 for https://economia.uol.com.br/colunas/jose-paulo-kupfer/2022/02/08/perspectivas-para-a-inflacao.htm, skipping...
[ERROR - 2026-03-03 14:07:28,301 - Worker_3] Status code == 403 for https://noticias.uol.com.br/colunas/reinaldo-azevedo/2022/02/08/desconstruindo-chororo-de-moro-por-que-mpf-se-omite-tao-escandalosamente.htm, skipping...
[ERROR - 2026-03-03 14:07:28,671 - Worker_1] Status code == 403 for https://noticias.uol.com.br/colunas/chico-alves/2022/02/08/generais-bolsonaristas-alimentam-ataques-do-presidente-a-stf-e-tse.htm, skipping...
[ERROR - 2026-03-03 14:07:37,173 - Worker_1] Status code == 403 for https://noticias.uol.com.br/ultimas-noticias/afp/2022/02/08/indignacao-no-ira-apos-decapitacao-de-uma-jovem-pelo-seu-marido.htm, skipping...
[ERROR - 2026-03-03 14:07:37,275 - Worker_2] Status code == 403 for https://noticias.uol.com.br/politica/ultimas-noticias/2022/02/08/deputado-bolsonarista-diz-ter-sofrido-tentativa-de-homicidio-no-ce.htm, skipping...
[ERROR - 2026-03-03 14:07:43,843 - Worker_3] Status code == 403 for https://noticias.uol.com.br/cotidiano/ultimas-noticias/2022/02/08/apos-tragedia-em-capitolio-geologos-vao-mapear-risco-de-areas-turisticas.htm, skipping...
[ERROR - 2026-03-03 14:07:44,855 - Worker_0] Status code == 403 for https://noticias.uol.com.br/politica/ultimas-noticias/2022/02/08/stf-libera-uso-de-provas-contra-bolsonaro-em-inquerito-de-milicias-digitais.htm, skipping...
[ERROR - 2026-03-03 14:07:48,269 - Worker_1] Status code == 403 for https://noticias.uol.com.br/cotidiano/ultimas-noticias/2022/02/08/caso-henry-jairinho-monique-interrogatorio.htm, skipping...
[ERROR - 2026-03-03 14:07:52,395 - Worker_1] Status code == 403 for https://economia.uol.com.br/colunas/carla-araujo/2022/02/08/mpf-pede-multa-por-video-do-governo-que-celebrou-golpe-e-pede-danos-morais.htm, skipping...
[ERROR - 2026-03-03 14:07:52,691 - Worker_3] Status code == 403 for https://noticias.uol.com.br/politica/ultimas-noticias/2022/02/08/pgr-pede-apuracao-de-suposta-apologia-ao-nazismo-de-kim-e-monark.htm, skipping...
[ERROR - 2026-03-03 14:07:57,026 - Worker_3] Status code == 403 for https://noticias.uol.com.br/colunas/mauricio-stycer/2022/02/08/boca-fechada-assassinato-de-jornalistas-e-mais-comum-em-cidades-pequenas.htm, skipping...
[ERROR - 2026-03-03 14:07:59,023 - Worker_0] Status code == 403 for https://tab.uol.com.br/noticias/redacao/2022/02/08/estrada-sobrenatural-caminhoneiro-conta-historias-macabras-em-podcast.htm, skipping...
[ERROR - 2026-03-03 14:08:03,096 - Worker_4] Status code == 403 for https://noticias.uol.com.br/cotidiano/ultimas-noticias/2022/02/08/ms-sargento-da-forca-aerea-e-preso-apos-matar-esposa.htm, skipping...
[ERROR - 2026-03-03 14:08:05,600 - Worker_1] Status code == 403 for https://noticias.uol.com.br/cotidiano/ultimas-noticias/2022/02/08/caso-moise-dono-diz-que-nao-saira-de-quiosque-apos-paes-ceder-a-familia.htm, skipping...
[ERROR - 2026-03-03 14:08:14,440 - Worker_2] Status code == 403 for https://noticias.uol.com.br/cotidiano/ultimas-noticias/2022/02/08/cratera-mooca-sp.htm, skipping...
[ERROR - 2026-03-03 14:08:18,758 - Worker_2] Status code == 403 for https://noticias.uol.com.br/politica/ultimas-noticias/2022/02/09/alexa-atrapalha-lewandowski-durante-sessao-do-stf-seu-nome-e-mary-kay.htm, skipping...
[ERROR - 2026-03-03 14:08:19,784 - Worker_4] Status code == 403 for https://noticias.uol.com.br/cotidiano/ultimas-noticias/2022/02/09/caso-henry-sou-ameacada-de-morte-todos-os-dias-no-presidio-diz-monique.htm, skipping...
[ERROR - 2026-03-03 14:08:19,891 - Worker_3] Status code == 403 for https://noticias.uol.com.br/politica/ultimas-noticias/2022/02/09/jaques-wagner-diz-que-pt-nao-e-partido-de-santos-e-defende-transparencia.htm, skipping...
[ERROR - 2026-03-03 14:08:21,498 - Worker_1] Status code == 403 for https://noticias.uol.com.br/cotidiano/ultimas-noticias/2022/02/08/proprietario-de-marina-e-suspeito-de-matar-a-tiros-irmaos-no-litoral-de-sp.htm, skipping...
[ERROR - 2026-03-03 14:08:23,066 - Worker_2] Status code == 403 for https://noticias.uol.com.br/saude/ultimas-noticias/redacao/2022/02/09/vacina-quarta-dose-covid-paises.htm, skipping...
[ERROR - 2026-03-03 14:08:24,091 - Worker_4] Status code == 403 for https://noticias.uol.com.br/ultimas-noticias/agencia-estado/2022/02/09/queiroga-critica-doria-e-diz-que-prioridade-e-3-aplicacao-da-vacina.htm, skipping...
[ERROR - 2026-03-03 14:08:27,767 - Worker_3] Status code == 403 for https://tab.uol.com.br/noticias/redacao/2022/02/09/ameacadas-de-extincao-araras-estao-morrendo-eletrocutadas-no-sertao-baiano.htm, skipping...
[ERROR - 2026-03-03 14:08:31,918 - Worker_3] Status code == 403 for https://noticias.uol.com.br/ultimas-noticias/2022/02/09/mega-sena-sorteia-premio-de-r-3-milhoes-veja-os-numeros-revelados.htm, skipping...
[ERROR - 2026-03-03 14:08:34,792 - Worker_1] Status code == 403 for https://tab.uol.com.br/colunas/matheus-pichonelli/2022/02/09/tiros-no-futuro-no-rio-volta-as-aulas-e-a-volta-a-um-campo-de-guerra.htm, skipping...
[ERROR - 2026-03-03 14:08:38,185 - Worker_4] Status code == 403 for https://noticias.uol.com.br/colunas/marco-antonio-villa/2022/02/09/agir-contra-o-nazifascismo-bolsonarista-antes-que-seja-tarde.htm, skipping...
[ERROR - 2026-03-03 14:08:42,535 - Worker_4] Status code == 403 for https://noticias.uol.com.br/politica/ultimas-noticias/2022/02/09/barroso-vota-para-permitir-criacao-de-federacoes-partidarias-ate-31-de-maio.htm, skipping...
[ERROR - 2026-03-03 14:08:51,501 - Worker_4] Status code == 403 for https://noticias.uol.com.br/politica/ultimas-noticias/2022/02/09/federacoes-partidarias-o-que-sao-brasil.htm, skipping...
[ERROR - 2026-03-03 14:08:53,216 - Worker_3] Status code == 403 for https://noticias.uol.com.br/colunas/josias-de-souza/2022/02/09/psdb-esta-na-bica-de-virar-uma-legenda-nanica.htm, skipping...
[ERROR - 2026-03-03 14:08:55,784 - Worker_0] Status code == 403 for https://noticias.uol.com.br/colunas/leonardo-sakamoto/2022/02/09/reprovacao-de-bolsonaro-no-nordeste-vai-de-56-a-61-em-um-mes-diz-quaest.htm, skipping...
[ERROR - 2026-03-03 14:09:04,594 - Worker_2] Status code == 403 for https://noticias.uol.com.br/internacional/ultimas-noticias/2022/02/09/crocodilo-que-vivia-com-pneu-preso-ao-pescoco-e-libertado-apos-seis-anos.htm, skipping...
[ERROR - 2026-03-03 14:09:08,905 - Worker_2] Status code == 403 for https://noticias.uol.com.br/saude/ultimas-noticias/redacao/2022/02/09/covid-19-coronavirus-casos-mortes-09-de-fevereiro.htm, skipping...
[ERROR - 2026-03-03 14:09:15,926 - Worker_0] Status code == 403 for https://noticias.uol.com.br/colunas/jamil-chade/2022/02/09/governo-e-denunciado-no-stf-por-usar-disque-100-para-perseguicao-politica.htm, skipping...
[ERROR - 2026-03-03 14:09:25,643 - Worker_4] Status code == 403 for https://noticias.uol.com.br/colunas/leonardo-sakamoto/2022/02/09/bolsonaro-xinga-e-elogia-nordestinos-em-estrategia-que-dispensa-coerencia.htm, skipping...
[ERROR - 2026-03-03 14:09:27,343 - Worker_3] Status code == 403 for https://noticias.uol.com.br/politica/ultimas-noticias/2022/02/09/governo-elenca-priorizar-mudancas-em-agrotoxicos-e-terra-indigena-na-camara.htm, skipping...
[ERROR - 2026-03-03 14:09:28,955 - Worker_2] Status code == 403 for https://noticias.uol.com.br/confere/ultimas-noticias/2022/02/09/e-falso-tweet-de-lula-sobre-cortar-beneficios-de-igrejas.htm, skipping...
[ERROR - 2026-03-03 14:09:33,160 - Worker_2] Status code == 403 for https://tab.uol.com.br/noticias/redacao/2022/02/09/sem-trono-castelo-ou-poder-rei-de-portugal-vive-como-se-fosse-monarca.htm, skipping...
[ERROR - 2026-03-03 14:09:34,685 - Worker_0] Status code == 403 for https://noticias.uol.com.br/saude/ultimas-noticias/redacao/2022/02/09/internacoes-covid-caem-sp-dias-apos-alta.htm, skipping...
[ERROR - 2026-03-03 14:09:38,865 - Worker_0] Status code == 403 for http://noticias.uol.com.br/politica/ultimas-noticias/2022/02/09/no-ne-bolsonaro-usa-termo-cabeca-chata-para-se-referir-ao-sogro-cearense.htm, skipping...
[ERROR - 2026-03-03 14:09:42,116 - Worker_2] Status code == 403 for https://noticias.uol.com.br/cotidiano/ultimas-noticias/2022/02/09/caso-henry-jairinho-se-cala-na-justica-mas-diz-que-vai-provar-inocencia.htm, skipping...
[ERROR - 2026-03-03 14:09:46,445 - Worker_2] Status code == 403 for https://noticias.uol.com.br/colunas/balaio-do-kotscho/2022/02/09/com-bolsonaro-nazismo-e-racismo-ganham-campo-fertil-para-pratica-de-crimes.htm, skipping...
[ERROR - 2026-03-03 14:10:02,799 - Worker_4] Failed to connect with https://noticias.uol.com.br/ultimas-noticias/bbc/2022/02/09/semana-do-inferno-prova-de-resistencia-de-forca-especial-nos-eua.htm after 3 attempts, skipping...
[ERROR - 2026-03-03 14:10:06,144 - Worker_3] Failed to connect with https://noticias.uol.com.br/colunas/rogerio-gentile/2022/02/09/musa-dos-nos-anos-80-e-acusada-de-desviar-recursos-do-marido-idoso.htm after 3 attempts, skipping...
[ERROR - 2026-03-03 14:10:21,170 - Worker_0] Status code == 403 for https://noticias.uol.com.br/cotidiano/ultimas-noticias/2022/02/09/mulher-leva-mata-leao-de-pm-apos-briga-na-bahia.htm, skipping...
[ERROR - 2026-03-03 14:10:21,285 - Worker_2] Status code == 403 for https://noticias.uol.com.br/cotidiano/ultimas-noticias/2022/02/08/rapaz-denuncia-agressao-em-terminal-de-onibus-de-sp-hoje-voce-morre.htm, skipping...
[ERROR - 2026-03-03 14:10:24,711 - Worker_1] Status code == 403 for https://noticias.uol.com.br/colunas/mauricio-stycer/2022/02/08/como-cobrir-ato-eleitoral-de-bolsonaro-globo-record-sbt-e-band-divergem.htm, skipping...
[ERROR - 2026-03-03 14:10:24,962 - Worker_3] Status code == 403 for https://noticias.uol.com.br/cotidiano/ultimas-noticias/2022/02/09/venezuelano-morto-aluguel.htm, skipping...
[ERROR - 2026-03-03 14:10:25,513 - Worker_0] Status code == 403 for https://noticias.uol.com.br/politica/ultimas-noticias/2022/02/09/camara-aprova-urgencia-de-texto-que-muda-serie-de-regras-sobre-agrotoxicos.htm, skipping...
[ERROR - 2026-03-03 14:10:25,642 - Worker_2] Status code == 403 for https://noticias.uol.com.br/politica/ultimas-noticias/2022/02/09/tre-rs-retoma-acao-contra-luciano-hang-por-abuso-de-poder-economico.htm, skipping...
[ERROR - 2026-03-03 14:10:33,678 - Worker_0] Status code == 403 for https://noticias.uol.com.br/cotidiano/ultimas-noticias/2022/02/09/consolidado-caso-henry-depoimento-monique-medeiros.htm, skipping...
[ERROR - 2026-03-03 14:10:35,708 - Worker_1] Status code == 403 for https://noticias.uol.com.br/ultimas-noticias/afp/2022/02/10/franca-anuncia-renascimento-da-energia-nuclear-com-14-novos-reatores.htm, skipping...
[ERROR - 2026-03-03 14:10:38,016 - Worker_3] Status code == 403 for https://noticias.uol.com.br/colunas/reinaldo-azevedo/2022/02/10/bolsonaro-tenta-posar-de-antinazista-e-produz-mais-obscurantismo-claro.htm, skipping...
[ERROR - 2026-03-03 14:10:45,651 - Worker_0] Status code == 403 for https://noticias.uol.com.br/cotidiano/ultimas-noticias/2022/02/10/fotografo-registra-momento-raro-de-sucuri-acasalando-com-varios-machos.htm, skipping...
[ERROR - 2026-03-03 14:11:19,896 - Worker_4] Status code == 403 for https://tab.uol.com.br/colunas/trombadas/2022/02/10/a-tempestade-infinita-de-marta.htm, skipping...
[ERROR - 2026-03-03 14:11:50,526 - Worker_4] Status code == 403 for https://tab.uol.com.br/noticias/redacao/2022/02/09/sem-trono-castelo-ou-poder-rei-de-portugal-vive-como-se-fosse-monarca.htm, skipping...
[ERROR - 2026-03-03 14:11:52,595 - Worker_0] Status code == 403 for https://tab.uol.com.br/noticias/redacao/2022/02/10/esqueca-os-coaches-machos-o-curso-aqui-e-de-vulnerabilidade-masculina.htm, skipping...
[ERROR - 2026-03-03 14:11:54,772 - Worker_4] Status code == 403 for https://noticias.uol.com.br/saude/ultimas-noticias/redacao/2022/02/10/covid-19-coronavirus-casos-mortes-10-de-fevereiro.htm, skipping...
[ERROR - 2026-03-03 14:11:58,992 - Worker_4] Status code == 403 for https://noticias.uol.com.br/colunas/walter-maierovitch/2022/02/10/monark-e-kataguiri-sao-viuvas-de-hitler-e-novas-galinhas-do-integralismo.htm, skipping...
[ERROR - 2026-03-03 14:12:02,411 - Worker_2] Status code == 403 for https://noticias.uol.com.br/politica/ultimas-noticias/2022/02/10/na-cadeia-geddel-fez-curso-de-auxiliar-de-cozinha-para-reduzir-pena.htm, skipping...
[ERROR - 2026-03-03 14:12:08,268 - Worker_4] Status code == 403 for https://noticias.uol.com.br/colunas/chico-alves/2022/02/10/mbl-e-kataguiri-sao-novas-encrencas-na-confusa-pre-campanha-de-moro.htm, skipping...
[ERROR - 2026-03-03 14:12:11,387 - Worker_0] Status code == 403 for https://noticias.uol.com.br/politica/ultimas-noticias/2022/02/10/roberto-freire-uol-entrevista.htm, skipping...
[ERROR - 2026-03-03 14:12:12,875 - Worker_1] Status code == 403 for https://noticias.uol.com.br/cotidiano/ultimas-noticias/2022/02/10/justica-da-48-horas-para-flow-retirar-falas-nazistas-de-redes-sociais.htm, skipping...
[ERROR - 2026-03-03 14:12:16,919 - Worker_4] Status code == 403 for https://noticias.uol.com.br/ultimas-noticias/agencia-estado/2022/02/10/congresso-aprova-mp-que-obriga-planos-a-cobrirem-medicamentos-orais-contra-cancer.htm, skipping...
[ERROR - 2026-03-03 14:12:22,397 - Worker_0] Status code == 403 for https://noticias.uol.com.br/colunas/josias-de-souza/2022/02/10/federacoes-partidarias-o-que-voce-deve-saber-para-nao-fazer-papel-de-bobo.htm, skipping...
[ERROR - 2026-03-03 14:12:25,542 - Worker_4] Status code == 403 for https://noticias.uol.com.br/colunas/coluna-entendendo-bolsonaro/2022/02/10/referencias-explicitas-ao-nazismo-prenunciam-ataque-as-eleicoes.htm, skipping...
[ERROR - 2026-03-03 14:12:31,560 - Worker_0] Status code == 403 for https://noticias.uol.com.br/politica/ultimas-noticias/2022/02/10/jurista-avaliacao-comparacao-bolsonaro-nazismo-comunismo.htm, skipping...
[ERROR - 2026-03-03 14:13:06,262 - Worker_1] Status code == 403 for https://tab.uol.com.br/colunas/daniela-pinheiro/2022/02/11/estou-livre-solto-os-movimentos-de-joaquim-barbosa-para-as-eleicoes.htm, skipping...
[ERROR - 2026-03-03 14:13:19,972 - Worker_3] Status code == 403 for https://tab.uol.com.br/colunas/trombadas/2022/02/10/a-tempestade-infinita-de-marta.htm, skipping...
[ERROR - 2026-03-03 14:13:32,659 - Worker_1] Status code == 403 for https://tab.uol.com.br/noticias/redacao/2022/02/11/orfao-na-pandemia-menino-autista-de-9-anos-ganha-familia-em-pernambuco.htm, skipping...
[ERROR - 2026-03-03 14:13:36,919 - Worker_1] Status code == 403 for https://noticias.uol.com.br/cotidiano/ultimas-noticias/2022/02/11/acao-policial-mortos-vila-cruzeiro.htm, skipping...
[ERROR - 2026-03-03 14:13:39,545 - Worker_4] Status code == 403 for https://noticias.uol.com.br/cotidiano/ultimas-noticias/2022/02/11/familia-congoles-moise-quiosque-rio-barra.htm, skipping...
[ERROR - 2026-03-03 14:13:40,369 - Worker_0] Status code == 403 for https://noticias.uol.com.br/colunas/balaio-do-kotscho/2022/02/11/pesquisa-apos-pesquisa-nada-muda-por-que-campanha-de-2022-esta-congelada.htm, skipping...
[ERROR - 2026-03-03 14:13:44,606 - Worker_0] Status code == 403 for https://noticias.uol.com.br/ultimas-noticias/afp/2022/02/11/talibas-acusam-eua-de-decadencia-moral-apos-confisco-de-bens.htm, skipping...
[ERROR - 2026-03-03 14:13:45,555 - Worker_2] Status code == 403 for https://noticias.uol.com.br/cotidiano/ultimas-noticias/2022/02/11/homem-apontado-como-falso-medico-e-solto-defesa-vai-ao-mp-contra-policia.htm, skipping...
[ERROR - 2026-03-03 14:13:45,973 - Worker_1] Status code == 403 for https://noticias.uol.com.br/ultimas-noticias/reuters/2022/02/11/putin-e-biden-conversarao-no-sabado-diz-agencia-ria-citando-kremlin.htm, skipping...
[ERROR - 2026-03-03 14:13:46,717 - Worker_3] Status code == 403 for https://noticias.uol.com.br/cotidiano/ultimas-noticias/2022/02/11/carnaval-feriado-ponto-facultativo.htm, skipping...
[ERROR - 2026-03-03 14:13:48,820 - Worker_0] Status code == 403 for https://noticias.uol.com.br/colunas/walter-maierovitch/2022/02/11/o-supremo-comeca-a-ser-testado-pela-policia-do-rio.htm, skipping...
[ERROR - 2026-03-03 14:13:50,190 - Worker_1] Status code == 403 for https://noticias.uol.com.br/cotidiano/ultimas-noticias/2022/02/11/encontrado-corpo-de-pai-que-jogou-filha-em-rio-de-minas-gerais.htm, skipping...
[ERROR - 2026-03-03 14:13:50,932 - Worker_3] Status code == 403 for https://noticias.uol.com.br/colunas/reinaldo-azevedo/2022/02/11/heleno-levou-sara-winter-ao-palacio-e-agiu-como-coach-de-fascistoide.htm, skipping...
[ERROR - 2026-03-03 14:13:55,334 - Worker_1] Status code == 403 for https://noticias.uol.com.br/ultimas-noticias/reuters/2022/02/11/russia-agora-tem-forcas-suficientes-para-invasao-da-ucrania-diz-casa-branca.htm, skipping...
[ERROR - 2026-03-03 14:14:00,670 - Worker_2] Status code == 403 for https://noticias.uol.com.br/colunas/carolina-brigido/2022/02/11/as-vesperas-da-eleicao-nazismo-vira-assunto-no-congresso-stf-e-planalto.htm, skipping...
[ERROR - 2026-03-03 14:14:10,759 - Worker_1] Status code == 403 for https://noticias.uol.com.br/saude/ultimas-noticias/redacao/2022/02/11/covid-19-coronavirus-casos-mortes-11-de-fevereiro.htm, skipping...
[ERROR - 2026-03-03 14:14:11,781 - Worker_2] Status code == 403 for https://noticias.uol.com.br/colunas/maria-carolina-trevisan/2022/02/11/ao-estimular-uso-de-armas-bolsonarismo-expoe-populacao-a-violencia-letal.htm, skipping...
[ERROR - 2026-03-03 14:14:26,937 - Worker_3] Status code == 403 for https://noticias.uol.com.br/cotidiano/ultimas-noticias/2022/02/11/homem-acerta-capacete-em-assaltante-e-recupera-moto-de-colega-em-pernambuco.htm, skipping...
[ERROR - 2026-03-03 14:14:32,523 - Worker_1] Status code == 403 for https://noticias.uol.com.br/cotidiano/ultimas-noticias/2022/02/10/empresario-confessa-ter-matado-irmaos-everton-e-maycon-em-marina-de-sp.htm, skipping...
[ERROR - 2026-03-03 14:14:36,870 - Worker_1] Status code == 403 for https://tab.uol.com.br/noticias/redacao/2022/02/11/brasil-e-2-no-mundo-em-hanseniase-doenca-milenar-carregada-de-preconceito.htm, skipping...
[ERROR - 2026-03-03 14:14:38,951 - Worker_4] Status code == 403 for https://noticias.uol.com.br/colunas/leonardo-sakamoto/2022/02/11/com-nova-chacina-no-rio-policia-manda-recado-ao-stf-aqui-voce-nao-manda.htm, skipping...
[ERROR - 2026-03-03 14:14:46,630 - Worker_3] Status code == 403 for https://noticias.uol.com.br/cotidiano/ultimas-noticias/2022/02/11/ex-vereador-suspeito-de-matar-esposa-gravida-de-8-meses-e-preso-na-bahia.htm, skipping...
[ERROR - 2026-03-03 14:14:48,026 - Worker_4] Status code == 403 for https://noticias.uol.com.br/internacional/ultimas-noticias/2022/02/11/brasileira-adolescente-agredida-portugal.htm, skipping...
[ERROR - 2026-03-03 14:14:48,456 - Worker_1] Status code == 403 for https://noticias.uol.com.br/colunas/josias-de-souza/2022/02/11/maluquices-repetidas-em-live-fazem-de-bolsonaro-candidato-a-camisa-de-forca.htm, skipping...
[ERROR - 2026-03-03 14:14:52,250 - Worker_4] Status code == 403 for https://noticias.uol.com.br/cotidiano/ultimas-noticias/2022/02/12/rio-ex-militar-do-exercito-que-trabalhava-como-armeiro-do-trafico-e-preso.htm, skipping...
[ERROR - 2026-03-03 14:14:55,511 - Worker_3] Status code == 403 for https://noticias.uol.com.br/saude/ultimas-noticias/redacao/2022/02/12/doria-restricoes-sao-paulo.htm, skipping...
[ERROR - 2026-03-03 14:14:58,969 - Worker_0] Status code == 403 for https://noticias.uol.com.br/politica/ultimas-noticias/2022/02/12/stf-endurece-criterios-para-decretacao-de-prisao-temporaria.htm, skipping...
[ERROR - 2026-03-03 14:15:00,046 - Worker_2] Status code == 403 for https://noticias.uol.com.br/ultimas-noticias/bbc/2022/02/12/5-formas-de-evitar-guerra-entre-russia-e-ucrania.htm, skipping...
[ERROR - 2026-03-03 14:15:05,578 - Worker_4] Status code == 403 for https://noticias.uol.com.br/ultimas-noticias/afp/2022/02/12/caravanas-contra-restricoes-anticovid-se-espalham-pelo-mundo.htm, skipping...
[ERROR - 2026-03-03 14:15:06,237 - Worker_1] Status code == 403 for https://noticias.uol.com.br/saude/ultimas-noticias/redacao/2022/02/12/covid-19-coronavirus-casos-mortes-12-de-fevereiro.htm, skipping...
[ERROR - 2026-03-03 14:15:06,973 - Worker_3] Status code == 403 for https://tab.uol.com.br/colunas/daniela-pinheiro/2022/02/11/estou-livre-solto-os-movimentos-de-joaquim-barbosa-para-as-eleicoes.htm, skipping...
[ERROR - 2026-03-03 14:15:20,054 - Worker_3] Status code == 403 for https://tab.uol.com.br/colunas/matheus-pichonelli/2022/02/12/como-nao-surtar-em-um-mundo-pandemico-a-beira-de-outro-conflito-mundial.htm, skipping...
[ERROR - 2026-03-03 14:15:24,215 - Worker_3] Status code == 403 for https://noticias.uol.com.br/cotidiano/ultimas-noticias/2022/02/12/prefeitura-do-rio-familia-de-moise-quiosque-local-chegada-de-escravos.htm, skipping...
[ERROR - 2026-03-03 14:15:32,944 - Worker_0] Status code == 403 for https://noticias.uol.com.br/colunas/josias-de-souza/2022/02/12/para-aliados-sindrome-de-trump-emperra-campanha-a-reeleicao-de-bolsonaro.htm, skipping...
[ERROR - 2026-03-03 14:15:33,035 - Worker_3] Status code == 403 for https://tab.uol.com.br/noticias/redacao/2022/02/12/a-gente-e-homem-e-tem-utero-o-time-de-futsal-formado-so-com-trans.htm, skipping...
[ERROR - 2026-03-03 14:15:37,053 - Worker_0] Status code == 403 for https://noticias.uol.com.br/ultimas-noticias/2022/02/12/mega-sena-12-fevereiro.htm, skipping...
[ERROR - 2026-03-03 14:15:37,123 - Worker_3] Status code == 403 for https://tab.uol.com.br/noticias/redacao/2022/02/11/orfao-na-pandemia-menino-autista-de-9-anos-ganha-familia-em-pernambuco.htm, skipping...
[ERROR - 2026-03-03 14:15:56,923 - Worker_1] Status code == 403 for https://noticias.uol.com.br/meio-ambiente/ultimas-noticias/redacao/2022/02/12/volume-do-cantareira-passa-de-40-pela-primeira-vez-apos-6-meses.htm, skipping...
[ERROR - 2026-03-03 14:15:59,155 - Worker_3] Status code == 403 for https://tab.uol.com.br/noticias/redacao/2022/02/12/moradores-de-condominio-tentaram-ajudar-vitimas-em-chacina-de-curitiba.htm, skipping...
[ERROR - 2026-03-03 14:16:03,325 - Worker_3] Status code == 403 for https://noticias.uol.com.br/colunas/walter-maierovitch/2022/02/11/o-supremo-comeca-a-ser-testado-pela-policia-do-rio.htm, skipping...
[ERROR - 2026-03-03 14:16:03,749 - Worker_0] Status code == 403 for https://noticias.uol.com.br/cotidiano/ultimas-noticias/2022/02/12/cobras-em-momentos-bizarros.htm, skipping...
[ERROR - 2026-03-03 14:16:12,296 - Worker_0] Status code == 403 for https://noticias.uol.com.br/colunas/chico-alves/2022/02/11/bolsonaro-agora-envolve-exercito-em-seu-ataque-as-urnas-eletronicas.htm, skipping...
[ERROR - 2026-03-03 14:16:18,959 - Worker_2] Status code == 403 for https://noticias.uol.com.br/ultimas-noticias/agencia-estado/2022/02/12/sergio-camargo-chama-moise-de-vagabundo-e-e-alvo-de-nova-acao-para-deixar-o-cargo.htm, skipping...
[ERROR - 2026-03-03 14:16:19,182 - Worker_4] Status code == 403 for https://noticias.uol.com.br/politica/ultimas-noticias/2022/02/12/mendonca-bolsonaro-hang-acao-stf.htm, skipping...
[ERROR - 2026-03-03 14:16:56,350 - Worker_0] Status code == 403 for https://tab.uol.com.br/noticias/redacao/2022/02/11/brasil-e-2-no-mundo-em-hanseniase-doenca-milenar-carregada-de-preconceito.htm, skipping...
[ERROR - 2026-03-03 14:17:22,666 - Worker_3] Status code == 403 for https://tab.uol.com.br/colunas/daniela-pinheiro/2022/02/11/estou-livre-solto-os-movimentos-de-joaquim-barbosa-para-as-eleicoes.htm, skipping...
[ERROR - 2026-03-03 14:17:26,573 - Worker_2] Status code == 403 for https://noticias.uol.com.br/colunas/thais-oyama/2022/02/14/por-que-bolsonaro-teimou-em-visitar-putin-em-meio-a-crise-com-a-ucrania.htm, skipping...
[ERROR - 2026-03-03 14:17:30,890 - Worker_0] Status code == 403 for https://noticias.uol.com.br/colunas/reinaldo-azevedo/2022/02/14/telegram-tem-de-ser-banido-por-que-mentiras-seguem-nas-redes-dao-lucro.htm, skipping...
[ERROR - 2026-03-03 14:17:35,194 - Worker_0] Status code == 403 for https://noticias.uol.com.br/politica/ultimas-noticias/2022/02/14/sem-telegram-tse-assinara-acordo-com-plataformas-digitais-para-eleicoes.htm, skipping...
[ERROR - 2026-03-03 14:17:39,490 - Worker_0] Status code == 403 for https://noticias.uol.com.br/cotidiano/ultimas-noticias/2022/02/14/justica-de-mg-torna-reu-ex-padre-acusado-de-violencia-sexual-contra-monges.htm, skipping...
[ERROR - 2026-03-03 14:17:51,301 - Worker_3] Status code == 403 for https://noticias.uol.com.br/politica/ultimas-noticias/2022/02/14/stf-manda-pgr-opinar-sobre-atuacao-de-bolsonaro-em-fake-news-sobre-eleicoes.htm, skipping...
[ERROR - 2026-03-03 14:17:51,697 - Worker_1] Status code == 403 for https://tab.uol.com.br/noticias/redacao/2022/02/13/milton-cunha-da-infancia-de-abusos-as-fantasias-exuberantes-de-carnaval.htm, skipping...
[ERROR - 2026-03-03 14:18:03,434 - Worker_1] Status code == 403 for https://noticias.uol.com.br/politica/ultimas-noticias/2022/02/14/stf-arquiva-investigacao-sobre-repasses-a-renan-e-barbalho-por-belo-monte.htm, skipping...
[ERROR - 2026-03-03 14:18:07,642 - Worker_4] Status code == 403 for https://noticias.uol.com.br/politica/ultimas-noticias/2022/02/14/botelho-viagem-de-bolsonaro-a-russia-e-campanha-eleitoral-muito-cara.htm, skipping...
[ERROR - 2026-03-03 14:18:15,195 - Worker_0] Status code == 403 for https://blogdojuca.uol.com.br/2022/02/a-surpreendente-triste-e-repugnante-historia-do-idolo-gylmar-dos-santos-neves/, skipping...
[ERROR - 2026-03-03 14:18:23,753 - Worker_0] Status code == 403 for https://noticias.uol.com.br/cotidiano/ultimas-noticias/2022/02/14/menino-8-anos-morre-parque.htm, skipping...
[ERROR - 2026-03-03 14:18:24,286 - Worker_3] Status code == 403 for http://noticias.uol.com.br/saude/ultimas-noticias/redacao/2022/02/14/covid-19-coronavirus-casos-mortes-14-de-fevereiro.htm, skipping...
[ERROR - 2026-03-03 14:18:32,271 - Worker_0] Status code == 403 for https://noticias.uol.com.br/colunas/coluna-entendendo-bolsonaro/2022/02/13/na-russia-bolsonaro-sera-um-peao-nas-maos-dos-lideres-globais.htm, skipping...
[ERROR - 2026-03-03 14:18:37,349 - Worker_1] Status code == 403 for https://noticias.uol.com.br/politica/ultimas-noticias/2022/02/14/stf-disque-100-nao-e-para-ser-usado-em-queixas-sobre-comprovante-da-vacina.htm, skipping...
[ERROR - 2026-03-03 14:18:37,795 - Worker_2] Status code == 403 for https://noticias.uol.com.br/colunas/chico-alves/2022/02/14/no-brasil-barbaro-criancas-sao-mortas-a-tiros-e-o-pais-nao-se-comove.htm, skipping...
[ERROR - 2026-03-03 14:18:46,507 - Worker_1] Status code == 403 for https://noticias.uol.com.br/cotidiano/ultimas-noticias/2022/02/14/mp-vai-investigar-compra-de-bolas-de-basquete-por-r-438-pelo-governo-do-rj.htm, skipping...
[ERROR - 2026-03-03 14:18:47,044 - Worker_4] Status code == 403 for https://noticias.uol.com.br/cotidiano/ultimas-noticias/2022/02/14/placa-com-a-suastica-nazista-revolta-moradores-de-condominio-no-rn.htm, skipping...
[ERROR - 2026-03-03 14:18:51,348 - Worker_4] Status code == 403 for https://noticias.uol.com.br/colunas/coluna-entendendo-bolsonaro/2022/02/14/bolsonaro-viaja-a-russia-para-ser-idiota-util-de-putin.htm, skipping...
[ERROR - 2026-03-03 14:18:51,622 - Worker_0] Status code == 403 for https://noticias.uol.com.br/ultimas-noticias/bbc/2022/02/14/a-reacao-do-canada-que-pos-fim-a-protesto-contra-passaportes-de-vacinas.htm, skipping...
[ERROR - 2026-03-03 14:18:51,729 - Worker_2] Status code == 403 for https://noticias.uol.com.br/internacional/ultimas-noticias/2022/02/14/situacao-e-de-plena-normalidade-diz-embaixador-do-brasil-na-ucrania.htm, skipping...
[ERROR - 2026-03-03 14:19:00,929 - Worker_2] Status code == 403 for https://tab.uol.com.br/colunas/lidia-zuin/2022/02/13/cem-anos-apos-a-semana-de-22-nfts-miram-o-futuro-do-mercado-de-arte.htm, skipping...
[ERROR - 2026-03-03 14:19:07,357 - Worker_0] Status code == 403 for https://noticias.uol.com.br/cotidiano/ultimas-noticias/2022/02/10/empresario-confessa-ter-matado-irmaos-everton-e-maycon-em-marina-de-sp.htm, skipping...
[ERROR - 2026-03-03 14:19:19,510 - Worker_2] Status code == 403 for https://noticias.uol.com.br/cotidiano/ultimas-noticias/2022/02/14/crianca-morta-em-parque-aquatico-bateu-em-dois-locais-antes-de-cair-no-chao.htm, skipping...
[ERROR - 2026-03-03 14:19:22,518 - Worker_4] Status code == 403 for https://noticias.uol.com.br/colunas/josias-de-souza/2022/02/14/fixacao-pelo-efeito-facada-expoe-falta-de-rumo-da-campanha-de-bolsonaro.htm, skipping...
[ERROR - 2026-03-03 14:19:23,812 - Worker_2] Status code == 403 for https://noticias.uol.com.br/cotidiano/ultimas-noticias/2022/02/14/mulher-morre-em-voo-de-sao-paulo-para-paris.htm, skipping...
[ERROR - 2026-03-03 14:19:31,486 - Worker_4] Status code == 403 for https://noticias.uol.com.br/cotidiano/ultimas-noticias/2022/02/15/rapper-saida-vereador-gabriel-monteiro-show-rio-de-janeiro.htm, skipping...
[ERROR - 2026-03-03 14:19:32,628 - Worker_2] Status code == 403 for https://noticias.uol.com.br/ultimas-noticias/rfi/2022/02/15/esforcos-diplomaticos-estao-longe-de-se-esgotarem-diz-chanceler-alemao-em-encontro-com-putin.htm, skipping...
[ERROR - 2026-03-03 14:19:35,691 - Worker_4] Status code == 403 for https://noticias.uol.com.br/colunas/leonardo-sakamoto/2022/02/15/bolsonaro-vai-xingar-putin-por-regras-anticovid-como-faz-com-governadores.htm, skipping...
[ERROR - 2026-03-03 14:19:35,978 - Worker_3] Status code == 403 for https://noticias.uol.com.br/colunas/chico-alves/2022/02/15/policia-do-rj-fica-ainda-mais-racista-e-aprofunda-barbarie.htm, skipping...
[ERROR - 2026-03-03 14:19:40,067 - Worker_3] Status code == 403 for https://noticias.uol.com.br/politica/ultimas-noticias/2022/02/15/moraes-autoriza-uso-de-tornozeleira-e-revoga-prisao-domiciliar-de-ze-trovao.htm, skipping...
[ERROR - 2026-03-03 14:19:40,255 - Worker_1] Status code == 403 for https://noticias.uol.com.br/cotidiano/ultimas-noticias/2022/02/15/jovem-pula-de-veiculo-em-movimento-para-fugir-de-estupro-em-alagoas.htm, skipping...
[ERROR - 2026-03-03 14:19:58,795 - Worker_3] Status code == 403 for https://noticias.uol.com.br/politica/ultimas-noticias/2022/02/15/comandante-comemora-condenacao-de-militar-que-traficou-drogas-em-aviao.htm, skipping...
[ERROR - 2026-03-03 14:19:59,144 - Worker_1] Status code == 403 for https://noticias.uol.com.br/politica/ultimas-noticias/2022/02/15/ernesto-araujo-critica-ida-de-bolsonaro-a-russia-por-falta-de-neutralidade.htm, skipping...
[ERROR - 2026-03-03 14:20:00,202 - Worker_0] Status code == 403 for https://noticias.uol.com.br/colunas/josias-de-souza/2022/02/15/uniao-brasil-mdb-e-psdb-discutem-hipotese-de-composicao-de-novo-centrao.htm, skipping...
[ERROR - 2026-03-03 14:20:03,303 - Worker_4] Status code == 403 for https://noticias.uol.com.br/colunas/leonardo-sakamoto/2022/02/15/facada-da-inflacao-na-renda-dos-brasileiros-e-que-pode-definir-eleicao.htm, skipping...
[ERROR - 2026-03-03 14:20:03,312 - Worker_1] Status code == 403 for https://noticias.uol.com.br/politica/ultimas-noticias/2022/02/15/na-russia-bolsonaro-diz-que-brasil-tem-vocacao-de-amizade-com-todas-nacoes.htm, skipping...
[ERROR - 2026-03-03 14:20:32,881 - Worker_2] Status code == 403 for https://tab.uol.com.br/noticias/redacao/2022/02/15/caminhada-liga-pontos-historicos-assombrados-de-sao-paulo.htm, skipping...
[ERROR - 2026-03-03 14:20:48,532 - Worker_2] Status code == 403 for https://noticias.uol.com.br/colunas/josias-de-souza/2022/02/15/fala-do-presidente-do-bc-sobre-lula-joga-agua-no-chope-de-jair-bolsonaro.htm, skipping...
[ERROR - 2026-03-03 14:20:58,519 - Worker_3] Status code == 403 for https://noticias.uol.com.br/colunas/balaio-do-kotscho/2022/02/15/yago-e-so-mais-um-jovem-morto-pela-policia-por-ser-negro-numa-terra-sem-lei.htm, skipping...
[ERROR - 2026-03-03 14:21:04,538 - Worker_4] Status code == 403 for https://noticias.uol.com.br/colunas/rogerio-gentile/2022/02/15/juiz-autoriza-o-arrombamento-do-apartamento-de-ronaldo-giovanelli.htm, skipping...
[ERROR - 2026-03-03 14:21:10,187 - Worker_2] Status code == 403 for https://blogdojuca.uol.com.br/2022/02/courtois-e-a-trave-quase-travam-o-psg-contra-a-covardia-do-real-madrid/, skipping...
[ERROR - 2026-03-03 14:21:25,614 - Worker_4] Status code == 403 for https://tab.uol.com.br/colunas/lidia-zuin/2022/02/13/cem-anos-apos-a-semana-de-22-nfts-miram-o-futuro-do-mercado-de-arte.htm, skipping...
[ERROR - 2026-03-03 14:21:42,453 - Worker_4] Status code == 403 for https://tab.uol.com.br/noticias/redacao/2022/02/15/festa-literaria-das-periferias-discute-semana-de-1922-e-modernismo-negro.htm, skipping...
[ERROR - 2026-03-03 14:22:24,133 - Worker_3] Status code == 403 for https://noticias.uol.com.br/politica/ultimas-noticias/2022/02/17/novo-codigo-penal-relatado-senado-fabiano-contarato.htm, skipping...
[ERROR - 2026-03-03 14:22:35,759 - Worker_2] Status code == 403 for https://noticias.uol.com.br/politica/ultimas-noticias/2022/02/17/senado-detalha-ao-stf-crimes-que-acusados-pela-cpi-da-covid-teriam-cometido.htm, skipping...
[ERROR - 2026-03-03 14:22:39,766 - Worker_4] Status code == 403 for https://tab.uol.com.br/noticias/redacao/2022/02/16/deus-provera-proposta-para-renomear-dunas-do-abaete-revolta-populacao.htm, skipping...
[ERROR - 2026-03-03 14:22:40,310 - Worker_2] Status code == 404 for https://www.uol.com.br/esporte/futebol/ultimas-noticias/lancepress/2022/02/17/vasco-vai-leiloar-camisas-de-titulares-contra-o-bangu-para-ajudar-vitimas-das-chuvas-em-petropolis.htm, skipping...
[ERROR - 2026-03-03 14:22:44,094 - Worker_4] Status code == 403 for https://noticias.uol.com.br/cotidiano/ultimas-noticias/2022/02/17/chuvas-petropolis-temporal-deslizamentos.htm, skipping...
[ERROR - 2026-03-03 14:22:44,614 - Worker_3] Status code == 403 for https://tab.uol.com.br/noticias/redacao/2022/02/17/jornalista-de-petropolis-narra-aflicao-de-ver-morro-da-oficina-desmoronar.htm, skipping...
[ERROR - 2026-03-03 14:22:44,642 - Worker_2] Status code == 403 for https://noticias.uol.com.br/colunas/thais-oyama/2022/02/17/pesquisas-se-cristalizam-e-quadro-so-muda-se-lula-ou-bolsonaro-desistirem.htm, skipping...
[ERROR - 2026-03-03 14:22:48,321 - Worker_4] Status code == 403 for https://economia.uol.com.br/noticias/estadao-conteudo/2022/02/17/argentina-planeja-empresa-nacional-de-alimentos-para-conter-inflacao.htm, skipping...
[ERROR - 2026-03-03 14:22:54,488 - Worker_2] Status code == 403 for https://noticias.uol.com.br/colunas/jamil-chade/2022/02/17/disseminando-mentiras-bolsonaro-chama-paria-europeu-de-irmao.htm, skipping...
[ERROR - 2026-03-03 14:23:26,448 - Worker_0] Status code == 403 for https://tab.uol.com.br/videos/2022/02/17/caoscast-100-anos-depois-a-antropofagia-deve-dar-lugar-a-autofagia.htm, skipping...
[ERROR - 2026-03-03 14:23:34,717 - Worker_4] Status code == 403 for https://economia.uol.com.br/colunas/econoweek/2022/02/17/investiu-em-pgbl-e-vgbl-declaracao-muda-de-acordo-com-o-fundo.htm, skipping...
[ERROR - 2026-03-03 14:23:57,165 - Worker_1] Status code == 403 for https://tab.uol.com.br/noticias/redacao/2022/02/18/a-vida-ta-otima-um-dia-com-igao-e-mitico-nos-estudios-do-podcast-podpah.htm, skipping...
[ERROR - 2026-03-03 14:24:08,629 - Worker_1] Status code == 403 for https://noticias.uol.com.br/cotidiano/ultimas-noticias/2022/02/17/mulher-faca-penis-homem.htm, skipping...
[ERROR - 2026-03-03 14:24:27,651 - Worker_4] Status code == 403 for https://noticias.uol.com.br/cotidiano/ultimas-noticias/2022/02/18/prefeitura-goiania-proibe-carnaval-covid.htm, skipping...
[ERROR - 2026-03-03 14:24:43,080 - Worker_3] Status code == 403 for https://noticias.uol.com.br/colunas/jamil-chade/2022/02/18/modelo-de-bolsonaro-extrema-direita-hungara-adota-difamacao-sovietica.htm, skipping...
[ERROR - 2026-03-03 14:24:46,023 - Worker_4] Status code == 403 for https://tab.uol.com.br/noticias/redacao/2022/02/17/jornalista-de-petropolis-narra-aflicao-de-ver-morro-da-oficina-desmoronar.htm, skipping...
[ERROR - 2026-03-03 14:24:55,357 - Worker_2] Status code == 403 for https://noticias.uol.com.br/politica/ultimas-noticias/2022/02/18/bolsonaro-nao-falou-com-putin-sobre-tensao-russia-e-ucrania.htm, skipping...
[ERROR - 2026-03-03 14:24:59,448 - Worker_4] Status code == 403 for https://noticias.uol.com.br/politica/ultimas-noticias/2022/02/18/frias-sobre-gastos-em-viagem-devolver-o-que-garoto-eu-to-trabalhando.htm, skipping...
[ERROR - 2026-03-03 14:24:59,449 - Worker_2] Status code == 403 for https://noticias.uol.com.br/cotidiano/ultimas-noticias/2022/02/18/homem-penis-cortado-investigado.htm, skipping...
[ERROR - 2026-03-03 14:25:01,977 - Worker_0] Status code == 403 for https://noticias.uol.com.br/cotidiano/ultimas-noticias/2022/02/18/passageiros-mortos-onibus-tragedia-petropolis.htm, skipping...
[ERROR - 2026-03-03 14:25:08,202 - Worker_2] Status code == 403 for https://noticias.uol.com.br/cotidiano/ultimas-noticias/2022/02/18/morre-menino-que-engoliu-apito-sc.htm, skipping...
[ERROR - 2026-03-03 14:25:08,459 - Worker_0] Status code == 403 for https://noticias.uol.com.br/internacional/ultimas-noticias/2022/02/18/brasil-outro-lado-eua.htm, skipping...
[ERROR - 2026-03-03 14:25:12,596 - Worker_0] Status code == 403 for https://noticias.uol.com.br/politica/ultimas-noticias/2022/02/18/rodrigo-janot-ex-pgr-caso-gilmar-mendes.htm, skipping...
[ERROR - 2026-03-03 14:25:13,661 - Worker_3] Status code == 403 for https://noticias.uol.com.br/saude/ultimas-noticias/redacao/2022/02/18/covid-19-coronavirus-casos-mortes-18-de-fevereiro.htm, skipping...
[ERROR - 2026-03-03 14:25:17,263 - Worker_2] Status code == 403 for https://noticias.uol.com.br/cotidiano/ultimas-noticias/2022/02/18/cinco-pessoas-da-mesma-familia-estao-entre-desaparecidos-em-petropolis.htm, skipping...
[ERROR - 2026-03-03 14:25:20,126 - Worker_3] Status code == 403 for https://noticias.uol.com.br/videos/bbc/2022/02/18/bicho-preguica-escala-poste-e-se-pendura-em-fios-eletricos-na-colombia.htm, skipping...
[ERROR - 2026-03-03 14:25:21,364 - Worker_2] Status code == 403 for https://noticias.uol.com.br/ultimas-noticias/rfi/2022/02/18/estudo-inedito-revela-que-todos-os-rios-do-mundo-estao-contaminados-por-residuos-de-medicamentos.htm, skipping...
[ERROR - 2026-03-03 14:25:29,028 - Worker_1] Status code == 403 for https://noticias.uol.com.br/cotidiano/ultimas-noticias/2022/02/18/incendio-apartamento-sp.htm, skipping...
[ERROR - 2026-03-03 14:25:34,385 - Worker_0] Status code == 403 for https://noticias.uol.com.br/politica/ultimas-noticias/2022/02/18/maioria-do-stf-torna-jefferson-reu-por-incitacao-ao-crime-e-homofobia.htm, skipping...
[ERROR - 2026-03-03 14:25:40,895 - Worker_0] Status code == 403 for https://noticias.uol.com.br/colunas/jamil-chade/2022/02/19/amadorismo-e-ideologia-encurralam-bolsonaro-na-cena-internacional.htm, skipping...
[ERROR - 2026-03-03 14:25:45,388 - Worker_0] Status code == 403 for https://tab.uol.com.br/noticias/redacao/2022/02/19/causas-na-ponta-da-lingua-como-funciona-curso-para-futuros-politicos.htm, skipping...
[ERROR - 2026-03-03 14:25:47,486 - Worker_2] Status code == 403 for https://noticias.uol.com.br/ultimas-noticias/afp/2022/02/19/sobe-a-13-numero-de-mortos-por-tempestade-eunice-na-europa.htm, skipping...
[ERROR - 2026-03-03 14:26:44,866 - Worker_3] Status code == 403 for https://noticias.uol.com.br/internacional/ultimas-noticias/2022/02/19/cheia-de-planos-diz-mae-ao-homenagear-brasileira-morta-em-bariloche.htm, skipping...
[ERROR - 2026-03-03 14:26:49,023 - Worker_2] Status code == 403 for https://noticias.uol.com.br/cotidiano/ultimas-noticias/2022/02/18/sobrevivente-de-massacre-em-escola-de-suzano-morre-eletrocutado-em-sp.htm, skipping...
[ERROR - 2026-03-03 14:27:00,005 - Worker_2] Status code == 403 for https://noticias.uol.com.br/saude/ultimas-noticias/redacao/2022/02/19/covid-19-coronavirus-casos-mortes-19-de-fevereiro.htm, skipping...
[ERROR - 2026-03-03 14:27:02,357 - Worker_4] Status code == 403 for https://noticias.uol.com.br/colunas/chico-alves/2022/02/19/castro-ataca-freixo-e-leva-campanha-do-rj-para-a-lama-de-petropolis.htm, skipping...
[ERROR - 2026-03-03 14:27:07,102 - Worker_0] Status code == 403 for https://tab.uol.com.br/colunas/daniela-pinheiro/2022/02/19/celso-amorim-nem-o-collor-praticou-as-loucuras-desse-governo.htm, skipping...
[ERROR - 2026-03-03 14:27:07,891 - Worker_3] Status code == 403 for https://noticias.uol.com.br/internacional/ultimas-noticias/2022/02/19/russia-brasil-estados-unidos-nota-oficial-ucrania.htm, skipping...
[ERROR - 2026-03-03 14:27:12,219 - Worker_3] Status code == 403 for https://noticias.uol.com.br/cotidiano/ultimas-noticias/2022/02/19/tragedia-petropolis-maior-chuvas-mortes-vitimas.htm, skipping...
[ERROR - 2026-03-03 14:27:15,564 - Worker_4] Status code == 403 for https://noticias.uol.com.br/politica/ultimas-noticias/2022/02/18/principe-lamenta-tragedia-em-petropolis-mas-recebe-criticas-por-imposto.htm, skipping...
[ERROR - 2026-03-03 14:27:21,874 - Worker_4] Status code == 403 for https://noticias.uol.com.br/ultimas-noticias/bbc/2022/02/19/coreia-do-norte-por-que-meu-pai-deu-meus-tres-irmaos-de-presente-ao-governo.htm, skipping...
[ERROR - 2026-03-03 14:27:24,374 - Worker_1] Status code == 403 for https://noticias.uol.com.br/internacional/ultimas-noticias/2022/02/19/mae-e-padrasto-sao-condenados-por-prenderem-filho-em-sotao-no-reino-unido.htm, skipping...
[ERROR - 2026-03-03 14:27:30,834 - Worker_0] Status code == 403 for https://noticias.uol.com.br/colunas/leonardo-sakamoto/2022/02/19/em-ano-eleitoral-bolsonaro-diz-que-catastrofe-em-petropolis-era-inevitavel.htm, skipping...
[ERROR - 2026-03-03 14:27:34,015 - Worker_1] Status code == 403 for https://noticias.uol.com.br/ultimas-noticias/reuters/2022/02/19/policia-canadense-usa-spray-de-pimenta-e-granadas-de-efeito-moral-na-tentativa-de-liberar-capital.htm, skipping...
[ERROR - 2026-03-03 14:27:35,498 - Worker_4] Status code == 403 for https://noticias.uol.com.br/saude/ultimas-noticias/redacao/2022/02/19/vacinacao-covid-19-coronavirus-19-de-fevereiro.htm, skipping...
[ERROR - 2026-03-03 14:27:37,196 - Worker_0] Status code == 403 for https://noticias.uol.com.br/cotidiano/ultimas-noticias/2022/02/19/minha-avo-ta-aqui-neta-de-6-anos-grita-e-mulher-soterrada-e-salva.htm, skipping...
[ERROR - 2026-03-03 14:27:37,892 - Worker_2] Status code == 403 for https://noticias.uol.com.br/ultimas-noticias/ansa/2022/02/19/fetos-sao-encontrados-em-barris-de-residuos-em-cidade-italiana.htm, skipping...
[ERROR - 2026-03-03 14:27:41,304 - Worker_0] Status code == 403 for https://noticias.uol.com.br/cotidiano/ultimas-noticias/2022/02/19/petropolis-sem-bombeiros-pai-faz-mutirao-por-jovem-desaparecido-em-onibus.htm, skipping...
[ERROR - 2026-03-03 14:27:44,474 - Worker_4] Status code == 403 for https://tab.uol.com.br/noticias/redacao/2022/02/19/com-copias-a-venda-por-r-410-tratado-de-tordesilhas-e-mantido-em-museu.htm, skipping...
[ERROR - 2026-03-03 14:27:45,190 - Worker_3] Status code == 403 for https://noticias.uol.com.br/internacional/ultimas-noticias/2022/02/19/explosoes-donetsk-19-de-fevereiro.htm, skipping...
[ERROR - 2026-03-03 14:27:45,428 - Worker_0] Status code == 403 for https://noticias.uol.com.br/colunas/jose-luiz-portella/2022/02/19/kassab-vai-definir-a-terceira-via.htm, skipping...
[ERROR - 2026-03-03 14:27:48,134 - Worker_2] Status code == 403 for https://tab.uol.com.br/colunas/matheus-pichonelli/2022/02/19/desastre-em-petropolis-expoe-as-dores-de-uma-decada-soterrada-no-brasil.htm, skipping...
[ERROR - 2026-03-03 14:27:49,516 - Worker_3] Status code == 403 for https://tab.uol.com.br/noticias/redacao/2022/02/19/monges-se-revezam-para-rezar-por-mortos-e-confortar-os-vivos-em-petropolis.htm, skipping...
[ERROR - 2026-03-03 14:27:54,760 - Worker_1] Status code == 403 for https://tab.uol.com.br/noticias/redacao/2022/02/20/festival-de-rap-no-rio-tem-denuncias-de-trabalho-abusivo-e-falta-de-higiene.htm, skipping...
[ERROR - 2026-03-03 14:28:32,900 - Worker_4] Status code == 403 for https://noticias.uol.com.br/colunas/tales-faria/2022/02/19/pesquisa-ipespe-aponta-para-tarcisio-forte-em-sp-e-alianca-entre-pt-e-psb.htm, skipping...
[ERROR - 2026-03-03 14:28:33,807 - Worker_3] Status code == 403 for https://noticias.uol.com.br/ultimas-noticias/reuters/2022/02/20/israel-permitira-a-entrada-no-pais-independente-de-vacinacao-contra-covid-19.htm, skipping...
[ERROR - 2026-03-03 14:28:41,375 - Worker_4] Status code == 403 for https://noticias.uol.com.br/cotidiano/ultimas-noticias/2022/02/20/petropolis-vitimas-identificadas-chuvas-temporal-deslizamento-tragedia.htm, skipping...
[ERROR - 2026-03-03 14:28:43,878 - Worker_0] Status code == 403 for https://noticias.uol.com.br/colunas/balaio-do-kotscho/2022/02/20/milicias-digitais-em-acao-podem-definir-novo-cenario-para-lula-e-bolsonaro.htm, skipping...
[ERROR - 2026-03-03 14:28:45,022 - Worker_2] Status code == 403 for https://noticias.uol.com.br/internacional/ultimas-noticias/2022/02/20/ucrania-nova-explosao-donetsk.htm, skipping...
[ERROR - 2026-03-03 14:28:59,856 - Worker_0] Status code == 403 for https://noticias.uol.com.br/ultimas-noticias/afp/2022/02/20/policia-encerra-bloqueio-de-caminhoneiros-no-canada.htm, skipping...
[ERROR - 2026-03-03 14:29:07,127 - Worker_3] Status code == 403 for https://noticias.uol.com.br/ultimas-noticias/agencia-brasil/2022/02/20/tremores-de-terra-sao-sentidos-em-ao-menos-tres-cidades-da-ba-ce-e-mg.htm, skipping...
[ERROR - 2026-03-03 14:29:13,662 - Worker_3] Status code == 403 for https://noticias.uol.com.br/internacional/ultimas-noticias/2022/02/20/biden-esta-disposto-a-conversar-com-putin-a-qualquer-momento-dizem-eua.htm, skipping...
[ERROR - 2026-03-03 14:29:18,184 - Worker_0] Status code == 403 for https://noticias.uol.com.br/colunas/chico-alves/2022/02/20/cavar-na-lama-em-busca-de-parentes-soterrados-e-o-novo-normal.htm, skipping...
[ERROR - 2026-03-03 14:29:22,432 - Worker_0] Status code == 403 for https://tab.uol.com.br/colunas/matheus-pichonelli/2022/02/20/estamos-na-completa-oposicao-ao-espirito-que-moveu-1922-diz-ensaista.htm, skipping...
[ERROR - 2026-03-03 14:29:30,053 - Worker_3] Status code == 403 for https://noticias.uol.com.br/colunas/leonardo-sakamoto/2022/02/19/em-ano-eleitoral-bolsonaro-diz-que-catastrofe-em-petropolis-era-inevitavel.htm, skipping...
[ERROR - 2026-03-03 14:29:40,715 - Worker_0] Status code == 403 for https://noticias.uol.com.br/cotidiano/ultimas-noticias/2022/02/20/petropolis-desaparecidos-chuvas-deslizamentos-tragedia.htm, skipping...
[ERROR - 2026-03-03 14:29:44,851 - Worker_0] Status code == 403 for https://noticias.uol.com.br/cotidiano/ultimas-noticias/2022/02/20/o-que-e-laudemio-a-taxa-do-principe-de-petropolis.htm, skipping...
[ERROR - 2026-03-03 14:29:47,290 - Worker_4] Status code == 403 for https://tab.uol.com.br/noticias/redacao/2022/02/19/com-copias-a-venda-por-r-410-tratado-de-tordesilhas-e-mantido-em-museu.htm, skipping...
[ERROR - 2026-03-03 14:29:47,794 - Worker_1] Status code == 403 for https://noticias.uol.com.br/ultimas-noticias/bbc/2022/02/20/crise-na-ucrania-por-que-aumentaram-os-temores-de-invasao.htm, skipping...
[ERROR - 2026-03-03 14:29:48,951 - Worker_0] Status code == 403 for https://tab.uol.com.br/noticias/redacao/2022/02/19/monges-se-revezam-para-rezar-por-mortos-e-confortar-os-vivos-em-petropolis.htm, skipping...
[ERROR - 2026-03-03 14:29:52,049 - Worker_2] Status code == 403 for https://noticias.uol.com.br/cotidiano/ultimas-noticias/2022/02/21/chuvas-acre-cidades.htm, skipping...
[ERROR - 2026-03-03 14:30:01,162 - Worker_1] Status code == 403 for https://noticias.uol.com.br/politica/ultimas-noticias/2022/02/21/mario-frias-gastos-nova-york-viagem-secretario-de-cultura.htm, skipping...
[ERROR - 2026-03-03 14:30:03,163 - Worker_0] Status code == 403 for https://noticias.uol.com.br/ultimas-noticias/afp/2022/02/21/acidente-com-aviao-de-combate-deixa-tres-mortos-no-ira.htm, skipping...
[ERROR - 2026-03-03 14:30:05,479 - Worker_1] Status code == 403 for https://noticias.uol.com.br/cotidiano/ultimas-noticias/2022/02/21/super-mosca-com-6-cm-de-comprimento-e-encontrada-no-litoral-de-sp.htm, skipping...
[ERROR - 2026-03-03 14:30:14,141 - Worker_4] Status code == 403 for https://noticias.uol.com.br/colunas/chico-alves/2022/02/21/quanto-mais-o-eleitor-conhece-o-candidato-moro-mais-o-rejeita.htm, skipping...
[ERROR - 2026-03-03 14:30:17,129 - Worker_2] Status code == 403 for https://noticias.uol.com.br/cotidiano/ultimas-noticias/2022/02/21/caso-henry-gilmar-nega-habeas-corpus-a-jairinho-interrogatorio-e-adiado.htm, skipping...
[ERROR - 2026-03-03 14:30:20,691 - Worker_3] Status code == 403 for https://noticias.uol.com.br/ultimas-noticias/agencia-publica/2022/02/21/lobby-de-militar-da-reserva-favorece-mineradoras-canadenses-na-amazonia.htm, skipping...
[ERROR - 2026-03-03 14:30:25,096 - Worker_3] Status code == 403 for https://tab.uol.com.br/noticias/redacao/2022/02/21/agrotoxico-e-usado-como-arma-quimica-contra-aldeias-indigenas-em-ms.htm, skipping...
[ERROR - 2026-03-03 14:30:25,235 - Worker_4] Status code == 403 for https://noticias.uol.com.br/colunas/josias-de-souza/2022/02/21/apoio-do-psb-a-lula-sobrevive-a-rusgas-com-pt.htm, skipping...
[ERROR - 2026-03-03 14:30:25,400 - Worker_0] Status code == 403 for https://noticias.uol.com.br/internacional/ultimas-noticias/2022/02/21/jovem-queda-buraco-turquia-caixas.htm, skipping...
[ERROR - 2026-03-03 14:30:41,143 - Worker_2] Status code == 403 for https://noticias.uol.com.br/cotidiano/ultimas-noticias/2022/02/21/padre-petropolis-casamento-sepultamento.htm, skipping...
[ERROR - 2026-03-03 14:30:45,114 - Worker_4] Status code == 403 for https://tab.uol.com.br/noticias/redacao/2022/02/21/vejo-sua-final-boom-de-previsoes-para-o-bbb-geram-ganhos-e-popularidade.htm, skipping...
[ERROR - 2026-03-03 14:30:47,725 - Worker_1] Status code == 403 for https://noticias.uol.com.br/cotidiano/ultimas-noticias/2022/02/20/petropolis-vitimas-identificadas-chuvas-temporal-deslizamento-tragedia.htm, skipping...
[ERROR - 2026-03-03 14:30:50,494 - Worker_2] Status code == 403 for https://noticias.uol.com.br/internacional/ultimas-noticias/2022/02/21/brasileira-e-presa-na-tailandia-tenta-evitar-pena-de-morte-me-ajudem.htm, skipping...
[ERROR - 2026-03-03 14:30:52,053 - Worker_1] Status code == 403 for https://noticias.uol.com.br/saude/ultimas-noticias/redacao/2022/02/21/covid-19-coronavirus-casos-mortes-21-de-fevereiro.htm, skipping...
[ERROR - 2026-03-03 14:30:54,863 - Worker_2] Status code == 403 for https://noticias.uol.com.br/cotidiano/ultimas-noticias/2022/02/18/quem-sao-as-vitimas-da-tragedia-de-petropolis.htm, skipping...
[ERROR - 2026-03-03 14:30:55,297 - Worker_3] Status code == 403 for https://noticias.uol.com.br/colunas/rogerio-gentile/2022/02/21/russomanno-e-condenado-por-sensacionalismo-no-patrulha-do-consumidor.htm, skipping...
[ERROR - 2026-03-03 14:31:00,834 - Worker_4] Status code == 403 for https://noticias.uol.com.br/cotidiano/ultimas-noticias/2022/02/21/sao-paulo-previsao-do-tempo.htm, skipping...
[ERROR - 2026-03-03 14:31:03,391 - Worker_1] Status code == 403 for https://noticias.uol.com.br/colunas/reinaldo-azevedo/2022/02/21/os-12-bracos-da-am-e-os-dois-de-moro-ou-o-autoelogio-a-soldo-e-o-crime.htm, skipping...
[ERROR - 2026-03-03 14:31:07,562 - Worker_1] Status code == 403 for https://tab.uol.com.br/noticias/redacao/2022/02/21/desalojado-pela-chuva-coveiro-passa-a-morar-em-cemiterio-de-petropolis.htm, skipping...
[ERROR - 2026-03-03 14:31:19,237 - Worker_2] Status code == 403 for https://noticias.uol.com.br/ultimas-noticias/afp/2022/02/21/eua-estao-comprometidos-com-integridade-territorial-da-ucrania-diz-biden-a-zelensky.htm, skipping...
[ERROR - 2026-03-03 14:31:19,571 - Worker_4] Status code == 403 for https://noticias.uol.com.br/cotidiano/ultimas-noticias/2022/02/21/pais-causam-briga-generalizada-em-bar-de-bh-apos-briga-entre-criancas.htm, skipping...
[ERROR - 2026-03-03 14:31:23,079 - Worker_0] Status code == 403 for https://noticias.uol.com.br/colunas/abradep/2022/02/21/como-serao-financiadas-as-federacoes-partidarias.htm, skipping...
[ERROR - 2026-03-03 14:31:23,562 - Worker_2] Status code == 403 for https://noticias.uol.com.br/cotidiano/ultimas-noticias/2022/02/21/petropolis-moradores-relatam-furtos-em-meio-a-buscas-por-soterrados.htm, skipping...
[ERROR - 2026-03-03 14:31:24,043 - Worker_3] Status code == 403 for https://noticias.uol.com.br/colunas/mauricio-stycer/2022/02/20/record-e-band-saem-na-frente-com-enviados-especiais-a-ucrania.htm, skipping...
[ERROR - 2026-03-03 14:31:27,912 - Worker_2] Status code == 403 for https://noticias.uol.com.br/cotidiano/ultimas-noticias/2022/02/21/cobra-enrosca-em-rede-eletrica-e-deixa-mais-de-50-mil-sem-energia-no-pa.htm, skipping...
[ERROR - 2026-03-03 14:31:36,246 - Worker_1] Status code == 403 for https://noticias.uol.com.br/ultimas-noticias/agencia-estado/2022/02/21/ha-20-de-chances-de-bolsonaro-nao-estar-no-2-turno-contra-lula-diz-eurasia.htm, skipping...
[ERROR - 2026-03-03 14:31:40,521 - Worker_4] Status code == 403 for https://noticias.uol.com.br/cotidiano/ultimas-noticias/2022/02/21/mulher-de-36-anos-morre-enquanto-se-balancava-na-rede-de-casa-no-es.htm, skipping...
[ERROR - 2026-03-03 14:31:40,563 - Worker_1] Status code == 403 for https://noticias.uol.com.br/colunas/balaio-do-kotscho/2022/02/21/pesquisa-cntmda-joga-terceira-via-de-moro-ciro-e-doria-para-o-acostamento.htm, skipping...
[ERROR - 2026-03-03 14:31:44,880 - Worker_4] Status code == 403 for https://noticias.uol.com.br/internacional/ultimas-noticias/2022/02/21/eua-impoem-sancoes-regioes-separatistas-ucrania.htm, skipping...
[ERROR - 2026-03-03 14:31:49,810 - Worker_2] Status code == 403 for https://noticias.uol.com.br/saude/ultimas-noticias/redacao/2022/02/21/atraso-na-3-dose-pode-comprometer-programa-de-imunizacao-diz-vecina-neto.htm, skipping...
[ERROR - 2026-03-03 14:31:51,415 - Worker_4] Status code == 403 for https://noticias.uol.com.br/internacional/ultimas-noticias/2022/02/21/australia-china-laser-aviao.htm, skipping...
[ERROR - 2026-03-03 14:31:59,081 - Worker_1] Status code == 403 for https://noticias.uol.com.br/internacional/ultimas-noticias/2022/02/22/praticante-de-windsurfe-enfrenta-ventania-de-tempestade-eunice-na-holanda.htm, skipping...
[ERROR - 2026-03-03 14:32:00,374 - Worker_4] Status code == 403 for https://noticias.uol.com.br/colunas/coluna-entendendo-bolsonaro/2022/02/22/fachin-e-moraes-devem-agir-preventivamente-contra-os-ataques-bolsonaristas.htm, skipping...
[ERROR - 2026-03-03 14:32:01,721 - Worker_2] Status code == 403 for https://noticias.uol.com.br/cotidiano/ultimas-noticias/2022/02/22/defesa-de-jairinho-pede-afastamento-da-juiza-de-caso-henry-borel.htm, skipping...
[ERROR - 2026-03-03 14:32:07,479 - Worker_3] Status code == 403 for https://noticias.uol.com.br/ultimas-noticias/agencia-estado/2022/02/22/eleicoes-2022-doria-admite-abrir-mao-de-candidatura-la-adiante.htm, skipping...
[ERROR - 2026-03-03 14:32:13,755 - Worker_0] Status code == 403 for https://noticias.uol.com.br/cotidiano/ultimas-noticias/2022/02/22/incendio-em-resort-de-luxo-no-interior-de-sp-deixa-12-feridos.htm, skipping...
[ERROR - 2026-03-03 14:32:16,803 - Worker_3] Status code == 403 for https://noticias.uol.com.br/internacional/ultimas-noticias/2022/02/21/corpo-de-mulher-morta-ha-quase-tres-anos-e-encontrado-em-apartamento.htm, skipping...
[ERROR - 2026-03-03 14:32:22,622 - Worker_2] Status code == 403 for https://noticias.uol.com.br/ultimas-noticias/reuters/2022/02/22/parlamento-do-canada-aprova-poderes-de-emergencia-para-trudeau.htm, skipping...
[ERROR - 2026-03-03 14:32:26,942 - Worker_2] Status code == 403 for https://noticias.uol.com.br/colunas/thais-oyama/2022/02/22/bob-o-comissario-de-bordo-parte-3.htm, skipping...
[ERROR - 2026-03-03 14:32:35,039 - Worker_4] Status code == 403 for https://tab.uol.com.br/noticias/redacao/2022/02/21/agrotoxico-e-usado-como-arma-quimica-contra-aldeias-indigenas-em-ms.htm, skipping...
[ERROR - 2026-03-03 14:32:37,865 - Worker_1] Status code == 403 for https://noticias.uol.com.br/cotidiano/ultimas-noticias/2022/02/22/agente-da-policia-fura-blitz-e-dirige-na-contramao-em-perseguicao-de-30-km.htm, skipping...
[ERROR - 2026-03-03 14:32:46,256 - Worker_0] Status code == 403 for https://noticias.uol.com.br/colunas/tales-faria/2022/02/22/coincidencia-ou-nao-putin-pos-fogo-na-crise-apos-a-visita-de-bolsonaro.htm, skipping...
[ERROR - 2026-03-03 14:33:04,031 - Worker_4] Status code == 403 for https://blogdojuca.uol.com.br/2022/02/falei-bobagem/, skipping...
[ERROR - 2026-03-03 14:33:21,190 - Worker_3] Status code == 403 for https://tab.uol.com.br/noticias/redacao/2022/02/21/desalojado-pela-chuva-coveiro-passa-a-morar-em-cemiterio-de-petropolis.htm, skipping...
[ERROR - 2026-03-03 14:33:44,509 - Worker_3] Status code == 403 for https://tab.uol.com.br/noticias/redacao/2022/02/22/fiscal-de-fidelidade-cobra-r-45-ja-testou-4-mil-e-servico-tem-fila.htm, skipping...
[ERROR - 2026-03-03 14:33:59,256 - Worker_1] Status code == 403 for https://noticias.uol.com.br/internacional/ultimas-noticias/2022/02/22/forcas-equipamentos-militares-eua-europa.htm, skipping...
[ERROR - 2026-03-03 14:34:02,512 - Worker_4] Status code == 403 for https://noticias.uol.com.br/colunas/balaio-do-kotscho/2022/02/22/para-entender-como-chegamos-ate-aqui-e-preciso-ler-a-obra-de-elio-gaspari.htm, skipping...
[ERROR - 2026-03-03 14:34:03,594 - Worker_1] Status code == 403 for https://noticias.uol.com.br/cotidiano/ultimas-noticias/2022/02/22/explosao-em-canteiro-de-obras-deixa-feridos-na-zona-oeste-de-sao-paulo.htm, skipping...
[ERROR - 2026-03-03 14:34:05,314 - Worker_3] Status code == 403 for https://noticias.uol.com.br/internacional/ultimas-noticias/2022/02/22/nova-guerra-fria-e-criticas-a-putin-o-que-dizem-os-veiculos-estrangeiros.htm, skipping...
[ERROR - 2026-03-03 14:34:16,113 - Worker_3] Status code == 403 for https://noticias.uol.com.br/cotidiano/ultimas-noticias/2022/02/23/petropolis-pulamos-a-janela-diz-sobrevivente-de-estamparia-que-desabou.htm, skipping...
[ERROR - 2026-03-03 14:34:24,704 - Worker_3] Status code == 403 for https://noticias.uol.com.br/cotidiano/ultimas-noticias/2022/02/23/policia-investiga-casamento.htm, skipping...
[ERROR - 2026-03-03 14:34:25,478 - Worker_4] Status code == 403 for https://tab.uol.com.br/noticias/redacao/2022/02/23/quem-e-rato-distopico-artista-que-viralizou-apos-a-treta-do-techno-em-sp.htm, skipping...
[ERROR - 2026-03-03 14:34:30,559 - Worker_1] Status code == 403 for https://noticias.uol.com.br/ultimas-noticias/agencia-brasil/2022/02/23/novo-rg-saiba-como-funciona-a-nova-carteira-nacional-de-identidade.htm, skipping...
[ERROR - 2026-03-03 14:34:30,625 - Worker_0] Status code == 403 for https://noticias.uol.com.br/internacional/ultimas-noticias/2022/02/23/advogado-de-brasileira-presa-na-tailandia-nao-ha-chance-de-pena-de-morte.htm, skipping...
[ERROR - 2026-03-03 14:34:42,313 - Worker_2] Status code == 403 for https://tab.uol.com.br/noticias/redacao/2022/02/21/agrotoxico-e-usado-como-arma-quimica-contra-aldeias-indigenas-em-ms.htm, skipping...
[ERROR - 2026-03-03 14:35:55,104 - Worker_1] Status code == 403 for https://noticias.uol.com.br/colunas/leonardo-sakamoto/2022/02/23/colombia-descriminaliza-aborto-brasil-trata-crianca-estuprada-como-vila.htm, skipping...
[ERROR - 2026-03-03 14:35:55,119 - Worker_0] Status code == 403 for https://tab.uol.com.br/noticias/redacao/2022/02/22/fiscal-de-fidelidade-cobra-r-45-ja-testou-4-mil-e-servico-tem-fila.htm, skipping...
[ERROR - 2026-03-03 14:35:59,460 - Worker_0] Status code == 403 for https://noticias.uol.com.br/saude/ultimas-noticias/redacao/2022/02/23/covid-19-coronavirus-casos-mortes-23-de-fevereiro.htm, skipping...
[ERROR - 2026-03-03 14:36:04,608 - Worker_1] Status code == 403 for https://noticias.uol.com.br/ultimas-noticias/bbc/2022/02/23/policia-da-california-procura-urso-gigante-apos-ataques-a-dezenas-de-casas.htm, skipping...
[ERROR - 2026-03-03 14:36:09,060 - Worker_4] Status code == 403 for https://noticias.uol.com.br/colunas/jose-luiz-portella/2022/02/23/bbb-politica-e-a-condicao-humana.htm, skipping...
[ERROR - 2026-03-03 14:36:09,656 - Worker_2] Status code == 403 for https://noticias.uol.com.br/ultimas-noticias/agencia-estado/2022/02/23/lula-se-muda-para-sao-paulo-por-motivo-de-seguranca.htm, skipping...
[ERROR - 2026-03-03 14:36:12,517 - Worker_3] Status code == 403 for https://noticias.uol.com.br/colunas/thais-oyama/2022/02/23/por-que-bolsonaro-tem-medo-da-guerra-na-ucrania.htm, skipping...
[ERROR - 2026-03-03 14:36:23,017 - Worker_0] Status code == 403 for https://noticias.uol.com.br/ultimas-noticias/2022/02/24/mega-sena-tem-premio-de-r-42-milhoes-veja-os-numeros-sorteados.htm, skipping...
[ERROR - 2026-03-03 14:36:24,801 - Worker_2] Status code == 403 for https://noticias.uol.com.br/colunas/jamil-chade/2022/02/24/ataques-russos-expoem-bolsonaro-e-aprofundam-isolamento-do-pais.htm, skipping...
[ERROR - 2026-03-03 14:36:26,407 - Worker_4] Status code == 403 for https://noticias.uol.com.br/ao-vivo/2022/02/24/guerra-entre-russia-e-ucrania.htm, skipping...
[ERROR - 2026-03-03 14:36:30,953 - Worker_1] Status code == 403 for https://noticias.uol.com.br/colunas/balaio-do-kotscho/2022/02/24/para-61-dos-entrevistados-jair-bolsonaro-nao-merece-ser-reeleito.htm, skipping...
[ERROR - 2026-03-03 14:36:34,847 - Worker_4] Status code == 403 for https://noticias.uol.com.br/cotidiano/ultimas-noticias/2022/02/24/pastor-e-preso-apos-repetidos-discursos-de-odio-contra-judeus-e-gays-no-rj.htm, skipping...
[ERROR - 2026-03-03 14:36:39,466 - Worker_1] Status code == 403 for https://noticias.uol.com.br/cotidiano/ultimas-noticias/2022/02/24/casal-de-oncas-anda-junto-e-acende-esperanca-de-novos-filhotes-no-pr.htm, skipping...
[ERROR - 2026-03-03 14:36:53,179 - Worker_4] Status code == 403 for https://noticias.uol.com.br/internacional/ultimas-noticias/2022/02/24/mortos-na-ucrania-apos-ataque-da-russia-diz-policia.htm, skipping...
[ERROR - 2026-03-03 14:36:55,623 - Worker_0] Status code == 403 for https://noticias.uol.com.br/internacional/ultimas-noticias/2022/02/24/ucrania-russia-otan-europa-terceira-guerra-mundial-conflito-vladmir-putin.htm, skipping...
[ERROR - 2026-03-03 14:37:04,449 - Worker_4] Status code == 403 for https://noticias.uol.com.br/saude/ultimas-noticias/redacao/2022/02/24/covid-19-coronavirus-casos-mortes-24-de-fevereiro.htm, skipping...
[ERROR - 2026-03-03 14:37:04,924 - Worker_3] Status code == 403 for https://noticias.uol.com.br/cotidiano/ultimas-noticias/2022/02/23/cachorro-bolo-de-aniversario.htm, skipping...
[ERROR - 2026-03-03 14:37:04,961 - Worker_2] Status code == 403 for https://tab.uol.com.br/colunas/lidia-zuin/2022/02/24/a-dor-e-a-delicia-de-ser-um-ciborgue-muito-alem-da-medicina-e-tecnologia.htm, skipping...
[ERROR - 2026-03-03 14:37:08,932 - Worker_0] Status code == 403 for https://noticias.uol.com.br/internacional/ultimas-noticias/2022/02/24/biden-ataque-russia-ucrania-sancoes.htm, skipping...
[ERROR - 2026-03-03 14:37:13,907 - Worker_2] Status code == 403 for https://noticias.uol.com.br/colunas/olga-curado/2022/02/24/com-medo-de-lula-bolsonaro-confuso-e-desesperado-faz-discurso-patetico.htm, skipping...
[ERROR - 2026-03-03 14:37:16,530 - Worker_4] Status code == 403 for https://noticias.uol.com.br/colunas/tales-faria/2022/02/24/conflito-russia-ucrania-brasil-teme-sancoes-a-compra-de-fertilizantes.htm, skipping...
[ERROR - 2026-03-03 14:37:18,008 - Worker_2] Status code == 403 for https://noticias.uol.com.br/colunas/fernanda-magnotta/2022/02/24/14-pontos-para-entender-o-conflito-entre-russia-e-ucrania.htm, skipping...
[ERROR - 2026-03-03 14:37:19,253 - Worker_1] Status code == 403 for https://noticias.uol.com.br/colunas/thais-oyama/2022/02/24/pesquisa-mostra-recorde-de-votos-consolidados-ucrania-pode-mudar-cenario.htm, skipping...
[ERROR - 2026-03-03 14:37:20,628 - Worker_4] Status code == 403 for https://noticias.uol.com.br/internacional/ultimas-noticias/2022/02/24/chernobyl-onde-fica-e-por-que-e-importante-na-guerra-russia-x-ucrania.htm, skipping...
[ERROR - 2026-03-03 14:37:21,770 - Worker_3] Status code == 403 for https://noticias.uol.com.br/internacional/ultimas-noticias/2022/02/24/brasileiros-deixarao-ucrania-quando-condicoes-forem-seguras-diz-ministro.htm, skipping...
[ERROR - 2026-03-03 14:37:25,794 - Worker_1] Status code == 403 for https://noticias.uol.com.br/colunas/mauricio-stycer/2022/02/24/globonews-enfrenta-pane-em-sp-e-transfere-comando-de-programas-para-o-rio.htm, skipping...
[ERROR - 2026-03-03 14:37:32,023 - Worker_2] Status code == 403 for https://noticias.uol.com.br/cotidiano/ultimas-noticias/2022/02/24/nivel-rio-tocantins.htm, skipping...
[ERROR - 2026-03-03 14:37:32,840 - Worker_3] Status code == 403 for https://noticias.uol.com.br/internacional/ultimas-noticias/2022/02/24/pena-de-morte-trafico-ja-fez-brasileiro-ser-executado-na-indonesia-em-2015.htm, skipping...
[ERROR - 2026-03-03 14:37:36,936 - Worker_3] Status code == 403 for https://noticias.uol.com.br/internacional/ultimas-noticias/2022/02/24/taiwan-alerta-aeronaves-da-china-em-sua-zona-de-defesa-aerea.htm, skipping...
[ERROR - 2026-03-03 14:37:36,939 - Worker_1] Status code == 403 for https://noticias.uol.com.br/cotidiano/ultimas-noticias/2022/02/24/jovem-morre-apos-se-engasgar-com-biscoito-em-santa-catarina.htm, skipping...
[ERROR - 2026-03-03 14:37:43,308 - Worker_1] Status code == 403 for https://noticias.uol.com.br/internacional/ultimas-noticias/2022/02/24/ignoramos-que-putin-estava-um-passo-a-frente-do-ocidente-diz-especialista.htm, skipping...
[ERROR - 2026-03-03 14:37:44,692 - Worker_4] Status code == 403 for https://noticias.uol.com.br/politica/ultimas-noticias/2022/02/24/moraes-suspende-definitivamente-quebra-de-sigilo-telematico-de-bolsonaro.htm, skipping...
[ERROR - 2026-03-03 14:37:45,561 - Worker_0] Status code == 403 for https://tab.uol.com.br/noticias/redacao/2022/02/24/eu-sei-mas-nao-lembro-defasados-estudantes-voltam-as-aulas-em-sp.htm, skipping...
[ERROR - 2026-03-03 14:37:47,864 - Worker_3] Status code == 403 for https://noticias.uol.com.br/ultimas-noticias/afp/2022/02/24/tres-ex-policiais-sao-considerados-culpados-por-seu-papel-na-morte-de-george-floyd.htm, skipping...
[ERROR - 2026-03-03 14:37:51,249 - Worker_4] Status code == 403 for https://noticias.uol.com.br/cotidiano/ultimas-noticias/2022/02/24/filho-de-vereador-preso-com-droga-carro-apreendido.htm, skipping...
[ERROR - 2026-03-03 14:37:52,045 - Worker_1] Status code == 403 for https://tab.uol.com.br/colunas/trombadas/2022/02/24/o-jacana-alinhavado-de-manolo.htm, skipping...
[ERROR - 2026-03-03 14:37:54,580 - Worker_0] Status code == 403 for https://noticias.uol.com.br/internacional/ultimas-noticias/2022/02/24/quem-e-zelensky-e-como-ele-foi-de-comediante-a-presidente-da-ucrania.htm, skipping...
[ERROR - 2026-03-03 14:37:58,694 - Worker_0] Status code == 403 for https://tab.uol.com.br/noticias/redacao/2022/02/22/fiscal-de-fidelidade-cobra-r-45-ja-testou-4-mil-e-servico-tem-fila.htm, skipping...
[ERROR - 2026-03-03 14:37:58,910 - Worker_2] Status code == 403 for https://noticias.uol.com.br/colunas/leonardo-sakamoto/2022/02/24/bolsonaro-vai-a-motociata-e-terceiriza-ucrania-para-mourao-e-itamaraty.htm, skipping...
[ERROR - 2026-03-03 14:38:13,437 - Worker_2] Status code == 403 for https://noticias.uol.com.br/internacional/ultimas-noticias/2022/02/24/ue-sancoes-russia-invasao-ucrania.htm, skipping...
[ERROR - 2026-03-03 14:38:13,677 - Worker_4] Status code == 403 for https://noticias.uol.com.br/ultimas-noticias/afp/2022/02/24/presidente-da-franca-pediu-a-putin-fim-imediato-de-ofensiva-na-ucrania.htm, skipping...
[ERROR - 2026-03-03 14:38:23,199 - Worker_3] Status code == 403 for https://noticias.uol.com.br/internacional/ultimas-noticias/2022/02/25/forcas-russas-possuem-crematorio-movel-para-evaporar-soldados-mortos.htm, skipping...
[ERROR - 2026-03-03 14:38:24,517 - Worker_0] Status code == 403 for https://noticias.uol.com.br/colunas/reinaldo-azevedo/2022/02/25/ucrania-bolsonaro-desautoriza-vice-que-tenta-citar-karl-marx-contra-putin.htm, skipping...
[ERROR - 2026-03-03 14:38:29,715 - Worker_2] Status code == 403 for https://noticias.uol.com.br/cotidiano/ultimas-noticias/2022/02/25/pai-e-preso-por-estupro-apos-filhas-denunciarem-abusos-em-desenhos.htm, skipping...
[ERROR - 2026-03-03 14:38:33,799 - Worker_0] Status code == 403 for https://tab.uol.com.br/noticias/redacao/2022/02/25/a-amizade-de-moradores-de-rua-que-perderam-o-pouco-que-tinham-em-petropolis.htm, skipping...
[ERROR - 2026-03-03 14:38:33,821 - Worker_2] Status code == 403 for https://noticias.uol.com.br/colunas/maria-carolina-trevisan/2022/02/25/medo-da-pandemia-diminui-mas-nao-melhora-popularidade-de-bolsonaro.htm, skipping...
[ERROR - 2026-03-03 14:38:34,339 - Worker_3] Status code == 403 for https://noticias.uol.com.br/internacional/ultimas-noticias/2022/02/25/apos-decada-de-investimentos-russia-tem-arsenal-belico-avassalador.htm, skipping...
[ERROR - 2026-03-03 14:38:36,610 - Worker_4] Status code == 403 for https://noticias.uol.com.br/ao-vivo/2022/02/24/guerra-entre-russia-e-ucrania.htm, skipping...
[ERROR - 2026-03-03 14:38:37,844 - Worker_1] Status code == 403 for https://noticias.uol.com.br/internacional/ultimas-noticias/2022/02/25/russia-x-ucrania-segundo-dia-conflito-invasao.htm, skipping...
[ERROR - 2026-03-03 14:38:41,999 - Worker_1] Status code == 403 for https://noticias.uol.com.br/internacional/ultimas-noticias/2022/02/25/brasileiro-tenta-cruzar-fronteira-ucrania-polonia.htm, skipping...
[ERROR - 2026-03-03 14:38:45,247 - Worker_3] Status code == 403 for https://noticias.uol.com.br/internacional/ultimas-noticias/2022/02/25/apoio-de-tropas-do-ocidente-a-ucrania-e-improvavel-apontam-especialistas.htm, skipping...
[ERROR - 2026-03-03 14:38:47,000 - Worker_2] Status code == 403 for https://noticias.uol.com.br/cotidiano/ultimas-noticias/2022/02/25/advogada-furta-carne-picanha-rn.htm, skipping...
[ERROR - 2026-03-03 14:38:49,597 - Worker_3] Status code == 403 for https://noticias.uol.com.br/ultimas-noticias/reuters/2022/02/25/sem-bolsonaro-presidentes-do-mercosul-condenam-ataque-russo-a-ucrania.htm, skipping...
[ERROR - 2026-03-03 14:38:59,142 - Worker_4] Status code == 403 for https://noticias.uol.com.br/cotidiano/ultimas-noticias/2022/02/25/turista-portugues-e-agredido-durante-assalto-em-copacabana-rj.htm, skipping...
[ERROR - 2026-03-03 14:39:00,600 - Worker_1] Status code == 403 for https://noticias.uol.com.br/internacional/ultimas-noticias/2022/02/25/quem-e-quem-conflito-russia-ucrania.htm, skipping...
[ERROR - 2026-03-03 14:39:03,277 - Worker_4] Status code == 403 for https://noticias.uol.com.br/internacional/ultimas-noticias/2022/02/25/russia-havera-consequencias-se-suecia-e-finlandia-entrarem-na-otan.htm, skipping...
[ERROR - 2026-03-03 14:39:12,354 - Worker_3] Status code == 403 for https://noticias.uol.com.br/cotidiano/ultimas-noticias/2022/02/25/antivacinas-e-contra-a-constituicao-saiba-quem-e-pastor-preso-pela-pf.htm, skipping...
[ERROR - 2026-03-03 14:39:18,963 - Worker_0] Status code == 403 for https://noticias.uol.com.br/internacional/ultimas-noticias/2022/02/25/tiktoker-luta-com-tubarao-fica-ferida-e-filma-jornada-de-ilha-a-hospital.htm, skipping...
[ERROR - 2026-03-03 14:39:19,171 - Worker_1] Status code == 403 for https://noticias.uol.com.br/colunas/mauricio-stycer/2022/02/25/jovem-pan-e-record-dao-vexame-em-cobertura-da-guerra-e-nao-se-corrigem.htm, skipping...
[ERROR - 2026-03-03 14:39:21,995 - Worker_2] Status code == 403 for https://noticias.uol.com.br/ultimas-noticias/afp/2022/02/25/terremoto-na-indonesia-deixa-pelo-menos-sete-mortos.htm, skipping...
[ERROR - 2026-03-03 14:39:23,273 - Worker_1] Status code == 403 for https://noticias.uol.com.br/internacional/ultimas-noticias/2022/02/25/presidente-ucrania-russia-tomar-kiev-esta-noite.htm, skipping...
[ERROR - 2026-03-03 14:39:32,241 - Worker_0] Status code == 403 for https://noticias.uol.com.br/internacional/ultimas-noticias/2022/02/25/explosoes-kiev-ucrania-russia.htm, skipping...
[ERROR - 2026-03-03 14:39:35,050 - Worker_1] Status code == 403 for https://noticias.uol.com.br/colunas/jamil-chade/2022/02/25/russia-veta-acao-da-onu-contra-a-guerra-brasil-vota-ao-lado-dos-eua.htm, skipping...
[ERROR - 2026-03-03 14:39:40,092 - Worker_3] Status code == 403 for https://noticias.uol.com.br/cotidiano/ultimas-noticias/2022/02/25/pa-boi-invade-loja-placa-animais.htm, skipping...
[ERROR - 2026-03-03 14:39:40,545 - Worker_2] Status code == 403 for https://noticias.uol.com.br/internacional/ultimas-noticias/2022/02/25/homem-penis-pilha.htm, skipping...
[ERROR - 2026-03-03 14:39:44,873 - Worker_2] Status code == 403 for https://noticias.uol.com.br/ultimas-noticias/agencia-estado/2022/02/25/policiais-grevistas-tem-primeira-derrota-na-justica-de-minas-gerais.htm, skipping...
[ERROR - 2026-03-03 14:39:46,012 - Worker_0] Status code == 403 for https://noticias.uol.com.br/colunas/tales-faria/2022/02/25/falas-de-mourao-e-bolsonaro-expressam-racha-entre-militares-sobre-a-crise.htm, skipping...
[ERROR - 2026-03-03 14:39:46,402 - Worker_1] Status code == 403 for https://noticias.uol.com.br/internacional/ultimas-noticias/2022/02/25/tanque-atropela-carro-ucrania.htm, skipping...
[ERROR - 2026-03-03 14:39:48,993 - Worker_3] Status code == 403 for https://noticias.uol.com.br/colunas/josias-de-souza/2022/02/25/ao-poupar-putin-bolsonaro-alinha-brasil-a-china.htm, skipping...
[ERROR - 2026-03-03 14:39:51,408 - Worker_2] Status code == 403 for https://noticias.uol.com.br/colunas/jamil-chade/2022/02/25/com-damares-na-onu-alianca-de-bolsonaro-com-putin-sera-testada.htm, skipping...
[ERROR - 2026-03-03 14:39:55,562 - Worker_3] Status code == 403 for https://noticias.uol.com.br/internacional/ultimas-noticias/2022/02/25/porta-voz-diz-que-zelensky-aceitou-proposta-para-negociar-cessar-fogo.htm, skipping...
[ERROR - 2026-03-03 14:39:55,600 - Worker_2] Status code == 403 for https://tab.uol.com.br/noticias/redacao/2022/02/22/fiscal-de-fidelidade-cobra-r-45-ja-testou-4-mil-e-servico-tem-fila.htm, skipping...
[ERROR - 2026-03-03 14:39:58,665 - Worker_4] Status code == 403 for https://noticias.uol.com.br/colunas/mauricio-stycer/2022/02/25/sbt-cancela-telejornal-vespertino-apos-menos-de-dois-meses.htm, skipping...
[ERROR - 2026-03-03 14:40:07,806 - Worker_1] Status code == 403 for https://noticias.uol.com.br/cotidiano/ultimas-noticias/2022/02/25/carnaval-sp-calor-previsao-do-tempo.htm, skipping...
[ERROR - 2026-03-03 14:40:21,629 - Worker_1] Status code == 403 for https://noticias.uol.com.br/politica/ultimas-noticias/2022/02/25/governo-troca-diretor-da-pf-por-numero-2-do-ministerio-da-justica.htm, skipping...
[ERROR - 2026-03-03 14:40:22,453 - Worker_4] Status code == 403 for https://noticias.uol.com.br/colunas/mauricio-stycer/2022/02/24/relatos-de-enviados-de-tvs-dao-temperatura-a-guerra-globo-fica-para-tras.htm, skipping...
[ERROR - 2026-03-03 14:40:33,598 - Worker_3] Status code == 403 for https://tab.uol.com.br/noticias/redacao/2022/02/25/a-amizade-de-moradores-de-rua-que-perderam-o-pouco-que-tinham-em-petropolis.htm, skipping...
[ERROR - 2026-03-03 14:40:36,797 - Worker_4] Status code == 403 for https://noticias.uol.com.br/ao-vivo/2022/02/24/guerra-entre-russia-e-ucrania.htm, skipping...
[ERROR - 2026-03-03 14:40:40,423 - Worker_0] Status code == 403 for https://noticias.uol.com.br/ultimas-noticias/2022/02/26/mega-sena-tem-numeros-sorteados-premio-principal-e-de-r-497-milhoes.htm, skipping...
[ERROR - 2026-03-03 14:40:40,760 - Worker_2] Status code == 403 for https://noticias.uol.com.br/colunas/leonardo-sakamoto/2022/02/26/bloqueio-de-aliado-no-telegram-e-pessima-noticia-para-campanha-de-bolsonaro.htm, skipping...
[ERROR - 2026-03-03 14:40:41,118 - Worker_4] Status code == 403 for https://noticias.uol.com.br/cotidiano/ultimas-noticias/2022/02/26/jiboia-rarissima-e-ameacada-de-extincao-e-resgatada-de-cativeiro-em-sp.htm, skipping...
[ERROR - 2026-03-03 14:40:45,443 - Worker_4] Status code == 403 for https://noticias.uol.com.br/internacional/ultimas-noticias/2022/02/26/ucrania-fechar-fronteiras-russia-bielorrussia.htm, skipping...
[ERROR - 2026-03-03 14:40:49,146 - Worker_1] Status code == 403 for https://noticias.uol.com.br/internacional/ultimas-noticias/2022/02/25/apoio-de-tropas-do-ocidente-a-ucrania-e-improvavel-apontam-especialistas.htm, skipping...
[ERROR - 2026-03-03 14:40:49,770 - Worker_4] Status code == 403 for https://tab.uol.com.br/colunas/daniela-pinheiro/2022/02/26/porchat-sou-atacado-por-nao-ser-lula-nem-bolsonaro.htm, skipping...
[ERROR - 2026-03-03 14:40:50,171 - Worker_3] Status code == 403 for https://noticias.uol.com.br/politica/ultimas-noticias/2022/02/26/telegram-bloqueia-canal-de-allan-dos-santos-apos-ordem-de-moraes.htm, skipping...
[ERROR - 2026-03-03 14:40:58,280 - Worker_1] Status code == 403 for https://noticias.uol.com.br/cotidiano/ultimas-noticias/2022/02/26/conheca-alguns-dos-maiores-insetos-encontrados-na-fauna-brasileira.htm, skipping...
[ERROR - 2026-03-03 14:40:58,460 - Worker_0] Status code == 403 for https://noticias.uol.com.br/colunas/jose-luiz-portella/2022/02/25/a-politica-economica-que-lula-ira-fazer.htm, skipping...
[ERROR - 2026-03-03 14:41:09,827 - Worker_3] Status code == 403 for https://noticias.uol.com.br/colunas/leonardo-sakamoto/2022/02/25/pesquisa-aponta-62-contra-porte-de-arma-e-69-contra-legalizacao-do-aborto.htm, skipping...
[ERROR - 2026-03-03 14:41:10,596 - Worker_2] Status code == 403 for https://noticias.uol.com.br/internacional/ultimas-noticias/2022/02/26/otan-russia-avanco-invasao-ucrania.htm, skipping...
[ERROR - 2026-03-03 14:41:14,165 - Worker_3] Status code == 403 for https://noticias.uol.com.br/internacional/ultimas-noticias/2022/02/26/russia-expansao-ofensiva-ucrania-todas-direcoes.htm, skipping...
[ERROR - 2026-03-03 14:41:19,935 - Worker_4] Status code == 403 for https://noticias.uol.com.br/colunas/josias-de-souza/2022/02/25/que-diria-bolsonaro-se-ucrania-fosse-amazonia.htm, skipping...
[ERROR - 2026-03-03 14:41:23,348 - Worker_3] Status code == 403 for https://noticias.uol.com.br/cotidiano/ultimas-noticias/2022/02/25/antivacinas-e-contra-a-constituicao-saiba-quem-e-pastor-preso-pela-pf.htm, skipping...
[ERROR - 2026-03-03 14:41:24,346 - Worker_0] Status code == 403 for https://noticias.uol.com.br/colunas/mauricio-stycer/2022/02/25/jovem-pan-e-record-dao-vexame-em-cobertura-da-guerra-e-nao-se-corrigem.htm, skipping...
[ERROR - 2026-03-03 14:41:27,471 - Worker_3] Status code == 403 for https://noticias.uol.com.br/internacional/ultimas-noticias/2022/02/25/qual-sera-destino-do-presidente-da-ucrania-apos-invasao-veja-3-cenarios.htm, skipping...
[ERROR - 2026-03-03 14:41:28,760 - Worker_2] Status code == 403 for https://noticias.uol.com.br/internacional/ultimas-noticias/2022/02/26/ucrania-armas-paises.htm, skipping...
[ERROR - 2026-03-03 14:41:30,575 - Worker_1] Status code == 403 for https://noticias.uol.com.br/cotidiano/ultimas-noticias/2022/02/25/medico-de-bolsonaro-precisa-atender-paciente-em-voo-de-ferias-para-miami.htm, skipping...
[ERROR - 2026-03-03 14:41:44,767 - Worker_4] Status code == 403 for https://noticias.uol.com.br/colunas/mauricio-stycer/2022/02/26/por-falta-de-seguranca-enviados-da-record-e-da-cnn-brasil-deixam-a-ucrania.htm, skipping...
[ERROR - 2026-03-03 14:41:45,864 - Worker_3] Status code == 403 for https://noticias.uol.com.br/internacional/ultimas-noticias/2022/02/26/ucrania-invasao-russia-guerra.htm, skipping...
[ERROR - 2026-03-03 14:41:46,946 - Worker_0] Status code == 403 for https://noticias.uol.com.br/ultimas-noticias/afp/2022/02/26/suecia-e-finlandia-reiteram-seu-direito-de-aderir-a-otan.htm, skipping...
[ERROR - 2026-03-03 14:41:54,486 - Worker_3] Status code == 403 for https://tab.uol.com.br/noticias/redacao/2022/02/24/eu-sei-mas-nao-lembro-defasados-estudantes-voltam-as-aulas-em-sp.htm, skipping...
[ERROR - 2026-03-03 14:41:55,642 - Worker_0] Status code == 403 for https://noticias.uol.com.br/politica/ultimas-noticias/2022/02/26/acao-conselho-seguranca-mostra-posicao-brasil-conflito-jair-bolsonaro.htm, skipping...
[ERROR - 2026-03-03 14:42:03,727 - Worker_3] Status code == 403 for https://noticias.uol.com.br/internacional/ultimas-noticias/2022/02/26/como-a-expansao-da-otan-levou-a-guerra-da-russia-contra-ucrania.htm, skipping...
[ERROR - 2026-03-03 14:42:10,042 - Worker_4] Status code == 403 for https://blogdojuca.uol.com.br/2022/02/nao-se-normaliza-o-anormal/, skipping...
[ERROR - 2026-03-03 14:42:12,156 - Worker_1] Status code == 403 for https://noticias.uol.com.br/internacional/ultimas-noticias/2022/02/26/por-que-russia-ameaca-finlandia-suecia-guerra-com-ucrania.htm, skipping...
[ERROR - 2026-03-03 14:42:12,449 - Worker_3] Status code == 403 for https://noticias.uol.com.br/politica/ultimas-noticias/2022/02/26/brasileiros-ucrania-bolsonaro-refugiados-russia-guerra.htm, skipping...
[ERROR - 2026-03-03 14:42:16,787 - Worker_3] Status code == 403 for https://noticias.uol.com.br/saude/ultimas-noticias/redacao/2022/02/26/covid-19-coronavirus-casos-mortes-26-de-fevereiro.htm, skipping...
[ERROR - 2026-03-03 14:42:26,007 - Worker_0] Status code == 403 for https://tab.uol.com.br/colunas/michel-alcoforado/2022/02/26/flopou-como-o-bbb22-explica-parte-dos-seus-dilemas.htm, skipping...
[ERROR - 2026-03-03 14:42:30,842 - Worker_3] Status code == 403 for https://noticias.uol.com.br/colunas/coluna-entendendo-bolsonaro/2022/02/25/putin-declara-guerra-ao-globalismo-que-bolsonaristas-tanto-criticam.htm, skipping...
[ERROR - 2026-03-03 14:42:35,723 - Worker_2] Status code == 403 for https://noticias.uol.com.br/politica/ultimas-noticias/2022/02/27/bolsonaro-brasil-guerra-ucrania-russia-putin.htm, skipping...
[ERROR - 2026-03-03 14:42:39,632 - Worker_3] Status code == 403 for https://tab.uol.com.br/noticias/redacao/2022/02/25/a-amizade-de-moradores-de-rua-que-perderam-o-pouco-que-tinham-em-petropolis.htm, skipping...
[ERROR - 2026-03-03 14:42:39,815 - Worker_0] Status code == 403 for https://noticias.uol.com.br/ultimas-noticias/agencia-brasil/2022/02/27/paulo-maluf-recebe-alta-hospitalar-em-sao-paulo.htm, skipping...
[ERROR - 2026-03-03 14:42:39,905 - Worker_4] Status code == 403 for https://noticias.uol.com.br/ao-vivo/2022/02/24/guerra-entre-russia-e-ucrania.htm, skipping...
[ERROR - 2026-03-03 14:42:46,235 - Worker_4] Status code == 403 for https://tab.uol.com.br/colunas/daniela-pinheiro/2022/02/26/porchat-sou-atacado-por-nao-ser-lula-nem-bolsonaro.htm, skipping...
[ERROR - 2026-03-03 14:42:47,728 - Worker_1] Status code == 403 for https://noticias.uol.com.br/ultimas-noticias/deutschewelle/2022/02/27/centenas-de-milhares-protestam-em-berlim-contra-a-guerra.htm, skipping...
[ERROR - 2026-03-03 14:42:56,549 - Worker_1] Status code == 403 for https://noticias.uol.com.br/internacional/ultimas-noticias/2022/02/27/estrangeiros-denunciam-barrados-trens-onibus-fronteiras-ucrania.htm, skipping...
[ERROR - 2026-03-03 14:44:05,841 - Worker_3] Status code == 403 for https://noticias.uol.com.br/colunas/jamil-chade/2022/02/27/com-bancos-esporte-musica-e-armas-ocidente-quer-fazer-de-putin-um-paria.htm, skipping...
[ERROR - 2026-03-03 14:44:08,845 - Worker_2] Status code == 403 for https://noticias.uol.com.br/colunas/pra-comecar-a-semana/2022/02/27/de-olho-na-ucrania---e-outros-destaques.htm, skipping...
[ERROR - 2026-03-03 14:44:10,524 - Worker_3] Status code == 403 for https://tab.uol.com.br/noticias/redacao/2022/02/24/eu-sei-mas-nao-lembro-defasados-estudantes-voltam-as-aulas-em-sp.htm, skipping...
[ERROR - 2026-03-03 14:44:13,079 - Worker_4] Status code == 403 for https://noticias.uol.com.br/internacional/ultimas-noticias/2022/02/27/prefeito-berdyansk-guerra-russia.htm, skipping...
[ERROR - 2026-03-03 14:44:18,942 - Worker_0] Status code == 403 for https://noticias.uol.com.br/internacional/ultimas-noticias/2022/02/27/russia-ucrania-prefeito-kharkiv-russos-renderam-capturados-sem-agua.htm, skipping...
[ERROR - 2026-03-03 14:44:24,735 - Worker_2] Status code == 403 for https://noticias.uol.com.br/colunas/josias-de-souza/2022/02/27/bolsonaro-estilhacou-imagem-da-policia-federal.htm, skipping...
[ERROR - 2026-03-03 14:44:29,347 - Worker_2] Status code == 403 for https://economia.uol.com.br/empregos-e-carreiras/noticias/redacao/2022/02/27/concursos-publicos.htm, skipping...
[ERROR - 2026-03-03 14:44:29,752 - Worker_4] Status code == 403 for https://noticias.uol.com.br/internacional/ultimas-noticias/2022/02/27/video-mostra-forcas-ucranianas-atacando-tropas-russas-em-zhytomyr-assista.htm, skipping...
[ERROR - 2026-03-03 14:44:35,764 - Worker_3] Status code == 403 for https://noticias.uol.com.br/internacional/ultimas-noticias/2022/02/27/prefeito-diz-que-kiev-esta-cercada-diante-de-catastrofe-humanitaria.htm, skipping...
[ERROR - 2026-03-03 14:44:36,507 - Worker_0] Status code == 403 for https://noticias.uol.com.br/colunas/rubens-valente/2022/02/27/policia-federal-bolsonaro-diretores.htm, skipping...
[ERROR - 2026-03-03 14:44:42,716 - Worker_2] Status code == 403 for https://noticias.uol.com.br/internacional/ultimas-noticias/2022/02/27/se-o-brasil-entrasse-em-uma-guerra-quem-seria-convocado.htm, skipping...
[INFO - 2026-03-03 14:44:46,730 - MainThread] Processed 11064 links - 9099/11064 succeeded (82.2%).
[INFO - 2026-03-03 14:44:46,731 - MainThread] Total time taken to complete: 178min
