[INFO - 2025-10-25 18:38:19,963 - MainThread] 2011 links from 'out/uol_links/2016/1-2016.txt'.
[ERROR - 2025-10-25 18:38:20,212 - Worker_1] Status code == 403 for http://balanacesta.blogosfera.uol.com.br/2016/01/01/o-ano-comeca-com-o-final-de-kobe-bryant/, skipping...
[ERROR - 2025-10-25 18:38:23,373 - Worker_0] Status code == 403 for http://nagradedomma.blogosfera.uol.com.br/2016/01/01/rafael-dos-anjos-concorre-com-mcgregor-no-oscar-do-mma-veja-a-lista/, skipping...
[ERROR - 2025-10-25 18:38:25,063 - Worker_2] Status code == 403 for http://noticias.uol.com.br/ultimas-noticias/efe/2016/01/01/ataque-taliba-a-restaurante-frances-em-cabul-deixa-2-mortos-e-15-feridos.htm, skipping...
[ERROR - 2025-10-25 18:38:27,147 - Worker_1] Status code == 403 for http://tecnologia.uol.com.br/noticias/redacao/2016/01/01/john-travolta-jessica-e-vestido-azul-2015-foi-o-ano-dos-gifs-animaidos.htm, skipping...
[ERROR - 2025-10-25 18:38:27,526 - Worker_0] Status code == 403 for http://noticias.uol.com.br/ultimas-noticias/bbc/2016/01/01/prancha-adaptada-permite-que-surfista-paraplegico-volte-ao-mar.htm, skipping...
[ERROR - 2025-10-25 18:38:31,296 - Worker_1] Status code == 403 for http://noticias.uol.com.br/ultimas-noticias/efe/2016/01/01/dubai-extingue-totalmente-incendio-em-hotel-e-investiga-suas-causas.htm, skipping...
[ERROR - 2025-10-25 18:38:31,519 - Worker_2] Status code == 403 for http://noticias.uol.com.br/album/album-do-dia/2016/01/01/imagens-do-dia---1-de-janeiro-de-2016.htm?abrefoto=17, skipping...
[ERROR - 2025-10-25 18:38:31,711 - Worker_0] Status code == 403 for http://noticias.uol.com.br/internacional/ultimas-noticias/le-monde/2016/01/01/inseminacao-artificial-e-desafio-juridico-para-casais-de-lesbicas-na-franca.htm, skipping...
[ERROR - 2025-10-25 18:38:33,226 - Worker_4] Status code == 403 for http://noticias.uol.com.br/album/album-do-dia/2016/01/01/imagens-do-dia---1-de-janeiro-de-2016.htm?abrefoto=15, skipping...
[ERROR - 2025-10-25 18:38:35,921 - Worker_0] Status code == 403 for http://noticias.uol.com.br/ultimas-noticias/agencia-estado/2016/01/01/apos-reveillon-6942-toneladas-de-residuos-sao-recolhidas-no-rio.htm, skipping...
[ERROR - 2025-10-25 18:38:39,845 - Worker_4] Status code == 403 for http://robertosadovski.blogosfera.uol.com.br/2016/01/01/14-nomes-para-ficar-de-olho-no-cinema-em-2016/, skipping...
[ERROR - 2025-10-25 18:38:40,411 - Worker_0] Status code == 403 for http://noticias.uol.com.br/ultimas-noticias/agencia-estado/2016/01/01/planos-sao-obrigados-a-cobrir-testes-rapidos-de-dengue-e-chikungunya.htm, skipping...
[ERROR - 2025-10-25 18:39:05,201 - Worker_3] Status code == 404 for http://tvjornal.ne10.uol.com.br/noticia/programa/tv-jornal-meio-dia/2016/01/01/primeiro-bebe-do-recife-de-2016-nasce-dentro-de-carro-por-falta-de-atendimento-22506.php, skipping...
[ERROR - 2025-10-25 18:39:06,570 - Worker_0] Status code == 403 for http://noticias.uol.com.br/ciencia/ultimas-noticias/redacao/2016/01/01/clique-ciencia-andar-descalco-provoca-resfriado-ou-e-papo-de-vo.htm, skipping...
[ERROR - 2025-10-25 18:39:25,796 - Worker_2] Status code == 404 for http://esporte.uol.com.br/f1/ultimas-noticias/2016/01/02/alonso-ve-mclaren-pelo-menos-dois-segundos-mais-veloz-em-2016.htm, skipping...
[ERROR - 2025-10-25 18:39:44,751 - Worker_2] Status code == 403 for http://pvc.blogosfera.uol.com.br/2016/01/02/o-grande-injusticado-de-2015-carlitos-tevez/, skipping...
[ERROR - 2025-10-25 18:39:49,676 - Worker_4] Status code == 403 for http://blogdomenon.blogosfera.uol.com.br/2016/01/02/neymar-seja-corajoso-como-o-aranha/, skipping...
[ERROR - 2025-10-25 18:39:51,359 - Worker_2] Status code == 403 for http://uolesporte.blogosfera.uol.com.br/2016/01/02/ring-girl-do-ufc-assiste-a-jogo-do-barca-apos-passar-ano-novo-com-neymar/, skipping...
[ERROR - 2025-10-25 18:40:03,497 - Worker_3] Failed to connect with http://carsale.uol.com.br/ultimas/2016/01/01/bumblebee-o-chevrolet-camaro-do-transformers-sera-leiloado-veja-fotos/ after 3 attempts, skipping...
[ERROR - 2025-10-25 18:40:04,735 - Worker_2] Status code == 403 for http://noticias.uol.com.br/ultimas-noticias/efe/2016/01/02/manifestantes-incendeiam-embaixada-da-arabia-saudita-no-ira.htm, skipping...
[ERROR - 2025-10-25 18:40:12,792 - Worker_1] Status code == 403 for http://noticias.uol.com.br/ultimas-noticias/agencia-estado/2016/01/02/educacao-perde-r-105-bi-em-2015.htm, skipping...
[ERROR - 2025-10-25 18:40:17,154 - Worker_1] Status code == 403 for http://blogdosakamoto.blogosfera.uol.com.br/2016/01/02/para-comemorar-a-chegada-de-2016-mais-uma-chacina-em-sao-paulo/, skipping...
[ERROR - 2025-10-25 18:40:18,065 - Worker_3] Status code == 403 for http://noticias.uol.com.br/album/album-do-dia/2016/01/02/imagens-do-dia---2-de-janeiro-de-2016.htm?abrefoto=13, skipping...
[ERROR - 2025-10-25 18:40:21,413 - Worker_1] Status code == 403 for http://noticias.uol.com.br/ultimas-noticias/agencia-estado/2016/01/02/lema-expos-disputa-no-governo.htm, skipping...
[ERROR - 2025-10-25 18:40:22,211 - Worker_3] Status code == 403 for http://noticias.uol.com.br/ultimas-noticias/bbc/2016/01/02/novo-metodo-promete-facilitar-busca-por-vida-extraterrestre.htm, skipping...
[ERROR - 2025-10-25 18:40:25,659 - Worker_1] Status code == 403 for http://andrerocha.blogosfera.uol.com.br/2016/01/02/vitoria-de-lider-do-arsenal-no-ingles-com-jeito-de-brasileirao-agora-vai/, skipping...
[ERROR - 2025-10-25 18:40:26,358 - Worker_3] Status code == 403 for http://noticias.uol.com.br/internacional/ultimas-noticias/the-new-york-times/2016/01/02/faculdades-dos-eua-correm-para-encorajar-empreendedores.htm, skipping...
[ERROR - 2025-10-25 18:40:29,991 - Worker_1] Status code == 403 for http://blogdoperrone.blogosfera.uol.com.br/2016/01/palmeiras-incomoda-rivais-na-briga-por-reforcos/, skipping...
[ERROR - 2025-10-25 18:40:30,689 - Worker_3] Status code == 403 for http://nagradedomma.blogosfera.uol.com.br/2016/01/02/werdum-prepara-resposta-aos-criticos-e-revela-porta-na-cara-em-mcgregor-2/, skipping...
[ERROR - 2025-10-25 18:40:30,776 - Worker_4] Status code == 403 for http://blogdojuca.uol.com.br/2016/01/juiz-americano-aceita-diminuir-a-fianca-de-marin/, skipping...
[ERROR - 2025-10-25 18:40:33,753 - Worker_2] Status code == 403 for http://noticias.uol.com.br/ultimas-noticias/bbc/2016/01/02/quem-e-o-clerigo-xiita-cuja-execucao-pela-arabia-saudita-causou-revolta.htm, skipping...
[ERROR - 2025-10-25 18:40:34,859 - Worker_3] Status code == 403 for http://noticias.uol.com.br/internacional/ultimas-noticias/the-new-york-times/2016/01/04/na-suecia-nem-os-bancos-aceitam-mais-dinheiro.htm, skipping...
[ERROR - 2025-10-25 18:40:34,921 - Worker_4] Status code == 403 for http://noticias.uol.com.br/ciencia/ultimas-noticias/redacao/2016/01/03/guerra-ao-mosquito-conheca-seis-armas-biologicas-contra-o-aedes.htm, skipping...
[ERROR - 2025-10-25 18:40:37,916 - Worker_2] Status code == 403 for http://noticias.uol.com.br/ultimas-noticias/afp/2016/01/03/estado-islamico-difunde-video-com-novas-execucoes-e-ameaca-o-reino-unido.htm, skipping...
[ERROR - 2025-10-25 18:40:38,570 - Worker_0] Status code == 403 for http://blogdoperrone.blogosfera.uol.com.br/2016/01/flerte-com-valdivia-marca-reviravolta-em-atuacao-de-parceiros-palmeirenses/, skipping...
[ERROR - 2025-10-25 18:40:47,048 - Worker_2] Status code == 403 for http://blogdoboleiro.blogosfera.uol.com.br/2016/01/03/inimigo-de-del-nero-presidente-da-fcf-diz-ele-esta-dando-golpe-na-cbf/, skipping...
[ERROR - 2025-10-25 18:40:50,721 - Worker_3] Status code == 403 for http://noticias.uol.com.br/ultimas-noticias/agencia-estado/2016/01/03/temer-nega-que-doador-de-campanha-tenha-sido-beneficiado-por-emenda.htm, skipping...
[ERROR - 2025-10-25 18:40:52,711 - Worker_4] Status code == 403 for http://noticias.uol.com.br/album/album-do-dia/2016/01/03/imagens-do-dia---3-de-janeiro-de-2016.htm?abrefoto=13, skipping...
[ERROR - 2025-10-25 18:40:53,510 - Worker_2] Status code == 403 for http://noticias.uol.com.br/ultimas-noticias/agencia-estado/2016/01/03/grupo-doador-de-campanha-de-temer-recebe-beneficio-de-aliado-em-porto.htm, skipping...
[ERROR - 2025-10-25 18:40:54,049 - Worker_1] Status code == 403 for http://noticias.uol.com.br/ultimas-noticias/agencia-estado/2016/01/03/dilma-avalia-opcao-para-reajuste-do-bolsa.htm, skipping...
[ERROR - 2025-10-25 18:40:54,883 - Worker_3] Status code == 403 for http://noticias.uol.com.br/ultimas-noticias/efe/2016/01/03/ataque-suicida-do-ei-mata-12-policiais-ao-norte-de-bagda.htm, skipping...
[ERROR - 2025-10-25 18:40:57,685 - Worker_2] Status code == 403 for http://uolesporte.blogosfera.uol.com.br/2016/01/03/ex-namorada-foge-de-campeao-do-us-open-era-obcecado/, skipping...
[ERROR - 2025-10-25 18:41:00,002 - Worker_3] Status code == 404 for http://esporte.uol.com.br/f1/ultimas-noticias/2016/01/03/massa-divulga-mensagem-de-aniversario-a-schumacher-continue-lutando.htm, skipping...
[ERROR - 2025-10-25 18:41:01,499 - Worker_4] Status code == 403 for http://noticias.uol.com.br/ultimas-noticias/bbc/2016/01/03/como-execucao-de-clerigo-xiita-pode-aumentar-antigas-tensoes-no-oriente-medio.htm, skipping...
[ERROR - 2025-10-25 18:41:10,427 - Worker_4] Status code == 403 for http://mauriciostycer.blogosfera.uol.com.br/2016/01/03/ivete-horario-e-criancas-talentosas-fazem-a-diferenca-no-the-voice-kids/, skipping...
[ERROR - 2025-10-25 18:41:12,905 - Worker_0] Status code == 404 for http://mulher.uol.com.br/comportamento/noticias/bbc/2016/01/03/os-militares-transgeneros-que-viram-exercito-como-forma-de-terapia.htms/, skipping...
[ERROR - 2025-10-25 18:41:45,469 - Worker_0] Status code == 404 for http://esporte.uol.com.br/f1/ultimas-noticias/2016/01/03/companheiro-de-nasr-na-sauber-diz-que-nao-e-amigo-do-brasileiro.htm, skipping...
[ERROR - 2025-10-25 18:41:58,379 - Worker_3] Status code == 403 for http://noticias.uol.com.br/ultimas-noticias/bbc/2016/01/03/a-ponte-entre-brasil-e-guiana-francesa-que-ninguem-pode-cruzar.htm, skipping...
[ERROR - 2025-10-25 18:42:02,815 - Worker_3] Status code == 403 for http://pvc.blogosfera.uol.com.br/2016/01/03/gremio-tera-wallace-mas-rafael-marques-fica-no-palmeiras/, skipping...
[ERROR - 2025-10-25 18:42:09,492 - Worker_3] Status code == 403 for http://blogdomenon.blogosfera.uol.com.br/2016/01/03/pele-e-o-racismo-neymar-e-vitima-ou-conivente/, skipping...
[ERROR - 2025-10-25 18:42:12,954 - Worker_4] Status code == 403 for http://blogmiltonneves.bol.uol.com.br/blog/2016/01/03/thiago-silva-detona-ex-jogadores-comentaristas-de-futebol-quais-os-melhores-do-brasil/, skipping...
[ERROR - 2025-10-25 18:42:17,183 - Worker_4] Status code == 403 for http://economia.uol.com.br/noticias/bbc/2016/01/04/cinco-coisas-que-voce-precisa-saber-sobre-o-tombo-dos-mercados-chineses---e-seu-efeito-no-brasil.htm, skipping...
[ERROR - 2025-10-25 18:42:19,481 - Worker_3] Status code == 403 for http://fisicanaveia.blogosfera.uol.com.br/2016/01/04/show-de-astros-nas-proximas-madrugadas/, skipping...
[ERROR - 2025-10-25 18:42:21,345 - Worker_4] Status code == 403 for http://economia.uol.com.br/empregos-e-carreiras/noticias/redacao/2016/01/04/concursos-publicos-tem-31246-vagas-com-salarios-de-ate-r-275-mil.htm, skipping...
[ERROR - 2025-10-25 18:42:25,784 - Worker_4] Status code == 403 for http://educacao.uol.com.br/noticias/2016/01/04/alunos-deixam-primeira-escola-ocupada-da-capital-paulista.htm, skipping...
[ERROR - 2025-10-25 18:42:31,394 - Worker_3] Status code == 403 for http://blogdobrito.blogosfera.uol.com.br/2016/01/04/mesmo-que-fracassemos-na-rio-16-esporte-olimpico-ainda-tera-r-600-milhoes/, skipping...
[ERROR - 2025-10-25 18:42:32,314 - Worker_4] Status code == 403 for http://noticias.uol.com.br/ultimas-noticias/agencia-estado/2016/01/04/impeachment-nao-sobrevivera-aos-primeiros-testes-na-camara-diz-jaques-wagner.htm, skipping...
[ERROR - 2025-10-25 18:42:36,693 - Worker_4] Status code == 403 for http://pvc.blogosfera.uol.com.br/2016/01/04/maracana-demite-equipe-e-prepara-devolucao-ao-governo/, skipping...
[ERROR - 2025-10-25 18:42:42,927 - Worker_3] Status code == 403 for http://andrerocha.blogosfera.uol.com.br/2016/01/04/nem-genio-nem-lixo-precisamos-conversar-sobre-paulo-henrique-ganso, skipping...
[ERROR - 2025-10-25 18:42:57,939 - Worker_2] Status code == 403 for http://noticias.uol.com.br/album/bbc/2016/01/04/ao-ar-livre-os-fotografos-do-ano-segundo-concurso-global.htm?abrefoto=6, skipping...
[ERROR - 2025-10-25 18:43:00,748 - Worker_4] Status code == 403 for http://economia.uol.com.br/cotacoes/noticias/redacao/2016/01/04/bolsa-cai-28-e-atinge-menor-nivel-desde-abril-de-2009-petrobras-sobe.htm, skipping...
[ERROR - 2025-10-25 18:43:03,025 - Worker_2] Status code == 403 for http://tecnologia.uol.com.br/noticias/bbc/2016/01/04/belga-propoe-cidade-submarina-na-orla-do-rio-feita-de-lixo-do-oceano-e-impressao-3d.htm, skipping...
[ERROR - 2025-10-25 18:43:10,024 - Worker_4] Status code == 403 for http://blogdoboleiro.blogosfera.uol.com.br/2016/01/04/onde-leandro-damiao-vai-jogar-empresario-diz-que-so-deus-sabe/, skipping...
[ERROR - 2025-10-25 18:43:14,213 - Worker_4] Status code == 403 for http://noticias.uol.com.br/cotidiano/ultimas-noticias/2016/01/04/casal-de-medicos-cai-de-varanda-de-pousada-ao-fazer-selfie-no-piaui.htm, skipping...
[ERROR - 2025-10-25 18:43:18,350 - Worker_4] Status code == 403 for http://noticias.uol.com.br/ultimas-noticias/bbc/2016/01/04/por-que-a-crise-entre-ira-e-arabia-saudita-e-a-mais-perigosa-em-decadas.htm, skipping...
[ERROR - 2025-10-25 18:43:21,624 - Worker_2] Status code == 403 for http://blogdoohata.blogosfera.uol.com.br/2016/01/04/atleta-de-56-anos-22o-na-sao-silvestre-e-retirado-da-classificacao-final/, skipping...
[ERROR - 2025-10-25 18:43:25,221 - Worker_1] Status code == 403 for http://noticias.uol.com.br/cotidiano/ultimas-noticias/2016/01/04/dinheiro-doado-para-mariana-ira-para-as-criancas-dos-distritos-devastados.htm, skipping...
[ERROR - 2025-10-25 18:43:25,798 - Worker_2] Status code == 403 for http://noticias.uol.com.br/internacional/ultimas-noticias/the-new-york-times/2016/01/04/na-suecia-nem-os-bancos-aceitam-mais-dinheiro.htm, skipping...
[ERROR - 2025-10-25 18:43:27,397 - Worker_0] Status code == 404 for http://carnaval.uol.com.br/2016/noticias/redacao/2016/01/04/nova-vinheta-da-globeleza-levou-20-horas-para-ficar-pronta.htm, skipping...
[ERROR - 2025-10-25 18:43:29,078 - Worker_3] Status code == 403 for http://noticias.uol.com.br/midiaglobal/nytimes/2016/01/04/nos-eua-mais-policiais-sao-indiciados-mas-poucos-vao-para-a-prisao.htm, skipping...
[ERROR - 2025-10-25 18:43:32,217 - Worker_4] Status code == 403 for http://noticias.uol.com.br/cotidiano/ultimas-noticias/2016/01/04/propaganda-da-mega-sena-da-virada-foi-enganosa-diz-procon-rj.htm, skipping...
[ERROR - 2025-10-25 18:43:36,288 - Worker_1] Status code == 403 for http://noticias.uol.com.br/ultimas-noticias/agencia-estado/2016/01/04/randolfe-rodrigues-afirma-que-mencao-a-ele-em-delacao-foi-plantada.htm, skipping...
[ERROR - 2025-10-25 18:43:37,949 - Worker_3] Status code == 403 for http://noticias.uol.com.br/ultimas-noticias/bbc/2016/01/03/a-ponte-entre-brasil-e-guiana-francesa-que-ninguem-pode-cruzar.htm, skipping...
[ERROR - 2025-10-25 18:43:38,712 - Worker_4] Status code == 403 for http://noticias.uol.com.br/saude/ultimas-noticias/bbc/2016/01/04/overdose-os-perigos-do-consumo-excessivo-de-cafeina.htm, skipping...
[ERROR - 2025-10-25 18:43:43,497 - Worker_2] Status code == 403 for http://mauriciostycer.blogosfera.uol.com.br/2016/01/05/globo-desidrata-ligacoes-perigosas-para-exibi-la-mais-cedo-apos-a-novela/, skipping...
[ERROR - 2025-10-25 18:43:44,906 - Worker_3] Status code == 403 for http://blogdosakamoto.blogosfera.uol.com.br/2016/01/05/rico-e-sonegador-pobre-e-caloteiro-vagabundo-aproveitador/, skipping...
[ERROR - 2025-10-25 18:43:45,407 - Worker_1] Status code == 403 for http://noticias.uol.com.br/album/album-do-dia/2016/01/05/imagens-do-dia---5-de-janeiro-de-2016.htm?abrefoto=17, skipping...
[ERROR - 2025-10-25 18:43:47,170 - Worker_4] Status code == 403 for http://noticias.uol.com.br/ultimas-noticias/agencia-estado/2016/01/05/cunha-arquiva-outro-pedido-de-impeachment-de-temer-protocolado-em-dezembro.htm, skipping...
[ERROR - 2025-10-25 18:43:47,674 - Worker_2] Status code == 403 for http://noticias.uol.com.br/saude/ultimas-noticias/redacao/2016/01/05/amazonas-investiga-primeira-caso-de-microcefalia-relacionada-ao-zika-virus.htm, skipping...
[ERROR - 2025-10-25 18:43:53,711 - Worker_3] Status code == 403 for http://noticias.uol.com.br/cotidiano/ultimas-noticias/2016/01/05/ex-goleiro-bruno-diz-que-nao-e-tio-patinhas-e-esta-falido.htm, skipping...
[ERROR - 2025-10-25 18:43:57,204 - Worker_1] Status code == 403 for http://noticias.uol.com.br/cotidiano/ultimas-noticias/2016/01/05/governador-do-rio-passa-gestao-de-dois-hospitais-para-a-prefeitura-carioca.htm, skipping...
[ERROR - 2025-10-25 18:44:01,451 - Worker_1] Status code == 403 for http://blogdorafaelreis.blogosfera.uol.com.br/2016/01/05/eles-sao-brasileiros-mas-querem-derrotar-a-selecao-na-olimpiada-do-rio, skipping...
[ERROR - 2025-10-25 18:44:03,414 - Worker_4] Status code == 403 for http://noticias.uol.com.br/internacional/ultimas-noticias/2016/01/05/obama-chora-ao-anunciar-plano-que-restringe-armas-de-fogo-nos-eua.htm, skipping...
[ERROR - 2025-10-25 18:44:05,612 - Worker_1] Status code == 403 for http://noticias.uol.com.br/saude/ultimas-noticias/redacao/2016/01/04/homem-precisou-ressuscitar-para-ter-diagnostico-de-sindrome-ligada-a-zika.htm, skipping...
[ERROR - 2025-10-25 18:44:06,164 - Worker_3] Status code == 403 for http://educacao.uol.com.br/noticias/agencia-estado/2016/01/05/alunos-do-fernao-dias-poderao-participar-de-plano-das-aulas-de-reposicao.htm, skipping...
[ERROR - 2025-10-25 18:44:12,139 - Worker_4] Status code == 403 for http://noticias.uol.com.br/cotidiano/ultimas-noticias/2016/01/05/ongs-de-direitos-humanos-criticam-termo-que-substitui-auto-de-resistencia.htm, skipping...
[ERROR - 2025-10-25 18:44:12,705 - Worker_3] Status code == 403 for http://blogdobirner.blogosfera.uol.com.br/2016/01/05/zidane-treinador-a-incognita-esportiva-e-o-exito-de-marketing/, skipping...
[ERROR - 2025-10-25 18:44:16,316 - Worker_4] Status code == 403 for http://noticias.uol.com.br/cotidiano/ultimas-noticias/2016/01/05/estudante-de-jau-sp-paga-por-celular-na-black-friday-mas-recebe-tijolo.htm, skipping...
[ERROR - 2025-10-25 18:44:20,525 - Worker_4] Status code == 403 for http://noticias.uol.com.br/midiaglobal/nytimes/2016/01/05/jihadistas-aprofundam-a-parceria-no-norte-da-africa.htm, skipping...
[ERROR - 2025-10-25 18:44:24,785 - Worker_4] Status code == 403 for http://blogdomenon.blogosfera.uol.com.br/2016/01/05/a-ingrata-batalha-de-lugano-o-craque-da-torcida/, skipping...
[ERROR - 2025-10-25 18:44:29,482 - Worker_2] Status code == 403 for http://blogdoboleiro.blogosfera.uol.com.br/2016/01/05/diego-lugano-saida-do-cerro-esta-encaminhada-e-volta-ao-spfc-quase-100/, skipping...
[ERROR - 2025-10-25 18:44:33,672 - Worker_2] Status code == 403 for http://noticias.uol.com.br/ultimas-noticias/agencia-estado/2016/01/05/secretario-de-saude-do-rio-determina-corte-de-pelo-menos-30-de-despesas.htm, skipping...
[ERROR - 2025-10-25 18:44:36,584 - Worker_4] Status code == 403 for http://tecnologia.uol.com.br/noticias/redacao/2016/01/05/samsung-lanca-tablet-com-windows-para-concorrer-com-ipad-pro.htm, skipping...
[ERROR - 2025-10-25 18:44:37,831 - Worker_2] Status code == 403 for http://noticias.uol.com.br/cotidiano/ultimas-noticias/2016/01/04/casal-de-medicos-cai-de-varanda-de-pousada-ao-fazer-selfie-no-piaui.htm, skipping...
[ERROR - 2025-10-25 18:44:49,367 - Worker_1] Status code == 403 for http://noticias.uol.com.br/cotidiano/ultimas-noticias/2016/01/05/sem-atendimento-no-rio-menino-tera-que-tirar-gesso-em-casa-diz-mae.htm, skipping...
[ERROR - 2025-10-25 18:44:49,846 - Worker_2] Status code == 403 for http://noticias.uol.com.br/saude/ultimas-noticias/bbc/2016/01/05/cientistas-criam-camisinha-que-aumenta-prazer.htm, skipping...
[ERROR - 2025-10-25 18:44:53,493 - Worker_3] Status code == 403 for http://noticias.uol.com.br/ultimas-noticias/agencia-estado/2016/01/05/pai-que-agrediu-filha-e-condenado-com-base-na-lei-maria-da-penha.htm, skipping...
[ERROR - 2025-10-25 18:44:55,849 - Worker_4] Status code == 403 for http://noticias.uol.com.br/album/album-do-dia/2016/01/04/imagens-do-dia---4-de-janeiro-de-2016.htm?abrefoto=12, skipping...
[ERROR - 2025-10-25 18:44:56,286 - Worker_2] Status code == 403 for http://noticias.uol.com.br/ultimas-noticias/agencia-estado/2016/01/05/stf-da-prazo-para-cunha-se-manifestar-sobre-pedido-de-afastamento.htm, skipping...
[ERROR - 2025-10-25 18:44:57,625 - Worker_3] Status code == 403 for http://noticias.uol.com.br/ultimas-noticias/bbc/2016/01/03/a-ponte-entre-brasil-e-guiana-francesa-que-ninguem-pode-cruzar.htm, skipping...
[ERROR - 2025-10-25 18:45:00,002 - Worker_4] Status code == 403 for http://noticias.uol.com.br/saude/ultimas-noticias/estado/2016/01/05/campinas-esta-em-alerta-com-16-casos-de-microcefalia.htm, skipping...
[ERROR - 2025-10-25 18:45:00,441 - Worker_2] Status code == 403 for http://noticias.uol.com.br/cotidiano/ultimas-noticias/2016/01/05/o-medo-domina-o-trabalho-diz-filho-de-vitima-de-barragem-de-mariana.htm, skipping...
[ERROR - 2025-10-25 18:45:04,165 - Worker_4] Status code == 403 for http://noticias.uol.com.br/cotidiano/ultimas-noticias/2016/01/06/ex-socio-da-kiss-vira-testemunha-de-pai-de-vitima-que-e-acusado-de-calunia.htm, skipping...
[ERROR - 2025-10-25 18:45:06,967 - Worker_2] Status code == 403 for http://blogdosakamoto.blogosfera.uol.com.br/2016/01/06/o-que-voce-escolheria-um-bom-hospital-publico-ou-um-bom-plano-de-saude/, skipping...
[ERROR - 2025-10-25 18:45:08,329 - Worker_4] Status code == 403 for http://noticias.uol.com.br/ultimas-noticias/agencia-estado/2016/01/06/homem-mata-pm-fere-quatro-e-e-morto-em-perseguicao-em-osasco.htm, skipping...
[ERROR - 2025-10-25 18:45:11,134 - Worker_2] Status code == 403 for http://noticias.uol.com.br/ultimas-noticias/bbc/2016/01/06/qual-e-o-potencial-de-destruicao-da-bomba-h-que-a-coreia-do-norte-diz-ter-testado.htm, skipping...
[ERROR - 2025-10-25 18:45:12,399 - Worker_3] Status code == 403 for http://noticias.uol.com.br/ciencia/ultimas-noticias/redacao/2016/01/06/clique-ciencia-um-dia-a-terra-vai-acabar.htm, skipping...
[ERROR - 2025-10-25 18:45:12,504 - Worker_4] Status code == 403 for http://noticias.uol.com.br/saude/ultimas-noticias/bbc/2016/01/06/britanico-relata-pesadelo-em-experiencia-com-uso-de-pilula-da-inteligencia.htm, skipping...
[ERROR - 2025-10-25 18:45:16,698 - Worker_3] Status code == 403 for http://mauriciostycer.blogosfera.uol.com.br/2016/01/06/globo-promove-a-proxima-novela-das-18h-com-erro-de-portugues-no-titulo/, skipping...
[ERROR - 2025-10-25 18:45:22,547 - Worker_2] Status code == 403 for http://noticias.uol.com.br/cotidiano/ultimas-noticias/2016/01/05/ex-goleiro-bruno-diz-que-nao-e-tio-patinhas-e-esta-falido.htm, skipping...
[ERROR - 2025-10-25 18:45:24,070 - Worker_4] Status code == 403 for http://mauriciostycer.blogosfera.uol.com.br/2016/01/06/vilao-de-a-regra-do-jogo-premia-dante-com-o-trofeu-tapado/, skipping...
[ERROR - 2025-10-25 18:45:25,320 - Worker_3] Status code == 403 for http://noticias.uol.com.br/ultimas-noticias/agencia-estado/2016/01/06/novo-delator-confirma-r-10-milhoes-a-ex-presidente-do-psdb-para-abafar-cpi.htm, skipping...
[ERROR - 2025-10-25 18:45:29,355 - Worker_2] Status code == 403 for http://noticias.uol.com.br/cotidiano/ultimas-noticias/2016/01/06/veja-os-numeros-da-mega-sena-de-r-25-milhoes.htm, skipping...
[ERROR - 2025-10-25 18:45:32,985 - Worker_4] Status code == 403 for http://economia.uol.com.br/noticias/infomoney/2016/01/05/7-armadilhas-criadas-por-seu-cerebro-que-podem-destruir-seus-investimentos.htm, skipping...
[ERROR - 2025-10-25 18:45:36,118 - Worker_3] Status code == 403 for http://noticias.uol.com.br/ultimas-noticias/reuters/2016/01/06/paris-vai-fechar-champs-elysees-para-carros-um-domingo-ao-mes.htm, skipping...
[ERROR - 2025-10-25 18:45:38,178 - Worker_2] Status code == 403 for http://noticias.uol.com.br/saude/ultimas-noticias/bbc/2016/01/06/britanica-se-surpreende-ao-conseguir-ver-as-horas-apos-implante-de-olho-bionico.htm, skipping...
[ERROR - 2025-10-25 18:45:47,240 - Worker_4] Status code == 403 for http://noticias.uol.com.br/album/album-do-dia/2016/01/06/imagens-do-dia---6-de-janeiro-de-2015.htm?abrefoto=8, skipping...
[ERROR - 2025-10-25 18:45:51,769 - Worker_4] Status code == 403 for http://uolesporte.blogosfera.uol.com.br/2016/01/06/fifa-teria-vazado-lista-de-vencedores-da-bola-de-ouro-em-seu-site/, skipping...
[ERROR - 2025-10-25 18:45:55,110 - Worker_0] Status code == 403 for http://blogdorafaelreis.blogosfera.uol.com.br/2016/01/06/com-patrocinio-e-irmao-cartola-cr7-transforma-clube-de-cidade-natal/, skipping...
[ERROR - 2025-10-25 18:45:58,875 - Worker_1] Status code == 404 for http://carnaval.uol.com.br/2016/noticias/redacao/2016/01/06/clipe-inspirado-em-mad-max-da-banda-baiana-vingadora-viraliza-na-internet.htm#fotoNav=4, skipping...
[ERROR - 2025-10-25 18:46:02,439 - Worker_2] Status code == 403 for http://educacao.uol.com.br/noticias/2016/01/06/portal-do-sisu-esta-no-ar-candidatos-ja-podem-consultar-vagas-disponiveis.htm, skipping...
[ERROR - 2025-10-25 18:46:03,076 - Worker_1] Status code == 403 for http://noticias.uol.com.br/cotidiano/ultimas-noticias/2016/01/06/cao-de-raca-morre-durante-banho-em-pet-shop-de-mogi-das-cruzes-sp.htm, skipping...
[ERROR - 2025-10-25 18:46:15,267 - Worker_3] Status code == 404 for http://carnaval.uol.com.br/2016/noticias/redacao/2016/01/06/rompendo-barreiras-mulheres-brilham-cantando-nas-escolas-cariocas.htm, skipping...
[ERROR - 2025-10-25 18:46:27,325 - Worker_3] Status code == 404 for http://blogs.ne10.uol.com.br/jamildo/2016/01/06/43-dos-prefeitos-encerram-2015-sem-fechar-contas/, skipping...
[ERROR - 2025-10-25 18:46:29,061 - Worker_4] Status code == 403 for http://noticias.uol.com.br/midiaglobal/nytimes/2016/01/06/editora-de-hong-kong-critica-a-china-registra-desaparecimento-de-5-integrantes.htm, skipping...
[ERROR - 2025-10-25 18:46:31,661 - Worker_3] Status code == 403 for http://blogdobrito.blogosfera.uol.com.br/2016/01/06/ministerio-promete-ir-ao-tas-contra-ciclista-militar-absolvida-do-doping/, skipping...
[ERROR - 2025-10-25 18:46:35,753 - Worker_4] Status code == 403 for http://blogdomenon.blogosfera.uol.com.br/2016/01/06/andres-truculento-e-renato-augusto-merece-respeito/, skipping...
[ERROR - 2025-10-25 18:46:38,288 - Worker_3] Status code == 403 for http://educacao.uol.com.br/noticias/2016/01/06/com-24-escolas-ocupadas-go-chama-organizacoes-sociais-para-educacao.htm, skipping...
[ERROR - 2025-10-25 18:46:40,025 - Worker_4] Status code == 403 for http://reginanavarro.blogosfera.uol.com.br/2016/01/05/nudez-sob-controle-2/, skipping...
[ERROR - 2025-10-25 18:46:46,508 - Worker_2] Status code == 403 for http://paginacinco.blogosfera.uol.com.br/2016/01/07/pelas-mulheres-manara-e-outros-quadrinistas-boicotam-premio-de-angouleme/, skipping...
[ERROR - 2025-10-25 18:46:48,189 - Worker_3] Status code == 403 for http://blogdosakamoto.blogosfera.uol.com.br/2016/01/07/vitimas-sao-culpadas-pela-violencia-policial-ate-que-se-prove-o-contrario/, skipping...
[ERROR - 2025-10-25 18:46:49,255 - Worker_4] Status code == 403 for http://noticias.uol.com.br/cotidiano/ultimas-noticias/2016/01/07/cao-fica-mais-de-uma-hora-dentro-de-porta-malas-em-estacionamento-de-bh.htm, skipping...
[ERROR - 2025-10-25 18:46:52,431 - Worker_3] Status code == 403 for http://noticias.uol.com.br/cotidiano/ultimas-noticias/2016/01/05/ex-goleiro-bruno-diz-que-nao-e-tio-patinhas-e-esta-falido.htm, skipping...
[ERROR - 2025-10-25 18:46:56,391 - Worker_2] Status code == 403 for http://noticias.uol.com.br/ultimas-noticias/bbc/2016/01/07/vazamento-de-gas-transforma-bairro-do-suburbio-de-la-em-cidade-fantasma.htm, skipping...
[ERROR - 2025-10-25 18:46:58,483 - Worker_4] Status code == 403 for http://uolesporte.blogosfera.uol.com.br/2016/01/07/gente-como-a-gente-goleiro-do-arsenal-pega-trem-na-hora-do-rush/, skipping...
[ERROR - 2025-10-25 18:47:06,084 - Worker_3] Status code == 403 for http://noticias.uol.com.br/meio-ambiente/ultimas-noticias/redacao/2016/01/07/lama-da-samarco-chega-a-abrolhos-no-sul-da-bahia.htm, skipping...
[ERROR - 2025-10-25 18:47:14,898 - Worker_3] Status code == 403 for http://noticias.uol.com.br/meio-ambiente/ultimas-noticias/redacao/2016/01/07/california-declara-estado-de-emergencia-por-grande-vazamento-de-metano.htm, skipping...
[ERROR - 2025-10-25 18:47:19,046 - Worker_3] Status code == 403 for http://noticias.uol.com.br/ultimas-noticias/efe/2016/01/07/hospital-na-china-e-demolido-com-medicos-e-pacientes-dentro.htm, skipping...
[ERROR - 2025-10-25 18:47:22,490 - Worker_0] Status code == 403 for http://noticias.uol.com.br/cotidiano/ultimas-noticias/2016/01/07/prefeitura-do-rio-comeca-gestao-de-hospital-em-crise-podando-arvores.htm, skipping...
[ERROR - 2025-10-25 18:47:23,255 - Worker_3] Status code == 403 for http://economia.uol.com.br/cotacoes/noticias/redacao/2016/01/07/bolsa-cai-258-e-bate-menor-nivel-desde-30-de-marco-de-2009.htm, skipping...
[ERROR - 2025-10-25 18:47:23,911 - Worker_2] Status code == 403 for http://noticias.uol.com.br/ultimas-noticias/agencia-estado/2016/01/07/impeachment-nao-esta-enterrado-afirma-lula-em-reuniao-com-dilma.htm, skipping...
[ERROR - 2025-10-25 18:47:26,668 - Worker_0] Status code == 403 for http://noticias.uol.com.br/ultimas-noticias/bbc/2016/01/07/sitiada-por-guerra-populacao-de-cidade-siria-come-caes-e-gatos-para-nao-morrer-de-fome.htm, skipping...
[ERROR - 2025-10-25 18:47:27,521 - Worker_3] Status code == 403 for http://pvc.blogosfera.uol.com.br/2016/01/07/com-mancuello-flamengo-nao-tera-um-10-mas-tera-um-meio-de-campo/, skipping...
[ERROR - 2025-10-25 18:47:28,090 - Worker_2] Status code == 403 for http://noticias.uol.com.br/cotidiano/ultimas-noticias/2016/01/07/estatua-do-boi-sem-coracao-e-inaugurada-no-interior-de-minas-gerais.htm, skipping...
[ERROR - 2025-10-25 18:47:33,290 - Worker_0] Status code == 403 for http://noticias.uol.com.br/internacional/ultimas-noticias/the-new-york-times/2016/01/05/quem-pegou-a-mao-de-lincoln-roubo-de-peca-surpreende-policia-e-museu-em-illinois.htm, skipping...
[ERROR - 2025-10-25 18:47:34,040 - Worker_3] Status code == 403 for http://noticias.uol.com.br/saude/ultimas-noticias/estado/2016/01/07/dengue-causa-primeira-morte-no-interior-de-sp-em-2016.htm, skipping...
[ERROR - 2025-10-25 18:47:34,565 - Worker_2] Status code == 403 for http://noticias.uol.com.br/midiaglobal/nytimes/2016/01/07/enquanto-o-uber-tropeca-apps-rivais-alemaes-prosperam-no-pais.htm, skipping...
[ERROR - 2025-10-25 18:47:38,090 - Worker_4] Status code == 404 for http://carnaval.uol.com.br/2016/noticias/redacao/2016/01/07/escolas-do-grupo-especial-do-rio-desfilam-nas-noites-de-7-e-8-de-fevereiro.htm, skipping...
[ERROR - 2025-10-25 18:47:47,264 - Worker_2] Failed to connect with http://paranaportal.uol.com.br/blog/2016/01/07/policia-federal-nega-que-tenha-faltado-dinheiro-no-parana/ after 3 attempts, skipping...
[ERROR - 2025-10-25 18:47:52,296 - Worker_1] Status code == 404 for http://carnaval.uol.com.br/2016/noticias/redacao/2016/01/06/rompendo-barreiras-mulheres-brilham-cantando-nas-escolas-cariocas.htm, skipping...
[ERROR - 2025-10-25 18:47:58,874 - Worker_1] Status code == 403 for http://economia.uol.com.br/noticias/redacao/2016/01/07/poupanca-perde-r-536-bi-em-2015-pior-resultado-em-20-anos-diz-bc.htm, skipping...
[ERROR - 2025-10-25 18:47:59,928 - Worker_0] Status code == 403 for http://economia.uol.com.br/cotacoes/noticias/redacao/2016/01/07/dolar-tem-2-dia-de-alta-e-fecha-a-r-405-com-preocupacao-sobre-china.htm, skipping...
[ERROR - 2025-10-25 18:48:04,310 - Worker_0] Status code == 403 for http://blogdorafaelreis.blogosfera.uol.com.br/2016/01/07/prisoes-confusoes-e-amigos-bandidos-conheca-o-irmao-barra-pesada-de-messi/, skipping...
[ERROR - 2025-10-25 18:48:08,660 - Worker_0] Status code == 403 for http://matias.blogosfera.uol.com.br/2016/01/06/o-desafio-de-fazer-as-pessoas-voltarem-a-acreditar-em-guerra-nas-estrelas/, skipping...
[ERROR - 2025-10-25 18:48:11,022 - Worker_3] Status code == 404 for http://carnaval.uol.com.br/2016/noticias/redacao/2016/01/07/escolas-de-sao-paulo-desfilam-em-5-e-6-de-fevereiro-pelo-grupo-especial.htm, skipping...
[ERROR - 2025-10-25 18:48:11,267 - Worker_1] Status code == 403 for http://noticias.uol.com.br/ultimas-noticias/agencia-estado/2016/01/07/roberto-jefferson-e-operado-no-rio-e-tem-quadro-estavel.htm, skipping...
[ERROR - 2025-10-25 18:48:13,289 - Worker_2] Status code == 403 for http://blogdoohata.blogosfera.uol.com.br/2016/01/08/brasileiro-favorito-a-medalha-2o-melhor-do-mundo-abandonara-boxe-olimpico/, skipping...
[ERROR - 2025-10-25 18:48:15,203 - Worker_3] Status code == 403 for http://noticias.uol.com.br/cotidiano/ultimas-noticias/2016/01/08/black-blocks-e-pm-entram-em-conflito-no-centro-de-sao-paulo.htm, skipping...
[ERROR - 2025-10-25 18:48:19,376 - Worker_3] Status code == 403 for http://noticias.uol.com.br/internacional/ultimas-noticias/2016/01/08/presidente-do-mexico-anuncia-a-prisao-do-traficante-el-chapo.htm, skipping...
[ERROR - 2025-10-25 18:48:23,267 - Worker_1] Status code == 403 for http://economia.uol.com.br/noticias/redacao/2016/01/08/material-escolar-deve-ter-selo-do-inmetro-veja-dicas-para-fazer-as-compras.htm, skipping...
[ERROR - 2025-10-25 18:48:49,333 - Worker_0] Status code == 403 for http://educacao.uol.com.br/noticias/2016/01/08/enem-2015-candidatos-reclamam-de-ausencia-da-nota-da-redacao-inep-nega.htm, skipping...
[ERROR - 2025-10-25 18:48:49,894 - Worker_2] Status code == 403 for http://oblogdorugbi.blogosfera.uol.com.br/2016/01/08/o-melhor-dos-melhores-video-homenageia-a-magia-dos-all-blacks/, skipping...
[ERROR - 2025-10-25 18:48:50,598 - Worker_1] Status code == 403 for http://colunaesplanada.blogosfera.uol.com.br/2016/01/08/relator-que-cortou-orcamento-da-pf-sera-ouvido-por-suspeita-de-fraude/, skipping...
[ERROR - 2025-10-25 18:48:50,939 - Worker_3] Status code == 403 for http://blogdobloco.blogosfera.uol.com.br/2016/01/08/rio-tera-505-blocos-nas-ruas-em-quase-um-mes-de-folia/, skipping...
[ERROR - 2025-10-25 18:48:54,713 - Worker_2] Status code == 404 for http://jc.ne10.uol.com.br/blogs/cestinhajc/2016/01/08/barbosa-o-movimento-tomou-um-rumo-que-so-prejudica-o-basquete/, skipping...
[ERROR - 2025-10-25 18:49:00,802 - Worker_3] Status code == 403 for http://educacao.uol.com.br/noticias/2016/01/08/notas-individuais-do-enem-2015-ja-estao-no-ar-saiba-como-fazer-a-consulta.htm, skipping...
[ERROR - 2025-10-25 18:49:04,991 - Worker_3] Status code == 403 for http://noticias.uol.com.br/album/2016/01/08/protestos-contra-aumento-da-tarifa-do-transporte-publico-pelo-brasil.htm?abrefoto=28, skipping...
[ERROR - 2025-10-25 18:49:05,538 - Worker_2] Status code == 403 for http://andrerocha.blogosfera.uol.com.br/2016/01/08/flamengo-de-muricy-precisa-de-um-ponta-armador-mancuello-ou-ederson, skipping...
[ERROR - 2025-10-25 18:49:06,817 - Worker_4] Status code == 403 for http://noticias.uol.com.br/album/album-do-dia/2016/01/08/imagens-do-dia---8-de-janeiro-de-2015.htm?abrefoto=8, skipping...
[ERROR - 2025-10-25 18:49:07,858 - Worker_0] Failed to connect with http://ladobi.uol.com.br/2016/01/personagens-infantis-icones-lgbt/ after 3 attempts, skipping...
[ERROR - 2025-10-25 18:49:09,192 - Worker_3] Status code == 403 for http://educacao.uol.com.br/noticias/2016/01/08/enem-candidato-faz-mais-de-mil-pontos-e-tem-maior-nota-da-historia-entenda.htm, skipping...
[ERROR - 2025-10-25 18:49:09,551 - Worker_1] Status code == 403 for http://noticias.uol.com.br/saude/ultimas-noticias/bbc/2016/01/08/menino-de-8-anos-atacado-por-chimpanzes-vai-ganhar-novos-labios.htm, skipping...
[ERROR - 2025-10-25 18:49:09,735 - Worker_2] Status code == 403 for http://noticias.uol.com.br/album/album-do-dia/2016/01/08/imagens-do-dia---8-de-janeiro-de-2015.htm?abrefoto=7, skipping...
[ERROR - 2025-10-25 18:49:12,155 - Worker_0] Status code == 403 for http://matias.blogosfera.uol.com.br/2016/01/08/david-bowie-69-anos-esta-reinventando-a-forma-como-um-artista-envelhece/, skipping...
[ERROR - 2025-10-25 18:49:13,402 - Worker_3] Status code == 403 for http://blogdobloco.blogosfera.uol.com.br/2016/01/08/melhor-marchinha-2016-enquete-japones-federal-chico/, skipping...
[ERROR - 2025-10-25 18:49:13,749 - Worker_1] Status code == 403 for http://noticias.uol.com.br/saude/ultimas-noticias/redacao/2016/01/08/impasse-deixa-30-ambulancias-do-samu-inutilizadas-ha-2-anos-no-sertao-de-pe.htm, skipping...
[ERROR - 2025-10-25 18:49:16,356 - Worker_0] Status code == 403 for http://matias.blogosfera.uol.com.br/2016/01/06/o-desafio-de-fazer-as-pessoas-voltarem-a-acreditar-em-guerra-nas-estrelas/, skipping...
[ERROR - 2025-10-25 18:49:18,290 - Worker_1] Status code == 404 for http://cenapop.virgula.uol.com.br/2016/01/08/103401-anitta-tira-a-roupa-para-divulgar-clipe-e-recebe-criticas-pelo-corpo/, skipping...
[ERROR - 2025-10-25 18:49:20,484 - Worker_3] Status code == 403 for http://educacao.uol.com.br/noticias/2016/01/09/achei-que-era-um-erro-diz-piauiense-com-nota-acima-de-mil-no-enem.htm, skipping...
[ERROR - 2025-10-25 18:49:20,646 - Worker_0] Status code == 403 for http://blogdomenon.blogosfera.uol.com.br/2016/01/08/contra-o-dragao-chines-garotos-da-base-e-da-america-do-sul/, skipping...
[ERROR - 2025-10-25 18:49:21,638 - Worker_2] Status code == 403 for http://noticias.uol.com.br/ultimas-noticias/agencia-estado/2016/01/09/lama-pode-matar-os-corais-de-abrolhos.htm, skipping...
[ERROR - 2025-10-25 18:49:25,807 - Worker_2] Status code == 403 for http://noticias.uol.com.br/cotidiano/ultimas-noticias/2016/01/09/mega-sena-pode-pagar-r-75-milhoes-hoje-veja-as-dezenas-sorteadas.htm, skipping...
[ERROR - 2025-10-25 18:49:27,414 - Worker_1] Status code == 403 for http://noticias.uol.com.br/ultimas-noticias/efe/2016/01/09/onu-e-cruz-vermelha-esperam-poder-entrar-amanha-com-comboio-em-madaya.htm, skipping...
[ERROR - 2025-10-25 18:49:27,703 - Worker_0] Status code == 404 for http://cenapop.virgula.uol.com.br/2016/01/08/103401-anitta-tira-a-roupa-para-divulgar-clipe-e-recebe-criticas-pelo-corpo/, skipping...
[ERROR - 2025-10-25 18:49:29,193 - Worker_3] Status code == 403 for http://educacao.uol.com.br/noticias/2016/01/05/diretor-danca-hip-hop-com-alunos-e-video-viraliza-na-internet.htm, skipping...
[ERROR - 2025-10-25 18:49:31,595 - Worker_1] Status code == 403 for http://noticias.uol.com.br/ultimas-noticias/afp/2016/01/09/joaquin-el-chapo-guzman-enfrentara-processo-de-extradicao-aos-eua.htm, skipping...
[ERROR - 2025-10-25 18:49:31,882 - Worker_0] Status code == 403 for http://educacao.uol.com.br/noticias/2016/01/09/acesso-a-nota-do-enem-2015-tem-falhas-para-alguns-grupos-especificos.htm, skipping...
[ERROR - 2025-10-25 18:49:34,659 - Worker_2] Status code == 403 for http://noticias.uol.com.br/midiaglobal/nytimes/2016/01/09/venda-de-maconha-medicinal-comeca-de-forma-lenta-em-nova-york.htm, skipping...
[ERROR - 2025-10-25 18:49:35,763 - Worker_1] Status code == 403 for http://noticias.uol.com.br/ultimas-noticias/agencia-estado/2016/01/09/morte-de-bebe-indigena-em-sc-expoe-rotina-de-descaso.htm, skipping...
[ERROR - 2025-10-25 18:49:38,529 - Worker_3] Status code == 403 for http://noticias.uol.com.br/album/album-do-dia/2016/01/09/imagens-do-dia---9-de-janeiro-de-2016.htm?abrefoto=19, skipping...
[ERROR - 2025-10-25 18:49:40,743 - Worker_4] Status code == 403 for http://tecnologia.uol.com.br/album/2016/01/04/ces-2016---feira-de-eletronicos-em-las-vegas.htm?abrefoto=23, skipping...
[ERROR - 2025-10-25 18:49:44,904 - Worker_4] Status code == 403 for http://educacao.uol.com.br/noticias/2016/01/09/nem-sabia-que-era-possivel-diz-candidato-que-tirou-mais-de-mil-no-enem.htm, skipping...
[ERROR - 2025-10-25 18:49:45,819 - Worker_2] Status code == 403 for http://noticias.uol.com.br/ultimas-noticias/bbc/2016/01/09/voce-so-precisa-ser-branca-para-vencer-propaganda-de-creme-branqueador-gera-polemica.htm, skipping...
[ERROR - 2025-10-25 18:49:50,094 - Worker_3] Status code == 403 for http://noticias.uol.com.br/ultimas-noticias/reuters/2016/01/09/premio-da-loteria-powerball-dos-eua-atinge-recorde-de-us-900-mi.htm, skipping...
[ERROR - 2025-10-25 18:49:55,060 - Worker_2] Status code == 403 for http://noticias.uol.com.br/album/album-do-dia/2016/01/09/imagens-do-dia---9-de-janeiro-de-2016.htm?abrefoto=30, skipping...
[ERROR - 2025-10-25 18:49:56,235 - Worker_4] Status code == 403 for http://noticias.uol.com.br/internacional/ultimas-noticias/the-new-york-times/2016/01/09/chilenos-da-antartida-tem-rotina-segura-e-tranquila-mas-encaram-frio-e-privacoes.htm, skipping...
[ERROR - 2025-10-25 18:49:56,814 - Worker_3] Status code == 403 for http://rodrigomattos.blogosfera.uol.com.br/2016/01/09/esporte-interativo-oferece-mais-do-que-o-dobro-da-globo-por-brasileiro/, skipping...
[ERROR - 2025-10-25 18:50:00,409 - Worker_4] Status code == 403 for http://noticias.uol.com.br/cotidiano/ultimas-noticias/2016/01/09/vitima-de-maus-tratos-cao-morre-cinco-dias-depois-de-ser-resgatado-no-am.htm, skipping...
[ERROR - 2025-10-25 18:50:01,069 - Worker_3] Status code == 403 for http://pvc.blogosfera.uol.com.br/2016/01/09/sao-paulo-se-protege-com-multa-mas-teme-efeito-corinthians/, skipping...
[ERROR - 2025-10-25 18:50:07,610 - Worker_1] Failed to connect with http://ladobi.uol.com.br/2016/01/personagens-infantis-icones-lgbt/ after 3 attempts, skipping...
[ERROR - 2025-10-25 18:50:08,521 - Worker_0] Status code == 403 for http://matias.blogosfera.uol.com.br/2016/01/08/david-bowie-69-anos-esta-reinventando-a-forma-como-um-artista-envelhece/, skipping...
[ERROR - 2025-10-25 18:50:10,013 - Worker_3] Status code == 403 for http://noticias.uol.com.br/saude/ultimas-noticias/redacao/2016/01/08/impasse-deixa-30-ambulancias-do-samu-inutilizadas-ha-2-anos-no-sertao-de-pe.htm, skipping...
[ERROR - 2025-10-25 18:50:11,792 - Worker_1] Status code == 403 for http://noticias.uol.com.br/album/album-do-dia/2016/01/09/imagens-do-dia---9-de-janeiro-de-2016.htm?abrefoto=19#fotoNav=20, skipping...
[ERROR - 2025-10-25 18:50:12,826 - Worker_0] Status code == 403 for http://blogdoperrone.blogosfera.uol.com.br/2016/01/chineses-ja-seduziram-ganso-e-sao-paulo/, skipping...
[ERROR - 2025-10-25 18:50:14,191 - Worker_3] Status code == 403 for http://noticias.uol.com.br/opiniao/coluna/2016/01/09/big-data-pode-ajudar-o-cinema-nacional-a-fazer-as-pazes-com-o-publico.htm, skipping...
[ERROR - 2025-10-25 18:50:15,967 - Worker_1] Status code == 403 for http://noticias.uol.com.br/ultimas-noticias/reuters/2016/01/09/siria-diz-estar-pronta-para-negociar-mas-quer-lista-de-grupos-terroristas.htm, skipping...
[ERROR - 2025-10-25 18:50:22,769 - Worker_1] Status code == 403 for http://blogdoperrone.blogosfera.uol.com.br/2016/01/clausula-de-saida-a-exigencia-de-parceiros-que-desmanchou-o-corinthians/, skipping...
[ERROR - 2025-10-25 18:50:44,595 - Worker_2] Status code == 403 for http://blogmiltonneves.bol.uol.com.br/blog/2016/01/09/a-china-e-o-cemiterio-da-bola/, skipping...
[ERROR - 2025-10-25 18:50:51,315 - Worker_2] Status code == 403 for http://uolesporte.blogosfera.uol.com.br/2016/01/10/ta-bombando-ronda-aparece-nua-com-corpo-pintado-e-internautas-se-empolgam, skipping...
[ERROR - 2025-10-25 18:50:53,828 - Worker_3] Status code == 404 for http://carnaval.uol.com.br/2016/sao-paulo/album/escolas-de-samba/2015/12/20/nene-de-vila-matilde.htm?abrefoto=11, skipping...
[ERROR - 2025-10-25 18:51:14,272 - Worker_4] Status code == 403 for http://noticias.uol.com.br/midiaglobal/nytimes/2016/01/10/arqueologos-desvendam-mais-um-antigo-misterio-inca-os-cordoes-atados.htm, skipping...
[ERROR - 2025-10-25 18:51:15,641 - Worker_3] Status code == 403 for http://economia.uol.com.br/financas-pessoais/noticias/redacao/2016/01/10/vale-a-pena-tirar-dinheiro-da-poupanca-e-pagar-ipva-e-iptu-a-vista.htm, skipping...
[ERROR - 2025-10-25 18:51:31,080 - Worker_4] Status code == 403 for http://uolesporte.blogosfera.uol.com.br/2016/01/10/ta-bombando-ronda-aparece-nua-com-corpo-pintado-e-internautas-se-empolgam/, skipping...
[ERROR - 2025-10-25 18:52:05,168 - Worker_1] Status code == 403 for http://blogdobaldini.blogosfera.uol.com.br/2016/01/10/ggg-ensina-como-usar-a-cabeca-para-ter-dominio-da-luta-durante-o-clinche/, skipping...
[ERROR - 2025-10-25 18:52:09,468 - Worker_1] Status code == 403 for http://diarionfl.blogosfera.uol.com.br/2016/01/10/chiefs-atropela-texans-steelers-consegue-vitoria-bizarra-contra-o-bengals/, skipping...
[ERROR - 2025-10-25 18:52:13,557 - Worker_4] Status code == 403 for http://mauriciostycer.blogosfera.uol.com.br/2016/01/10/depois-do-fiasco-no-superstar-ivete-sangalo-se-redime-no-the-voice-kids/, skipping...
[ERROR - 2025-10-25 18:52:17,980 - Worker_4] Status code == 403 for http://matias.blogosfera.uol.com.br/2016/01/08/david-bowie-69-anos-esta-reinventando-a-forma-como-um-artista-envelhece/, skipping...
[ERROR - 2025-10-25 18:52:18,346 - Worker_3] Status code == 403 for http://blogdomenon.blogosfera.uol.com.br/2016/01/10/tite-tem-um-imenso-desafio-para-alegria-de-toti/, skipping...
[ERROR - 2025-10-25 18:52:22,687 - Worker_3] Status code == 404 for http://noticias.uol.com.br/ultimas-noticias/reuters/2016/01/10/arabia-saudita-nao-espera-que-disputa-com-ira-afete-esforcos-de-paz-na-siria.htm, skipping...
[ERROR - 2025-10-25 18:52:45,109 - Worker_4] Status code == 403 for http://mauriciostycer.blogosfera.uol.com.br/2016/01/11/piadas-constrangimentos-e-acidentes-salvam-o-globo-de-ouro-do-tedio/, skipping...
[ERROR - 2025-10-25 18:52:51,808 - Worker_4] Status code == 403 for http://educacao.uol.com.br/noticias/2016/01/11/enem-mais-de-53-mil-candidatos-tiraram-nota-zero-na-redacao.htm, skipping...
[ERROR - 2025-10-25 18:52:55,364 - Worker_2] Status code == 404 for http://carnaval.uol.com.br/2016/noticias/redacao/2016/01/11/japones-da-federal-e-aposta-de-fabrica-de-mascaras-para-o-carnaval.htm, skipping...
[ERROR - 2025-10-25 18:52:59,797 - Worker_2] Status code == 403 for http://blogdosakamoto.blogosfera.uol.com.br/2016/01/11/seja-governo-ou-oposicao-o-canibalismo-de-trabalhadores-e-paixao-nacional/, skipping...
[ERROR - 2025-10-25 18:53:16,361 - Worker_2] Status code == 403 for http://noticias.uol.com.br/ciencia/ultimas-noticias/bbc/2016/01/10/misterio-de-puma-com-dentes-na-testa-intriga-biologos-nos-eua.htm, skipping...
[ERROR - 2025-10-25 18:53:23,268 - Worker_0] Failed to connect with http://flaviogomes.grandepremio.uol.com.br/2016/01/ainda-era-cedo/ after 3 attempts, skipping...
[ERROR - 2025-10-25 18:53:27,438 - Worker_0] Status code == 403 for http://noticias.uol.com.br/album/album-do-dia/2016/01/11/imagens-do-dia---11-de-janeiro-de-2016.htm?abrefoto=11, skipping...
[ERROR - 2025-10-25 18:53:27,999 - Worker_1] Status code == 403 for http://noticias.uol.com.br/midiaglobal/nytimes/2016/01/11/shopping-center-vira-atracao-em-cidade-nigeriana-e-negocio-comeca-a-decolar.htm, skipping...
[ERROR - 2025-10-25 18:53:28,800 - Worker_3] Status code == 403 for http://noticias.uol.com.br/album/album-do-dia/2016/01/10/imagens-do-dia---10-de-janeiro-de-2016.htm?abrefoto=20, skipping...
[ERROR - 2025-10-25 18:53:30,462 - Worker_4] Status code == 403 for http://noticias.uol.com.br/ultimas-noticias/agencia-estado/2016/01/11/nas-redes-sociais-fhc-rebate-denuncia-de-cervero.htm, skipping...
[ERROR - 2025-10-25 18:53:33,446 - Worker_3] Status code == 403 for http://doutorjairo.blogosfera.uol.com.br/2016/01/11/pesquisa-avalia-suplementos-naturais-contra-disfuncao-eretil/, skipping...
[ERROR - 2025-10-25 18:53:42,994 - Worker_3] Status code == 403 for http://noticias.uol.com.br/tabloide/ultimas-noticias/tabloideanas/2016/01/11/policia-indiana-forca-ladrao-a-comer-40-bananas-para-recuperar-corrente-engolida.htm, skipping...
[ERROR - 2025-10-25 18:53:50,314 - Worker_0] Status code == 403 for http://matias.blogosfera.uol.com.br/2016/01/11/nao-da-para-imaginar-um-mundo-sem-david-bowie/, skipping...
[ERROR - 2025-10-25 18:53:52,613 - Worker_4] Status code == 403 for http://blogdorafaelreis.blogosfera.uol.com.br/2016/01/11/messi-e-o-melhor-do-mundo-ha-7-anos-mas-ate-quando/, skipping...
[ERROR - 2025-10-25 18:53:54,690 - Worker_0] Status code == 403 for http://blogdobrito.blogosfera.uol.com.br/2016/01/11/bowie-embalou-atletas-britanicos-mas-se-recusou-a-tocar-em-londres-2012/, skipping...
[ERROR - 2025-10-25 18:54:01,113 - Worker_4] Status code == 403 for http://noticias.uol.com.br/cotidiano/ultimas-noticias/2016/01/11/cinco-anos-apos-tragedia-moradores-de-nova-friburgo-buscam-contornar-dor.htm, skipping...
[ERROR - 2025-10-25 18:54:05,518 - Worker_4] Status code == 403 for http://mauriciostycer.blogosfera.uol.com.br/2016/01/10/depois-do-fiasco-no-superstar-ivete-sangalo-se-redime-no-the-voice-kids/, skipping...
[ERROR - 2025-10-25 18:54:09,836 - Worker_4] Status code == 403 for http://blogdobaldini.blogosfera.uol.com.br/2016/01/11/parabens-sylvester-stallone-pelo-globo-de-ouro-com-rocky-balboa-merecido/, skipping...
[ERROR - 2025-10-25 18:54:14,020 - Worker_4] Status code == 403 for http://noticias.uol.com.br/ultimas-noticias/ansa/2016/01/11/fotos-mostram-abdeslam-apos-atentados-em-paris.htm, skipping...
[ERROR - 2025-10-25 18:54:14,916 - Worker_2] Status code == 403 for http://noticias.uol.com.br/meio-ambiente/ultimas-noticias/redacao/2016/01/11/icebergs-da-antartida-surpreendem-ao-retardar-aquecimento-mostra-estudo.htm, skipping...
[ERROR - 2025-10-25 18:54:21,767 - Worker_3] Status code == 403 for http://colunaesplanada.blogosfera.uol.com.br/2016/01/11/aluguel-de-sede-da-antt-aumentou-900/, skipping...
[ERROR - 2025-10-25 18:54:22,173 - Worker_1] Status code == 403 for http://robertosadovski.blogosfera.uol.com.br/2016/01/12/sylvester-stallone-vai-te-fazer-chorar-em-creed-nascido-para-lutar-serio/, skipping...
[ERROR - 2025-10-25 18:54:26,445 - Worker_1] Status code == 403 for http://noticias.uol.com.br/cotidiano/ultimas-noticias/2016/01/12/estudante-e-detido-em-protesto-contra-aumento-da-passagem-em-sp.htm, skipping...
[ERROR - 2025-10-25 18:54:30,707 - Worker_3] Status code == 403 for http://noticias.uol.com.br/album/2016/01/08/protestos-contra-aumento-da-tarifa-do-transporte-publico-pelo-brasil.htm?abrefoto=48, skipping...
[ERROR - 2025-10-25 18:54:34,908 - Worker_3] Status code == 403 for http://noticias.uol.com.br/midiaglobal/nytimes/2016/01/12/para-os-republicanos-cresce-temor-de-um-racha-que-dure-muito-tempo.htm, skipping...
[ERROR - 2025-10-25 18:54:44,825 - Worker_3] Status code == 404 for http://blogs.ne10.uol.com.br/jamildo/2016/01/12/139255/, skipping...
[ERROR - 2025-10-25 18:54:47,116 - Worker_1] Status code == 403 for http://noticias.uol.com.br/ultimas-noticias/agencia-estado/2016/01/12/com-enfraquecimento-de-cunha-partidos-esperam-disputa-por-comissoes-na-camara.htm, skipping...
[ERROR - 2025-10-25 18:54:51,372 - Worker_1] Status code == 403 for http://educacao.uol.com.br/noticias/agencia-estado/2016/01/12/governo-apura-sumico-de-r-15-mil-em-bens-de-escola-ocupada.htm, skipping...
[ERROR - 2025-10-25 18:54:54,977 - Worker_3] Failed to connect with http://ladobi.uol.com.br/2016/01/ellen-page-gaycation/ after 3 attempts, skipping...
[ERROR - 2025-10-25 18:54:55,578 - Worker_1] Status code == 403 for http://noticias.uol.com.br/ultimas-noticias/bbc/2016/01/11/sarah-baartman-a-chocante-historia-da-africana-que-virou-atracao-de-circo.htm, skipping...
[ERROR - 2025-10-25 18:55:05,099 - Worker_1] Status code == 404 for http://futebol.placar.esporte.uol.com.br/futebol/copa-sao-paulo/2016/01/12/corinthians-x-guarani.htm, skipping...
[ERROR - 2025-10-25 18:55:08,602 - Worker_3] Status code == 403 for http://educacao.uol.com.br/noticias/2016/01/12/mec-admite-atraso-em-repasse-para-programa-de-educacao-integral.htm, skipping...
[ERROR - 2025-10-25 18:55:17,918 - Worker_3] Status code == 403 for http://noticias.uol.com.br/ultimas-noticias/agencia-estado/2016/01/12/gravida-de-6-meses-moradora-de-campinas-e-estuprada-e-morta-na-bolivia.htm, skipping...
[ERROR - 2025-10-25 18:55:22,081 - Worker_3] Status code == 403 for http://noticias.uol.com.br/blogs-e-colunas/coluna/luiz-felipe-alencastro/2016/01/12/petroleo-e-religiao-na-arabia-saudita.htm, skipping...
[ERROR - 2025-10-25 18:55:22,951 - Worker_2] Status code == 403 for http://uolesporte.blogosfera.uol.com.br/2016/01/12/messi-tera-chuteira-em-homenagem-a-quinta-bola-de-ouro-veja-imagens/, skipping...
[ERROR - 2025-10-25 18:55:26,346 - Worker_3] Status code == 403 for http://fernandorodrigues.blogosfera.uol.com.br/2016/01/12/deputados-gastam-r-189-milhoes-com-cotao-em-2015/, skipping...
[ERROR - 2025-10-25 18:55:27,265 - Worker_2] Status code == 403 for http://blogdomariomagalhaes.blogosfera.uol.com.br/2016/01/12/com-neymar-selecao-e-favorita-ao-ouro-olimpico-mas-lembrai-vos-de-1996/, skipping...
[ERROR - 2025-10-25 18:55:29,293 - Worker_4] Status code == 403 for http://noticias.uol.com.br/ultimas-noticias/agencia-estado/2016/01/12/tiroteio-na-zona-norte-do-rio-deixa-cinco-feridos.htm, skipping...
[ERROR - 2025-10-25 18:55:31,596 - Worker_2] Status code == 403 for http://blogdobloco.blogosfera.uol.com.br/2016/01/12/blocos-fazem-aquecimento-para-o-carnaval-em-sao-paulo-veja-a-programacao/, skipping...
[ERROR - 2025-10-25 18:55:35,849 - Worker_2] Status code == 403 for http://uolesporte.blogosfera.uol.com.br/2016/01/12/filha-do-scherer-triunfou-na-piscina-e-agora-bomba-na-web-com-dicas-de-moda/, skipping...
[ERROR - 2025-10-25 18:55:40,161 - Worker_2] Status code == 403 for http://oblogdorugbi.blogosfera.uol.com.br/2016/01/12/sonny-bill-williams-ja-treina-com-a-selecao-de-sevens-da-nova-zelandia/, skipping...
[ERROR - 2025-10-25 18:55:46,156 - Worker_0] Status code == 403 for http://noticias.uol.com.br/album/album-do-dia/2016/01/12/imagens-do-dia---12-de-janeiro-de-2015.htm?abrefoto=3, skipping...
[ERROR - 2025-10-25 18:56:13,527 - Worker_4] Status code == 403 for http://educacao.uol.com.br/noticias/2016/01/12/as-criancas-negras-sao-mais-punidas-do-que-as-brancas-diz-pedagoga.htm, skipping...
[ERROR - 2025-10-25 18:56:21,738 - Worker_0] Status code == 403 for http://blogdosakamoto.blogosfera.uol.com.br/2016/01/12/a-sindrome-de-estocolmo-da-esquerda-brasileira/, skipping...
[ERROR - 2025-10-25 18:56:39,031 - Worker_1] Status code == 403 for http://pvc.blogosfera.uol.com.br/2016/01/11/jogo-de-compadres-o-premio-em-que-se-vota-nos-amigos-e-nunca-nos-rivais/, skipping...
[ERROR - 2025-10-25 18:56:43,258 - Worker_1] Status code == 403 for http://educacao.uol.com.br/noticias/2016/01/12/atraso-nos-repasses-prejudica-atividades-do-mais-educacao-diz-pesquisa.htm, skipping...
[ERROR - 2025-10-25 18:56:49,648 - Worker_2] Status code == 403 for http://noticias.uol.com.br/opiniao/coluna/2016/01/12/nova-lei-da-negativacao-impede-nomes-sujos-injustamente.htm, skipping...
[ERROR - 2025-10-25 18:56:57,096 - Worker_3] Status code == 403 for http://noticias.uol.com.br/cotidiano/ultimas-noticias/2016/01/13/com-atraso-samarco-entrega-plano-de-emergencia-exigido-pela-justica.htm, skipping...
[ERROR - 2025-10-25 18:57:03,562 - Worker_3] Status code == 403 for http://noticias.uol.com.br/ultimas-noticias/bbc/2016/01/13/tunel-em-armario-e-rastros-de-sangue-o-ultimo-refugio-de-el-chapo-antes-da-prisao.htm, skipping...
[ERROR - 2025-10-25 18:57:09,978 - Worker_0] Status code == 403 for http://blogdobloco.blogosfera.uol.com.br/2016/01/13/bloco-alceu-valenca-ibirapuera-dia-30/, skipping...
[ERROR - 2025-10-25 18:57:10,287 - Worker_2] Status code == 403 for http://noticias.uol.com.br/ultimas-noticias/bbc/2016/01/11/sarah-baartman-a-chocante-historia-da-africana-que-virou-atracao-de-circo.htm, skipping...
[ERROR - 2025-10-25 18:57:16,828 - Worker_3] Status code == 403 for http://noticias.uol.com.br/meio-ambiente/ultimas-noticias/redacao/2016/01/13/milhares-de-peixes-aparecem-mortos-em-aguas-do-rio-de-janeiro.htm, skipping...
[ERROR - 2025-10-25 18:57:18,668 - Worker_0] Status code == 403 for http://blogdorafaelreis.blogosfera.uol.com.br/2016/01/13/a-china-nao-e-a-1a-conheca-outros-mercados-que-fizeram-a-limpa-no-brasil/, skipping...
[ERROR - 2025-10-25 18:57:19,509 - Worker_1] Status code == 403 for http://noticias.uol.com.br/saude/ultimas-noticias/redacao/2016/01/13/suspender-tratamento-de-hiv-pode-agravar-doenca-dizem-medicos.htm, skipping...
[ERROR - 2025-10-25 18:57:21,040 - Worker_3] Status code == 403 for http://mauriciostycer.blogosfera.uol.com.br/2016/01/12/atriz-de-pegadinhas-vai-no-casos-de-familia-e-no-voce-na-tv/, skipping...
[ERROR - 2025-10-25 18:57:25,224 - Worker_3] Status code == 403 for http://noticias.uol.com.br/album/album-do-dia/2016/01/13/imagens-do-dia---13-de-janeiro-de-2015.htm?abrefoto=9, skipping...
[ERROR - 2025-10-25 18:57:26,685 - Worker_2] Status code == 403 for http://noticias.uol.com.br/meio-ambiente/ultimas-noticias/redacao/2016/01/13/voce-sabia-que-foca-nao-tem-orelha-veja-o-que-a-distingue-do-leao-marinho.htm, skipping...
[ERROR - 2025-10-25 18:57:30,901 - Worker_2] Status code == 403 for http://noticias.uol.com.br/internacional/ultimas-noticias/2016/01/13/hotel-de-cristina-kirchner-pega-fogo-em-calafate-na-argentina.htm, skipping...
[ERROR - 2025-10-25 18:57:33,912 - Worker_3] Status code == 403 for http://noticias.uol.com.br/cotidiano/ultimas-noticias/2016/01/13/policia-federal-indicia-presidente-da-samarco-por-crime-ambiental.htm, skipping...
[ERROR - 2025-10-25 18:57:35,167 - Worker_2] Status code == 403 for http://blogdobrito.blogosfera.uol.com.br/2016/01/13/imprensa-dos-eua-detona-rio-a-sete-meses-da-abertura-dos-jogos-2016/, skipping...
[ERROR - 2025-10-25 18:57:37,492 - Worker_4] Status code == 403 for http://mauriciostycer.blogosfera.uol.com.br/2016/01/13/uol-ve-tv-bbb16-insiste-na-demagogia-de-gente-comum/, skipping...
[ERROR - 2025-10-25 18:57:48,684 - Worker_4] Status code == 403 for http://noticias.uol.com.br/ultimas-noticias/agencia-estado/2016/01/13/paulinho-surpreende-dirigentes-da-forca-sindical-ao-retomar-presidencia.htm, skipping...
[ERROR - 2025-10-25 18:57:59,600 - Worker_4] Status code == 403 for http://noticias.uol.com.br/ultimas-noticias/agencia-estado/2016/01/13/ministro-diz-que-vai-torcer-para-que-mulheres-peguem-zika-antes-da-idade-fertil.htm, skipping...
[ERROR - 2025-10-25 18:58:03,837 - Worker_4] Status code == 403 for http://negociosdoesporte.blogosfera.uol.com.br/2016/01/13/lugano-poe-em-choque-o-marketing-e-o-esporte/, skipping...
[ERROR - 2025-10-25 18:58:21,490 - Worker_4] Status code == 403 for http://noticias.uol.com.br/meio-ambiente/ultimas-noticias/redacao/2016/01/13/aquecimento-global-pode-impedir-era-glacial-pelos-proximos-100-mil-anos.htm, skipping...
[ERROR - 2025-10-25 18:58:29,965 - Worker_4] Status code == 403 for http://noticias.uol.com.br/midiaglobal/lemonde/2016/01/13/debate-sobre-jihad-globalizada-gera-divisoes-ideologicas-cada-vez-mais-profundas.htm, skipping...
[ERROR - 2025-10-25 18:58:29,988 - Worker_0] Status code == 404 for http://carnaval.uol.com.br/2016/rio-de-janeiro/album/escolas-de-samba/2015/12/23/grande-rio.htm?abrefoto=2, skipping...
[ERROR - 2025-10-25 18:58:34,144 - Worker_4] Status code == 403 for http://noticias.uol.com.br/cotidiano/ultimas-noticias/2016/01/13/mpl-nega-convite-da-ssp-para-definir-trajeto-de-manifestacoes.htm, skipping...
[ERROR - 2025-10-25 18:58:38,339 - Worker_4] Status code == 403 for http://noticias.uol.com.br/ultimas-noticias/agencia-estado/2016/01/13/fisico-frances-suspeito-de-terrorismo-cogita-deixar-o-brasil-diz-colega.htm, skipping...
[ERROR - 2025-10-25 18:58:39,197 - Worker_0] Status code == 404 for http://futebol.placar.esporte.uol.com.br/futebol/amistosos/2016/01/13/schalke-04-x-atletico-mg.htm, skipping...
[ERROR - 2025-10-25 18:58:42,513 - Worker_4] Status code == 403 for http://noticias.uol.com.br/cotidiano/ultimas-noticias/2016/01/13/estudante-ferido-na-mao-por-bomba-durante-o-protesto-vai-processar-estado.htm, skipping...
[ERROR - 2025-10-25 18:58:43,357 - Worker_0] Status code == 403 for http://noticias.uol.com.br/ultimas-noticias/agencia-estado/2016/01/13/governador-do-rs-renova-por-180-dias-decreto-que-corta-gastos-e-congela-concursos.htm, skipping...
[ERROR - 2025-10-25 18:58:44,923 - Worker_2] Status code == 403 for http://noticias.uol.com.br/ciencia/ultimas-noticias/bbc/2016/01/13/cientistas-dizem-ter-encontrado-abismo-gigantesco-escondido-sob-o-gelo-da-antartida.htm, skipping...
[ERROR - 2025-10-25 18:58:46,869 - Worker_4] Status code == 403 for http://oblogdorugbi.blogosfera.uol.com.br/2016/01/13/selecao-feminina-abre-treinos-para-fas-de-rugbi/, skipping...
[ERROR - 2025-10-25 18:58:50,410 - Worker_3] Status code == 403 for http://josiasdesouza.blogosfera.uol.com.br/2016/01/14/procurador-acusa-governo-de-desvirtuar-propaganda-sobre-os-jogos-olimpicos/, skipping...
[ERROR - 2025-10-25 18:58:52,682 - Worker_0] Status code == 403 for http://noticias.uol.com.br/album/2016/01/04/bichos-que-foram-noticia.htm?abrefoto=23, skipping...
[ERROR - 2025-10-25 18:58:57,136 - Worker_3] Status code == 403 for http://noticias.uol.com.br/blogs-e-colunas/coluna/jorge-ramos/2016/01/14/cuba-e-uma-ditadura.htm, skipping...
[ERROR - 2025-10-25 18:59:29,800 - Worker_0] Status code == 404 for http://carnaval.uol.com.br/2016/album/2016/01/14/valeska-reis-esta-pronta-para-brilhar-a-frente-da-bateria-da-imperio-de-casa-verde.htm, skipping...
[ERROR - 2025-10-25 18:59:31,831 - Worker_4] Status code == 403 for http://noticias.uol.com.br/ultimas-noticias/reuters/2016/01/14/justica-suspende-licenca-de-belo-monte-por-descumprimento-de-decisao-judicial-diz-mpf.htm, skipping...
[ERROR - 2025-10-25 18:59:45,199 - Worker_0] Failed to connect with http://paranaportal.uol.com.br/blog/2016/01/14/fernando-baiano-e-carlos-bumlai-mantem-versoes-em-acareacao-na-policia-federal/ after 3 attempts, skipping...
[ERROR - 2025-10-25 18:59:49,973 - Worker_2] Status code == 404 for http://carnaval.uol.com.br/2016/noticias/redacao/2016/01/14/show-de-86-anos-da-vai-vai-reune-seu-jorge-racionais-e-fundo-de-quintal.htm, skipping...
[ERROR - 2025-10-25 18:59:56,331 - Worker_3] Status code == 403 for http://reginanavarro.blogosfera.uol.com.br/2016/01/14/minha-esposa-quer-se-separar-descobriu-q-vejo-videos-pornos-na-internet/, skipping...
[ERROR - 2025-10-25 19:00:00,088 - Worker_1] Status code == 404 for http://entretenimento.band.uol.com.br/bandfolia/2016/noticias/100000789453/mendigata-sensualiza-em-ensaio-da-grande-rio.html, skipping...
[ERROR - 2025-10-25 19:00:04,443 - Worker_1] Status code == 403 for http://blogdobrito.blogosfera.uol.com.br/2016/01/14/atletismo-recebe-r-26-milhoes-do-governo-para-projeto-com-atletas-da-base/, skipping...
[ERROR - 2025-10-25 19:00:07,738 - Worker_4] Failed to connect with http://paranaportal.uol.com.br/blog/2016/01/14/bilhete-em-garrafa-com-pedido-de-socorro-e-encontrado-por-criancas-em-praia-do-parana/ after 3 attempts, skipping...
[ERROR - 2025-10-25 19:00:15,611 - Worker_1] Status code == 403 for http://noticias.uol.com.br/ciencia/ultimas-noticias/redacao/2016/01/14/seu-signo-nao-mudou-o-que-mudou-foi-a-maneira-como-vemos-as-estrelas.htm, skipping...
[ERROR - 2025-10-25 19:00:26,644 - Worker_1] Status code == 403 for http://noticias.uol.com.br/cotidiano/ultimas-noticias/2016/01/14/39-pessoas-procuraram-atendimento-por-causa-do-vazamento-de-gas-no-guaruja.htm, skipping...
[ERROR - 2025-10-25 19:00:30,861 - Worker_1] Status code == 403 for http://noticias.uol.com.br/ultimas-noticias/bbc/2016/01/14/na-africa-indaguei-rei-da-minha-etnia-por-que-nos-venderam-como-escravos.htm, skipping...
[ERROR - 2025-10-25 19:00:39,810 - Worker_1] Status code == 403 for http://colunaesplanada.blogosfera.uol.com.br/2016/01/14/andrade-gutierrez-descarrila-em-obra-de-ferrovia-na-bahi, skipping...
[ERROR - 2025-10-25 19:00:41,158 - Worker_3] Status code == 403 for http://noticias.uol.com.br/cotidiano/ultimas-noticias/2016/01/14/apos-dispersao-das-passeatas-dois-sao-detidos-por-confronto-no-metro.htm, skipping...
[ERROR - 2025-10-25 19:00:44,078 - Worker_1] Status code == 403 for http://educacao.uol.com.br/noticias/2016/01/14/sisu-tem-mais-de-25-milhoes-de-inscritos-sao-dez-candidatos-por-vaga.htm, skipping...
[ERROR - 2025-10-25 19:00:47,774 - Worker_3] Status code == 403 for http://nilsonxavier.blogosfera.uol.com.br/2016/01/15/alem-do-tempo-reconfigurou-o-maniqueismo-caracteristico-das-novelas/, skipping...
[ERROR - 2025-10-25 19:00:48,718 - Worker_0] Status code == 403 for http://noticias.uol.com.br/blogs-e-colunas/coluna/paul-krugman/2016/01/15/sera-necessaria-uma-desigualdade-tao-grande.htm, skipping...
[ERROR - 2025-10-25 19:00:52,289 - Worker_3] Status code == 403 for http://blogdobloco.blogosfera.uol.com.br/2016/01/15/quem-e-essa-papai-pito-de-ivete-vira-marchinha/, skipping...
[ERROR - 2025-10-25 19:00:52,333 - Worker_2] Status code == 404 for http://carnaval.uol.com.br/2016/noticias/redacao/2016/01/14/conheca-sambistas-e-cozinheiros-que-preparam-as-feijoadas-do-pre-carnaval.htm, skipping...
[ERROR - 2025-10-25 19:00:55,506 - Worker_1] Status code == 403 for http://companhiadeviagem.blogosfera.uol.com.br/2016/01/13/a-beleza-feminina-ao-redor-do-mundo/, skipping...
[ERROR - 2025-10-25 19:01:04,265 - Worker_1] Status code == 403 for http://noticias.uol.com.br/saude/ultimas-noticias/redacao/2016/01/15/quantas-vezes-voce-pode-usar-a-mesma-toalha-de-banho.htm, skipping...
[ERROR - 2025-10-25 19:01:29,882 - Worker_0] Status code == 403 for http://noticias.uol.com.br/ultimas-noticias/bbc/2016/01/15/por-que-guinness-ainda-nao-reconheceu-o-mais-velho-do-mundo-no-brasil.htm, skipping...
[ERROR - 2025-10-25 19:01:30,988 - Worker_2] Status code == 403 for http://noticias.uol.com.br/cotidiano/ultimas-noticias/2016/01/15/bebe-sobrevive-ao-cair-de-segundo-andar-de-predio-em-fortaleza.htm, skipping...
[ERROR - 2025-10-25 19:01:35,167 - Worker_2] Status code == 403 for http://noticias.uol.com.br/ciencia/ultimas-noticias/bbc/2016/01/15/o-estranho-furacao-tropical-cuja-formacao-rara-vem-surpreendendo-os-cientistas.htm, skipping...
[ERROR - 2025-10-25 19:01:36,697 - Worker_4] Status code == 403 for http://mauriciostycer.blogosfera.uol.com.br/2016/01/15/audiencia-de-alem-do-tempo-superou-a-das-ultimas-quatro-novelas-das-18h30/, skipping...
[ERROR - 2025-10-25 19:01:39,432 - Worker_2] Status code == 403 for http://rodrigomattos.blogosfera.uol.com.br/2016/01/15/rio-2016-gasta-menos-com-luxos-mas-nao-sabe-quanto-cortou-no-orcamento/, skipping...
[ERROR - 2025-10-25 19:01:40,952 - Worker_4] Status code == 403 for http://educacao.uol.com.br/noticias/2016/01/15/sisu-tem-mais-de-27-milhoes-de-inscritos-resultado-sera-divulgado-dia-18.htm, skipping...
[ERROR - 2025-10-25 19:01:45,190 - Worker_4] Status code == 403 for http://uolesporte.blogosfera.uol.com.br/2016/01/15/camisa-especial-de-lugano-esgota-e-sao-paulo-anuncia-novo-lote/, skipping...
[ERROR - 2025-10-25 19:01:45,286 - Worker_0] Status code == 403 for http://oblogdorugbi.blogosfera.uol.com.br/2016/01/15/esperem-um-rugbi-radical-promete-novo-treinador-da-inglaterra/, skipping...
[ERROR - 2025-10-25 19:01:48,629 - Worker_1] Status code == 403 for http://uolesportevetv.blogosfera.uol.com.br/2016/01/15/libertadores-comeca-com-sp-dividido-na-tv-e-dominio-do-fox-sports/, skipping...
[ERROR - 2025-10-25 19:01:49,472 - Worker_0] Status code == 403 for http://noticias.uol.com.br/cotidiano/ultimas-noticias/2016/01/15/crescimento-da-violencia-choca-moradores-e-turistas-em-praia-grande-sp.htm, skipping...
[ERROR - 2025-10-25 19:01:58,536 - Worker_0] Status code == 404 for http://futebol.placar.esporte.uol.com.br/futebol/copa-sao-paulo/2016/01/15/internacional-x-corinthians.htm, skipping...
[ERROR - 2025-10-25 19:01:58,898 - Worker_1] Failed to connect with http://paranaportal.uol.com.br/blog/2016/01/15/medico-acusado-de-matar-a-fisiculturista-renata-muggiati-e-preso/ after 3 attempts, skipping...
[ERROR - 2025-10-25 19:02:05,388 - Worker_1] Status code == 403 for http://noticias.uol.com.br/ultimas-noticias/efe/2016/01/15/dois-helicopteros-militares-dos-eua-colidem-em-pleno-voo-sobre-o-havai.htm, skipping...
[ERROR - 2025-10-25 19:02:07,291 - Worker_0] Status code == 403 for http://noticias.uol.com.br/album/2016/01/08/protestos-contra-aumento-da-tarifa-do-transporte-publico-pelo-brasil.htm?abrefoto=78, skipping...
[ERROR - 2025-10-25 19:02:08,571 - Worker_2] Status code == 403 for http://noticias.uol.com.br/cotidiano/ultimas-noticias/2016/01/15/a-gente-vai-para-onde-pergunta-moradora-de-area-atingida-por-vazamento.htm, skipping...
[ERROR - 2025-10-25 19:02:11,884 - Worker_1] Status code == 403 for http://noticias.uol.com.br/midiaglobal/nytimes/2016/01/15/supremo-indiano-veta-candidatura-politica-de-pessoas-sem-escolaridade.htm, skipping...
[ERROR - 2025-10-25 19:02:28,387 - Worker_4] Status code == 403 for http://noticias.uol.com.br/ultimas-noticias/bbc/2016/01/15/apologia-a-violencia-em-esportes-e-games-incentiva-crimes-diz-ministro-da-justica.htm, skipping...
[ERROR - 2025-10-25 19:02:35,249 - Worker_4] Status code == 404 for http://entretenimento.band.uol.com.br/bandfolia/2016/fotos/10000010500/com-pouca-roupa-beldades-encaram-chuva-em-ensaio-tecnico-de-escolas-de-samba.html, skipping...
[ERROR - 2025-10-25 19:02:42,157 - Worker_4] Status code == 403 for http://blogdobloco.blogosfera.uol.com.br/2016/01/15/multa-foliao-que-fizer-xixi-na-rua-salta-de-r-170-para-r-510/, skipping...
[ERROR - 2025-10-25 19:02:46,959 - Worker_4] Status code == 403 for http://noticias.uol.com.br/ultimas-noticias/reuters/2016/01/15/franca-identifica-mais-um-agressor-de-paris-atraves-de-dna-dos-restos-mortais.htm, skipping...
[ERROR - 2025-10-25 19:02:49,734 - Worker_2] Status code == 403 for http://mauriciostycer.blogosfera.uol.com.br/2016/01/15/globo-nao-reconhece-o-erro-mas-muda-a-logomarca-de-eta-mundo-bom/, skipping...
[ERROR - 2025-10-25 19:02:52,781 - Worker_1] Status code == 403 for http://noticias.uol.com.br/saude/ultimas-noticias/bbc/2016/01/15/pior-da-epidemia-de-zika-ja-pode-ter-passado-no-brasil-diz-pesquisador-dos-eua.htm, skipping...
[ERROR - 2025-10-25 19:02:56,116 - Worker_0] Status code == 403 for http://blogdoperrone.blogosfera.uol.com.br/2016/01/passado-de-lesoes-faz-pato-enfrentar-desconfianca-de-torcedores-do-chelsea/, skipping...
[ERROR - 2025-10-25 19:02:57,163 - Worker_1] Status code == 403 for http://uolesporte.blogosfera.uol.com.br/2016/01/16/so-de-cueca-cristiano-ronaldo-faz-ensaio-ao-lado-de-alessandra-ambrosio/, skipping...
[ERROR - 2025-10-25 19:03:00,333 - Worker_0] Status code == 403 for http://noticias.uol.com.br/ultimas-noticias/agencia-estado/2016/01/16/suspeito-de-matar-colega-em-ritual-de-magia-negra-e-preso-no-rs.htm, skipping...
[ERROR - 2025-10-25 19:03:01,244 - Worker_2] Status code == 403 for http://noticias.uol.com.br/ultimas-noticias/afp/2016/01/16/siria-ataque-do-ei-mata-135-em-deir-ezzor-incluindo-85-civis.htm, skipping...
[ERROR - 2025-10-25 19:03:05,837 - Worker_1] Status code == 403 for http://noticias.uol.com.br/midiaglobal/nytimes/2016/01/16/ataque-em-jacarta-aumenta-temor-de-que-ei-esteja-se-espalhando-pelo-sudeste-asiatico.htm, skipping...
[ERROR - 2025-10-25 19:03:06,882 - Worker_0] Status code == 403 for http://noticias.uol.com.br/album/2016/01/04/bichos-que-foram-noticia.htm?abrefoto=25, skipping...
[ERROR - 2025-10-25 19:03:10,176 - Worker_2] Status code == 403 for http://uolesporte.blogosfera.uol.com.br/2016/01/16/atacante-ex-barca-e-gremio-reaparece-com-quase-100kg-e-chama-atencao/, skipping...
[ERROR - 2025-10-25 19:03:11,055 - Worker_0] Status code == 403 for http://noticias.uol.com.br/ultimas-noticias/bbc/2016/01/15/por-que-guinness-ainda-nao-reconheceu-o-mais-velho-do-mundo-no-brasil.htm, skipping...
[ERROR - 2025-10-25 19:03:14,453 - Worker_2] Status code == 403 for http://uolesportevetv.blogosfera.uol.com.br/2016/01/16/alvaro-jose-deixa-record-e-volta-a-band-para-cobertura-da-rio-2016/, skipping...
[ERROR - 2025-10-25 19:03:15,298 - Worker_0] Status code == 403 for http://noticias.uol.com.br/cotidiano/ultimas-noticias/2016/01/16/com-chuva-cemiterio-desaba-e-tumulos-caem-sobre-casas-em-minas-gerais.htm, skipping...
[ERROR - 2025-10-25 19:03:19,467 - Worker_0] Status code == 403 for http://noticias.uol.com.br/meio-ambiente/ultimas-noticias/redacao/2016/01/16/luz-da-lua-orienta-a-maior-migracao-diaria-do-planeta.htm, skipping...
[ERROR - 2025-10-25 19:03:23,031 - Worker_2] Status code == 403 for http://rodrigomattos.blogosfera.uol.com.br/2016/01/16/na-justica-contra-fox-globo-preve-grave-prejuizo-se-perder-libertadores/, skipping...
[ERROR - 2025-10-25 19:03:23,681 - Worker_0] Status code == 403 for http://reginanavarro.blogosfera.uol.com.br/2016/01/16/o-dificil-controle-na-vida-a-dois/, skipping...
[ERROR - 2025-10-25 19:03:27,842 - Worker_0] Status code == 403 for http://noticias.uol.com.br/ultimas-noticias/efe/2016/01/16/oposicao-insiste-que-maduro-renuncie-apos-admitida-a-catastrofe-economica.htm, skipping...
[ERROR - 2025-10-25 19:03:31,684 - Worker_4] Status code == 403 for http://noticias.uol.com.br/ultimas-noticias/agencia-estado/2016/01/16/mst-invade-fazenda-de-politico-no-extremo-oeste-paulista.htm, skipping...
[ERROR - 2025-10-25 19:03:40,701 - Worker_4] Status code == 403 for http://todosabordo.blogosfera.uol.com.br/2016/01/16/voos-mais-curtos-do-mundo-duram-de-47s-a-10-minutos-e-custam-ate-us-100/, skipping...
[ERROR - 2025-10-25 19:03:44,504 - Worker_1] Status code == 403 for http://noticias.uol.com.br/cotidiano/ultimas-noticias/2016/01/16/sorteados-os-numeros-da-mega-sena-do-concurso-deste-sabado-16.htm, skipping...
[ERROR - 2025-10-25 19:03:48,439 - Worker_0] Status code == 403 for http://noticias.uol.com.br/ultimas-noticias/bbc/2016/01/16/mudanca-climatica-provoca-ataques-de-gafanhotos-na-argentina.htm, skipping...
[ERROR - 2025-10-25 19:03:52,665 - Worker_0] Status code == 403 for http://blogdosakamoto.blogosfera.uol.com.br/2016/01/16/fomos-treinados-para-o-preconceito-libertar-se-disso-pode-ser-assustador/, skipping...
[ERROR - 2025-10-25 19:03:53,852 - Worker_1] Status code == 403 for http://noticias.uol.com.br/album/album-do-dia/2016/01/16/imagens-do-dia---16-de-janeiro-de-2016.htm?abrefoto=20, skipping...
[ERROR - 2025-10-25 19:04:01,183 - Worker_3] Status code == 403 for http://noticias.uol.com.br/ciencia/ultimas-noticias/redacao/2016/01/16/astronauta-britanico-tira-selfie-em-sua-primeira-caminhada-espacial.htm, skipping...
[ERROR - 2025-10-25 19:04:03,234 - Worker_1] Status code == 403 for http://noticias.uol.com.br/ultimas-noticias/reuters/2016/01/16/china-lanca-novo-banco-de-desenvolvimento-aiib.htm, skipping...
[ERROR - 2025-10-25 19:04:07,394 - Worker_1] Status code == 403 for http://noticias.uol.com.br/ultimas-noticias/agencia-estado/2016/01/17/menino-que-nao-conseguiu-coracao-por-falta-de-transporte-morre-em-brasilia.htm, skipping...
[ERROR - 2025-10-25 19:04:10,431 - Worker_2] Status code == 403 for http://oblogdorugbi.blogosfera.uol.com.br/2016/01/17/atleta-tenta-evitar-punicao-a-adversario-mas-sai-frustrado/, skipping...
[ERROR - 2025-10-25 19:04:14,598 - Worker_2] Status code == 403 for http://uolesporte.blogosfera.uol.com.br/2016/01/17/felipe-massa-pilota-carro-historico-de-ayrton-senna-em-evento/, skipping...
[ERROR - 2025-10-25 19:04:20,584 - Worker_0] Status code == 403 for http://uolesporte.blogosfera.uol.com.br/2016/01/16/atacante-ex-barca-e-gremio-reaparece-com-quase-100kg-e-chama-atencao/, skipping...
[ERROR - 2025-10-25 19:04:21,422 - Worker_2] Status code == 403 for http://noticias.uol.com.br/ultimas-noticias/agencia-estado/2016/01/17/bombeiros-resgatam-corpos-de-vitimas-de-enchentes-no-interior-de-sp.htm, skipping...
[ERROR - 2025-10-25 19:04:31,673 - Worker_1] Status code == 403 for http://blogdomenon.blogosfera.uol.com.br/2016/01/17/galo-1-x-0-timao-alguns-pitacos/, skipping...
[ERROR - 2025-10-25 19:04:33,200 - Worker_2] Status code == 403 for http://noticias.uol.com.br/midiaglobal/nytimes/2016/01/17/temendo-perda-de-visto-facilitado-cubanos-iniciam-corrida-para-migrar-para-os-eua.htm, skipping...
[ERROR - 2025-10-25 19:04:34,333 - Worker_4] Status code == 404 for http://carnaval.uol.com.br/2016/sao-paulo/album/escolas-de-samba/2015/12/23/gavioes-da-fiel.htm?abrefoto=14, skipping...
[ERROR - 2025-10-25 19:04:36,693 - Worker_0] Status code == 403 for http://noticias.uol.com.br/ultimas-noticias/agencia-estado/2016/01/17/pp-desviou-r-358-milhoes-dos-cofres-da-petrobras-diz-procurador-geral.htm, skipping...
[ERROR - 2025-10-25 19:04:40,889 - Worker_0] Status code == 403 for http://noticias.uol.com.br/ultimas-noticias/agencia-estado/2016/01/17/mais-um-banhista-e-ferido-com-ferrao-de-bagre-no-litoral-de-sp.htm, skipping...
[ERROR - 2025-10-25 19:04:41,573 - Worker_1] Status code == 403 for http://noticias.uol.com.br/saude/ultimas-noticias/redacao/2016/01/17/criterios-diferentes-de-notificacao-distorcem-mapa-da-microcefalia-no-pais.htm, skipping...
[ERROR - 2025-10-25 19:04:45,061 - Worker_0] Status code == 403 for http://noticias.uol.com.br/ultimas-noticias/agencia-estado/2016/01/17/barulho-de-gerador-motiva-transferencia-de-senador-preso.htm, skipping...
[ERROR - 2025-10-25 19:04:45,734 - Worker_1] Status code == 403 for http://noticias.uol.com.br/ultimas-noticias/afp/2016/01/17/pai-do-menino-sirio-afogado-chora-ao-ver-charge-no-charlie-hebdo.htm, skipping...
[ERROR - 2025-10-25 19:04:49,276 - Worker_0] Status code == 403 for http://todosabordo.blogosfera.uol.com.br/2016/01/16/voos-mais-curtos-do-mundo-duram-de-47s-a-10-minutos-e-custam-ate-us-100/, skipping...
[ERROR - 2025-10-25 19:04:54,719 - Worker_1] Status code == 403 for http://noticias.uol.com.br/cotidiano/ultimas-noticias/2016/01/16/sorteados-os-numeros-da-mega-sena-do-concurso-deste-sabado-16.htm, skipping...
[ERROR - 2025-10-25 19:04:55,713 - Worker_0] Status code == 403 for http://noticias.uol.com.br/saude/ultimas-noticias/the-new-york-times/2016/01/17/depoimento-como-a-incompetencia-medica-salvou-a-vida-de-uma-paciente.htm, skipping...
[ERROR - 2025-10-25 19:05:03,348 - Worker_1] Status code == 403 for http://noticias.uol.com.br/ciencia/album/2016/01/11/veja-imagens-do-espaco-2016.htm?abrefoto=6, skipping...
[ERROR - 2025-10-25 19:05:10,672 - Worker_3] Status code == 403 for http://noticias.uol.com.br/cotidiano/ultimas-noticias/2016/01/17/indio-morre-apos-ser-espancado-em-bh-policia-suspeita-de-crime-de-racismo.htm, skipping...
[ERROR - 2025-10-25 19:05:12,211 - Worker_2] Status code == 403 for http://noticias.uol.com.br/ultimas-noticias/reuters/2016/01/17/presidente-do-ira-diz-que-suspensao-de-sancoes-e-pagina-de-ouro-da-historia-do-pais.htm, skipping...
[ERROR - 2025-10-25 19:05:14,034 - Worker_0] Status code == 403 for http://noticias.uol.com.br/ultimas-noticias/agencia-estado/2016/01/17/cantareira-tem-segunda-maior-alta-desde-o-inicio-da-crise-hidrica.htm, skipping...
[ERROR - 2025-10-25 19:05:16,471 - Worker_2] Status code == 403 for http://educacao.uol.com.br/noticias/agencia-estado/2016/01/17/matriculas-para-escolas-ocupadas-em-goias-tem-de-ser-feitas-diz-mp.htm, skipping...
[ERROR - 2025-10-25 19:05:19,095 - Worker_1] Status code == 403 for http://noticias.uol.com.br/opiniao/coluna/2016/01/17/medo-da-vida-real-aumenta-risco-de-dependencia-da-internet.htm, skipping...
[ERROR - 2025-10-25 19:05:20,609 - Worker_0] Status code == 403 for http://pvc.blogosfera.uol.com.br/2016/01/17/na-festa-de-messi-neymar-e-suarez-brilham/, skipping...
[ERROR - 2025-10-25 19:05:22,425 - Worker_4] Status code == 404 for http://carnaval.uol.com.br/2016/rio-de-janeiro/album/escolas-de-samba/2015/12/23/grande-rio.htm?abrefoto=19, skipping...
[ERROR - 2025-10-25 19:05:25,067 - Worker_3] Status code == 403 for http://nagradedomma.blogosfera.uol.com.br/2016/01/18/titulo-de-dominick-cruz-ressuscita-renan-barao-no-peso-galo-do-ufc/, skipping...
[ERROR - 2025-10-25 19:05:25,222 - Worker_2] Status code == 403 for http://uolesportevetv.blogosfera.uol.com.br/2016/01/18/reporter-do-esporte-interativo-e-esfaqueado-durante-assalto-no-para/, skipping...
[ERROR - 2025-10-25 19:05:29,298 - Worker_3] Status code == 403 for http://pvc.blogosfera.uol.com.br/2016/01/18/primeira-liga-pode-terminar-com-acao-na-fifa-contra-dupla-fla-flu/, skipping...
[ERROR - 2025-10-25 19:05:32,683 - Worker_4] Failed to connect with http://paranaportal.uol.com.br/blog/2016/01/18/uma-semana-apos-as-chuvas-11-trechos-de-rodovias-estaduais-permanecem-interditados/ after 3 attempts, skipping...
[ERROR - 2025-10-25 19:05:36,901 - Worker_4] Status code == 403 for http://blogdoohata.blogosfera.uol.com.br/2016/01/18/podemos-quebrar-sigilos-bancarios-e-banir-tenistas-ameacam-entidades/, skipping...
[ERROR - 2025-10-25 19:05:41,859 - Worker_3] Failed to connect with http://paranaportal.uol.com.br/blog/2016/01/18/lava-jato-denuncia-renato-duque-pela-sexta-vez-e-pede-devolucao-de-r-80-milhoes/ after 3 attempts, skipping...
[ERROR - 2025-10-25 19:05:51,067 - Worker_3] Status code == 403 for http://rodrigomattos.blogosfera.uol.com.br/2016/01/18/globo-impos-jogo-depois-da-novela-em-contrato-da-libertadores/, skipping...
[ERROR - 2025-10-25 19:05:52,936 - Worker_4] Status code == 403 for http://economia.uol.com.br/cotacoes/noticias/redacao/2016/01/18/petrobras-tomba-7-vai-abaixo-de-r-5-pela-1-vez-desde-2003-e-puxa-bolsa.htm, skipping...
[ERROR - 2025-10-25 19:05:55,053 - Worker_0] Status code == 404 for http://carnaval.uol.com.br/2016/rio-de-janeiro/album/escolas-de-samba/2015/12/23/unidos-da-tijuca.htm?abrefoto=15, skipping...
[ERROR - 2025-10-25 19:05:55,325 - Worker_3] Status code == 403 for http://blogdoperrone.blogosfera.uol.com.br/2016/01/corinthians-paga-divida-com-empresa-de-ronaldo-e-encerra-processo/, skipping...
[ERROR - 2025-10-25 19:05:57,168 - Worker_4] Status code == 403 for http://noticias.uol.com.br/ultimas-noticias/ansa/2016/01/18/peticao-contra-veto-a-trump-chega-a-parlamento-britanico.htm, skipping...
[ERROR - 2025-10-25 19:05:59,629 - Worker_3] Status code == 403 for http://nilsonxavier.blogosfera.uol.com.br/2016/01/18/eta-mundo-bom-estreia-com-trilha-caipira-e-filtro-de-instagram/, skipping...
[ERROR - 2025-10-25 19:06:07,024 - Worker_4] Status code == 403 for http://noticias.uol.com.br/ultimas-noticias/bbc/2016/01/17/educacao-e-tesouro-que-levei-da-cadeia-diz-homem-inocentado-apos-23-anos-de-prisao.htm, skipping...
[ERROR - 2025-10-25 19:06:09,810 - Worker_2] Status code == 403 for http://noticias.uol.com.br/ultimas-noticias/ansa/2016/01/18/presidio-de-mussolini-deve-virar-resort-em-montenegro.htm, skipping...
[ERROR - 2025-10-25 19:06:13,494 - Worker_4] Status code == 403 for http://noticias.uol.com.br/politica/ultimas-noticias/2016/01/18/sem-datena-dirigente-descarta-maluf-e-diz-que-pp-nao-tera-candidato-em-sp.htm, skipping...
[ERROR - 2025-10-25 19:06:17,673 - Worker_4] Status code == 403 for http://noticias.uol.com.br/cotidiano/ultimas-noticias/2016/01/18/consultoria-encontrou-trincas-em-barragem-em-mg-14-meses-antes-de-desastre.htm, skipping...
[ERROR - 2025-10-25 19:06:24,081 - Worker_4] Status code == 403 for http://noticias.uol.com.br/internacional/ultimas-noticias/the-new-york-times/2016/01/18/afeganistao-usa-antiga-base-dos-eua-para-tratar-usuarios-de-heroina.htm, skipping...
[ERROR - 2025-10-25 19:06:28,271 - Worker_4] Status code == 403 for http://noticias.uol.com.br/saude/ultimas-noticias/redacao/2016/01/17/criterios-diferentes-de-notificacao-distorcem-mapa-da-microcefalia-no-pais.htm, skipping...
[ERROR - 2025-10-25 19:06:32,964 - Worker_4] Status code == 403 for http://blogdorafaelreis.blogosfera.uol.com.br/2016/01/18/tecnico-de-rival-palmeirense-na-libertadores-tem-passado-de-bad-boy/, skipping...
[ERROR - 2025-10-25 19:06:34,049 - Worker_3] Status code == 404 for http://carnaval.uol.com.br/2016/noticias/redacao/2016/01/18/com-show-de-ivete-sangalo-carnauol-tem-ultimos-ingressos-no-2-lote.htm, skipping...
[ERROR - 2025-10-25 19:06:37,431 - Worker_4] Status code == 403 for http://noticias.uol.com.br/ultimas-noticias/agencia-estado/2016/01/18/publicitario-da-lava-jato-deixa-prisao-por-cautelares-e-fianca-de-r-1-mi.htm, skipping...
[ERROR - 2025-10-25 19:06:38,220 - Worker_3] Status code == 403 for http://noticias.uol.com.br/saude/ultimas-noticias/bbc/2016/01/14/por-que-mudar-o-horario-das-refeicoes-pode-ser-mais-saudavel.htm, skipping...
[ERROR - 2025-10-25 19:06:38,855 - Worker_0] Status code == 403 for http://noticias.uol.com.br/cotidiano/ultimas-noticias/2016/01/18/policia-civil-investiga-estupros-de-duas-mulheres-no-parque-ibirapuera.htm, skipping...
[ERROR - 2025-10-25 19:06:41,341 - Worker_2] Status code == 403 for http://todosabordo.blogosfera.uol.com.br/2016/01/16/voos-mais-curtos-do-mundo-duram-de-47s-a-10-minutos-e-custam-ate-us-100/, skipping...
[ERROR - 2025-10-25 19:06:41,976 - Worker_4] Status code == 403 for http://brasilianismo.blogosfera.uol.com.br/2016/01/18/turistas-argentinos-criam-indice-canga-para-navegar-na-economia-do-brasil/, skipping...
[ERROR - 2025-10-25 19:06:43,111 - Worker_0] Status code == 403 for http://saqueevoleio.blogosfera.uol.com.br/2016/01/18/ao-dia-1-serena-mostra-forca-wozniacki-cai-e-uma-velha-polemica-ressurge/, skipping...
[ERROR - 2025-10-25 19:06:47,310 - Worker_0] Status code == 403 for http://blogdoperrone.blogosfera.uol.com.br/2016/01/negociacao-com-concorrente-da-globo-preve-2-jogos-por-rodada-na-tv-fechada/, skipping...
[ERROR - 2025-10-25 19:06:54,035 - Worker_4] Status code == 403 for http://noticias.uol.com.br/ultimas-noticias/efe/2016/01/18/preso-1-suspeito-de-abuso-sexual-na-noite-de-ano-novo-em-colonia.htm, skipping...
[ERROR - 2025-10-25 19:07:08,119 - Worker_4] Status code == 403 for http://blogdobloco.blogosfera.uol.com.br/2016/01/18/de-david-bowie-a-molejao-14-blocos-que-tocam-um-so-artista-ou-banda/, skipping...
[ERROR - 2025-10-25 19:07:09,136 - Worker_1] Status code == 403 for http://noticias.uol.com.br/cotidiano/ultimas-noticias/2016/01/18/medico-que-caiu-da-varanda-em-pousada-no-pi-tem-morte-cerebral.htm, skipping...
[ERROR - 2025-10-25 19:07:13,337 - Worker_1] Status code == 403 for http://noticias.uol.com.br/midiaglobal/nytimes/2016/01/18/clima-de-medo-amplia-divisoes-na-crise-de-imigracao-da-europa.htm, skipping...
[ERROR - 2025-10-25 19:07:14,737 - Worker_4] Status code == 403 for http://abiliodiniz.blogosfera.uol.com.br/2016/01/18/poder-e-gestao-no-futebol/, skipping...
[ERROR - 2025-10-25 19:07:24,591 - Worker_0] Status code == 403 for http://educacao.uol.com.br/noticias/agencia-estado/2016/01/19/ultimas-duas-escolas-sao-desocupadas-apos-protesto-de-alunos-de-sp.htm, skipping...
[ERROR - 2025-10-25 19:07:24,656 - Worker_4] Status code == 403 for http://educacao.uol.com.br/noticias/2016/01/19/prouni-tem-mais-de-559-mil-candidatos-no-primeiro-dia-de-inscricoes.htm, skipping...
[ERROR - 2025-10-25 19:07:37,756 - Worker_2] Status code == 403 for http://blogdoperrone.blogosfera.uol.com.br/2016/01/caixa-desistiu-de-batizar-arena-corinthians-por-medo-de-ser-ignorada/, skipping...
[ERROR - 2025-10-25 19:07:49,516 - Worker_3] Status code == 403 for http://noticias.uol.com.br/politica/ultimas-noticias/2016/01/19/servidores-do-judiciario-protocolam-pedido-de-impeachment-contra-pezao.htm, skipping...
[ERROR - 2025-10-25 19:07:56,008 - Worker_3] Status code == 403 for http://educacao.uol.com.br/noticias/2016/01/19/desafios-de-inclusao-continuam-diz-mec-sobre-jovens-fora-da-escola.htm, skipping...
[ERROR - 2025-10-25 19:07:59,179 - Worker_4] Status code == 404 for http://carnaval.uol.com.br/2016/noticias/redacao/2016/01/19/casuarina-e-monobloco-estao-em-roteiro-de-shows-especiais-de-carnaval.htm, skipping...
[ERROR - 2025-10-25 19:08:00,363 - Worker_3] Status code == 404 for http://futebol.placar.esporte.uol.com.br/futebol/copa-sao-paulo/2016/01/19/corinthians-x-ituano.htm, skipping...
[ERROR - 2025-10-25 19:08:03,432 - Worker_4] Status code == 403 for http://josiasdesouza.blogosfera.uol.com.br/2016/01/19/desaprovacao-de-haddad-complica-plano-do-pt/, skipping...
[ERROR - 2025-10-25 19:08:08,233 - Worker_4] Status code == 403 for http://noticias.uol.com.br/ultimas-noticias/agencia-estado/2016/01/19/corpo-de-menina-encontrada-morta-tinha-marcas-de-tortura-e-desnutricao.htm, skipping...
[ERROR - 2025-10-25 19:08:12,086 - Worker_2] Status code == 404 for http://carnaval.uol.com.br/2016/carnauol/, skipping...
[ERROR - 2025-10-25 19:08:12,448 - Worker_4] Status code == 403 for http://colunaesplanada.blogosfera.uol.com.br/2016/01/18/pai-de-santo-do-congresso-avisa-2016-e-o-ano-da-besta/, skipping...
[ERROR - 2025-10-25 19:08:18,646 - Worker_2] Status code == 403 for http://noticias.uol.com.br/ciencia/ultimas-noticias/bbc/2016/01/19/stephen-hawking-preve-desastre-provocado-pelo-homem-e-abandono-da-terra.htm, skipping...
[ERROR - 2025-10-25 19:08:49,238 - Worker_3] Status code == 403 for http://noticias.uol.com.br/politica/ultimas-noticias/2016/01/19/como-o-congresso-registra-seus-proprios-barracos.htm, skipping...
[ERROR - 2025-10-25 19:08:55,767 - Worker_3] Status code == 403 for http://blogdobrito.blogosfera.uol.com.br/2016/01/19/britanicos-vem-remando-e-pedalando-do-parque-olimpico-de-londres-ate-o-rio/, skipping...
[ERROR - 2025-10-25 19:09:01,025 - Worker_3] Status code == 404 for http://blogs.ne10.uol.com.br/jamildo/2016/01/19/antonio-campos-cre-em-erro-de-projeto-como-causa-fudamnental-de-queda-do-aviao-que-matou-eduardo-campos-e-diz-que-cenipa-poe-carga-em-pilotos/, skipping...
[ERROR - 2025-10-25 19:09:25,716 - Worker_3] Status code == 403 for http://pvc.blogosfera.uol.com.br/2016/01/19/por-que-o-sao-paulo-ganhou-a-concorrencia-para-ter-calleri/, skipping...
[ERROR - 2025-10-25 19:09:33,133 - Worker_4] Status code == 403 for http://companhiadeviagem.blogosfera.uol.com.br/2016/01/18/mergulhe-nas-piscinas-mais-bonitas-do-mundo/, skipping...
[ERROR - 2025-10-25 19:09:36,094 - Worker_3] Failed to connect with http://paranaportal.uol.com.br/blog/2016/01/19/multa-de-radar-aparece-apos-sete-anos-e-pode-mudar-caso-carli/ after 3 attempts, skipping...
[ERROR - 2025-10-25 19:09:40,413 - Worker_1] Status code == 403 for http://educacao.uol.com.br/noticias/2016/01/19/brasil-deixa-28-milhoes-de-criancas-e-adolescentes-fora-da-escola.htm, skipping...
[ERROR - 2025-10-25 19:09:40,583 - Worker_3] Status code == 403 for http://blogdobloco.blogosfera.uol.com.br/2016/01/19/confraria-pasmado-samba-2016/, skipping...
[ERROR - 2025-10-25 19:09:44,742 - Worker_3] Status code == 403 for http://educacao.uol.com.br/noticias/agencia-estado/2016/01/19/prouni-oferece-95-mil-bolsas-a-menos-do-que-em-2015.htm, skipping...
[ERROR - 2025-10-25 19:09:48,025 - Worker_0] Status code == 403 for http://noticias.uol.com.br/album/2016/01/08/protestos-contra-aumento-da-tarifa-do-transporte-publico-pelo-brasil.htm?abrefoto=87, skipping...
[ERROR - 2025-10-25 19:09:53,945 - Worker_1] Status code == 403 for http://noticias.uol.com.br/ultimas-noticias/agencia-estado/2016/01/19/para-fhc-processo-de-impeachment-encaminhado-por-cunha-ficou-um-pouco-dificil.htm, skipping...
[ERROR - 2025-10-25 19:09:58,345 - Worker_1] Status code == 403 for http://blogdobrito.blogosfera.uol.com.br/2016/01/20/a-historia-do-meia-do-corinthians-que-so-conheceu-o-irmao-gemeo-aos-12-anos/, skipping...
[ERROR - 2025-10-25 19:10:09,936 - Worker_4] Status code == 404 for http://carnaval.uol.com.br/2016/album/2016/01/18/carnauol-chega-a-sua-3-edicao-com-ivete-e-ludmilla-veja-quem-ja-passou-pelo-evento.htm, skipping...
[ERROR - 2025-10-25 19:10:14,563 - Worker_1] Status code == 404 for http://futebol.placar.esporte.uol.com.br/futebol/amistosos/2016/01/20/corinthians-x-shakhtar-donetsk.htm, skipping...
[ERROR - 2025-10-25 19:10:18,822 - Worker_1] Status code == 403 for http://noticias.uol.com.br/cotidiano/ultimas-noticias/2016/01/20/jovens-denunciam-ter-sido-agredidos-por-pms-apos-protesto-em-sp.htm, skipping...
[ERROR - 2025-10-25 19:10:31,566 - Worker_4] Status code == 403 for http://oblogdorugbi.blogosfera.uol.com.br/2016/01/20/jogador-empurra-arbitro-na-europa-e-ganha-punicao-exemplar-no-rugbi/, skipping...
[ERROR - 2025-10-25 19:10:36,744 - Worker_0] Status code == 403 for http://noticias.uol.com.br/saude/ultimas-noticias/bbc/2016/01/20/conheca-a-planta-milagrosa-que-teria-curado-fidel.htm, skipping...
[ERROR - 2025-10-25 19:10:38,122 - Worker_4] Status code == 403 for http://noticias.uol.com.br/ultimas-noticias/ansa/2016/01/20/erro-ortografico-faz-menino-virar-suspeito-de-terrorismo.htm, skipping...
[ERROR - 2025-10-25 19:10:41,283 - Worker_0] Status code == 403 for http://blogdomenon.blogosfera.uol.com.br/2016/01/20/leco-faz-gol-para-a-alemanha-e-se-aproxima-de-aidar/, skipping...
[ERROR - 2025-10-25 19:10:44,659 - Worker_4] Status code == 403 for http://noticias.uol.com.br/ultimas-noticias/agencia-estado/2016/01/20/pego-com-r-25-milhoes-em-casa-dono-da-caoa-diz-a-pf-nao-ter-conta-bancaria.htm, skipping...
[ERROR - 2025-10-25 19:10:53,262 - Worker_1] Status code == 404 for http://carnaval.uol.com.br/2016/carnauol/, skipping...
[ERROR - 2025-10-25 19:10:58,957 - Worker_0] Status code == 403 for http://noticias.uol.com.br/politica/ultimas-noticias/2016/01/19/como-o-congresso-registra-seus-proprios-barracos.htm, skipping...
[ERROR - 2025-10-25 19:11:03,129 - Worker_0] Status code == 403 for http://noticias.uol.com.br/midiaglobal/lemonde/2016/01/20/o-alerta-dos-juizes-franceses-sobre-as-leis-antiterrorismo.htm, skipping...
[ERROR - 2025-10-25 19:11:05,927 - Worker_3] Status code == 404 for http://cenapop.virgula.uol.com.br/2016/01/20/104597-preta-gil-e-criticada-por-look-de-carnaval-e-desabafa-guardem-suas-opinioes-para-voces/, skipping...
[ERROR - 2025-10-25 19:11:15,998 - Worker_4] Status code == 403 for http://noticias.uol.com.br/saude/ultimas-noticias/redacao/2016/01/20/sobe-para-3893-o-numero-de-casos-de-microcefalia-no-pais.htm, skipping...
[ERROR - 2025-10-25 19:11:24,670 - Worker_4] Status code == 403 for http://paginacinco.blogosfera.uol.com.br/2016/01/20/classico-de-truman-capote-faz-50-anos-ocupando-lugar-que-nao-lhe-pertence/, skipping...
[ERROR - 2025-10-25 19:11:28,888 - Worker_4] Status code == 403 for http://noticias.uol.com.br/ciencia/ultimas-noticias/redacao/2016/01/18/sexo-com-neandertais-pode-ser-a-causa-das-alergias-modernas.htm, skipping...
[ERROR - 2025-10-25 19:11:32,822 - Worker_1] Status code == 404 for http://carnaval.uol.com.br/2016/noticias/redacao/2016/01/20/vai-vai-lembra-atentados-terroristas-em-enredo-sobre-a-franca-e-pede-paz.htm, skipping...
[ERROR - 2025-10-25 19:11:39,664 - Worker_1] Status code == 403 for http://noticias.uol.com.br/cotidiano/ultimas-noticias/2016/01/20/veja-os-numeros-da-mega-sena-desta-quarta-premio-e-de-r-3-milhoes.htm, skipping...
[ERROR - 2025-10-25 19:11:40,465 - Worker_3] Status code == 404 for http://carnaval.uol.com.br/2016/noticias/redacao/2016/01/20/campea-do-carnaval-vai-vai-escolhe-enredo-a-partir-de-plano-de-negocios.htm, skipping...
[ERROR - 2025-10-25 19:11:48,196 - Worker_4] Status code == 403 for http://noticias.uol.com.br/cotidiano/ultimas-noticias/2016/01/20/cemiterio-em-maceio-tem-corpos-e-ossos-expostos-aos-urubus.htm, skipping...
[ERROR - 2025-10-25 19:11:52,376 - Worker_4] Status code == 403 for http://noticias.uol.com.br/ultimas-noticias/agencia-estado/2016/01/20/prejuizo-das-chuvas-passa-de-r-500-milhoes-no-interior-de-sp.htm, skipping...
[ERROR - 2025-10-25 19:11:53,885 - Worker_3] Status code == 403 for http://noticias.uol.com.br/ciencia/ultimas-noticias/redacao/2016/01/20/calma-existencia-de-nono-planeta-ainda-demorara-anos-para-ser-comprovada.htm, skipping...
[ERROR - 2025-10-25 19:12:05,764 - Worker_3] Status code == 403 for http://blogdorafaelreis.blogosfera.uol.com.br/2016/01/21/antigo-idolo-alerta-ir-para-china-ainda-significa-se-distanciar-da-selecao/, skipping...
[ERROR - 2025-10-25 19:12:12,930 - Worker_2] Status code == 403 for http://noticias.uol.com.br/midiaglobal/lemonde/2016/01/21/merkel-perde-detrator-ilustre-apos-economista-alemao-conservador-se-aposentar.htm, skipping...
[ERROR - 2025-10-25 19:12:16,263 - Worker_0] Status code == 403 for http://noticias.uol.com.br/ultimas-noticias/ansa/2016/01/21/deputada-mexicana-e-investigada-por-encontro-com-el-chapo.htm, skipping...
[ERROR - 2025-10-25 19:12:20,477 - Worker_0] Status code == 403 for http://todosabordo.blogosfera.uol.com.br/2016/01/21/aplicativo-permite-negociar-poltronas-entre-passageiros-nos-eua, skipping...
[ERROR - 2025-10-25 19:12:24,637 - Worker_0] Status code == 403 for http://noticias.uol.com.br/cotidiano/ultimas-noticias/2016/01/21/n-de-denuncias-de-intolerancia-religiosa-no-disque-100-e-maior-desde-2011.htm, skipping...
[ERROR - 2025-10-25 19:12:28,802 - Worker_0] Status code == 403 for http://noticias.uol.com.br/cotidiano/ultimas-noticias/2016/01/21/policia-investiga-participacao-de-filhos-em-triplo-assassinato-no-para.htm, skipping...
[ERROR - 2025-10-25 19:12:30,919 - Worker_1] Status code == 404 for http://carnaval.uol.com.br/2016/noticias/redacao/2016/01/20/arena-que-recebe-carnauol-tem-capacidade-para-10-mil-pessoas.htm, skipping...
[ERROR - 2025-10-25 19:12:33,567 - Worker_4] Status code == 403 for http://blogdojuca.uol.com.br/2016/01/advogado-de-marin-e-alvo-de-representacao-ao-ministerio-publico/, skipping...
[ERROR - 2025-10-25 19:12:40,389 - Worker_1] Status code == 403 for http://noticias.uol.com.br/album/2016/01/08/protestos-contra-aumento-da-tarifa-do-transporte-publico-pelo-brasil.htm?abrefoto=114, skipping...
[ERROR - 2025-10-25 19:12:45,440 - Worker_3] Status code == 403 for http://noticias.uol.com.br/ultimas-noticias/bbc/2016/01/21/por-que-milhares-de-indianos-estao-apoiando-publicamente-uma-ex-atriz-porno.htm, skipping...
[ERROR - 2025-10-25 19:12:56,139 - Worker_3] Status code == 404 for http://esporte.uol.com.br/f1/ultimas-noticias/2016/01/21/gp-da-europa-se-prepara-para-ter-sua-sexta-casa-mas-agora-fora-da-europa.htm, skipping...
[ERROR - 2025-10-25 19:13:00,340 - Worker_3] Status code == 403 for http://noticias.uol.com.br/saude/ultimas-noticias/bbc/2016/01/21/americano-congelado-na-neve-e-ressuscitado-com-tecnica-que-esquenta-sangue.htm, skipping...
[ERROR - 2025-10-25 19:13:14,921 - Worker_1] Status code == 404 for http://carnaval.uol.com.br/2016/carnauol/, skipping...
[ERROR - 2025-10-25 19:13:15,713 - Worker_4] Status code == 404 for http://carnaval.uol.com.br/2016/album/2016/01/19/paulo-dalagnoli-muso-da-escola-de-samba-vila-isabel-relaxa-antes-de-encarar-a-sapucai.htm?abrefoto=1, skipping...
[ERROR - 2025-10-25 19:13:38,454 - Worker_0] Status code == 403 for http://noticias.uol.com.br/ultimas-noticias/agencia-estado/2016/01/21/pf-do-rio-pede-ajuda-da-lava-jato-em-inquerito-sobre-obras-do-pac.htm, skipping...
[ERROR - 2025-10-25 19:13:47,513 - Worker_0] Status code == 403 for http://futebolemnumeros.blogosfera.uol.com.br/2016/01/21/quatro-brasileiros-na-lista-10-maiores-transferencias-de-2016/, skipping...
[ERROR - 2025-10-25 19:14:05,884 - Worker_0] Status code == 403 for http://educacao.uol.com.br/noticias/2016/01/19/sergipano-passa-de-novo-em-medicina-fiz-para-mostrar-que-nao-foi-sorte.htm, skipping...
[ERROR - 2025-10-25 19:14:12,361 - Worker_0] Status code == 403 for http://educacao.uol.com.br/noticias/2016/01/21/segredo-foi-a-autoestima-diz-filho-de-domestica-aprovado-em-medicina-no-pi.htm, skipping...
[ERROR - 2025-10-25 19:14:16,923 - Worker_0] Status code == 403 for http://blogdoohata.blogosfera.uol.com.br/2016/01/21/x/, skipping...
[ERROR - 2025-10-25 19:14:21,201 - Worker_3] Status code == 403 for http://fernandorodrigues.blogosfera.uol.com.br/2016/01/21/pf-aumenta-operacoes-com-dilma-mas-investimentos-ficam-estagnados/, skipping...
[ERROR - 2025-10-25 19:14:39,867 - Worker_4] Status code == 403 for http://uolesportevetv.blogosfera.uol.com.br/2016/01/21/felipe-melo-ganha-processo-contra-renato-mauricio-prado-rindo-a-toa/, skipping...
[ERROR - 2025-10-25 19:14:46,426 - Worker_2] Status code == 403 for http://balanacesta.blogosfera.uol.com.br/2016/01/21/pre-convocado-para-o-rio-2016-deandre-jordan-fala-sobre-suas-enterradas/, skipping...
[ERROR - 2025-10-25 19:14:49,164 - Worker_1] Status code == 403 for http://blogmiltonneves.bol.uol.com.br/blog/2016/01/20/tite-prova-que-consegue-tirar-mais-leite-de-pedra-no-timao-sao-paulo-mostra-nova-postura-diante-do-cerro-e-palmeiras-pelo-visto-brigara-por-muitos-titulos-em-2016/, skipping...
[ERROR - 2025-10-25 19:14:52,385 - Worker_3] Status code == 403 for http://blogdosakamoto.blogosfera.uol.com.br/2016/01/21/tenho-pena-de-esnobes-que-se-negam-a-dialogar-com-quem-nao-estudou/, skipping...
[ERROR - 2025-10-25 19:14:56,060 - Worker_1] Status code == 403 for http://noticias.uol.com.br/ultimas-noticias/bbc/2016/01/21/o-que-pensa-bernie-sanders-socialista-que-ameaca-hillary-clinton.htm, skipping...
[ERROR - 2025-10-25 19:14:57,598 - Worker_2] Status code == 403 for http://noticias.uol.com.br/ultimas-noticias/agencia-estado/2016/01/22/juiz-dispensa-lula-de-novo-depoimento-na-zelotes.htm, skipping...
[ERROR - 2025-10-25 19:15:01,744 - Worker_0] Status code == 404 for http://carnaval.uol.com.br/2016/noticias/redacao/2016/01/21/atracao-do-carnauol-banda-eva-diz-evento-trara-sorte-para-o-grupo-na-folia.htm, skipping...
[ERROR - 2025-10-25 19:15:04,046 - Worker_3] Status code == 403 for http://noticias.uol.com.br/internacional/ultimas-noticias/2016/01/22/tiroteio-em-escola-deixa-mortos-no-norte-do-canada.htm, skipping...
[ERROR - 2025-10-25 19:15:07,462 - Worker_2] Status code == 403 for http://blogdobloco.blogosfera.uol.com.br/2016/01/22/cantores-blocos-chega-mais-desliga/, skipping...
[ERROR - 2025-10-25 19:15:10,587 - Worker_3] Status code == 403 for http://noticias.uol.com.br/cotidiano/ultimas-noticias/2016/01/22/pm-agiu-com-truculencia-em-protesto-do-mpl-diz-ouvidor-da-policia-de-sp.htm, skipping...
[ERROR - 2025-10-25 19:15:14,034 - Worker_2] Status code == 403 for http://uolesporte.blogosfera.uol.com.br/2016/01/22/50-tons-chelsea-deve-ter-camisa-preta-e-cinza-na-proxima-temporada/, skipping...
[ERROR - 2025-10-25 19:15:20,510 - Worker_2] Status code == 403 for http://noticias.uol.com.br/blogs-e-colunas/coluna/richard-branson/2016/01/22/resolucoes-de-ano-novo-as-empresas-crescem-como-as-pessoas.htm, skipping...
[ERROR - 2025-10-25 19:15:23,951 - Worker_4] Status code == 403 for http://futebolemnumeros.blogosfera.uol.com.br/2016/01/22/cassio-5o-goleiro-com-mais-jogos-pelo-corinthians-na-historia/, skipping...
[ERROR - 2025-10-25 19:15:28,198 - Worker_4] Status code == 403 for http://noticias.uol.com.br/midiaglobal/nytimes/2016/01/22/analise-desigualdades-politicas-e-economicas-dos-eua-se-retroalimentam.htm, skipping...
[ERROR - 2025-10-25 19:15:32,446 - Worker_4] Status code == 403 for http://blogdobrito.blogosfera.uol.com.br/2016/01/22/financiamento-coletivo-olimpico-tenta-atrair-atletas-brasileiros/, skipping...
[ERROR - 2025-10-25 19:15:33,385 - Worker_3] Status code == 403 for http://tecnologia.uol.com.br/noticias/redacao/2016/01/22/descubra-qual-e-o-roteador-certo-para-voce-comprar-e-ter-wi-fi-em-casa.htm, skipping...
[ERROR - 2025-10-25 19:15:37,554 - Worker_3] Status code == 403 for http://noticias.uol.com.br/ultimas-noticias/agencia-estado/2016/01/22/audiencia-para-ouvir-testemunhas-da-zelotes-acaba-em-bate-boca.htm, skipping...
[ERROR - 2025-10-25 19:15:41,913 - Worker_4] Status code == 403 for http://doutorjairo.blogosfera.uol.com.br/2016/01/21/hpv-pode-aumentar-22-vezes-a-propensao-ao-cancer-de-garganta/, skipping...
[ERROR - 2025-10-25 19:15:44,094 - Worker_3] Status code == 403 for http://colunaesplanada.blogosfera.uol.com.br/2016/01/22/investigadores-receiam-dribles-juridicos-com-acesso-de-advogado-a-inquerito/, skipping...
[ERROR - 2025-10-25 19:15:48,304 - Worker_3] Status code == 403 for http://blogdosakamoto.blogosfera.uol.com.br/2016/01/22/ola-meu-nome-e-alfredo-e-sou-viciado-em-soltar-boatos-pelo-whastapp/, skipping...
[ERROR - 2025-10-25 19:15:48,350 - Worker_4] Status code == 403 for http://fernandorodrigues.blogosfera.uol.com.br/2016/01/22/usar-reservas-cambiais-pode-ser-uma-hipotese-diz-dilma/, skipping...
[ERROR - 2025-10-25 19:15:56,109 - Worker_0] Status code == 403 for http://noticias.uol.com.br/ultimas-noticias/bbc/2016/01/18/a-vida-secreta-de-um-cacador-de-mafiosos-na-italia.htm, skipping...
[ERROR - 2025-10-25 19:15:57,144 - Worker_3] Status code == 403 for http://noticias.uol.com.br/ultimas-noticias/agencia-estado/2016/01/22/em-depoimento-a-pf-lula-diz-que-esquema-de-compra-de-mp-e-coisa-de-bandido.htm, skipping...
[ERROR - 2025-10-25 19:15:59,968 - Worker_2] Status code == 403 for http://blogdomenon.blogosfera.uol.com.br/2016/01/22/trio-de-ferro-nao-ousa-e-aposta-em-experiencia/, skipping...
[ERROR - 2025-10-25 19:16:01,303 - Worker_3] Status code == 403 for http://noticias.uol.com.br/ultimas-noticias/agencia-estado/2016/01/22/alckmin-volta-a-defender-acoes-da-pm-em-protestos.htm, skipping...
[ERROR - 2025-10-25 19:16:10,326 - Worker_0] Status code == 403 for http://noticias.uol.com.br/ultimas-noticias/deutschewelle/2016/01/22/o-escandalo-que-levou-cidade-dos-eua-a-beber-agua-com-chumbo.htm, skipping...
[ERROR - 2025-10-25 19:16:34,488 - Worker_2] Status code == 404 for http://carnaval.uol.com.br/2016/noticias/redacao/2016/01/22/seis-dicas-para-aproveitar-o-carnauol-do-inicio-ao-fim.htm, skipping...
[ERROR - 2025-10-25 19:16:43,432 - Worker_2] Status code == 403 for http://noticias.uol.com.br/ultimas-noticias/agencia-estado/2016/01/22/ato-contra-reajuste-de-tarifa-do-transporte-publico-interdita-avenida-no-rio.htm, skipping...
[ERROR - 2025-10-25 19:16:49,440 - Worker_0] Status code == 404 for http://carnaval.uol.com.br/2016/carnauol/, skipping...
[ERROR - 2025-10-25 19:16:57,695 - Worker_1] Status code == 403 for http://uolesportevetv.blogosfera.uol.com.br/2016/01/21/felipe-melo-ganha-processo-contra-renato-mauricio-prado-rindo-a-toa/, skipping...
[ERROR - 2025-10-25 19:17:05,509 - Worker_0] Status code == 403 for http://uolesporte.blogosfera.uol.com.br/2016/01/22/aos-17-ele-ja-era-craque-veja-messi-destruindo-o-espanyol-pelo-barca-b/, skipping...
[ERROR - 2025-10-25 19:17:06,907 - Worker_4] Status code == 403 for http://educacao.uol.com.br/noticias/2016/01/22/estudante-rebate-critica-a-cotas-na-ufmg-sou-uma-preta-lacradora.htm, skipping...
[ERROR - 2025-10-25 19:17:18,736 - Worker_3] Status code == 403 for http://oblogdorugbi.blogosfera.uol.com.br/2016/01/22/1073/, skipping...
[ERROR - 2025-10-25 19:17:21,514 - Worker_4] Status code == 404 for http://esporte.uol.com.br/f1/ultimas-noticias/2016/01/22/sonha-em-ser-um-piloto-de-f-1-prepare-se-para-gastar-mais-de-r-32-milhoes.htm, skipping...
[ERROR - 2025-10-25 19:17:32,126 - Worker_2] Status code == 403 for http://uolesportevetv.blogosfera.uol.com.br/2016/01/23/mulheres-sao-testadas-a-cada-opiniao-diz-comentarista-do-ei, skipping...
[ERROR - 2025-10-25 19:17:36,414 - Worker_2] Status code == 403 for http://josiasdesouza.blogosfera.uol.com.br/2016/01/23/dilma-deseja-atropelar-cunha-no-quintal-do-rival/, skipping...
[ERROR - 2025-10-25 19:17:49,208 - Worker_1] Status code == 403 for http://mauriciostycer.blogosfera.uol.com.br/2016/01/22/spoiler-do-filme-os-dez-mandamentos-as-imagens-que-a-novela-nao-mostrou/, skipping...
[ERROR - 2025-10-25 19:17:59,023 - Worker_4] Status code == 403 for http://blogdomenon.blogosfera.uol.com.br/2016/01/23/timao-e-fla-fazem-festa-popular-a-decima-vem-ai/, skipping...
[ERROR - 2025-10-25 19:18:10,528 - Worker_0] Status code == 404 for http://carnaval.uol.com.br/2016/album/2016/01/23/folia-em-sao-paulo-comeca-quente-com-carnauol.htm?abrefoto=7, skipping...
[ERROR - 2025-10-25 19:18:14,750 - Worker_0] Status code == 403 for http://reginanavarro.blogosfera.uol.com.br/2016/01/23/existencia-apos-o-amor/, skipping...
[ERROR - 2025-10-25 19:18:23,555 - Worker_1] Status code == 404 for http://carnaval.uol.com.br/2016/noticias/redacao/2016/01/23/neguinho-quero-cantar-por-mais-40-anos.htm, skipping...
[ERROR - 2025-10-25 19:18:27,738 - Worker_2] Status code == 403 for http://blogdosakamoto.blogosfera.uol.com.br/2016/01/23/para-a-pm-jornalista-em-protesto-e-como-pato-em-parque-de-diversao/, skipping...
[ERROR - 2025-10-25 19:18:41,512 - Worker_2] Status code == 403 for http://uolesportevetv.blogosfera.uol.com.br/2016/01/23/internautas-se-irritam-com-falha-de-sinal-do-sportv-em-jogo-do-corinthians/, skipping...
[ERROR - 2025-10-25 19:18:41,856 - Worker_4] Status code == 403 for http://blogdoperrone.blogosfera.uol.com.br/2016/01/rival-da-globo-garante-compra-de-jogos-tambem-para-tv-aberta-dizem-clubes/, skipping...
[ERROR - 2025-10-25 19:18:47,336 - Worker_3] Status code == 403 for http://noticias.uol.com.br/ultimas-noticias/agencia-estado/2016/01/24/advogados-de-lula-estudam-medidas-contra-promotor-que-o-investiga-por-triplex.htm, skipping...
[ERROR - 2025-10-25 19:18:50,315 - Worker_2] Status code == 403 for http://noticias.uol.com.br/ultimas-noticias/efe/2016/01/24/sobe-para-26-o-numero-de-mortos-pela-tempestade-de-neve-nos-eua.htm, skipping...
[ERROR - 2025-10-25 19:18:56,765 - Worker_2] Status code == 403 for http://blogdoperrone.blogosfera.uol.com.br/2016/01/tite-prefere-investir-pesado-em-meia-a-gastar-com-substituto-para-gil/, skipping...
[ERROR - 2025-10-25 19:19:02,223 - Worker_4] Status code == 403 for http://blogdobaldini.blogosfera.uol.com.br/2016/01/24/peso-pesado-fratura-maxilar-face-e-leva-36-pontos-internos/, skipping...
[ERROR - 2025-10-25 19:19:03,889 - Worker_2] Status code == 404 for http://entretenimento.band.uol.com.br/bandfolia/2016/noticias/100000791123/ludmilla-%C3%A9-coroada-rainha-do-cord%C3%A3o-da-bola-preta.html, skipping...
[ERROR - 2025-10-25 19:19:08,119 - Worker_2] Status code == 403 for http://noticias.uol.com.br/ultimas-noticias/agencia-estado/2016/01/24/naufragio-mata-mae-e-filho-no-litoral-sul-de-sao-paulo.htm, skipping...
[ERROR - 2025-10-25 19:19:08,545 - Worker_3] Status code == 403 for http://noticias.uol.com.br/saude/ultimas-noticias/redacao/2016/01/24/combate-ao-mosquito-nao-evitara-que-brasil-tenha-epidemia-de-dengue-e-zika.htm, skipping...
[ERROR - 2025-10-25 19:19:12,276 - Worker_2] Status code == 403 for http://noticias.uol.com.br/opiniao/coluna/2016/01/24/voz-das-ruas-se-mostra-cada-vez-mais-livre-mas-nao-apolitica.htm, skipping...
[ERROR - 2025-10-25 19:19:18,850 - Worker_3] Failed to connect with http://paranaportal.uol.com.br/blog/2016/01/24/lava-jato-executivos-da-odebrecht-devem-devolver-r-6-bi/ after 3 attempts, skipping...
[ERROR - 2025-10-25 19:19:25,453 - Worker_3] Status code == 403 for http://noticias.uol.com.br/ultimas-noticias/agencia-estado/2016/01/24/reducao-nos-valores-de-ressarcimentos-em-acordos-da-lava-jato-preocupa-tcu.htm, skipping...
[ERROR - 2025-10-25 19:19:39,757 - Worker_0] Status code == 403 for http://noticias.uol.com.br/ultimas-noticias/bbc/2016/01/24/britanicos-querem-usar-dna-para-multar-donos-que-nao-limpam-coco-de-cachorros.htm, skipping...
[ERROR - 2025-10-25 19:19:42,941 - Worker_1] Status code == 403 for http://uolesportevetv.blogosfera.uol.com.br/2016/01/24/galvao-cai-no-samba-no-rio-e-luiz-carlos-jr-apresenta-bem-amigos/, skipping...
[ERROR - 2025-10-25 19:19:43,940 - Worker_0] Status code == 403 for http://uolesporte.blogosfera.uol.com.br/2016/01/24/camisa-florida-e-chapeu-panama-o-estilo-de-falcao-no-jogo-do-sport/, skipping...
[ERROR - 2025-10-25 19:19:48,519 - Worker_3] Status code == 403 for http://noticias.uol.com.br/opiniao/coluna/2016/01/23/com-investimentos-pifios-mal-se-fala-em-saneamento-no-brasil.htm, skipping...
[ERROR - 2025-10-25 19:19:53,998 - Worker_1] Status code == 403 for http://pvc.blogosfera.uol.com.br/2016/01/24/derrota-do-arsenal-pode-fazer-briga-historica-voltar-a-existir/, skipping...
[ERROR - 2025-10-25 19:19:57,100 - Worker_2] Status code == 403 for http://mauriciostycer.blogosfera.uol.com.br/2016/01/23/detetive-ve-tv-esqueceram-o-camera-em-cena-de-a-regra-do-jogo/, skipping...
[ERROR - 2025-10-25 19:19:58,198 - Worker_1] Status code == 403 for http://noticias.uol.com.br/ultimas-noticias/agencia-estado/2016/01/24/bebe-de-tres-meses-morre-no-rio-sem-conseguir-transferencia-para-uti.htm, skipping...
[ERROR - 2025-10-25 19:20:00,693 - Worker_4] Status code == 403 for http://noticias.uol.com.br/midiaglobal/the-international-new-york-times/2016/01/24/censura-de-livro-sobre-amor-entre-judia-e-arabe-acirra-debate-entre-israelenses.htm, skipping...
[ERROR - 2025-10-25 19:20:02,358 - Worker_1] Status code == 403 for http://noticias.uol.com.br/ultimas-noticias/efe/2016/01/24/brasileira-e-demais-sobreviventes-de-naufragio-sao-levados-para-managua.htm, skipping...
[ERROR - 2025-10-25 19:20:05,184 - Worker_4] Status code == 404 for http://carnaval.uol.com.br/2016/noticias/redacao/2016/01/24/ivete-convida-participante-do-the-voice-kids-para-cantar-no-carnauol.htm, skipping...
[ERROR - 2025-10-25 19:20:13,181 - Worker_0] Status code == 403 for http://nagradedomma.blogosfera.uol.com.br/2016/01/24/velasquez-se-lesiona-e-werdum-defende-cinturao-contra-miocic/, skipping...
[ERROR - 2025-10-25 19:20:16,025 - Worker_2] Status code == 403 for http://noticias.uol.com.br/cotidiano/ultimas-noticias/2016/01/24/pecas-sacras-atingidas-pela-lama-de-mariana-mg-se-deterioram-em-deposito.htm, skipping...
[ERROR - 2025-10-25 19:20:17,661 - Worker_0] Status code == 403 for http://uolesportevetv.blogosfera.uol.com.br/2016/01/24/ronda-estrela-humoristico-nos-eua-e-parabeniza-holly-holm-por-vitoria/, skipping...
[ERROR - 2025-10-25 19:20:26,882 - Worker_2] Status code == 403 for http://noticias.uol.com.br/ultimas-noticias/reuters/2016/01/25/papa-pede-perdao-a-protestantes-por-perseguicao-catolica.htm, skipping...
[ERROR - 2025-10-25 19:20:36,520 - Worker_4] Status code == 403 for http://noticias.uol.com.br/opiniao/coluna/2016/01/25/coberto-de-lama-o-vale-que-ja-foi-doce-amargura.htm, skipping...
[ERROR - 2025-10-25 19:20:41,641 - Worker_0] Status code == 403 for http://economia.uol.com.br/noticias/bbc/2016/01/25/ferrari-classica-vai-a-leilao-e-pode-se-tornar-carro-mais-caro-ja-vendido.htm, skipping...
[ERROR - 2025-10-25 19:20:45,343 - Worker_4] Status code == 403 for http://noticias.uol.com.br/ultimas-noticias/efe/2016/01/25/caixa-forte-e-encontrada-em-antiga-mansao-de-pablo-escobar-nos-eua.htm, skipping...
[ERROR - 2025-10-25 19:20:49,628 - Worker_4] Status code == 403 for http://fernandorodrigues.blogosfera.uol.com.br/2016/01/25/sbm-paga-so-us-120-mil-e-livra-2-funcionarios-de-processo-na-lava-jato/, skipping...
[ERROR - 2025-10-25 19:21:05,647 - Worker_4] Status code == 403 for http://nagradedomma.blogosfera.uol.com.br/2016/01/25/werdum-esta-fora-do-ufc-196-apos-se-lesionar/#fotoNav=7, skipping...
[ERROR - 2025-10-25 19:21:14,195 - Worker_1] Status code == 403 for http://noticias.uol.com.br/midiaglobal/the-international-new-york-times/2016/01/25/opiniao-indonesia-precisa-de-prevencao-contra-o-estado-islamico.htm, skipping...
[ERROR - 2025-10-25 19:21:20,775 - Worker_1] Status code == 403 for http://noticias.uol.com.br/ultimas-noticias/agencia-estado/2016/01/25/ministerios-terao-de-reduzir-funcionarios-terceirizados-e-fazer-novos-cortes.htm, skipping...
[ERROR - 2025-10-25 19:21:22,080 - Worker_4] Status code == 403 for http://noticias.uol.com.br/cotidiano/ultimas-noticias/2016/01/25/rn-homem-encontra-meio-milhao-de-reais-e-4-revolveres-no-quintal-de-casa.htm, skipping...
[ERROR - 2025-10-25 19:21:24,941 - Worker_1] Status code == 403 for http://noticias.uol.com.br/ultimas-noticias/agencia-estado/2016/01/25/noruega-apura-rede-de-propinas-para-brasil.htm, skipping...
[ERROR - 2025-10-25 19:21:29,080 - Worker_1] Status code == 403 for http://noticias.uol.com.br/ultimas-noticias/bbc/2016/01/25/o-homem-que-precisa-avisar-a-policia-com-24-horas-de-antecedencia-que-pretende-fazer-sexo.htm, skipping...
[ERROR - 2025-10-25 19:21:30,947 - Worker_4] Status code == 403 for http://noticias.uol.com.br/ultimas-noticias/agencia-estado/2016/01/25/reu-no-caso-kiss-ex-dono-da-boate-quer-indenizacao.htm, skipping...
[ERROR - 2025-10-25 19:21:35,642 - Worker_1] Status code == 403 for http://blogdoavallone.blogosfera.uol.com.br/2016/01/25/e-o-flamengo-tirou-do-corinthians-o-gostinho-do-decimo-titulo-da-copinha/, skipping...
[ERROR - 2025-10-25 19:21:36,061 - Worker_0] Status code == 403 for http://blogdojuca.uol.com.br/2016/01/a-classificacao-dos-estadios-brasileiros/, skipping...
[ERROR - 2025-10-25 19:21:37,061 - Worker_2] Status code == 403 for http://blogdobloco.blogosfera.uol.com.br/2016/01/25/escolha-o-melhor-bloco-carioca-do-fim-de-semana-23-e-24-de-janeiro/, skipping...
[ERROR - 2025-10-25 19:21:40,240 - Worker_0] Status code == 403 for http://noticias.uol.com.br/meio-ambiente/ultimas-noticias/ag-estado/2016/01/25/caca-de-macacos-e-antas-na-amazonia-pode-piorar-aquecimento-global.htm, skipping...
[ERROR - 2025-10-25 19:21:47,208 - Worker_3] Status code == 403 for http://noticias.uol.com.br/ultimas-noticias/agencia-estado/2016/01/25/samarco-e-acusada-de-nao-pagar-acordo-com-pescadores.htm, skipping...
[ERROR - 2025-10-25 19:21:50,665 - Worker_2] Status code == 403 for http://andrerocha.blogosfera.uol.com.br/2016/01/25/fim-da-copinha-comeca-a-missao-mais-dura-afirmar-garotos-no-profissional, skipping...
[ERROR - 2025-10-25 19:21:53,658 - Worker_3] Status code == 403 for http://noticias.uol.com.br/ultimas-noticias/afp/2016/01/25/paquistao-discute-se-deve-armar-professores-para-fazer-frente-a-ataques-talibas.htm, skipping...
[ERROR - 2025-10-25 19:21:59,730 - Worker_2] Status code == 403 for http://uolesportevetv.blogosfera.uol.com.br/2016/01/25/filha-de-caniggia-participara-de-bbb-com-celebridades-na-espanha/, skipping...
[ERROR - 2025-10-25 19:22:00,186 - Worker_1] Status code == 403 for http://noticias.uol.com.br/ciencia/ultimas-noticias/bbc/2016/01/25/bananas-correm-risco-de-extincao.htm, skipping...
[ERROR - 2025-10-25 19:22:06,686 - Worker_1] Status code == 403 for http://blogdobloco.blogosfera.uol.com.br/2016/01/25/marchinha-sobre-chico-buarque-esta-em-final-de-concurso-da-fundicao/, skipping...
[ERROR - 2025-10-25 19:22:07,890 - Worker_3] Status code == 403 for http://noticias.uol.com.br/saude/ultimas-noticias/bbc/2016/01/26/brasil-deve-se-preparar-para-zika-endemica-dizem-cientistas.htm, skipping...
[ERROR - 2025-10-25 19:22:32,686 - Worker_2] Status code == 403 for http://doutorjairo.blogosfera.uol.com.br/2016/01/26/estudo-associa-uso-de-midias-sociais-e-problemas-de-sono/, skipping...
[ERROR - 2025-10-25 19:22:40,989 - Worker_1] Status code == 403 for http://blogdojuca.uol.com.br/2016/01/cbf-sem-rumo/, skipping...
[ERROR - 2025-10-25 19:22:42,420 - Worker_3] Status code == 404 for http://carnaval.uol.com.br/2016/noticias/redacao/2016/01/26/pinah-a-cinderela-negra-do-samba-e-homenageada-em-sp-e-estreia-no-anhembi.htm?abrefoto=1, skipping...
[ERROR - 2025-10-25 19:22:47,469 - Worker_4] Status code == 404 for http://carnaval.uol.com.br/2016/noticias/redacao/2016/01/26/app-do-uol-traz-informacoes-de-300-blocos-de-rua-no-rio-e-sp.htm, skipping...
[ERROR - 2025-10-25 19:22:53,756 - Worker_2] Status code == 403 for http://pvc.blogosfera.uol.com.br/2016/01/26/flamengo-e-palmeiras-terminam-mercado-como-os-que-mais-contrataram/, skipping...
[ERROR - 2025-10-25 19:22:58,635 - Worker_3] Status code == 403 for http://reginanavarro.blogosfera.uol.com.br/2016/01/26/convivendo-com-a-bissexualidade/, skipping...
[ERROR - 2025-10-25 19:23:03,176 - Worker_4] Status code == 403 for http://robertosadovski.blogosfera.uol.com.br/2016/01/26/steve-jobs-e-a-ditadura-do-sucesso-comercial/, skipping...
[ERROR - 2025-10-25 19:23:05,438 - Worker_1] Status code == 502 for http://blog.jovempan.uol.com.br/quartarollo/2016/01/quem-foi-o-desgracado-que-inventou-a-cavadinha/, skipping...
[ERROR - 2025-10-25 19:23:14,729 - Worker_1] Status code == 404 for http://cenapop.virgula.uol.com.br/2016/01/26/105193-musa-da-viradouro-isabele-gianazza-exibe-superdecote-em-ensaio-na-sapucai/, skipping...
[ERROR - 2025-10-25 19:23:15,555 - Worker_0] Status code == 403 for http://blogdobrito.blogosfera.uol.com.br/2016/01/26/doping-corrupcao-manipulacao-de-resultados-o-que-fizeram-com-o-esporte/, skipping...
[ERROR - 2025-10-25 19:23:16,673 - Worker_4] Status code == 403 for http://fernandorodrigues.blogosfera.uol.com.br/2016/01/26/justica-manda-petrobras-sustar-venda-da-gaspetro-e-estatal-perde-r-19-bi/, skipping...
[ERROR - 2025-10-25 19:23:20,921 - Worker_4] Status code == 403 for http://educacao.uol.com.br/noticias/2016/01/26/analfabetismo-e-escravidao-sao-lados-da-mesma-moeda-diz-nobel-da-paz.htm, skipping...
[ERROR - 2025-10-25 19:23:23,769 - Worker_1] Status code == 403 for http://noticias.uol.com.br/saude/ultimas-noticias/redacao/2016/01/26/com-o-cancer-aprendi-que-a-beleza-vem-de-dentro-diz-musa-do-topless.htm, skipping...
[ERROR - 2025-10-25 19:23:24,324 - Worker_0] Status code == 403 for http://noticias.uol.com.br/saude/ultimas-noticias/bbc/2016/01/26/voce-olha-e-nao-ve-defeito-ve-uma-familia-completa-diz-mae-de-bebe-com-microcefalia.htm, skipping...
[ERROR - 2025-10-25 19:23:26,341 - Worker_3] Status code == 403 for http://mauriciostycer.blogosfera.uol.com.br/2016/01/27/dez-sugestoes-para-xuxa-sair-da-lama/, skipping...
[ERROR - 2025-10-25 19:23:28,488 - Worker_4] Status code == 403 for http://economia.uol.com.br/cotacoes/noticias/redacao/2016/01/27/dolar-chega-a-cair-1-durante-o-dia-mas-vira-e-fecha-em-alta-a-r-4086.htm, skipping...
[ERROR - 2025-10-25 19:23:30,527 - Worker_3] Status code == 403 for http://mauriciostycer.blogosfera.uol.com.br/2016/01/27/por-magica-o-presente-de-mafalda-mudou-de-maos-em-eta-mundo-bom/, skipping...
[ERROR - 2025-10-25 19:23:32,676 - Worker_4] Status code == 403 for http://noticias.uol.com.br/cotidiano/ultimas-noticias/2016/01/27/resultado-mega-sena-concurso-1784.htm, skipping...
[ERROR - 2025-10-25 19:23:42,769 - Worker_3] Status code == 403 for http://pvc.blogosfera.uol.com.br/2016/01/27/buffarini-nao-sera-o-lateral-direito-do-sao-paulo/, skipping...
[ERROR - 2025-10-25 19:23:43,810 - Worker_4] Status code == 403 for http://rodrigomattos.blogosfera.uol.com.br/2016/01/27/fundo-secreto-investiu-r-118-mi-no-brasil-e-tem-no-santos-maior-parceiro/, skipping...
[ERROR - 2025-10-25 19:23:48,072 - Worker_4] Status code == 403 for http://noticias.uol.com.br/album/2016/01/06/olho-magico-2016.htm?fotoNavId=pra88118f478829abd5d97b36734eb6b720160127, skipping...
[ERROR - 2025-10-25 19:24:01,053 - Worker_0] Status code == 404 for http://carnaval.uol.com.br/2016/noticias/redacao/2016/01/27/ensaio-do-bloco-da-anitta-e-outras-festas-animam-o-pre-carnaval-no-rio.htm, skipping...
[ERROR - 2025-10-25 19:24:21,750 - Worker_1] Status code == 403 for http://oblogdorugbi.blogosfera.uol.com.br/2016/01/27/conheca-as-estrelas-do-rugbi-que-podem-pintar-nos-jogos-olimpicos/, skipping...
[ERROR - 2025-10-25 19:24:56,493 - Worker_3] Status code == 403 for http://fernandorodrigues.blogosfera.uol.com.br/2016/01/27/acordo-para-recuperar-rio-doce-deve-custar-menos-de-20-bilhoes/, skipping...
[ERROR - 2025-10-25 19:25:33,510 - Worker_0] Status code == 403 for http://rodrigomattos.blogosfera.uol.com.br/2016/01/27/em-briga-judicial-com-liga-cbf-perdeu-nao-puniu-ninguem-e-teve-de-recuar/, skipping...
[ERROR - 2025-10-25 19:25:52,279 - Worker_4] Status code == 404 for http://carnaval.uol.com.br/2016/noticias/redacao/2016/01/26/app-do-uol-traz-informacoes-de-300-blocos-de-rua-no-rio-e-sp.htm, skipping...
[ERROR - 2025-10-25 19:25:53,255 - Worker_0] Status code == 403 for http://noticias.uol.com.br/midiaglobal/lemonde/2016/01/28/a-chegada-do-uber-a-paris-e-o-crepusculo-de-um-monopolio.htm, skipping...
[ERROR - 2025-10-25 19:25:56,458 - Worker_4] Status code == 403 for http://noticias.uol.com.br/cotidiano/ultimas-noticias/2016/01/28/para-ibama-1-milhao-m-vazaram-mp-questiona-seguranca-da-barragem.htm, skipping...
[ERROR - 2025-10-25 19:26:06,211 - Worker_3] Status code == 403 for http://blogdosakamoto.blogosfera.uol.com.br/2016/01/28/trabalho-escravo-falta-de-coragem-ou-de-vergonha-na-cara/, skipping...
[ERROR - 2025-10-25 19:26:06,669 - Worker_1] Status code == 404 for http://carnaval.uol.com.br/2016/noticias/agencia-estado/2016/01/27/prefeitura-muda-roteiro-e-blocos-cariocas-nao-sabem-onde-desfilarao-em-sp.htm, skipping...
[ERROR - 2025-10-25 19:26:06,855 - Worker_0] Status code == 403 for http://pvc.blogosfera.uol.com.br/2016/01/28/ambev-nao-quis-associar-seu-nome-ao-parque-antarctica/, skipping...
[ERROR - 2025-10-25 19:26:11,197 - Worker_0] Status code == 403 for http://noticias.uol.com.br/saude/ultimas-noticias/bbc/2016/01/28/grupo-prepara-acao-no-stf-por-aborto-em-casos-de-microcefalia.htm, skipping...
[ERROR - 2025-10-25 19:26:15,399 - Worker_0] Status code == 403 for http://noticias.uol.com.br/ultimas-noticias/agencia-estado/2016/01/28/tenente-coronel-da-pm-recebe-denuncia-sobre-crime-e-liga-para-o-190.htm, skipping...
[ERROR - 2025-10-25 19:26:21,970 - Worker_3] Status code == 403 for http://noticias.uol.com.br/album/album-do-dia/2016/01/28/imagens-do-dia---28-de-janeiro-de-2016.htm?abrefoto=11, skipping...
[ERROR - 2025-10-25 19:26:27,130 - Worker_0] Status code == 403 for http://noticias.uol.com.br/saude/ultimas-noticias/estado/2016/01/28/apos-nova-analise-bahia-identifica-mais-pocos-com-alto-teor-de-uranio.htm, skipping...
[ERROR - 2025-10-25 19:26:31,325 - Worker_0] Status code == 403 for http://noticias.uol.com.br/saude/ultimas-noticias/afp/2016/01/28/virus-zika-aterroriza-familias-no-brasil.htm, skipping...
[ERROR - 2025-10-25 19:26:41,169 - Worker_0] Status code == 403 for http://danielcara.blogosfera.uol.com.br/2016/01/28/a-mensagem-de-kailash-satyarthi-premio-nobel-da-paz-de-2014/, skipping...
[ERROR - 2025-10-25 19:26:45,726 - Worker_4] Status code == 403 for http://noticias.uol.com.br/ultimas-noticias/reuters/2016/01/28/oposicao-siria-anuncia-que-nao-vai-a-dialogo-e-estremece-negociacoes-de-paz.htm, skipping...
[ERROR - 2025-10-25 19:26:48,956 - Worker_0] Status code == 500 for http://cinema.uol.com.br/noticias/redacao/2016/01/28/os-dez-mandamentos-estreia-com-lugares-vagos-em-sessoes-esgotadas.htm, skipping...
[ERROR - 2025-10-25 19:26:53,198 - Worker_0] Status code == 403 for http://noticias.uol.com.br/ciencia/ultimas-noticias/afp/2016/01/28/trasplante-de-celulas-tronco-no-penis-pode-tratar-disfuncao-eretil.htm, skipping...
[ERROR - 2025-10-25 19:26:59,274 - Worker_4] Status code == 403 for http://noticias.uol.com.br/cotidiano/ultimas-noticias/2016/01/28/policia-apreende-duas-toneladas-de-material-roubado-da-transposicao-no-ce.htm, skipping...
[ERROR - 2025-10-25 19:27:03,940 - Worker_3] Status code == 403 for http://oblogdorugbi.blogosfera.uol.com.br/2016/01/28/dirigente-transforma-rotina-de-craques-da-nova-zelandia-em-reality-show/, skipping...
[ERROR - 2025-10-25 19:27:04,273 - Worker_0] Status code == 403 for http://rodrigomattos.blogosfera.uol.com.br/2016/01/28/autorizacao-a-primeira-liga-veio-de-torcedores-nos-estadios-e-da-lei/, skipping...
[ERROR - 2025-10-25 19:27:08,643 - Worker_3] Status code == 404 for http://cenapop.virgula.uol.com.br/2016/01/28/105564-bailarina-do-faustao-encarna-globeleza-para-ensaio-da-camisa-verde-e-branco/, skipping...
[ERROR - 2025-10-25 19:27:32,736 - Worker_2] Status code == 403 for http://reginanavarro.blogosfera.uol.com.br/2016/01/28/sou-casada-e-nao-paro-de-pensar-no-rapaz-que-me-beijou-me-sinto-culpada/, skipping...
[ERROR - 2025-10-25 19:27:38,995 - Worker_1] Status code == 404 for http://carnaval.uol.com.br/2016/noticias/redacao/2016/01/28/peruche-vai-encenar-enfrentamento-entre-policiais-e-manifestantes-nas-ruas.htm, skipping...
[ERROR - 2025-10-25 19:27:42,962 - Worker_3] Status code == 403 for http://blogdojuca.uol.com.br/2016/01/historico-primeira-liga-vence-cbf-recua/, skipping...
[ERROR - 2025-10-25 19:27:43,566 - Worker_0] Status code == 403 for http://blogdojuca.uol.com.br/2016/01/a-fala-do-jenio-com-jota/, skipping...
[ERROR - 2025-10-25 19:28:00,402 - Worker_0] Status code == 403 for http://noticias.uol.com.br/saude/ultimas-noticias/estado/2016/01/28/dilma-um-mosquito-nao-pode-ser-e-nao-e-mais-forte-que-um-pais-inteiro.htm, skipping...
[ERROR - 2025-10-25 19:28:26,522 - Worker_2] Status code == 403 for http://economia.uol.com.br/empregos-e-carreiras/noticias/redacao/2016/01/28/diferenca-cai-em-2015-mas-negro-ganha-cerca-de-59-do-salario-do-branco.htm, skipping...
[ERROR - 2025-10-25 19:28:27,409 - Worker_3] Status code == 403 for http://noticias.uol.com.br/ultimas-noticias/agencia-estado/2016/01/28/juiz-manda-governo-do-rio-pagar-servidores-no-dia-30.htm, skipping...
[ERROR - 2025-10-25 19:28:30,858 - Worker_2] Status code == 403 for http://todosabordo.blogosfera.uol.com.br/2016/01/28/por-que-as-janelas-dos-avioes-sempre-tem-formato-ovalado/, skipping...
[ERROR - 2025-10-25 19:28:36,194 - Worker_3] Status code == 403 for http://josiasdesouza.blogosfera.uol.com.br/2016/01/29/no-titanic-do-pt-lula-e-o-maestro-da-orquestra/, skipping...
[ERROR - 2025-10-25 19:29:03,411 - Worker_4] Status code == 404 for http://carnaval.uol.com.br/2016/album/2016/01/28/juliana-paes-sabrina-sato-e-mais-famosas-ousam-no-baile-de-gala-da-vogue-veja-fotos.htm, skipping...
[ERROR - 2025-10-25 19:29:10,562 - Worker_3] Status code == 404 for http://carnaval.uol.com.br/2016/noticias/redacao/2016/01/29/ana-hickmann-sera-o-louvre-da-vai-vai-em-homenagem-a-franca-na-avenida.htm#fotoNav=10, skipping...
[ERROR - 2025-10-25 19:29:17,663 - Worker_4] Status code == 403 for http://noticias.uol.com.br/midiaglobal/nytimes/2016/01/29/quatro-perguntas-importantes-a-respeito-de-donald-trump.htm, skipping...
[ERROR - 2025-10-25 19:29:18,283 - Worker_2] Status code == 403 for http://noticias.uol.com.br/ultimas-noticias/agencia-estado/2016/01/29/defesa-de-dirceu-diz-que-delator-nao-tem-credibilidade.htm, skipping...
[ERROR - 2025-10-25 19:29:22,201 - Worker_4] Status code == 403 for http://futebolemnumeros.blogosfera.uol.com.br/2016/01/29/palmeiras-tem-o-elenco-mais-valioso-do-brasil/, skipping...
[ERROR - 2025-10-25 19:29:23,178 - Worker_1] Status code == 403 for http://blogdojuca.uol.com.br/2016/01/a-primeira-liga-se-pronuncia/, skipping...
[ERROR - 2025-10-25 19:29:24,985 - Worker_0] Status code == 403 for http://blogdobloco.blogosfera.uol.com.br/2016/01/29/no-rio-bloco-da-preta-simpatia-levam-milhares-as-ruas-veja-o-roteiro/, skipping...
[ERROR - 2025-10-25 19:29:25,300 - Worker_2] Status code == 403 for http://blogdosakamoto.blogosfera.uol.com.br/2016/01/29/a-nova-barbie-e-padroes-de-beleza-uma-mercadoria-pode-ser-revolucionaria-2/, skipping...
[ERROR - 2025-10-25 19:29:27,453 - Worker_1] Status code == 403 for http://blogdomenon.blogosfera.uol.com.br/2016/01/29/wesley-em-alta-faz-bauza-pedir-zagueiro-sao-paulo-tera-pes-no-chao/, skipping...
[ERROR - 2025-10-25 19:29:29,485 - Worker_2] Status code == 403 for http://blogdobloco.blogosfera.uol.com.br/2016/01/28/139-blocos-desfilam-no-fim-de-semana-em-sao-paulo-confira-a-programacao/, skipping...
[ERROR - 2025-10-25 19:29:31,967 - Worker_1] Status code == 403 for http://blogdorafaelreis.blogosfera.uol.com.br/2016/01/29/para-eles-e-melhor-jogar-com-pedreiros-e-eletricistas-que-ficar-no-brasil/, skipping...
[ERROR - 2025-10-25 19:29:31,996 - Worker_0] Status code == 403 for http://companhiadeviagem.blogosfera.uol.com.br/2016/01/27/caminhe-pelo-passado-nas-ruas-de-havana-capital-cubana/, skipping...
[ERROR - 2025-10-25 19:29:36,134 - Worker_1] Status code == 403 for http://noticias.uol.com.br/internacional/ultimas-noticias/2016/01/29/veja-imagens-do-interior-do-costa-concordia.htm, skipping...
[ERROR - 2025-10-25 19:29:40,379 - Worker_1] Status code == 403 for http://blogdoboleiro.blogosfera.uol.com.br/2016/01/29/punida-gavioes-convoca-protesto-na-fpf-e-declara-guerra-a-promotores/, skipping...
[ERROR - 2025-10-25 19:29:41,352 - Worker_0] Status code == 403 for http://noticias.uol.com.br/ultimas-noticias/agencia-estado/2016/01/29/temer-diz-na-paraiba-que-impeachment-de-dilma-perdeu-forca.htm, skipping...
[ERROR - 2025-10-25 19:29:50,844 - Worker_0] Status code == 403 for http://noticias.uol.com.br/cotidiano/ultimas-noticias/2016/01/29/prefeito-de-santa-ines-ma-e-preso-acusado-de-estuprar-garota-de-17-anos.htm, skipping...
[ERROR - 2025-10-25 19:30:04,208 - Worker_4] Status code == 403 for http://blogdoohata.blogosfera.uol.com.br/2016/01/29/947/, skipping...
[ERROR - 2025-10-25 19:30:10,834 - Worker_4] Status code == 404 for http://entretenimento.band.uol.com.br/bandfolia/2016/videos/coreografias/15752386/veja-como-dancar-o-sucesso-metralhadora-da-banda-vingadora.html, skipping...
[ERROR - 2025-10-25 19:30:22,360 - Worker_4] Status code == 403 for http://noticias.uol.com.br/album/album-do-dia/2016/01/29/imagens-do-dia---29-de-janeiro-de-2016.htm?abrefoto=4, skipping...
[ERROR - 2025-10-25 19:30:28,821 - Worker_2] Status code == 403 for http://noticias.uol.com.br/ultimas-noticias/afp/2016/01/29/dois-chefoes-da-mafia-ndrangheta-presos-dentro-de-uma-caverna.htm, skipping...
[ERROR - 2025-10-25 19:30:29,585 - Worker_0] Status code == 403 for http://noticias.uol.com.br/blogs-e-colunas/coluna/paul-krugman/2016/01/29/divisoes-na-politica-americana-nao-sao-apenas-sobre-o-dinheiro.htm, skipping...
[ERROR - 2025-10-25 19:30:33,057 - Worker_2] Status code == 403 for http://mauriciostycer.blogosfera.uol.com.br/2016/01/29/dez-mandamentos-filme-desnuda-as-falhas-e-os-exageros-da-novela/, skipping...
[ERROR - 2025-10-25 19:31:00,681 - Worker_1] Status code == 403 for http://blogdojuca.uol.com.br/2016/01/sadia-de-saida-da-cbf/, skipping...
[ERROR - 2025-10-25 19:31:06,279 - Worker_4] Status code == 403 for http://tecnologia.uol.com.br/noticias/redacao/2016/01/29/acessos-em-4g-igualam-se-aos-acessos-em-banda-larga-fixa.htm, skipping...
[ERROR - 2025-10-25 19:31:09,540 - Worker_1] Status code == 403 for http://pvc.blogosfera.uol.com.br/2016/01/29/vender-nunca-fecha-a-conta-e-o-corinthians-e-exemplo/, skipping...
[ERROR - 2025-10-25 19:31:13,769 - Worker_1] Status code == 403 for http://uolesporte.blogosfera.uol.com.br/2016/01/29/neymar-manda-recado-para-jornalista-pare-de-mentir-seu-bobao/, skipping...
[ERROR - 2025-10-25 19:31:14,384 - Worker_2] Status code == 403 for http://noticias.uol.com.br/saude/ultimas-noticias/estado/2016/01/29/testes-com-vacina-da-dengue-comecam-em-fevereiro-diz-alckmin.htm, skipping...
[ERROR - 2025-10-25 19:31:50,213 - Worker_4] Status code == 403 for http://todosabordo.blogosfera.uol.com.br/2016/01/28/por-que-as-janelas-dos-avioes-sempre-tem-formato-ovalado/, skipping...
[ERROR - 2025-10-25 19:32:27,640 - Worker_0] Status code == 403 for http://noticias.uol.com.br/midiaglobal/lemonde/2016/01/30/uniao-europeia-tenta-proteger-espaco-de-livre-circulacao-restringindo-a-grecia.htm, skipping...
[ERROR - 2025-10-25 19:33:02,927 - Worker_4] Status code == 404 for http://cenapop.virgula.uol.com.br/2016/01/29/105754-musa-da-mocidade-apresentadora-gil-jung-homenageia-a-escola-em-ensaio/, skipping...
[ERROR - 2025-10-25 19:33:10,520 - Worker_0] Status code == 404 for http://esporte.uol.com.br/f1/ultimas-noticias/2016/01/30/projeto-engavetado-pela-williams-na-f-1-toma-as-ruas-da-inglaterra-entenda.htm, skipping...
[ERROR - 2025-10-25 19:33:17,121 - Worker_4] Status code == 403 for http://blogdorafaelreis.blogosfera.uol.com.br/2016/01/29/para-eles-e-melhor-jogar-com-pedreiros-e-eletricistas-que-ficar-no-brasil/, skipping...
[ERROR - 2025-10-25 19:33:19,656 - Worker_0] Status code == 403 for http://noticias.uol.com.br/album/album-do-dia/2016/01/30/imagens-do-dia---30-de-janeiro-de-2016.htm?abrefoto=10, skipping...
[ERROR - 2025-10-25 19:33:22,847 - Worker_1] Status code == 403 for http://noticias.uol.com.br/ultimas-noticias/afp/2016/01/30/mais-16-pessoas-morrem-de-fome-na-cidade-siria-sitiada-de-madaya.htm, skipping...
[ERROR - 2025-10-25 19:33:23,550 - Worker_4] Status code == 403 for http://noticias.uol.com.br/album/album-do-dia/2016/01/30/imagens-do-dia---30-de-janeiro-de-2016.htm?abrefoto=22, skipping...
[ERROR - 2025-10-25 19:33:25,131 - Worker_2] Status code == 403 for http://rodrigomattos.blogosfera.uol.com.br/2016/01/30/para-2017-primeira-liga-quer-reducao-de-estaduais-e-o-dobro-de-datas/, skipping...
[ERROR - 2025-10-25 19:33:27,444 - Worker_1] Status code == 404 for http://entretenimento.band.uol.com.br/bandfolia/2016/fotos/10000010592/sabrina-sato-reencontra-as-ex-panicats-na-quadra-da-vila-isabel.html, skipping...
[ERROR - 2025-10-25 19:33:27,739 - Worker_4] Status code == 403 for http://noticias.uol.com.br/ultimas-noticias/agencia-estado/2016/01/30/morre-terceira-vitima-de-explosao-em-fabrica-da-heineken.htm, skipping...
[ERROR - 2025-10-25 19:33:31,627 - Worker_1] Status code == 403 for http://noticias.uol.com.br/ultimas-noticias/agencia-estado/2016/01/30/instituto-lula-rebate-criticas-de-alckmin-e-recomenda-explicacao-de-desvios.htm, skipping...
[ERROR - 2025-10-25 19:33:31,906 - Worker_4] Status code == 403 for http://noticias.uol.com.br/cotidiano/ultimas-noticias/2016/01/30/mega-pode-pagar-r-25-milhoes-neste-sabado.htm, skipping...
[ERROR - 2025-10-25 19:33:39,332 - Worker_2] Status code == 403 for http://noticias.uol.com.br/cotidiano/ultimas-noticias/2016/01/30/veja-os-numeros-sorteados-da-mega-sena-premio-e-de-r-25-milhoes.htm, skipping...
[ERROR - 2025-10-25 19:33:42,632 - Worker_3] Status code == 500 for http://musica.uol.com.br/noticias/redacao/2016/01/30/apos-tres-meses-thabata-mendes-rompe-com-ximbinha-e-deixa-xcalypso.htm, skipping...
[ERROR - 2025-10-25 19:33:48,367 - Worker_2] Status code == 403 for http://mauriciostycer.blogosfera.uol.com.br/2016/01/29/dez-mandamentos-filme-desnuda-as-falhas-e-os-exageros-da-novela/, skipping...
[ERROR - 2025-10-25 19:33:54,504 - Worker_1] Status code == 403 for http://blogdorafaelreis.blogosfera.uol.com.br/2016/01/30/parece-ate-que-a-janela-de-contratacoes-so-esta-aberta-para-a-china/, skipping...
[ERROR - 2025-10-25 19:34:26,603 - Worker_3] Status code == 404 for http://carnaval.uol.com.br/2016/noticias/redacao/2016/01/30/bloco-simpatia-e-quase-amor-leva-100-mil-a-orla-de-ipanema.htm, skipping...
[ERROR - 2025-10-25 19:34:31,174 - Worker_1] Status code == 404 for http://carnaval.uol.com.br/2016/noticias/redacao/2016/01/30/blocos-lotam-centro-de-sp-com-beatles-e-personagens-dos-anos-1980.htm?abrefoto=10, skipping...
[ERROR - 2025-10-25 19:35:01,244 - Worker_3] Status code == 404 for http://carnaval.uol.com.br/2016/noticias/redacao/2016/01/30/sabrina-sato-estara-solteira-no-carnaval-de-vez-em-quando-a-gente-beija.htm, skipping...
[INFO - 2025-10-25 19:35:05,263 - MainThread] Processed 2011 links - 1338/2011 succeeded (66.5%).
[INFO - 2025-10-25 19:35:05,263 - MainThread] Total time taken to complete: 56min
