[INFO - 2025-10-25 21:25:38,318 - MainThread] 2028 links from 'out/uol_links/2016/4-2016.txt'.
[ERROR - 2025-10-25 21:25:38,424 - Worker_2] Status code == 403 for http://noticias.uol.com.br/politica/ultimas-noticias/2016/03/31/stf-decide-que-vai-julgar-se-grampos-de-lula-vao-para-juiz-moro.htm, skipping...
[ERROR - 2025-10-25 21:25:38,545 - Worker_0] Status code == 403 for http://reginanavarro.blogosfera.uol.com.br/2016/03/31/na-hora-h-ele-se-masturba-todas-as-relacoes-terminam-dessa-forma/, skipping...
[ERROR - 2025-10-25 21:25:38,624 - Worker_3] Status code == 403 for http://josiasdesouza.blogosfera.uol.com.br/2016/03/31/sob-temer-pt-vai-as-ruas-psdb-refuga-cargos/, skipping...
[ERROR - 2025-10-25 21:26:16,238 - Worker_4] Status code == 403 for http://noticias.uol.com.br/politica/ultimas-noticias/2016/03/31/artistas-e-personalidades-defendem-dilma.htm, skipping...
[ERROR - 2025-10-25 21:26:17,891 - Worker_3] Status code == 403 for http://noticias.uol.com.br/ultimas-noticias/redacao/2016/03/31/giro-uol-traz-os-destaques-da-noite-desta-quinta-3103-ouca.htm, skipping...
[ERROR - 2025-10-25 21:26:20,393 - Worker_4] Status code == 403 for http://noticias.uol.com.br/album/2016/03/31/protestos-pelo-brasil---31-de-marco.htm?abrefoto=48, skipping...
[ERROR - 2025-10-25 21:26:28,247 - Worker_2] Status code == 403 for http://blogdojuca.uol.com.br/2016/03/col-movimentou-milhoes-irregularmente/, skipping...
[ERROR - 2025-10-25 21:26:30,519 - Worker_3] Failed to connect with http://paranaportal.uol.com.br/blog/2016/03/31/pf-indicia-gleisi-hoffman-e-paulo-bernardo/ after 3 attempts, skipping...
[ERROR - 2025-10-25 21:26:32,458 - Worker_2] Status code == 403 for http://josiasdesouza.blogosfera.uol.com.br/2016/03/31/decisao-do-stf-expoe-riscos-do-arrojo-de-moro/, skipping...
[ERROR - 2025-10-25 21:26:36,994 - Worker_3] Status code == 403 for http://noticias.uol.com.br/album/album-do-dia/2016/03/31/imagens-do-dia---31-de-marco-de-2016.htm?abrefoto=11, skipping...
[ERROR - 2025-10-25 21:26:46,279 - Worker_3] Status code == 403 for http://noticias.uol.com.br/ultimas-noticias/agencia-estado/2016/03/31/esquema-da-merenda-movimentou-r-2-milhoes-em-propina.htm, skipping...
[ERROR - 2025-10-25 21:26:55,446 - Worker_3] Status code == 403 for http://negociosdoesporte.blogosfera.uol.com.br/2016/03/31/industria-do-esporte-so-sera-solida-com-entidades-de-classe/, skipping...
[ERROR - 2025-10-25 21:26:55,495 - Worker_0] Status code == 403 for http://noticias.uol.com.br/ultimas-noticias/agencia-estado/2016/03/31/em-video-lula-diz-que-nao-se-conserta-um-pais-andando-para-tras.htm, skipping...
[ERROR - 2025-10-25 21:26:59,289 - Worker_2] Status code == 403 for http://noticias.uol.com.br/politica/ultimas-noticias/2016/03/31/cardozo-fara-defesa-de-dilma-na-comissao-do-impeachment-na-segunda-feira.htm, skipping...
[ERROR - 2025-10-25 21:26:59,655 - Worker_0] Status code == 403 for http://noticias.uol.com.br/saude/ultimas-noticias/estado/2016/03/31/usp-denuncia-criador-da-pilula-do-cancer-por-curandeirismo.htm, skipping...
[ERROR - 2025-10-25 21:27:03,507 - Worker_2] Status code == 403 for http://pvc.blogosfera.uol.com.br/2016/03/31/empate-no-classico-dos-milhoes-pode-provocar-final-vasco-x-fluminense/, skipping...
[ERROR - 2025-10-25 21:27:03,868 - Worker_4] Status code == 403 for http://educacao.uol.com.br/noticias/agencia-estado/2016/03/31/926-dos-professores-da-rede-estadual-de-sp-votaram-pelo-bonus.htm, skipping...
[ERROR - 2025-10-25 21:27:06,119 - Worker_0] Status code == 403 for http://noticias.uol.com.br/politica/ultimas-noticias/2016/03/31/atos-pela-democracia-acontecem-no-aniversario-do-golpe-de-64.htm, skipping...
[ERROR - 2025-10-25 21:27:07,698 - Worker_2] Status code == 403 for http://noticias.uol.com.br/ciencia/ultimas-noticias/redacao/2016/03/31/adao-e-eva-o-planeta-poderia-ser-povoado-a-partir-de-apenas-um-casal.htm, skipping...
[ERROR - 2025-10-25 21:27:21,227 - Worker_1] Status code == 403 for http://blogdomenon.blogosfera.uol.com.br/2016/03/31/clima-quente-fora-e-dentro-de-campo/, skipping...
[ERROR - 2025-10-25 21:27:25,462 - Worker_1] Status code == 403 for http://blogdoico.blogosfera.uol.com.br/2016/03/31/pilotos-escancaram-descontentamento-com-rumos-da-f-1/, skipping...
[ERROR - 2025-10-25 21:27:31,232 - Worker_4] Failed to connect with http://paranaportal.uol.com.br/blog/2016/03/31/defesa-pede-que-dirceu-seja-internado-em-hospital/ after 3 attempts, skipping...
[ERROR - 2025-10-25 21:27:37,391 - Worker_3] Status code == 404 for http://esporte.uol.com.br/f1/ultimas-noticias/2016/04/01/a-1s6-da-mercedes-vettel-diz-que-ferrari-ainda-nao-mostrou-tudo-o-que-pode.htm, skipping...
[ERROR - 2025-10-25 21:27:45,114 - Worker_0] Status code == 403 for http://blogdoperrone.blogosfera.uol.com.br/2016/04/brasileiros-querem-mais-poder-na-america-para-quem-tem-mais-dinheiro-e-fas/, skipping...
[ERROR - 2025-10-25 21:27:47,660 - Worker_3] Failed to connect with http://paranaportal.uol.com.br/blog/2016/04/01/defesa-de-ronan-nega-acusacoes-da-lava-jato/ after 3 attempts, skipping...
[ERROR - 2025-10-25 21:28:04,470 - Worker_0] Status code == 403 for http://uolesporte.blogosfera.uol.com.br/2016/04/01/com-pinturas-de-brasileiros-veja-10-gols-inesqueciveis-de-barca-x-real/, skipping...
[ERROR - 2025-10-25 21:28:07,863 - Worker_1] Status code == 403 for http://andrerocha.blogosfera.uol.com.br/2016/04/01/carta-aberta-ao-torcedor-nao-vivemos-em-funcao-de-voce-nem-de-seu-clube/, skipping...
[ERROR - 2025-10-25 21:28:19,182 - Worker_0] Status code == 403 for http://patadasygambetas.blogosfera.uol.com.br/2016/04/01/bombonera-maior-e-mais-lucrativa-o-boca-quer-a-torcida-de-jeito-nenhum/, skipping...
[ERROR - 2025-10-25 21:28:24,912 - Worker_3] Failed to connect with http://paranaportal.uol.com.br/blog/2016/04/01/moro-autoriza-internacao-hospitalar-de-jose-dirceu/ after 3 attempts, skipping...
[ERROR - 2025-10-25 21:28:29,221 - Worker_3] Status code == 403 for http://mauriciostycer.blogosfera.uol.com.br/2016/04/01/faro-seria-arrogancia-dizer-que-o-faustao-esta-mudando-por-minha-causa, skipping...
[ERROR - 2025-10-25 21:28:33,470 - Worker_3] Status code == 403 for http://economia.uol.com.br/empregos-e-carreiras/noticias/redacao/2016/04/01/vendedora-acusa-loja-de-obriga-la-a-alisar-os-cabelos-e-ganha-indenizacao.htm, skipping...
[ERROR - 2025-10-25 21:28:37,686 - Worker_3] Status code == 403 for http://educacao.uol.com.br/noticias/agencia-estado/2016/04/01/57-dos-medicos-diplomados-no-exterior-reprovaram-no-revalida.htm, skipping...
[ERROR - 2025-10-25 21:28:41,176 - Worker_1] Status code == 403 for http://omundoemmovimento.blogosfera.uol.com.br/2016/04/01/toro-passa-saveiro-e-ja-ameaca-a-hilux/, skipping...
[ERROR - 2025-10-25 21:28:45,165 - Worker_0] Status code == 403 for http://noticias.uol.com.br/ultimas-noticias/agencia-estado/2016/04/01/dilma-retoma-reforma-administrativa-e-corta-espaco-do-pmdb-na-agricultura.htm, skipping...
[ERROR - 2025-10-25 21:28:45,343 - Worker_1] Status code == 403 for http://noticias.uol.com.br/ultimas-noticias/agencia-estado/2016/04/01/renan-defende-debate-sobre-parlamentarismo-e-stf-discutira-tema-na-quarta-feira.htm, skipping...
[ERROR - 2025-10-25 21:28:45,901 - Worker_2] Status code == 403 for http://noticias.uol.com.br/ultimas-noticias/efe/2016/04/01/ex-mulher-de-lider-do-ei-conta-que-nao-se-atrevia-a-discutir-com-ele.htm, skipping...
[ERROR - 2025-10-25 21:28:50,063 - Worker_2] Status code == 403 for http://noticias.uol.com.br/politica/ultimas-noticias/2016/04/01/governador-de-go-e-deputado-federal-do-pp-sao-condenados-por-improbidade.htm, skipping...
[ERROR - 2025-10-25 21:28:53,694 - Worker_4] Status code == 403 for http://blogdomenon.blogosfera.uol.com.br/2016/04/01/neymar-e-um-capitao-desqualificado/, skipping...
[ERROR - 2025-10-25 21:28:54,280 - Worker_2] Status code == 403 for http://uolesporte.blogosfera.uol.com.br/2016/04/02/cristiano-ronaldo-de-cueca-e-so-um-detalhe-da-foto-da-festa-do-real/, skipping...
[ERROR - 2025-10-25 21:28:58,236 - Worker_4] Status code == 403 for http://tecnologia.uol.com.br/noticias/bbc/2016/04/02/o-cofundador-esquecido-da-apple-que-desistiu-apos-12-dias-e-deixou-de-ganhar-us-60-bi.htm, skipping...
[ERROR - 2025-10-25 21:28:58,464 - Worker_2] Status code == 403 for http://noticias.uol.com.br/politica/ultimas-noticias/2016/04/02/lula-diz-que-se-tudo-der-certo-assume-casa-civil-na-quinta.htm, skipping...
[ERROR - 2025-10-25 21:28:59,671 - Worker_3] Status code == 403 for http://noticias.uol.com.br/ultimas-noticias/bbc/2016/04/02/menino-de-4-anos-se-recusa-a-deixar-cela-do-pai-e-vira-centro-de-disputa-entre-india-e-paquistao.htm, skipping...
[ERROR - 2025-10-25 21:29:08,539 - Worker_3] Status code == 403 for http://noticias.uol.com.br/album/album-do-dia/2016/04/02/imagens-do-dia---2-de-abril-de-2016.htm?abrefoto=8, skipping...
[ERROR - 2025-10-25 21:29:10,571 - Worker_4] Status code == 403 for http://noticias.uol.com.br/ultimas-noticias/efe/2016/04/02/surgem-novas-denuncias-de-abuso-sexual-contra-soldados-da-onu-na-africa.htm, skipping...
[ERROR - 2025-10-25 21:29:15,230 - Worker_3] Status code == 403 for http://economia.uol.com.br/noticias/bbc/2016/04/02/quatro-milionarios-que-fizeram-fortuna-de-um-jeito-improvavel.htm, skipping...
[ERROR - 2025-10-25 21:29:32,776 - Worker_3] Status code == 403 for http://noticias.uol.com.br/album/2016/03/22/crise-politica-manifestacoes-contra-o-governo-dilma-rousseff.htm?abrefoto=96, skipping...
[ERROR - 2025-10-25 21:29:33,042 - Worker_4] Status code == 403 for http://hbnsb.blogosfera.uol.com.br/2016/04/02/mais-uma-bela-historia-de-jordan/, skipping...
[ERROR - 2025-10-25 21:29:36,944 - Worker_3] Status code == 403 for http://noticias.uol.com.br/politica/ultimas-noticias/2016/04/02/cunha-ganha-folego-com-avanco-do-impeachment-veja-opiniao-de-deputados.htm, skipping...
[ERROR - 2025-10-25 21:29:41,270 - Worker_3] Status code == 403 for http://josiasdesouza.blogosfera.uol.com.br/2016/04/02/para-planalto-lula-estancou-sangria-de-aliados/, skipping...
[ERROR - 2025-10-25 21:29:49,854 - Worker_0] Status code == 403 for http://noticias.uol.com.br/ultimas-noticias/bbc/2016/04/02/o-temor-de-um-possivel-atentado-nuclear-pelo-estado-islamico-tem-fundamento.htm, skipping...
[ERROR - 2025-10-25 21:29:50,310 - Worker_3] Status code == 403 for http://pvc.blogosfera.uol.com.br/2016/04/02/atuacao-gigante-do-real-madrid-acaba-com-serie-invicta-do-barcelona/, skipping...
[ERROR - 2025-10-25 21:30:15,863 - Worker_3] Status code == 404 for http://esporte.uol.com.br/f1/ultimas-noticias/2016/04/02/ex-piloto-pede-que-alonso-se-aposente-e-leva-fora-do-espanhol-ao-vivo.htm, skipping...
[ERROR - 2025-10-25 21:30:16,775 - Worker_2] Status code == 403 for http://mauriciostycer.blogosfera.uol.com.br/2016/04/01/faro-seria-arrogancia-dizer-que-o-faustao-esta-mudando-por-minha-causa, skipping...
[ERROR - 2025-10-25 21:30:21,636 - Worker_0] Status code == 403 for http://mauriciostycer.blogosfera.uol.com.br/2016/04/02/dois-anos-apos-estreia-como-apresentadora-sabrina-nao-saiu-do-lugar/, skipping...
[ERROR - 2025-10-25 21:30:25,127 - Worker_4] Status code == 403 for http://blogdobirner.blogosfera.uol.com.br/2016/04/02/auditores-rejeitam-paulo-schmitt-clubes-querem-cbf-cobrando-a-conmebol-2/, skipping...
[ERROR - 2025-10-25 21:30:28,678 - Worker_2] Status code == 403 for http://rodrigomattos.blogosfera.uol.com.br/2016/04/02/e-mails-entre-procurador-e-cbf-geram-guerra-dentro-do-stjd/, skipping...
[ERROR - 2025-10-25 21:30:31,098 - Worker_0] Status code == 404 for http://esporte.uol.com.br/f1/ultimas-noticias/2016/04/02/treino-novo-falha-novamente-e-hamilton-sai-na-frente-no-gp-do-bahrein.htm, skipping...
[ERROR - 2025-10-25 21:31:04,718 - Worker_4] Status code == 403 for http://blogdorafaelreis.blogosfera.uol.com.br/2016/03/26/ja-comecou-se-a-fifa-nao-impedir-qatar-tera-selecao-de-aluguel-em-2022/, skipping...
[ERROR - 2025-10-25 21:31:05,737 - Worker_1] Status code == 403 for http://noticias.uol.com.br/ultimas-noticias/agencia-estado/2016/04/03/lula-faz-de-hotel-em-brasilia-qg-da-crise.htm, skipping...
[ERROR - 2025-10-25 21:31:08,211 - Worker_2] Status code == 403 for http://noticias.uol.com.br/ultimas-noticias/agencia-estado/2016/04/03/suspeitos-de-esfaquear-medico-no-leblon-sao-presos.htm, skipping...
[ERROR - 2025-10-25 21:31:14,758 - Worker_2] Status code == 403 for http://noticias.uol.com.br/saude/ultimas-noticias/bbc/2016/04/03/como-toda-uma-cidade-ajudou-o-primeiro-menino-diagnosticado-com-autismo-a-superar-obstaculos-e-ser-feliz.htm, skipping...
[ERROR - 2025-10-25 21:31:24,028 - Worker_4] Status code == 403 for http://noticias.uol.com.br/politica/ultimas-noticias/2016/04/03/documentos-indicam-grampo-ilegal-e-abusos-de-poder-na-origem-da-lava-jato.htm, skipping...
[ERROR - 2025-10-25 21:31:30,454 - Worker_1] Status code == 403 for http://fernandorodrigues.blogosfera.uol.com.br/2016/04/03/empresas-e-empresarios-citados-negam-irregularidades-ou-nao-comentam/, skipping...
[ERROR - 2025-10-25 21:31:39,816 - Worker_0] Status code == 403 for http://blogdoavallone.blogosfera.uol.com.br/2016/04/02/maicon-de-vilao-a-heroi-e-que-virada-do-real-madrid-sobre-o-barcelona/, skipping...
[ERROR - 2025-10-25 21:31:48,446 - Worker_3] Status code == 403 for http://rodrigomattos.blogosfera.uol.com.br/2016/04/03/liga-sul-americana-e-ameacada-por-racha-apos-proposta-de-brasileiros/, skipping...
[ERROR - 2025-10-25 21:31:52,751 - Worker_3] Status code == 403 for http://uolesporte.blogosfera.uol.com.br/2016/04/03/5-acessorios-estranhos-usados-por-jogadores-e-para-que-eles-servem/, skipping...
[ERROR - 2025-10-25 21:31:53,053 - Worker_1] Status code == 403 for http://noticias.uol.com.br/album/album-do-dia/2016/04/03/imagens-do-dia---3-de-abril-de-2016.htm#fotoNav=7, skipping...
[ERROR - 2025-10-25 21:31:56,558 - Worker_0] Status code == 403 for http://noticias.uol.com.br/ultimas-noticias/agencia-estado/2016/04/03/tres-homens-e-um-adolescente-sao-vitimas-de-chacina-na-baixada-fluminense.htm, skipping...
[ERROR - 2025-10-25 21:31:57,029 - Worker_3] Status code == 403 for http://mauriciostycer.blogosfera.uol.com.br/2016/04/01/faro-seria-arrogancia-dizer-que-o-faustao-esta-mudando-por-minha-causa, skipping...
[ERROR - 2025-10-25 21:32:00,754 - Worker_0] Status code == 403 for http://fernandorodrigues.blogosfera.uol.com.br/2016/04/03/registros-nos-eua-indicam-que-joaquim-barbosa-nao-pagou-imposto-em-miami/, skipping...
[ERROR - 2025-10-25 21:32:01,884 - Worker_1] Status code == 403 for http://fernandorodrigues.blogosfera.uol.com.br/2016/04/03/documentos-ligam-comite-de-etica-a-3-acusados-no-escandalo-da-fifa/, skipping...
[ERROR - 2025-10-25 21:32:03,180 - Worker_4] Status code == 403 for http://blogdojuca.uol.com.br/2016/04/cuca-acerta-na-cabeca-e-prass-na-mao/, skipping...
[ERROR - 2025-10-25 21:32:06,425 - Worker_3] Status code == 403 for http://noticias.uol.com.br/ultimas-noticias/bbc/2016/04/03/como-fui-traficada-e-virei-escrava-sexual-nos-eua.htm, skipping...
[ERROR - 2025-10-25 21:32:07,333 - Worker_4] Status code == 403 for http://noticias.uol.com.br/saude/ultimas-noticias/redacao/2016/04/03/panico-provoca-falta-de-tamiflu-em-farmacias-sus-da-remedio-com-receita.htm, skipping...
[ERROR - 2025-10-25 21:32:08,916 - Worker_0] Status code == 404 for http://esporte.uol.com.br/futebol/campeonatos/mineiro/ultimas-noticias/2016/04/03/cruzeiro-vence-lanterna-e-assegura-classificacao-como-lider-do-mineiro.htm, skipping...
[ERROR - 2025-10-25 21:32:10,601 - Worker_3] Status code == 403 for http://noticias.uol.com.br/ultimas-noticias/agencia-estado/2016/04/03/impeachment-tem-ao-menos-261-votos-na-camara-contrarios-chegam-a-117.htm, skipping...
[ERROR - 2025-10-25 21:32:11,349 - Worker_1] Status code == 403 for http://noticias.uol.com.br/ultimas-noticias/agencia-estado/2016/04/03/protestos-por-morte-de-menino-deixa-rastro-de-destruicao-na-baixada-fluminense.htm, skipping...
[ERROR - 2025-10-25 21:32:11,521 - Worker_4] Status code == 403 for http://fernandorodrigues.blogosfera.uol.com.br/2016/04/03/mesmo-banqueiro-operava-a-offshore-atribuida-a-cunha-e-a-de-lobista-do-pmdb/, skipping...
[ERROR - 2025-10-25 21:32:15,462 - Worker_0] Status code == 403 for http://blogdorafaelreis.blogosfera.uol.com.br/2016/04/03/vai-ter-briga-derrota-do-barcelona-no-classico-faz-bem-para-champions/, skipping...
[ERROR - 2025-10-25 21:32:15,871 - Worker_4] Status code == 403 for http://noticias.uol.com.br/cotidiano/ultimas-noticias/2016/04/03/nova-decisao-da-justica-libera-megaempreendimento-imobiliario-em-marica.htm, skipping...
[ERROR - 2025-10-25 21:32:20,040 - Worker_4] Status code == 403 for http://noticias.uol.com.br/ultimas-noticias/agencia-estado/2016/04/03/psol-deve-lancar-erundina-na-disputa-pela-prefeitura-de-sao-paulo.htm, skipping...
[ERROR - 2025-10-25 21:32:24,944 - Worker_1] Status code == 403 for http://fernandorodrigues.blogosfera.uol.com.br/2016/04/04/mossack-operou-33-empresas-da-lista-negra-dos-eua/, skipping...
[ERROR - 2025-10-25 21:32:40,480 - Worker_3] Status code == 403 for http://educacao.uol.com.br/noticias/2016/04/04/rio-de-janeiro-tem-cinco-escolas-ocupadas-por-estudantes.htm, skipping...
[ERROR - 2025-10-25 21:32:48,195 - Worker_4] Status code == 403 for http://fernandorodrigues.blogosfera.uol.com.br/2016/04/04/presidente-do-azerbaijao-criou-offshore-para-filho-de-6-anos/, skipping...
[ERROR - 2025-10-25 21:33:11,394 - Worker_1] Status code == 403 for http://noticias.uol.com.br/midiaglobal/prospect/2016/04/04/russia-tenta-se-livrar-do-vicio-em-cigarro-com-verba-americana.htm, skipping...
[ERROR - 2025-10-25 21:33:21,924 - Worker_3] Status code == 403 for http://noticias.uol.com.br/ultimas-noticias/agencia-estado/2016/04/04/pt-perdeu-24-prefeitos-e-186-vereadores-em-sao-paulo.htm, skipping...
[ERROR - 2025-10-25 21:33:27,135 - Worker_4] Status code == 403 for http://noticias.uol.com.br/cotidiano/ultimas-noticias/2016/04/04/policia-prende-ex-prefeito-de-taiobeiras-mg-acusado-de-abuso-sexual-contra-menores.htm, skipping...
[ERROR - 2025-10-25 21:33:53,861 - Worker_3] Status code == 403 for http://noticias.uol.com.br/album/album-do-dia/2016/04/03/imagens-do-dia---3-de-abril-de-2016.htm?abrefoto=11, skipping...
[ERROR - 2025-10-25 21:33:56,805 - Worker_0] Status code == 403 for http://noticias.uol.com.br/ultimas-noticias/agencia-estado/2016/04/04/apos-fechar-delacao-lobista-acusado-de-fraude-na-merenda-e-solto.htm, skipping...
[ERROR - 2025-10-25 21:34:04,389 - Worker_3] Status code == 403 for http://blogdomenon.blogosfera.uol.com.br/2016/04/04/casemiro-ganso-pato-jadson-como-sao-ruins-os-nossos-professores/, skipping...
[ERROR - 2025-10-25 21:34:04,525 - Worker_2] Status code == 403 for http://blogdosakamoto.blogosfera.uol.com.br/2016/04/04/cinco-dicas-para-sobreviver-a-crise-brasileira-sem-surtar/, skipping...
[ERROR - 2025-10-25 21:34:08,724 - Worker_4] Status code == 403 for http://fernandorodrigues.blogosfera.uol.com.br/2016/04/04/mais-de-500-bancos-registraram-15-600-offshores-com-a-mossack/, skipping...
[ERROR - 2025-10-25 21:34:13,113 - Worker_0] Status code == 403 for http://blogdorafaelreis.blogosfera.uol.com.br/2016/04/04/quanto-custa-ver-um-jogo-das-quartas-da-champions/, skipping...
[ERROR - 2025-10-25 21:34:13,338 - Worker_2] Status code == 403 for http://noticias.uol.com.br/ultimas-noticias/afp/2016/04/04/china-arabia-saudita-e-russia-puxam-alta-do-gasto-militar-mundial.htm, skipping...
[ERROR - 2025-10-25 21:34:16,757 - Worker_1] Status code == 403 for http://futebolemnumeros.blogosfera.uol.com.br/2016/04/04/palmeiras-volta-a-levar-a-melhor-nos-classicos/, skipping...
[ERROR - 2025-10-25 21:34:18,405 - Worker_4] Status code == 403 for http://blogdobirner.blogosfera.uol.com.br/2016/04/04/no-sao-paulo-erro-de-penalti-gera-fofoca-no-corinthians-redunda-em-apoio/, skipping...
[ERROR - 2025-10-25 21:34:19,815 - Worker_0] Status code == 403 for http://fernandorodrigues.blogosfera.uol.com.br/2016/04/04/pdt-pmdb-pp-psb-psd-psdb-e-ptb-tem-politicos-e-parentes-com-offshores/, skipping...
[ERROR - 2025-10-25 21:34:22,150 - Worker_2] Status code == 403 for http://fernandorodrigues.blogosfera.uol.com.br/2016/04/03/panama-papers-revelam-107-offshores-ligadas-a-personagens-da-lava-jato/, skipping...
[ERROR - 2025-10-25 21:34:25,345 - Worker_1] Status code == 403 for http://noticias.uol.com.br/ultimas-noticias/agencia-estado/2016/04/04/stf-nao-pode-intervir-na-analise-do-impeachment-de-temer-diz-camara.htm, skipping...
[ERROR - 2025-10-25 21:34:25,640 - Worker_4] Status code == 403 for http://noticias.uol.com.br/politica/ultimas-noticias/2016/04/04/impeachment-de-dilma-e-rasgar-a-constituicao-diz-cardoso-da-agu.htm, skipping...
[ERROR - 2025-10-25 21:34:26,486 - Worker_2] Status code == 403 for http://blogdoboleiro.blogosfera.uol.com.br/2016/04/04/dalessandro-faz-um-afago-ao-internacional-enquanto-joga-no-river-plate/, skipping...
[ERROR - 2025-10-25 21:34:27,423 - Worker_3] Status code == 403 for http://noticias.uol.com.br/midiaglobal/lemonde/2016/04/05/biblioteca-nacional-da-franca-fica-sem-presidente.htm, skipping...
[ERROR - 2025-10-25 21:34:30,669 - Worker_2] Status code == 403 for http://noticias.uol.com.br/ultimas-noticias/reuters/2016/04/05/estado-islamico-sugere-possiveis-ataques-em-londres-berlim-e-roma.htm, skipping...
[ERROR - 2025-10-25 21:34:31,636 - Worker_3] Status code == 403 for http://negociosdoesporte.blogosfera.uol.com.br/2016/04/05/europa-colhe-fruto-de-globalizacao-dos-seus-clubes/, skipping...
[ERROR - 2025-10-25 21:34:31,952 - Worker_1] Status code == 403 for http://uolesporte.blogosfera.uol.com.br/2016/04/05/triangulo-amoroso-com-atacantes-argentinos-rende-prejuizo/, skipping...
[ERROR - 2025-10-25 21:34:35,242 - Worker_4] Status code == 403 for http://tecnologia.uol.com.br/noticias/redacao/2016/04/05/novo-bug-possibilita-que-hackers-ignorem-bloqueio-dos-iphones-6s-e-6s-plus.htm, skipping...
[ERROR - 2025-10-25 21:34:36,168 - Worker_1] Status code == 403 for http://blogdobrito.blogosfera.uol.com.br/2016/04/05/o-esporte-esta-acima-da-crise-afirma-novo-ministro/, skipping...
[ERROR - 2025-10-25 21:34:40,345 - Worker_1] Status code == 403 for http://noticias.uol.com.br/ultimas-noticias/agencia-estado/2016/04/05/zelotes-denuncia-5-por-trafico-de-influencia-corrupcao-e-lavagem-de-dinheiro.htm, skipping...
[ERROR - 2025-10-25 21:34:46,890 - Worker_0] Status code == 403 for http://noticias.uol.com.br/album/2016/01/06/olho-magico-2016.htm?abrefoto=1, skipping...
[ERROR - 2025-10-25 21:34:49,710 - Worker_3] Status code == 403 for http://noticias.uol.com.br/cotidiano/ultimas-noticias/2016/04/05/pms-sao-assaltados-e-tem-armas-roubadas-enquanto-tomavam-cafe-em-maceio.htm, skipping...
[ERROR - 2025-10-25 21:34:51,132 - Worker_0] Status code == 403 for http://infomoto.blogosfera.uol.com.br/2016/04/04/dafra-faz-promocao-de-scooters-maxsym-400i-pelo-preco-do-honda-sh-300/, skipping...
[ERROR - 2025-10-25 21:34:54,544 - Worker_3] Status code == 404 for http://entretenimento.band.uol.com.br/masterchef/2016/noticias/100000800492/saiba-os-cinco-erros-mais-comuns-no-preparo-da-carne-moida.html, skipping...
[ERROR - 2025-10-25 21:35:08,140 - Worker_3] Status code == 403 for http://noticias.uol.com.br/saude/ultimas-noticias/redacao/2016/04/05/brasil-tem-mais-de-mil-casos-de-microcefalia-e-lesoes-neurologicas.htm, skipping...
[ERROR - 2025-10-25 21:35:11,040 - Worker_1] Status code == 403 for http://noticias.uol.com.br/ultimas-noticias/agencia-brasil/2016/04/05/comissao-do-impeachment-inicia-votacao-final-na-tarde-de-segunda-feira.htm, skipping...
[ERROR - 2025-10-25 21:35:12,296 - Worker_3] Status code == 403 for http://noticias.uol.com.br/politica/ultimas-noticias/2016/04/04/impeachment-de-temer-esta-em-estagio-embrionario-diz-marco-aurelio-mello.htm, skipping...
[ERROR - 2025-10-25 21:35:12,966 - Worker_0] Status code == 403 for http://noticias.uol.com.br/ultimas-noticias/bbc/2016/04/05/israelense-lanca-campanha-para-encontrar-mae-biologica-no-brasil.htm, skipping...
[ERROR - 2025-10-25 21:35:17,152 - Worker_0] Status code == 403 for http://noticias.uol.com.br/politica/ultimas-noticias/2016/04/05/governo-da-cheque-pre-datado-aos-partidos-para-barrar-impeachment-diz-juca.htm, skipping...
[ERROR - 2025-10-25 21:35:19,760 - Worker_2] Status code == 403 for http://uolesportevetv.blogosfera.uol.com.br/2016/04/05/ronaldo-diz-que-tenta-ser-um-comentarista-responsavel/, skipping...
[ERROR - 2025-10-25 21:35:21,324 - Worker_0] Status code == 403 for http://noticias.uol.com.br/politica/ultimas-noticias/2016/04/05/proposta-de-novas-eleicoes-sao-utopicas-e-fragilizam-impeachment-diz-aecio.htm, skipping...
[ERROR - 2025-10-25 21:35:27,837 - Worker_0] Status code == 403 for http://noticias.uol.com.br/cotidiano/ultimas-noticias/2016/04/05/lei-define-multa-de-ate-r-1000-para-homem-que-usar-vagao-feminino-no-rj.htm, skipping...
[ERROR - 2025-10-25 21:35:33,751 - Worker_2] Status code == 403 for http://noticias.uol.com.br/cotidiano/ultimas-noticias/2016/04/05/mp-entra-com-acao-pedindo-que-samarco-elimine-vazamento-de-lama-em-5-dias.htm, skipping...
[ERROR - 2025-10-25 21:35:38,117 - Worker_0] Failed to connect with http://paranaportal.uol.com.br/blog/2016/04/05/moro-manda-soltar-silvio-pereira-e-decreta-prisao-preventiva-de-ronan-maria-pinto/ after 3 attempts, skipping...
[ERROR - 2025-10-25 21:36:03,424 - Worker_1] Status code == 403 for http://noticias.uol.com.br/politica/ultimas-noticias/2016/04/05/cunha-vai-recorrer-contra-decisao-de-ministro-do-stf-sobre-temer.htm, skipping...
[ERROR - 2025-10-25 21:36:09,791 - Worker_0] Status code == 403 for http://educacao.uol.com.br/noticias/2016/04/05/mercadante-lanca-mecflix-e-material-gratuito-de-estudos-para-o-enem.htm, skipping...
[ERROR - 2025-10-25 21:36:12,962 - Worker_1] Status code == 403 for http://fernandorodrigues.blogosfera.uol.com.br/2016/04/03/panama-papers-revelam-107-offshores-ligadas-a-personagens-da-lava-jato/, skipping...
[ERROR - 2025-10-25 21:36:14,643 - Worker_4] Status code == 403 for http://noticias.uol.com.br/ultimas-noticias/agencia-estado/2016/04/06/tcu-paralisa-reforma-agraria-apos-identificar-578-mil-beneficiarios-irregulares.htm, skipping...
[ERROR - 2025-10-25 21:36:14,884 - Worker_3] Status code == 403 for http://balanacesta.blogosfera.uol.com.br/2016/04/05/o-incrivel-final-four-que-deu-o-titulo-a-villanova-na-ncaa/, skipping...
[ERROR - 2025-10-25 21:36:16,765 - Worker_0] Status code == 403 for http://blogdobrito.blogosfera.uol.com.br/2016/04/06/del-nero-e-filho-terao-de-dar-explicacoes-na-cpi-do-futebol-no-senado/, skipping...
[ERROR - 2025-10-25 21:36:20,732 - Worker_2] Status code == 403 for http://rodrigomattos.blogosfera.uol.com.br/2016/04/06/cbf-prepara-regra-dura-que-pode-ate-excluir-clubes-e-cartolas-se-omitem/, skipping...
[ERROR - 2025-10-25 21:36:25,476 - Worker_0] Status code == 403 for http://fernandorodrigues.blogosfera.uol.com.br/2016/04/04/pdt-pmdb-pp-psb-psd-psdb-e-ptb-tem-politicos-e-parentes-com-offshores/, skipping...
[ERROR - 2025-10-25 21:36:28,970 - Worker_1] Status code == 403 for http://noticias.uol.com.br/ultimas-noticias/reuters/2016/04/06/estado-islamico-lucra-ate-us-200-milhoes-por-ano-com-antiguidades-diz-russia.htm, skipping...
[ERROR - 2025-10-25 21:36:51,637 - Worker_3] Status code == 403 for http://educacao.uol.com.br/colunas/priscila-cruz/2016/04/06/e-brincadeira-viu.htm, skipping...
[ERROR - 2025-10-25 21:36:55,871 - Worker_3] Status code == 403 for http://blogdojuliogomes.blogosfera.uol.com.br/2016/04/06/zidane-comete-erros-comuns-real-se-complica/, skipping...
[ERROR - 2025-10-25 21:37:02,378 - Worker_2] Status code == 403 for http://patadasygambetas.blogosfera.uol.com.br/2016/04/06/volta-olimpica-na-bombonera-cadeados-torcedor-gandula-e-ameaca-de-morte/, skipping...
[ERROR - 2025-10-25 21:37:03,270 - Worker_1] Status code == 403 for http://blogdojuca.uol.com.br/2016/04/proezas-e-fiascos-dos-brasileiros-na-liga-dos-campeoes/, skipping...
[ERROR - 2025-10-25 21:37:06,013 - Worker_3] Status code == 403 for http://noticias.uol.com.br/ultimas-noticias/agencia-estado/2016/04/06/empresa-de-lula-mudou-numero-de-telefone-para-levar-autoridades-a-erro-diz-mpf.htm, skipping...
[ERROR - 2025-10-25 21:37:06,578 - Worker_2] Status code == 403 for http://educacao.uol.com.br/noticias/agencia-estado/2016/04/06/matricula-de-alunos-de-escola-publica-e-recorde-na-unicamp-neste-ano.htm, skipping...
[ERROR - 2025-10-25 21:37:09,847 - Worker_1] Status code == 403 for http://economia.uol.com.br/cotacoes/noticias/redacao/2016/04/06/bolsa-fecha-em-queda-de-195-no-menor-valor-em-tres-semanas.htm, skipping...
[ERROR - 2025-10-25 21:37:10,179 - Worker_3] Status code == 403 for http://educacao.uol.com.br/noticias/agencia-estado/2016/04/06/haddad-armazena-uniforme-por-3-anos.htm, skipping...
[ERROR - 2025-10-25 21:37:17,802 - Worker_0] Status code == 403 for http://oblogdorugbi.blogosfera.uol.com.br/2016/04/06/pacaembu-volta-a-receber-selecao-brasileira-de-rugbi-em-abril/, skipping...
[ERROR - 2025-10-25 21:37:24,396 - Worker_0] Status code == 403 for http://educacao.uol.com.br/noticias/2016/04/06/pm-tenta-encerrar-protesto-de-estudantes-com-bombas-de-gas.htm, skipping...
[ERROR - 2025-10-25 21:37:31,682 - Worker_1] Status code == 403 for http://educacao.uol.com.br/noticias/2016/04/06/universidade-tem-nova-pichacao-racista-tirem-os-pretos-da-unicamp.htm, skipping...
[ERROR - 2025-10-25 21:37:36,424 - Worker_1] Status code == 403 for http://uolesportevetv.blogosfera.uol.com.br/2016/04/06/fernanda-gentil-termina-casamento-com-empresario-carioca/, skipping...
[ERROR - 2025-10-25 21:37:47,151 - Worker_4] Status code == 403 for http://blogdomenon.blogosfera.uol.com.br/2016/04/05/alo-2016-o-sao-paulo-chegou/, skipping...
[ERROR - 2025-10-25 21:37:49,785 - Worker_0] Status code == 403 for http://mauriciostycer.blogosfera.uol.com.br/2016/04/06/ta-no-ar-bate-recordes-no-ibope-em-2016-e-equipe-ja-escreve-a-4a-temporada/, skipping...
[ERROR - 2025-10-25 21:37:55,609 - Worker_3] Status code == 403 for http://blogdosakamoto.blogosfera.uol.com.br/2016/04/06/viuvas-de-marido-vivo-como-vivem-as-familias-de-vitimas-da-escravidao/, skipping...
[ERROR - 2025-10-25 21:37:56,117 - Worker_4] Status code == 403 for http://noticias.uol.com.br/ultimas-noticias/agencia-estado/2016/04/06/roberto-jefferson-meu-papel-sera-convencer-companheiros-a-votar-pelo-impeachment.htm, skipping...
[ERROR - 2025-10-25 21:38:00,277 - Worker_4] Status code == 403 for http://noticias.uol.com.br/politica/ultimas-noticias/2016/04/06/relator-entrega-parecer-favoravel-ao-impeachment-veja-o-que-acontece-agora.htm, skipping...
[ERROR - 2025-10-25 21:38:02,236 - Worker_3] Status code == 403 for http://noticias.uol.com.br/midiaglobal/lemonde/2016/04/06/os-fluxos-do-petroleo-na-argelia.htm, skipping...
[ERROR - 2025-10-25 21:38:06,844 - Worker_4] Status code == 403 for http://omundoemmovimento.blogosfera.uol.com.br/2016/04/06/bicicleta-e-para-pobre-trabalhar/, skipping...
[ERROR - 2025-10-25 21:38:08,747 - Worker_3] Status code == 403 for http://noticias.uol.com.br/politica/ultimas-noticias/2016/04/06/alvo-de-pedido-de-impeachment-temer-nega-ter-cometido-pedaladas-fiscais.htm, skipping...
[ERROR - 2025-10-25 21:38:18,495 - Worker_3] Status code == 403 for http://matias.blogosfera.uol.com.br/2016/04/06/e-comecam-a-aparecer-novidades-de-rogue-one-uma-historia-de-star-wars/, skipping...
[ERROR - 2025-10-25 21:38:20,348 - Worker_1] Status code == 403 for http://noticias.uol.com.br/ciencia/ultimas-noticias/afp/2016/04/07/sequenciados-pela-primeira-vez-genes-do-cromossomo-y-do-homem-de-neandertal.htm, skipping...
[ERROR - 2025-10-25 21:38:45,753 - Worker_4] Status code == 403 for http://oblogdorugbi.blogosfera.uol.com.br/2016/04/07/brasil-encara-seu-maior-desafio-antes-da-olimpiada-no-hk-sevens/, skipping...
[ERROR - 2025-10-25 21:38:54,687 - Worker_4] Status code == 403 for http://blogdosakamoto.blogosfera.uol.com.br/2016/04/06/viuvas-de-marido-vivo-como-vivem-as-familias-de-vitimas-da-escravidao/, skipping...
[ERROR - 2025-10-25 21:39:06,282 - Worker_4] Status code == 403 for http://pvc.blogosfera.uol.com.br/2016/04/07/para-onde-vai-o-flamengo-se-sair-do-maracana-para-sempre/, skipping...
[ERROR - 2025-10-25 21:39:10,483 - Worker_4] Status code == 403 for http://noticias.uol.com.br/saude/ultimas-noticias/redacao/2016/04/07/mp-pede-prisao-de-castro-e-uip-por-nao-fornecerem-canabidiol-a-pacientes.htm, skipping...
[ERROR - 2025-10-25 21:39:13,004 - Worker_2] Status code == 403 for http://noticias.uol.com.br/midiaglobal/lemonde/2016/04/07/opiniao-contra-a-russia-a-europa-se-rearma.htm, skipping...
[ERROR - 2025-10-25 21:39:21,377 - Worker_1] Status code == 403 for http://noticias.uol.com.br/politica/ultimas-noticias/2016/04/07/sitio-em-atibaia-frequentado-por-lula-e-alvo-de-furto.htm, skipping...
[ERROR - 2025-10-25 21:39:22,860 - Worker_2] Status code == 403 for http://tecnologia.uol.com.br/noticias/redacao/2016/04/07/que-tal-usar-o-wi-fi-para-fazer-ligacoes-do-celular-mesmo-sem-app-veja.htm, skipping...
[ERROR - 2025-10-25 21:39:25,671 - Worker_1] Status code == 403 for http://blogdoperrone.blogosfera.uol.com.br/2016/04/andrade-diz-que-globo-so-renovou-com-spfc-apos-autorizacao-do-corinthians/, skipping...
[ERROR - 2025-10-25 21:39:28,971 - Worker_3] Status code == 403 for http://robertosadovski.blogosfera.uol.com.br/2016/04/07/rua-cloverfield-10-usa-a-grife-j-j-abrams-em-uma-boa-trama-de-paranoia/, skipping...
[ERROR - 2025-10-25 21:39:29,393 - Worker_2] Status code == 403 for http://noticias.uol.com.br/politica/ultimas-noticias/2016/04/07/lula-presta-depoimento-a-pgr-teori-poe-investigacao-em-segredo-de-justica.htm, skipping...
[ERROR - 2025-10-25 21:39:31,886 - Worker_4] Status code == 403 for http://futebolemnumeros.blogosfera.uol.com.br/2016/04/07/brasileiros-vao-mal-como-visitantes-na-libertadores/, skipping...
[ERROR - 2025-10-25 21:39:33,152 - Worker_3] Status code == 403 for http://noticias.uol.com.br/ultimas-noticias/agencia-estado/2016/04/07/rosso-demonstrara-parcialidade-se-comissao-funcionar-no-sabado-diz-picciani.htm, skipping...
[ERROR - 2025-10-25 21:39:35,910 - Worker_2] Status code == 403 for http://uolesportevetv.blogosfera.uol.com.br/2016/04/06/fernanda-gentil-termina-casamento-com-empresario-carioca/, skipping...
[ERROR - 2025-10-25 21:39:36,100 - Worker_4] Status code == 403 for http://uolesportevetv.blogosfera.uol.com.br/2016/04/07/por-globo-jogo-entre-sao-paulo-e-river-tem-horario-alterado/, skipping...
[ERROR - 2025-10-25 21:39:36,983 - Worker_1] Status code == 403 for http://noticias.uol.com.br/politica/ultimas-noticias/2016/04/07/tse-diz-nao-ter-recurso-para-realizar-nova-eleicao-geral-em-2016.htm, skipping...
[ERROR - 2025-10-25 21:39:37,361 - Worker_3] Status code == 403 for http://blogdobrito.blogosfera.uol.com.br/2016/04/07/renan-calheiros-invalida-convocacao-de-del-nero-e-teixeira-a-cpi-do-futebol/, skipping...
[ERROR - 2025-10-25 21:39:40,311 - Worker_4] Status code == 403 for http://noticias.uol.com.br/politica/ultimas-noticias/2016/04/07/pt-indica-nomes-para-comissao-de-impeachment-de-temer-oposicao-foca-em-dilma.htm, skipping...
[ERROR - 2025-10-25 21:39:41,237 - Worker_1] Status code == 403 for http://josiasdesouza.blogosfera.uol.com.br/2016/04/07/psdb-pedira-que-tse-requisite-novas-delacoes/, skipping...
[ERROR - 2025-10-25 21:39:46,922 - Worker_4] Status code == 403 for http://fernandorodrigues.blogosfera.uol.com.br/2016/04/07/deputados-pro-impeachment-sobem-de-220-para-273-em-menos-de-1-mes/, skipping...
[ERROR - 2025-10-25 21:39:49,989 - Worker_3] Failed to connect with http://paranaportal.uol.com.br/blog/2016/04/07/confronto-deixa-dois-mortos-no-entorno-da-araupel/ after 3 attempts, skipping...
[ERROR - 2025-10-25 21:39:54,184 - Worker_3] Status code == 403 for http://noticias.uol.com.br/politica/ultimas-noticias/2016/04/08/cardozo-volta-a-criticar-relatorio-da-comissao-de-impeachment.htm, skipping...
[ERROR - 2025-10-25 21:40:16,537 - Worker_2] Status code == 403 for http://noticias.uol.com.br/ultimas-noticias/agencia-brasil/2016/04/08/apos-regulamentacao-de-lei-restritiva-liminar-garante-o-uber-em-belo-horizonte.htm, skipping...
[ERROR - 2025-10-25 21:40:26,469 - Worker_4] Status code == 403 for http://educacao.uol.com.br/noticias/2016/04/08/prefeitura-de-bh-recua-e-diz-que-mantera-merenda-a-funcionarios-de-escolas.htm, skipping...
[ERROR - 2025-10-25 21:40:26,803 - Worker_2] Failed to connect with http://paranaportal.uol.com.br/blog/2016/04/08/gilmar-mendes-quer-criar-setor-de-inteligencia-na-justica-eleitoral/ after 3 attempts, skipping...
[ERROR - 2025-10-25 21:40:30,658 - Worker_4] Status code == 403 for http://noticias.uol.com.br/ultimas-noticias/bbc/2016/04/08/ser-deputado-e-tranquilo-faco-de-conta-que-trabalho-diz-paulo-maluf.htm, skipping...
[ERROR - 2025-10-25 21:40:31,104 - Worker_0] Status code == 403 for http://balanacesta.blogosfera.uol.com.br/2016/04/08/a-incrivel-aprovacao-das-contas-do-presidente-carlos-nunes-na-cbb/, skipping...
[ERROR - 2025-10-25 21:40:31,362 - Worker_1] Failed to connect with http://paranaportal.uol.com.br/blog/2016/04/08/o-brasil-precisa-alforriar-sua-democracia-diz-toffoli/ after 3 attempts, skipping...
[ERROR - 2025-10-25 21:40:33,603 - Worker_3] Status code == 403 for http://noticias.uol.com.br/ultimas-noticias/agencia-estado/2016/04/08/lider-do-pdt-no-senado-aparece-em-relacao-de-beneficiarios-de-terras-do-incra.htm, skipping...
[ERROR - 2025-10-25 21:40:39,643 - Worker_4] Status code == 403 for http://noticias.uol.com.br/ultimas-noticias/reuters/2016/04/08/novo-governo-de-mianmar-liberta-dezenas-de-ativistas-presos.htm, skipping...
[ERROR - 2025-10-25 21:40:46,217 - Worker_2] Status code == 403 for http://economia.uol.com.br/noticias/redacao/2016/04/08/contribuinte-com-cpf-pendente-nao-tera-mais-conta-bancaria-encerrada.htm, skipping...
[ERROR - 2025-10-25 21:40:49,930 - Worker_3] Status code == 403 for http://noticias.uol.com.br/ultimas-noticias/agencia-estado/2016/04/08/cunha-decisao-do-stf-me-obriga-a-aceitar-outros-9-pedidos-de-impeachment.htm, skipping...
[ERROR - 2025-10-25 21:40:50,386 - Worker_2] Status code == 403 for http://noticias.uol.com.br/ultimas-noticias/efe/2016/04/08/aviao-que-desapareceu-em-1964-ressurge-apos-lago-secar-na-argentina.htm, skipping...
[ERROR - 2025-10-25 21:40:54,443 - Worker_3] Status code == 403 for http://omundoemmovimento.blogosfera.uol.com.br/2016/04/08/venda-de-seminovos-segue-em-alta/, skipping...
[ERROR - 2025-10-25 21:40:55,560 - Worker_4] Status code == 403 for http://todosabordo.blogosfera.uol.com.br/2016/04/08/por-que-devo-colocar-o-assento-na-posicao-vertical-em-pousos-e-decolagens, skipping...
[ERROR - 2025-10-25 21:40:57,993 - Worker_0] Failed to connect with http://paranaportal.uol.com.br/blog/2016/04/08/ministro-da-justica-manda-pf-investigar-mortes-de-sem-terra/ after 3 attempts, skipping...
[ERROR - 2025-10-25 21:41:02,260 - Worker_0] Status code == 403 for http://paginacinco.blogosfera.uol.com.br/2016/04/08/inedito-de-antonio-candido-cita-raridade-escabrosa-de-oswald-de-andrade/, skipping...
[ERROR - 2025-10-25 21:41:02,793 - Worker_4] Status code == 500 for http://tvefamosos.uol.com.br/noticias/redacao/2016/04/08/ator-flavio-guarnieri-morre-aos-56-anos-em-sao-paulo.htm, skipping...
[ERROR - 2025-10-25 21:41:07,037 - Worker_4] Status code == 403 for http://noticias.uol.com.br/ultimas-noticias/efe/2016/04/08/eua-confirmam-libertacao-de-americano-retido-na-siria-desde-2012.htm, skipping...
[ERROR - 2025-10-25 21:41:28,099 - Worker_1] Status code == 403 for http://mauriciostycer.blogosfera.uol.com.br/2016/04/08/a-gente-vive-uma-ditadura-da-comedia-diz-denise-fraga-sobre-filmes-ruins/, skipping...
[ERROR - 2025-10-25 21:41:32,503 - Worker_1] Status code == 403 for http://todosabordo.blogosfera.uol.com.br/2016/04/08/por-que-devo-colocar-o-assento-na-posicao-vertical-em-pousos-e-decolagens/, skipping...
[ERROR - 2025-10-25 21:41:32,532 - Worker_2] Status code == 403 for http://noticias.uol.com.br/saude/ultimas-noticias/estado/2016/04/08/para-oms-programas-de-combate-ao-aedes-entraram-em-colapso.htm, skipping...
[ERROR - 2025-10-25 21:41:34,104 - Worker_3] Status code == 403 for http://uolesporte.blogosfera.uol.com.br/2016/04/08/goleiro-do-taiti-faz-um-dos-gols-contra-mais-absurdos-do-ano/, skipping...
[ERROR - 2025-10-25 21:41:36,569 - Worker_0] Status code == 403 for http://blogdojuca.uol.com.br/2016/04/fpf-contra-torcida-unica/, skipping...
[ERROR - 2025-10-25 21:41:36,734 - Worker_2] Status code == 403 for http://noticias.uol.com.br/ultimas-noticias/bbc/2016/04/08/armada-e-perigosa-a-mexicana-de-33-anos-na-lista-dos-10-mais-procurados-do-fbi.htm, skipping...
[ERROR - 2025-10-25 21:41:36,736 - Worker_1] Status code == 403 for http://noticias.uol.com.br/midiaglobal/lemonde/2016/04/08/hungria-reforca-legislacao-para-atingir-meta-de-reduzir-a-zero-o-fluxo-de-refugiados.htm, skipping...
[ERROR - 2025-10-25 21:41:40,914 - Worker_0] Status code == 403 for http://fernandorodrigues.blogosfera.uol.com.br/2016/04/08/empresa-de-fachada-recebeu-comissoes-milionarias-da-petrobras/, skipping...
[ERROR - 2025-10-25 21:41:46,450 - Worker_1] Status code == 403 for http://noticias.uol.com.br/politica/ultimas-noticias/2016/04/08/so-o-pt-vai-no-cofre-podre-ironiza-lula-em-ato-em-sp.htm, skipping...
[ERROR - 2025-10-25 21:41:47,990 - Worker_2] Status code == 403 for http://blogdoohata.blogosfera.uol.com.br/2016/04/09/tecnico-de-rival-de-pacquiao-apontou-arma-para-cabeca-de-tyson-e-disparou/, skipping...
[ERROR - 2025-10-25 21:41:50,648 - Worker_1] Status code == 403 for http://noticias.uol.com.br/ultimas-noticias/bbc/2016/04/08/a-amizade-entre-duas-adolescentes-que-acabou-em-um-assassinato-brutal.htm, skipping...
[ERROR - 2025-10-25 21:41:51,716 - Worker_4] Status code == 403 for http://blogdojuca.uol.com.br/2016/04/tite-nao-sampaoli-sim-cbf-pfiu/, skipping...
[ERROR - 2025-10-25 21:41:54,860 - Worker_1] Status code == 403 for http://balanacesta.blogosfera.uol.com.br/2016/04/09/especial-kobe-bryant-infancia-na-italia-e-o-comeco-da-carreira-nos-eua/, skipping...
[ERROR - 2025-10-25 21:42:05,841 - Worker_4] Status code == 403 for http://noticias.uol.com.br/album/album-do-dia/2016/04/09/imagens-do-dia---9-de-abril-de-2016.htm?abrefoto=17, skipping...
[ERROR - 2025-10-25 21:42:07,511 - Worker_2] Status code == 403 for http://uolesporte.blogosfera.uol.com.br/2016/04/09/craque-tambem-sofre-cr7-leva-bola-no-meio-das-pernas-em-jogo-do-real/, skipping...
[ERROR - 2025-10-25 21:42:21,301 - Worker_2] Status code == 403 for http://uolesportevetv.blogosfera.uol.com.br/2016/04/09/torcida-do-flamengo-reclama-de-queda-de-sinal-do-pfc/, skipping...
[ERROR - 2025-10-25 21:42:23,084 - Worker_1] Status code == 403 for http://mauriciostycer.blogosfera.uol.com.br/2016/04/09/entrevista-ao-vivo-e-o-maior-trunfo-e-problema-do-programa-de-mariana-godoy/, skipping...
[ERROR - 2025-10-25 21:42:27,946 - Worker_2] Status code == 403 for http://blogdosakamoto.blogosfera.uol.com.br/2016/04/09/30-dicas-para-sobreviver-as-semanas-da-discussao-do-impeachment/, skipping...
[ERROR - 2025-10-25 21:42:31,813 - Worker_4] Status code == 403 for http://noticias.uol.com.br/ultimas-noticias/bbc/2016/04/09/austria-planeja-expropriar-casa-em-que-hitler-nasceu.htm, skipping...
[ERROR - 2025-10-25 21:42:31,901 - Worker_1] Status code == 403 for http://blogdoperrone.blogosfera.uol.com.br/2016/04/testemunha-diz-ter-sido-intimidada-e-mp-decreta-sigilo-no-caso-maidana/, skipping...
[ERROR - 2025-10-25 21:42:35,988 - Worker_4] Status code == 403 for http://fernandorodrigues.blogosfera.uol.com.br/2016/04/09/jogadores-de-futebol-e-empresario-operaram-com-offshores-da-mossack/, skipping...
[ERROR - 2025-10-25 21:42:36,182 - Worker_1] Status code == 403 for http://nagradedomma.blogosfera.uol.com.br/2016/04/09/amanda-nunes-ataca-criticos-sou-a-unica-que-merecia-o-title-shot/, skipping...
[ERROR - 2025-10-25 21:42:39,412 - Worker_2] Status code == 403 for http://noticias.uol.com.br/ultimas-noticias/bbc/2016/04/09/como-os-eua-estao-conseguindo-se-livrar-da-droga-flakka-em-menos-de-um-ano.htm, skipping...
[ERROR - 2025-10-25 21:42:39,585 - Worker_0] Status code == 403 for http://blogdorafaelreis.blogosfera.uol.com.br/2016/04/09/com-fartura-de-talentos-franca-caminha-de-volta-ao-topo-do-futebol-mundial/, skipping...
[ERROR - 2025-10-25 21:42:42,586 - Worker_4] Status code == 403 for http://fernandorodrigues.blogosfera.uol.com.br/2016/04/09/panama-papers-revelam-elo-de-ex-advogado-de-cunha-com-rede-de-offshores/, skipping...
[ERROR - 2025-10-25 21:42:43,597 - Worker_2] Status code == 403 for http://noticias.uol.com.br/opiniao/coluna/2016/04/09/ate-quando-indios-poderao-praticar-crimes-sem-sofrer-consequencias.htm, skipping...
[ERROR - 2025-10-25 21:42:43,816 - Worker_0] Status code == 403 for http://companhiadeviagem.blogosfera.uol.com.br/2016/04/08/20-cidades-incriveis-para-conhecer-na-europa-oriental/, skipping...
[ERROR - 2025-10-25 21:42:46,774 - Worker_4] Status code == 403 for http://noticias.uol.com.br/politica/ultimas-noticias/2016/04/09/moro-cometeu-um-erro-grave-diz-ex-procurador-do-mensalao-sobre-grampos.htm, skipping...
[ERROR - 2025-10-25 21:42:48,550 - Worker_3] Status code == 403 for http://blogdobirner.blogosfera.uol.com.br/2016/04/09/o-imbativel-sao-paulo-na-libertadores-contra-argentinos-dentro-do-morumbi/, skipping...
[ERROR - 2025-10-25 21:42:54,945 - Worker_1] Status code == 403 for http://noticias.uol.com.br/blogs-e-colunas/coluna/paul-krugman/2016/04/09/campanha-de-sanders-levanta-serias-duvidas-sobre-seu-carater-e-valores.htm, skipping...
[ERROR - 2025-10-25 21:42:55,030 - Worker_3] Status code == 403 for http://noticias.uol.com.br/cotidiano/ultimas-noticias/2016/04/09/policia-do-pr-ja-tem-descricao-fisica-e-procura-assaltantes-de-onibus-acidentado.htm, skipping...
[ERROR - 2025-10-25 21:43:01,530 - Worker_1] Status code == 403 for http://uolesporte.blogosfera.uol.com.br/2016/04/10/10-coisas-absurdas-que-roberto-carlos-pode-fazer-no-videogame/, skipping...
[ERROR - 2025-10-25 21:43:04,669 - Worker_4] Status code == 403 for http://noticias.uol.com.br/album/album-do-dia/2016/04/08/imagens-do-dia---8-de-abril-de-2016.htm?abrefoto=8, skipping...
[ERROR - 2025-10-25 21:43:08,893 - Worker_4] Status code == 403 for http://andrerocha.blogosfera.uol.com.br/2016/04/10/afinal-um-time-depende-do-centroavante-ou-o-contrario-e-o-flu-de-fred, skipping...
[ERROR - 2025-10-25 21:43:11,262 - Worker_0] Status code == 403 for http://noticias.uol.com.br/album/2016/01/04/bichos-que-foram-noticia.htm?abrefoto=81, skipping...
[ERROR - 2025-10-25 21:43:22,592 - Worker_0] Status code == 403 for http://noticias.uol.com.br/ultimas-noticias/agencia-estado/2016/04/10/contra-impeachment-dilma-negocia-cargos-com-verbas-de-r-38-bi.htm, skipping...
[ERROR - 2025-10-25 21:43:22,769 - Worker_2] Status code == 403 for http://josiasdesouza.blogosfera.uol.com.br/2016/04/10/jose-serra-sonha-em-ser-fhc-de-michel-temer/, skipping...
[ERROR - 2025-10-25 21:43:31,662 - Worker_0] Status code == 403 for http://uolesporte.blogosfera.uol.com.br/2016/04/08/football-is-the-box-of-surprise-pele-da-entrevista-hilaria-em-ingles/, skipping...
[ERROR - 2025-10-25 21:43:38,945 - Worker_0] Status code == 403 for http://nagradedomma.blogosfera.uol.com.br/2016/04/10/cigano-volta-aos-velhos-tempos-com-atuacao-de-gala/, skipping...
[ERROR - 2025-10-25 21:43:39,634 - Worker_3] Status code == 403 for http://abiliodiniz.blogosfera.uol.com.br/2016/04/10/problema-do-sao-paulo-nao-sao-os-jogadores/, skipping...
[ERROR - 2025-10-25 21:43:42,224 - Worker_2] Status code == 403 for http://noticias.uol.com.br/politica/ultimas-noticias/2016/04/09/moro-cometeu-um-erro-grave-diz-ex-procurador-do-mensalao-sobre-grampos.htm, skipping...
[ERROR - 2025-10-25 21:43:45,781 - Worker_0] Status code == 403 for http://balanacesta.blogosfera.uol.com.br/2016/04/10/especial-kobe-bryant-oscar-afirma-uma-honra-que-ele-me-tem-como-idolo/, skipping...
[ERROR - 2025-10-25 21:43:46,638 - Worker_3] Status code == 403 for http://blogdomenon.blogosfera.uol.com.br/2016/04/10/palmeiras-bota-fogo-no-paulista/, skipping...
[ERROR - 2025-10-25 21:43:50,014 - Worker_0] Status code == 403 for http://mauriciostycer.blogosfera.uol.com.br/2016/04/10/na-estreia-como-jurada-do-superstar-daniela-erra-voto-e-prejudica-grupo/, skipping...
[ERROR - 2025-10-25 21:43:54,250 - Worker_0] Status code == 403 for http://noticias.uol.com.br/cotidiano/ultimas-noticias/2016/04/10/homem-ateia-fogo-ao-proprio-corpo-em-frente-ao-palacio-do-planalto.htm, skipping...
[ERROR - 2025-10-25 21:44:01,000 - Worker_0] Status code == 403 for http://noticias.uol.com.br/album/album-do-dia/2016/04/10/imagens-do-dia---10-de-abril-de-2016.htm?abrefoto=6, skipping...
[ERROR - 2025-10-25 21:44:01,735 - Worker_4] Status code == 403 for http://noticias.uol.com.br/opiniao/coluna/2016/04/10/mercado-imobiliario-da-china-esta-comecando-a-rachar.htm, skipping...
[ERROR - 2025-10-25 21:44:11,877 - Worker_4] Failed to connect with http://carsale.uol.com.br/ultimas/2016/04/08/chevrolet-cobalt-sobe-de-patamar-com-visual-retocado-e-novos-equipamentos-video/ after 3 attempts, skipping...
[ERROR - 2025-10-25 21:44:12,780 - Worker_3] Status code == 403 for http://noticias.uol.com.br/album/album-do-dia/2016/04/10/imagens-do-dia---10-de-abril-de-2016.htm?abrefoto=11, skipping...
[ERROR - 2025-10-25 21:44:16,534 - Worker_2] Status code == 403 for http://blogdojuca.uol.com.br/2016/04/so-o-sao-paulo-nao-mandara-nas-quartas-de-final-do-paulistinha/, skipping...
[ERROR - 2025-10-25 21:44:29,205 - Worker_3] Status code == 403 for http://noticias.uol.com.br/ultimas-noticias/afp/2016/04/10/peru-fujimori-lidera-com-kuczynski-mendoza-empatados.htm, skipping...
[ERROR - 2025-10-25 21:44:30,740 - Worker_4] Status code == 403 for http://noticias.uol.com.br/midiaglobal/nytimes/2016/04/10/chines-promete-bancar-canal-na-nicaragua-mas-projeto-da-sinais-de-que-nao-saira-do-papel.htm, skipping...
[ERROR - 2025-10-25 21:44:34,105 - Worker_2] Status code == 403 for http://pvc.blogosfera.uol.com.br/2016/04/10/fred-e-os-caminhos-para-acabar-com-a-crise-com-o-fluminense/, skipping...
[ERROR - 2025-10-25 21:44:35,060 - Worker_0] Status code == 403 for http://uolesporte.blogosfera.uol.com.br/2016/04/10/cinco-vezes-em-que-cr7-levou-caneta-tem-ate-de-jogador-da-5a-divisao/, skipping...
[ERROR - 2025-10-25 21:44:39,324 - Worker_0] Status code == 403 for http://educacao.uol.com.br/noticias/2016/04/10/enem-seleciona-mais-de-um-quinto-dos-universitarios-no-pais.htm, skipping...
[ERROR - 2025-10-25 21:44:47,022 - Worker_4] Status code == 403 for http://noticias.uol.com.br/ultimas-noticias/reuters/2016/04/11/dois-filhos-de-trump-nao-votarao-na-primaria-de-nova-york.htm, skipping...
[ERROR - 2025-10-25 21:44:47,101 - Worker_3] Status code == 403 for http://tecnologia.uol.com.br/noticias/bbc/2016/04/11/como-ganhar-milhares-de-dolares-buscando-erros-em-programas-de-informatica.htm, skipping...
[ERROR - 2025-10-25 21:44:50,966 - Worker_0] Status code == 403 for http://blogdoico.blogosfera.uol.com.br/2016/04/11/o-sinal-da-vida-da-ferrari-virou-fumaca/, skipping...
[ERROR - 2025-10-25 21:44:51,245 - Worker_4] Status code == 403 for http://uolesporte.blogosfera.uol.com.br/2016/04/11/goleiro-tem-gol-anulado-de-forma-polemica-na-ucrania-assista/, skipping...
[ERROR - 2025-10-25 21:44:51,258 - Worker_3] Status code == 403 for http://noticias.uol.com.br/midiaglobal/nytimes/2016/04/11/a-ultima-esperanca-de-um-condenado-a-prisao-perpetua-nos-eua-que-se-concretizou.htm, skipping...
[ERROR - 2025-10-25 21:44:57,478 - Worker_0] Status code == 403 for http://noticias.uol.com.br/ciencia/ultimas-noticias/redacao/2016/04/11/fossil-de-anfibio-de-260-milhoes-de-anos-e-encontrado-no-rs.htm, skipping...
[ERROR - 2025-10-25 21:45:00,122 - Worker_3] Status code == 403 for http://futebolemnumeros.blogosfera.uol.com.br/2016/04/11/corinthians-tem-melhor-media-de-publico-nos-estaduais/, skipping...
[ERROR - 2025-10-25 21:45:06,633 - Worker_3] Status code == 403 for http://balanacesta.blogosfera.uol.com.br/2016/04/11/especial-kobe-bryant-o-mal-explicado-caso-de-assedio-sexual-no-colorado/, skipping...
[ERROR - 2025-10-25 21:45:07,373 - Worker_1] Status code == 403 for http://blogdomenon.blogosfera.uol.com.br/2016/04/11/diretoria-do-sao-paulo-precisa-sair-do-sofa/, skipping...
[ERROR - 2025-10-25 21:45:16,006 - Worker_2] Status code == 403 for http://noticias.uol.com.br/politica/ultimas-noticias/2016/04/11/relator-do-impeachment-propos-um-projeto-por-mes-em-favor-de-seus-doadores.htm, skipping...
[ERROR - 2025-10-25 21:45:17,619 - Worker_1] Status code == 403 for http://noticias.uol.com.br/ultimas-noticias/agencia-estado/2016/04/11/cet-reduz-velocidade-maxima-para-30-kmh-na-lapa-de-baixo.htm, skipping...
[ERROR - 2025-10-25 21:45:21,795 - Worker_1] Status code == 403 for http://noticias.uol.com.br/tabloide/album/2016/01/07/os-recordes-e-tentativas-de-2016.htm?abrefoto=10, skipping...
[ERROR - 2025-10-25 21:45:22,734 - Worker_2] Status code == 403 for http://educacao.uol.com.br/noticias/agencia-estado/2016/04/11/estado-do-rio-ja-tem-25-escolas-ocupadas-diz-entidade-estudantil.htm, skipping...
[ERROR - 2025-10-25 21:45:26,928 - Worker_2] Status code == 403 for http://noticias.uol.com.br/album/2016/03/22/crise-politica-manifestacoes-contra-o-governo-dilma-rousseff.htm?abrefoto=141, skipping...
[ERROR - 2025-10-25 21:45:43,869 - Worker_0] Status code == 403 for http://blogdojuca.uol.com.br/2016/04/quem-afinal-preside-a-cbf/, skipping...
[ERROR - 2025-10-25 21:46:04,925 - Worker_2] Status code == 403 for http://rodrigomattos.blogosfera.uol.com.br/2016/04/11/fred-e-a-geracao-de-mimados-do-futebol-brasileiro/, skipping...
[ERROR - 2025-10-25 21:46:15,637 - Worker_1] Status code == 403 for http://economia.uol.com.br/empregos-e-carreiras/noticias/redacao/2016/04/11/salario-minimo-em-marco-deveria-ser-de-r-373626-segundo-dieese.htm, skipping...
[ERROR - 2025-10-25 21:46:15,848 - Worker_2] Status code == 403 for http://economia.uol.com.br/noticias/valor-online/2016/04/11/preco-da-cesta-basica-sobe-em-16-capitais-no-mes-de-marco-diz-dieese.htm#fotoNav=2, skipping...
[ERROR - 2025-10-25 21:46:19,906 - Worker_1] Status code == 403 for http://noticias.uol.com.br/saude/ultimas-noticias/estado/2016/04/12/remedio-tem-resultado-promissor-contra-o-zika.htm, skipping...
[ERROR - 2025-10-25 21:46:28,354 - Worker_1] Status code == 403 for http://noticias.uol.com.br/ciencia/ultimas-noticias/bbc/2016/04/12/o-revolucionario-projeto-de-viagem-interestelar-apoiado-por-stephen-hawking-para-tentar-salvar-a-humanidade.htm, skipping...
[ERROR - 2025-10-25 21:46:32,507 - Worker_1] Status code == 403 for http://noticias.uol.com.br/ultimas-noticias/agencia-estado/2016/04/12/governo-vai-recorrer-da-decisao-que-suspendeu-posse-de-ministro-da-justica.htm, skipping...
[ERROR - 2025-10-25 21:46:33,775 - Worker_4] Status code == 403 for http://noticias.uol.com.br/ultimas-noticias/agencia-estado/2016/04/12/apuracao-da-cpi-dos-fundos-de-pensao-contou-com-350-quebras-de-sigilo-bancario.htm, skipping...
[ERROR - 2025-10-25 21:46:44,741 - Worker_4] Status code == 403 for http://noticias.uol.com.br/midiaglobal/nytimes/2016/04/12/opiniao-vazamento-dos-panama-papers-sinaliza-mudanca-no-jornalismo-convencional.htm, skipping...
[ERROR - 2025-10-25 21:46:46,136 - Worker_1] Status code == 403 for http://noticias.uol.com.br/internacional/ultimas-noticias/2016/04/12/pesquisas-apontam-grande-vantagem-de-hillary-e-trump-nas-primarias-de-ny.htm, skipping...
[ERROR - 2025-10-25 21:46:50,327 - Worker_1] Status code == 403 for http://noticias.uol.com.br/politica/ultimas-noticias/2016/04/12/bancada-do-pp-na-camara-anuncia-desembarque-da-base-aliada-do-governo.htm, skipping...
[ERROR - 2025-10-25 21:46:56,085 - Worker_4] Status code == 403 for http://saqueevoleio.blogosfera.uol.com.br/2016/04/12/a-lenda-de-69-anos-que-venceu-um-jogo-profissional-nesta-semana/, skipping...
[ERROR - 2025-10-25 21:46:58,550 - Worker_0] Status code == 403 for http://noticias.uol.com.br/ciencia/ultimas-noticias/redacao/2016/04/12/clique-ciencia-por-que-galinhas-poem-ovos-brancos-vermelhos-e-ate-azuis.htm, skipping...
[ERROR - 2025-10-25 21:46:59,472 - Worker_1] Status code == 403 for http://futebolemnumeros.blogosfera.uol.com.br/2016/04/12/escassez-de-gols-de-falta-nos-grandes-clubes-do-brasil/, skipping...
[ERROR - 2025-10-25 21:47:00,031 - Worker_2] Status code == 403 for http://uolesporte.blogosfera.uol.com.br/2016/04/12/um-exercicio-um-beijo-assim-o-garay-treina-para-voltar-a-selecao/, skipping...
[ERROR - 2025-10-25 21:47:00,244 - Worker_4] Status code == 403 for http://noticias.uol.com.br/album/2016/03/22/crise-politica-manifestacoes-contra-o-governo-dilma-rousseff.htm?abrefoto=150, skipping...
[ERROR - 2025-10-25 21:47:06,061 - Worker_1] Status code == 403 for http://economia.uol.com.br/cotacoes/noticias/redacao/2016/04/12/bolsa-sobe-366-e-fecha-no-maior-nivel-em-quase-9-meses-vale-salta-11.htm, skipping...
[ERROR - 2025-10-25 21:47:06,719 - Worker_3] Status code == 403 for http://fernandorodrigues.blogosfera.uol.com.br/2016/04/12/maluf-que-agora-apoia-o-impeachment-deixa-a-lista-vermelha-da-interpol/, skipping...
[ERROR - 2025-10-25 21:47:07,701 - Worker_0] Status code == 403 for http://noticias.uol.com.br/album/album-do-dia/2016/04/12/imagens-do-dia---12-de-abril-de-2016.htm?abrefoto=9, skipping...
[ERROR - 2025-10-25 21:47:10,397 - Worker_4] Failed to connect with http://ladobi.uol.com.br/2016/04/meninas-superpoderosas-unicornio-trans/ after 3 attempts, skipping...
[ERROR - 2025-10-25 21:47:16,946 - Worker_4] Status code == 403 for http://negociosdoesporte.blogosfera.uol.com.br/2016/04/12/o-que-fizemos-nos-ultimos-tres-meses/, skipping...
[ERROR - 2025-10-25 21:47:19,328 - Worker_0] Status code == 403 for http://noticias.uol.com.br/ultimas-noticias/agencia-brasil/2016/04/12/camara-recorre-ao-stf-contra-a-abertura-de-impeachment-de-temer.htm, skipping...
[ERROR - 2025-10-25 21:47:20,805 - Worker_3] Status code == 403 for http://noticias.uol.com.br/politica/ultimas-noticias/2016/04/12/lava-jato-investiga-paroquia-que-recebeu-pagamento-de-empreiteira-no-df.htm, skipping...
[ERROR - 2025-10-25 21:47:27,263 - Worker_3] Status code == 403 for http://economia.uol.com.br/cotacoes/noticias/redacao/2016/04/12/dolar-fecha-quase-estavel-a-r-3495-com-cena-politica-e-acao-do-bc.htm, skipping...
[ERROR - 2025-10-25 21:47:31,456 - Worker_3] Status code == 403 for http://noticias.uol.com.br/politica/ultimas-noticias/2016/04/12/votacao-do-impeachment-e-marcada-para-14h-do-domingo.htm, skipping...
[ERROR - 2025-10-25 21:47:32,550 - Worker_0] Status code == 403 for http://noticias.uol.com.br/ultimas-noticias/agencia-estado/2016/04/12/com-22-deputados-prb-fecha-questao-a-favor-do-impeachment.htm, skipping...
[ERROR - 2025-10-25 21:47:33,209 - Worker_4] Status code == 403 for http://noticias.uol.com.br/ultimas-noticias/agencia-estado/2016/04/12/cpi-dos-fundos-de-pensao-aponta-prejuizos-de-r-426-bi-em-15-casos.htm, skipping...
[ERROR - 2025-10-25 21:47:37,376 - Worker_4] Status code == 403 for http://noticias.uol.com.br/politica/ultimas-noticias/2016/04/12/dilma-encontro-da-educacao.htm, skipping...
[ERROR - 2025-10-25 21:47:40,296 - Worker_1] Status code == 403 for http://blogdojuca.uol.com.br/2016/04/advogados-brasileiros-contestam-nos-estados-unidos-a-renuncia-de-marin-na-cbf/, skipping...
[ERROR - 2025-10-25 21:47:47,355 - Worker_2] Status code == 403 for http://noticias.uol.com.br/ultimas-noticias/agencia-estado/2016/04/12/rodoanel-mp-apura-fraude-em-desapropriacoes.htm, skipping...
[ERROR - 2025-10-25 21:47:54,742 - Worker_1] Status code == 403 for http://futebolemnumeros.blogosfera.uol.com.br/2016/04/13/cristiano-ronaldo-maior-artilheiro-da-europa-em-201516/, skipping...
[ERROR - 2025-10-25 21:48:27,997 - Worker_1] Status code == 403 for http://paginacinco.blogosfera.uol.com.br/2016/04/13/william-douglas-o-juiz-federal-que-ja-vendeu-mais-de-1-milhao-de-livros/, skipping...
[ERROR - 2025-10-25 21:48:32,258 - Worker_1] Status code == 403 for http://noticias.uol.com.br/cotidiano/ultimas-noticias/2016/04/13/veja-os-numeros-da-mega-sena-premio-pode-chegar-a-r-50-milhoes.htm, skipping...
[ERROR - 2025-10-25 21:48:41,236 - Worker_1] Status code == 403 for http://blogdomenon.blogosfera.uol.com.br/2016/04/13/sampaoli-e-del-nero-o-gala-sao-como-agua-e-vinho/, skipping...
[ERROR - 2025-10-25 21:48:48,926 - Worker_3] Status code == 403 for http://pvc.blogosfera.uol.com.br/2016/04/13/toluca-e-trujillanos-deixam-sao-paulo-e-gremio-mais-proximos-das-oitavas/, skipping...
[ERROR - 2025-10-25 21:48:49,162 - Worker_0] Status code == 403 for http://noticias.uol.com.br/ultimas-noticias/agencia-estado/2016/04/13/supremo-vai-intermediar-negociacao-entre-uniao-e-estados.htm, skipping...
[ERROR - 2025-10-25 21:48:53,353 - Worker_0] Status code == 403 for http://noticias.uol.com.br/ultimas-noticias/agencia-estado/2016/04/13/kassab-informa-dilma-sobre-decisao-do-psd-a-favor-do-impeachment.htm, skipping...
[ERROR - 2025-10-25 21:49:01,421 - Worker_1] Status code == 403 for http://noticias.uol.com.br/ultimas-noticias/agencia-estado/2016/04/13/camara-de-sp-vai-reavaliar-supersalarios.htm, skipping...
[ERROR - 2025-10-25 21:49:05,597 - Worker_1] Status code == 403 for http://noticias.uol.com.br/ultimas-noticias/agencia-estado/2016/04/13/senadores-da-ccj-aprovam-fim-da-reeleicao-para-cargos-no-executivo.htm, skipping...
[ERROR - 2025-10-25 21:49:05,876 - Worker_2] Status code == 403 for http://noticias.uol.com.br/ultimas-noticias/agencia-estado/2016/04/13/stf-agenda-para-27-de-abril-julgamento-de-merito-sobre-dividas-de-estados.htm, skipping...
[ERROR - 2025-10-25 21:49:10,037 - Worker_2] Status code == 403 for http://noticias.uol.com.br/saude/ultimas-noticias/redacao/2016/04/13/autoridades-de-saude-dos-eua-declaram-virus-da-zika-causa-de-microcefalia.htm, skipping...
[ERROR - 2025-10-25 21:49:21,782 - Worker_1] Status code == 403 for http://noticias.uol.com.br/politica/ultimas-noticias/2016/04/13/temer-pede-para-se-defender-separadamente-de-dilma-no-tse.htm, skipping...
[ERROR - 2025-10-25 21:49:25,966 - Worker_1] Status code == 403 for http://noticias.uol.com.br/politica/ultimas-noticias/2016/04/13/posse-ministro-justica.htm, skipping...
[ERROR - 2025-10-25 21:49:30,809 - Worker_3] Status code == 403 for http://josiasdesouza.blogosfera.uol.com.br/2016/04/13/pacto-de-dilma-e-dialogo-entre-cegos-e-surdos/, skipping...
[ERROR - 2025-10-25 21:49:34,545 - Worker_0] Status code == 403 for http://noticias.uol.com.br/midiaglobal/nytimes/2016/04/13/suicidios-abalam-comunidade-indigena-no-canada.htm, skipping...
[ERROR - 2025-10-25 21:49:41,734 - Worker_2] Status code == 403 for http://fernandorodrigues.blogosfera.uol.com.br/2016/04/13/dilma-diz-que-luta-ate-o-ultimo-minuto-fala-em-vencer-e-propor-pacto/, skipping...
[ERROR - 2025-10-25 21:49:46,858 - Worker_0] Status code == 403 for http://uolesportevetv.blogosfera.uol.com.br/2016/04/13/telespectadores-cornetam-galvao-por-torcer-pelo-barcelona/, skipping...
[ERROR - 2025-10-25 21:49:48,798 - Worker_2] Status code == 403 for http://noticias.uol.com.br/ultimas-noticias/agencia-estado/2016/04/13/nao-sou-cartomante-para-fazer-previsoes-sobre-impeachment-diz-renan.htm, skipping...
[ERROR - 2025-10-25 21:49:51,206 - Worker_0] Status code == 403 for http://uolesporte.blogosfera.uol.com.br/2016/04/13/juventude-da-presente-para-casal-flagrado-passando-por-dr-durante-jogo/, skipping...
[ERROR - 2025-10-25 21:49:52,983 - Worker_2] Status code == 403 for http://noticias.uol.com.br/ultimas-noticias/agencia-estado/2016/04/13/o-pacto-que-a-presidente-propoe-vem-tardiamente-diz-aecio-neves.htm, skipping...
[ERROR - 2025-10-25 21:49:57,201 - Worker_2] Status code == 403 for http://noticias.uol.com.br/ultimas-noticias/agencia-estado/2016/04/13/stf-livra-deputado-petista-de-acao-por-uso-indevido-de-verba-publica.htm, skipping...
[ERROR - 2025-10-25 21:50:04,074 - Worker_3] Failed to connect with http://paranaportal.uol.com.br/blog/2016/04/13/empresas-aereas-reduzem-voos-em-suposta-retaliacao-por-icms-no-parana/ after 3 attempts, skipping...
[ERROR - 2025-10-25 21:50:05,068 - Worker_4] Status code == 403 for http://noticias.uol.com.br/ultimas-noticias/agencia-estado/2016/04/14/sessao-da-camara-acaba-em-tumulto-por-causa-da-criacao-da-frente-pela-democracia.htm, skipping...
[ERROR - 2025-10-25 21:50:08,371 - Worker_3] Status code == 403 for http://mauriciostycer.blogosfera.uol.com.br/2016/04/14/uol-ve-tv-10-razoes-que-explicam-o-sucesso-de-eta-mundo-bom/, skipping...
[ERROR - 2025-10-25 21:50:12,020 - Worker_4] Status code == 403 for http://uolesportevetv.blogosfera.uol.com.br/2016/04/14/sao-paulo-iguala-corinthians-como-recorde-de-audiencia-da-libertadores/, skipping...
[ERROR - 2025-10-25 21:50:12,631 - Worker_3] Status code == 403 for http://blogdoboleiro.blogosfera.uol.com.br/2016/04/14/de-leon-e-o-nacional-desfalcado-em-futebol-cada-um-pensa-em-si-mesmo/, skipping...
[ERROR - 2025-10-25 21:50:15,789 - Worker_1] Status code == 403 for http://noticias.uol.com.br/politica/ultimas-noticias/2016/04/14/votacao-do-impeachment-nao-vai-influenciar-processo-contra-cunha-diz-presidente-do-conselho-de-etica.htm, skipping...
[ERROR - 2025-10-25 21:50:18,814 - Worker_4] Status code == 403 for http://blogdojuliogomes.blogosfera.uol.com.br/2016/04/14/quem-quer-enfrentar-quem-nas-semifinais-da-champions/, skipping...
[ERROR - 2025-10-25 21:50:26,801 - Worker_3] Status code == 403 for http://noticias.uol.com.br/ultimas-noticias/agencia-estado/2016/04/14/hospital-de-sp-tera-de-indenizar-casais-que-tiveram-filhas-trocadas.htm, skipping...
[ERROR - 2025-10-25 21:50:31,012 - Worker_3] Status code == 403 for http://noticias.uol.com.br/midiaglobal/lemonde/2016/04/14/juventude-sul-coreana-procura-seu-lugar-na-politica.htm, skipping...
[ERROR - 2025-10-25 21:50:35,179 - Worker_3] Status code == 403 for http://noticias.uol.com.br/ultimas-noticias/agencia-estado/2016/04/14/moro-sequestra-casa-onde-vive-mae-de-dirceu.htm, skipping...
[ERROR - 2025-10-25 21:50:44,150 - Worker_3] Status code == 403 for http://noticias.uol.com.br/saude/ultimas-noticias/estado/2016/04/14/oms-confirma-que-zika-causa-microcefalia.htm, skipping...
[ERROR - 2025-10-25 21:50:46,400 - Worker_2] Status code == 403 for http://blogdorafaelreis.blogosfera.uol.com.br/2016/04/14/1502/, skipping...
[ERROR - 2025-10-25 21:50:50,706 - Worker_2] Status code == 403 for http://educacao.uol.com.br/noticias/2016/04/14/professores-em-greve-ocupam-secretaria-de-fazenda-do-rj.htm, skipping...
[ERROR - 2025-10-25 21:50:55,074 - Worker_2] Status code == 403 for http://futebolemnumeros.blogosfera.uol.com.br/2016/04/13/calleri-entre-os-10-maiores-artilheiros-do-sao-paulo-em-libertadores/, skipping...
[ERROR - 2025-10-25 21:51:01,712 - Worker_3] Failed to connect with http://paranaportal.uol.com.br/blog/2016/04/14/contas-bloqueadas-de-gim-argello-estao-quase-zeradas/ after 3 attempts, skipping...
[ERROR - 2025-10-25 21:51:05,950 - Worker_3] Status code == 403 for http://matias.blogosfera.uol.com.br/2016/04/14/como-a-crise-politica-brasileira-esta-fazendo-a-cena-musical-se-organizar/, skipping...
[ERROR - 2025-10-25 21:51:31,819 - Worker_2] Status code == 403 for http://blogdoico.blogosfera.uol.com.br/2016/04/15/cinco-temas-da-sexta-que-indicam-um-gp-da-china-emocionante/, skipping...
[ERROR - 2025-10-25 21:51:34,983 - Worker_1] Status code == 403 for http://blogdosakamoto.blogosfera.uol.com.br/2016/04/15/impeachment-quando-esta-guerra-acabar-vao-sobrar-as-baratas/, skipping...
[ERROR - 2025-10-25 21:51:47,391 - Worker_0] Status code == 403 for http://blogdojuliogomes.blogosfera.uol.com.br/2016/04/15/a-hora-de-ver-se-guardiola-encontrou-solucoes/, skipping...
[ERROR - 2025-10-25 21:52:21,703 - Worker_3] Status code == 403 for http://doutorjairo.blogosfera.uol.com.br/2016/04/15/circuncisao-nao-diminui-sensibilidade-do-penis-diz-pesquisa/, skipping...
[ERROR - 2025-10-25 21:52:46,071 - Worker_4] Status code == 403 for http://josiasdesouza.blogosfera.uol.com.br/2016/04/15/roseana-sarney-pede-votos-pro-impeachment/, skipping...
[ERROR - 2025-10-25 21:52:49,322 - Worker_2] Failed to connect with http://carsale.uol.com.br/lancamentos/2016/04/14/fiat-mobi-e-volkswagen-up-se-enfrentam-em-versoes-com-apelo-aventureiro/ after 3 attempts, skipping...
[ERROR - 2025-10-25 21:52:55,988 - Worker_2] Status code == 403 for http://futebolemnumeros.blogosfera.uol.com.br/2016/04/15/robinho-supera-neymar-e-ceni-em-gols-pela-libertadores/, skipping...
[ERROR - 2025-10-25 21:53:04,804 - Worker_2] Status code == 403 for http://nilsonxavier.blogosfera.uol.com.br/2016/04/14/com-eta-mundo-bom-carrasco-devolve-a-telenovela-sua-funcao-catalisadora/, skipping...
[ERROR - 2025-10-25 21:53:14,739 - Worker_0] Status code == 403 for http://tecnologia.uol.com.br/noticias/redacao/2016/04/14/veja-quais-os-planos-de-sua-operadora-para-o-limite-da-internet-fixa.htm, skipping...
[ERROR - 2025-10-25 21:53:19,950 - Worker_3] Status code == 403 for http://blogdoperrone.blogosfera.uol.com.br/2016/04/defesa-de-neymar-acusa-dis-de-tentar-atingir-sua-imagem-com-apreensao/, skipping...
[ERROR - 2025-10-25 21:53:26,281 - Worker_2] Status code == 403 for http://uolesporte.blogosfera.uol.com.br/2016/04/15/5-golacos-que-marcaram-a-passagem-de-casagrande-pela-europa/, skipping...
[ERROR - 2025-10-25 21:53:26,440 - Worker_3] Status code == 403 for http://noticias.uol.com.br/album/album-do-dia/2016/04/15/imagens-do-dia---15-de-abril-de-2016.htm?abrefoto=8, skipping...
[ERROR - 2025-10-25 21:53:29,645 - Worker_1] Status code == 403 for http://noticias.uol.com.br/midiaglobal/lemonde/2016/04/16/com-obama-eua-abandonam-de-vez-ambicao-de-mediacao-no-conflito-israelo-palestino.htm, skipping...
[ERROR - 2025-10-25 21:53:30,453 - Worker_2] Status code == 403 for http://noticias.uol.com.br/politica/ultimas-noticias/2016/04/16/oposicao-acusa-governo-de-dar-terras-por-votos-do-amapa-contra-impeachment.htm, skipping...
[ERROR - 2025-10-25 21:53:32,982 - Worker_3] Status code == 403 for http://noticias.uol.com.br/ao-vivo/2016/04/16/acompanhe-as-discussoes-da-camara-sobre-o-impeachment.htm, skipping...
[ERROR - 2025-10-25 21:53:39,524 - Worker_3] Status code == 403 for http://noticias.uol.com.br/ultimas-noticias/agencia-brasil/2016/04/16/cunha-nega-que-motivacao-do-impeachment-seja-torna-lo-vice-presidente-do-brasil.htm, skipping...
[ERROR - 2025-10-25 21:53:41,919 - Worker_2] Status code == 403 for http://blogdosakamoto.blogosfera.uol.com.br/2016/04/16/governo-temer-ou-como-transformar-a-clt-em-confete-e-serpentina/, skipping...
[ERROR - 2025-10-25 21:53:46,355 - Worker_2] Status code == 403 for http://blogdomariomagalhaes.blogosfera.uol.com.br/2016/04/16/a-declaracao-mais-hipocrita-da-crise-ha-mais-de-um-mes-eu-me-recolhi/, skipping...
[ERROR - 2025-10-25 21:53:49,631 - Worker_4] Status code == 403 for http://noticias.uol.com.br/album/2016/04/15/sessao-da-camara-define-avanco-do-impeachment.htm?abrefoto=47, skipping...
[ERROR - 2025-10-25 21:53:50,519 - Worker_2] Status code == 403 for http://noticias.uol.com.br/ultimas-noticias/reuters/2016/04/16/peru-anuncia-1o-caso-de-transmissao-sexual-de-virus-zika.htm, skipping...
[ERROR - 2025-10-25 21:53:53,799 - Worker_4] Status code == 403 for http://noticias.uol.com.br/album/2016/04/15/decisao-do-impeachment-intensifica-protestos-pelo-brasil.htm?abrefoto=60, skipping...
[ERROR - 2025-10-25 21:53:56,406 - Worker_3] Status code == 403 for http://blogdorafaelreis.blogosfera.uol.com.br/2016/04/16/simeone-e-o-felipao-que-entende-o-futebol-moderno/, skipping...
[ERROR - 2025-10-25 21:53:59,913 - Worker_2] Status code == 403 for http://noticias.uol.com.br/ultimas-noticias/reuters/2016/04/16/japao-esvazia-milhares-de-casas-apos-terremoto-buscas-por-sobreviventes-continuam.htm, skipping...
[ERROR - 2025-10-25 21:54:04,293 - Worker_2] Status code == 403 for http://uolesporte.blogosfera.uol.com.br/2016/04/16/torcedores-invadem-campo-e-entram-em-conflito-na-irlanda/, skipping...
[ERROR - 2025-10-25 21:54:13,884 - Worker_4] Status code == 403 for http://noticias.uol.com.br/politica/ultimas-noticias/2016/04/16/oposicao-fecha-acordo-para-garantir-votacao-do-impeachment-no-domingo.htm, skipping...
[ERROR - 2025-10-25 21:54:25,288 - Worker_2] Status code == 403 for http://noticias.uol.com.br/ultimas-noticias/agencia-estado/2016/04/16/aecio-acusa-dilma-de-mentir-em-video-e-diz-que-esperava-um-mea-culpa.htm, skipping...
[ERROR - 2025-10-25 21:54:29,491 - Worker_2] Status code == 403 for http://vinteum.blogosfera.uol.com.br/2016/04/16/paul-george-volta-a-colocar-toronto-em-estado-de-choque/, skipping...
[ERROR - 2025-10-25 21:54:30,716 - Worker_3] Status code == 403 for http://blogdojuca.uol.com.br/2016/04/corinthians-voa-sobre-o-red-bull/, skipping...
[ERROR - 2025-10-25 21:54:51,994 - Worker_4] Status code == 403 for http://uolesporte.blogosfera.uol.com.br/2016/04/16/escoces-quer-esnobar-com-cavadinha-e-faz-papelao-depois-se-redime/, skipping...
[ERROR - 2025-10-25 21:54:52,124 - Worker_2] Status code == 403 for http://mauriciostycer.blogosfera.uol.com.br/2016/04/16/nos-bastidores-de-velho-chico-fagundes-e-fafa-e-diretor-e-faz-tudo/, skipping...
[ERROR - 2025-10-25 21:54:57,259 - Worker_1] Status code == 403 for http://blogdojuca.uol.com.br/2016/04/sao-bento-e-pouco-para-tanto-santos/, skipping...
[ERROR - 2025-10-25 21:55:00,878 - Worker_2] Status code == 403 for http://noticias.uol.com.br/ao-vivo/2016/04/16/acompanhe-as-discussoes-da-camara-sobre-o-impeachment.htm, skipping...
[ERROR - 2025-10-25 21:55:02,266 - Worker_0] Status code == 403 for http://tecnologia.uol.com.br/noticias/redacao/2016/04/14/veja-quais-os-planos-de-sua-operadora-para-o-limite-da-internet-fixa.htm, skipping...
[ERROR - 2025-10-25 21:55:04,485 - Worker_1] Status code == 404 for http://esporte.uol.com.br/f1/ultimas-noticias/2016/04/17/apos-tres-vitorias-nico-rosberg-chega-a-marca-que-so-campeoes-atingiram.htm, skipping...
[ERROR - 2025-10-25 21:55:08,335 - Worker_3] Status code == 403 for http://noticias.uol.com.br/politica/ultimas-noticias/2016/04/17/deputado-renuncia-a-presidencia-do-pr-para-votar-em-favor-do-impeachment.htm, skipping...
[ERROR - 2025-10-25 21:55:12,495 - Worker_3] Status code == 403 for http://noticias.uol.com.br/ultimas-noticias/bbc/2016/04/17/aviao-com-132-passageiros-acerta-drone-antes-de-pouso-em-londres.htm, skipping...
[ERROR - 2025-10-25 21:55:15,105 - Worker_0] Status code == 404 for http://esporte.uol.com.br/f1/ultimas-noticias/2016/04/17/apos-toque-vettel-se-irrita-com-torpedo-kvyat-e-bate-boca-com-russo.htm, skipping...
[ERROR - 2025-10-25 21:55:23,674 - Worker_1] Status code == 403 for http://noticias.uol.com.br/midiaglobal/nytimes/2016/04/17/em-meio-ao-avanco-do-taleban-em-provincia-general-afegao-planta-flores-em-base.htm, skipping...
[ERROR - 2025-10-25 21:55:34,809 - Worker_2] Status code == 403 for http://blogdomenon.blogosfera.uol.com.br/2016/04/17/vexame-em-osasco-impede-tragedia-em-itaquera/, skipping...
[ERROR - 2025-10-25 21:55:39,065 - Worker_4] Status code == 403 for http://noticias.uol.com.br/ultimas-noticias/agencia-estado/2016/04/17/oposicao-ja-contabiliza-sete-votos-contra-dilma-de-deputados-que-mudaram-de-lado.htm, skipping...
[ERROR - 2025-10-25 21:55:40,322 - Worker_1] Status code == 403 for http://noticias.uol.com.br/album/2016/04/15/sessao-da-camara-define-avanco-do-impeachment.htm?abrefoto=71#fotoNav=72, skipping...
[ERROR - 2025-10-25 21:55:43,245 - Worker_4] Status code == 403 for http://noticias.uol.com.br/internacional/ultimas-noticias/2016/04/17/saldo-de-mortos-em-terremoto-no-equador-ultrapassa-200.htm, skipping...
[ERROR - 2025-10-25 21:55:44,535 - Worker_1] Status code == 403 for http://uolesporte.blogosfera.uol.com.br/2016/04/17/jadson-faz-golaco-de-falta-e-time-de-luxa-vence-outra-na-china/, skipping...
[ERROR - 2025-10-25 21:55:53,438 - Worker_1] Status code == 403 for http://noticias.uol.com.br/politica/ultimas-noticias/2016/04/17/deputado-governista-ja-admite-derrota-na-camara.htm, skipping...
[ERROR - 2025-10-25 21:56:01,058 - Worker_2] Status code == 403 for http://uolesporte.blogosfera.uol.com.br/2016/04/17/goleiro-italiano-faz-gol-contra-ridiculo-o-pior-do-dia/, skipping...
[ERROR - 2025-10-25 21:56:02,510 - Worker_3] Status code == 403 for http://uolesportevetv.blogosfera.uol.com.br/2016/04/17/comentarista-do-sportv-exalta-ricos-e-causa-polemica-em-redes-sociais/, skipping...
[ERROR - 2025-10-25 21:56:03,710 - Worker_4] Status code == 403 for http://blogdoico.blogosfera.uol.com.br/2016/04/17/historico-da-o-titulo-deste-ano-para-nico-rosberg/, skipping...
[ERROR - 2025-10-25 21:56:05,171 - Worker_2] Status code == 403 for http://noticias.uol.com.br/ao-vivo/2016/03/18/ultimas-noticias-da-crise-politica.htm, skipping...
[ERROR - 2025-10-25 21:56:06,675 - Worker_3] Status code == 403 for http://noticias.uol.com.br/album/2016/04/17/3x4-a-cara-das-manifestacoes.htm?abrefoto=2, skipping...
[ERROR - 2025-10-25 21:56:09,755 - Worker_2] Status code == 403 for http://tecnologia.uol.com.br/noticias/redacao/2016/04/14/veja-quais-os-planos-de-sua-operadora-para-o-limite-da-internet-fixa.htm, skipping...
[ERROR - 2025-10-25 21:56:10,856 - Worker_3] Status code == 403 for http://noticias.uol.com.br/politica/ultimas-noticias/2016/04/17/ex-ministro-de-dilma-surpreende-e-amazonas-e-o-primeiro-estado-100-a-favor-do-impeachment.htm, skipping...
[ERROR - 2025-10-25 21:56:13,941 - Worker_2] Status code == 403 for http://noticias.uol.com.br/ultimas-noticias/agencia-estado/2016/04/17/sistema-cantareira-sofre-primeira-queda-em-quase-6-meses.htm, skipping...
[ERROR - 2025-10-25 21:56:20,442 - Worker_4] Status code == 403 for http://noticias.uol.com.br/ultimas-noticias/agencia-estado/2016/04/18/dilma-reconduz-pansera-castro-e-patrus-ananias-e-confirma-exoneracao-de-kassab.htm, skipping...
[ERROR - 2025-10-25 21:56:24,691 - Worker_4] Status code == 403 for http://economia.uol.com.br/noticias/redacao/2016/04/18/ouca-o-giro-uol-economia-com-os-destaques-desta-segunda-18-de-abril.htm, skipping...
[ERROR - 2025-10-25 21:56:24,706 - Worker_3] Status code == 403 for http://economia.uol.com.br/cotacoes/noticias/redacao/2016/04/18/dolar-sobe-2-e-fecha-a-r-3597-apos-avanco-de-impeachment-e-acao-do-bc.htm, skipping...
[ERROR - 2025-10-25 21:56:27,240 - Worker_0] Status code == 403 for http://economia.uol.com.br/imposto-de-renda/noticias/redacao/2016/04/17/como-declarar-processo-trabalhista-e-honorarios-do-advogado-no-ir-2016.htm, skipping...
[ERROR - 2025-10-25 21:56:28,843 - Worker_4] Status code == 403 for http://economia.uol.com.br/noticias/reuters/2016/04/18/venda-de-imoveis-residenciais-na-capital-paulista-sobe-em-fevereiro-mas-lancamentos-despencam.htm, skipping...
[ERROR - 2025-10-25 21:56:28,909 - Worker_3] Status code == 403 for http://noticias.uol.com.br/album/album-do-dia/2016/04/18/imagens-do-dia---18-de-abril-de-2016.htm?abrefoto=13, skipping...
[ERROR - 2025-10-25 21:56:30,000 - Worker_1] Status code == 403 for http://blogdojuca.uol.com.br/2016/04/vasco-sobra-em-manaus-campeao-invicto-da-taca-guanabara/, skipping...
[ERROR - 2025-10-25 21:56:35,456 - Worker_3] Status code == 403 for http://educacao.uol.com.br/colunas/guilherme-cabral/2016/04/18/vamos-falar-sobre-a-educacao-politica-das-criancas.htm, skipping...
[ERROR - 2025-10-25 21:56:37,549 - Worker_4] Status code == 403 for http://noticias.uol.com.br/album/album-do-dia/2016/04/18/imagens-do-dia---18-de-abril-de-2016.htm?abrefoto=10, skipping...
[ERROR - 2025-10-25 21:56:37,628 - Worker_2] Status code == 403 for http://noticias.uol.com.br/ultimas-noticias/agencia-brasil/2016/04/18/samarco-pede-reconsideracao-de-decisao-sobre-vazamentos-de-rejeitos.htm, skipping...
[ERROR - 2025-10-25 21:56:38,212 - Worker_0] Status code == 403 for http://noticias.uol.com.br/saude/ultimas-noticias/bbc/2016/03/29/o-que-comer-e-o-que-evitar-para-dormir-bem.htm, skipping...
[ERROR - 2025-10-25 21:56:38,805 - Worker_1] Status code == 403 for http://noticias.uol.com.br/politica/ultimas-noticias/2016/04/17/jean-wyllys-cospe-em-bolsonaro-e-diz-que-faria-de-novo.htm, skipping...
[ERROR - 2025-10-25 21:56:39,674 - Worker_3] Status code == 403 for http://blogdorafaelreis.blogosfera.uol.com.br/2016/04/18/1487/, skipping...
[ERROR - 2025-10-25 21:56:41,711 - Worker_4] Status code == 403 for http://noticias.uol.com.br/politica/ultimas-noticias/2016/04/17/conheca-os-cinco-homens-fortes-que-cercam-o-vice-presidente-michel-temer.htm, skipping...
[ERROR - 2025-10-25 21:56:42,386 - Worker_0] Status code == 403 for http://noticias.uol.com.br/ultimas-noticias/agencia-brasil/2016/04/18/cunha-camara-nao-votara-projetos-enquanto-senado-nao-decidir-sobre-impeachment.htm, skipping...
[ERROR - 2025-10-25 21:56:43,852 - Worker_3] Status code == 403 for http://noticias.uol.com.br/ultimas-noticias/redacao/2016/04/18/giro-uol-traz-os-destaques-da-noite-desta-segunda-1804-para-voce-ouca.htm, skipping...
[ERROR - 2025-10-25 21:56:45,839 - Worker_4] Status code == 403 for http://noticias.uol.com.br/ultimas-noticias/agencia-estado/2016/04/18/pt-fluminense-rompe-alianca-com-pmdb-e-anuncia-apoio-a-jandira-feghali.htm, skipping...
[ERROR - 2025-10-25 21:56:46,141 - Worker_2] Status code == 403 for http://noticias.uol.com.br/ultimas-noticias/agencia-estado/2016/04/18/presidente-e-relator-da-comissao-do-impeachment-tem-que-ser-eleitos-diz-renan.htm, skipping...
[ERROR - 2025-10-25 21:56:47,469 - Worker_1] Status code == 403 for http://noticias.uol.com.br/album/album-do-dia/2016/04/18/imagens-do-dia---18-de-abril-de-2016.htm?abrefoto=7, skipping...
[ERROR - 2025-10-25 21:56:51,563 - Worker_1] Status code == 403 for http://noticias.uol.com.br/ultimas-noticias/deutschewelle/2016/04/18/cientistas-descartam-conexao-entre-terremotos-no-equador-e-no-japao.htm, skipping...
[ERROR - 2025-10-25 21:56:52,664 - Worker_2] Status code == 403 for http://noticias.uol.com.br/ultimas-noticias/reuters/2016/04/18/tcu-ve-irregularidades-graves-em-angra-3-e-ameaca-punir-construtoras.htm, skipping...
[ERROR - 2025-10-25 21:56:55,283 - Worker_4] Status code == 403 for http://abiliodiniz.blogosfera.uol.com.br/2016/04/18/sao-paulo-da-vexame-e-sai-do-paulista/, skipping...
[ERROR - 2025-10-25 21:56:55,751 - Worker_1] Status code == 403 for http://noticias.uol.com.br/ultimas-noticias/agencia-estado/2016/04/18/alunos-ja-ocupam-54-escolas-estaduais-no-rio.htm, skipping...
[ERROR - 2025-10-25 21:56:56,844 - Worker_2] Status code == 403 for http://noticias.uol.com.br/internacional/ultimas-noticias/2016/04/18/numero-de-mortos-apos-terremoto-no-equador-chega-a-413.htm, skipping...
[ERROR - 2025-10-25 21:56:57,436 - Worker_3] Status code == 403 for http://blogdoboleiro.blogosfera.uol.com.br/2016/04/17/corinthians-ja-sabia-vencer-o-audax-requer-organizacao-e-preparo-fisico/, skipping...
[ERROR - 2025-10-25 21:57:05,642 - Worker_4] Failed to connect with http://paranaportal.uol.com.br/blog/2016/04/18/cervero-confirma-que-cunha-interferiu-para-que-propina-fosse-paga/ after 3 attempts, skipping...
[ERROR - 2025-10-25 21:57:06,287 - Worker_3] Status code == 403 for http://noticias.uol.com.br/saude/ultimas-noticias/estado/2016/04/18/especialista-alerta-para-a-negligencia-com-doencas-associadas-ao-aedes.htm, skipping...
[ERROR - 2025-10-25 21:57:10,276 - Worker_2] Status code == 403 for http://noticias.uol.com.br/ao-vivo/2016/03/18/ultimas-noticias-da-crise-politica.htm, skipping...
[ERROR - 2025-10-25 21:57:10,738 - Worker_3] Status code == 403 for http://josiasdesouza.blogosfera.uol.com.br/2016/04/18/impeachment-de-dilma-e-maior-derrota-de-lula/, skipping...
[ERROR - 2025-10-25 21:57:15,032 - Worker_4] Status code == 403 for http://noticias.uol.com.br/politica/ultimas-noticias/2016/04/18/dilma-discursa-apos-camara-dos-deputados-votar-a-favor-do-impeachment.htm, skipping...
[ERROR - 2025-10-25 21:57:19,303 - Worker_4] Status code == 404 for http://futebol.placar.esporte.uol.com.br/futebol/paulista/2016/04/18/palmeiras-x-sao-bernardo.htm, skipping...
[ERROR - 2025-10-25 21:57:21,899 - Worker_3] Status code == 403 for http://noticias.uol.com.br/ultimas-noticias/agencia-estado/2016/04/18/pt-pede-ao-supremo-que-declare-coercitiva-incompativel-com-a-constituicao.htm, skipping...
[ERROR - 2025-10-25 21:57:26,050 - Worker_3] Status code == 403 for http://noticias.uol.com.br/ultimas-noticias/afp/2016/04/19/sobe-para-480-o-numero-de-mortos-apos-terremoto-no-equador.htm, skipping...
[ERROR - 2025-10-25 21:57:26,174 - Worker_1] Status code == 403 for http://noticias.uol.com.br/ultimas-noticias/agencia-estado/2016/04/19/conselho-nega-pedido-da-samarco-para-nao-pagar-r-112-milhoes.htm, skipping...
[ERROR - 2025-10-25 21:57:30,535 - Worker_1] Status code == 403 for http://maurobeting.blogosfera.uol.com.br/2016/04/19/valle-de-saudade-dois-anos-sem-luciano/, skipping...
[ERROR - 2025-10-25 21:57:32,587 - Worker_3] Status code == 403 for http://noticias.uol.com.br/ultimas-noticias/agencia-estado/2016/04/19/e-de-chorar-de-vergonha-diz-joaquim-barbosa-sobre-votacao-do-impeachment.htm, skipping...
[ERROR - 2025-10-25 21:57:37,758 - Worker_4] Status code == 403 for http://noticias.uol.com.br/politica/ultimas-noticias/2016/04/17/conheca-os-cinco-homens-fortes-que-cercam-o-vice-presidente-michel-temer.htm, skipping...
[ERROR - 2025-10-25 21:57:44,045 - Worker_1] Status code == 403 for http://blogdorafaelreis.blogosfera.uol.com.br/2016/04/19/uno-pastor-e-familia-ex-sao-paulo-conta-rotina-de-brasileiros-na-bulgaria, skipping...
[ERROR - 2025-10-25 21:57:46,470 - Worker_0] Status code == 403 for http://josiasdesouza.blogosfera.uol.com.br/2016/04/19/dilma-critica-impeachment-sem-olhar-para-o-pt/, skipping...
[ERROR - 2025-10-25 21:57:48,177 - Worker_1] Status code == 403 for http://noticias.uol.com.br/album/album-do-dia/2016/04/19/imagens-do-dia---19-de-abril-de-2016.htm?abrefoto=8, skipping...
[ERROR - 2025-10-25 21:57:50,555 - Worker_0] Status code == 403 for http://noticias.uol.com.br/politica/ultimas-noticias/2016/04/19/conselho-de-etica-nao-segue-decisao-de-aliado-de-cunha-e-mantem-investigacao.htm, skipping...
[ERROR - 2025-10-25 21:57:54,776 - Worker_0] Status code == 403 for http://noticias.uol.com.br/politica/ultimas-noticias/2016/04/19/partidos-indicam-nomes-para-comissao-do-impeachment-no-senado-veja-lista.htm, skipping...
[ERROR - 2025-10-25 21:57:59,121 - Worker_0] Status code == 403 for http://nagradedomma.blogosfera.uol.com.br/2016/04/19/mcgregor-esta-fora-do-ufc-200-dana-white-procura-nova-luta-principal/, skipping...
[ERROR - 2025-10-25 21:57:59,518 - Worker_1] Status code == 403 for http://noticias.uol.com.br/ultimas-noticias/afp/2016/04/19/turista-britanico-morre-ao-cair-de-abismo-em-cusco.htm, skipping...
[ERROR - 2025-10-25 21:58:08,306 - Worker_1] Status code == 403 for http://noticias.uol.com.br/midiaglobal/nytimes/2016/04/19/filme-biografico-instiga-discussao-sobre-racismo-na-franca.htm, skipping...
[ERROR - 2025-10-25 21:58:16,824 - Worker_3] Status code == 403 for http://infomoto.blogosfera.uol.com.br/2016/04/19/apos-face-lift-nova-bmw-f-800-gs-chega-ao-brasil-por-r-45-900/, skipping...
[ERROR - 2025-10-25 21:58:18,606 - Worker_1] Failed to connect with http://paranaportal.uol.com.br/blog/2016/04/19/governo-propoe-corte-de-repasses-para-legislativo-e-judiciario-em-2017/ after 3 attempts, skipping...
[ERROR - 2025-10-25 21:58:21,048 - Worker_3] Status code == 403 for http://noticias.uol.com.br/saude/ultimas-noticias/bbc/2016/04/19/descobri-aos-16-anos-que-nasci-sem-utero-e-vagina.htm, skipping...
[ERROR - 2025-10-25 21:58:25,343 - Worker_3] Status code == 403 for http://tablog.blogosfera.uol.com.br/2016/04/ate-a-rainha-elizabeth-2a-faz-piada-quando-nao-e-reconhecida/, skipping...
[ERROR - 2025-10-25 21:58:27,384 - Worker_1] Status code == 403 for http://futebolemnumeros.blogosfera.uol.com.br/2016/04/19/vila-belmiro-e-trunfo-do-santos-contra-o-palmeiras/, skipping...
[ERROR - 2025-10-25 21:58:29,611 - Worker_4] Status code == 403 for http://noticias.uol.com.br/ciencia/ultimas-noticias/afp/2016/04/19/mes-passado-foi-o-marco-mais-quente-ja-registrado.htm, skipping...
[ERROR - 2025-10-25 21:58:30,918 - Worker_0] Status code == 403 for http://blogdosakamoto.blogosfera.uol.com.br/2016/04/19/bolsonaro-e-violento-por-ter-audiencia-ou-tem-audiencia-por-ser-violento/, skipping...
[ERROR - 2025-10-25 21:58:31,565 - Worker_1] Status code == 403 for http://noticias.uol.com.br/tabloide/ultimas-noticias/tabloideanas/2016/04/19/cao-mais-velho-do-mundo-morre-aos-30-anos-na-australia.htm, skipping...
[ERROR - 2025-10-25 21:58:38,023 - Worker_1] Status code == 403 for http://noticias.uol.com.br/ultimas-noticias/agencia-estado/2016/04/19/cervero-pede-desculpas-a-moro-por-ter-mentido-em-depoimentos-anteriores.htm, skipping...
[ERROR - 2025-10-25 21:58:38,453 - Worker_4] Status code == 403 for http://noticias.uol.com.br/saude/ultimas-noticias/redacao/2016/04/20/brasil-tem-1168-casos-confirmados-de-microcefalia-e-lesoes-neurologicas.htm, skipping...
[ERROR - 2025-10-25 21:58:42,282 - Worker_1] Status code == 403 for http://omundoemmovimento.blogosfera.uol.com.br/2016/04/20/dirigir-atrapalha-o-uso-do-celular/, skipping...
[ERROR - 2025-10-25 21:58:42,686 - Worker_4] Status code == 403 for http://uolesportevetv.blogosfera.uol.com.br/2016/04/20/saiba-por-que-corinthians-x-audax-sera-exclusivo-do-ppv-sem-sportv/, skipping...
[ERROR - 2025-10-25 21:58:46,563 - Worker_1] Status code == 403 for http://pvc.blogosfera.uol.com.br/2016/04/20/gremio-e-o-time-mais-solidario-da-copa-libertadores/, skipping...
[ERROR - 2025-10-25 21:58:50,793 - Worker_1] Status code == 403 for http://noticias.uol.com.br/politica/ultimas-noticias/2016/04/20/privilegio-a-quem-entenda-como-funciona-o-foro-privilegiado-na-justica.htm, skipping...
[ERROR - 2025-10-25 21:58:54,954 - Worker_1] Status code == 403 for http://noticias.uol.com.br/ultimas-noticias/agencia-estado/2016/04/20/mauricio-muniz-secretario-do-pac-e-o-novo-ministro-da-secretaria-dos-portos.htm, skipping...
[ERROR - 2025-10-25 21:58:59,183 - Worker_1] Status code == 403 for http://mauriciostycer.blogosfera.uol.com.br/2016/04/20/uol-ve-tv-a-sina-de-uma-atriz-ser-empregada-domestica-na-tv/, skipping...
[ERROR - 2025-10-25 21:59:06,064 - Worker_1] Status code == 403 for http://noticias.uol.com.br/politica/ultimas-noticias/2016/04/20/pgr-recebe-quase-18-mil-queixas-contra-bolsonaro.htm, skipping...
[ERROR - 2025-10-25 21:59:10,249 - Worker_1] Status code == 403 for http://noticias.uol.com.br/internacional/ultimas-noticias/2016/04/20/autor-de-massacre-vence-acao-de-direitos-humanos-contra-estado-na-noruega.htm, skipping...
[ERROR - 2025-10-25 21:59:18,873 - Worker_0] Status code == 403 for http://negociosdoesporte.blogosfera.uol.com.br/2016/04/19/chuteira-preta-e-moda-que-nunca-ganhara-os-campos/, skipping...
[ERROR - 2025-10-25 21:59:24,963 - Worker_4] Status code == 403 for http://tecnologia.uol.com.br/noticias/redacao/2016/04/20/limitacao-da-internet-nao-e-invencao-do-brasil-veja-paises-que-usam-modelo.htm, skipping...
[ERROR - 2025-10-25 21:59:33,648 - Worker_4] Status code == 403 for http://noticias.uol.com.br/cotidiano/ultimas-noticias/2016/04/20/distritos-arrasados-por-lama-deverao-ser-tombados-em-mariana-mg.htm, skipping...
[ERROR - 2025-10-25 21:59:45,084 - Worker_4] Status code == 403 for http://noticias.uol.com.br/cotidiano/ultimas-noticias/2016/04/20/mega-sena-pode-pagar-r-90-milhoes-veja-as-dezenas-sorteadas.htm, skipping...
[ERROR - 2025-10-25 22:00:00,574 - Worker_1] Status code == 403 for http://blogdoperrone.blogosfera.uol.com.br/2016/04/cartolas-que-fecharam-com-ei-agora-dizem-nao-temer-retaliacao-da-globo/, skipping...
[ERROR - 2025-10-25 22:00:01,217 - Worker_2] Failed to connect with http://carsale.uol.com.br/ultimas/2016/04/20/fiat-mobi-desafia-o-irmao-uno-na-versao-aventureira-way/ after 3 attempts, skipping...
[ERROR - 2025-10-25 22:00:10,253 - Worker_2] Status code == 403 for http://blogdomenon.blogosfera.uol.com.br/2016/04/20/esporte-interativo-quer-levar-seus-clubes-ate-a-serie-a-veja-como/, skipping...
[ERROR - 2025-10-25 22:00:15,183 - Worker_0] Status code == 403 for http://blogdosakamoto.blogosfera.uol.com.br/2016/04/20/tortura-patrimonio-cultural-e-historico-da-gente-de-bem-do-brasil/, skipping...
[ERROR - 2025-10-25 22:00:26,965 - Worker_4] Status code == 403 for http://noticias.uol.com.br/midiaglobal/nytimes/2016/04/20/atentado-em-onibus-em-jerusalem-reacende-ansiedades-apos-meses-de-violencia.htm, skipping...
[ERROR - 2025-10-25 22:00:45,230 - Worker_1] Status code == 403 for http://blogdoboleiro.blogosfera.uol.com.br/2016/04/20/sports-nega-interesse-em-marlone-e-pode-colocar-interino-na-vaga-de-falcao/, skipping...
[ERROR - 2025-10-25 22:00:49,681 - Worker_1] Status code == 403 for http://josiasdesouza.blogosfera.uol.com.br/2016/04/20/senado-instala-na-terca-a-comissao-do-impeachment-que-deve-durar-12-dias/, skipping...
[ERROR - 2025-10-25 22:01:07,960 - Worker_0] Status code == 404 for http://noticias.uol.com.br/infograficos/2016/04/20/a-polarizacao-politica-em-360.htm, skipping...
[ERROR - 2025-10-25 22:01:28,564 - Worker_4] Status code == 403 for http://blogdomenon.blogosfera.uol.com.br/2016/04/21/dez-anos-sem-tele-genial-rabugento/, skipping...
[ERROR - 2025-10-25 22:01:45,409 - Worker_0] Status code == 403 for http://blogdorafaelreis.blogosfera.uol.com.br/2016/04/21/1548/, skipping...
[ERROR - 2025-10-25 22:01:46,012 - Worker_4] Failed to connect with http://arthurverissimo.virgula.uol.com.br/2016/04/20/zoes-os-indios-isolados-da-amazonia-que-vivem-nus-e-tem-intensas-trocas-matrimoniais/ after 3 attempts, skipping...
[ERROR - 2025-10-25 22:01:49,182 - Worker_3] Status code == 403 for http://blogdobrito.blogosfera.uol.com.br/2016/04/21/pgr-vai-receber-relatorio-da-cpi-do-futebol-para-aprofundar-investigacoes/, skipping...
[ERROR - 2025-10-25 22:02:05,682 - Worker_0] Failed to connect with http://tomorrowland.jovempanfm.bol.uol.com.br/fotos/2016/de-homem-aranha-a-ovo-frito-veja-as-fantasias-mais-legais-do-1o-dia-de-tomorrowland/ after 3 attempts, skipping...
[ERROR - 2025-10-25 22:02:09,693 - Worker_3] Status code == 403 for http://blogdobirner.blogosfera.uol.com.br/2016/04/20/tite-vetou-ronaldinho-no-alvinegro/, skipping...
[ERROR - 2025-10-25 22:02:10,047 - Worker_4] Status code == 403 for http://uolesporte.blogosfera.uol.com.br/2016/04/21/capa-da-playboy-fazenda-e-cbf-a-bandeirinha-que-virou-personalidade/, skipping...
[ERROR - 2025-10-25 22:02:13,895 - Worker_3] Status code == 403 for http://uolesporte.blogosfera.uol.com.br/2016/04/21/neymar-joga-bem-ate-de-goleiro-craque-encara-a-posicao-e-faz-bela-defesa/, skipping...
[ERROR - 2025-10-25 22:02:14,279 - Worker_4] Status code == 403 for http://blogdoico.blogosfera.uol.com.br/2016/04/21/teoria-de-favorecimento-a-rosberg-e-descabida/, skipping...
[ERROR - 2025-10-25 22:02:19,485 - Worker_1] Status code == 403 for http://noticias.uol.com.br/ultimas-noticias/efe/2016/04/21/parlamento-venezuelano-aprova-em-1-instancia-emenda-para-saida-de-maduro.htm, skipping...
[ERROR - 2025-10-25 22:02:22,037 - Worker_2] Status code == 403 for http://combaterock.blogosfera.uol.com.br/2016/04/21/prince-era-um-genio-raro-e-visionario/, skipping...
[ERROR - 2025-10-25 22:02:22,805 - Worker_3] Status code == 403 for http://uolesportevetv.blogosfera.uol.com.br/2016/04/21/grupo-de-times-que-assinou-com-ei-promete-jogo-duro-com-globo-na-tv-aberta, skipping...
[ERROR - 2025-10-25 22:02:26,518 - Worker_2] Status code == 404 for http://esporte.uol.com.br/f1/ultimas-noticias/2016/04/21/sem-titulo-ha-quase-10-anos-alonso-cre-que-ainda-e-o-melhor-piloto-da-f-1.htm, skipping...
[ERROR - 2025-10-25 22:02:28,786 - Worker_0] Status code == 403 for http://economia.uol.com.br/noticias/efe/2016/04/21/governo-japones-inspeciona-escritorios-da-mitsubishi-por-manipulacao-de-dados.htm, skipping...
[ERROR - 2025-10-25 22:02:33,056 - Worker_0] Status code == 403 for http://matias.blogosfera.uol.com.br/2016/04/22/lancado-ha-40-anos-primeiro-disco-dos-ramones-foi-uma-bomba-relogio/, skipping...
[ERROR - 2025-10-25 22:02:35,667 - Worker_4] Status code == 403 for http://blogdosakamoto.blogosfera.uol.com.br/2016/04/21/havana-connection-cunha-bolsonaro-nao-fim-do-mundo-e-a-reacao-do-jean-2/, skipping...
[ERROR - 2025-10-25 22:02:37,263 - Worker_0] Status code == 403 for http://blogdoperrone.blogosfera.uol.com.br/2016/04/ei-nao-pensa-em-acordo-com-globo-por-jogos-de-times-de-emissoras-diferentes/, skipping...
[ERROR - 2025-10-25 22:02:39,861 - Worker_4] Status code == 403 for http://blogdobirner.blogosfera.uol.com.br/2016/04/22/sao-paulo-racudo-catimbeiro-e-humilde-segue-na-libertadores/, skipping...
[ERROR - 2025-10-25 22:02:42,261 - Worker_2] Status code == 403 for http://economia.uol.com.br/cotacoes/noticias/redacao/2016/04/22/dolar-sobe-1-e-fecha-a-r-357-com-acao-do-bc-na-semana-avanca-13.htm, skipping...
[ERROR - 2025-10-25 22:02:42,751 - Worker_3] Failed to connect with http://paranaportal.uol.com.br/blog/2016/04/22/cunha-e-alvo-de-mais-seis-investigacoes-na-pgr/ after 3 attempts, skipping...
[ERROR - 2025-10-25 22:02:46,984 - Worker_3] Status code == 403 for http://economia.uol.com.br/noticias/infomoney/2016/04/19/9-sinais-de-que-voce-nunca-sera-rico.htm, skipping...
[ERROR - 2025-10-25 22:02:48,798 - Worker_2] Status code == 403 for http://abiliodiniz.blogosfera.uol.com.br/2016/04/22/na-base-da-raca-sao-paulo-se-classifica-na-libertadores/, skipping...
[ERROR - 2025-10-25 22:02:51,812 - Worker_0] Status code == 404 for http://esporte.uol.com.br/futebol/campeonatos/mineiro/ultimas-noticias/2016/04/22/cruzeiro-adota-novo-metodo-para-reduzir-lesoes-e-tem-ate-caso-de-sucesso.htm, skipping...
[ERROR - 2025-10-25 22:02:55,532 - Worker_2] Status code == 404 for http://noticias.uol.com.br/ultimas-noticias/afp/2016/04/22/israel-fechara-pontos-de-passagem-com-cisjordania-e-gaza-na-pascoa-judaica.htm, skipping...
[ERROR - 2025-10-25 22:03:10,601 - Worker_3] Status code == 403 for http://josiasdesouza.blogosfera.uol.com.br/2016/04/21/petistas-se-surpreendem-com-desanimo-de-lula/, skipping...
[ERROR - 2025-10-25 22:03:13,394 - Worker_0] Status code == 403 for http://nagradedomma.blogosfera.uol.com.br/2016/04/22/mcgregor-da-a-maior-porrada-que-o-ufc-ja-levou-e-isso-deve-mudar-tudo/, skipping...
[ERROR - 2025-10-25 22:03:24,722 - Worker_0] Status code == 403 for http://balanacesta.blogosfera.uol.com.br/2016/04/22/o-efeito-curry-dados-de-como-o-craque-do-warriors-influencia-a-nba/, skipping...
[ERROR - 2025-10-25 22:03:29,368 - Worker_4] Status code == 403 for http://blogmiltonneves.bol.uol.com.br/blog/2016/04/22/bolao-do-miltao-timao-e-peixe-vao-a-final-do-paulista-e-a-taca-tem-endereco-certo-vila-belmiro/, skipping...
[ERROR - 2025-10-25 22:03:38,244 - Worker_0] Status code == 403 for http://economia.uol.com.br/empregos-e-carreiras/noticias/redacao/2016/04/22/caged-marco.htm, skipping...
[ERROR - 2025-10-25 22:03:45,298 - Worker_4] Status code == 403 for http://todosabordo.blogosfera.uol.com.br/2016/04/23/avioes-gigantes-tem-nove-asas-e-transportam-ate-50-carros-conheca-alguns/, skipping...
[ERROR - 2025-10-25 22:03:56,996 - Worker_2] Status code == 403 for http://uolesporte.blogosfera.uol.com.br/2016/04/23/fifa-16-nao-previu-zebra-leicester-que-no-game-e-nivel-flu-e-rosario/, skipping...
[ERROR - 2025-10-25 22:04:04,535 - Worker_0] Failed to connect with http://carsale.uol.com.br/ultimas/2016/04/22/volkswagen-divulga-esboco-do-facelift-da-amarok after 3 attempts, skipping...
[ERROR - 2025-10-25 22:04:05,535 - Worker_3] Status code == 403 for http://noticias.uol.com.br/ciencia/album/2016/04/04/veja-imagens-de-ciencia-do-mes-abril2016.htm?abrefoto=20, skipping...
[ERROR - 2025-10-25 22:04:08,777 - Worker_0] Status code == 403 for http://maurobeting.blogosfera.uol.com.br/2016/04/23/selecao-dos-11-melhores-da-primeira-fase-da-libertadores/, skipping...
[ERROR - 2025-10-25 22:04:16,458 - Worker_3] Status code == 403 for http://noticias.uol.com.br/ultimas-noticias/agencia-estado/2016/04/23/prefeito-do-rio-reconhece-problemas-em-obra-da-ciclovia-mas-descarta-demolicao.htm, skipping...
[ERROR - 2025-10-25 22:04:17,408 - Worker_4] Status code == 403 for http://diarionfl.blogosfera.uol.com.br/2016/04/23/josh-normal-assina-contrato-de-75-milhoes-com-o-redskins/, skipping...
[ERROR - 2025-10-25 22:04:17,910 - Worker_0] Status code == 403 for http://noticias.uol.com.br/internacional/ultimas-noticias/the-new-york-times/2016/04/23/em-bruxelas-etnia-e-nao-o-isla-e-um-fator-crucial-na-radicalizacao.htm, skipping...
[ERROR - 2025-10-25 22:04:20,767 - Worker_3] Status code == 403 for http://siterg.uol.com.br/gossip/2016/04/23/prince-recebe-homenagens-no-segundo-final-de-semana-do-coachella/#1, skipping...
[ERROR - 2025-10-25 22:04:24,235 - Worker_4] Status code == 403 for http://balanacesta.blogosfera.uol.com.br/2016/04/23/analisando-os-brasileiros-na-temporada-20152016-da-nba/, skipping...
[ERROR - 2025-10-25 22:04:28,431 - Worker_4] Status code == 403 for http://noticias.uol.com.br/album/album-do-dia/2016/04/23/imagens-do-dia---23-de-abril-de-2016.htm?abrefoto=12, skipping...
[ERROR - 2025-10-25 22:04:33,226 - Worker_0] Status code == 403 for http://noticias.uol.com.br/politica/ultimas-noticias/2016/04/23/e-muito-grave-antecipar-pretensao-em-apresentar-denuncia-contra-lula-diz-defesa.htm, skipping...
[ERROR - 2025-10-25 22:04:37,387 - Worker_0] Status code == 403 for http://noticias.uol.com.br/album/album-do-dia/2016/04/23/imagens-do-dia---23-de-abril-de-2016.htm?abrefoto=6, skipping...
[ERROR - 2025-10-25 22:04:40,055 - Worker_4] Status code == 403 for http://noticias.uol.com.br/midiaglobal/nytimes/2016/04/23/doencas-ligadas-a-poluicao-em-escola-chinesa-poem-em-cheque-supervisao-oficial.htm, skipping...
[ERROR - 2025-10-25 22:04:40,192 - Worker_2] Status code == 403 for http://noticias.uol.com.br/ultimas-noticias/agencia-estado/2016/04/23/prefeitura-do-rio-negocia-indenizacao-a-vitimas-de-desabamento-de-ciclovia.htm, skipping...
[ERROR - 2025-10-25 22:04:41,572 - Worker_0] Status code == 403 for http://noticias.uol.com.br/ciencia/ultimas-noticias/the-new-york-times/2016/04/22/reconhecendo-os-artificios-da-inteligencia-artificial.htm, skipping...
[ERROR - 2025-10-25 22:04:44,652 - Worker_2] Status code == 403 for http://blogdosakamoto.blogosfera.uol.com.br/2016/04/23/golpe-e-impeachment-as-palavras-tem-o-poder-que-conferimos-a-elas/, skipping...
[ERROR - 2025-10-25 22:04:44,850 - Worker_4] Status code == 403 for http://blogdoarcanjo.blogosfera.uol.com.br/2016/04/22/critica-com-mel-lisboa-luz-negra-recupera-historia-negra-esquecida/, skipping...
[ERROR - 2025-10-25 22:04:45,038 - Worker_1] Status code == 403 for http://blogmiltonneves.bol.uol.com.br/blog/2016/04/23/tite-e-o-cara-cielo-ja-era-e-denis-tambem/, skipping...
[ERROR - 2025-10-25 22:04:48,878 - Worker_2] Status code == 403 for http://noticias.uol.com.br/cotidiano/ultimas-noticias/2016/04/24/shopping-na-zona-norte-de-sao-paulo-e-esvaziado-apos-homem-armado-entrar-no-local.htm, skipping...
[ERROR - 2025-10-25 22:04:49,034 - Worker_4] Status code == 403 for http://noticias.uol.com.br/ciencia/album/2016/04/04/veja-imagens-de-ciencia-do-mes-abril2016.htm?abrefoto=21, skipping...
[ERROR - 2025-10-25 22:04:53,041 - Worker_2] Status code == 403 for http://noticias.uol.com.br/opiniao/coluna/2016/04/24/uso-da-tecnologia-aumenta-a-atratividade-do-ensino.htm, skipping...
[ERROR - 2025-10-25 22:04:53,258 - Worker_4] Status code == 403 for http://blogdobaldini.blogosfera.uol.com.br/2016/04/24/cmb-avisa-canelo-se-bater-khan-luta-com-ggg-e-obrigatoria-ou-perde-titulo/, skipping...
[ERROR - 2025-10-25 22:04:54,028 - Worker_3] Status code == 403 for http://pvc.blogosfera.uol.com.br/2016/04/24/vasco-santos-america-e-juventude-nas-finais-estaduais/, skipping...
[ERROR - 2025-10-25 22:04:57,201 - Worker_2] Status code == 403 for http://noticias.uol.com.br/ultimas-noticias/bbc/2016/04/24/o-dono-de-motel-que-espionou-a-vida-sexual-de-seus-hospedes-por-decadas.htm, skipping...
[ERROR - 2025-10-25 22:05:00,520 - Worker_3] Status code == 403 for http://blogdosakamoto.blogosfera.uol.com.br/2016/04/24/nao-checar-a-data-de-um-texto-antes-de-compartilha-lo-leva-ao-inferno/, skipping...
[ERROR - 2025-10-25 22:05:03,755 - Worker_2] Status code == 403 for http://noticias.uol.com.br/midiaglobal/lemonde/2016/04/24/lider-rebelde-adia-retorno-e-chances-de-paz-afundam-no-sudao-do-sul.htm, skipping...
[ERROR - 2025-10-25 22:05:04,712 - Worker_3] Status code == 403 for http://noticias.uol.com.br/ultimas-noticias/afp/2016/04/24/policia-de-bangladesh-prende-estudante-apos-assassinato-de-professor-reivindicado-pelo-ei.htm, skipping...
[ERROR - 2025-10-25 22:05:08,147 - Worker_2] Status code == 403 for http://patadasygambetas.blogosfera.uol.com.br/2016/04/24/expulsao-aos-10min-e-isqueirada-em-dale-card-principal-0x0-em-la-boca/, skipping...
[ERROR - 2025-10-25 22:05:08,621 - Worker_1] Status code == 403 for http://blogdoperrone.blogosfera.uol.com.br/2016/04/opiniao-erros-repetidos-fazem-vantagem-de-tite-sobre-outros-tecnicos-cair/, skipping...
[ERROR - 2025-10-25 22:05:23,699 - Worker_0] Failed to connect with http://carsale.uol.com.br/ultimas/2016/04/23/fim-do-misterio-nissan-kicks-e-visto-gravando-comerciais-no-rio-de-janeiro/ after 3 attempts, skipping...
[ERROR - 2025-10-25 22:05:25,130 - Worker_1] Status code == 403 for http://siterg.uol.com.br/gossip/2016/04/24/a-serie-fotografica-sensual-de-kim-kardashian-no-instagram, skipping...
[ERROR - 2025-10-25 22:05:28,029 - Worker_0] Status code == 403 for http://blogdorafaelreis.blogosfera.uol.com.br/2016/04/24/1571/, skipping...
[ERROR - 2025-10-25 22:05:33,858 - Worker_3] Status code == 403 for http://balanacesta.blogosfera.uol.com.br/2016/04/24/sampaio-correa-pode-se-tornar-hoje-1o-time-do-nordeste-campeao-nacional/, skipping...
[ERROR - 2025-10-25 22:05:38,729 - Worker_4] Status code == 404 for http://esporte.uol.com.br/futebol/campeonatos/gaucho/ultimas-noticias/2016/04/24/gremio-x-juventude---campeonato-gaucho.htm, skipping...
[ERROR - 2025-10-25 22:05:45,555 - Worker_2] Status code == 403 for http://economia.uol.com.br/cotacoes/noticias/redacao/2016/04/25/bolsa-fecha-em-baixa-de-2-na-terceira-queda-seguida.htm, skipping...
[ERROR - 2025-10-25 22:06:00,353 - Worker_4] Status code == 403 for http://matias.blogosfera.uol.com.br/2016/04/25/se-prepare-tudo-que-a-marvel-fez-ate-guerra-civil-era-so-rascunho/, skipping...
[ERROR - 2025-10-25 22:06:03,729 - Worker_2] Status code == 403 for http://economia.uol.com.br/imposto-de-renda/noticias/redacao/2016/04/25/ainda-nao-declarou-o-ir-2016-prazo-para-entrega-termina-nesta-sexta-feira.htm, skipping...
[ERROR - 2025-10-25 22:06:16,059 - Worker_2] Status code == 404 for http://esporte.uol.com.br/f1/ultimas-noticias/2016/04/25/williams-aposta-em-estrategia-ousada-de-pneus-para-surpreender-na-russia.htm, skipping...
[ERROR - 2025-10-25 22:06:22,222 - Worker_4] Status code == 403 for http://blogdomenon.blogosfera.uol.com.br/2016/04/25/comeca-o-saldao-de-alexandre-mattos-o-gastador-quem-vai-levar/, skipping...
[ERROR - 2025-10-25 22:06:29,624 - Worker_0] Failed to connect with http://carsale.uol.com.br/ultimas/2016/04/25/como-descobrir-se-um-usado-e-original-ou-modificado/ after 3 attempts, skipping...
[ERROR - 2025-10-25 22:06:31,730 - Worker_3] Status code == 404 for http://esporte.band.uol.com.br/futebol/estaduais/paulista/2016/noticias/?id=100000803621&t=goleiro-do-audax-conta-historia-de-superacao, skipping...
[ERROR - 2025-10-25 22:06:38,713 - Worker_2] Status code == 403 for http://mauriciostycer.blogosfera.uol.com.br/2016/04/25/apesar-do-otimismo-da-record-ibope-de-os-dez-mandamentos-esta-em-queda/, skipping...
[ERROR - 2025-10-25 22:06:47,816 - Worker_2] Status code == 403 for http://fernandorodrigues.blogosfera.uol.com.br/2016/04/25/12-dos-14-congressistas-brasileiros-deixam-reuniao-do-mercosul-em-protesto/, skipping...
[ERROR - 2025-10-25 22:06:47,909 - Worker_1] Status code == 403 for http://negociosdoesporte.blogosfera.uol.com.br/2016/04/25/cielo-fora-do-rio-nao-entre-em-panico/, skipping...
[ERROR - 2025-10-25 22:06:48,875 - Worker_4] Status code == 403 for http://robertosadovski.blogosfera.uol.com.br/2016/04/25/capitao-america-guerra-civil-e-o-melhor-filme-com-super-herois-da-historia/, skipping...
[ERROR - 2025-10-25 22:06:58,763 - Worker_2] Status code == 403 for http://oblogdorugbi.blogosfera.uol.com.br/2016/04/25/iron-maiden-homenageia-all-blacks-em-camiseta-de-turne-na-nova-zelandia/, skipping...
[ERROR - 2025-10-25 22:07:02,973 - Worker_2] Status code == 403 for http://blogdobrito.blogosfera.uol.com.br/2016/04/26/governo-brasileiro-vai-pagar-por-iluminacao-em-estadio-grego/, skipping...
[ERROR - 2025-10-25 22:07:04,153 - Worker_3] Status code == 403 for http://reginanavarro.blogosfera.uol.com.br/2016/04/26/decepcao-no-casamento/, skipping...
[ERROR - 2025-10-25 22:07:04,871 - Worker_4] Status code == 403 for http://maurobeting.blogosfera.uol.com.br/2016/04/26/dia-de-quem-abraca-e-nao-chuta-a-bola/, skipping...
[ERROR - 2025-10-25 22:07:07,176 - Worker_2] Status code == 403 for http://economia.uol.com.br/noticias/redacao/2016/04/26/bb-libera-r-25-bi-para-casa-propria-linha-financia-ate-90-do-imovel.htm, skipping...
[ERROR - 2025-10-25 22:07:18,385 - Worker_0] Status code == 403 for http://nagradedomma.blogosfera.uol.com.br/2016/04/26/oficial-veja-a-ordem-das-lutas-do-historico-ufc-198-em-curitiba/, skipping...
[ERROR - 2025-10-25 22:07:22,285 - Worker_1] Status code == 403 for http://economia.uol.com.br/noticias/bloomberg/2016/04/26/reformas-sao-desafio-para-provavel-novo-governo-no-brasil.htm, skipping...
[ERROR - 2025-10-25 22:07:24,930 - Worker_0] Status code == 403 for http://blogdosakamoto.blogosfera.uol.com.br/2016/04/26/temer-reclamar-de-tentativa-de-golpe-e-surreal/, skipping...
[ERROR - 2025-10-25 22:07:25,769 - Worker_4] Status code == 403 for http://noticias.uol.com.br/cotidiano/ultimas-noticias/2016/04/25/corrupcao-vicia-e-da-prazer-dizem-especialistas.htm, skipping...
[ERROR - 2025-10-25 22:07:25,999 - Worker_2] Status code == 403 for http://noticias.uol.com.br/ultimas-noticias/reuters/2016/04/26/agu-recorre-a-camara-para-anular-votacao-de-impeachment.htm, skipping...
[ERROR - 2025-10-25 22:07:26,492 - Worker_1] Status code == 403 for http://noticias.uol.com.br/album/album-do-dia/2016/04/26/imagens-do-dia---26-de-abril-de-2016.htm?abrefoto=5, skipping...
[ERROR - 2025-10-25 22:07:30,303 - Worker_2] Status code == 403 for http://saqueevoleio.blogosfera.uol.com.br/2016/04/26/numero-de-partidas-suspeitas-aumenta-mais-de-50-em-2016/, skipping...
[ERROR - 2025-10-25 22:07:34,380 - Worker_4] Status code == 403 for http://noticias.uol.com.br/politica/ultimas-noticias/2016/04/26/baiano-afirma-que-entregou-r-4-milhoes-em-escritorio-de-cunha.htm, skipping...
[ERROR - 2025-10-25 22:07:39,106 - Worker_2] Status code == 403 for http://noticias.uol.com.br/ultimas-noticias/agencia-estado/2016/04/26/justica-bloqueia-r-649-milhoes-para-pagamento-de-aposentados-no-rio.htm, skipping...
[ERROR - 2025-10-25 22:07:39,479 - Worker_0] Status code == 403 for http://noticias.uol.com.br/internacional/ultimas-noticias/2016/04/26/trump-e-hillary-confirmam-favoritismo-nas-primarias-da-costa-leste.htm, skipping...
[ERROR - 2025-10-25 22:07:40,205 - Worker_1] Status code == 403 for http://oblogdorugbi.blogosfera.uol.com.br/2016/04/26/por-titulo-inedito-champions-do-rugbi-tera-duelo-entre-paris-e-londres/, skipping...
[ERROR - 2025-10-25 22:07:40,887 - Worker_4] Status code == 403 for http://noticias.uol.com.br/ultimas-noticias/agencia-estado/2016/04/26/consorcio-construtor-de-ciclovia-e-proibido-de-participar-de-licitacoes.htm, skipping...
[ERROR - 2025-10-25 22:07:44,419 - Worker_1] Status code == 403 for http://paginacinco.blogosfera.uol.com.br/2016/04/26/de-gta-a-nietzsche-ilustrador-faz-hq-repleta-de-referencias-a-cultura-pop/, skipping...
[ERROR - 2025-10-25 22:07:47,383 - Worker_4] Status code == 403 for http://noticias.uol.com.br/midiaglobal/nytimes/2016/04/26/o-pequeno-rhode-island-de-repente-ganha-papel-relevante-nas-primarias-presidenciais.htm, skipping...
[ERROR - 2025-10-25 22:07:48,583 - Worker_1] Status code == 403 for http://noticias.uol.com.br/ultimas-noticias/reuters/2016/04/26/suecia-entra-em-alerta-por-possivel-ataque-do-estado-islamico-na-capital-diz-midia-local.htm, skipping...
[ERROR - 2025-10-25 22:07:51,568 - Worker_0] Status code == 403 for http://negociosdoesporte.blogosfera.uol.com.br/2016/04/26/o-que-o-torcedor-merece-afinal/, skipping...
[ERROR - 2025-10-25 22:07:58,107 - Worker_0] Status code == 403 for http://noticias.uol.com.br/ultimas-noticias/agencia-estado/2016/04/26/adolescente-e-barrada-nos-estados-unidos-e-levada-a-abrigo.htm, skipping...
[ERROR - 2025-10-25 22:07:58,595 - Worker_2] Status code == 403 for http://educacao.uol.com.br/noticias/2016/04/26/deputados-de-al-aprovam-lei-que-pune-professor-que-opinar-em-sala-de-aula.htm, skipping...
[ERROR - 2025-10-25 22:07:58,672 - Worker_1] Failed to connect with http://carsale.uol.com.br/ultimas/2016/04/26/jeep-renegade-chega-a-argentina-com-motor-2-4-brasil-tera-melhorias-no-1-8/ after 3 attempts, skipping...
[ERROR - 2025-10-25 22:08:01,569 - Worker_4] Status code == 403 for http://blogdoarcanjo.blogosfera.uol.com.br/2016/04/26/debora-falabella-e-funcionaria-perseguida-pela-chefe-em-contracoes/, skipping...
[ERROR - 2025-10-25 22:08:02,783 - Worker_2] Status code == 403 for http://noticias.uol.com.br/album/album-do-dia/2016/04/26/imagens-do-dia---26-de-abril-de-2016.htm?abrefoto=11, skipping...
[ERROR - 2025-10-25 22:08:02,820 - Worker_1] Status code == 403 for http://noticias.uol.com.br/ultimas-noticias/afp/2016/04/27/parlamentares-venezuelanos-ficarao-sem-salario-por-falta-de-orcamento.htm, skipping...
[ERROR - 2025-10-25 22:08:07,063 - Worker_2] Status code == 403 for http://patadasygambetas.blogosfera.uol.com.br/2016/04/27/para-argentinos-atletico-pareceu-gaucho-e-robinho-e-homem-de-500-noites/, skipping...
[ERROR - 2025-10-25 22:08:07,117 - Worker_0] Status code == 403 for http://noticias.uol.com.br/midiaglobal/nytimes/2016/04/27/boicotes-fazem-eleitores-da-carolina-do-norte-repensarem-lei-contra-transgeneros.htm, skipping...
[ERROR - 2025-10-25 22:08:10,294 - Worker_4] Status code == 403 for http://blogdomenon.blogosfera.uol.com.br/2016/04/27/rogerio-ceni-e-altura-explicam-saida-de-robinho-palmeiras-quer-crescer/, skipping...
[ERROR - 2025-10-25 22:08:11,352 - Worker_0] Status code == 403 for http://blogdobaldini.blogosfera.uol.com.br/2016/04/27/presidente-das-filipinas-diz-que-grupo-terrorista-quer-sequestrar-pacquiao/, skipping...
[ERROR - 2025-10-25 22:08:18,175 - Worker_2] Status code == 403 for http://blogdoarcanjo.blogosfera.uol.com.br/2016/04/27/ator-pede-pra-sair-de-peca-de-jo-soares-por-motivo-de-estafa/, skipping...
[ERROR - 2025-10-25 22:08:19,183 - Worker_1] Status code == 403 for http://noticias.uol.com.br/politica/ultimas-noticias/2016/04/27/dilma-diz-que-eduardo-cunha-e-pecado-original-do-processo-de-impeachment.htm, skipping...
[ERROR - 2025-10-25 22:08:27,461 - Worker_2] Status code == 403 for http://blogdobrito.blogosfera.uol.com.br/2016/04/27/e-guerra-brasil-comprou-seis-mil-pistolas-e-outras-armas-para-a-rio-16/, skipping...
[ERROR - 2025-10-25 22:08:29,334 - Worker_1] Failed to connect with http://isabelaboscov.virgula.uol.com.br/index.php/2016/04/27/capitao-america-guerra-civil/ after 3 attempts, skipping...
[ERROR - 2025-10-25 22:08:33,512 - Worker_1] Status code == 403 for http://noticias.uol.com.br/ultimas-noticias/agencia-estado/2016/04/27/lava-jato-investiga-novo-elo-de-laranjas-com-joao-santana.htm, skipping...
[ERROR - 2025-10-25 22:08:40,153 - Worker_1] Status code == 403 for http://noticias.uol.com.br/ultimas-noticias/agencia-estado/2016/04/26/adolescente-e-barrada-nos-estados-unidos-e-levada-a-abrigo.htm, skipping...
[ERROR - 2025-10-25 22:08:40,524 - Worker_3] Status code == 404 for http://entretenimento.band.uol.com.br/masterchef/2016/videos/ultimos-videos/15842768/como-castigo-pedro-tem-que-comer-o-proprio-prato.html, skipping...
[ERROR - 2025-10-25 22:08:44,316 - Worker_1] Status code == 403 for http://economia.uol.com.br/noticias/redacao/2016/04/27/bc-define-juros.htm, skipping...
[ERROR - 2025-10-25 22:08:44,722 - Worker_3] Status code == 403 for http://noticias.uol.com.br/album/bbc/2016/04/27/concurso-escolhe-melhores-fotos-de-comida.htm?abrefoto=2, skipping...
[ERROR - 2025-10-25 22:08:48,414 - Worker_1] Status code == 403 for http://noticias.uol.com.br/ultimas-noticias/agencia-brasil/2016/04/27/defesa-de-lula-pede-afastamento-de-procurador-da-lava-jato.htm, skipping...
[ERROR - 2025-10-25 22:08:48,810 - Worker_3] Status code == 403 for http://noticias.uol.com.br/ultimas-noticias/agencia-estado/2016/04/27/apos-ser-citado-como-recebedor-de-propina-diretor-da-eletronuclear-e-afastado.htm, skipping...
[ERROR - 2025-10-25 22:08:50,828 - Worker_0] Status code == 403 for http://mauriciostycer.blogosfera.uol.com.br/2016/04/26/todos-os-programas-do-multishow-sao-de-humor-antigo-diz-carlos-alberto/, skipping...
[ERROR - 2025-10-25 22:08:54,935 - Worker_0] Status code == 403 for http://noticias.uol.com.br/ultimas-noticias/agencia-estado/2016/04/27/dilma-ainda-avalia-momento-de-enviar-proposta-de-novas-eleicoes.htm, skipping...
[ERROR - 2025-10-25 22:08:55,015 - Worker_1] Status code == 403 for http://noticias.uol.com.br/ultimas-noticias/agencia-estado/2016/04/27/deputados-veem-dificuldade-em-aprovar-pec-para-adiantar-eleicoes.htm, skipping...
[ERROR - 2025-10-25 22:08:59,245 - Worker_1] Status code == 403 for http://educacao.uol.com.br/noticias/2016/04/27/professores-de-belo-horizonte-decidem-continuar-greve-que-ja-dura-10-dias.htm, skipping...
[ERROR - 2025-10-25 22:09:03,549 - Worker_1] Status code == 403 for http://blogdoboleiro.blogosfera.uol.com.br/2016/04/27/gauchao-zago-diz-que-juventude-e-zebra-na-final-contra-o-internacional/, skipping...
[ERROR - 2025-10-25 22:09:06,912 - Worker_4] Status code == 403 for http://maurobeting.blogosfera.uol.com.br/2016/04/27/so-nao-tem-time-quem-teme/, skipping...
[ERROR - 2025-10-25 22:09:07,182 - Worker_3] Status code == 403 for http://educacao.uol.com.br/noticias/agencia-estado/2016/04/27/ministerio-estuda-elevar-teto-de-renda-exigido-para-fies-diz-mercadante.htm, skipping...
[ERROR - 2025-10-25 22:09:07,826 - Worker_1] Status code == 403 for http://josiasdesouza.blogosfera.uol.com.br/2016/04/28/dilma-aponta-pecado-original-mas-omite-negociacoes-que-manteve-com-pecador/, skipping...
[ERROR - 2025-10-25 22:09:09,226 - Worker_0] Status code == 403 for http://noticias.uol.com.br/politica/ultimas-noticias/2016/04/27/renan-diz-que-nao-votara-no-impeachment-no-senado.htm, skipping...
[ERROR - 2025-10-25 22:09:21,552 - Worker_3] Status code == 403 for http://noticias.uol.com.br/ultimas-noticias/agencia-estado/2016/04/27/ministro-da-saude-entrega-carta-de-demissao-para-jaques-wagner.htm, skipping...
[ERROR - 2025-10-25 22:09:31,652 - Worker_3] Failed to connect with http://carsale.uol.com.br/ultimas/2016/04/24/sem-segredo-revelamos-o-visual-da-nova-chevrolet-s10-antes-da-estreia/ after 3 attempts, skipping...
[ERROR - 2025-10-25 22:09:35,774 - Worker_3] Status code == 403 for http://noticias.uol.com.br/album/album-do-dia/2016/04/27/imagens-do-dia---27-de-abril-de-2016.htm?abrefoto=6, skipping...
[ERROR - 2025-10-25 22:09:47,468 - Worker_2] Status code == 403 for http://blogdojuca.uol.com.br/2016/04/gremio-mal-perde-corinthians-mal-empata/, skipping...
[ERROR - 2025-10-25 22:09:51,768 - Worker_2] Status code == 403 for http://blogdoico.blogosfera.uol.com.br/2016/04/28/satisfeito-com-sua-performance-massa-trabalha-por-renovacao-com-williams/, skipping...
[ERROR - 2025-10-25 22:09:53,422 - Worker_0] Status code == 403 for http://negociosdoesporte.blogosfera.uol.com.br/2016/04/28/mundo-virtual-nao-supera-o-real-nas-ativacoes/, skipping...
[ERROR - 2025-10-25 22:09:54,645 - Worker_3] Status code == 403 for http://economia.uol.com.br/noticias/redacao/2016/04/28/ouca-o-giro-uol-economia-com-os-destaques-desta-quinta-28-de-abril.htm, skipping...
[ERROR - 2025-10-25 22:09:56,043 - Worker_2] Status code == 403 for http://uolesporte.blogosfera.uol.com.br/2016/04/28/briga-campal-mais-famosa-da-selecao-brasileira-completa-40-anos, skipping...
[ERROR - 2025-10-25 22:09:58,839 - Worker_3] Status code == 403 for http://noticias.uol.com.br/ultimas-noticias/agencia-estado/2016/04/28/odebrecht-adotou-a-corrupcao-como-modelo-de-negocio-profissional-diz-procurador.htm, skipping...
[ERROR - 2025-10-25 22:10:06,362 - Worker_2] Failed to connect with http://paranaportal.uol.com.br/blog/2016/04/28/vacina-da-gripe-trocada-por-insulina-deixa-50-internados-no-parana/ after 3 attempts, skipping...
[ERROR - 2025-10-25 22:10:06,449 - Worker_4] Status code == 403 for http://noticias.uol.com.br/ultimas-noticias/agencia-estado/2016/04/28/senadores-governistas-querem-explicacoes-de-anastasia-sobre-pedaladas.htm, skipping...
[ERROR - 2025-10-25 22:10:09,619 - Worker_1] Status code == 404 for http://futebol.placar.esporte.uol.com.br/futebol/libertadores/2016/04/28/independiente-del-valle-x-river-plate.htm, skipping...
[ERROR - 2025-10-25 22:10:10,451 - Worker_2] Status code == 403 for http://noticias.uol.com.br/politica/ultimas-noticias/2016/04/28/nova-comissao-da-mulher-na-camara-sera-presidida-pelo-pr.htm, skipping...
[ERROR - 2025-10-25 22:10:14,252 - Worker_3] Status code == 403 for http://tecnologia.uol.com.br/noticias/redacao/2016/04/28/brasil-tem-405-thors-e-188-hitlers-saiba-quantas-pessoas-tem-o-seu-nome.htm, skipping...
[ERROR - 2025-10-25 22:10:20,629 - Worker_1] Status code == 403 for http://educacao.uol.com.br/noticias/agencia-estado/2016/04/28/por-merenda-estudantes-ocupam-predio-administrativo-do-centro-paula-souza.htm#fotoNav=92, skipping...
[ERROR - 2025-10-25 22:10:20,792 - Worker_4] Failed to connect with http://carsale.uol.com.br/ultimas/2016/04/27/vai-pro-guinnes-motorista-russa-bate-em-17-carros-tentando-estacionar/ after 3 attempts, skipping...
[ERROR - 2025-10-25 22:10:23,293 - Worker_3] Status code == 403 for http://blogdoperrone.blogosfera.uol.com.br/2016/04/futebol-do-palmeiras-arrecadou-r-374-mi-a-mais-que-corinthians-em-2015/, skipping...
[ERROR - 2025-10-25 22:10:24,736 - Worker_1] Status code == 403 for http://noticias.uol.com.br/ultimas-noticias/agencia-estado/2016/04/28/laudo-do-mp-aponta-rachadura-e-falha-no-projeto-de-ciclovia-no-rio.htm, skipping...
[ERROR - 2025-10-25 22:10:27,237 - Worker_2] Status code == 403 for http://noticias.uol.com.br/politica/ultimas-noticias/2016/04/28/deputada-cotada-para-presidir-comissao-da-mulher-e-contra-aborto.htm, skipping...
[ERROR - 2025-10-25 22:10:32,195 - Worker_3] Status code == 403 for http://noticias.uol.com.br/ultimas-noticias/agencia-estado/2016/04/28/arrimo-de-familia-operador-de-propina-pede-desbloqueio-de-r-405-mil.htm, skipping...
[ERROR - 2025-10-25 22:10:39,565 - Worker_0] Status code == 403 for http://danielcara.blogosfera.uol.com.br/2016/04/28/o-dia-da-educacao-diante-de-um-provavel-governo-temer/, skipping...
[ERROR - 2025-10-25 22:10:43,739 - Worker_3] Status code == 403 for http://blogdosakamoto.blogosfera.uol.com.br/2016/04/28/o-senado-esta-armando-um-golpe-contra-o-meio-ambiente-bora-bater-panela/, skipping...
[ERROR - 2025-10-25 22:10:43,789 - Worker_0] Status code == 403 for http://siterg.uol.com.br/cultura/2016/04/28/me-considero-uma-filha-da-tropicalia-diz-ceu-ao-lancar-turne-em-sao-paulo/, skipping...
[ERROR - 2025-10-25 22:10:55,133 - Worker_3] Status code == 403 for http://noticias.uol.com.br/saude/ultimas-noticias/bbc/2016/04/28/como-confundi-uma-indigestao-com-um-ataque-cardiaco.htm, skipping...
[ERROR - 2025-10-25 22:11:00,710 - Worker_1] Status code == 500 for http://entretenimento.uol.com.br/noticias/redacao/2016/04/28/a-internet-e-uma-avalanche-de-desorganizacao-diz-marcelo-tas-em-debate.htm, skipping...
[ERROR - 2025-10-25 22:11:01,422 - Worker_2] Status code == 403 for http://blogdojuca.uol.com.br/2016/04/mundao-do-arruda-bate-arena-gremio/, skipping...
[ERROR - 2025-10-25 22:11:04,071 - Worker_3] Status code == 403 for http://noticias.uol.com.br/politica/ultimas-noticias/2016/04/28/oposicao-acusa-governador-de-mg-de-blindar-esposa-nomendo-a-secretaria.htm, skipping...
[ERROR - 2025-10-25 22:11:04,932 - Worker_1] Status code == 403 for http://educacao.uol.com.br/noticias/2016/04/28/professores-decidem-manter-greve-que-tem-quase-dois-meses-no-rj.htm, skipping...
[ERROR - 2025-10-25 22:11:08,467 - Worker_3] Status code == 403 for http://blogdosakamoto.blogosfera.uol.com.br/2016/04/28/as-mulheres-de-verdade-nao-querem-empoderamento-querem-e-ser-amadas/, skipping...
[ERROR - 2025-10-25 22:11:08,584 - Worker_2] Status code == 403 for http://fernandorodrigues.blogosfera.uol.com.br/2016/04/28/acuada-dilma-nao-fara-pronunciamento-em-rede-nacional-no-dia-do-trabalho/, skipping...
[ERROR - 2025-10-25 22:11:09,097 - Worker_1] Status code == 403 for http://noticias.uol.com.br/ultimas-noticias/redacao/2016/04/28/giro-uol-traz-os-destaques-da-noite-desta-quinta-2804-para-voce-ouca.htm, skipping...
[ERROR - 2025-10-25 22:11:13,044 - Worker_0] Status code == 403 for http://noticias.uol.com.br/ciencia/album/2016/04/04/veja-imagens-de-ciencia-do-mes-abril2016.htm?abrefoto=26, skipping...
[ERROR - 2025-10-25 22:11:15,032 - Worker_2] Status code == 403 for http://noticias.uol.com.br/ultimas-noticias/afp/2016/04/28/parlamento-venezuelano-destitui-ministro-por-crise-de-alimentos.htm, skipping...
[ERROR - 2025-10-25 22:11:24,376 - Worker_0] Status code == 403 for http://tecnologia.uol.com.br/noticias/redacao/2016/04/28/brasil-tem-405-thors-e-188-hitlers-saiba-quantas-pessoas-tem-o-seu-nome.htm, skipping...
[ERROR - 2025-10-25 22:11:33,403 - Worker_0] Status code == 403 for http://noticias.uol.com.br/ciencia/ultimas-noticias/bbc/2016/04/29/cientistas-identificam-segredo-da-juventude-em-gene-ruivo.htm, skipping...
[ERROR - 2025-10-25 22:11:33,737 - Worker_2] Status code == 403 for http://noticias.uol.com.br/politica/ultimas-noticias/2016/04/29/impeachment-nao-e-recall-diz-cardozo-debate-durou-mais-de-9-horas.htm, skipping...
[ERROR - 2025-10-25 22:11:44,786 - Worker_0] Status code == 403 for http://noticias.uol.com.br/politica/ultimas-noticias/2016/04/29/apos-pergunta-sobre-integrar-governo-katia-responde-caiado-nao-te-dei-ousadia.htm, skipping...
[ERROR - 2025-10-25 22:11:48,973 - Worker_0] Status code == 403 for http://noticias.uol.com.br/politica/ultimas-noticias/2016/04/29/com-criacao-de-comissao-da-mulher-cunha-tenta-ganhar-mais-poder-diz-erundina.htm, skipping...
[ERROR - 2025-10-25 22:11:57,796 - Worker_1] Status code == 403 for http://noticias.uol.com.br/ultimas-noticias/bbc/2016/04/29/tim-vickery-vamos-trocar-o-hino-por-uma-cancao-mais-proxima-aos-brasileiros.htm, skipping...
[ERROR - 2025-10-25 22:12:01,968 - Worker_1] Status code == 403 for http://noticias.uol.com.br/midiaglobal/the-international-new-york-times/2016/04/29/mulheres-afegas-o-que-o-ocidente-nao-entende.htm, skipping...
[ERROR - 2025-10-25 22:12:02,592 - Worker_3] Status code == 403 for http://noticias.uol.com.br/ultimas-noticias/agencia-brasil/2016/04/29/delegados-da-pf-criticam-acao-de-janot-para-garantir-exclusividade-nas-delacoes.htm, skipping...
[ERROR - 2025-10-25 22:12:12,865 - Worker_2] Status code == 403 for http://noticias.uol.com.br/ultimas-noticias/agencia-estado/2016/04/29/temer-planeja-conselho-para-privatizacao-e-ppp.htm, skipping...
[ERROR - 2025-10-25 22:12:18,974 - Worker_1] Status code == 403 for http://pvc.blogosfera.uol.com.br/2016/04/29/itaquera-x-morumbi-disputam-melhor-publico-brasileiro-na-libertadores/, skipping...
[ERROR - 2025-10-25 22:12:23,215 - Worker_3] Status code == 403 for http://noticias.uol.com.br/ultimas-noticias/afp/2016/04/29/pentagono-bombardeio-a-hospital-afegao-foi-erro-mas-nao-crime-de-guerra.htm, skipping...
[ERROR - 2025-10-25 22:12:36,511 - Worker_3] Status code == 403 for http://mauriciostycer.blogosfera.uol.com.br/2016/04/29/totalmente-demais-iguala-recorde-de-2012-e-abre-8-pontos-sobre-velho-chico/, skipping...
[ERROR - 2025-10-25 22:12:48,383 - Worker_1] Status code == 403 for http://fernandorodrigues.blogosfera.uol.com.br/2016/04/29/temer-recebe-listas-de-pedidos-mas-evita-assumir-compromissos/, skipping...
[ERROR - 2025-10-25 22:12:52,794 - Worker_4] Status code == 403 for http://noticias.uol.com.br/politica/ultimas-noticias/2016/04/29/para-feministas-comissao-da-mulher-e-retrocesso-e-volta-ao-tempo-dos-coroneis.htm, skipping...
[INFO - 2025-10-25 22:13:10,641 - MainThread] Processed 2028 links - 1393/2028 succeeded (68.7%).
[INFO - 2025-10-25 22:13:10,641 - MainThread] Total time taken to complete: 47min
