[INFO - 2025-10-25 09:12:47,360 - MainThread] 5 file(s) to process.
[INFO - 2025-10-25 09:12:47,362 - MainThread] 2042 links from 'out/uol_links/2015/10-2015.txt'.
[INFO - 2025-10-25 09:12:47,373 - MainThread] 2018 links from 'out/uol_links/2015/11-2015.txt'.
[INFO - 2025-10-25 09:12:47,382 - MainThread] 1943 links from 'out/uol_links/2015/8-2015.txt'.
[INFO - 2025-10-25 09:12:47,390 - MainThread] 2011 links from 'out/uol_links/2015/9-2015.txt'.
[INFO - 2025-10-25 09:12:47,398 - MainThread] 2007 links from 'out/uol_links/2015/12-2015.txt'.
[ERROR - 2025-10-25 09:12:47,589 - Worker_3] Status code == 403 for http://noticias.uol.com.br/midiaglobal/lemonde/2015/09/30/por-que-a-catalunha-quer-sua-independencia-da-espanha.htm, skipping...
[ERROR - 2025-10-25 09:12:47,915 - Worker_1] Status code == 403 for http://educacao.uol.com.br/noticias/agencia-estado/2015/09/30/camara-aprova-mp-que-libera-r-5-bilhoes-para-o-fies.htm, skipping...
[ERROR - 2025-10-25 09:12:48,244 - Worker_2] Status code == 403 for http://josiasdesouza.blogosfera.uol.com.br/2015/09/30/cercada-dilma-entregou-se-a-lula-e-ao-pmdb/, skipping...
[ERROR - 2025-10-25 09:12:48,353 - Worker_4] Status code == 403 for http://blogdobrito.blogosfera.uol.com.br/2015/09/30/policiais-estrangeiros-circularao-entre-os-torcedores-no-parque-olimpico/, skipping...
[ERROR - 2025-10-25 09:12:52,077 - Worker_1] Status code == 403 for http://noticias.uol.com.br/blogs-e-colunas/coluna/luiz-felipe-alencastro/2015/09/30/o-caso-volkswagen-e-a-etica-das-grandes-empresas.htm, skipping...
[ERROR - 2025-10-25 09:12:56,658 - Worker_3] Status code == 403 for http://uolesportevetv.blogosfera.uol.com.br/2015/09/30/neto-evita-comparar-jogadores-da-liga-a-corintianos-e-frustra-tuiteiros/, skipping...
[ERROR - 2025-10-25 09:12:57,096 - Worker_2] Status code == 403 for http://noticias.uol.com.br/ultimas-noticias/agencia-estado/2015/09/30/governo-do-rs-paga-salario-dos-servidores-mas-confirma-outro-calote-na-uniao.htm, skipping...
[ERROR - 2025-10-25 09:13:10,463 - Worker_3] Status code == 403 for http://noticias.uol.com.br/saude/ultimas-noticias/redacao/2015/09/30/pesquisadores-reprogramam-celulas-t-para-bloquear-infeccao-causada-pelo-hiv.htm, skipping...
[ERROR - 2025-10-25 09:13:14,748 - Worker_2] Status code == 403 for http://noticias.uol.com.br/politica/ultimas-noticias/2015/09/30/sem-acordo-com-camara-renan-marca-nova-sessao-do-congresso-para-terca.htm, skipping...
[ERROR - 2025-10-25 09:13:18,924 - Worker_2] Status code == 403 for http://noticias.uol.com.br/tabloide/album/2015/01/05/os-recordes-e-tentativas-de-2015.htm?abrefoto=118, skipping...
[ERROR - 2025-10-25 09:13:31,896 - Worker_4] Status code == 403 for http://noticias.uol.com.br/ultimas-noticias/agencia-estado/2015/09/30/policia-investiga-se-monstro-da-alba-matou-a-pedido-do-trafico.htm, skipping...
[ERROR - 2025-10-25 09:13:36,382 - Worker_3] Status code == 403 for http://economia.uol.com.br/cotacoes/noticias/redacao/2015/09/30/dolar-cai-no-dia-mas-fecha-o-mes-com-alta-de-93-a-r-3966.htm, skipping...
[ERROR - 2025-10-25 09:13:37,244 - Worker_2] Status code == 403 for http://fernandorodrigues.blogosfera.uol.com.br/2015/09/29/veja-como-fhc-derrubou-o-pedido-de-impeachment-em-1999/, skipping...
[ERROR - 2025-10-25 09:13:40,582 - Worker_3] Status code == 403 for http://fernandorodrigues.blogosfera.uol.com.br/2015/09/30/dilma-cede-a-lula-tira-mercadante-e-coloca-jaques-wagner-na-casa-civil/, skipping...
[ERROR - 2025-10-25 09:13:41,819 - Worker_4] Status code == 404 for http://cenapop.virgula.uol.com.br/2015/09/30/95640-modelo-plus-size-aline-zattar-emagrece-e-e-duramente-criticada/, skipping...
[ERROR - 2025-10-25 09:13:43,155 - Worker_1] Status code == 403 for http://blogdojuca.uol.com.br/2015/09/dois-anos-de-bom-senso-fc/, skipping...
[ERROR - 2025-10-25 09:13:46,069 - Worker_2] Status code == 403 for http://educacao.uol.com.br/noticias/2015/09/30/encontro-com-dilma-foi-cordial-diz-ministro-da-educacao-apos-sair-do-cargo.htm, skipping...
[ERROR - 2025-10-25 09:13:47,273 - Worker_3] Status code == 403 for http://cristianonabuco.blogosfera.uol.com.br/2015/09/30/quando-uma-selfie-nao-termina-bem/, skipping...
[ERROR - 2025-10-25 09:13:50,302 - Worker_2] Status code == 403 for http://josecruz.blogosfera.uol.com.br/2015/09/isencoes-fiscais-dos-jogos-rio-2016-se-estenderao-ate-dezembro-de-2017/, skipping...
[ERROR - 2025-10-25 09:13:50,700 - Worker_1] Status code == 403 for http://educacao.uol.com.br/noticias/2015/09/30/usp-cai-em-ranking-internacional-e-tem-pior-resultado-em-cinco-anos.htm, skipping...
[ERROR - 2025-10-25 09:13:51,556 - Worker_3] Status code == 403 for http://blogdoperrone.blogosfera.uol.com.br/2015/09/compare-o-entorno-da-arena-corinthians-real-com-o-que-estava-no-papel/, skipping...
[ERROR - 2025-10-25 09:13:57,261 - Worker_1] Status code == 403 for http://noticias.uol.com.br/album/2015/01/02/olho-magico-2015.htm?fotoNavId=pre46f4db6fad3970326f4e16514e8e20150930#fotoNavId=pre46f4db6fad3970326f4e16514e8e20150930, skipping...
[ERROR - 2025-10-25 09:14:01,436 - Worker_1] Status code == 403 for http://blogdobrito.blogosfera.uol.com.br/2015/10/01/time-de-polo-aquatico-dos-eua-dividira-ct-com-atletas-olimpicos-brasileiros/, skipping...
[ERROR - 2025-10-25 09:14:04,026 - Worker_3] Failed to connect with http://natelinha.ne10.uol.com.br/novelas/2015/10/01/alem-do-tempo-roberto-se-apaixona-por-anita-que-perde-o-bebe-92995.php after 3 attempts, skipping...
[ERROR - 2025-10-25 09:14:19,634 - Worker_0] Status code == 403 for http://noticias.uol.com.br/tabloide/ultimas-noticias/tabloideanas/2015/09/30/filhotes-que-perderam-suas-maes-mas-ganharam-bichinhos-de-pelucia.htm, skipping...
[ERROR - 2025-10-25 09:14:24,482 - Worker_2] Status code == 403 for http://blogdojuca.uol.com.br/2015/10/basta-de-choro/, skipping...
[ERROR - 2025-10-25 09:14:25,449 - Worker_3] Status code == 403 for http://pvc.blogosfera.uol.com.br/2015/10/01/kalil-preve-revolucao-maior-do-que-copa-uniao-com-sul-minas-rio-2016/, skipping...
[ERROR - 2025-10-25 09:14:31,389 - Worker_4] Status code == 403 for http://economia.uol.com.br/cotacoes/noticias/redacao/2015/10/01/dolar-sobe-apos-duas-quedas-seguidas-e-volta-a-fechar-acima-de-r-4.htm, skipping...
[ERROR - 2025-10-25 09:14:35,615 - Worker_4] Status code == 403 for http://infoamazonia.blogosfera.uol.com.br/2015/10/01/quase-concluida-belo-monte-mudara-o-pulso-das-aguas-da-volta-grande/, skipping...
[ERROR - 2025-10-25 09:14:39,517 - Worker_0] Status code == 403 for http://josecruz.blogosfera.uol.com.br/2015/10/noticia-boa-e-noticia-ruim/, skipping...
[ERROR - 2025-10-25 09:14:39,778 - Worker_4] Status code == 403 for http://fernandorodrigues.blogosfera.uol.com.br/2015/09/29/veja-como-fhc-derrubou-o-pedido-de-impeachment-em-1999/, skipping...
[ERROR - 2025-10-25 09:14:45,921 - Worker_2] Status code == 403 for http://blogdojuliogomes.blogosfera.uol.com.br/2015/10/01/cristiano-501-gols-e-ai-quem-foi-o-melhor-ronaldo/, skipping...
[ERROR - 2025-10-25 09:14:48,059 - Worker_0] Status code == 403 for http://uolesporte.blogosfera.uol.com.br/2015/10/01/neymar-aumenta-colecao-de-carros-e-apresenta-ferrari-avaliada-em-r-2-mi/, skipping...
[ERROR - 2025-10-25 09:14:52,282 - Worker_0] Status code == 403 for http://rodrigomattos.blogosfera.uol.com.br/2015/10/01/cbf-indica-aval-a-sul-minas-mas-pede-48-horas-para-resposta/, skipping...
[ERROR - 2025-10-25 09:15:08,995 - Worker_0] Status code == 403 for http://reginanavarro.blogosfera.uol.com.br/2015/10/01/tenho-74-anos-sou-virgem-e-sinto-muito-desejo-sexual-o-que-voce-faria/, skipping...
[ERROR - 2025-10-25 09:15:10,077 - Worker_3] Status code == 403 for http://nagradedomma.blogosfera.uol.com.br/2015/10/02/corte-de-peso-derruba-melhor-luta-do-ufc-192/, skipping...
[ERROR - 2025-10-25 09:15:14,004 - Worker_4] Status code == 403 for http://blogdojuca.uol.com.br/2015/09/uma-historia-roubada/, skipping...
[ERROR - 2025-10-25 09:15:20,120 - Worker_3] Failed to connect with http://natelinha.ne10.uol.com.br/noticias/2015/10/02/hebe-camargo-ganhara-biografia-autorizada-em-2016-93001.php after 3 attempts, skipping...
[ERROR - 2025-10-25 09:15:22,841 - Worker_4] Status code == 404 for http://entretenimento.uol.com.br/ao-vivo/2015/09/28/austin-city-limits-music-festival.htm, skipping...
[ERROR - 2025-10-25 09:15:35,379 - Worker_4] Status code == 404 for http://esporte.uol.com.br/f1/ultimas-noticias/2015/10/02/red-bull-pode-conseguir-motor-ferrari-na-marra-com-manobra-politica.htm, skipping...
[ERROR - 2025-10-25 09:15:39,195 - Worker_1] Status code == 404 for http://cenapop.virgula.uol.com.br/2015/10/02/95891-conheca-karoline-schwonke-a-loira-que-esta-roubando-a-cena-no-panico-na-band/, skipping...
[ERROR - 2025-10-25 09:15:39,870 - Worker_4] Status code == 403 for http://noticias.uol.com.br/ciencia/ultimas-noticias/redacao/2015/10/02/estudo-revela-formigas-ociosas-e-contesta-fabula-de-animal-trabalhador.htm, skipping...
[ERROR - 2025-10-25 09:15:41,891 - Worker_3] Status code == 403 for http://educacao.uol.com.br/noticias/2015/10/02/enem-2015-cartao-de-confirmacao-fica-disponivel-a-partir-das-14h-desta-6.htm, skipping...
[ERROR - 2025-10-25 09:15:44,035 - Worker_4] Status code == 403 for http://noticias.uol.com.br/ultimas-noticias/efe/2015/10/02/aumenta-tensao-na-cisjordania-apos-assassinato-de-2-israelenses.htm, skipping...
[ERROR - 2025-10-25 09:15:46,042 - Worker_3] Status code == 403 for http://noticias.uol.com.br/ultimas-noticias/agencia-estado/2015/10/02/nardes-lista-18-motivacoes-principais-para-recomendar-rejeicao-de-contas.htm, skipping...
[ERROR - 2025-10-25 09:15:47,756 - Worker_1] Status code == 403 for http://noticias.uol.com.br/internacional/ultimas-noticias/2015/10/02/em-dez-anos-3265-mil-morreram-por-armas-de-fogo-nos-eua-enquanto-terrorismo-matou-313.htm, skipping...
[ERROR - 2025-10-25 09:15:49,858 - Worker_0] Status code == 403 for http://blogdojuca.uol.com.br/2015/10/a-liga-sul-minas-rio-recebeu-a-primeira-oferta/, skipping...
[ERROR - 2025-10-25 09:15:50,196 - Worker_3] Status code == 403 for http://noticias.uol.com.br/politica/ultimas-noticias/2015/10/02/populacao-nao-vai-nem-sentir-da-cpmf-diz-novo-ministro-da-saude.htm, skipping...
[ERROR - 2025-10-25 09:15:54,315 - Worker_0] Status code == 403 for http://uolesporte.blogosfera.uol.com.br/2015/10/02/sharapova-e-parada-pela-policia-para-tirar-uma-selfie/, skipping...
[ERROR - 2025-10-25 09:15:54,358 - Worker_3] Status code == 403 for http://noticias.uol.com.br/ultimas-noticias/agencia-estado/2015/10/02/suica-diz-que-cunha-abriu-empresas-de-fachada-para-tentar-ocultar-contas.htm, skipping...
[ERROR - 2025-10-25 09:16:03,863 - Worker_0] Status code == 403 for http://josiasdesouza.blogosfera.uol.com.br/2015/10/02/esperteza-de-cunha-foi-tanta-que-comeu-o-dono/, skipping...
[ERROR - 2025-10-25 09:16:08,609 - Worker_3] Status code == 403 for http://blogdosakamoto.blogosfera.uol.com.br/2015/10/02/massacre-do-carandiru-23-anos-bandido-bom-e-o-morto-diz-um-povo-doente/, skipping...
[ERROR - 2025-10-25 09:16:15,149 - Worker_3] Status code == 403 for http://noticias.uol.com.br/ultimas-noticias/agencia-estado/2015/10/02/promotoria-investiga-viagens-de-aecio-ao-rio-de-janeiro.htm, skipping...
[ERROR - 2025-10-25 09:16:21,914 - Worker_3] Status code == 403 for http://blogdobaldini.blogosfera.uol.com.br/2015/10/02/ali-x-holmes-completa-35-anos-a-luta-que-jamais-deveria-ter-acontecido/, skipping...
[ERROR - 2025-10-25 09:16:33,082 - Worker_0] Status code == 403 for http://economia.uol.com.br/cotacoes/noticias/redacao/2015/10/02/dolar-cai-no-dia-e-na-semana-e-fecha-a-r-3946-apos-seis-semanas-de-alta.htm, skipping...
[ERROR - 2025-10-25 09:16:54,240 - Worker_0] Status code == 403 for http://reginanavarro.blogosfera.uol.com.br/2015/10/01/tenho-74-anos-sou-virgem-e-sinto-muito-desejo-sexual-o-que-voce-faria/, skipping...
[ERROR - 2025-10-25 09:17:16,994 - Worker_0] Status code == 403 for http://noticias.uol.com.br/politica/ultimas-noticias/2015/10/02/justica-bloqueia-bens-de-ex-prefeita-e-pede-devolucao-de-r-4-milhoes.htm, skipping...
[ERROR - 2025-10-25 09:17:43,773 - Worker_0] Status code == 404 for http://blogs.ne10.uol.com.br/jamildo/2015/10/03/cgu-pede-acesso-a-dados-da-operacao-lava-jato/, skipping...
[ERROR - 2025-10-25 09:17:53,249 - Worker_0] Status code == 403 for http://uolesporte.blogosfera.uol.com.br/2015/10/03/ta-bombando-jogador-errou-o-penalti-mas-salvou-seu-time-por-saber-a-regra/, skipping...
[ERROR - 2025-10-25 09:18:09,810 - Worker_0] Status code == 403 for http://uolesporte.blogosfera.uol.com.br/2015/10/03/universidade-dos-eua-e-acusada-de-usar-prostitutas-para-recrutar-jogadores/, skipping...
[ERROR - 2025-10-25 09:18:23,635 - Worker_4] Status code == 403 for http://blogdoperrone.blogosfera.uol.com.br/2015/10/abilio-levanta-suspeita-e-negociacao-de-rodrigo-caio-e-investigada-no-spfc/, skipping...
[ERROR - 2025-10-25 09:18:28,613 - Worker_0] Status code == 403 for http://uolesporte.blogosfera.uol.com.br/2015/10/02/ta-bombando-jogador-errou-o-penalti-mas-salvou-seu-time-por-saber-a-regra, skipping...
[ERROR - 2025-10-25 09:18:35,065 - Worker_1] Status code == 403 for http://educacao.uol.com.br/album/2015/10/02/para-curtir-e-compartilhar-veja-memes-sobre-o-enem-e-vestibulares.htm?abrefoto=5, skipping...
[ERROR - 2025-10-25 09:18:37,381 - Worker_4] Status code == 403 for http://noticias.uol.com.br/internacional/ultimas-noticias/2015/10/03/ataque-a-hospital-no-afeganistao-pode-ser-crime-de-guerra-segundo-onu.htm, skipping...
[ERROR - 2025-10-25 09:18:37,547 - Worker_0] Status code == 403 for http://mauriciostycer.blogosfera.uol.com.br/2015/10/03/cinco-segredos-chocantes-revelados-por-joao-kleber-na-tv, skipping...
[ERROR - 2025-10-25 09:18:43,252 - Worker_2] Status code == 403 for http://blogdojuca.uol.com.br/2015/10/o-recado-de-kalil/, skipping...
[ERROR - 2025-10-25 09:18:47,779 - Worker_0] Status code == 403 for http://todosabordo.blogosfera.uol.com.br/2015/10/04/novos-projetos-imaginam-aviao-com-assentos-deslizantes-e-poltronas-beliche/, skipping...
[ERROR - 2025-10-25 09:18:57,608 - Worker_0] Status code == 400 for http://entretenimento.band.uol.com.br/masterchef/2015/noticias/100000774349/crian%E7a-n%E3o-tem-muita-dificuldade-diz-empres%E1rio.html, skipping...
[ERROR - 2025-10-25 09:19:03,377 - Worker_1] Status code == 404 for http://entretenimento.uol.com.br/ao-vivo/2015/09/28/austin-city-limits-music-festival.htm, skipping...
[ERROR - 2025-10-25 09:19:08,151 - Worker_1] Status code == 403 for http://nilsonxavier.blogosfera.uol.com.br/2015/10/04/i-love-paraisopolis-se-sustenta-em-suas-divertidas-tramas-paralelas/, skipping...
[ERROR - 2025-10-25 09:19:31,802 - Worker_2] Status code == 403 for http://pvc.blogosfera.uol.com.br/2015/10/04/osorio-anuncia-se-sai-na-quarta-feira-sao-paulo-prepara-se-para-saida/, skipping...
[ERROR - 2025-10-25 09:19:33,662 - Worker_1] Status code == 500 for http://noticias.uol.com.br/album/2015/09/28/bichos-da-semana.htm?abrefoto=19, skipping...
[ERROR - 2025-10-25 09:19:46,751 - Worker_1] Status code == 403 for http://noticias.uol.com.br/album/2015/10/04/animais-ganham-bencao-e-missa-em-sp-no-dia-de-sao-francisco.htm?abrefoto=5, skipping...
[ERROR - 2025-10-25 09:19:51,588 - Worker_2] Status code == 403 for http://noticias.uol.com.br/midiaglobal/nytimes/2015/10/04/imigrantes-tentam-fugir-da-pobreza-na-alemanha-mas-acham-apenas-uma-passagem-de-volta.htm, skipping...
[ERROR - 2025-10-25 09:19:51,647 - Worker_1] Status code == 403 for http://uolesporte.blogosfera.uol.com.br/2015/10/04/cristiano-ronaldo-tem-nova-conquista-modelo-dinamarquesa-de-19-anos/, skipping...
[ERROR - 2025-10-25 09:20:03,525 - Worker_2] Status code == 403 for http://uolesporte.blogosfera.uol.com.br/2015/10/04/jogo-adiado-por-temporal-na-franca-tem-ate-rato-em-vestiario/, skipping...
[ERROR - 2025-10-25 09:20:06,581 - Worker_4] Failed to connect with http://esporte.uol.com.br/futebol/campeonatos/brasileiro/serie-a/ultimas-noticias/2015/10/04/apos-ceni-cavalieri-tambem-se-da-mal-ao-trocar-maos-pelos-pes.htm after 3 attempts, skipping...
[ERROR - 2025-10-25 09:20:08,994 - Worker_0] Status code == 403 for http://noticias.uol.com.br/album/2015/10/04/inundacoes-provocam-mortes-e-destruicao-no-sul-da-franca.htm?abrefoto=2, skipping...
[ERROR - 2025-10-25 09:20:10,466 - Worker_3] Status code == 403 for http://blogdojuca.uol.com.br/2015/10/salve-o-hino-do-brasil/, skipping...
[ERROR - 2025-10-25 09:20:14,536 - Worker_0] Status code == 403 for http://tecnologia.uol.com.br/noticias/redacao/2015/10/04/jovens-adultos-checam-iphone-em-media-123-vezes-por-dia-diz-pesquisa.htm, skipping...
[ERROR - 2025-10-25 09:20:14,995 - Worker_3] Status code == 403 for http://uolesporte.blogosfera.uol.com.br/2015/10/04/este-gol-perdido-por-um-argentino-na-italia-vai-te-deixar-com-vergonha/, skipping...
[ERROR - 2025-10-25 09:20:18,700 - Worker_0] Status code == 403 for http://noticias.uol.com.br/album/2015/10/03/deslizamento-na-guatemala-deixa-dezenas-de-mortos-e-desaparecidos.htm?abrefoto=17, skipping...
[ERROR - 2025-10-25 09:20:19,469 - Worker_3] Status code == 403 for http://oblogdorugbi.blogosfera.uol.com.br/2015/10/05/ex-numero-1-do-mundo-inglaterra-iguala-seu-pior-ranking-da-historia/, skipping...
[ERROR - 2025-10-25 09:20:20,229 - Worker_4] Status code == 403 for http://noticias.uol.com.br/ultimas-noticias/agencia-estado/2015/10/05/defesa-de-pizzolato-recorre-a-corte-europeia-de-direitos-humanos.htm, skipping...
[ERROR - 2025-10-25 09:20:29,013 - Worker_0] Status code == 403 for http://uolesporte.blogosfera.uol.com.br/2015/10/05/que-isso-doutor-medico-trapalhao-da-carrinho-em-jogador-na-alemanha/, skipping...
[ERROR - 2025-10-25 09:20:31,068 - Worker_3] Status code == 403 for http://noticias.uol.com.br/ultimas-noticias/agencia-estado/2015/10/05/indicador-de-vulnerabilidade-social-cai-225-na-grande-sp.htm, skipping...
[ERROR - 2025-10-25 09:20:38,212 - Worker_1] Failed to connect with http://natelinha.ne10.uol.com.br/afazenda/2015/10/05/a-fazenda-pra-mim-casamento-era-pra-vida-toda-diz-rayanne-morais-93078.php after 3 attempts, skipping...
[ERROR - 2025-10-25 09:20:40,093 - Worker_0] Status code == 403 for http://noticias.uol.com.br/ultimas-noticias/agencia-estado/2015/10/05/utc-pede-a-eletronuclear-para-sair-do-consorcio-de-angra-3.htm, skipping...
[ERROR - 2025-10-25 09:20:42,386 - Worker_1] Status code == 403 for http://noticias.uol.com.br/album/2015/10/03/veja-quem-pretende-disputar-a-prefeitura-de-sao-paulo-em-2016.htm?abrefoto=15, skipping...
[ERROR - 2025-10-25 09:20:44,259 - Worker_0] Status code == 403 for http://noticias.uol.com.br/ultimas-noticias/agencia-estado/2015/10/05/portaria-da-aeronautica-pode-comprometer-bandeira-da-gestao-haddad.htm, skipping...
[ERROR - 2025-10-25 09:20:54,301 - Worker_0] Failed to connect with http://natelinha.ne10.uol.com.br/espelhomeu/comportamento/2015/10/02/doenca-de-romero-romulo-em-a-regra-do-jogo-afeta-30-mil-brasileiros-262.php after 3 attempts, skipping...
[ERROR - 2025-10-25 09:20:56,380 - Worker_3] Status code == 403 for http://negociosdoesporte.blogosfera.uol.com.br/2015/10/05/escandalo-na-fifa-pode-mudar-relacao-de-patrocinio-no-esporte/, skipping...
[ERROR - 2025-10-25 09:21:03,035 - Worker_2] Status code == 403 for http://noticias.uol.com.br/ultimas-noticias/reuters/2015/10/05/pessoas-morreram-reunidas-em-deslizamento-de-terra-na-guatemala.htm, skipping...
[ERROR - 2025-10-25 09:21:03,186 - Worker_3] Status code == 403 for http://paginacinco.blogosfera.uol.com.br/2015/10/05/grandes-vendas-a-vista-hebe-camargo-e-padre-marcelo-ganham-biografias/, skipping...
[ERROR - 2025-10-25 09:21:04,248 - Worker_4] Status code == 403 for http://blogdosakamoto.blogosfera.uol.com.br/2015/10/05/projeto-de-lei-propoe-que-voce-informe-seu-cpf-para-acessar-um-site/, skipping...
[ERROR - 2025-10-25 09:21:06,390 - Worker_0] Status code == 403 for http://noticias.uol.com.br/midiaglobal/the-international-new-york-times/2015/10/05/analise-a-libia-esta-a-caminho-de-um-novo-gaddafi.htm, skipping...
[ERROR - 2025-10-25 09:21:07,304 - Worker_2] Status code == 403 for http://nagradedomma.blogosfera.uol.com.br/2015/10/05/campea-do-tuf-desafia-tyson-ronda-e-usa-classico-do-boxe-para-provocar/, skipping...
[ERROR - 2025-10-25 09:21:07,351 - Worker_1] Status code == 403 for http://pvc.blogosfera.uol.com.br/2015/10/04/osorio-anuncia-se-sai-na-quarta-feira-sao-paulo-prepara-se-para-saida/, skipping...
[ERROR - 2025-10-25 09:21:08,398 - Worker_4] Status code == 403 for http://noticias.uol.com.br/ultimas-noticias/agencia-estado/2015/10/05/aeronautica-reduz-em-ate-100-metros-altura-de-predios-em-area-de-aeroportos.htm, skipping...
[ERROR - 2025-10-25 09:21:09,693 - Worker_3] Status code == 403 for http://uolesporte.blogosfera.uol.com.br/2015/10/04/cristiano-ronaldo-tem-nova-conquista-modelo-dinamarquesa-de-19-anos/, skipping...
[ERROR - 2025-10-25 09:21:14,468 - Worker_0] Status code == 404 for http://esporte.uol.com.br/f1/ultimas-noticias/2015/10/05/alonso-foi-o-mais-ultrapassado-dos-ultimos-gps-e-sofrimento-deve-continuar.htm, skipping...
[ERROR - 2025-10-25 09:21:16,040 - Worker_2] Status code == 403 for http://noticias.uol.com.br/ultimas-noticias/agencia-estado/2015/10/05/novo-ministro-das-comunicacoes-critica-ajuste-fiscal-e-sugere-alternativa-a-cpmf.htm, skipping...
[ERROR - 2025-10-25 09:21:16,147 - Worker_3] Status code == 403 for http://noticias.uol.com.br/ciencia/ultimas-noticias/afp/2015/10/05/numero-de-mortos-por-deslizamento-na-guatemala-sobe-para-142.htm, skipping...
[ERROR - 2025-10-25 09:21:17,859 - Worker_4] Status code == 403 for http://noticias.uol.com.br/album/2015/10/05/bichos-da-semana.htm?abrefoto=8, skipping...
[ERROR - 2025-10-25 09:21:20,280 - Worker_3] Status code == 403 for http://noticias.uol.com.br/cotidiano/ultimas-noticias/2015/10/05/manifestacao-de-mulheres-cobra-metro-de-sp-sobre-casos-de-assedio-sexual.htm, skipping...
[ERROR - 2025-10-25 09:21:20,916 - Worker_0] Status code == 403 for http://noticias.uol.com.br/ultimas-noticias/agencia-estado/2015/10/05/policia-vai-indiciar-traficante-tinenem-pela-morte-de-empresaria.htm, skipping...
[ERROR - 2025-10-25 09:21:24,523 - Worker_3] Status code == 403 for http://doutorjairo.blogosfera.uol.com.br/2015/09/16/estudo-avalia-riscos-do-uso-de-antidepressivo-na-gravidez/, skipping...
[ERROR - 2025-10-25 09:21:25,159 - Worker_0] Status code == 403 for http://educacao.uol.com.br/colunas/guilherme-cabral/2015/10/05/a-educacao-para-a-etica-sem-a-desculpa-do-nao-fui-so-eu.htm, skipping...
[ERROR - 2025-10-25 09:21:26,562 - Worker_4] Status code == 403 for http://noticias.uol.com.br/internacional/ultimas-noticias/2015/10/05/aviao-e-desviado-com-seguranca-apos-morte-de-piloto-durante-voo-nos-eua.htm, skipping...
[ERROR - 2025-10-25 09:21:27,610 - Worker_2] Status code == 403 for http://blogdoperrone.blogosfera.uol.com.br/2015/10/corinthians-espera-quitar-imagens-atrasadas-nesta-semana-com-grana-da-globo/, skipping...
[ERROR - 2025-10-25 09:21:29,292 - Worker_0] Status code == 403 for http://noticias.uol.com.br/ultimas-noticias/agencia-estado/2015/10/05/lider-do-psdb-na-camara-diz-que-cunha-tem-por-ora-o-beneficio-da-duvida.htm, skipping...
[ERROR - 2025-10-25 09:21:31,014 - Worker_3] Status code == 403 for http://blogdorafaelreis.blogosfera.uol.com.br/2015/10/06/afinal-quantos-brasileiros-jogam-no-exterior-e-que-paises-mais-contratam/, skipping...
[ERROR - 2025-10-25 09:21:34,095 - Worker_2] Status code == 403 for http://noticias.uol.com.br/ultimas-noticias/agencia-estado/2015/10/06/psdb-reavalia-apoio-a-cunha-e-estuda-saida-honrosa-para-o-presidente-da-camara.htm, skipping...
[ERROR - 2025-10-25 09:21:35,243 - Worker_3] Status code == 403 for http://rodrigomattos.blogosfera.uol.com.br/2015/10/06/clubes-brasileiros-ja-toparam-jogar-champions-das-americas-diz-fundador/, skipping...
[ERROR - 2025-10-25 09:21:35,280 - Worker_4] Status code == 403 for http://josiasdesouza.blogosfera.uol.com.br/2015/10/06/joaquim-barbosa-diz-nao-levar-o-psdb-a-serio/, skipping...
[ERROR - 2025-10-25 09:21:38,288 - Worker_2] Status code == 403 for http://noticias.uol.com.br/saude/ultimas-noticias/bbc/2015/10/06/garoto-sobrevive-apos-acidente-em-que-cranio-foi-separado-de-coluna.htm, skipping...
[ERROR - 2025-10-25 09:21:41,741 - Worker_3] Status code == 403 for http://noticias.uol.com.br/internacional/ultimas-noticias/2015/10/06/general-americano-admite-que-atacar-hospital-afegao-foi-decisao-e-erro-dos-eua.htm, skipping...
[ERROR - 2025-10-25 09:21:42,442 - Worker_2] Status code == 403 for http://noticias.uol.com.br/ciencia/ultimas-noticias/bbc/2015/10/06/nasa-abre-arquivo-online-com-fotos-raras-e-historicas-da-conquista-da-lua.htm, skipping...
[ERROR - 2025-10-25 09:21:43,820 - Worker_4] Status code == 404 for http://jogos.uol.com.br/ultimas-noticias/2015/10/06/apesar-do-dolar-alto-videogame-nos-eua-ainda-e-mais-barato-que-no-brasil.htm, skipping...
[ERROR - 2025-10-25 09:21:45,890 - Worker_3] Status code == 403 for http://noticias.uol.com.br/midiaglobal/lemonde/2015/10/06/jerusalem-e-cisjordania-ficam-a-beira-de-uma-convulsao-social.htm, skipping...
[ERROR - 2025-10-25 09:21:46,667 - Worker_2] Status code == 403 for http://blogdobirner.blogosfera.uol.com.br/2015/10/06/professor-milagreiro-osorio-e-uma-perda-irreparavel/, skipping...
[ERROR - 2025-10-25 09:21:50,891 - Worker_2] Status code == 403 for http://uolesportevetv.blogosfera.uol.com.br/2015/10/06/milton-leite-costuma-narrar-vexames-do-palmeiras-ate-juiz-ficou-com-pena/, skipping...
[ERROR - 2025-10-25 09:22:00,438 - Worker_3] Status code == 403 for http://colunaesplanada.blogosfera.uol.com.br/2015/10/06/senador-evangelico-anuncia-o-lancamento-do-partido-da-vida/, skipping...
[ERROR - 2025-10-25 09:22:01,962 - Worker_2] Status code == 403 for http://blogdoboleiro.blogosfera.uol.com.br/2015/10/06/historias-de-vexames-marcos-ja-torceu-para-o-palmeiras-levar-o-setimo-gol/, skipping...
[ERROR - 2025-10-25 09:22:03,026 - Worker_1] Status code == 403 for http://noticias.uol.com.br/ultimas-noticias/agencia-estado/2015/10/06/rio-branco-no-acre-vive-clima-de-terror-com-serie-de-ataques.htm, skipping...
[ERROR - 2025-10-25 09:22:04,365 - Worker_0] Status code == 403 for http://noticias.uol.com.br/internacional/ultimas-noticias/2015/10/06/copiloto-desmaia-e-aviao-faz-pouso-de-emergencia-nos-eua.htm, skipping...
[ERROR - 2025-10-25 09:22:08,580 - Worker_0] Status code == 403 for http://uolesporte.blogosfera.uol.com.br/2015/10/06/ferrari-conversivel-de-neymar-vai-sair-de-linha-veja-os-numeros-do-carrao/, skipping...
[ERROR - 2025-10-25 09:22:08,595 - Worker_2] Status code == 403 for http://josecruz.blogosfera.uol.com.br/2015/10/atletismo-do-rio-no-desprezo-mas-governo-aplica-r-70-milhoes-em-pistas/, skipping...
[ERROR - 2025-10-25 09:22:12,781 - Worker_0] Status code == 403 for http://uolesporte.blogosfera.uol.com.br/2015/10/05/lutadora-aparece-nua-em-foto-apos-vencer-luta-no-ufc-192/, skipping...
[ERROR - 2025-10-25 09:22:16,276 - Worker_3] Status code == 403 for http://todosabordo.blogosfera.uol.com.br/2015/10/06/mascaras-de-oxigenio-cairao-automaticamente-duvidas-sobre-despressurizacao/, skipping...
[ERROR - 2025-10-25 09:22:25,208 - Worker_3] Status code == 403 for http://noticias.uol.com.br/ultimas-noticias/agencia-estado/2015/10/06/cunha-nega-mais-um-pedido-de-impeachment-restam-oito-para-analise.htm, skipping...
[ERROR - 2025-10-25 09:22:36,765 - Worker_3] Status code == 403 for http://noticias.uol.com.br/internacional/ultimas-noticias/the-new-york-times/2015/10/06/atiradores-tem-perfil-mas-e-o-mesmo-de-muitos-outros-que-nao-fazem-mal-a-ninguem.htm, skipping...
[ERROR - 2025-10-25 09:22:40,926 - Worker_3] Status code == 403 for http://noticias.uol.com.br/internacional/ultimas-noticias/2015/10/06/para-aliviar-prisoes-lotadas-eua-planejam-soltar-6000-detentos-condenados-por-crimes-de-drogas.htm, skipping...
[ERROR - 2025-10-25 09:22:57,585 - Worker_2] Status code == 403 for http://noticias.uol.com.br/album/bbc/2015/10/07/rios-de-cores-national-geographic-divulga-destaques-de-concurso-anual.htm?abrefoto=3, skipping...
[ERROR - 2025-10-25 09:22:57,701 - Worker_3] Status code == 404 for http://noticias.ne10.uol.com.br/interior/policia/noticia/2015/10/07/professora-e-suspeita-de-colocar-tranquilizante-em-suco-de-alunos-em-sanharo-573327.php, skipping...
[ERROR - 2025-10-25 09:22:58,833 - Worker_0] Status code == 403 for http://blogdoico.blogosfera.uol.com.br/2015/10/07/sergio-perez-esta-animado-e-meu-melhor-momento-na-formula-1/, skipping...
[ERROR - 2025-10-25 09:23:01,737 - Worker_2] Status code == 403 for http://noticias.uol.com.br/ultimas-noticias/agencia-estado/2015/10/07/comissao-da-camara-aprova-aumento-de-16-para-ministros-do-stf.htm, skipping...
[ERROR - 2025-10-25 09:23:08,435 - Worker_2] Status code == 403 for http://educacao.uol.com.br/noticias/2015/10/07/pichacao-racista-e-encontrada-em-banheiro-do-mackenzie-em-sp.htm, skipping...
[ERROR - 2025-10-25 09:23:23,124 - Worker_2] Status code == 403 for http://noticias.uol.com.br/ciencia/ultimas-noticias/bbc/2015/10/06/nasa-abre-arquivo-online-com-fotos-raras-e-historicas-da-conquista-da-lua.htm, skipping...
[ERROR - 2025-10-25 09:23:31,564 - Worker_4] Failed to connect with http://blogjp.jovempan.uol.com.br/wanderleynogueira/2015/10/nao-e-delirio-achar-que-o-chile-e-melhor-que-o-brasil-neste-momento/ after 3 attempts, skipping...
[ERROR - 2025-10-25 09:23:32,438 - Worker_2] Status code == 403 for http://noticias.uol.com.br/ultimas-noticias/agencia-estado/2015/10/07/ministro-do-stf-abre-inquerito-para-investigar-presidente-do-dem.htm, skipping...
[ERROR - 2025-10-25 09:23:33,089 - Worker_0] Status code == 403 for http://blogdojuca.uol.com.br/2015/10/uma-quarta-feira-vazia-a-espera-da-selecao/, skipping...
[ERROR - 2025-10-25 09:23:36,598 - Worker_2] Status code == 403 for http://noticias.uol.com.br/ultimas-noticias/agencia-estado/2015/10/07/alckmin-afirma-que-deu-ordem-para-revogar-sigilo-do-metro.htm, skipping...
[ERROR - 2025-10-25 09:23:40,812 - Worker_2] Status code == 403 for http://noticias.uol.com.br/ultimas-noticias/bbc/2015/10/07/tcu-saiba-nas-maos-de-quem-esta-possivel-faisca-para-impeachment.htm, skipping...
[ERROR - 2025-10-25 09:23:41,238 - Worker_0] Status code == 403 for http://noticias.uol.com.br/ultimas-noticias/agencia-estado/2015/10/07/policia-detem-mae-que-abandonou-crianca-em-higienopolis.htm, skipping...
[ERROR - 2025-10-25 09:23:42,985 - Worker_3] Status code == 403 for http://economia.uol.com.br/imposto-de-renda/noticias/redacao/2015/10/07/receita-libera-consulta-ao-5-lote-de-restituicoes-do-ir-confira.htm, skipping...
[ERROR - 2025-10-25 09:23:50,979 - Worker_4] Status code == 403 for http://economia.uol.com.br/empregos-e-carreiras/noticias/redacao/2015/10/07/buscando-trabalho-refugiados-tem-dificuldade-para-comprovar-formacao.htm, skipping...
[ERROR - 2025-10-25 09:23:56,855 - Worker_3] Status code == 403 for http://economia.uol.com.br/empregos-e-carreiras/noticias/redacao/2015/10/07/site-reune-historias-de-refugiados-no-brasil-para-atrair-ofertas-de-emprego.htm, skipping...
[ERROR - 2025-10-25 09:24:07,100 - Worker_1] Status code == 403 for http://blogdobrito.blogosfera.uol.com.br/2015/10/07/aidar-se-diz-frustrado-com-osorio-e-que-tecnico-teve-prejuizo-no-sao-paulo/, skipping...
[ERROR - 2025-10-25 09:24:11,358 - Worker_0] Status code == 403 for http://todosabordo.blogosfera.uol.com.br/2015/10/07/airbus-imagina-como-colocar-mais-passageiros-a-bordo-uns-sobre-os-outros/, skipping...
[ERROR - 2025-10-25 09:24:11,742 - Worker_4] Status code == 403 for http://economia.uol.com.br/cotacoes/noticias/redacao/2015/10/07/dolar-sobe-quase-1-e-fecha-a-r-3877-apos-tres-quedas.htm, skipping...
[ERROR - 2025-10-25 09:24:22,440 - Worker_0] Status code == 403 for http://economia.uol.com.br/noticias/redacao/2015/10/07/greve-de-bancarios-atinge-agencias-de-todos-os-estados-dizem-sindicatos.htm, skipping...
[ERROR - 2025-10-25 09:24:22,600 - Worker_4] Status code == 403 for http://blogdoohata.blogosfera.uol.com.br/2015/10/07/prefeitura-preve-custo-zero-com-eventos-de-olimpiada-16-na-cidade/, skipping...
[ERROR - 2025-10-25 09:24:25,835 - Worker_1] Status code == 403 for http://economia.uol.com.br/cotacoes/noticias/redacao/2015/10/07/bolsa-avanca-25-na-setima-alta-seguida-vale-dispara-10-e-petrobras-5.htm, skipping...
[ERROR - 2025-10-25 09:24:49,258 - Worker_1] Status code == 403 for http://mauriciostycer.blogosfera.uol.com.br/2015/10/08/a-praga-da-distracao-10-erros-grosseiros-em-novelas-e-series-de-tv/, skipping...
[ERROR - 2025-10-25 09:24:51,508 - Worker_4] Status code == 403 for http://pvc.blogosfera.uol.com.br/2015/10/08/carta-enderecada-a-aidar-por-ex-vice-exige-renuncia-e-ameaca-impeachment/?preview=true, skipping...
[ERROR - 2025-10-25 09:24:55,797 - Worker_2] Status code == 403 for http://noticias.uol.com.br/meio-ambiente/album/2015/10/08/energia-de-paineis-solares-permite-conservacao-de-alimentos-na-amazonia.htm?abrefoto=6, skipping...
[ERROR - 2025-10-25 09:24:56,088 - Worker_3] Status code == 403 for http://tecnologia.uol.com.br/noticias/bbc/2015/10/07/smurfs-podem-controlar-seu-celular-sem-voce-saber-segundo-snowden.htm, skipping...
[ERROR - 2025-10-25 09:25:02,178 - Worker_4] Status code == 403 for http://noticias.uol.com.br/album/album-do-dia/2015/10/08/imagens-do-dia---8-de-outubro-de-2015.htm?abrefoto=17, skipping...
[ERROR - 2025-10-25 09:25:02,272 - Worker_2] Status code == 403 for http://noticias.uol.com.br/album/album-do-dia/2015/10/08/imagens-do-dia---8-de-outubro-de-2015.htm?abrefoto=13, skipping...
[ERROR - 2025-10-25 09:25:05,768 - Worker_1] Status code == 403 for http://noticias.uol.com.br/internacional/ultimas-noticias/2015/10/08/wikipedia-pede-ajuda-para-localizar-colaborador-desaparecido-na-siria.htm, skipping...
[ERROR - 2025-10-25 09:25:06,330 - Worker_4] Status code == 403 for http://noticias.uol.com.br/cotidiano/ultimas-noticias/2015/10/08/acre-transfere-15-presos-para-presidios-federais-em-outros-estados.htm, skipping...
[ERROR - 2025-10-25 09:25:35,857 - Worker_3] Status code == 403 for http://blogdoavallone.blogosfera.uol.com.br/2015/10/08/o-presidente-preferido-do-tricolor-doutor-geraldo-e-o-chile-e-favorito-contra-o-brasil/, skipping...
[ERROR - 2025-10-25 09:25:38,529 - Worker_2] Status code == 403 for http://noticias.uol.com.br/blogs-e-colunas/coluna/jorge-ramos/2015/10/08/paz-para-meus-amigos.htm, skipping...
[ERROR - 2025-10-25 09:25:48,653 - Worker_2] Failed to connect with http://parabolica.jovempanfm.bol.uol.com.br/parabolica/destaque/2015/10/08/eliana-trabalha-um-dia-no-metro-e-aprende-a-lutar-com-seguranca-gato-veja/ after 3 attempts, skipping...
[ERROR - 2025-10-25 09:26:00,476 - Worker_0] Status code == 403 for http://noticias.uol.com.br/ultimas-noticias/agencia-estado/2015/10/08/brasil-repatria-r-774-milhoes-do-ex-juiz-rocha-mattos-na-suica.htm, skipping...
[ERROR - 2025-10-25 09:26:04,677 - Worker_0] Status code == 403 for http://pvc.blogosfera.uol.com.br/2015/10/08/faz-trinta-anos-e-o-brasil-ja-tinha-medo-das-eliminatorias-sul-americanas/, skipping...
[ERROR - 2025-10-25 09:26:08,890 - Worker_0] Status code == 403 for http://noticias.uol.com.br/opiniao/coluna/2015/10/08/bandidos-nao-devem-ser-tratados-como-se-fossem-encarnacao-do-mal.htm, skipping...
[ERROR - 2025-10-25 09:26:14,377 - Worker_1] Status code == 404 for http://entretenimento.band.uol.com.br/masterchef/2015/noticias/100000775167/erick-jacquin-avalia-a-comida-do-bom-prato-o-tempero-e-bom.html, skipping...
[ERROR - 2025-10-25 09:26:17,200 - Worker_3] Status code == 403 for http://blogdobirner.blogosfera.uol.com.br/2015/10/08/doriva-eurico-aidar-e-os-conselheiros-do-sao-paulo/, skipping...
[ERROR - 2025-10-25 09:26:18,478 - Worker_4] Status code == 403 for http://matias.blogosfera.uol.com.br/2015/10/07/elza-soares-lanca-um-dos-melhores-discos-de-2015-num-show-impecavel/, skipping...
[ERROR - 2025-10-25 09:26:23,283 - Worker_2] Status code == 403 for http://negociosdoesporte.blogosfera.uol.com.br/2015/10/08/o-futebol-precisa-de-um-uber-para-quebrar-a-banca/, skipping...
[ERROR - 2025-10-25 09:26:25,301 - Worker_3] Status code == 404 for http://esporte.uol.com.br/f1/ultimas-noticias/2015/10/08/apos-problema-misterioso-felipe-nasr-tera-carro-quase-novo-na-russia.htm, skipping...
[ERROR - 2025-10-25 09:26:32,991 - Worker_0] Status code == 403 for http://uolesporte.blogosfera.uol.com.br/2015/10/09/torcida-invade-campo-e-ganha-autografos-de-goleiro-do-real-com-jogo-rolando/, skipping...
[ERROR - 2025-10-25 09:26:43,480 - Worker_1] Status code == 403 for http://educacao.uol.com.br/noticias/2015/10/09/sem-informacao-estudantes-de-sp-temem-ir-para-escolas-piores.htm, skipping...
[ERROR - 2025-10-25 09:26:47,751 - Worker_1] Status code == 403 for http://bakeoffbrasil.blogosfera.uol.com.br/2015/10/09/nao-vou-aceitar-coco-de-cavalo-com-palitinho-diz-fasano-em-semifinal/, skipping...
[ERROR - 2025-10-25 09:26:51,979 - Worker_1] Status code == 403 for http://rodrigomattos.blogosfera.uol.com.br/2015/10/09/liga-sul-minas-diz-ter-obtido-aval-da-cbf-e-ja-se-reune-com-globo/, skipping...
[ERROR - 2025-10-25 09:26:58,787 - Worker_1] Status code == 403 for http://fernandorodrigues.blogosfera.uol.com.br/2015/10/09/comissao-tem-82-dias-para-analisar-pedaladas-e-caso-so-se-resolve-em-2016/, skipping...
[ERROR - 2025-10-25 09:27:05,571 - Worker_1] Status code == 403 for http://blogdorafaelreis.blogosfera.uol.com.br/2015/10/09/eder-tem-mais-gols-que-neymar-na-temporada-mas-preferiu-outra-selecao/, skipping...
[ERROR - 2025-10-25 09:27:07,668 - Worker_4] Status code == 403 for http://noticias.uol.com.br/ultimas-noticias/reuters/2015/10/09/em-visita-de-dilma-brasil-e-colombia-fecham-acordos-para-ampliar-comercio.htm, skipping...
[ERROR - 2025-10-25 09:27:15,731 - Worker_0] Status code == 500 for http://tvefamosos.uol.com.br/colunas/flavio-ricco/2015/10/09/jogo-aberto-da-band-ainda-e-do-seculo-passado.htm, skipping...
[ERROR - 2025-10-25 09:27:17,074 - Worker_4] Status code == 403 for http://blogdomenon.blogosfera.uol.com.br/2015/10/09/cinira-impede-a-renuncia-articulada-por-abilio/, skipping...
[ERROR - 2025-10-25 09:27:23,603 - Worker_1] Status code == 403 for http://uolesporte.blogosfera.uol.com.br/2015/10/09/veja-como-neymar-dirige-sua-ferrari-em-barcelona/, skipping...
[ERROR - 2025-10-25 09:27:27,833 - Worker_1] Status code == 403 for http://bakeoffbrasil.blogosfera.uol.com.br/2015/10/09/maisa-silva-e-ex-chiquititas-viram-juradas-mirins-no-bake-off-brasil/, skipping...
[ERROR - 2025-10-25 09:27:32,035 - Worker_1] Status code == 403 for http://economia.uol.com.br/noticias/infomoney/2015/10/07/veja-quanto-e-onde-investir-por-mes-para-ser-um-milionario-aos-50.htm, skipping...
[ERROR - 2025-10-25 09:27:32,989 - Worker_4] Status code == 403 for http://blogdobrito.blogosfera.uol.com.br/2015/10/09/eurico-miranda-e-alexandre-kalil-sao-convidados-a-depor-na-cpi-do-futebol/, skipping...
[ERROR - 2025-10-25 09:27:36,277 - Worker_1] Status code == 403 for http://noticias.uol.com.br/opiniao/coluna/2015/10/09/participacao-social-legitima-atuacao-de-tribunais-de-contas.htm, skipping...
[ERROR - 2025-10-25 09:27:45,283 - Worker_1] Status code == 403 for http://economia.uol.com.br/noticias/redacao/2015/10/09/sem-acordo-agencias-bancarias-devem-continuar-paradas-na-proxima-semana.htm, skipping...
[ERROR - 2025-10-25 09:27:53,455 - Worker_2] Status code == 403 for http://robertosadovski.blogosfera.uol.com.br/2015/10/09/owen-wilson-o-astro-mais-improvavel-do-cinema-estreia-em-dose-dupla/, skipping...
[ERROR - 2025-10-25 09:28:04,616 - Worker_2] Status code == 403 for http://uolmusica.blogosfera.uol.com.br/2015/10/09/atriz-paula-barbosa-de-i-love-paraisopolis-lanca-primeira-musica-ouca/, skipping...
[ERROR - 2025-10-25 09:28:42,071 - Worker_1] Status code == 403 for http://blogdojuca.uol.com.br/2015/10/rede-globo-quer-o-torneio-da-nova-liga/, skipping...
[ERROR - 2025-10-25 09:28:46,388 - Worker_1] Status code == 403 for http://blogdoperrone.blogosfera.uol.com.br/2015/10/corinthians-quer-mudar-acordo-que-dita-vendas-na-arena-para-nao-dar-calote/, skipping...
[ERROR - 2025-10-25 09:28:50,654 - Worker_1] Status code == 403 for http://rodrigomattos.blogosfera.uol.com.br/2015/10/09/sete-pontos-que-explicam-a-crise-na-fifa-e-no-que-pode-dar/, skipping...
[ERROR - 2025-10-25 09:28:53,225 - Worker_2] Status code == 403 for http://noticias.uol.com.br/ultimas-noticias/agencia-estado/2015/10/09/dias-toffoli-refuta-tese-de-jurista-e-diz-que-tse-pode-cassar-dilma.htm, skipping...
[ERROR - 2025-10-25 09:28:54,946 - Worker_3] Status code == 403 for http://noticias.uol.com.br/cotidiano/ultimas-noticias/2015/10/09/universitaria-e-morta-com-30-facadas-no-rosto-e-pescoco-em-sc.htm, skipping...
[ERROR - 2025-10-25 09:28:59,104 - Worker_3] Status code == 403 for http://noticias.uol.com.br/meio-ambiente/album/2015/10/09/populacao-de-animais-selvagens-se-multiplica-em-chernobyl.htm, skipping...
[ERROR - 2025-10-25 09:29:03,845 - Worker_2] Status code == 403 for http://blogdoohata.blogosfera.uol.com.br/2015/10/09/ate-padrinho-de-blatter-na-fifa-pede-sua-saida-ficou-obcecado-pelo-poder/?ado-pelo-poder/, skipping...
[ERROR - 2025-10-25 09:29:04,996 - Worker_4] Status code == 403 for http://uolesporte.blogosfera.uol.com.br/2015/10/10/de-muleta-messi-e-ovacioinado-em-teatro-e-rouba-atencao-de-darin/, skipping...
[ERROR - 2025-10-25 09:29:08,057 - Worker_2] Status code == 403 for http://blogdoperrone.blogosfera.uol.com.br/2015/10/cartolas-se-afastaram-de-aidar-por-ver-influencia-da-namorada-dele-no-spfc/, skipping...
[ERROR - 2025-10-25 09:29:10,892 - Worker_3] Status code == 403 for http://noticias.uol.com.br/ultimas-noticias/bbc/2015/10/10/como-o-capitalismo-comeca-a-surgir-na-corea-do-norte-o-pais-mais-fechado-do-mundo.htm, skipping...
[ERROR - 2025-10-25 09:29:11,833 - Worker_4] Status code == 403 for http://blogdosakamoto.blogosfera.uol.com.br/2015/10/10/contas-no-exterior-eduardo-cunha-tem-muito-o-que-aprender-com-paulo-maluf/, skipping...
[ERROR - 2025-10-25 09:29:15,048 - Worker_3] Status code == 403 for http://noticias.uol.com.br/ultimas-noticias/efe/2015/10/10/conselho-audiovisual-da-turquia-proibe-divulgacao-de-noticias-sobre-atentado.htm, skipping...
[ERROR - 2025-10-25 09:29:23,967 - Worker_3] Status code == 403 for http://noticias.uol.com.br/ultimas-noticias/afp/2015/10/09/cidade-americana-pagara-us-65-mi-a-familia-de-negro-morto-por-policial.htm, skipping...
[ERROR - 2025-10-25 09:29:28,114 - Worker_3] Status code == 403 for http://noticias.uol.com.br/ultimas-noticias/agencia-estado/2015/10/10/tj-libera-entrega-de-capsulas-usadas-contra-o-cancer.htm, skipping...
[ERROR - 2025-10-25 09:29:32,421 - Worker_3] Status code == 403 for http://oblogdorugbi.blogosfera.uol.com.br/2015/10/10/mundial-de-rugbi-tem-duelo-de-hakas-entre-all-blacks-e-tonga/, skipping...
[ERROR - 2025-10-25 09:29:35,361 - Worker_0] Status code == 403 for http://noticias.uol.com.br/ultimas-noticias/efe/2015/10/10/meninas-sobrevivem-apos-46-dias-perdidas-em-floresta-na-malasia.htm, skipping...
[ERROR - 2025-10-25 09:29:39,914 - Worker_0] Status code == 403 for http://josiasdesouza.blogosfera.uol.com.br/2015/10/10/cunha-chama-janot-de-o-acusador-do-governo/, skipping...
[ERROR - 2025-10-25 09:29:44,103 - Worker_0] Status code == 403 for http://noticias.uol.com.br/ultimas-noticias/efe/2015/10/10/explosoes-deixam-ao-menos-20-mortos-na-capital-da-turquia.htm, skipping...
[ERROR - 2025-10-25 09:29:44,288 - Worker_3] Status code == 403 for http://noticias.uol.com.br/album/2015/10/09/os-20-paises-mais-vulneraveis-a-mudanca-climatica.htm?abrefoto=12, skipping...
[ERROR - 2025-10-25 09:29:48,453 - Worker_3] Status code == 403 for http://noticias.uol.com.br/ultimas-noticias/agencia-estado/2015/10/10/papa-deve-vir-para-a-festa-de-nossa-senhora-aparecida-em-2017.htm, skipping...
[ERROR - 2025-10-25 09:29:51,186 - Worker_1] Status code == 403 for http://noticias.uol.com.br/cotidiano/ultimas-noticias/2015/10/09/lady-gaga-da-roca-quer-trocar-sol-e-enxada-por-carreira-artistica.htm, skipping...
[ERROR - 2025-10-25 09:29:52,688 - Worker_3] Status code == 403 for http://blogdoico.blogosfera.uol.com.br/2015/10/10/superado-por-rosberg-hamilton-nao-quer-largar-bem-amanha/, skipping...
[ERROR - 2025-10-25 09:29:53,526 - Worker_0] Status code == 403 for http://noticias.uol.com.br/saude/ultimas-noticias/the-new-york-times/2015/10/10/quiropraxia-passa-por-cima-do-preconceito-e-conquista-respeito.htm, skipping...
[ERROR - 2025-10-25 09:29:56,872 - Worker_3] Status code == 403 for http://uolesporte.blogosfera.uol.com.br/2015/10/10/hoje-nao-hoje-nao-hoje-sim-ciclista-cai-na-ultima-volta-e-perde-prova/, skipping...
[ERROR - 2025-10-25 09:29:56,942 - Worker_2] Status code == 404 for http://cenapop.virgula.uol.com.br/2015/10/09/96432-bela-previa-playboy-libera-capa-e-fotos-do-ensaio-nu-da-panicat-iara-ramos/, skipping...
[ERROR - 2025-10-25 09:30:00,647 - Worker_1] Status code == 403 for http://noticias.uol.com.br/ultimas-noticias/efe/2015/10/10/fortuna-do-estado-islamico-cresce-para-us-22-bilhoes-aponta-estudo.htm, skipping...
[ERROR - 2025-10-25 09:30:04,854 - Worker_0] Status code == 403 for http://noticias.uol.com.br/midiaglobal/nytimes/2015/10/10/para-evitar-o-mar-arriscado-refugiados-chegam-a-europa-pelo-artico.htm, skipping...
[ERROR - 2025-10-25 09:30:06,527 - Worker_2] Status code == 403 for http://noticias.uol.com.br/ultimas-noticias/agencia-estado/2015/10/10/4-em-10-pms-se-sentem-inseguros-em-favelas-pacificadas-do-rio.htm, skipping...
[ERROR - 2025-10-25 09:30:08,897 - Worker_3] Status code == 403 for http://noticias.uol.com.br/album/album-do-dia/2015/10/10/imagens-do-dia---10-de-outubro-de-2015.htm?abrefoto=19, skipping...
[ERROR - 2025-10-25 09:30:10,032 - Worker_0] Status code == 404 for http://esporte.uol.com.br/f1/ultimas-noticias/2015/10/10/em-pior-treino-do-ano-massa-lamenta-erros-e-trafego-mas-ve-williams-forte.htm, skipping...
[ERROR - 2025-10-25 09:30:10,686 - Worker_2] Status code == 403 for http://noticias.uol.com.br/cotidiano/ultimas-noticias/2015/10/10/veja-as-dezenas-sorteadas-na-mega-sena-deste-sabado-10.htm, skipping...
[ERROR - 2025-10-25 09:30:15,259 - Worker_1] Status code == 403 for http://cristianonabuco.blogosfera.uol.com.br/2015/09/30/quando-uma-selfie-nao-termina-bem/, skipping...
[ERROR - 2025-10-25 09:30:15,649 - Worker_4] Status code == 403 for http://balanacesta.blogosfera.uol.com.br/2015/10/10/mais-um-capitulo-no-mar-de-lama-da-cbb-eletrobras-processa-entidade/, skipping...
[ERROR - 2025-10-25 09:30:19,461 - Worker_1] Status code == 403 for http://noticias.uol.com.br/ultimas-noticias/bbc/2015/10/10/veja-momento-em-que-bomba-explode-na-turquia-dezenas-morreram.htm, skipping...
[ERROR - 2025-10-25 09:30:19,814 - Worker_4] Status code == 403 for http://noticias.uol.com.br/album/2015/10/07/catolicos-participam-da-procissao-do-cirio-de-nazare.htm?abrefoto=18, skipping...
[ERROR - 2025-10-25 09:30:20,037 - Worker_2] Status code == 403 for http://oblogdorugbi.blogosfera.uol.com.br/2015/10/10/muralha-australiana-sobrevive-a-raca-de-gales-e-ao-grupo-da-morte/, skipping...
[ERROR - 2025-10-25 09:30:24,055 - Worker_4] Status code == 403 for http://fernandorodrigues.blogosfera.uol.com.br/2015/10/11/e-dificil-congresso-nao-fazer-o-impeachment-de-dilma-diz-marta-suplicy/, skipping...
[ERROR - 2025-10-25 09:30:28,816 - Worker_1] Status code == 403 for http://noticias.uol.com.br/internacional/ultimas-noticias/2015/10/11/veterano-americano-escolhe-cachorro-de-terapia-como-padrinho-de-casamento.htm, skipping...
[ERROR - 2025-10-25 09:30:32,979 - Worker_1] Status code == 403 for http://noticias.uol.com.br/ultimas-noticias/agencia-estado/2015/10/11/planalto-ve-cenario-imprevisivel-e-tenta-refazer-base.htm, skipping...
[ERROR - 2025-10-25 09:30:33,739 - Worker_3] Status code == 403 for http://noticias.uol.com.br/ultimas-noticias/agencia-estado/2015/10/11/auditoria-do-psdb-conclui-que-nao-houve-fraude-na-eleicao.htm, skipping...
[ERROR - 2025-10-25 09:30:35,743 - Worker_4] Status code == 403 for http://tecnologia.uol.com.br/noticias/redacao/2015/10/11/celulares-de-mg-ba-e-se-recebem-nono-digito-a-partir-de-hoje.htm, skipping...
[ERROR - 2025-10-25 09:30:37,145 - Worker_1] Status code == 403 for http://noticias.uol.com.br/album/2015/10/06/navio-com-5000-bois-afunda-no-para.htm?abrefoto=7, skipping...
[ERROR - 2025-10-25 09:30:37,897 - Worker_3] Status code == 403 for http://noticias.uol.com.br/ciencia/ultimas-noticias/bbc/2015/10/10/voluntaria-faz-campanha-para-salvar-filhote-de-leao-que-viu-crescer-em-projeto-e-viraria-caca.htm, skipping...
[ERROR - 2025-10-25 09:30:40,134 - Worker_0] Status code == 403 for http://noticias.uol.com.br/ultimas-noticias/agencia-estado/2015/10/11/policia-do-rio-apreende-tres-adolescentes-na-operacao-verao.htm, skipping...
[ERROR - 2025-10-25 09:30:45,347 - Worker_4] Status code == 404 for http://esporte.uol.com.br/f1/ultimas-noticias/2015/10/11/hamilton-vence-o-gp-da-russia-e-massa-e-4-apos-batida-na-ultima-volta.htm, skipping...
[ERROR - 2025-10-25 09:30:49,717 - Worker_3] Status code == 403 for http://blogdoico.blogosfera.uol.com.br/2015/10/11/enfim-uma-corrida-de-pe-embaixo-do-comeco-ao-fim/, skipping...
[ERROR - 2025-10-25 09:31:04,363 - Worker_1] Status code == 404 for http://esporte.uol.com.br/f1/ultimas-noticias/2015/10/11/massa-ganha-11-posicoes-na-corrida-mas-ve-podio-jogado-fora-na-russia.htm, skipping...
[ERROR - 2025-10-25 09:31:18,460 - Worker_2] Status code == 403 for http://noticias.uol.com.br/ultimas-noticias/agencia-estado/2015/10/11/mp-da-suica-diz-que-esquema-usou-23-contas-em-4-paises.htm, skipping...
[ERROR - 2025-10-25 09:31:23,021 - Worker_3] Status code == 403 for http://noticias.uol.com.br/ciencia/ultimas-noticias/bbc/2015/10/11/cientistas-investigam-criatura-que-pode-desvendar-chave-para-a-imortalidade.htm, skipping...
[ERROR - 2025-10-25 09:31:24,936 - Worker_2] Status code == 403 for http://noticias.uol.com.br/midiaglobal/nytimes/2015/10/11/fuga-de-jovens-traz-risco-tanto-para-a-siria-quanto-para-a-europa.htm, skipping...
[ERROR - 2025-10-25 09:31:26,990 - Worker_1] Status code == 403 for http://noticias.uol.com.br/ultimas-noticias/agencia-estado/2015/10/09/imagens-da-nasa-mostram-locais-do-filme-perdido-em-marte.htm, skipping...
[ERROR - 2025-10-25 09:31:29,605 - Worker_0] Status code == 403 for http://blogdoboleiro.blogosfera.uol.com.br/2015/10/12/andres-sanchez-nao-vai-facilitar-ida-de-alexandre-pato-para-o-sao-paulo/, skipping...
[ERROR - 2025-10-25 09:31:31,204 - Worker_1] Status code == 403 for http://noticias.uol.com.br/ultimas-noticias/agencia-estado/2015/10/12/policia-civil-do-rio-prende-suspeito-de-atirar-em-pm.htm, skipping...
[ERROR - 2025-10-25 09:31:32,882 - Worker_4] Status code == 403 for http://noticias.uol.com.br/ultimas-noticias/agencia-estado/2015/10/12/suica-promete-enviar-dados-de-novas-contas.htm, skipping...
[ERROR - 2025-10-25 09:31:33,886 - Worker_2] Status code == 403 for http://noticias.uol.com.br/album/album-do-dia/2015/10/12/imagens-do-dia---12-de-outubro-de-2015.htm?abrefoto=18, skipping...
[ERROR - 2025-10-25 09:31:35,380 - Worker_1] Status code == 403 for http://noticias.uol.com.br/cotidiano/ultimas-noticias/2015/10/12/bh-vai-ganhar-megacatedral-de-niemeyer-quase-um-seculo-apos-idealizacao.htm, skipping...
[ERROR - 2025-10-25 09:31:38,063 - Worker_2] Status code == 403 for http://noticias.uol.com.br/album/album-do-dia/2015/10/12/imagens-do-dia---12-de-outubro-de-2015.htm?abrefoto=17, skipping...
[ERROR - 2025-10-25 09:31:42,215 - Worker_2] Status code == 403 for http://noticias.uol.com.br/midiaglobal/nytimes/2015/10/12/a-loucura-das-armas-nos-eua-vista-da-europa.htm, skipping...
[ERROR - 2025-10-25 09:31:44,021 - Worker_4] Status code == 403 for http://noticias.uol.com.br/ultimas-noticias/agencia-estado/2015/10/12/rs-tem-cheia-historica-do-rio-guaiba-e-76-mil-pessoas-estao-fora-de-suas-casas.htm, skipping...
[ERROR - 2025-10-25 09:31:55,587 - Worker_2] Status code == 403 for http://blogdorafaelreis.blogosfera.uol.com.br/2015/10/12/em-ritmo-de-gols-lewandowski-ja-supera-auges-de-messi-e-cristiano-ronaldo/, skipping...
[ERROR - 2025-10-25 09:32:02,286 - Worker_0] Status code == 403 for http://noticias.uol.com.br/cotidiano/ultimas-noticias/2015/10/12/chuva-nao-da-tregua-e-afeta-21-mil-pessoas-no-rs-um-motorista-morreu.htm, skipping...
[ERROR - 2025-10-25 09:32:11,073 - Worker_0] Status code == 403 for http://noticias.uol.com.br/album/album-do-dia/2015/10/12/imagens-do-dia---12-de-outubro-de-2015.htm?abrefoto=9, skipping...
[ERROR - 2025-10-25 09:32:11,357 - Worker_1] Status code == 403 for http://noticias.uol.com.br/ultimas-noticias/agencia-estado/2015/10/12/motoristas-de-sp-enfrentam-lentidao-no-retorno-do-feriado-prolongado.htm, skipping...
[ERROR - 2025-10-25 09:32:20,349 - Worker_1] Status code == 403 for http://noticias.uol.com.br/ultimas-noticias/agencia-estado/2015/10/12/governo-da-como-certo-pedido-de-impeachment-de-dilma.htm, skipping...
[ERROR - 2025-10-25 09:32:30,168 - Worker_0] Status code == 403 for http://noticias.uol.com.br/ultimas-noticias/bbc/2015/10/12/20-dias-de-angustia-siria-reencontra-bebe-que-entregou-a-desconhecido-em-jornada-pela-europa.htm, skipping...
[ERROR - 2025-10-25 09:32:31,632 - Worker_1] Status code == 403 for http://mauriciostycer.blogosfera.uol.com.br/2015/10/12/a-conta-esta-errada-alem-do-tempo-tera-salto-de-120-anos-e-nao-150/, skipping...
[ERROR - 2025-10-25 09:32:46,057 - Worker_1] Status code == 403 for http://noticias.uol.com.br/album/2015/10/12/fieis-celebram-dia-de-nossa-senhora-de-aparecida.htm?abrefoto=7, skipping...
[ERROR - 2025-10-25 09:32:47,378 - Worker_0] Status code == 404 for http://jogos.uol.com.br/ultimas-noticias/2015/10/12/falta-de-apoio-foi-o-maior-desafio-dos-escolhidos-em-peneira-de-lol.htm, skipping...
[ERROR - 2025-10-25 09:32:50,323 - Worker_1] Status code == 403 for http://rodrigomattos.blogosfera.uol.com.br/2015/10/12/cbf-e-federacoes-preveem-caos-em-estaduais-por-conta-de-lei-do-profut/, skipping...
[ERROR - 2025-10-25 09:32:51,249 - Worker_3] Status code == 403 for http://educacao.uol.com.br/noticias/2015/10/13/mudanca-na-rede-estadual-de-sp-deve-afetar-360-escolas-em-2016-diz-governo.htm, skipping...
[ERROR - 2025-10-25 09:32:56,119 - Worker_0] Status code == 403 for http://noticias.uol.com.br/blogs-e-colunas/coluna/paul-krugman/2015/10/13/os-malucos-e-o-charlatao-republicanos.htm, skipping...
[ERROR - 2025-10-25 09:32:56,132 - Worker_3] Status code == 404 for http://entretenimento.band.uol.com.br/cqc/2015/video/15642056/extintor-em-novela-de-epoca-garante-o-primeiro-lugar-no-top-five, skipping...
[ERROR - 2025-10-25 09:33:03,827 - Worker_1] Status code == 403 for http://uolesporte.blogosfera.uol.com.br/2015/10/13/mulher-de-casillas-faz-estreia-exotica-no-instagram-e-leva-torta-na-cara/, skipping...
[ERROR - 2025-10-25 09:33:04,909 - Worker_0] Status code == 403 for http://blogdoperrone.blogosfera.uol.com.br/2015/10/justica-suspeita-de-ocultacao-de-valores-e-manda-neymar-mostrar-documentos/, skipping...
[ERROR - 2025-10-25 09:33:07,988 - Worker_1] Status code == 403 for http://noticias.uol.com.br/ultimas-noticias/reuters/2015/10/13/ataques-palestinos-em-dia-de-furia-deixam-3-mortos-diz-policia-israelense.htm, skipping...
[ERROR - 2025-10-25 09:33:08,069 - Worker_2] Status code == 403 for http://noticias.uol.com.br/cotidiano/ultimas-noticias/2015/10/12/bh-vai-ganhar-megacatedral-de-niemeyer-quase-um-seculo-apos-idealizacao.htm, skipping...
[ERROR - 2025-10-25 09:33:09,089 - Worker_0] Status code == 403 for http://noticias.uol.com.br/ultimas-noticias/agencia-estado/2015/10/13/relatorio-sobre-crise-hidrica-e-entregue-a-onu.htm, skipping...
[ERROR - 2025-10-25 09:33:12,175 - Worker_1] Status code == 403 for http://noticias.uol.com.br/ultimas-noticias/agencia-estado/2015/10/13/chuvas-ja-afetam-50-mil-no-rs-e-ministerio-da-integracao-envia-equipe.htm, skipping...
[ERROR - 2025-10-25 09:33:12,224 - Worker_2] Status code == 403 for http://noticias.uol.com.br/internacional/ultimas-noticias/2015/10/13/fugitivos-famosos-de-alcatraz-podem-ter-vindo-para-o-brasil-diz-documentario.htm, skipping...
[ERROR - 2025-10-25 09:33:13,257 - Worker_0] Status code == 403 for http://noticias.uol.com.br/politica/ultimas-noticias/2015/10/13/em-meio-a-crise-governo-do-df-acaba-com-sete-secretarias-para-cortar-gastos.htm, skipping...
[ERROR - 2025-10-25 09:33:16,346 - Worker_1] Status code == 403 for http://noticias.uol.com.br/album/album-do-dia/2015/10/13/imagens-do-dia---13-de-outubro-de-2015.htm?abrefoto=16, skipping...
[ERROR - 2025-10-25 09:33:20,099 - Worker_0] Status code == 403 for http://pvc.blogosfera.uol.com.br/2015/10/13/leco-ja-fala-como-presidente-e-diz-que-providencias-comecam-na-quarta/, skipping...
[ERROR - 2025-10-25 09:33:26,629 - Worker_1] Status code == 403 for http://blogdoboleiro.blogosfera.uol.com.br/2015/10/13/nova-cancao-da-torcida-corintiana-copia-ideia-do-figueirense-em-2008/, skipping...
[ERROR - 2025-10-25 09:33:29,537 - Worker_0] Status code == 403 for http://noticias.uol.com.br/ultimas-noticias/afp/2015/10/13/estado-islamico-liberta-jornalista-curdo-sequestrado-na-siria.htm, skipping...
[ERROR - 2025-10-25 09:33:38,483 - Worker_0] Status code == 403 for http://uolesporte.blogosfera.uol.com.br/2015/10/13/mulher-flagra-namorado-da-nba-com-outra-na-cama-e-divulga-na-web/, skipping...
[ERROR - 2025-10-25 09:33:38,628 - Worker_1] Status code == 403 for http://educacao.uol.com.br/noticias/agencia-estado/2015/10/13/criterios-mais-rigidos-para-o-fies-prejudicam-acesso-a-universidades.htm, skipping...
[ERROR - 2025-10-25 09:33:42,809 - Worker_0] Status code == 403 for http://josiasdesouza.blogosfera.uol.com.br/2015/10/13/bicudo-e-reale-vao-refazer-pedido-de-impeachment-contra-dilma-rousseff/, skipping...
[ERROR - 2025-10-25 09:33:47,035 - Worker_0] Status code == 403 for http://noticias.uol.com.br/cotidiano/ultimas-noticias/2015/10/13/policia-prende-assassino-de-estudante-universitaria-em-sc.htm, skipping...
[ERROR - 2025-10-25 09:33:51,553 - Worker_0] Status code == 404 for http://futebol.placar.esporte.uol.com.br/futebol/eliminatoria-sul-americana/2015/10/13/uruguai-x-colombia.htm, skipping...
[ERROR - 2025-10-25 09:33:51,576 - Worker_2] Status code == 403 for http://noticias.uol.com.br/politica/ultimas-noticias/2015/10/13/vao-ter-que-me-aturar-um-pouquinho-mais-diz-cunha-apos-denuncia.htm, skipping...
[ERROR - 2025-10-25 09:33:55,704 - Worker_0] Status code == 403 for http://noticias.uol.com.br/midiaglobal/lemonde/2015/10/13/a-maquina-o-espiao-e-o-informante.htm, skipping...
[ERROR - 2025-10-25 09:33:58,068 - Worker_4] Status code == 403 for http://noticias.uol.com.br/ultimas-noticias/agencia-estado/2015/10/13/stf-defere-queixa-de-paulo-teixeira-e-reforca-barreira-a-rito-de-impeachment.htm, skipping...
[ERROR - 2025-10-25 09:34:02,206 - Worker_0] Status code == 403 for http://colunaesplanada.blogosfera.uol.com.br/2015/10/13/potenciais-candidatos-do-rio-ja-iniciam-articulacoes-para-2016/, skipping...
[ERROR - 2025-10-25 09:34:03,429 - Worker_2] Status code == 403 for http://noticias.uol.com.br/politica/ultimas-noticias/2015/10/13/cunha-e-denunciado-ao-conselho-de-etica-da-camara.htm, skipping...
[ERROR - 2025-10-25 09:34:08,740 - Worker_3] Status code == 403 for http://educacao.uol.com.br/noticias/2015/10/13/veja-15-perguntas-sobre-a-reorganizacao-da-rede-estadual-de-sao-paulo.htm, skipping...
[ERROR - 2025-10-25 09:34:11,704 - Worker_4] Status code == 403 for http://uolesportevetv.blogosfera.uol.com.br/2015/10/12/galvao-zoa-argentina-e-e-rebatido-nao-tomaram-10-a-1-hora-de-ser-humilde/, skipping...
[ERROR - 2025-10-25 09:34:15,948 - Worker_4] Status code == 403 for http://blogdobrito.blogosfera.uol.com.br/2015/10/13/atletas-colhem-assinaturas-para-que-skate-nao-entre-nos-jogos-olimpicos/, skipping...
[ERROR - 2025-10-25 09:34:16,794 - Worker_0] Status code == 403 for http://rodrigomattos.blogosfera.uol.com.br/2015/10/13/com-nova-regra-no-estadual-vasco-tera-cinco-jogos-em-casa-e-fla-so-tres/, skipping...
[ERROR - 2025-10-25 09:34:20,161 - Worker_4] Status code == 403 for http://uolesporte.blogosfera.uol.com.br/2015/10/14/hulk-exibe-jatinho-antes-de-voltar-para-russia-apos-jogos-da-selecao/, skipping...
[ERROR - 2025-10-25 09:34:21,010 - Worker_0] Status code == 403 for http://josiasdesouza.blogosfera.uol.com.br/2015/10/14/cunha-faz-leilao-quem-da-menos-pela-etica/, skipping...
[ERROR - 2025-10-25 09:34:46,004 - Worker_2] Status code == 403 for http://abiliodiniz.blogosfera.uol.com.br/2015/10/14/hora-de-unir-o-sao-paulo-e-sonhar-grande/, skipping...
[ERROR - 2025-10-25 09:34:46,116 - Worker_4] Status code == 403 for http://noticias.uol.com.br/ultimas-noticias/agencia-estado/2015/10/14/maior-ficha-suja-do-pais-e-preso-em-operacao-no-mt.htm, skipping...
[ERROR - 2025-10-25 09:34:50,343 - Worker_4] Status code == 403 for http://oblogdorugbi.blogosfera.uol.com.br/2015/10/14/craque-do-rugbi-ja-acorrentou-escavadora-e-retarda-casamento-pela-causa-gay/, skipping...
[ERROR - 2025-10-25 09:34:54,753 - Worker_1] Status code == 403 for http://noticias.uol.com.br/meio-ambiente/ultimas-noticias/ag-estado/2015/10/14/com-r-20-bi-e-possivel-cortar-desmate-legal-pela-metade-diz-estudo.htm, skipping...
[ERROR - 2025-10-25 09:34:59,707 - Worker_4] Status code == 404 for http://futebol.placar.esporte.uol.com.br/futebol/brasileirao/2015/10/14/atletico-mg-x-internacional.htm, skipping...
[ERROR - 2025-10-25 09:35:03,913 - Worker_4] Status code == 403 for http://noticias.uol.com.br/ultimas-noticias/agencia-estado/2015/10/14/que-burrada-que-eu-fiz-pergunta-faxineira-que-comeu-o-bombom-do-delegado.htm, skipping...
[ERROR - 2025-10-25 09:35:07,057 - Worker_1] Status code == 403 for http://noticias.uol.com.br/ultimas-noticias/agencia-estado/2015/10/14/apos-morte-em-comunidade-onibus-sao-queimados-no-complexo-do-chapadao.htm, skipping...
[ERROR - 2025-10-25 09:35:07,873 - Worker_2] Status code == 403 for http://colunaesplanada.blogosfera.uol.com.br/2015/10/14/major-curio-depoe-a-justica-federal-sobre-araguaia/, skipping...
[ERROR - 2025-10-25 09:35:12,018 - Worker_2] Status code == 403 for http://noticias.uol.com.br/ultimas-noticias/agencia-estado/2015/10/14/incendio-atinge-fabrica-da-braskem-na-grande-sao-paulo.htm, skipping...
[ERROR - 2025-10-25 09:35:12,793 - Worker_4] Status code == 404 for http://futebol.placar.esporte.uol.com.br/futebol/brasileirao/2015/10/14/palmeiras-x-ponte-preta.htm, skipping...
[ERROR - 2025-10-25 09:35:15,988 - Worker_1] Status code == 403 for http://noticias.uol.com.br/ultimas-noticias/agencia-estado/2015/10/14/remocao-de-navio-no-para-paralisa-exportacao-de-gado-em-pe-e-deve-levar-4-meses.htm, skipping...
[ERROR - 2025-10-25 09:35:18,799 - Worker_2] Status code == 403 for http://noticias.uol.com.br/ultimas-noticias/agencia-estado/2015/10/14/chega-ao-congresso-acordao-do-tcu-pela-rejeicao-das-contas-de-dilma-em-2014.htm, skipping...
[ERROR - 2025-10-25 09:35:20,241 - Worker_1] Status code == 403 for http://josecruz.blogosfera.uol.com.br/2015/10/atletas-recebem-bolsas-de-ate-quatro-fontes-de-verbas-publicas/, skipping...
[ERROR - 2025-10-25 09:35:22,951 - Worker_2] Status code == 403 for http://noticias.uol.com.br/politica/ultimas-noticias/2015/10/14/denuncia-contra-cunha-recebe-primeiro-apoio-de-deputado-tucano.htm, skipping...
[ERROR - 2025-10-25 09:35:28,822 - Worker_0] Failed to connect with http://esporte.uol.com.br/futebol/ultimas-noticias/2015/10/14/carrasco-do-brasil-faz-duro-desabafo-apos-eliminacao-da-holanda-na-euro-16.htm after 3 attempts, skipping...
[ERROR - 2025-10-25 09:35:38,529 - Worker_0] Status code == 403 for http://noticias.uol.com.br/ultimas-noticias/bbc/2015/10/14/sem-programa-especifico-para-refugiados-brasil-coloca-centenas-de-sirios-no-bolsa-familia.htm, skipping...
[ERROR - 2025-10-25 09:35:47,170 - Worker_0] Status code == 403 for http://noticias.uol.com.br/ultimas-noticias/radioonu/2015/10/14/ocha-100-milhoes-de-pessoas-precisam-de-ajuda-humanitaria-no-mundo.htm, skipping...
[ERROR - 2025-10-25 09:35:49,977 - Worker_4] Status code == 403 for http://noticias.uol.com.br/politica/ultimas-noticias/2015/10/14/processo-contra-cunha-pode-acabar-neste-ano-diz-presidente-de-conselho.htm, skipping...
[ERROR - 2025-10-25 09:35:53,857 - Worker_0] Status code == 403 for http://brasilianismo.blogosfera.uol.com.br/2015/10/14/em-nova-edicao-livro-analisa-ascensao-e-queda-da-imagem-do-brasil-no-mundo/, skipping...
[ERROR - 2025-10-25 09:35:56,303 - Worker_2] Status code == 403 for http://noticias.uol.com.br/ultimas-noticias/agencia-estado/2015/10/14/vamos-ter-de-apertar-o-cinto-e-ja-comecamos-diz-dilma-no-abc-paulista.htm, skipping...
[ERROR - 2025-10-25 09:36:07,344 - Worker_0] Status code == 403 for http://noticias.uol.com.br/politica/ultimas-noticias/2015/10/15/lula-depoe-no-mpf-e-diz-se-orgulhar-de-palestras-no-exterior.htm, skipping...
[ERROR - 2025-10-25 09:36:08,533 - Worker_1] Status code == 403 for http://noticias.uol.com.br/saude/ultimas-noticias/bbc/2015/10/15/em-pleno-seculo-21-eua-convivem-com-a-peste-que-matou-milhoes-na-idade-media.htm, skipping...
[ERROR - 2025-10-25 09:36:10,189 - Worker_2] Status code == 403 for http://educacao.uol.com.br/album/2015/09/30/fotografos-registram-salas-de-aula-em-varios-paises-do-mundo.htm?abrefoto=7, skipping...
[ERROR - 2025-10-25 09:36:11,624 - Worker_0] Status code == 403 for http://fernandorodrigues.blogosfera.uol.com.br/2015/10/15/contra-rebaixamento-planalto-quer-acelerar-ajuste-fiscal/, skipping...
[ERROR - 2025-10-25 09:36:15,789 - Worker_0] Status code == 403 for http://noticias.uol.com.br/ultimas-noticias/agencia-estado/2015/10/15/propina-para-obtencao-de-licencas-ilegais-de-pesca-chegava-a-r-100-mil-diz-pf.htm, skipping...
[ERROR - 2025-10-25 09:36:18,005 - Worker_2] Status code == 403 for http://blogdobrito.blogosfera.uol.com.br/2015/10/15/cartola-da-canoagem-veta-petrobras-em-uniforme-de-equipe-olimpica/, skipping...
[ERROR - 2025-10-25 09:36:22,252 - Worker_2] Status code == 403 for http://rodrigomattos.blogosfera.uol.com.br/2015/10/15/propina-contra-vontade-obstrucao-ao-fbi-e-nike-a-confissao-de-hawilla/, skipping...
[ERROR - 2025-10-25 09:36:27,489 - Worker_0] Status code == 403 for http://noticias.uol.com.br/saude/ultimas-noticias/redacao/2015/10/15/como-uma-foto-no-facebook-marcou-a-uniao-de-dois-irmaos-apos-a-morte-da-mae.htm, skipping...
[ERROR - 2025-10-25 09:36:27,635 - Worker_3] Status code == 403 for http://josecruz.blogosfera.uol.com.br/2015/10/nove-anos-depois-governo-investiga-prestacao-de-contas-do-segundo-tempo/, skipping...
[ERROR - 2025-10-25 09:36:29,868 - Worker_1] Status code == 403 for http://noticias.uol.com.br/cotidiano/ultimas-noticias/2015/10/15/com-423-c-rio-de-janeiro-tem-dia-mais-quente-do-ano.htm, skipping...
[ERROR - 2025-10-25 09:36:34,131 - Worker_1] Status code == 403 for http://noticias.uol.com.br/ultimas-noticias/agencia-estado/2015/10/15/ministro-do-tcu-manda-investigar-eventuais-pedaladas-de-2015.htm, skipping...
[ERROR - 2025-10-25 09:36:37,717 - Worker_4] Failed to connect with http://natelinha.ne10.uol.com.br/celebridades/2015/10/15/xuxa-se-irrita-com-internautas-em-rede-social-e-diz-to-velha-e-sem-saco-93358.php after 3 attempts, skipping...
[ERROR - 2025-10-25 09:36:39,356 - Worker_3] Status code == 403 for http://educacao.uol.com.br/noticias/agencia-estado/2015/10/15/mec-prorroga-prazo-de-documentos-para-contratar-o-fies-por-causa-de-greve.htm, skipping...
[ERROR - 2025-10-25 09:36:42,067 - Worker_4] Status code == 403 for http://colunaesplanada.blogosfera.uol.com.br/2015/10/15/major-curio-confessa-a-justica-que-matou-prisioneiros-no-araguaia/, skipping...
[ERROR - 2025-10-25 09:36:43,074 - Worker_1] Status code == 403 for http://noticias.uol.com.br/ultimas-noticias/afp/2015/10/14/urso-pardo-e-abatido-em-escola-na-russia.htm, skipping...
[ERROR - 2025-10-25 09:36:43,697 - Worker_3] Status code == 403 for http://pvc.blogosfera.uol.com.br/2015/10/15/cinco-clubes-brasileiros-tentam-clayton-carrasco-do-flamengo-mas/, skipping...
[ERROR - 2025-10-25 09:36:46,234 - Worker_4] Status code == 403 for http://noticias.uol.com.br/ultimas-noticias/efe/2015/10/15/colisao-de-barco-da-guarda-costeira-com-bote-de-refugiados-deixa-7-mortos.htm, skipping...
[ERROR - 2025-10-25 09:36:52,584 - Worker_0] Status code == 403 for http://blogdomariomagalhaes.blogosfera.uol.com.br/2015/10/15/morte-de-ustra-comandante-de-campo-de-concentracao-consagra-impunidade/, skipping...
[ERROR - 2025-10-25 09:36:55,268 - Worker_3] Status code == 403 for http://noticias.uol.com.br/ultimas-noticias/agencia-estado/2015/10/15/para-investigar-tortura-onu-fara-inspecoes-de-surpresa-em-prisoes-brasileiras.htm, skipping...
[ERROR - 2025-10-25 09:36:56,728 - Worker_0] Status code == 403 for http://noticias.uol.com.br/ultimas-noticias/agencia-estado/2015/10/15/novo-inquerito-da-pgr-ao-stf-pede-investigacao-da-mulher-e-filha-de-cunha.htm, skipping...
[ERROR - 2025-10-25 09:37:04,743 - Worker_3] Status code == 403 for http://noticias.uol.com.br/midiaglobal/nytimes/2015/10/15/estado-islamico-avanca-no-afeganistao-ampliando-o-caos-no-pais.htm, skipping...
[ERROR - 2025-10-25 09:37:08,900 - Worker_3] Status code == 403 for http://noticias.uol.com.br/saude/ultimas-noticias/bbc/2015/10/15/pais-congelam-menina-que-morreu-de-cancer-por-esperanca-de-faze-la-renascer.htm, skipping...
[ERROR - 2025-10-25 09:37:10,439 - Worker_1] Status code == 403 for http://noticias.uol.com.br/ultimas-noticias/agencia-estado/2015/10/15/aecio-nega-acordo-para-blindar-cunha-e-diz-que-psdb-votara-com-base-nas-provas.htm, skipping...
[ERROR - 2025-10-25 09:37:15,671 - Worker_1] Status code == 404 for http://esporte.uol.com.br/f1/ultimas-noticias/2015/10/15/familia-ja-gastou-r-60-milhoes-com-tratamento-de-schumacher-diz-jornal.htm, skipping...
[ERROR - 2025-10-25 09:37:32,697 - Worker_1] Status code == 403 for http://blogdorafaelreis.blogosfera.uol.com.br/2015/10/15/lewandowski-poderia-ter-jogado-na-inglaterra-mas-um-vulcao-nao-deixou/, skipping...
[ERROR - 2025-10-25 09:37:36,922 - Worker_1] Status code == 404 for http://futebol.placar.esporte.uol.com.br/futebol/brasileirao/2015/10/15/vasco-x-chapecoense.htm, skipping...
[ERROR - 2025-10-25 09:37:49,054 - Worker_3] Status code == 404 for http://esporte.uol.com.br/f1/ultimas-noticias/2015/10/16/mclaren-demite-jovem-piloto-por-e-mail-e-bem-no-dia-do-aniversario-dele.htm, skipping...
[ERROR - 2025-10-25 09:37:49,657 - Worker_1] Status code == 403 for http://noticias.uol.com.br/ultimas-noticias/reuters/2015/10/16/abate-de-elefante-do-zimbabue-lembra-caso-recente-do-leao-cecil.htm, skipping...
[ERROR - 2025-10-25 09:37:56,079 - Worker_4] Status code == 403 for http://noticias.uol.com.br/midiaglobal/elpais/2015/10/16/cardeal-espanhol-acusa-refugiados-de-serem-o-cavalo-de-troia-da-europa.htm, skipping...
[ERROR - 2025-10-25 09:37:56,184 - Worker_1] Status code == 403 for http://noticias.uol.com.br/ultimas-noticias/agencia-estado/2015/10/16/cunha-tambem-ocultou-patrimonio-nos-eua-diz-procurador-geral.htm, skipping...
[ERROR - 2025-10-25 09:38:00,354 - Worker_1] Status code == 403 for http://noticias.uol.com.br/cotidiano/ultimas-noticias/2015/10/16/homem-tem-ataque-de-furia-apos-flagrar-filho-ouvindo-luan-santana-no-es.htm, skipping...
[ERROR - 2025-10-25 09:38:00,496 - Worker_4] Status code == 403 for http://mauriciostycer.blogosfera.uol.com.br/2015/10/16/silvio-santos-reclama-de-vetos-da-band-e-da-record-ao-teleton-e-desculpa/, skipping...
[ERROR - 2025-10-25 09:38:09,444 - Worker_4] Status code == 403 for http://josiasdesouza.blogosfera.uol.com.br/2015/10/16/no-conselho-de-etica-o-apoio-a-cunha-derrete/, skipping...
[ERROR - 2025-10-25 09:38:13,715 - Worker_0] Status code == 403 for http://negociosdoesporte.blogosfera.uol.com.br/2015/10/16/os-dois-lados-do-acordo-santos-e-kappa/, skipping...
[ERROR - 2025-10-25 09:38:13,819 - Worker_1] Status code == 403 for http://noticias.uol.com.br/ultimas-noticias/afp/2015/10/16/cacador-alemao-mata-elefante-que-era-tesouro-nacional-do-zimbabue.htm, skipping...
[ERROR - 2025-10-25 09:38:13,965 - Worker_4] Status code == 404 for http://entretenimento.band.uol.com.br/masterchef/junior/2015/fotos/10000010111/veja-fotos-do-1%C2%BA-episodio-do-masterchef-junior.html, skipping...
[ERROR - 2025-10-25 09:38:17,898 - Worker_0] Status code == 403 for http://noticias.uol.com.br/ultimas-noticias/bbc/2015/10/16/como-irmao-de-vitima-de-atentado-em-aviao-descobriu-suspeitos-27-anos-depois.htm, skipping...
[ERROR - 2025-10-25 09:38:17,996 - Worker_1] Status code == 403 for http://noticias.uol.com.br/ultimas-noticias/bbc/2015/10/16/assassino-de-aluguel-de-14-anos-e-preso-no-mexico-apos-ser-contratado-pelo-facebook.htm, skipping...
[ERROR - 2025-10-25 09:38:20,429 - Worker_4] Status code == 403 for http://noticias.uol.com.br/politica/ultimas-noticias/2015/10/16/em-nota-cunha-critica-janot.htm, skipping...
[ERROR - 2025-10-25 09:38:24,520 - Worker_1] Status code == 403 for http://fernandorodrigues.blogosfera.uol.com.br/2015/10/16/para-presidente-do-conselho-de-etica-papeis-sao-complicador-para-cunha/, skipping...
[ERROR - 2025-10-25 09:38:27,082 - Worker_4] Status code == 403 for http://blogdoboleiro.blogosfera.uol.com.br/2015/10/16/para-encher-caninde-lusa-sorteia-jantar-motel-e-cafe-da-manha-na-padoca/, skipping...
[ERROR - 2025-10-25 09:38:27,458 - Worker_0] Status code == 403 for http://josiasdesouza.blogosfera.uol.com.br/2015/10/16/para-salvar-cunha-e-preciso-se-fingir-de-bobo/, skipping...
[ERROR - 2025-10-25 09:38:43,244 - Worker_3] Status code == 403 for http://uolesporte.blogosfera.uol.com.br/2015/10/16/vovo-de-94-anos-impressiona-ao-fazer-levantamento-de-peso-nos-eua/, skipping...
[ERROR - 2025-10-25 09:38:49,063 - Worker_2] Status code == 403 for http://educacao.uol.com.br/noticias/2015/10/16/enem-2015-conheca-os-5-temas-mais-cobrados-de-cada-materia.htm, skipping...
[ERROR - 2025-10-25 09:38:49,435 - Worker_1] Status code == 403 for http://educacao.uol.com.br/noticias/2015/10/16/enem-uol-faz-plantao-de-duvidas-sobre-atualidades-no-enem-nesta-segunda.htm, skipping...
[ERROR - 2025-10-25 09:38:52,029 - Worker_3] Status code == 403 for http://blogdomariomagalhaes.blogosfera.uol.com.br/2015/10/15/morte-de-ustra-comandante-de-campo-de-concentracao-consagra-impunidade/, skipping...
[ERROR - 2025-10-25 09:38:53,343 - Worker_4] Status code == 403 for http://economia.uol.com.br/cotacoes/noticias/redacao/2015/10/16/dolar-sobe-2-e-fecha-a-r-3874-apos-duas-semanas-de-queda-moeda-avanca.htm, skipping...
[ERROR - 2025-10-25 09:38:55,901 - Worker_2] Status code == 403 for http://blogdosakamoto.blogosfera.uol.com.br/2015/10/16/justica-atende-a-empresa-e-censura-caso-de-fiscalizacao-de-trabalho-escravo/, skipping...
[ERROR - 2025-10-25 09:38:58,420 - Worker_1] Status code == 403 for http://blogdoico.blogosfera.uol.com.br/2015/10/16/so-seis-pilotos-da-f-1-estao-com-a-carteira-limpa-um-deles-e-massa/, skipping...
[ERROR - 2025-10-25 09:39:02,601 - Worker_1] Status code == 403 for http://mauriciostycer.blogosfera.uol.com.br/2015/10/16/rapaz-se-declara-para-amiga-no-voce-na-tv-e-danca-forro-no-sensacional/, skipping...
[ERROR - 2025-10-25 09:39:04,817 - Worker_2] Status code == 403 for http://noticias.uol.com.br/cotidiano/ultimas-noticias/2015/10/15/preso-por-trafico-no-rio-tem-passado-de-viagens-festas-e-escolas-de-elite.htm, skipping...
[ERROR - 2025-10-25 09:39:10,538 - Worker_3] Status code == 403 for http://oblogdorugbi.blogosfera.uol.com.br/2015/10/16/guia-de-sobrevivencia-como-avancar-no-mata-mata-do-mundial/, skipping...
[ERROR - 2025-10-25 09:39:11,872 - Worker_2] Status code == 403 for http://noticias.uol.com.br/ultimas-noticias/bbc/2015/10/16/nao-se-pode-aceitar-nenhum-pacto-de-impunidade-diz-marina-sobre-crise-politica.htm, skipping...
[ERROR - 2025-10-25 09:39:12,608 - Worker_4] Status code == 403 for http://noticias.uol.com.br/ciencia/ultimas-noticias/redacao/2015/10/16/como-e-a-vida-de-um-astronauta-em-uma-estacao-espacial.htm, skipping...
[ERROR - 2025-10-25 09:39:16,041 - Worker_2] Status code == 403 for http://noticias.uol.com.br/ultimas-noticias/bbc/2015/10/17/corpo-humano-leva-14-dias-para-se-acostumar-com-horario-de-verao.htm, skipping...
[ERROR - 2025-10-25 09:39:16,787 - Worker_4] Status code == 403 for http://noticias.uol.com.br/internacional/ultimas-noticias/el-pais/2015/10/17/novo-memorial-na-franca-e-memoria-mais-sombria-do-pais-no-seculo-20.htm, skipping...
[ERROR - 2025-10-25 09:39:17,017 - Worker_1] Status code == 403 for http://noticias.uol.com.br/ultimas-noticias/agencia-brasil/2015/10/17/chuvas-no-rio-grande-do-sul-provocam-segunda-maior-cheia-do-guaiba.htm, skipping...
[ERROR - 2025-10-25 09:39:18,240 - Worker_0] Status code == 403 for http://uolesporte.blogosfera.uol.com.br/2015/10/17/zagueiro-remove-patrocinador-de-coletiva-por-religiao-e-gera-polemica/, skipping...
[ERROR - 2025-10-25 09:39:20,982 - Worker_4] Status code == 404 for http://futebol.placar.esporte.uol.com.br/futebol/brasileirao/2015/10/17/joinville-x-figueirense.htm, skipping...
[ERROR - 2025-10-25 09:39:21,249 - Worker_1] Status code == 403 for http://economia.uol.com.br/noticias/bbc/2015/10/17/como-jovem-desempregado-virou-rei-do-frango-assado-com-emprestimo-de-r-1000.htm, skipping...
[ERROR - 2025-10-25 09:39:26,234 - Worker_0] Status code == 404 for http://esporte.uol.com.br/futebol/campeonatos/brasileiro/serie-b/ultimas-noticias/2015/10/17/botafogo-x-bragantino.htm, skipping...
[ERROR - 2025-10-25 09:39:29,203 - Worker_1] Status code == 404 for http://mulher.uol.com.br/beleza/album/2015/10/03/lancamentos-de-outubro-veja-as-novidades-para-os-cuidados-de-beleza.htm?abrefoto=1, skipping...
[ERROR - 2025-10-25 09:39:32,771 - Worker_0] Status code == 403 for http://mauriciostycer.blogosfera.uol.com.br/2015/10/17/cinco-erros-ou-historias-mal-explicadas-em-a-regra-do-jogo/, skipping...
[ERROR - 2025-10-25 09:39:36,507 - Worker_1] Status code == 403 for http://josiasdesouza.blogosfera.uol.com.br/2015/10/17/bancada-do-pmdb-faz-homenagem-para-cunha/, skipping...
[ERROR - 2025-10-25 09:39:36,974 - Worker_0] Status code == 403 for http://noticias.uol.com.br/cotidiano/ultimas-noticias/2015/10/17/confira-as-dezenas-da-mega-sena-deste-sabado-premio-e-de-r-40-milhoes.htm, skipping...
[ERROR - 2025-10-25 09:39:41,193 - Worker_0] Status code == 403 for http://uolesporte.blogosfera.uol.com.br/2015/10/17/rubinho-vira-marty-mcfly-e-dirige-carro-do-de-volta-para-o-futuro/, skipping...
[ERROR - 2025-10-25 09:39:45,513 - Worker_3] Status code == 403 for http://noticias.uol.com.br/ultimas-noticias/agencia-estado/2015/10/17/mesmo-negando-faixa-livre-para-carro-na-paulista-haddad-diz-ter-atendido-mpe.htm, skipping...
[ERROR - 2025-10-25 09:39:46,305 - Worker_2] Status code == 404 for http://esporte.uol.com.br/f1/ultimas-noticias/2015/10/17/hamilton-pode-ser-tri-com-5-lugar-so-milagre-leva-decisao-para-o-brasil.htm, skipping...
[ERROR - 2025-10-25 09:39:50,201 - Worker_4] Status code == 403 for http://noticias.uol.com.br/ultimas-noticias/agencia-estado/2015/10/17/grupos-anti-dilma-decidem-atuar-separadamente.htm, skipping...
[ERROR - 2025-10-25 09:39:55,373 - Worker_2] Status code == 403 for http://noticias.uol.com.br/album/album-do-dia/2015/10/17/imagens-do-dia---17-de-outubro-de-2015.htm?abrefoto=17, skipping...
[ERROR - 2025-10-25 09:39:59,007 - Worker_3] Status code == 403 for http://uolesporte.blogosfera.uol.com.br/2015/10/17/neymar-deu-show-pelo-barcelona-e-ainda-levou-a-bola-do-jogo-para-casa/, skipping...
[ERROR - 2025-10-25 09:40:01,778 - Worker_4] Status code == 403 for http://mauriciostycer.blogosfera.uol.com.br/2015/10/17/clima-entre-record-e-sbt-tambem-esta-ruim-nos-bastidores/, skipping...
[ERROR - 2025-10-25 09:40:03,270 - Worker_3] Status code == 403 for http://rodrigomattos.blogosfera.uol.com.br/2015/10/17/com-renovacao-paulista-vira-excecao-em-meio-a-estaduais-em-dificuldades/, skipping...
[ERROR - 2025-10-25 09:40:07,623 - Worker_3] Status code == 403 for http://educacao.uol.com.br/noticias/2015/10/17/com-a-mudanca-de-horario-de-verao-fique-atento-aos-horarios-de-provas-do-enem.htm, skipping...
[ERROR - 2025-10-25 09:40:12,513 - Worker_1] Status code == 403 for http://noticias.uol.com.br/saude/album/2015/10/16/voluntarias-fazem-dia-de-beleza-para-mulheres-com-cancer-em-instituto-de-sp.htm#fotoNav=1, skipping...
[ERROR - 2025-10-25 09:40:14,112 - Worker_3] Status code == 403 for http://matias.blogosfera.uol.com.br/2015/10/17/saiba-quando-assistir-ao-proximo-trailer-de-guerra-nas-estrelas/, skipping...
[ERROR - 2025-10-25 09:40:18,285 - Worker_3] Status code == 403 for http://noticias.uol.com.br/ultimas-noticias/efe/2015/10/18/tiroteio-em-israel-deixa-3-mortos-e-oito-feridos.htm, skipping...
[ERROR - 2025-10-25 09:40:21,143 - Worker_2] Status code == 403 for http://andrerocha.blogosfera.uol.com.br/2015/10/18/fla-erra-demais-inter-e-movel-e-eficiente-na-vitoria-fora-que-precisava/, skipping...
[ERROR - 2025-10-25 09:40:22,785 - Worker_3] Status code == 403 for http://nilsonxavier.blogosfera.uol.com.br/2015/10/18/a-regra-do-jogo-exige-do-publico-mais-do-que-mera-passividade/, skipping...
[ERROR - 2025-10-25 09:40:25,458 - Worker_0] Status code == 403 for http://blogdojuca.uol.com.br/2015/10/neymar-como-se-fosse-messi-ou-mais/, skipping...
[ERROR - 2025-10-25 09:40:35,786 - Worker_2] Status code == 403 for http://noticias.uol.com.br/ultimas-noticias/agencia-estado/2015/10/18/terreno-do-playcenter-em-sp-comeca-a-ser-ocupado.htm, skipping...
[ERROR - 2025-10-25 09:40:38,158 - Worker_4] Status code == 403 for http://pvc.blogosfera.uol.com.br/2015/10/18/so-falta-marcar-a-data-do-casamento-do-corinthians-com-a-taca/, skipping...
[ERROR - 2025-10-25 09:40:41,871 - Worker_0] Status code == 403 for http://abiliodiniz.blogosfera.uol.com.br/2015/10/18/mais-uma-vez-sao-paulo-tropeca-nas-proprias-pernas/, skipping...
[ERROR - 2025-10-25 09:40:42,336 - Worker_2] Status code == 403 for http://uolesporte.blogosfera.uol.com.br/2015/10/18/saudade-corintiano-romarinho-faz-golaco-no-campeonato-do-qatar/, skipping...
[ERROR - 2025-10-25 09:40:46,550 - Worker_2] Status code == 403 for http://economia.uol.com.br/noticias/bbc/2015/10/18/o-pai-que-ganhou-350-dias-de-ferias-para-cuidar-de-filha-com-cancer.htm, skipping...
[ERROR - 2025-10-25 09:40:48,506 - Worker_0] Status code == 403 for http://mauriciostycer.blogosfera.uol.com.br/2015/10/18/kadu-moliterno-explica-ida-para-a-record-preciso-pagar-as-contas/, skipping...
[ERROR - 2025-10-25 09:41:08,429 - Worker_1] Failed to connect with http://esporte.uol.com.br/futebol/campeonatos/espanhol/ultimas-noticias/2015/10/18/imprensa-espanhola-exalta-atuacao-de-neymar-messinho.htm after 3 attempts, skipping...
[ERROR - 2025-10-25 09:41:18,417 - Worker_3] Status code == 403 for http://reginanavarro.blogosfera.uol.com.br/2015/10/17/singularidade-sexual/, skipping...
[ERROR - 2025-10-25 09:41:22,704 - Worker_0] Status code == 403 for http://blogdojuca.uol.com.br/2015/10/santos-como-sempre-chapecoense-como-nunca/, skipping...
[ERROR - 2025-10-25 09:41:24,514 - Worker_2] Status code == 403 for http://matias.blogosfera.uol.com.br/2015/10/18/quem-ficou-de-fora-do-poster-oficial-do-episodio-vii-e-por-que/, skipping...
[ERROR - 2025-10-25 09:41:35,906 - Worker_1] Status code == 403 for http://noticias.uol.com.br/album/2015/10/18/sem-carros-avenida-paulista-vira-espaco-de-lazer-aos-domingos.htm?abrefoto=1, skipping...
[ERROR - 2025-10-25 09:41:40,081 - Worker_1] Status code == 403 for http://noticias.uol.com.br/cotidiano/ultimas-noticias/2015/10/19/apos-explosao-no-rio-moradores-recebem-ajuda-de-vizinhos.htm, skipping...
[ERROR - 2025-10-25 09:41:44,229 - Worker_1] Status code == 403 for http://noticias.uol.com.br/ultimas-noticias/agencia-estado/2015/10/19/valente-diz-que-vai-propor-indiciamento-de-cunha-na-cpi-da-petrobras.htm, skipping...
[ERROR - 2025-10-25 09:41:55,765 - Worker_1] Status code == 403 for http://noticias.uol.com.br/ciencia/ultimas-noticias/afp/2015/10/19/rodada-de-negociacoes-comeca-com-sentimento-de-urgencia-antes-da-cupula-do-clima.htm, skipping...
[ERROR - 2025-10-25 09:41:59,930 - Worker_1] Status code == 403 for http://noticias.uol.com.br/politica/ultimas-noticias/2015/10/19/cpi-da-petrobras-gastou-r-373-mil-em-viagens-e-despesas-operacionais.htm, skipping...
[ERROR - 2025-10-25 09:42:06,455 - Worker_1] Status code == 403 for http://noticias.uol.com.br/saude/ultimas-noticias/bbc/2015/10/19/numero-de-pintas-no-braco-pode-sinalizar-propensao-a-cancer-de-pele-indica-pesquisa.htm, skipping...
[ERROR - 2025-10-25 09:42:13,637 - Worker_0] Status code == 403 for http://noticias.uol.com.br/ultimas-noticias/bbc/2015/10/19/o-que-os-juristas-que-redigiram-impeachment-de-collor-pensam-sobre-dilma.htm, skipping...
[ERROR - 2025-10-25 09:42:20,533 - Worker_0] Status code == 403 for http://noticias.uol.com.br/cotidiano/ultimas-noticias/2015/10/19/haitiano-e-assassinado-em-navegantes-sc.htm, skipping...
[ERROR - 2025-10-25 09:42:24,705 - Worker_0] Status code == 403 for http://noticias.uol.com.br/saude/ultimas-noticias/estado/2015/10/19/casos-no-inverno-indicam-surto-de-dengue-em-2016.htm, skipping...
[ERROR - 2025-10-25 09:42:25,742 - Worker_3] Status code == 403 for http://blogdosakamoto.blogosfera.uol.com.br/2015/10/19/a-motorista-bebada-que-matou-duas-pessoas-e-a-cela-especial-no-brasil/, skipping...
[ERROR - 2025-10-25 09:42:28,903 - Worker_4] Status code == 403 for http://noticias.uol.com.br/ultimas-noticias/efe/2015/10/19/menino-de-6-anos-mata-irmao-de-3-em-brincadeira-de-policia-e-ladrao.htm, skipping...
[ERROR - 2025-10-25 09:42:38,378 - Worker_4] Status code == 403 for http://mauriciostycer.blogosfera.uol.com.br/2015/10/19/christiane-pelajo-foi-afastada-e-nao-pediu-para-sair-do-jornal-da-globo/, skipping...
[ERROR - 2025-10-25 09:42:39,822 - Worker_3] Status code == 403 for http://blogdoohata.blogosfera.uol.com.br/2015/10/19/qual-grande-de-sao-paulo-planeja-aumentar-em-1-ano-mandato-do-presidente/, skipping...
[ERROR - 2025-10-25 09:42:51,104 - Worker_0] Status code == 403 for http://noticias.uol.com.br/ultimas-noticias/valor/2015/10/19/stf-deve-julgar-merito-de-rito-de-impeachment-nesta-semana-diz-fachin.htm, skipping...
[ERROR - 2025-10-25 09:42:52,678 - Worker_4] Status code == 403 for http://noticias.uol.com.br/ultimas-noticias/agencia-estado/2015/10/19/cunha-apresenta-recurso-ao-stf-contra-liminares-que-suspendem-rito-de-impeachment.htm, skipping...
[ERROR - 2025-10-25 09:42:57,109 - Worker_2] Status code == 403 for http://noticias.uol.com.br/cotidiano/ultimas-noticias/2015/10/19/guarda-civil-e-agredido-apos-repreender-jovens-em-chafariz-em-sertaozinho.htm, skipping...
[ERROR - 2025-10-25 09:43:01,353 - Worker_2] Status code == 403 for http://blogdorafaelreis.blogosfera.uol.com.br/2015/10/19/decepcao-no-palmeiras-diogo-vira-maquina-de-gols-na-tailandia/, skipping...
[ERROR - 2025-10-25 09:43:02,938 - Worker_0] Status code == 403 for http://uolesporte.blogosfera.uol.com.br/2015/10/19/ligado-na-tomada-atacante-marca-em-7-segundos-e-quebra-recorde-na-mls/, skipping...
[ERROR - 2025-10-25 09:43:03,839 - Worker_1] Status code == 403 for http://noticias.uol.com.br/politica/ultimas-noticias/2015/10/19/manifestantes-realizam-protesto-para-pedir-impeachment-de-dilma-em-sp.htm, skipping...
[ERROR - 2025-10-25 09:43:07,144 - Worker_0] Status code == 403 for http://noticias.uol.com.br/ciencia/album/2015/01/06/imagens-do-espaco-2015.htm?fotoNavId=pr582145445b4ff2f857c84156776bd220151016, skipping...
[ERROR - 2025-10-25 09:43:08,001 - Worker_1] Status code == 403 for http://noticias.uol.com.br/midiaglobal/the-international-new-york-times/2015/10/19/eua-uma-terra-que-os-chineses-amam-e-odeiam.htm, skipping...
[ERROR - 2025-10-25 09:43:11,556 - Worker_4] Status code == 403 for http://rodrigomattos.blogosfera.uol.com.br/2015/10/19/cbf-recua-de-aval-a-sul-minas-e-liga-rompe-com-entidade-casa-do-7-a-1/, skipping...
[ERROR - 2025-10-25 09:43:20,861 - Worker_4] Status code == 403 for http://nilsonxavier.blogosfera.uol.com.br/2015/10/20/relembre-a-carreira-de-yona-magalhaes-uma-das-mais-belas-atrizes-da-tv/, skipping...
[ERROR - 2025-10-25 09:43:22,339 - Worker_1] Status code == 403 for http://noticias.uol.com.br/ultimas-noticias/bbc/2015/10/20/nao-me-enterrem-apelo-de-menino-ferido-se-torna-simbolo-contra-a-guerra-no-iemen.htm, skipping...
[ERROR - 2025-10-25 09:43:34,453 - Worker_3] Status code == 403 for http://blogmiltonneves.bol.uol.com.br/blog/2015/10/19/quem-e-o-melhor-jogador-hoje-no-brasil-apodi-ja-merece-vestir-a-amarelinha-e-tite-e-o-pele-entre-os-tecnicos/, skipping...
[ERROR - 2025-10-25 09:43:38,681 - Worker_3] Status code == 403 for http://mauriciostycer.blogosfera.uol.com.br/2015/10/20/virada-de-alem-do-tempo-e-adiada-em-um-dia/, skipping...
[ERROR - 2025-10-25 09:43:45,426 - Worker_3] Status code == 403 for http://noticias.uol.com.br/ultimas-noticias/reuters/2015/10/20/mexico-faz-acordo-para-voltar-a-procurar-estudantes-desaparecidos.htm, skipping...
[ERROR - 2025-10-25 09:43:49,655 - Worker_3] Status code == 403 for http://futebolemnumeros.blogosfera.uol.com.br/2015/10/20/corinthians-passa-fluminense-em-ranking-de-pontos-desde-2003/, skipping...
[ERROR - 2025-10-25 09:43:53,841 - Worker_3] Status code == 403 for http://noticias.uol.com.br/politica/ultimas-noticias/2015/10/20/nao-sabia-que-petrobras-nao-era-do-governo-responde-cunha-a-dilma.htm, skipping...
[ERROR - 2025-10-25 09:43:58,498 - Worker_2] Status code == 403 for http://noticias.uol.com.br/ultimas-noticias/agencia-estado/2015/10/20/familia-de-jovem-que-morreu-em-voo-diz-nao-ter-dinheiro-de-traslado.htm, skipping...
[ERROR - 2025-10-25 09:43:59,468 - Worker_0] Status code == 403 for http://fernandorodrigues.blogosfera.uol.com.br/2015/10/20/dilma-prepara-anuncio-de-rombo-de-r-50-bilhoes-nas-contas-de-2015/, skipping...
[ERROR - 2025-10-25 09:44:01,779 - Worker_1] Status code == 403 for http://noticias.uol.com.br/album/album-do-dia/2015/10/20/imagens-do-dia---20-de-outubro-de-2015.htm?abrefoto=14, skipping...
[ERROR - 2025-10-25 09:44:02,682 - Worker_2] Status code == 403 for http://noticias.uol.com.br/ultimas-noticias/afp/2015/10/20/air-france-e-familias-de-vitimas-questionam-investigacao-sobre-voo-rio-paris.htm, skipping...
[ERROR - 2025-10-25 09:44:06,002 - Worker_1] Status code == 403 for http://blogdoboleiro.blogosfera.uol.com.br/2015/10/20/corintianos-ja-tem-musica-para-pegar-no-pe-de-guerrero-no-domingo/, skipping...
[ERROR - 2025-10-25 09:44:07,007 - Worker_3] Status code == 403 for http://noticias.uol.com.br/politica/ultimas-noticias/2015/10/20/verbas-publicas-podem-ter-financiado-campanhas-eleitorais-em-sc-diz-cpi.htm, skipping...
[ERROR - 2025-10-25 09:44:10,202 - Worker_1] Status code == 403 for http://noticias.uol.com.br/ultimas-noticias/agencia-estado/2015/10/20/governo-podera-lancar-mao-de-alternativas-para-manter-bolsa-familia-diz-delcidio.htm, skipping...
[ERROR - 2025-10-25 09:44:12,543 - Worker_0] Status code == 403 for http://noticias.uol.com.br/ultimas-noticias/agencia-estado/2015/10/20/renan-dara-45-dias-para-dilma-apresentar-defesa-sobre-pedaladas-fiscais.htm, skipping...
[ERROR - 2025-10-25 09:44:13,647 - Worker_4] Status code == 403 for http://josiasdesouza.blogosfera.uol.com.br/2015/10/20/corte-no-bolsa-familia-seria-waterloo-de-dilma/, skipping...
[ERROR - 2025-10-25 09:44:14,343 - Worker_1] Status code == 403 for http://noticias.uol.com.br/internacional/ultimas-noticias/2015/10/20/mcdonalds-vende-lanche-mordido-a-cliente-na-nova-zelandia.htm, skipping...
[ERROR - 2025-10-25 09:44:16,704 - Worker_0] Status code == 403 for http://noticias.uol.com.br/ciencia/ultimas-noticias/afp/2015/10/20/agencia-espacial-europeia-planeja-aldeia-lunar-internacional.htm, skipping...
[ERROR - 2025-10-25 09:44:17,875 - Worker_4] Status code == 403 for http://blogdobrito.blogosfera.uol.com.br/2015/10/20/cbb-monitora-renovacao-contratual-de-nene-para-nao-perde-lo-nos-jogos-2016/, skipping...
[ERROR - 2025-10-25 09:44:18,550 - Worker_1] Status code == 403 for http://noticias.uol.com.br/saude/ultimas-noticias/redacao/2015/10/20/paises-disputam-patente-da-droga-da-usp-contra-o-cancer-diz-cientista.htm, skipping...
[ERROR - 2025-10-25 09:44:22,094 - Worker_4] Status code == 403 for http://matias.blogosfera.uol.com.br/2015/10/20/os-detalhes-que-voce-nao-percebeu-no-trailer-de-o-despertar-da-forca/, skipping...
[ERROR - 2025-10-25 09:44:22,743 - Worker_1] Status code == 403 for http://noticias.uol.com.br/cotidiano/ultimas-noticias/2015/10/20/presos-mataram-e-comeram-figado-de-detento-em-pedrinhas-ma-diz-o-mp.htm, skipping...
[ERROR - 2025-10-25 09:44:27,221 - Worker_1] Status code == 403 for http://uolesportevetv.blogosfera.uol.com.br/2015/10/20/sao-paulo-nao-vai-pra-libertadores-por-nenhum-lugar-opina-casao-na-globo, skipping...
[ERROR - 2025-10-25 09:44:40,406 - Worker_0] Status code == 404 for http://cenapop.virgula.uol.com.br/2015/10/19/97210-ensaio-inusitado-beyonce-posa-enrolada-em-bandeira-do-eua-e-segurando-galinha/, skipping...
[ERROR - 2025-10-25 09:44:54,679 - Worker_0] Status code == 403 for http://noticias.uol.com.br/cotidiano/ultimas-noticias/2015/10/21/justica-gaucha-condena-funcionarios-de-presidio-por-tortura.htm, skipping...
[ERROR - 2025-10-25 09:44:58,358 - Worker_2] Status code == 403 for http://oblogdorugbi.blogosfera.uol.com.br/2015/10/21/nao-estamos-loucos-5-motivos-para-voce-torcer-para-a-argentina-no-rugbi/, skipping...
[ERROR - 2025-10-25 09:44:58,959 - Worker_0] Status code == 403 for http://blogdomariomagalhaes.blogosfera.uol.com.br/2015/10/21/tv-chilena-exuma-suas-imagens-e-expoe-mentiras-e-farsas-pro-pinochet/, skipping...
[ERROR - 2025-10-25 09:45:02,171 - Worker_3] Status code == 403 for http://noticias.uol.com.br/cotidiano/ultimas-noticias/2015/10/21/ativistas-pintam-carros-em-protesto-por-estacionamento-em-ciclovia-em-natal.htm, skipping...
[ERROR - 2025-10-25 09:45:05,811 - Worker_4] Status code == 403 for http://noticias.uol.com.br/ciencia/ultimas-noticias/efe/2015/10/21/cientistas-encontram-estrela-morta-engolindo-planetoide-similar-a-terra.htm, skipping...
[ERROR - 2025-10-25 09:45:13,039 - Worker_2] Status code == 403 for http://uolesporte.blogosfera.uol.com.br/2015/10/21/o-apocalipse-zumbi-chegou-a-nba-veja-versoes-assustadoras-das-estrelas/, skipping...
[ERROR - 2025-10-25 09:45:13,935 - Worker_3] Status code == 403 for http://noticias.uol.com.br/album/2015/10/19/bichos-da-semana.htm?abrefoto=2, skipping...
[ERROR - 2025-10-25 09:45:14,676 - Worker_4] Status code == 403 for http://nilsonxavier.blogosfera.uol.com.br/2015/10/21/desafio-de-alem-do-tempo-e-manter-a-audiencia-com-a-historia-da-nova-fase/, skipping...
[ERROR - 2025-10-25 09:45:17,195 - Worker_2] Status code == 403 for http://noticias.uol.com.br/ultimas-noticias/afp/2015/10/21/wikileaks-avisa-que-vazara-conteudo-de-e-mail-do-diretor-da-cia.htm, skipping...
[ERROR - 2025-10-25 09:45:18,840 - Worker_4] Status code == 403 for http://noticias.uol.com.br/cotidiano/ultimas-noticias/2015/10/21/policia-de-sc-detem-cinco-suspeitos-de-matar-haitiano.htm, skipping...
[ERROR - 2025-10-25 09:45:21,348 - Worker_2] Status code == 403 for http://noticias.uol.com.br/cotidiano/ultimas-noticias/2015/10/21/mega-sena-acumulada-paga-r-46-milhoes-nesta-quarta-21.htm, skipping...
[ERROR - 2025-10-25 09:45:25,510 - Worker_2] Status code == 403 for http://noticias.uol.com.br/album/bbc/2015/10/20/tropa-de-choque-nas-ruas-do-rio-esta-entre-fotos-premiadas-em-concurso-sobre-trabalho-urbano.htm?abrefoto=2, skipping...
[ERROR - 2025-10-25 09:45:36,582 - Worker_2] Status code == 403 for http://noticias.uol.com.br/politica/ultimas-noticias/2015/10/21/protesto-fora-cunha-interrompe-entrevista-do-presidente-da-camara.htm, skipping...
[ERROR - 2025-10-25 09:45:37,848 - Worker_0] Status code == 403 for http://uolesporte.blogosfera.uol.com.br/2015/10/21/messi-aparece-no-barcelona-com-novo-carrao-de-mais-de-r-500-mil/, skipping...
[ERROR - 2025-10-25 09:45:40,817 - Worker_2] Status code == 403 for http://robertosadovski.blogosfera.uol.com.br/2015/10/21/por-que-marty-mcfly-nao-foi-o-cara-no-cinema-em-1989/, skipping...
[ERROR - 2025-10-25 09:45:45,034 - Worker_2] Status code == 403 for http://blogdoohata.blogosfera.uol.com.br/2015/10/21/astro-de-narcos-quer-fazer-filme-sobre-idolo-do-esporte-de-sua-infancia/, skipping...
[ERROR - 2025-10-25 09:45:46,903 - Worker_0] Status code == 403 for http://fernandorodrigues.blogosfera.uol.com.br/2015/10/21/caixa-cria-aplicativo-do-bolsa-familia-para-iphone-2/, skipping...
[ERROR - 2025-10-25 09:45:51,146 - Worker_0] Status code == 403 for http://blogdoboleiro.blogosfera.uol.com.br/2015/10/21/portuguesa-tenta-evitar-o-desmanche-e-colocar-o-time-para-jogar/, skipping...
[ERROR - 2025-10-25 09:46:04,341 - Worker_2] Status code == 403 for http://blogdoico.blogosfera.uol.com.br/2015/10/21/a-gp2-continua-cumprindo-seu-papel-enriquecer-seus-donos/, skipping...
[ERROR - 2025-10-25 09:46:04,524 - Worker_0] Status code == 403 for http://noticias.uol.com.br/ultimas-noticias/efe/2015/10/21/coletes-a-prova-de-balas-e-segurancas-a-vida-de-400-candidatos-na-colombia.htm, skipping...
[ERROR - 2025-10-25 09:46:08,587 - Worker_2] Status code == 404 for http://futebol.placar.esporte.uol.com.br/futebol/copa-do-brasil/2015/10/21/sao-paulo-x-santos.htm, skipping...
[ERROR - 2025-10-25 09:46:10,418 - Worker_3] Status code == 404 for http://viagem.uol.com.br/album/2015/10/20/alem-de-lindas-praias-aruba-tem-cavernas-e-pontes-naturais-sobre-o-mar.htm#fotoNav=1, skipping...
[ERROR - 2025-10-25 09:46:13,836 - Worker_1] Status code == 403 for http://mauriciostycer.blogosfera.uol.com.br/2015/10/21/alem-do-tempo-entregou-tudo-que-prometeu-na-primeira-fase/, skipping...
[ERROR - 2025-10-25 09:46:14,712 - Worker_3] Status code == 403 for http://matias.blogosfera.uol.com.br/2015/10/21/10-coisas-que-aprendi-sobre-de-volta-para-o-futuro-e-uma-teoria-bem-depre/, skipping...
[ERROR - 2025-10-25 09:47:00,392 - Worker_1] Status code == 403 for http://uolesporte.blogosfera.uol.com.br/2015/10/22/vin-diesel-pediu-ajuda-de-ronda-para-transformar-a-filha-em-uma-fera/, skipping...
[ERROR - 2025-10-25 09:47:09,058 - Worker_3] Failed to connect with http://natelinha.ne10.uol.com.br/novelas/2015/10/22/apos-dancar-com-livia-felipe-se-apaixona-ela-nao-sai-da-minha-cabeca-93564.php after 3 attempts, skipping...
[ERROR - 2025-10-25 09:47:11,302 - Worker_0] Status code == 403 for http://mauriciostycer.blogosfera.uol.com.br/2015/10/22/video-show-exibe-como-sendo-da-globo-imagens-de-silvio-na-tupi-ou-record/, skipping...
[ERROR - 2025-10-25 09:47:14,959 - Worker_2] Status code == 403 for http://blogdosakamoto.blogosfera.uol.com.br/2015/10/22/como-o-congresso-nacional-esta-nos-devolvendo-ao-brasil-colonia/, skipping...
[ERROR - 2025-10-25 09:47:15,738 - Worker_0] Status code == 403 for http://omundoemmovimento.blogosfera.uol.com.br/2015/10/21/o-mercado-esta-puxando-pra-cima/, skipping...
[ERROR - 2025-10-25 09:47:19,744 - Worker_1] Status code == 404 for http://esporte.uol.com.br/f1/ultimas-noticias/2015/10/22/vettel-confirma-punicao-e-facilita-conquista-do-titulo-de-hamilton-nos-eua.htm, skipping...
[ERROR - 2025-10-25 09:47:19,968 - Worker_0] Status code == 403 for http://blogdoboleiro.blogosfera.uol.com.br/2015/10/22/tecnico-pontual-careca-avisa-para-encarar-a-argentina-nao-pode-ter-medo/, skipping...
[ERROR - 2025-10-25 09:47:27,965 - Worker_4] Status code == 403 for http://futebolemnumeros.blogosfera.uol.com.br/2015/10/22/posse-de-bola-nao-garante-vitoria-na-liga-dos-campeoes/, skipping...
[ERROR - 2025-10-25 09:47:42,195 - Worker_2] Status code == 403 for http://blogdomenon.blogosfera.uol.com.br/2015/10/22/delfim-peixoto-cbf-nao-tem-forca-para-brecar-sul-minas-rio/, skipping...
[ERROR - 2025-10-25 09:47:43,698 - Worker_0] Status code == 403 for http://josiasdesouza.blogosfera.uol.com.br/2015/10/22/pmdb-trocou-deputado-que-rejeitaria-as-conclusoes-do-relatorio-do-pt-na-cpi/, skipping...
[ERROR - 2025-10-25 09:47:44,077 - Worker_4] Status code == 403 for http://uolesporte.blogosfera.uol.com.br/2015/10/22/deuruim-pele-vira-minicraque-com-a-cara-do-junior-baiano/, skipping...
[ERROR - 2025-10-25 09:47:50,213 - Worker_0] Status code == 403 for http://noticias.uol.com.br/ultimas-noticias/agencia-estado/2015/10/22/cunha-teve-a-disposicao-uso-de-heliponto-da-petrobras-aponta-investigacao.htm, skipping...
[ERROR - 2025-10-25 09:47:52,874 - Worker_4] Status code == 403 for http://noticias.uol.com.br/ultimas-noticias/agencia-estado/2015/10/22/stf-determina-bloqueio-e-sequestro-de-recursos-em-contas-de-cunha-na-suica.htm, skipping...
[ERROR - 2025-10-25 09:47:53,389 - Worker_1] Status code == 403 for http://noticias.uol.com.br/cotidiano/ultimas-noticias/2015/10/22/disque-denuncia-do-rio-lanca-funk-para-incentivar-combate-a-armas-ilegais.htm, skipping...
[ERROR - 2025-10-25 09:47:54,425 - Worker_0] Status code == 403 for http://noticias.uol.com.br/cotidiano/ultimas-noticias/2015/10/22/suzane-tem-pedido-de-progressao-para-semiaberto-aceito-pela-justica-sp.htm, skipping...
[ERROR - 2025-10-25 09:47:57,540 - Worker_1] Status code == 403 for http://noticias.uol.com.br/cotidiano/ultimas-noticias/2015/10/22/donos-de-restaurante-sao-condenados-por-morte-de-estudante-por-r-7.htm, skipping...
[ERROR - 2025-10-25 09:47:59,359 - Worker_4] Status code == 403 for http://noticias.uol.com.br/politica/ultimas-noticias/2015/10/22/nao-tem-lava-jato-so-lava-cunha-diz-presidente-da-camara.htm, skipping...
[ERROR - 2025-10-25 09:48:01,757 - Worker_1] Status code == 403 for http://abiliodiniz.blogosfera.uol.com.br/2015/10/22/sao-paulo-perde-mais-uma-e-se-complica-na-copa-do-brasil/, skipping...
[ERROR - 2025-10-25 09:48:04,575 - Worker_0] Failed to connect with http://procurasecachorro.uol.com.br/blog/2015/10/20/video-garotinha-consola-cachorro-que-quebrou-tigela-de-cereais/ after 3 attempts, skipping...
[ERROR - 2025-10-25 09:48:13,717 - Worker_1] Status code == 404 for http://esporte.uol.com.br/f1/ultimas-noticias/2015/10/23/furacao-no-mexico-interfere-na-f-1-e-treino-do-gp-dos-eua-e-adiado.htm, skipping...
[ERROR - 2025-10-25 09:48:17,885 - Worker_1] Status code == 403 for http://noticias.uol.com.br/politica/ultimas-noticias/2015/10/23/policia-prende-empresario-suspeito-de-matar-prefeito-no-interior-de-sp.htm, skipping...
[ERROR - 2025-10-25 09:48:24,356 - Worker_4] Status code == 404 for http://guia.uol.com.br/album/2015/10/22/exposicao-de-fotos-em-sp-mostra-inclusao-de-deficientes-por-meio-da-musica.htm, skipping...
[ERROR - 2025-10-25 09:48:27,459 - Worker_3] Status code == 403 for http://blogdomenon.blogosfera.uol.com.br/2015/10/23/o-dia-em-que-o-rei-pele-falou-comigo-reles-mortal/, skipping...
[ERROR - 2025-10-25 09:48:28,373 - Worker_2] Status code == 403 for http://noticias.uol.com.br/ultimas-noticias/agencia-estado/2015/10/23/levy-diz-que-nao-ha-pedaladas-fiscais-em-2015.htm, skipping...
[ERROR - 2025-10-25 09:48:28,896 - Worker_0] Status code == 403 for http://educacao.uol.com.br/noticias/2015/10/23/enem-vicio-tecnologico-e-mobilidade-urbana-podem-ser-temas-da-redacao.htm, skipping...
[ERROR - 2025-10-25 09:48:29,927 - Worker_1] Status code == 403 for http://noticias.uol.com.br/cotidiano/ultimas-noticias/2015/10/23/tarifa-de-onibus-de-belo-horizonte-aumenta-a-partir-de-domingo.htm, skipping...
[ERROR - 2025-10-25 09:48:32,541 - Worker_2] Status code == 403 for http://noticias.uol.com.br/album/album-do-dia/2015/10/22/imagens-do-dia---22-de-outubro-de-2015.htm?abrefoto=16, skipping...
[ERROR - 2025-10-25 09:48:34,092 - Worker_1] Status code == 403 for http://educacao.uol.com.br/noticias/2015/10/23/por-causa-da-chuva-mec-suspende-enem-em-duas-cidades-de-sc.htm, skipping...
[ERROR - 2025-10-25 09:48:34,423 - Worker_4] Status code == 403 for http://noticias.uol.com.br/cotidiano/ultimas-noticias/2015/10/23/corpo-concretado-em-casa-no-rs-pode-ser-de-comerciaria-desaparecida.htm, skipping...
[ERROR - 2025-10-25 09:48:36,696 - Worker_2] Status code == 403 for http://educacao.uol.com.br/noticias/2015/10/23/enem-2015-uol-tera-correcao-e-gabarito-extraoficial-nos-dois-dias-de-prova.htm, skipping...
[ERROR - 2025-10-25 09:48:43,695 - Worker_4] Status code == 403 for http://noticias.uol.com.br/ciencia/ultimas-noticias/bbc/2015/10/23/desintegracao-de-planeta-perto-de-estrela-morta-sugere-como-sera-fim-da-terra.htm, skipping...
[ERROR - 2025-10-25 09:48:45,795 - Worker_2] Status code == 403 for http://noticias.uol.com.br/politica/ultimas-noticias/2015/10/23/ministro-do-supremo-decreta-segredo-de-justica-em-inquerito-sobre-cunha.htm, skipping...
[ERROR - 2025-10-25 09:48:49,963 - Worker_2] Status code == 403 for http://noticias.uol.com.br/ultimas-noticias/bbc/2015/10/23/como-patricia-se-transformou-em-furacao-nuclear-em-questao-de-horas.htm, skipping...
[ERROR - 2025-10-25 09:48:56,700 - Worker_2] Status code == 403 for http://noticias.uol.com.br/ultimas-noticias/agencia-estado/2015/10/23/chuvas-atingem-91-cidades-de-sc-e-afetam-mais-de-22-mil-pessoas.htm, skipping...
[ERROR - 2025-10-25 09:48:58,794 - Worker_0] Status code == 403 for http://tecnologia.uol.com.br/noticias/bbc/2015/10/22/brasileiros-lutam-para-apagar-passado-no-fotolog-ancestral-do-instagram.htm, skipping...
[ERROR - 2025-10-25 09:49:00,863 - Worker_2] Status code == 403 for http://noticias.uol.com.br/ultimas-noticias/bbc/2015/10/23/brasil-deixara-haiti-em-2016-serei-o-ultimo-a-partir-diz-general.htm, skipping...
[ERROR - 2025-10-25 09:49:03,018 - Worker_0] Status code == 403 for http://nagradedomma.blogosfera.uol.com.br/2015/10/23/oficial-jon-jones-esta-de-volta-ao-ufc/, skipping...
[ERROR - 2025-10-25 09:49:10,225 - Worker_2] Status code == 403 for http://noticias.uol.com.br/ultimas-noticias/agencia-estado/2015/10/23/na-mira-do-ajuste-bolsa-familia-deve-ter-em-2015-a-menor-expansao-de-gastos.htm, skipping...
[ERROR - 2025-10-25 09:49:12,147 - Worker_0] Status code == 403 for http://noticias.uol.com.br/politica/ultimas-noticias/2015/10/23/deputados-respondem-para-que-serviu-a-cpi-da-petrobras.htm, skipping...
[ERROR - 2025-10-25 09:49:21,611 - Worker_0] Status code == 403 for http://futebolemnumeros.blogosfera.uol.com.br/2015/10/23/jadson-e-o-mais-participativo-do-brasileirao/, skipping...
[ERROR - 2025-10-25 09:49:34,965 - Worker_3] Status code == 403 for http://noticias.uol.com.br/midiaglobal/elpais/2015/10/23/barcelona-se-transforma-na-capital-do-celular-roubado-e-fraudado.htm, skipping...
[ERROR - 2025-10-25 09:49:55,204 - Worker_0] Status code == 403 for http://noticias.uol.com.br/ultimas-noticias/agencia-estado/2015/10/23/cunha-disse-que-queria-criar-empresa-para-os-filhos-apontam-documentos.htm, skipping...
[ERROR - 2025-10-25 09:49:59,608 - Worker_3] Status code == 403 for http://noticias.uol.com.br/blogs-e-colunas/coluna/paul-krugman/2015/10/23/liberais-do-canada-podem-expor-uma-politica-fiscal-verdadeiramente-responsavel.htm, skipping...
[ERROR - 2025-10-25 09:50:10,488 - Worker_0] Status code == 403 for http://noticias.uol.com.br/ultimas-noticias/agencia-estado/2015/10/23/mpe-recorre-de-decisao-que-soltou-motorista-alcoolizada-que-matou-2.htm, skipping...
[ERROR - 2025-10-25 09:50:14,651 - Worker_0] Status code == 403 for http://noticias.uol.com.br/ciencia/album/2015/10/02/veja-imagens-de-ciencia-do-mes-outubro2015.htm?abrefoto=23, skipping...
[ERROR - 2025-10-25 09:50:21,220 - Worker_2] Status code == 403 for http://mauriciostycer.blogosfera.uol.com.br/2015/10/24/agora-eu-posso-diz-xuxa-no-teleton/, skipping...
[ERROR - 2025-10-25 09:50:25,452 - Worker_2] Status code == 403 for http://noticias.uol.com.br/ultimas-noticias/bbc/2015/10/23/irma-de-garoto-morto-em-1947-procura-visitante-misterioso-que-leva-flores-ao-tumulo.htm, skipping...
[ERROR - 2025-10-25 09:50:25,527 - Worker_4] Status code == 403 for http://noticias.uol.com.br/midiaglobal/lemonde/2015/10/24/processo-de-paz-influencia-clima-das-eleicoes-regionais-na-colombia.htm, skipping...
[ERROR - 2025-10-25 09:50:29,660 - Worker_2] Status code == 403 for http://noticias.uol.com.br/ultimas-noticias/bbc/2015/10/24/quatro-fatores-que-podem-escolher-novo-presidente-da-argentina.htm, skipping...
[ERROR - 2025-10-25 09:50:29,819 - Worker_4] Status code == 403 for http://saqueevoleio.blogosfera.uol.com.br/2015/10/23/simplesmente-marce1o-me1o/, skipping...
[ERROR - 2025-10-25 09:50:30,815 - Worker_1] Status code == 403 for http://blogdosakamoto.blogosfera.uol.com.br/2015/10/24/libertar-se-do-papel-de-macho-idiota-ou-ser-vetor-do-sofrimento-alheio/, skipping...
[ERROR - 2025-10-25 09:50:49,224 - Worker_4] Status code == 403 for http://educacao.uol.com.br/noticias/2015/10/24/enem-2015-primeiro-dia-de-prova-teve-assuntos-esperados-e-foi-conteudista.htm, skipping...
[ERROR - 2025-10-25 09:50:53,414 - Worker_4] Status code == 403 for http://noticias.uol.com.br/internacional/ultimas-noticias/le-monde/2015/10/24/russia-china-e-obama-ja-perceberam-que-eua-nao-e-mais-uma-hiperpotencia.htm, skipping...
[ERROR - 2025-10-25 09:51:17,575 - Worker_4] Status code == 403 for http://noticias.uol.com.br/cotidiano/ultimas-noticias/2015/10/24/mega-sena-pode-pagar-r-3-milhoes-hoje-veja-as-dezenas-sorteadas.htm, skipping...
[ERROR - 2025-10-25 09:51:21,849 - Worker_4] Status code == 403 for http://balanacesta.blogosfera.uol.com.br/2015/10/24/forte-no-passado-presente-e-pronto-pro-futuro-spurs-quer-novo-titulo/, skipping...
[ERROR - 2025-10-25 09:51:25,449 - Worker_2] Status code == 403 for http://blogdobirner.blogosfera.uol.com.br/2015/10/23/alexandre-mattos-nao-e-mitos-mas-faz-boa-gestao-no-palmeiras/, skipping...
[ERROR - 2025-10-25 09:51:31,039 - Worker_4] Status code == 403 for http://reginanavarro.blogosfera.uol.com.br/2015/10/24/desejo-ausente/, skipping...
[ERROR - 2025-10-25 09:51:35,679 - Worker_4] Status code == 404 for http://entretenimento.uol.com.br/ao-vivo/2015/10/22/teleton-2015.htm/, skipping...
[ERROR - 2025-10-25 09:51:53,063 - Worker_1] Status code == 403 for http://noticias.uol.com.br/internacional/ultimas-noticias/2015/10/24/furacao-patricia-perde-forca-mas-continua-perigoso-segundo-meteorologistas.htm, skipping...
[ERROR - 2025-10-25 09:51:57,224 - Worker_1] Status code == 403 for http://noticias.uol.com.br/cotidiano/ultimas-noticias/2015/10/24/teto-de-refeitorio-desaba-em-alojamento-de-competidores-indigenas.htm, skipping...
[ERROR - 2025-10-25 09:52:23,913 - Worker_0] Status code == 403 for http://noticias.uol.com.br/album/album-do-dia/2015/10/24/imagens-do-dia---24-de-outubro-de-2015.htm?abrefoto=28, skipping...
[ERROR - 2025-10-25 09:52:34,784 - Worker_2] Status code == 403 for http://noticias.uol.com.br/ultimas-noticias/bbc/2015/10/24/seria-este-o-iceberg-que-afundou-o-titanic.htm, skipping...
[ERROR - 2025-10-25 09:53:06,789 - Worker_1] Status code == 404 for http://esporte.uol.com.br/f1/ultimas-noticias/2015/10/25/nasr-evita-polemica-mas-diz-que-companheiro-fechou-a-porta-em-batida.htm, skipping...
[ERROR - 2025-10-25 09:53:11,297 - Worker_1] Status code == 404 for http://esporte.uol.com.br/f1/ultimas-noticias/2015/10/25/tricampeao-hamilton-se-emociona.htm, skipping...
[ERROR - 2025-10-25 09:53:14,213 - Worker_2] Status code == 403 for http://blogdoavallone.blogosfera.uol.com.br/2015/10/25/palmeiras-do-fracasso-a-ultima-chance/, skipping...
[ERROR - 2025-10-25 09:53:21,275 - Worker_4] Status code == 403 for http://educacao.uol.com.br/noticias/2015/10/25/enem-2015-professores-dizem-que-2-dia-teve-tempo-curto-e-prova-cansativa.htm, skipping...
[ERROR - 2025-10-25 09:53:36,504 - Worker_1] Status code == 403 for http://nagradedomma.blogosfera.uol.com.br/2015/10/25/ingles-brasileiro-festeja-bonus-no-ufc-com-o-dolar-do-brasil-estou-rico/, skipping...
[ERROR - 2025-10-25 09:53:48,054 - Worker_3] Status code == 404 for http://esporte.uol.com.br/futebol/campeonatos/brasileiro/serie-a/ultimas-noticias/2015/10/25/atletico-mg-x-ponte-preta.htm, skipping...
[ERROR - 2025-10-25 09:53:50,092 - Worker_1] Status code == 403 for http://uolesporte.blogosfera.uol.com.br/2015/10/25/ricardo-oliveira-canta-musica-gospel-e-tem-companhia-da-filha-no-violino/, skipping...
[ERROR - 2025-10-25 09:53:59,615 - Worker_1] Status code == 403 for http://noticias.uol.com.br/album/album-do-dia/2015/10/25/imagens-do-dia---25-de-outubro-de-2015.htm?abrefoto=23, skipping...
[ERROR - 2025-10-25 09:54:06,569 - Worker_1] Status code == 404 for http://cenapop.virgula.uol.com.br/2015/10/20/97195-top-plus-size-aline-zattar-da-dicas-de-biquinis-e-maios-para-o-verao/, skipping...
[ERROR - 2025-10-25 09:54:17,987 - Worker_4] Status code == 404 for http://esporte.uol.com.br/f1/ultimas-noticias/2015/10/25/hamilton-ultrapassa-rosberg-no-fim-vence-nos-eua-e-e-tricampeao-de-f-1.htm, skipping...
[ERROR - 2025-10-25 09:54:22,397 - Worker_3] Status code == 403 for http://pvc.blogosfera.uol.com.br/2015/10/24/a-sindrome-da-terceira-temporada-de-jose-mourinho/, skipping...
[ERROR - 2025-10-25 09:54:25,414 - Worker_1] Status code == 403 for http://blogdosakamoto.blogosfera.uol.com.br/2015/10/25/enem-a-meritocracia-e-outras-fabulas-para-ninar-adultos/, skipping...
[ERROR - 2025-10-25 09:54:27,838 - Worker_3] Status code == 404 for http://esporte.uol.com.br/f1/ultimas-noticias/2015/10/25/massa-abandona-nos-estados-unidos-e-e-trollado-por-fernando-alonso.htm, skipping...
[ERROR - 2025-10-25 09:54:28,391 - Worker_2] Status code == 403 for http://blogdobaldini.blogosfera.uol.com.br/2015/10/25/ha-25-anos-holyfield-arrasava-douglas-e-era-campeao-mundial-dos-pesados/, skipping...
[ERROR - 2025-10-25 09:54:29,613 - Worker_1] Status code == 403 for http://uolesporte.blogosfera.uol.com.br/2015/10/25/lembrem-se-nunca-sejam-tao-calmos-quanto-este-zagueiro/, skipping...
[ERROR - 2025-10-25 09:54:33,794 - Worker_1] Status code == 403 for http://uolesporte.blogosfera.uol.com.br/2015/10/25/golfista-erra-tacada-e-sofre-com-golpe-baixo-de-uma-bola-desgovernada/, skipping...
[ERROR - 2025-10-25 09:54:38,008 - Worker_1] Status code == 403 for http://nilsonxavier.blogosfera.uol.com.br/2015/10/25/ha-25-anos-rainha-da-sucata-enfrentou-plano-collor-e-sucesso-de-pantanal/, skipping...
[ERROR - 2025-10-25 09:54:40,585 - Worker_0] Status code == 404 for http://mulher.uol.com.br/casa-e-decoracao/album/2015/10/25/quer-uma-cozinha-integrada-nos-te-ajudamos-a-decorar-veja-ideias-bacanas.htm, skipping...
[ERROR - 2025-10-25 09:54:54,217 - Worker_0] Status code == 403 for http://uolesporte.blogosfera.uol.com.br/2015/10/25/golaco-cabecada-estilosa-do-goleirao-salva-time-na-lituania/, skipping...
[ERROR - 2025-10-25 09:54:57,484 - Worker_2] Status code == 404 for http://esporte.uol.com.br/f1/ultimas-noticias/2015/10/25/estou-muito-desapontado-nao-sei-o-que-aconteceu-diz-rosberg-apos-erro.htm, skipping...
[ERROR - 2025-10-25 09:55:01,724 - Worker_4] Status code == 403 for http://noticias.uol.com.br/ultimas-noticias/afp/2015/10/25/scioli-lidera-eleicao-na-argentina-2-turno-continua-em-aberto.htm, skipping...
[ERROR - 2025-10-25 09:55:05,589 - Worker_0] Status code == 403 for http://saqueevoleio.blogosfera.uol.com.br/2015/10/25/marcelo-melo-e-o-1-em-numeros-quem-e-o-melhor-parceiro/, skipping...
[ERROR - 2025-10-25 09:55:06,012 - Worker_4] Status code == 403 for http://educacao.uol.com.br/noticias/2015/10/25/enem-2015-tem-abstencao-de-255-e-743-candidatos-eliminados.htm, skipping...
[ERROR - 2025-10-25 09:55:09,738 - Worker_3] Status code == 403 for http://uolesporte.blogosfera.uol.com.br/2015/10/25/saliou-ciss-video-valenciennes-brest-briga/, skipping...
[ERROR - 2025-10-25 09:55:09,753 - Worker_0] Status code == 403 for http://noticias.uol.com.br/album/2015/10/23/indios-de-30-paises-diferentes-participam-de-jogos-mundiais-em-tocantins.htm#fotoNav=14, skipping...
[ERROR - 2025-10-25 09:55:11,091 - Worker_1] Status code == 403 for http://mauriciostycer.blogosfera.uol.com.br/2015/10/25/mais-pai-do-que-apresentador-silvio-usa-teleton-para-promover-patricia/, skipping...
[ERROR - 2025-10-25 09:55:12,441 - Worker_4] Status code == 403 for http://noticias.uol.com.br/album/2015/10/19/bichos-da-semana.htm?abrefoto=20, skipping...
[ERROR - 2025-10-25 09:55:14,585 - Worker_3] Status code == 404 for http://cenapop.virgula.uol.com.br/2015/10/26/97713-ex-trio-los-angeles-vence-campeonato-fitness-em-miami/, skipping...
[ERROR - 2025-10-25 09:55:15,311 - Worker_1] Status code == 403 for http://negociosdoesporte.blogosfera.uol.com.br/2015/10/26/futuro-do-patrocinio-e-o-fim-da-exclusividade/, skipping...
[ERROR - 2025-10-25 09:55:16,614 - Worker_4] Status code == 403 for http://noticias.uol.com.br/cotidiano/ultimas-noticias/2015/10/26/rapaz-de-21-anos-e-a-quarta-vitima-fatal-das-chuvas-em-santa-catarina.htm, skipping...
[ERROR - 2025-10-25 09:55:18,445 - Worker_0] Status code == 403 for http://noticias.uol.com.br/politica/ultimas-noticias/2015/10/26/nosso-sistema-politico-fracassou-diz-fernando-henrique-cardoso.htm, skipping...
[ERROR - 2025-10-25 09:55:20,840 - Worker_4] Status code == 403 for http://noticias.uol.com.br/politica/ultimas-noticias/2015/10/26/lula-lidera-em-preferencia-e-rejeicao-dos-eleitores-aponta-ibope.htm, skipping...
[ERROR - 2025-10-25 09:55:24,936 - Worker_1] Status code == 403 for http://noticias.uol.com.br/cotidiano/ultimas-noticias/2015/10/26/universitaria-some-em-rodoviaria-no-interior-de-mg.htm, skipping...
[ERROR - 2025-10-25 09:55:27,702 - Worker_3] Status code == 403 for http://noticias.uol.com.br/ultimas-noticias/deutschewelle/2015/10/26/casal-de-cacadores-de-nazistas-e-homenageado-pela-unesco.htm, skipping...
[ERROR - 2025-10-25 09:55:31,904 - Worker_3] Status code == 403 for http://noticias.uol.com.br/ultimas-noticias/agencia-estado/2015/10/26/odebrecht-recorre-a-justica-da-suica-para-tentar-impedir-envio-de-dados-ao-pais.htm, skipping...
[ERROR - 2025-10-25 09:55:33,740 - Worker_1] Status code == 403 for http://noticias.uol.com.br/ultimas-noticias/agencia-estado/2015/10/26/ex-ministro-gilberto-carvalho-e-ouvido-na-operacao-zelotes.htm, skipping...
[ERROR - 2025-10-25 09:55:36,102 - Worker_3] Status code == 403 for http://noticias.uol.com.br/tabloide/ultimas-noticias/tabloideanas/2015/10/21/mulher-transforma-casa-dos-pais-em-mal-assombrada-para-o-halloween.htm, skipping...
[ERROR - 2025-10-25 09:55:37,903 - Worker_1] Status code == 403 for http://noticias.uol.com.br/ultimas-noticias/agencia-estado/2015/10/26/haddad-vai-recorrer-de-multa-por-fechar-a-paulista.htm, skipping...
[ERROR - 2025-10-25 09:55:42,560 - Worker_3] Status code == 403 for http://noticias.uol.com.br/ultimas-noticias/agencia-estado/2015/10/26/lentidao-da-agenda-fiscal-no-congresso-dificulta-reequilibrio-de-contas-em-2015.htm, skipping...
[ERROR - 2025-10-25 09:55:46,750 - Worker_3] Status code == 403 for http://noticias.uol.com.br/ultimas-noticias/agencia-estado/2015/10/26/prejuizo-com-chuvas-no-complexo-portuario-do-itajai-chega-a-r-5281-milhoes.htm, skipping...
[ERROR - 2025-10-25 09:55:50,044 - Worker_4] Status code == 403 for http://noticias.uol.com.br/cotidiano/ultimas-noticias/2015/10/26/pm-do-rio-investiga-denuncia-de-assedio-sexual-na-upp-santa-marta.htm, skipping...
[ERROR - 2025-10-25 09:55:59,602 - Worker_0] Status code == 403 for http://noticias.uol.com.br/saude/ultimas-noticias/redacao/2015/10/26/e-possivel-um-unico-remedio-curar-o-cancer.htm, skipping...
[ERROR - 2025-10-25 09:56:01,177 - Worker_3] Status code == 500 for http://musica.uol.com.br/noticias/redacao/2015/10/26/weezer-lanca-single-thank-god-for-girls-com-papa-na-capa-e-muito-cannoli.htm, skipping...
[ERROR - 2025-10-25 09:56:01,516 - Worker_4] Status code == 403 for http://doutorjairo.blogosfera.uol.com.br/2015/10/26/um-mes-sem-alcool-faz-diferenca-para-a-sua-saude-prova-estudo/, skipping...
[ERROR - 2025-10-25 09:56:03,685 - Worker_1] Status code == 403 for http://noticias.uol.com.br/ciencia/ultimas-noticias/bbc/2015/10/26/como-e-o-asteroide-que-esta-se-aproximando-da-terra.htm, skipping...
[ERROR - 2025-10-25 09:56:05,339 - Worker_3] Status code == 403 for http://noticias.uol.com.br/ultimas-noticias/agencia-estado/2015/10/26/policiais-sao-acusados-de-balear-jovem-durante-blitz-em-sp.htm, skipping...
[ERROR - 2025-10-25 09:56:12,149 - Worker_3] Status code == 403 for http://noticias.uol.com.br/cotidiano/ultimas-noticias/2015/10/26/aviao-da-fab-atira-contra-aeronave-em-ms.htm, skipping...
[ERROR - 2025-10-25 09:56:14,039 - Worker_4] Status code == 403 for http://noticias.uol.com.br/cotidiano/ultimas-noticias/2015/10/26/duas-agencias-dos-correios-no-rio-deixam-de-entregar-um-milhao-de-cartas.htm, skipping...
[ERROR - 2025-10-25 09:56:18,274 - Worker_4] Status code == 403 for http://reginanavarro.blogosfera.uol.com.br/2015/10/26/existe-diferenca-entre-amor-e-paixao-qual-2/, skipping...
[ERROR - 2025-10-25 09:56:19,923 - Worker_1] Status code == 403 for http://blogdobrito.blogosfera.uol.com.br/2015/10/26/brasilia-erra-e-agora-teme-perder-a-olimpiada-2016-para-outra-capital/, skipping...
[ERROR - 2025-10-25 09:56:24,499 - Worker_3] Status code == 403 for http://noticias.uol.com.br/midiaglobal/nytimes/2015/10/26/putin-age-como-se-siria-fosse-uma-provincia-problematica-que-precisa-ser-controlada.htm, skipping...
[ERROR - 2025-10-25 09:56:28,707 - Worker_3] Status code == 403 for http://blogdomariomagalhaes.blogosfera.uol.com.br/2015/10/26/rejeitar-ideias-de-simone-de-beauvoir-e-do-jogo-perigo-e-queimar-livros/, skipping...
[ERROR - 2025-10-25 09:56:30,918 - Worker_4] Status code == 403 for http://uolesporte.blogosfera.uol.com.br/2015/10/27/fred-faz-lista-de-casamento-e-pede-presente-de-r-51-mil/, skipping...
[ERROR - 2025-10-25 09:56:32,631 - Worker_2] Status code == 403 for http://blogdomariomagalhaes.blogosfera.uol.com.br/2015/10/27/ha-50-anos-golpe-dentro-do-golpe-acabou-com-eleicao-direta-para-presidente/, skipping...
[ERROR - 2025-10-25 09:56:36,188 - Worker_3] Status code == 403 for http://noticias.uol.com.br/politica/ultimas-noticias/2015/10/27/comissao-aprova-texto-base-de-proposta-que-altera-estatuto-do-desarmamento.htm, skipping...
[ERROR - 2025-10-25 09:56:37,019 - Worker_2] Status code == 403 for http://blogdosakamoto.blogosfera.uol.com.br/2015/10/27/assedio-sexual-se-tornou-orgulho-para-alguns-naturalizacao-da-barbarie/, skipping...
[ERROR - 2025-10-25 09:56:37,827 - Worker_4] Status code == 403 for http://blogdoperrone.blogosfera.uol.com.br/2015/10/opositor-tenta-lancar-candidato-unico-no-spfc-mesmo-que-nao-seja-ele/, skipping...
[ERROR - 2025-10-25 09:56:41,191 - Worker_2] Status code == 403 for http://blogdomariomagalhaes.blogosfera.uol.com.br/2015/10/27/zico-fica-fora-da-eleicao-da-fifa-otimo-para-ele-pessimo-para-o-futebol/, skipping...
[ERROR - 2025-10-25 09:56:42,519 - Worker_4] Status code == 403 for http://tecnologia.uol.com.br/noticias/redacao/2015/10/27/agora-e-oficial-iphones-6s-e-6s-plus-chegam-ao-brasil-dia-13-de-novembro.htm, skipping...
[ERROR - 2025-10-25 09:56:42,953 - Worker_3] Status code == 403 for http://noticias.uol.com.br/politica/ultimas-noticias/2015/10/27/deputado-prega-faxina-de-bandidos-em-comissao-que-discute-o-desarmamento.htm, skipping...
[ERROR - 2025-10-25 09:56:43,019 - Worker_0] Status code == 403 for http://maesdepeito.blogosfera.uol.com.br/2015/10/27/mae-diz-que-foi-impedida-de-amamentar-a-filha-durante-prova-do-enem/, skipping...
[ERROR - 2025-10-25 09:56:46,695 - Worker_4] Status code == 403 for http://noticias.uol.com.br/ultimas-noticias/bbc/2015/10/27/conheca-os-britanicos-que-se-preparam-para-o-fim-do-mundo.htm, skipping...
[ERROR - 2025-10-25 09:56:47,164 - Worker_0] Status code == 403 for http://noticias.uol.com.br/ultimas-noticias/redacao/2015/10/27/conheca-os-finalistas-do-premio-empreendedor-social-e-vote-no-seu-preferido.htm, skipping...
[ERROR - 2025-10-25 09:56:51,847 - Worker_3] Status code == 403 for http://balanacesta.blogosfera.uol.com.br/2015/10/27/o-dia-que-michael-jordan-jogou-com-a-camisa-12-na-nba/, skipping...
[ERROR - 2025-10-25 09:56:55,681 - Worker_4] Status code == 403 for http://noticias.uol.com.br/ciencia/ultimas-noticias/redacao/2015/10/27/clique-ciencia-sabe-por-que-a-lagartixa-nao-cai-da-parede-nao-e-ventosa.htm, skipping...
[ERROR - 2025-10-25 09:56:56,042 - Worker_3] Status code == 403 for http://blogdobrito.blogosfera.uol.com.br/2015/10/27/forcas-armadas-renovam-apoio-a-atletas-olimpicos-ate-toquio-2020/, skipping...
[ERROR - 2025-10-25 09:57:00,261 - Worker_3] Status code == 403 for http://tablog.blogosfera.uol.com.br/2015/10/velhinho-pega-guitarra-e-voce-nem-imagina-o-que-esta-por-vir/, skipping...
[ERROR - 2025-10-25 09:57:04,437 - Worker_3] Status code == 403 for http://noticias.uol.com.br/ultimas-noticias/agencia-estado/2015/10/27/prefeitos-vao-apresentar-proposta-final-da-cpmf-a-dilma-no-dia-19-de-novembro.htm, skipping...
[ERROR - 2025-10-25 09:57:15,869 - Worker_3] Status code == 403 for http://noticias.uol.com.br/cotidiano/ultimas-noticias/2015/10/27/sargento-da-pm-mata-ex-namorada-e-e-flagrado-por-camera-de-vigilancia-em-mg.htm, skipping...
[ERROR - 2025-10-25 09:57:43,145 - Worker_0] Status code == 403 for http://blogdoboleiro.blogosfera.uol.com.br/2015/10/27/goias-ze-love-muda-rotina-de-casa-depois-de-ameaca-a-esposa-gravida/, skipping...
[ERROR - 2025-10-25 09:57:49,064 - Worker_2] Status code == 403 for http://colunaesplanada.blogosfera.uol.com.br/2015/10/27/emenda-em-projeto-do-planalto-livra-cunha-de-crime-por-conta-na-suica/, skipping...
[ERROR - 2025-10-25 09:58:00,358 - Worker_1] Status code == 403 for http://uolesporte.blogosfera.uol.com.br/2015/10/27/mayweather-mostra-novo-brinquedinho-um-carro-avaliado-em-r-135-milhoes/, skipping...
[ERROR - 2025-10-25 09:58:05,213 - Worker_3] Failed to connect with http://natelinha.ne10.uol.com.br/afazenda/2015/10/27/a-fazenda-mara-maravilha-surta-e-pede-que-brasil-a-tire-do-programa-93684.php after 3 attempts, skipping...
[ERROR - 2025-10-25 09:58:14,626 - Worker_4] Status code == 403 for http://noticias.uol.com.br/internacional/ultimas-noticias/2015/10/27/quem-sobrevive-tem-a-missao-de-contar-sua-historia-diz-vitima-do-holocausto.htm, skipping...
[ERROR - 2025-10-25 09:58:21,350 - Worker_1] Status code == 403 for http://noticias.uol.com.br/ultimas-noticias/agencia-estado/2015/10/28/tucano-diz-que-psdb-votara-pela-cassacao-de-cunha-no-conselho-de-etica.htm, skipping...
[ERROR - 2025-10-25 09:58:21,638 - Worker_3] Status code == 403 for http://noticias.uol.com.br/internacional/ultimas-noticias/2015/10/28/homem-fica-em-coma-apos-cigarro-eletronico-explodir-em-seu-rosto.htm, skipping...
[ERROR - 2025-10-25 09:58:21,734 - Worker_2] Status code == 403 for http://noticias.uol.com.br/ultimas-noticias/agencia-estado/2015/10/28/relator-de-projeto-de-repatriacao-nega-que-seu-relatorio-beneficie-cunha.htm, skipping...
[ERROR - 2025-10-25 09:58:32,776 - Worker_1] Status code == 403 for http://paginacinco.blogosfera.uol.com.br/2015/10/28/filme-sobre-david-foster-wallace-ajuda-a-entender-a-obra-do-escritor/, skipping...
[ERROR - 2025-10-25 09:58:32,958 - Worker_4] Status code == 403 for http://noticias.uol.com.br/album/2015/09/28/cada-momento-um-selfie-fieis-usam-celular-para-registrar-encontro-com-papa.htm?abrefoto=8, skipping...
[ERROR - 2025-10-25 09:58:37,099 - Worker_4] Status code == 403 for http://noticias.uol.com.br/ultimas-noticias/agencia-estado/2015/10/28/estatuto-do-desarmamento-ajudou-a-frear-homicidios-dizem-especialistas.htm, skipping...
[ERROR - 2025-10-25 09:58:41,276 - Worker_4] Status code == 403 for http://noticias.uol.com.br/ultimas-noticias/agencia-estado/2015/10/28/pf-indicia-ex-diretor-da-petrobras-e-operador-de-propinas-do-pmdb.htm, skipping...
[ERROR - 2025-10-25 09:58:41,814 - Worker_1] Status code == 403 for http://noticias.uol.com.br/ultimas-noticias/agencia-estado/2015/10/28/aliado-vai-relatar-acao-contra-eduardo-cunha-na-corregedoria.htm, skipping...
[ERROR - 2025-10-25 09:58:50,188 - Worker_4] Status code == 403 for http://noticias.uol.com.br/album/album-do-dia/2015/10/28/imagens-do-dia---28-de-outubro-de-2015.htm?abrefoto=28, skipping...
[ERROR - 2025-10-25 09:58:54,153 - Worker_1] Failed to connect with http://natelinha.ne10.uol.com.br/noticias/2015/10/28/band-reprisara-masterchef-junior-nas-tardes-de-sabado-93718.php after 3 attempts, skipping...
[ERROR - 2025-10-25 09:58:54,488 - Worker_4] Status code == 403 for http://blogdomenon.blogosfera.uol.com.br/2015/10/28/a-reconstrucao-do-gigante-pelo-menos-nao-ha-mais-ratos/, skipping...
[ERROR - 2025-10-25 09:59:00,781 - Worker_1] Status code == 403 for http://noticias.uol.com.br/midiaglobal/nytimes/2015/10/28/prefeito-de-nova-york-tem-dificuldade-para-conter-aumento-dos-sem-teto.htm, skipping...
[ERROR - 2025-10-25 09:59:05,734 - Worker_4] Status code == 403 for http://josiasdesouza.blogosfera.uol.com.br/2015/10/28/camara-derrota-dilma-e-retira-projeto-de-pauta/, skipping...
[ERROR - 2025-10-25 09:59:06,449 - Worker_2] Status code == 403 for http://noticias.uol.com.br/ultimas-noticias/agencia-estado/2015/10/28/pf-busca-elo-entre-mensalao-e-lava-jato-em-negocios-da-schahin-com-amigo-de-lula.htm, skipping...
[ERROR - 2025-10-25 09:59:09,821 - Worker_0] Status code == 404 for http://noticias.ne10.uol.com.br/interior/agreste/noticia/2015/10/28/audiencia-ouvira-26-testemunhas-do-caso-dos-canibais-de-garanhuns-577484.php, skipping...
[ERROR - 2025-10-25 09:59:10,752 - Worker_2] Status code == 403 for http://educacao.uol.com.br/noticias/2015/10/28/professores-filmam-aluno-quebrando-escola-especialistas-comentam.htm, skipping...
[ERROR - 2025-10-25 09:59:14,537 - Worker_4] Status code == 403 for http://noticias.uol.com.br/album/album-do-dia/2015/10/28/imagens-do-dia---28-de-outubro-de-2015.htm?abrefoto=25, skipping...
[ERROR - 2025-10-25 09:59:16,872 - Worker_0] Status code == 403 for http://josecruz.blogosfera.uol.com.br/2015/10/cbf-aprova-criacao-da-liga-de-forma-ilegal/, skipping...
[ERROR - 2025-10-25 09:59:18,796 - Worker_4] Status code == 403 for http://blogdoperrone.blogosfera.uol.com.br/2015/10/globo-oferece-menos-do-que-paga-hoje-para-renovar-com-clubes-no-brasileirao/, skipping...
[ERROR - 2025-10-25 09:59:23,005 - Worker_4] Status code == 403 for http://blogdorafaelreis.blogosfera.uol.com.br/2015/10/28/falta-um-figo-na-eleicao-da-fifa/, skipping...
[ERROR - 2025-10-25 09:59:25,757 - Worker_0] Status code == 403 for http://noticias.uol.com.br/album/2015/10/28/sp-ganha-banheiro-de-luxo-na-oscar-freire.htm?abrefoto=2, skipping...
[ERROR - 2025-10-25 09:59:29,934 - Worker_0] Status code == 403 for http://noticias.uol.com.br/cotidiano/ultimas-noticias/2015/10/28/festa-que-oferecia-r-100-para-mulher-tirar-calcinha-e-investigada-no-pi.htm, skipping...
[ERROR - 2025-10-25 09:59:31,857 - Worker_4] Status code == 403 for http://noticias.uol.com.br/internacional/ultimas-noticias/2015/10/28/gatilho-nao-foi-o-unico-eua-ja-tiveram-dez-casos-de-disparos-de-armas-acidentais-por-caes.htm, skipping...
[ERROR - 2025-10-25 09:59:34,089 - Worker_0] Status code == 403 for http://noticias.uol.com.br/ultimas-noticias/agencia-estado/2015/10/28/lava-jato-quebra-sigilo-de-advogados-para-levantar-origem-de-honorarios.htm, skipping...
[ERROR - 2025-10-25 09:59:36,019 - Worker_4] Status code == 403 for http://noticias.uol.com.br/politica/ultimas-noticias/2015/10/28/tres-deputados-do-pt-terao-posicao-unica-sobre-cunha-no-conselho-de-etica.htm, skipping...
[ERROR - 2025-10-25 09:59:38,429 - Worker_0] Status code == 403 for http://blogdobrito.blogosfera.uol.com.br/2015/10/28/cpi-do-futebol-fala-ate-sobre-tenis-de-mesa-mas-esquece-extradicao-de-marin/, skipping...
[ERROR - 2025-10-25 09:59:46,687 - Worker_4] Status code == 403 for http://noticias.uol.com.br/cotidiano/ultimas-noticias/2015/10/28/rio-tem-dois-pms-mortos-por-mes-neste-ano-e-total-ja-supera-2013-e-2014.htm, skipping...
[ERROR - 2025-10-25 09:59:55,388 - Worker_2] Failed to connect with http://natelinha.ne10.uol.com.br/noticias/2015/10/28/apresentador-de-afiliada-do-sbt-quebra-cenario-de-jornal-pela-segunda-vez-93723.php after 3 attempts, skipping...
[ERROR - 2025-10-25 09:59:59,564 - Worker_2] Status code == 403 for http://noticias.uol.com.br/internacional/ultimas-noticias/the-new-york-times/2015/10/28/morte-de-mulher-levanta-questoes-sobre-seguranca-de-crioterapia-nos-eua.htm, skipping...
[ERROR - 2025-10-25 10:00:14,026 - Worker_1] Status code == 404 for http://esporte.uol.com.br/mma/ultimas-noticias/2015/10/28/weidman-quer-derrotar-mais-um-brasileiro-antes-de-enfrentar-jon-jones.htm, skipping...
[ERROR - 2025-10-25 10:00:15,989 - Worker_3] Status code == 403 for http://blogdosakamoto.blogosfera.uol.com.br/2015/10/28/a-lava-jato-e-o-trabalho-escravo-quem-paga-pela-corrupcao-na-construcao-2/, skipping...
[ERROR - 2025-10-25 10:00:28,298 - Worker_4] Status code == 403 for http://blogdojuca.uol.com.br/2015/10/generosidades-2/, skipping...
[ERROR - 2025-10-25 10:00:32,527 - Worker_4] Status code == 403 for http://blogdorafaelreis.blogosfera.uol.com.br/2015/10/29/artilheiro-brasileiro-na-europa-ex-vasco-persegue-recorde/, skipping...
[ERROR - 2025-10-25 10:00:45,444 - Worker_4] Status code == 404 for http://esporte.band.uol.com.br/futebol/copa-do-brasil/2015/noticias/?id=100000778714&t=torcedor-do-flu-morre-apos-sofrer-infarto-na-arena-do-palmeiras, skipping...
[ERROR - 2025-10-25 10:00:49,649 - Worker_4] Status code == 403 for http://noticias.uol.com.br/ciencia/ultimas-noticias/bbc/2015/10/29/descoberta-surpreendente-em-cometa-sugere-origem-diferente-para-o-sistema-solar.htm, skipping...
[ERROR - 2025-10-25 10:00:55,096 - Worker_0] Status code == 403 for http://noticias.uol.com.br/internacional/ultimas-noticias/2015/10/29/grupo-de-refugiados-se-recusa-a-ficar-em-cidade-da-suecia-que-e-fria-demais.htm, skipping...
[ERROR - 2025-10-25 10:00:56,058 - Worker_3] Status code == 403 for http://brasilianismo.blogosfera.uol.com.br/2015/10/29/paixao-e-desilusao-marcam-relacao-de-jornalistas-gringos-com-o-brasil/, skipping...
[ERROR - 2025-10-25 10:00:58,614 - Worker_4] Status code == 403 for http://noticias.uol.com.br/saude/ultimas-noticias/redacao/2015/10/29/pesquisador-diz-que-pilula-anticancer-foi-testada-em-pessoas-hospital-nega.htm, skipping...
[ERROR - 2025-10-25 10:00:59,240 - Worker_0] Status code == 403 for http://noticias.uol.com.br/internacional/ultimas-noticias/2015/10/29/aviao-pega-fogo-e-fere-passageiros-na-pista-de-aeroporto-na-florida-eua.htm, skipping...
[ERROR - 2025-10-25 10:01:05,779 - Worker_0] Status code == 403 for http://noticias.uol.com.br/ultimas-noticias/afp/2015/10/29/california-quer-reciclar-agua-para-enfrentar-seca.htm, skipping...
[ERROR - 2025-10-25 10:01:14,192 - Worker_2] Status code == 403 for http://blogdosakamoto.blogosfera.uol.com.br/2015/10/29/diz-que-educacao-e-a-saida-mas-xinga-quem-vai-a-rua-exigir-escolas-abertas/, skipping...
[ERROR - 2025-10-25 10:01:23,719 - Worker_0] Status code == 403 for http://noticias.uol.com.br/midiaglobal/nytimes/2015/10/29/religiao-adventista-pode-ajudar-ou-prejudicar-carson-novo-favorito-republicano.htm, skipping...
[ERROR - 2025-10-25 10:01:25,799 - Worker_2] Status code == 403 for http://blogdomenon.blogosfera.uol.com.br/2015/10/29/onze-camisas-brancas-e-um-destino/, skipping...
[ERROR - 2025-10-25 10:01:26,972 - Worker_4] Status code == 403 for http://mauriciostycer.blogosfera.uol.com.br/2015/10/29/netflix-repudia-agencia-que-busca-ator-negro-muito-bonito-para-serie-3/, skipping...
[ERROR - 2025-10-25 10:01:29,966 - Worker_2] Status code == 403 for http://noticias.uol.com.br/ciencia/ultimas-noticias/afp/2015/10/29/oms-diz-que-relatorio-sobre-cancer-nao-e-chamado-para-deixar-de-consumir-carne.htm, skipping...
[ERROR - 2025-10-25 10:01:32,725 - Worker_0] Status code == 403 for http://noticias.uol.com.br/ciencia/ultimas-noticias/afp/2015/10/29/sonda-faz-aproximacao-inedita-de-lua-de-saturno.htm, skipping...
[ERROR - 2025-10-25 10:01:34,116 - Worker_2] Status code == 403 for http://noticias.uol.com.br/cotidiano/ultimas-noticias/2015/10/28/rio-tem-dois-pms-mortos-por-mes-neste-ano-e-total-ja-supera-2013-e-2014.htm, skipping...
[ERROR - 2025-10-25 10:01:37,304 - Worker_0] Status code == 404 for http://cenapop.virgula.uol.com.br/2015/10/29/97910-a-mais-sexy-do-mundo-vip-libera-nova-foto-do-ensaio-sensual-da-cantora-anitta/, skipping...
[ERROR - 2025-10-25 10:01:41,468 - Worker_0] Status code == 403 for http://noticias.uol.com.br/album/album-do-dia/2015/10/29/imagens-do-dia---29-de-outubro-de-2015.htm?abrefoto=18, skipping...
[ERROR - 2025-10-25 10:01:43,111 - Worker_2] Status code == 403 for http://blogdoboleiro.blogosfera.uol.com.br/2015/10/29/presidente-do-santos-e-o-motivo-para-a-final-na-vila-hora-de-ser-campeao/, skipping...
[ERROR - 2025-10-25 10:01:47,933 - Worker_0] Status code == 403 for http://noticias.uol.com.br/ultimas-noticias/agencia-estado/2015/10/29/cunha-anuncia-revogacao-de-questao-de-ordem-sobre-rito-do-impeachment.htm, skipping...
[ERROR - 2025-10-25 10:01:53,198 - Worker_2] Failed to connect with http://natelinha.ne10.uol.com.br/noticias/2015/10/28/apresentador-de-afiliada-do-sbt-quebra-cenario-de-jornal-pela-segunda-vez-93723.php after 3 attempts, skipping...
[ERROR - 2025-10-25 10:01:59,749 - Worker_2] Status code == 403 for http://noticias.uol.com.br/ultimas-noticias/afp/2015/10/29/filho-de-chanceler-frances-tem-ordem-de-prisao-nos-eua.htm, skipping...
[ERROR - 2025-10-25 10:02:06,215 - Worker_4] Status code == 403 for http://doutorjairo.blogosfera.uol.com.br/2015/10/29/voce-provavelmente-tem-herpes-mas-nao-sabe/, skipping...
[ERROR - 2025-10-25 10:02:08,377 - Worker_2] Status code == 403 for http://noticias.uol.com.br/ultimas-noticias/agencia-estado/2015/10/29/pedro-correa-e-condenado-a-20-anos-de-prisao-na-lava-jato.htm, skipping...
[ERROR - 2025-10-25 10:02:08,401 - Worker_3] Status code == 403 for http://noticias.uol.com.br/ultimas-noticias/agencia-estado/2015/10/29/falcao-nao-sei-se-lula-esta-disposto-mas-pt-quer-ele-candidato-em-2018.htm, skipping...
[ERROR - 2025-10-25 10:02:10,376 - Worker_4] Status code == 403 for http://noticias.uol.com.br/ultimas-noticias/agencia-estado/2015/10/30/delator-identifica-mais-depositos-de-propina-de-offshores-da-odebrecht.htm, skipping...
[ERROR - 2025-10-25 10:02:12,078 - Worker_1] Status code == 403 for http://noticias.uol.com.br/ciencia/ultimas-noticias/bbc/2015/10/23/teste-de-labirinto-virtual-ajuda-a-prever-alzheimer-decadas-antes-de-sintomas.htm, skipping...
[ERROR - 2025-10-25 10:02:12,557 - Worker_2] Status code == 403 for http://noticias.uol.com.br/politica/ultimas-noticias/2015/10/30/10-momentos-em-que-o-decoro-parlamentar-sentiu-vergonha.htm, skipping...
[ERROR - 2025-10-25 10:02:14,518 - Worker_4] Status code == 403 for http://noticias.uol.com.br/album/2015/10/26/bichos-da-semana.htm?abrefoto=8, skipping...
[ERROR - 2025-10-25 10:02:16,236 - Worker_1] Status code == 403 for http://noticias.uol.com.br/midiaglobal/the-international-new-york-times/2015/10/30/dialogo-de-eua-e-ira-e-uma-repreensao-as-evasivas-estereis-de-israel-e-palestinos.htm, skipping...
[ERROR - 2025-10-25 10:02:17,579 - Worker_3] Status code == 403 for http://noticias.uol.com.br/ultimas-noticias/agencia-estado/2015/10/30/abolicionista-que-libertou-mais-de-500-escravos-sera-reconhecido-pela-oab.htm, skipping...
[ERROR - 2025-10-25 10:02:18,762 - Worker_4] Status code == 403 for http://educacao.uol.com.br/noticias/agencia-estado/2015/10/30/maioria-das-escolas-estaduais-fechadas-fica-na-periferia-de-sp.htm, skipping...
[ERROR - 2025-10-25 10:02:20,387 - Worker_1] Status code == 403 for http://noticias.uol.com.br/ultimas-noticias/agencia-estado/2015/10/30/secretaria-de-seguranca-de-sp-mantem-mapa-de-policiamento-em-sigilo-apos-decreto.htm, skipping...
[ERROR - 2025-10-25 10:02:21,739 - Worker_3] Status code == 403 for http://noticias.uol.com.br/album/album-do-dia/2015/10/30/imagens-do-dia---30-de-outubro-de-2015.htm?abrefoto=12, skipping...
[ERROR - 2025-10-25 10:02:24,872 - Worker_1] Status code == 403 for http://andrerocha.blogosfera.uol.com.br/2015/10/30/o-tamanho-da-ausencia-de-elias-no-corinthians-para-o-duelo-final-no-horto/, skipping...
[ERROR - 2025-10-25 10:02:28,284 - Worker_2] Status code == 403 for http://mauriciostycer.blogosfera.uol.com.br/2015/10/30/eliminada-no-alem-do-peso-ana-cigarra-agora-tenta-o-the-voice/, skipping...
[ERROR - 2025-10-25 10:02:32,497 - Worker_2] Status code == 403 for http://doutorjairo.blogosfera.uol.com.br/2015/10/30/dst-nao-e-mais-incomum-em-relacionamento-monogamico-diz-estudo/, skipping...
[ERROR - 2025-10-25 10:02:37,225 - Worker_1] Failed to connect with http://natelinha.ne10.uol.com.br/noticias/2015/10/30/sem-esporte-interativo-na-tv-paga-tnt-e-space-exibirao-a-champions-league-93780.php after 3 attempts, skipping...
[ERROR - 2025-10-25 10:03:10,616 - Worker_3] Status code == 403 for http://noticias.uol.com.br/ultimas-noticias/agencia-estado/2015/10/30/ministro-do-stf-separa-eletronuclear-da-lava-jato-e-tira-moro-do-caso.htm, skipping...
[ERROR - 2025-10-25 10:03:14,776 - Worker_3] Status code == 403 for http://noticias.uol.com.br/album/2015/10/30/fora-cunha-mulheres-protestam-contra-projeto-de-lei-que-dificulta-aborto.htm?abrefoto=4, skipping...
[ERROR - 2025-10-25 10:03:17,688 - Worker_0] Status code == 403 for http://balanacesta.blogosfera.uol.com.br/2015/10/30/com-harden-e-reforcado-houston-busca-o-sonhado-titulo-da-nba/, skipping...
[ERROR - 2025-10-25 10:03:26,005 - Worker_1] Status code == 403 for http://educacao.uol.com.br/noticias/agencia-estado/2015/10/30/camara-de-campinas-quer-anular-questao-do-enem-que-cita-simone-de-beauvoir.htm, skipping...
[ERROR - 2025-10-25 10:03:28,650 - Worker_3] Status code == 403 for http://educacao.uol.com.br/noticias/2015/10/30/alunos-e-professores-lamentam-fechamento-de-escolas-em-sao-paulo.htm, skipping...
[ERROR - 2025-10-25 10:03:30,270 - Worker_1] Status code == 403 for http://noticias.uol.com.br/ultimas-noticias/reuters/2015/10/30/dados-da-nasa-mostram-que-seca-no-brasil-e-pior-do-que-se-pensava.htm, skipping...
[ERROR - 2025-10-25 10:03:32,899 - Worker_3] Status code == 403 for http://blogdomenon.blogosfera.uol.com.br/2015/10/30/renan-lugano-e-o-retrato-de-um-time-sem-coracao/, skipping...
[ERROR - 2025-10-25 10:03:33,544 - Worker_0] Status code == 403 for http://noticias.uol.com.br/cotidiano/ultimas-noticias/2015/10/30/tios-maternos-ganham-guarda-provisoria-de-bebe-nascido-em-solitaria-do-rio.htm, skipping...
[ERROR - 2025-10-25 10:03:37,013 - Worker_4] Status code == 403 for http://noticias.uol.com.br/ultimas-noticias/agencia-estado/2015/10/30/governo-de-sp-e-secretario-defendem-manutencao-do-segredo-de-efetivo-policial.htm, skipping...
[ERROR - 2025-10-25 10:03:46,419 - Worker_4] Status code == 403 for http://noticias.uol.com.br/ultimas-noticias/agencia-estado/2015/10/30/mensalao-e-petrolao-tornam-herois-juizes-que-sairam-do-padrao-diz-barroso.htm, skipping...
[ERROR - 2025-10-25 10:03:47,185 - Worker_0] Status code == 403 for http://noticias.uol.com.br/ultimas-noticias/reuters/2015/10/30/biscoitos-mofados-entregues-pela-onu-na-siria-causam-intoxicacao.htm, skipping...
[ERROR - 2025-10-25 10:03:53,923 - Worker_0] Status code == 403 for http://noticias.uol.com.br/ultimas-noticias/bbc/2015/10/30/como-a-bbc-encontrou-azam-o-refugiado-sirio-de-5-anos-perdido-na-europa.htm, skipping...
[ERROR - 2025-10-25 10:03:55,850 - Worker_4] Status code == 403 for http://noticias.uol.com.br/ultimas-noticias/afp/2015/10/30/russia-bombardeou-1623-alvos-terroristas-na-siria-em-um-mes.htm, skipping...
[ERROR - 2025-10-25 10:04:10,464 - Worker_4] Status code == 403 for http://blogdobrito.blogosfera.uol.com.br/2015/10/30/ele-era-para-ser-o-substituto-de-zico-no-fla-morreu-so-em-casa-no-recife/, skipping...
[ERROR - 2025-10-25 10:04:15,353 - Worker_0] Status code == 403 for http://blogdobrito.blogosfera.uol.com.br/2015/10/31/estadio-de-copa-recebe-jogo-de-lanternas-de-segundona-com-270-pagantes/, skipping...
[ERROR - 2025-10-25 10:04:17,334 - Worker_3] Status code == 403 for http://uolesporte.blogosfera.uol.com.br/2015/10/31/ferias-em-barbados-alugue-a-mansao-de-rooney-por-r-477-mil/, skipping...
[ERROR - 2025-10-25 10:04:19,571 - Worker_4] Status code == 403 for http://noticias.uol.com.br/internacional/ultimas-noticias/2015/10/31/aviao-russo-cai-no-egito-com-224-passageiros-a-bordo.htm, skipping...
[ERROR - 2025-10-25 10:04:31,129 - Worker_4] Status code == 403 for http://noticias.uol.com.br/ultimas-noticias/bbc/2015/10/31/queda-de-aviao-no-egito-o-que-se-sabe-ate-agora.htm, skipping...
[ERROR - 2025-10-25 10:04:31,155 - Worker_2] Status code == 404 for http://mulher.uol.com.br/gravidez-e-filhos/album/2015/10/30/almofadas-e-tapetes-garantem-seguranca-do-bebe-no-banho.htm?abrefoto=23, skipping...
[ERROR - 2025-10-25 10:04:36,095 - Worker_3] Status code == 403 for http://noticias.uol.com.br/cotidiano/ultimas-noticias/2015/10/31/mega-sena-acumula-e-pode-pagar-r-39-milhoes-na-quarta-feira.htm, skipping...
[ERROR - 2025-10-25 10:04:40,584 - Worker_4] Status code == 403 for http://noticias.uol.com.br/politica/ultimas-noticias/2015/10/31/agente-condenada-apos-parar-juiz-em-blitz-no-rio-sera-candidata-a-vereadora.htm, skipping...
[ERROR - 2025-10-25 10:04:45,100 - Worker_0] Status code == 403 for http://noticias.uol.com.br/album/album-do-dia/2015/10/31/imagens-do-dia---31-de-outubro-de-2015.htm?abrefoto=14, skipping...
[ERROR - 2025-10-25 10:04:49,242 - Worker_0] Status code == 403 for http://noticias.uol.com.br/ultimas-noticias/agencia-estado/2015/10/31/cantareira-fica-estavel-outros-5-mananciais-tem-reducao-no-volume-armazenado.htm, skipping...
[ERROR - 2025-10-25 10:04:55,932 - Worker_0] Status code == 403 for http://noticias.uol.com.br/album/album-do-dia/2015/10/31/imagens-do-dia---31-de-outubro-de-2015.htm?abrefoto=16, skipping...
[ERROR - 2025-10-25 10:04:58,269 - Worker_2] Status code == 403 for http://cozinhasobpressao.blogosfera.uol.com.br/2015/10/31/errei-por-ser-profissional-demais-diz-eliminado-do-hells-kitchen/, skipping...
[ERROR - 2025-10-25 10:05:07,584 - Worker_0] Status code == 403 for http://uolesporte.blogosfera.uol.com.br/2015/10/31/deixou-no-chao-neymar-poe-rival-para-dancar-dentro-da-area/, skipping...
[ERROR - 2025-10-25 10:05:09,735 - Worker_4] Status code == 403 for http://robertosadovski.blogosfera.uol.com.br/2015/10/31/vin-diesel-pensa-que-e-astro-mas-nao-passa-de-um-artista-de-um-truque-so/, skipping...
[ERROR - 2025-10-25 10:05:11,805 - Worker_0] Status code == 403 for http://noticias.uol.com.br/ultimas-noticias/agencia-estado/2015/10/31/morre-ex-governador-do-piaui-e-ex-senador-lucidio-portela.htm, skipping...
[ERROR - 2025-10-25 10:05:14,247 - Worker_4] Status code == 403 for http://economia.uol.com.br/noticias/reuters/2015/10/31/brasil-pode-rever-obrigatoriedade-da-petrobras-como-operadora-unica-no-pre-sal-diz-levy.htm, skipping...
[ERROR - 2025-10-25 10:05:16,072 - Worker_0] Status code == 403 for http://blogdomenon.blogosfera.uol.com.br/2015/10/31/doriva-recua-e-sao-paulo-ganha-com-facilidade/, skipping...
[ERROR - 2025-10-25 10:05:20,224 - Worker_0] Status code == 403 for http://economia.uol.com.br/financas-pessoais/noticias/redacao/2015/10/31/pela-1-vez-em-13-anos-poupanca-deve-perder-da-inflacao-veja-5-opcoes.htm, skipping...
[ERROR - 2025-10-25 10:05:30,911 - Worker_3] Status code == 403 for http://blogmiltonneves.bol.uol.com.br/blog/2015/10/31/frustrado-porem-eficiente-sao-paulo-vence-o-sport-e-volta-ao-g4/, skipping...
[ERROR - 2025-10-25 10:05:34,555 - Worker_0] Status code == 404 for http://esporte.uol.com.br/f1/ultimas-noticias/2015/10/31/rosberg-faz-a-pole-em-treino-com-quebra-de-recorde-de-velocidade-na-f-1.htm, skipping...
[ERROR - 2025-10-25 10:05:37,333 - Worker_2] Status code == 403 for http://blogdosakamoto.blogosfera.uol.com.br/2015/10/31/protesto-de-mulheres-contra-cunha-e-pl-misogino-lembra-junho-de-2013/, skipping...
[ERROR - 2025-10-25 10:05:39,931 - Worker_4] Status code == 403 for http://oblogdorugbi.blogosfera.uol.com.br/2015/10/31/sao-jose-derrota-atuais-campeoes-e-conquista-campeonato-brasileiro-de-rugbi/, skipping...
[ERROR - 2025-10-25 10:05:40,544 - Worker_3] Status code == 403 for http://educacao.uol.com.br/noticias/agencia-estado/2015/10/31/formacao-de-pais-e-docentes-afeta-desempenho-nas-escolas-diz-estudo.htm, skipping...
[ERROR - 2025-10-25 10:05:47,058 - Worker_3] Status code == 403 for http://mauriciostycer.blogosfera.uol.com.br/2015/10/31/tipo-raro-na-globo-monica-iozzi-ri-abertamente-da-emissora/, skipping...
[ERROR - 2025-10-25 10:06:00,229 - Worker_1] Status code == 403 for http://blogdojuca.uol.com.br/2015/10/sao-paulo-no-g4-brinca-com-o-sport/, skipping...
[ERROR - 2025-10-25 10:06:08,832 - Worker_1] Status code == 403 for http://educacao.uol.com.br/noticias/agencia-estado/2015/10/31/cresce-diferenca-de-desempenho-entre-ricos-e-pobres-ate-em-escolas-publicas.htm, skipping...
[ERROR - 2025-10-25 10:06:49,412 - Worker_2] Status code == 403 for http://josiasdesouza.blogosfera.uol.com.br/2015/11/01/lula-tenta-blindar-amigos-os-parentes-em-cpis/, skipping...
[ERROR - 2025-10-25 10:06:50,130 - Worker_4] Status code == 403 for http://educacao.uol.com.br/noticias/agencia-estado/2015/11/01/maioria-dos-adultos-nao-sabem-matematica-basica-no-brasil-aponta-pesquisa.htm, skipping...
[ERROR - 2025-10-25 10:07:09,118 - Worker_0] Status code == 403 for http://noticias.uol.com.br/ultimas-noticias/agencia-estado/2015/11/01/lula-nao-e-a-unica-opcao-do-pt-para-2018-diz-berzoini.htm, skipping...
[ERROR - 2025-10-25 10:07:10,099 - Worker_4] Status code == 403 for http://tecnologia.uol.com.br/noticias/bbc/2015/11/01/como-desativar-a-funcao-do-iphone-que-custou-a-apple-uma-multa-milionaria.htm, skipping...
[ERROR - 2025-10-25 10:07:20,155 - Worker_4] Status code == 403 for http://noticias.uol.com.br/ultimas-noticias/afp/2015/11/01/erdogan-arriscou-tudo-para-retomar-o-poder-total-na-turquia.htm, skipping...
[ERROR - 2025-10-25 10:07:22,508 - Worker_2] Status code == 403 for http://noticias.uol.com.br/saude/ultimas-noticias/bbc/2015/11/01/pesquisadores-geram-polemica-com-promessa-de-pilula-do-exercicio-fisico.htm, skipping...
[ERROR - 2025-10-25 10:07:23,026 - Worker_1] Status code == 403 for http://blogdojuca.uol.com.br/2015/11/acredite-a-fiel-cantava-o-hino-dava-ole-e-gritava-que-o-corinthians-e-campeao-e-e/, skipping...
[ERROR - 2025-10-25 10:07:24,392 - Worker_4] Status code == 403 for http://uolesportevetv.blogosfera.uol.com.br/2015/11/01/15-fotos-de-uma-apresentadora-do-sportv-vao-te-inspirar-a-manter-a-forma/, skipping...
[ERROR - 2025-10-25 10:07:28,538 - Worker_4] Status code == 403 for http://noticias.uol.com.br/ultimas-noticias/agencia-estado/2015/11/01/com-mps-pais-deixa-de-recolher-r-13-bi.htm, skipping...
[ERROR - 2025-10-25 10:07:31,633 - Worker_2] Status code == 403 for http://uolesporte.blogosfera.uol.com.br/2015/11/01/federer-festeja-titulo-sobre-nadal-comendo-pizza-com-boleiros/, skipping...
[ERROR - 2025-10-25 10:07:32,724 - Worker_4] Status code == 403 for http://noticias.uol.com.br/ultimas-noticias/agencia-estado/2015/11/01/procuradoria-quer-impedir-sacrificio-de-leoa-argentina.htm, skipping...
[ERROR - 2025-10-25 10:07:38,660 - Worker_2] Status code == 403 for http://andrerocha.blogosfera.uol.com.br/2015/11/01/corinthians-encaminha-o-titulo-no-horto-com-aula-de-controle-de-jogo, skipping...
[ERROR - 2025-10-25 10:07:39,528 - Worker_4] Status code == 403 for http://blogdojuliogomes.blogosfera.uol.com.br/2015/11/01/titulo-do-corinthians-e-incontestavel-e-vai-pra-conta-de-tite/, skipping...
[ERROR - 2025-10-25 10:07:45,934 - Worker_2] Status code == 403 for http://andrerocha.blogosfera.uol.com.br/2015/11/01/ha-vida-sem-messi-e-iniesta-no-barcelona-de-neymar/, skipping...
[ERROR - 2025-10-25 10:07:48,718 - Worker_4] Status code == 403 for http://noticias.uol.com.br/ultimas-noticias/efe/2015/11/01/corpos-das-vitimas-de-aviao-que-caiu-no-egito-comecam-a-ser-levados-a-russia.htm, skipping...
[ERROR - 2025-10-25 10:07:52,612 - Worker_2] Status code == 403 for http://noticias.uol.com.br/midiaglobal/nytimes/2015/11/01/familia-obama-prefere-arte-mais-abstrata-na-casa-branca.htm, skipping...
[ERROR - 2025-10-25 10:08:04,760 - Worker_3] Status code == 403 for http://economia.uol.com.br/noticias/estadao-conteudo/2015/11/01/madeireiro-quer-virar-o-rei-do-hamburguer.htm, skipping...
[ERROR - 2025-10-25 10:08:07,163 - Worker_2] Status code == 403 for http://noticias.uol.com.br/ultimas-noticias/afp/2015/11/01/partido-conservador-do-presidente-erdogan-vence-legislativas-na-turquia.htm, skipping...
[ERROR - 2025-10-25 10:08:07,715 - Worker_0] Status code == 403 for http://noticias.uol.com.br/ultimas-noticias/agencia-estado/2015/11/01/volks-busca-reparar-apoio-a-repressao-na-ditadura.htm, skipping...
[ERROR - 2025-10-25 10:08:11,305 - Worker_2] Status code == 403 for http://noticias.uol.com.br/opiniao/coluna/2015/11/01/com-a-tecnologia-comprar-gibi-na-banca-virou-coisa-de-colecionador.htm, skipping...
[ERROR - 2025-10-25 10:08:19,261 - Worker_0] Status code == 403 for http://noticias.uol.com.br/album/2015/11/01/corrida-de-carros-antigos-ocorre-sob-neblina-em-londres.htm?abrefoto=1, skipping...
[ERROR - 2025-10-25 10:08:33,133 - Worker_2] Status code == 404 for http://esporte.uol.com.br/f1/ultimas-noticias/2015/11/01/foi-uma-corrida-boa-para-a-equipe-mas-ruim-para-mim-reconhece-massa.htm, skipping...
[ERROR - 2025-10-25 10:08:37,573 - Worker_2] Status code == 403 for http://noticias.uol.com.br/ultimas-noticias/bbc/2015/11/02/a-greve-geral-de-mulheres-que-tornou-islandia-o-pais-mais-feminista-do-mundo.htm, skipping...
[ERROR - 2025-10-25 10:08:41,727 - Worker_2] Status code == 403 for http://noticias.uol.com.br/ultimas-noticias/agencia-estado/2015/11/02/aliados-de-cunha-em-conselho-podem-tentar-relatoria-de-processo.htm, skipping...
[ERROR - 2025-10-25 10:08:43,777 - Worker_3] Status code == 404 for http://esporte.uol.com.br/f1/ultimas-noticias/2015/11/01/mercedes-passeia-e-rosberg-vence-na-volta-do-gp-do-mexico-massa-e.htm, skipping...
[ERROR - 2025-10-25 10:08:56,859 - Worker_1] Status code == 403 for http://noticias.uol.com.br/ultimas-noticias/bbc/2015/11/02/quatro-hipoteses-para-a-queda-de-aviao-russo-no-egito.htm, skipping...
[ERROR - 2025-10-25 10:08:58,408 - Worker_3] Status code == 404 for http://carros.uol.com.br/album/2015/10/30/esportivos-em-toquio.htm?abrefoto=1, skipping...
[ERROR - 2025-10-25 10:09:00,995 - Worker_1] Status code == 403 for http://noticias.uol.com.br/ciencia/album/2015/11/02/iss-completa-15-anos-no-espaco.htm?abrefoto=1, skipping...
[ERROR - 2025-10-25 10:09:02,779 - Worker_3] Status code == 403 for http://maesdepeito.blogosfera.uol.com.br/2015/11/02/prefeitura-de-sp-firma-convenio-para-que-casa-de-parto-atenda-mais-pelo-sus/, skipping...
[ERROR - 2025-10-25 10:09:06,994 - Worker_3] Status code == 403 for http://mauriciostycer.blogosfera.uol.com.br/2015/11/02/ibope-previo-os-dez-mandamentos-vence-a-globo-em-sp-rio-e-bh-pela-1a-vez/, skipping...
[ERROR - 2025-10-25 10:09:11,318 - Worker_0] Status code == 403 for http://omundoemmovimento.blogosfera.uol.com.br/2015/11/02/hyundai-passa-a-ford-e-e-a-quarta-marca-mais-vendida-em-outubro/, skipping...
[ERROR - 2025-10-25 10:09:12,555 - Worker_1] Status code == 403 for http://noticias.uol.com.br/ciencia/ultimas-noticias/redacao/2015/11/02/estacao-espacial-internacional-completa-15-anos.htm, skipping...
[ERROR - 2025-10-25 10:09:15,483 - Worker_0] Status code == 403 for http://noticias.uol.com.br/meio-ambiente/ultimas-noticias/redacao/2015/11/02/degelo-antartico-pode-elevar-em-tres-metros-o-nivel-do-mar.htm, skipping...
[ERROR - 2025-10-25 10:09:16,709 - Worker_1] Status code == 403 for http://noticias.uol.com.br/ultimas-noticias/afp/2015/11/02/nove-dos-33-mineiros-do-atacama-processam-advogados-por-fraude.htm, skipping...
[ERROR - 2025-10-25 10:09:19,118 - Worker_4] Status code == 403 for http://noticias.uol.com.br/saude/ultimas-noticias/estado/2015/11/02/conversa-marca-a-interacao-mae-bebe.htm, skipping...
[ERROR - 2025-10-25 10:09:21,018 - Worker_0] Status code == 404 for http://entretenimento.band.uol.com.br/paniconaband/2015/videos/ultimos-videos/15663649/sosia-de-gusttavo-lima-invade-palco-do-show-do-cantor.html, skipping...
[ERROR - 2025-10-25 10:09:21,318 - Worker_1] Status code == 403 for http://tecnologia.uol.com.br/noticias/bbc/2015/11/02/como-matematico-inventou-ha-mais-de-150-anos-a-formula-das-buscas-no-google.htm, skipping...
[ERROR - 2025-10-25 10:09:23,417 - Worker_3] Status code == 404 for http://entretenimento.band.uol.com.br/paniconaband/2015/videos/ultimos-videos/15663611/lima-duarte-fala-sobre-polemica-com-tata-werneck-e-i-love-paraisopolis.html, skipping...
[ERROR - 2025-10-25 10:09:25,246 - Worker_0] Status code == 403 for http://noticias.uol.com.br/ultimas-noticias/agencia-estado/2015/11/02/bndes-nega-ter-suavizado-exigencias-em-operacao-de-credito-para-bumlai.htm, skipping...
[ERROR - 2025-10-25 10:09:25,468 - Worker_1] Status code == 403 for http://noticias.uol.com.br/ultimas-noticias/bbc/2015/11/02/series-sobre-pablo-escobar-agitam-polemico-turismo-tematico-na-colombia.htm, skipping...
[ERROR - 2025-10-25 10:09:27,679 - Worker_3] Status code == 403 for http://uolesporte.blogosfera.uol.com.br/2015/11/02/neymar-faz-embaixadinha-com-qualquer-coisa-ate-papel-higienico/, skipping...
[ERROR - 2025-10-25 10:09:34,198 - Worker_0] Status code == 403 for http://noticias.uol.com.br/midiaglobal/nytimes/2015/11/02/americanos-descobrem-o-talento-do-cartunista-argentino-liniers.htm, skipping...
[ERROR - 2025-10-25 10:09:34,330 - Worker_1] Status code == 403 for http://noticias.uol.com.br/ultimas-noticias/bbc/2015/11/02/refugiado-sirio-viaja-113-mil-km-em-23-dias-em-jornada-pela-europa.htm, skipping...
[ERROR - 2025-10-25 10:09:36,576 - Worker_3] Status code == 403 for http://oblogdorugbi.blogosfera.uol.com.br/2015/11/02/os-cinco-momentos-marcantes-da-copa-do-mundo-de-rugbi/, skipping...
[ERROR - 2025-10-25 10:09:40,708 - Worker_0] Status code == 403 for http://blogdoboleiro.blogosfera.uol.com.br/2015/11/02/em-casa-malcolm-festeja-vitoria-sobre-o-galo-com-pastel-e-videogame/, skipping...
[ERROR - 2025-10-25 10:09:40,849 - Worker_1] Status code == 403 for http://noticias.uol.com.br/ciencia/album/2015/09/04/experimentos-em-estacao-espacial-ajudarao-a-explicar-funcionamento-do-corpo-humano.htm?abrefoto=1, skipping...
[ERROR - 2025-10-25 10:09:49,177 - Worker_2] Status code == 403 for http://nagradedomma.blogosfera.uol.com.br/2015/11/02/nao-e-so-aldo-colega-revela-que-mcgregor-tambem-sofre-com-corte-de-peso/, skipping...
[ERROR - 2025-10-25 10:10:03,274 - Worker_4] Status code == 403 for http://colunaesplanada.blogosfera.uol.com.br/2015/11/02/em-video-militares-confraternizam-com-general-demitido-por-dilma/, skipping...
[ERROR - 2025-10-25 10:10:07,530 - Worker_4] Status code == 403 for http://blogdosakamoto.blogosfera.uol.com.br/2015/11/03/o-machismo-seboso-deixara-de-ser-o-must-do-intelectual-charmoso/, skipping...
[ERROR - 2025-10-25 10:10:13,504 - Worker_0] Status code == 403 for http://matias.blogosfera.uol.com.br/2015/11/03/20-anos-de-lavo-ta-novo-dos-raimundos-e-o-fim-do-rock-brasileiro/, skipping...
[ERROR - 2025-10-25 10:10:27,523 - Worker_3] Status code == 403 for http://fernandorodrigues.blogosfera.uol.com.br/2015/11/03/luis-claudio-filho-de-lula-fala-a-pf-na-5a-feira/, skipping...
[ERROR - 2025-10-25 10:10:41,287 - Worker_0] Status code == 403 for http://noticias.uol.com.br/ultimas-noticias/bbc/2015/11/03/descobri-o-neonazista-que-me-espancou-trabalhando-ao-meu-lado.htm, skipping...
[ERROR - 2025-10-25 10:10:57,990 - Worker_0] Status code == 403 for http://noticias.uol.com.br/politica/ultimas-noticias/2015/11/03/cunha-defende-projeto-que-dificulta-aborto-eleitor-pensa-daquele-jeito.htm, skipping...
[ERROR - 2025-10-25 10:11:08,626 - Worker_4] Failed to connect with http://esporte.uol.com.br/futebol/ultimas-noticias/2015/11/03/torcedor-se-perdeu-ao-ir-ao-banheiro-em-2004-agora-enfim-volta-para-casa.htm after 3 attempts, skipping...
[ERROR - 2025-10-25 10:11:09,216 - Worker_3] Status code == 403 for http://blogdobrito.blogosfera.uol.com.br/2015/11/03/ginastica-gasta-meio-milhao-em-mundial-e-pede-isencao-de-impostos/, skipping...
[ERROR - 2025-10-25 10:11:17,547 - Worker_4] Status code == 403 for http://pvc.blogosfera.uol.com.br/2015/11/03/pela-primeira-vez-em-19-anos-rio-pode-nao-figurar-entre-os-dez-primeiros/, skipping...
[ERROR - 2025-10-25 10:11:22,194 - Worker_2] Failed to connect with http://natelinha.ne10.uol.com.br/novelas/2015/11/03/lilia-cabral-sera-cafetina-e-exprostituta-em-nova-novela-da-globo-93844.php after 3 attempts, skipping...
[ERROR - 2025-10-25 10:11:29,783 - Worker_2] Status code == 403 for http://tecnologia.uol.com.br/noticias/redacao/2015/11/03/oi-e-multada-em-r-51-milhoes-por-falhas-a-abusos-a-consumidor-no-ma.htm, skipping...
[ERROR - 2025-10-25 10:11:33,926 - Worker_1] Status code == 403 for http://noticias.uol.com.br/ultimas-noticias/agencia-estado/2015/11/03/apos-condenacao-moro-manda-tirar-tornozeleira-de-executivo-da-mendes-junior.htm, skipping...
[ERROR - 2025-10-25 10:11:33,964 - Worker_2] Status code == 403 for http://educacao.uol.com.br/colunas/guilherme-cabral/2015/11/03/a-construcao-do-direito-educacional.htm, skipping...
[ERROR - 2025-10-25 10:11:36,924 - Worker_4] Status code == 403 for http://educacao.uol.com.br/noticias/agencia-estado/2015/11/03/aluna-da-usp-vitima-de-tentativa-de-estupro-recebe-nova-ameaca.htm, skipping...
[ERROR - 2025-10-25 10:11:41,071 - Worker_4] Status code == 403 for http://noticias.uol.com.br/midiaglobal/nytimes/2015/11/03/museus-sempre-educativos-agora-dao-diplomas-de-formacao-a-professores.htm, skipping...
[ERROR - 2025-10-25 10:11:41,777 - Worker_0] Status code == 403 for http://nagradedomma.blogosfera.uol.com.br/2015/11/03/rival-de-belfort-leva-susto-com-invasor-bebado-em-seu-quarto-de-hotel/, skipping...
[ERROR - 2025-10-25 10:11:42,955 - Worker_2] Status code == 403 for http://mauriciostycer.blogosfera.uol.com.br/2015/11/03/intolerancia-a-criticas-cresce-junto-com-ibope-de-os-dez-mandamentos/, skipping...
[ERROR - 2025-10-25 10:11:45,940 - Worker_0] Status code == 403 for http://noticias.uol.com.br/ultimas-noticias/agencia-estado/2015/11/03/pt-sp-divulga-ato-em-apoio-a-vaccari-e-chama-ex-tesoureiro-de-preso-politico.htm, skipping...
[ERROR - 2025-10-25 10:11:49,806 - Worker_4] Status code == 403 for http://noticias.uol.com.br/ultimas-noticias/deutschewelle/2015/11/03/o-escandalo-das-mulheres-esterilizadas-a-forca-no-peru.htm, skipping...
[ERROR - 2025-10-25 10:11:50,091 - Worker_0] Status code == 403 for http://noticias.uol.com.br/cotidiano/ultimas-noticias/2015/11/03/anistia-diz-que-e-aberracao-inocentar-pm-que-matou-crianca-no-rio.htm, skipping...
[ERROR - 2025-10-25 10:11:54,248 - Worker_0] Status code == 403 for http://noticias.uol.com.br/blogs-e-colunas/coluna/paul-krugman/2015/11/03/as-diferencas-dos-partidos-em-relacao-ao-crescimento.htm, skipping...
[ERROR - 2025-10-25 10:12:15,245 - Worker_1] Status code == 403 for http://blogdojuca.uol.com.br/2015/11/a-justica-brasileira-tambem-perde-de-7-a-1/, skipping...
[ERROR - 2025-10-25 10:12:26,118 - Worker_1] Status code == 403 for http://noticias.uol.com.br/politica/ultimas-noticias/2015/11/04/dois-sao-detidos-apos-chuva-de-dolares-sobre-eduardo-cunha-na-camara.htm, skipping...
[ERROR - 2025-10-25 10:12:29,651 - Worker_3] Status code == 403 for http://fernandorodrigues.blogosfera.uol.com.br/2015/11/04/desoneracoes-sob-dilma-ja-somam-r-342-bilhoes/, skipping...
[ERROR - 2025-10-25 10:12:32,019 - Worker_4] Status code == 403 for http://noticias.uol.com.br/cotidiano/ultimas-noticias/2015/11/04/mega-sena-sorteia-dezenas-do-premio-de-r-39-milhoes-veja-os-numeros.htm, skipping...
[ERROR - 2025-10-25 10:12:33,805 - Worker_3] Status code == 403 for http://noticias.uol.com.br/ultimas-noticias/bbc/2015/11/04/surpresa-no-fundo-do-mar-espanhol-captura-imagens-subaquaticas-espetaculares.htm?abrefoto=2, skipping...
[ERROR - 2025-10-25 10:12:36,164 - Worker_4] Status code == 403 for http://noticias.uol.com.br/cotidiano/ultimas-noticias/2015/11/04/namorado-e-comerciante-sao-presos-acusados-por-morte-de-universitaria-em-mg.htm, skipping...
[ERROR - 2025-10-25 10:12:43,081 - Worker_3] Status code == 403 for http://blogdoboleiro.blogosfera.uol.com.br/2015/11/04/video-mostra-torcedores-do-corinthians-acuados-pela-pm-em-minas-gerais/, skipping...
[ERROR - 2025-10-25 10:13:03,840 - Worker_2] Status code == 403 for http://blogdojuca.uol.com.br/2015/11/bayern-munique-amassa-o-arsenal/, skipping...
[ERROR - 2025-10-25 10:13:10,369 - Worker_1] Status code == 404 for http://esporte.band.uol.com.br/futebol/brasileirao-serie-a/2015/noticias/100000779463/edu-gaspar-veta-volta-olimpica-no-sabado.html, skipping...
[ERROR - 2025-10-25 10:13:31,791 - Worker_0] Status code == 403 for http://noticias.uol.com.br/ultimas-noticias/agencia-estado/2015/11/04/jovem-e-achada-morta-e-moradores-incendeiam-loja-de-suspeito-em-mg.htm, skipping...
[ERROR - 2025-10-25 10:13:46,578 - Worker_1] Status code == 403 for http://tecnologia.uol.com.br/noticias/redacao/2015/11/04/cerca-de-30-perfis-do-facebook-serao-investigados-por-ofensas-a-tais-araujo.htm, skipping...
[ERROR - 2025-10-25 10:13:47,848 - Worker_0] Status code == 403 for http://uolesportevetv.blogosfera.uol.com.br/2015/11/04/globo-transmite-ufc-sem-atraso-o-problema-e-o-horario/, skipping...
[ERROR - 2025-10-25 10:13:52,010 - Worker_0] Status code == 403 for http://blogdoboleiro.blogosfera.uol.com.br/2015/11/04/diego-lugano-sobre-volta-ao-sao-paulo-depende-deles/, skipping...
[ERROR - 2025-10-25 10:13:52,405 - Worker_3] Status code == 403 for http://noticias.uol.com.br/midiaglobal/nytimes/2015/11/03/museus-sempre-educativos-agora-dao-diplomas-de-formacao-a-professores.htm, skipping...
[ERROR - 2025-10-25 10:13:53,131 - Worker_1] Status code == 403 for http://economia.uol.com.br/noticias/redacao/2015/11/04/bilionario-vende-empresa-e-doa-us-85-milhoes-a-funcionarios.htm, skipping...
[ERROR - 2025-10-25 10:13:56,635 - Worker_3] Status code == 403 for http://noticias.uol.com.br/ultimas-noticias/agencia-estado/2015/11/04/rato-domesticado-transportava-drogas-em-presidio-do-tocantins.htm, skipping...
[ERROR - 2025-10-25 10:13:59,637 - Worker_1] Status code == 403 for http://noticias.uol.com.br/saude/ultimas-noticias/bbc/2015/11/04/menina-russa-surpreende-medicos-ao-sobreviver-com-o-coracao-fora-do-torax.htm, skipping...
[ERROR - 2025-10-25 10:14:01,055 - Worker_0] Status code == 403 for http://nilsonxavier.blogosfera.uol.com.br/2015/11/04/conheca-os-finalistas-da-apca-aos-melhores-de-2015-na-televisao/, skipping...
[ERROR - 2025-10-25 10:14:03,808 - Worker_1] Status code == 403 for http://noticias.uol.com.br/cotidiano/ultimas-noticias/2015/11/04/ouro-impoe-ciclo-de-violencia-em-capital-do-garimpo-no-para.htm, skipping...
[ERROR - 2025-10-25 10:14:04,993 - Worker_4] Status code == 403 for http://noticias.uol.com.br/saude/ultimas-noticias/redacao/2015/11/04/bebe-que-nasceu-com-380-gramas-recebe-alta-em-porto-alegre.htm, skipping...
[ERROR - 2025-10-25 10:14:08,032 - Worker_1] Status code == 403 for http://nagradedomma.blogosfera.uol.com.br/2015/11/04/pelas-beiradas-futuro-do-ufc-no-brasil-passa-por-pupilo-de-vitor-e-ex-peao/, skipping...
[ERROR - 2025-10-25 10:14:09,165 - Worker_4] Status code == 403 for http://noticias.uol.com.br/ultimas-noticias/afp/2015/11/04/putin-merkel-obama-e-papa-francisco-os-mais-influentes-para-a-forbes.htm, skipping...
[ERROR - 2025-10-25 10:14:12,187 - Worker_1] Status code == 403 for http://noticias.uol.com.br/internacional/ultimas-noticias/the-new-york-times/2015/11/01/compactos-tuk-tuks-fascinam-turistas-e-perturbam-parte-da-populacao-em-lisboa.htm, skipping...
[ERROR - 2025-10-25 10:14:13,162 - Worker_2] Status code == 403 for http://blogdorafaelreis.blogosfera.uol.com.br/2015/11/04/ele-nasceu-nos-eua-mas-joga-pelo-afeganistao-e-sofre-com-duplo-preconceito/, skipping...
[ERROR - 2025-10-25 10:14:13,589 - Worker_4] Status code == 403 for http://uolesporte.blogosfera.uol.com.br/2015/11/04/roberto-carlos-mostra-que-jogar-bola-aos-42-anos-nao-e-facil/, skipping...
[ERROR - 2025-10-25 10:14:17,763 - Worker_4] Status code == 403 for http://noticias.uol.com.br/ultimas-noticias/reuters/2015/11/04/governo-calcula-dividas-com-pedaladas-em-r-57-bi-no-fim-de-2015.htm, skipping...
[ERROR - 2025-10-25 10:14:20,919 - Worker_1] Status code == 403 for http://blogdomenon.blogosfera.uol.com.br/2015/11/04/tite-sobra-na-turma-grande-area-vai-pelo-mesmo-caminho/, skipping...
[ERROR - 2025-10-25 10:14:22,139 - Worker_4] Status code == 403 for http://noticias.uol.com.br/ciencia/ultimas-noticias/redacao/2015/11/05/nasa-registra-aurora-improvavel-e-perdas-de-gases-na-atmosfera-de-marte.htm, skipping...
[ERROR - 2025-10-25 10:14:29,116 - Worker_4] Status code == 403 for http://tecnologia.uol.com.br/noticias/bbc/2015/11/05/guerra-de-paginas-reacende-debate-sobre-como-facebook-escolhe-o-que-sai-do-ar-entenda.htm, skipping...
[ERROR - 2025-10-25 10:14:35,372 - Worker_0] Status code == 403 for http://blogdojuca.uol.com.br/2015/11/o-blog-se-antecipa-e-submete-sua-selecao-do-brasileirao/, skipping...
[ERROR - 2025-10-25 10:14:47,481 - Worker_3] Status code == 403 for http://josecruz.blogosfera.uol.com.br/2015/11/tenis-jorge-rosa-perde-amparo-legal-para-continuar-dirigindo-confederacao/, skipping...
[ERROR - 2025-10-25 10:14:56,877 - Worker_3] Status code == 403 for http://blogdobirner.blogosfera.uol.com.br/2015/11/04/direcao-do-flamengo-admite-erro-ao-reintegrar-os-cinco-jogadores/, skipping...
[ERROR - 2025-10-25 10:15:05,876 - Worker_3] Status code == 403 for http://noticias.uol.com.br/politica/ultimas-noticias/2015/11/05/lula-critica-recriacao-da-cpmf-e-diz-preferir-politica-de-credito-forte.htm, skipping...
[ERROR - 2025-10-25 10:15:10,025 - Worker_3] Status code == 403 for http://noticias.uol.com.br/ultimas-noticias/afp/2015/11/05/mulher-de-85-anos-destroi-antes-de-morrer-quase-um-milhao-de-euros.htm, skipping...
[ERROR - 2025-10-25 10:15:14,792 - Worker_0] Status code == 403 for http://noticias.uol.com.br/ultimas-noticias/redacao/2015/11/05/giro-uol-traz-os-destaques-da-noite-desta-quinta-0511-para-voce-ouca.htm, skipping...
[ERROR - 2025-10-25 10:15:25,270 - Worker_2] Status code == 403 for http://noticias.uol.com.br/internacional/ultimas-noticias/el-pais/2015/11/05/atrizes-iranianas-fogem-do-pais-apos-publicar-fotos-sem-veu-islamico.htm, skipping...
[ERROR - 2025-10-25 10:15:33,536 - Worker_0] Status code == 403 for http://blogdosakamoto.blogosfera.uol.com.br/2015/11/05/justica-diz-que-este-blog-nao-cometeu-crime-ao-divulgar-caso-de-escravidao/, skipping...
[ERROR - 2025-10-25 10:15:35,341 - Worker_1] Status code == 403 for http://mauriciostycer.blogosfera.uol.com.br/2015/11/05/fui-abusada-oprimida-ofendida-e-espancada-ao-longo-da-minha-infancia/, skipping...
[ERROR - 2025-10-25 10:15:47,168 - Worker_2] Status code == 403 for http://nagradedomma.blogosfera.uol.com.br/2015/11/05/ronda-rousey-tira-campea-de-boxe-do-serio-destruiria-ela-no-ringue/, skipping...
[ERROR - 2025-10-25 10:15:48,923 - Worker_3] Status code == 403 for http://blogdosakamoto.blogosfera.uol.com.br/2015/11/05/as-mulheres-nao-querem-migalhas-que-caem-da-mesa-querem-um-novo-pao/, skipping...
[ERROR - 2025-10-25 10:15:55,533 - Worker_1] Status code == 403 for http://mauriciostycer.blogosfera.uol.com.br/2015/11/05/depois-da-tv-os-dez-mandamentos-vai-para-a-netflix/, skipping...
[ERROR - 2025-10-25 10:15:56,790 - Worker_0] Status code == 403 for http://negociosdoesporte.blogosfera.uol.com.br/2015/11/05/esporte-amador-x-esporte-de-alto-rendimento-onde-investir/, skipping...
[ERROR - 2025-10-25 10:15:57,778 - Worker_3] Status code == 403 for http://fernandorodrigues.blogosfera.uol.com.br/2015/11/05/lula-gasta-5-vezes-mais-que-fhc-em-gasolina-paga-pelo-governo/, skipping...
[ERROR - 2025-10-25 10:16:04,617 - Worker_3] Status code == 403 for http://educacao.uol.com.br/noticias/2015/11/05/professor-mostra-penis-a-estudantes-em-sala-de-aula-de-botucatu.htm, skipping...
[ERROR - 2025-10-25 10:16:17,616 - Worker_1] Status code == 404 for http://esporte.band.uol.com.br/futebol/brasileirao-serie-a/2015/noticias/100000779789/presidente-do-timao-quer-deixar-festa-para-depois.html, skipping...
[ERROR - 2025-10-25 10:16:34,471 - Worker_1] Status code == 403 for http://noticias.uol.com.br/ultimas-noticias/afp/2015/11/05/mulher-de-85-anos-destroi-antes-de-morrer-quase-um-milhao-de-euros.htm, skipping...
[ERROR - 2025-10-25 10:16:34,477 - Worker_0] Status code == 403 for http://noticias.uol.com.br/internacional/ultimas-noticias/2015/11/06/explosao-e-ouvida-em-gravacao-de-caixa-preta-de-aviao-que-caiu-no-egito.htm, skipping...
[ERROR - 2025-10-25 10:16:35,700 - Worker_3] Status code == 403 for http://noticias.uol.com.br/politica/ultimas-noticias/2015/11/05/lula-diz-que-nao-teme-ser-preso-e-critica-fhc-ele-sofre-com-o-meu-sucesso.htm, skipping...
[ERROR - 2025-10-25 10:16:38,646 - Worker_1] Status code == 403 for http://noticias.uol.com.br/album/2015/01/02/olho-magico-2015.htm?fotoNavId=prbd9b6b42bcfd5a4350f5d5d9b5d8eb8220151105, skipping...
[ERROR - 2025-10-25 10:16:41,654 - Worker_0] Status code == 403 for http://blogdoboleiro.blogosfera.uol.com.br/2015/11/06/pm-de-minas-responde-as-cobrancas-da-gavioes-torcida-ilegitima/, skipping...
[ERROR - 2025-10-25 10:16:43,598 - Worker_4] Failed to connect with http://viagem.uol.com.br/album/2015/11/05/wally-esta-em-londres-personagem-surge-em-pontos-turisticos-da-inglaterra.htm?abrefoto=8 after 3 attempts, skipping...
[ERROR - 2025-10-25 10:16:47,856 - Worker_4] Status code == 403 for http://robertosadovski.blogosfera.uol.com.br/2015/11/06/diretor-de-warcraft-quer-dar-fim-a-maldicao-de-filmes-baseados-em-games/, skipping...
[ERROR - 2025-10-25 10:16:48,268 - Worker_1] Status code == 403 for http://blogdobirner.blogosfera.uol.com.br/2015/11/06/michel-bastos-e-importante-torcida-precisa-parar-de-queimar-bons-jogadores/, skipping...
[ERROR - 2025-10-25 10:16:50,392 - Worker_0] Status code == 403 for http://noticias.uol.com.br/cotidiano/ultimas-noticias/2015/11/06/onda-de-lama-ameaca-com-enchentes-15-cidades-de-mg-e-es.htm, skipping...
[ERROR - 2025-10-25 10:16:50,524 - Worker_2] Status code == 403 for http://nagradedomma.blogosfera.uol.com.br/2015/11/06/nao-e-so-belfort-veja-as-lutas-que-prometem-roubar-a-cena-no-ufc-sp/, skipping...
[ERROR - 2025-10-25 10:16:52,242 - Worker_4] Status code == 403 for http://blogdorafaelreis.blogosfera.uol.com.br/2015/11/06/final-da-champions-asiatica-vai-deixar-torcedor-cruzeirense-com-saudades/, skipping...
[ERROR - 2025-10-25 10:16:54,586 - Worker_0] Status code == 403 for http://noticias.uol.com.br/cotidiano/ultimas-noticias/2015/11/06/atingidos-por-barragens-rompidas-em-mg-poderao-sacar-fgts-anuncia-dilma.htm, skipping...
[ERROR - 2025-10-25 10:16:54,698 - Worker_2] Status code == 403 for http://noticias.uol.com.br/midiaglobal/lemonde/2015/11/06/san-francisco-vota-a-favor-do-airbnb-em-plebiscito.htm, skipping...
[ERROR - 2025-10-25 10:16:56,398 - Worker_4] Status code == 403 for http://noticias.uol.com.br/ultimas-noticias/bbc/2015/11/06/de-limpador-de-privadas-a-vice-presidente-de-banco-imigrante-brasileiro-da-volta-por-cima-no-reino-unido.htm, skipping...
[ERROR - 2025-10-25 10:16:58,778 - Worker_0] Status code == 403 for http://josiasdesouza.blogosfera.uol.com.br/2015/11/06/cunha-articula-destituicao-de-picciani-no-pmdb/, skipping...
[ERROR - 2025-10-25 10:16:58,939 - Worker_2] Status code == 403 for http://blogdomenon.blogosfera.uol.com.br/2015/11/06/e-hora-de-esquecer-osorio/, skipping...
[ERROR - 2025-10-25 10:17:00,406 - Worker_1] Status code == 403 for http://nilsonxavier.blogosfera.uol.com.br/2015/11/06/coadjuvantes-de-i-love-paraisopolis-carregaram-a-novela-nas-costas/, skipping...
[ERROR - 2025-10-25 10:17:02,926 - Worker_0] Status code == 403 for http://noticias.uol.com.br/internacional/ultimas-noticias/el-pais/2015/11/06/versao-iraniana-do-kfc-poe-a-prova-a-abertura-do-regime-aos-eua.htm, skipping...
[ERROR - 2025-10-25 10:17:03,095 - Worker_2] Status code == 403 for http://noticias.uol.com.br/cotidiano/ultimas-noticias/2015/11/05/preconceito-mito-da-democracia-racial-so-fez-mal-ao-negro-no-brasil.htm, skipping...
[ERROR - 2025-10-25 10:17:03,109 - Worker_4] Status code == 403 for http://noticias.uol.com.br/ultimas-noticias/agencia-estado/2015/11/06/tcu-se-exime-de-responsabilidade-em-inquerito-contra-agripino-maia-no-stf.htm, skipping...
[ERROR - 2025-10-25 10:17:04,637 - Worker_1] Status code == 403 for http://uolesporte.blogosfera.uol.com.br/2015/11/06/comentarista-dorme-durante-jogo-e-perde-o-emprego-por-roncar-na-tv/, skipping...
[ERROR - 2025-10-25 10:17:09,878 - Worker_4] Status code == 403 for http://noticias.uol.com.br/saude/ultimas-noticias/redacao/2015/11/05/todo-homem-tem-vontade-de-fazer-sexo-anal.htm, skipping...
[ERROR - 2025-10-25 10:17:12,455 - Worker_2] Status code == 403 for http://noticias.uol.com.br/ultimas-noticias/agencia-estado/2015/11/06/troca-de-juiz-na-zelotes-foi-pratica-normal-diz-presidencia-do-trf-1.htm, skipping...
[ERROR - 2025-10-25 10:17:12,472 - Worker_0] Status code == 403 for http://noticias.uol.com.br/cotidiano/ultimas-noticias/2015/11/06/as-frases-que-marcaram-a-tragedia-em-minas-gerais.htm, skipping...
[ERROR - 2025-10-25 10:17:16,842 - Worker_1] Status code == 404 for http://cenapop.virgula.uol.com.br/2015/11/04/98483-simbolo-sexual-nos-anos-90-nubia-oliiver-conta-o-que-mudou-com-a-chegada-dos-40-estou-muito-mais-gostosa/, skipping...
[ERROR - 2025-10-25 10:17:26,510 - Worker_2] Status code == 403 for http://noticias.uol.com.br/ultimas-noticias/reuters/2015/11/06/lideres-do-estado-islamico-comemoram-queda-de-aviao-no-egito-diz-nbc.htm, skipping...
[ERROR - 2025-10-25 10:17:30,678 - Worker_2] Status code == 403 for http://noticias.uol.com.br/ultimas-noticias/agencia-estado/2015/11/06/a-cada-sete-dias-um-homossexual-relata-agressao-em-sp.htm, skipping...
[ERROR - 2025-10-25 10:17:40,208 - Worker_2] Status code == 403 for http://mauriciostycer.blogosfera.uol.com.br/2015/11/06/suposta-inovacao-capitulo-zero-e-so-publicidade-de-totalmente-demais/, skipping...
[ERROR - 2025-10-25 10:17:44,360 - Worker_2] Status code == 403 for http://noticias.uol.com.br/ultimas-noticias/agencia-estado/2015/11/06/diretor-da-camara-que-reclamou-de-pressao-de-aliado-de-cunha-e-exonerado.htm, skipping...
[ERROR - 2025-10-25 10:17:48,538 - Worker_2] Status code == 403 for http://josiasdesouza.blogosfera.uol.com.br/2015/11/07/lider-tucano-tacha-de-atipica-decisao-do-tse/, skipping...
[ERROR - 2025-10-25 10:18:13,542 - Worker_1] Status code == 403 for http://noticias.uol.com.br/cotidiano/ultimas-noticias/2015/11/07/mae-de-menino-morto-por-pm-no-complexo-do-alemao-quer-nova-investigacao.htm, skipping...
[ERROR - 2025-10-25 10:18:17,715 - Worker_1] Status code == 403 for http://noticias.uol.com.br/ultimas-noticias/agencia-estado/2015/11/06/entidades-arrecadam-doacoes-para-mariana-agua-e-prioridade.htm, skipping...
[ERROR - 2025-10-25 10:18:27,306 - Worker_4] Status code == 403 for http://noticias.uol.com.br/cotidiano/ultimas-noticias/2015/11/07/prefeitura-confirma-28-desaparecidos-em-mariana-mg.htm, skipping...
[ERROR - 2025-10-25 10:18:37,257 - Worker_2] Status code == 403 for http://noticias.uol.com.br/politica/ultimas-noticias/2015/11/05/lula-diz-que-nao-teme-ser-preso-e-critica-fhc-ele-sofre-com-o-meu-sucesso.htm, skipping...
[ERROR - 2025-10-25 10:18:39,058 - Worker_1] Failed to connect with http://natelinha.ne10.uol.com.br/celebridades/2015/11/07/piovani-aceitaria-fazer-novela-com-carol-dieckmann-so-nao-quero-ser-amiga-93992.php after 3 attempts, skipping...
[ERROR - 2025-10-25 10:18:49,626 - Worker_2] Status code == 403 for http://noticias.uol.com.br/ultimas-noticias/reuters/2015/11/07/guarda-costeira-suspende-busca-por-brasileiro-que-caiu-de-cruzeiro.htm, skipping...
[ERROR - 2025-10-25 10:18:53,779 - Worker_2] Status code == 403 for http://noticias.uol.com.br/album/2015/11/05/barragem-rompe-em-mariana-mg.htm?abrefoto=75, skipping...
[ERROR - 2025-10-25 10:19:01,630 - Worker_4] Status code == 403 for http://blogdojuca.uol.com.br/2015/11/so-falta-gritar-e-hexacampeao/, skipping...
[ERROR - 2025-10-25 10:19:03,340 - Worker_3] Status code == 403 for http://noticias.uol.com.br/cotidiano/ultimas-noticias/2015/11/07/mega-sena-sorteia-dezenas-do-premio-de-r-44-milhoes-veja-os-numeros.htm, skipping...
[ERROR - 2025-10-25 10:19:05,214 - Worker_1] Status code == 403 for http://blogdomenon.blogosfera.uol.com.br/2015/11/07/viva-os-pontos-corridos-viva-o-corinthians/, skipping...
[ERROR - 2025-10-25 10:19:07,369 - Worker_0] Status code == 403 for http://economia.uol.com.br/noticias/redacao/2015/11/07/conta-de-luz-no-rj-sobe-a-partir-de-hoje-alta-em-2015-atinge-56.htm, skipping...
[ERROR - 2025-10-25 10:19:07,567 - Worker_3] Status code == 403 for http://blogdosakamoto.blogosfera.uol.com.br/2015/11/07/o-ressentimento-de-estudar-na-mesma-sala-que-a-filha-da-domestica/, skipping...
[ERROR - 2025-10-25 10:19:09,160 - Worker_4] Status code == 403 for http://noticias.uol.com.br/midiaglobal/elpais/2015/11/07/apesar-de-pacto-nuclear-ira-mantem-o-morte-a-america.htm, skipping...
[ERROR - 2025-10-25 10:19:13,411 - Worker_4] Status code == 403 for http://blogdorafaelreis.blogosfera.uol.com.br/2015/11/07/o-barcelona-ate-melhorou-depois-de-perder-messi-e-a-culpa-e-de-neymar/, skipping...
[ERROR - 2025-10-25 10:19:14,649 - Worker_1] Status code == 403 for http://noticias.uol.com.br/cotidiano/ultimas-noticias/2015/11/05/preconceito-mito-da-democracia-racial-so-fez-mal-ao-negro-no-brasil.htm, skipping...
[ERROR - 2025-10-25 10:19:18,821 - Worker_1] Status code == 403 for http://noticias.uol.com.br/cotidiano/ultimas-noticias/2015/11/07/trilheiros-e-jipeiros-socorrem-pessoas-ilhadas-em-mariana.htm, skipping...
[ERROR - 2025-10-25 10:19:25,893 - Worker_1] Status code == 403 for http://noticias.uol.com.br/cotidiano/ultimas-noticias/2015/11/07/prefeito-de-mariana-mg-diz-que-empresa-sera-cobrada-por-acidente.htm, skipping...
[ERROR - 2025-10-25 10:19:30,258 - Worker_1] Status code == 403 for http://paginacinco.blogosfera.uol.com.br/2015/11/07/laerte-as-pessoas-me-veem-como-uma-ursinha-carinhosa/, skipping...
[ERROR - 2025-10-25 10:19:30,483 - Worker_4] Failed to connect with http://natelinha.ne10.uol.com.br/colunas/2015/11/07/e-de-casa-peca-por-excesso-de-apresentadores-e-pautas-surradas-93954.php after 3 attempts, skipping...
[ERROR - 2025-10-25 10:19:34,402 - Worker_1] Status code == 403 for http://noticias.uol.com.br/ultimas-noticias/bbc/2015/11/07/dez-perguntas-de-ciencia-que-as-criancas-fazem---e-os-adultos-nao-sabem-respoder.htm, skipping...
[ERROR - 2025-10-25 10:19:45,021 - Worker_4] Status code == 403 for http://noticias.uol.com.br/opiniao/coluna/2015/11/07/lre-induz-mais-acao-pela-qualidade-da-educacao.htm, skipping...
[ERROR - 2025-10-25 10:20:11,295 - Worker_2] Status code == 403 for http://noticias.uol.com.br/ultimas-noticias/bbc/2015/11/08/uso-nao-biblico-de-sangue-em-transfusoes-opoe-testemunhas-de-jeova-e-medicos.htm, skipping...
[ERROR - 2025-10-25 10:20:21,377 - Worker_2] Failed to connect with http://natelinha.ne10.uol.com.br/celebridades/2015/11/08/adriana-birolli-conta-que-ja-rejeitou-mais-de-15-convites-para-posar-nua-93998.php after 3 attempts, skipping...
[ERROR - 2025-10-25 10:20:25,545 - Worker_2] Status code == 403 for http://noticias.uol.com.br/opiniao/coluna/2015/11/08/falhas-de-compliance-poem-em-risco-a-sobrevivencia-da-empresa.htm, skipping...
[ERROR - 2025-10-25 10:20:26,059 - Worker_3] Status code == 403 for http://noticias.uol.com.br/ultimas-noticias/agencia-estado/2015/11/08/major-atira-em-carro-que-fugiu-de-blitz-e-acerta-passageiro.htm, skipping...
[ERROR - 2025-10-25 10:20:26,835 - Worker_0] Status code == 403 for http://noticias.uol.com.br/ultimas-noticias/deutschewelle/2015/11/08/alemanha-vai-restringir-uso-de-drones.htm, skipping...
[ERROR - 2025-10-25 10:20:30,304 - Worker_3] Status code == 403 for http://abiliodiniz.blogosfera.uol.com.br/2015/11/08/sao-paulo-se-complica/, skipping...
[ERROR - 2025-10-25 10:20:30,987 - Worker_0] Status code == 403 for http://noticias.uol.com.br/ultimas-noticias/bbc/2015/11/08/como-a-queda-do-aviao-russo-pode-mudar-as-regras-de-seguranca-aerea.htm, skipping...
[ERROR - 2025-10-25 10:20:35,153 - Worker_0] Status code == 403 for http://noticias.uol.com.br/politica/ultimas-noticias/2015/11/05/lula-diz-que-nao-teme-ser-preso-e-critica-fhc-ele-sofre-com-o-meu-sucesso.htm, skipping...
[ERROR - 2025-10-25 10:20:39,618 - Worker_0] Status code == 403 for http://mauriciostycer.blogosfera.uol.com.br/2015/11/08/depois-de-46-anos-passa-a-ser-natural-ter-duas-mulheres-na-bancada-do-jn/, skipping...
[ERROR - 2025-10-25 10:20:43,685 - Worker_2] Status code == 403 for http://noticias.uol.com.br/ultimas-noticias/efe/2015/11/05/antropologo-frances-tentar-desnudar-sociedade-brasileira-atraves-dos-moteis.htm, skipping...
[ERROR - 2025-10-25 10:20:45,116 - Worker_3] Status code == 404 for http://entretenimento.band.uol.com.br/paniconaband/2015/aovivo.asp, skipping...
[ERROR - 2025-10-25 10:20:46,294 - Worker_0] Status code == 403 for http://pvc.blogosfera.uol.com.br/2015/11/08/pilulas-de-informacoes-da-34a-rodada-do-campeonato-brasileiro/, skipping...
[ERROR - 2025-10-25 10:20:47,990 - Worker_2] Status code == 403 for http://nagradedomma.blogosfera.uol.com.br/2015/11/08/vitor-foge-de-falar-sobre-revanche-com-anderson-e-pede-luta-com-falastrao/, skipping...
[ERROR - 2025-10-25 10:20:52,140 - Worker_2] Status code == 403 for http://noticias.uol.com.br/ultimas-noticias/bbc/2015/11/08/missil-confundido-com-ovni-nos-ceus-da-california-assusta-americanos.htm, skipping...
[ERROR - 2025-10-25 10:20:57,459 - Worker_0] Status code == 403 for http://nagradedomma.blogosfera.uol.com.br/2015/11/08/mais-maduro-thomas-supera-lesao-e-se-mostra-pronto-para-voar-mais-alto/, skipping...
[ERROR - 2025-10-25 10:20:58,579 - Worker_2] Status code == 403 for http://noticias.uol.com.br/tabloide/album/2015/11/08/competicao-em-nova-york-premia-melhores-barbas-e-bigodes.htm?abrefoto=7, skipping...
[ERROR - 2025-10-25 10:21:00,081 - Worker_4] Status code == 403 for http://noticias.uol.com.br/ultimas-noticias/agencia-estado/2015/11/08/nova-etapa-da-lava-jato-vai-responsabilizar-partidos.htm, skipping...
[ERROR - 2025-10-25 10:21:01,624 - Worker_0] Status code == 403 for http://noticias.uol.com.br/ultimas-noticias/agencia-estado/2015/11/08/investigacao-em-mariana-ainda-nao-inclui-visita-ao-local-de-desmoronamento.htm, skipping...
[ERROR - 2025-10-25 10:21:04,609 - Worker_4] Status code == 403 for http://noticias.uol.com.br/album/2015/11/08/imagens-da-semana.htm?abrefoto=25, skipping...
[ERROR - 2025-10-25 10:21:05,919 - Worker_0] Status code == 403 for http://uolesportevetv.blogosfera.uol.com.br/2015/11/08/paulo-andrade-narrador-nenhum-e-capaz-de-explicar-o-que-fez-neymar/, skipping...
[ERROR - 2025-10-25 10:21:14,649 - Worker_4] Failed to connect with http://natelinha.ne10.uol.com.br/celebridades/2015/11/08/anitta-fala-sobre-ser-exemplo-para-criancas-e-rebate-nao-sou-periguete-94004.php after 3 attempts, skipping...
[ERROR - 2025-10-25 10:21:15,183 - Worker_0] Status code == 403 for http://noticias.uol.com.br/midiaglobal/nytimes/2015/11/08/apesar-de-acordo-nuclear-reacao-contra-os-eua-ganha-forca-no-ira.htm, skipping...
[ERROR - 2025-10-25 10:21:19,443 - Worker_0] Status code == 403 for http://reginanavarro.blogosfera.uol.com.br/2015/11/03/amizade-com-amor/, skipping...
[ERROR - 2025-10-25 10:21:19,464 - Worker_3] Status code == 403 for http://blogdojuca.uol.com.br/2015/11/nao-tem-campeao-e-tem-vascao-em-ascensao/, skipping...
[ERROR - 2025-10-25 10:21:23,593 - Worker_0] Status code == 403 for http://nagradedomma.blogosfera.uol.com.br/2015/11/08/vitor-belfort-empata-e-supera-recordes-de-anderson-silva-no-ufc/, skipping...
[ERROR - 2025-10-25 10:21:32,306 - Worker_2] Status code == 403 for http://noticias.uol.com.br/internacional/ultimas-noticias/the-new-york-times/2015/11/09/construcoes-nazistas-em-nuremberg-se-deterioram-e-especialistas-debatem-seu-futuro.htm, skipping...
[ERROR - 2025-10-25 10:21:32,750 - Worker_1] Status code == 403 for http://noticias.uol.com.br/ultimas-noticias/agencia-estado/2015/11/09/delator-da-utc-liga-propina-a-ex-tesoureiro-de-lula.htm, skipping...
[ERROR - 2025-10-25 10:21:32,917 - Worker_0] Status code == 403 for http://noticias.uol.com.br/meio-ambiente/ultimas-noticias/redacao/2015/11/09/agua-ameaca-as-grandes-cidades-inclusive-com-aquecimento-limitado-a-2.htm, skipping...
[ERROR - 2025-10-25 10:21:36,110 - Worker_3] Status code == 403 for http://noticias.uol.com.br/ultimas-noticias/agencia-estado/2015/11/09/diretor-de-tv-de-al-repassou-r-1-mi-de-emprestimo-para-collor-diz-delator.htm, skipping...
[ERROR - 2025-10-25 10:21:36,467 - Worker_2] Status code == 403 for http://noticias.uol.com.br/internacional/ultimas-noticias/2015/11/09/brasileiro-pulou-de-navio-em-alto-mar-diz-policia-americana.htm, skipping...
[ERROR - 2025-10-25 10:21:36,914 - Worker_1] Status code == 403 for http://noticias.uol.com.br/ciencia/album/2015/11/04/veja-imagens-de-ciencia-do-mes-novembro2015.htm?abrefoto=7, skipping...
[ERROR - 2025-10-25 10:21:37,075 - Worker_0] Status code == 403 for http://noticias.uol.com.br/ciencia/album/2015/11/04/veja-imagens-de-ciencia-do-mes-novembro2015.htm?abrefoto=6, skipping...
[ERROR - 2025-10-25 10:21:40,621 - Worker_2] Status code == 403 for http://noticias.uol.com.br/cotidiano/ultimas-noticias/2015/11/09/justica-nega-liberdade-a-pms-que-forjaram-cena-de-crime-em-favela-no-rio.htm, skipping...
[ERROR - 2025-10-25 10:21:41,064 - Worker_1] Status code == 403 for http://noticias.uol.com.br/cotidiano/ultimas-noticias/2015/11/09/prefeito-de-mariana-mg-cobra-punicao-mas-e-contra-fechar-mineradora.htm, skipping...
[ERROR - 2025-10-25 10:21:47,481 - Worker_3] Status code == 403 for http://reginanavarro.blogosfera.uol.com.br/2015/11/09/o-homem-gosta-mais-de-sexo-do-que-a-mulher-por-que/, skipping...
[ERROR - 2025-10-25 10:21:50,660 - Worker_0] Status code == 403 for http://pvc.blogosfera.uol.com.br/2015/11/09/sao-paulo-demite-dorival-depois-de-sete-jogos-e-o-sao-paulo/, skipping...
[ERROR - 2025-10-25 10:21:54,844 - Worker_0] Status code == 403 for http://futebolemnumeros.blogosfera.uol.com.br/2015/11/09/palmeiras-tem-mais-derrotas-do-que-vitorias-em-brasileiros-desde-2012/, skipping...
[ERROR - 2025-10-25 10:21:54,919 - Worker_2] Status code == 403 for http://tecnologia.uol.com.br/noticias/redacao/2015/11/09/justica-condena-tim-a-pagar-r-50-mi-por-falhas-em-plano-pre-pago-no-ma.htm, skipping...
[ERROR - 2025-10-25 10:21:54,961 - Worker_1] Status code == 403 for http://noticias.uol.com.br/ultimas-noticias/bbc/2015/11/09/saiba-como-lei-portuguesa-pode-dar-cidadania-a-brasileiros-descendentes-de-judeus.htm, skipping...
[ERROR - 2025-10-25 10:21:59,062 - Worker_2] Status code == 403 for http://noticias.uol.com.br/cotidiano/ultimas-noticias/2015/11/09/mais-de-2500-funcionarios-da-samarco-entram-em-licenca-remunerada.htm, skipping...
[ERROR - 2025-10-25 10:21:59,089 - Worker_1] Status code == 403 for http://uolesportevetv.blogosfera.uol.com.br/2015/11/09/como-a-mudanca-no-comando-na-globo-vai-afetar-o-seu-time-financeiramente/, skipping...
[ERROR - 2025-10-25 10:22:02,481 - Worker_4] Status code == 403 for http://blogdoboleiro.blogosfera.uol.com.br/2015/11/09/entre-corinthians-e-santos-muricy-fica-os-meninos-da-vila-saiba-o-motivo/, skipping...
[ERROR - 2025-10-25 10:22:03,231 - Worker_2] Status code == 403 for http://noticias.uol.com.br/ultimas-noticias/agencia-estado/2015/11/09/tribunal-de-contas-do-df-condena-durval-barbosa-a-devolver-r-93-milhoes.htm, skipping...
[ERROR - 2025-10-25 10:22:03,288 - Worker_1] Status code == 403 for http://noticias.uol.com.br/cotidiano/ultimas-noticias/2015/11/09/carteiro-resolve-adotar-adolescente-que-roubou-seu-telefone-no-rio.htm, skipping...
[ERROR - 2025-10-25 10:22:07,672 - Worker_1] Status code == 403 for http://blogdosakamoto.blogosfera.uol.com.br/2015/11/09/mulheres-a-narrativa-deste-momento-de-insurgencia-tem-que-ser-nossa/, skipping...
[ERROR - 2025-10-25 10:22:07,679 - Worker_2] Status code == 403 for http://blogdobrito.blogosfera.uol.com.br/2015/11/09/bmf-bovespa-recebe-r-2-milhoes-da-caixa-para-clube-de-atletismo/, skipping...
[ERROR - 2025-10-25 10:22:30,364 - Worker_2] Status code == 404 for http://esporte.uol.com.br/f1/ultimas-noticias/2015/11/09/a-velocidade-do-felipe-massa-me-surpreendeu-reconhece-valtteri-bottas.htm, skipping...
[ERROR - 2025-10-25 10:22:34,607 - Worker_2] Status code == 403 for http://blogdomariomagalhaes.blogosfera.uol.com.br/2015/11/09/gol-de-neymar-teve-execucao-mais-complexa-que-o-de-pele-em-58-compare-os-2/, skipping...
[ERROR - 2025-10-25 10:22:34,708 - Worker_0] Status code == 403 for http://blogdojuca.uol.com.br/2015/11/doriva-o-breve/, skipping...
[ERROR - 2025-10-25 10:22:38,854 - Worker_2] Status code == 403 for http://educacao.uol.com.br/noticias/bbc/2015/11/09/arqueologia-pode-desmentir-a-biblia-as-inesperadas-questoes-de-oxford.htm, skipping...
[ERROR - 2025-10-25 10:22:46,421 - Worker_1] Status code == 403 for http://josecruz.blogosfera.uol.com.br/2015/11/a-crise-na-economia-e-o-cofre-aberto-para-a-elite-do-esporte/, skipping...
[ERROR - 2025-10-25 10:22:48,856 - Worker_0] Status code == 403 for http://nilsonxavier.blogosfera.uol.com.br/2015/11/09/totalmente-demais-estreia-com-roupagem-moderna-para-uma-historia-manjada/, skipping...
[ERROR - 2025-10-25 10:22:49,226 - Worker_4] Status code == 403 for http://noticias.uol.com.br/midiaglobal/nytimes/2015/11/09/europeus-ocidentais-sao-tao-intolerantes-quanto-europeus-orientais.htm, skipping...
[ERROR - 2025-10-25 10:22:50,475 - Worker_3] Status code == 403 for http://noticias.uol.com.br/ultimas-noticias/agencia-estado/2015/11/09/corte-no-bolsa-familia-afetaria-29-mi-de-beneficiarios-em-sp-diz-ministerio.htm, skipping...
[ERROR - 2025-10-25 10:22:50,583 - Worker_1] Status code == 403 for http://noticias.uol.com.br/meio-ambiente/ultimas-noticias/redacao/2015/11/09/temperatura-global-aumentara-1c-em-2015-em-comparacao-a-era-pre-industrial.htm, skipping...
[ERROR - 2025-10-25 10:22:54,705 - Worker_3] Status code == 403 for http://todosabordo.blogosfera.uol.com.br/2015/11/10/novo-projeto-de-aviao-supersonico-sonha-com-viagem-londresny-em-meia-hora/, skipping...
[ERROR - 2025-10-25 10:22:58,961 - Worker_3] Status code == 403 for http://uolesportevetv.blogosfera.uol.com.br/2015/11/09/em-editorial-galvao-sugere-retaliacao-da-cbf-ao-sportv-por-comentario/, skipping...
[ERROR - 2025-10-25 10:22:59,752 - Worker_1] Status code == 403 for http://noticias.uol.com.br/ultimas-noticias/bbc/2015/11/10/escalador-posta-video-de-subida-ilegal-e-sem-protecao-na-torre-eiffel.htm, skipping...
[ERROR - 2025-10-25 10:23:01,256 - Worker_4] Status code == 403 for http://noticias.uol.com.br/ultimas-noticias/bbc/2015/11/10/indonesia-planeja-usar-crocodilos-para-vigiar-traficantes-condenados-a-morte.htm, skipping...
[ERROR - 2025-10-25 10:23:10,278 - Worker_0] Status code == 403 for http://noticias.uol.com.br/album/album-do-dia/2015/11/10/imagens-do-dia---10-de-novembro-de-2015.htm?abrefoto=21, skipping...
[ERROR - 2025-10-25 10:23:13,765 - Worker_1] Status code == 403 for http://mauriciostycer.blogosfera.uol.com.br/2015/11/10/excesso-de-sexo-em-reality-show-criou-conflito-entre-direcao-e-patrocinador/, skipping...
[ERROR - 2025-10-25 10:23:14,983 - Worker_0] Status code == 403 for http://tecnologia.uol.com.br/noticias/afp/2015/11/10/deixar-de-usar-o-facebook-pode-aumentar-felicidade-aponta-estudo.htm, skipping...
[ERROR - 2025-10-25 10:23:32,282 - Worker_1] Status code == 403 for http://educacao.uol.com.br/noticias/2015/11/10/alunos-decidem-manter-ocupacao-da-escola-estadual-fernao-dias-em-sao-paulo.htm, skipping...
[ERROR - 2025-10-25 10:23:37,999 - Worker_0] Status code == 403 for http://noticias.uol.com.br/ultimas-noticias/agencia-estado/2015/11/10/cunha-diz-que-foi-a-africa-37-vezes-em-dois-anos-para-vender-mercadorias.htm, skipping...
[ERROR - 2025-10-25 10:23:46,975 - Worker_1] Status code == 403 for http://blogdobrito.blogosfera.uol.com.br/2015/11/10/romario-pede-quebra-de-sigilo-bancario-e-telefonico-da-ex-de-del-nero/, skipping...
[ERROR - 2025-10-25 10:23:48,747 - Worker_3] Failed to connect with http://natelinha.ne10.uol.com.br/espelhomeu/moda/2015/11/07/vindo-dos-anos-80-colete-jeans-volta-com-forca-no-proximo-verao-331.php after 3 attempts, skipping...
[ERROR - 2025-10-25 10:23:53,732 - Worker_1] Status code == 403 for http://uolesporte.blogosfera.uol.com.br/2015/11/07/cristiano-ronaldo-cantor-jogador-interpreta-rihanna-em-seu-filme/, skipping...
[ERROR - 2025-10-25 10:24:00,552 - Worker_1] Status code == 403 for http://reginanavarro.blogosfera.uol.com.br/2015/11/10/quem-gosta-mais-de-sexo-o-homem-ou-a-mulher/, skipping...
[ERROR - 2025-10-25 10:24:16,268 - Worker_4] Status code == 403 for http://nagradedomma.blogosfera.uol.com.br/2015/11/10/joana-diz-que-belfort-perde-milhoes-com-atual-acordo-do-ufc-e-apoia-9ine/, skipping...
[ERROR - 2025-10-25 10:24:25,456 - Worker_4] Status code == 403 for http://blogdomariomagalhaes.blogosfera.uol.com.br/2015/11/09/gol-de-neymar-teve-execucao-mais-complexa-que-o-de-pele-em-58-compare-os-2/, skipping...
[ERROR - 2025-10-25 10:24:36,406 - Worker_4] Status code == 403 for http://blogdoico.blogosfera.uol.com.br/2015/11/10/presenca-de-filho-de-schumacher-na-festa-da-mercedes-gera-polemica/, skipping...
[ERROR - 2025-10-25 10:24:39,695 - Worker_1] Status code == 403 for http://blogdomariomagalhaes.blogosfera.uol.com.br/2015/11/10/a-catalunha-quer-a-independencia-entao-eis-a-selecao-catala-para-2018/, skipping...
[ERROR - 2025-10-25 10:25:05,745 - Worker_3] Status code == 403 for http://noticias.uol.com.br/cotidiano/ultimas-noticias/2015/11/10/corpo-e-resgatado-pelos-bombeiros-e-numero-de-mortos-em-mg-sobre-para-seis.htm, skipping...
[ERROR - 2025-10-25 10:25:07,217 - Worker_0] Failed to connect with http://natelinha.ne10.uol.com.br/novelas/2015/11/10/dispensada-de-cumplices-atriz-desabafa-nunca-faltei-a-um-compromisso-94073.php after 3 attempts, skipping...
[ERROR - 2025-10-25 10:25:11,378 - Worker_0] Status code == 403 for http://noticias.uol.com.br/cotidiano/ultimas-noticias/2015/11/10/palmito-ilegal-e-cozido-na-mata-abastecia-industria-e-restaurantes-no-rs.htm, skipping...
[ERROR - 2025-10-25 10:25:25,773 - Worker_0] Status code == 403 for http://noticias.uol.com.br/album/2015/11/09/bichos-da-semana.htm?abrefoto=10, skipping...
[ERROR - 2025-10-25 10:25:29,909 - Worker_1] Status code == 403 for http://noticias.uol.com.br/midiaglobal/lemonde/2015/11/10/argelia-retoma-papel-de-lider-diplomatica-nas-crises-africanas.htm, skipping...
[ERROR - 2025-10-25 10:25:32,223 - Worker_0] Status code == 403 for http://noticias.uol.com.br/cotidiano/ultimas-noticias/2015/11/10/corpo-de-menina-de-5-anos-e-identificado-em-mariana-mortes-chegam-a-4.htm, skipping...
[ERROR - 2025-10-25 10:25:34,978 - Worker_1] Status code == 404 for http://esporte.uol.com.br/f1/ultimas-noticias/2015/11/11/meta-para-hamilton-e-tradicao-de-gps-caoticos-o-que-esperar-do-gp-brasil.htm, skipping...
[ERROR - 2025-10-25 10:25:36,656 - Worker_0] Status code == 403 for http://fernandorodrigues.blogosfera.uol.com.br/2015/11/11/leis-brasileiras-facilitam-evasao-e-lavagem-diz-estudo/, skipping...
[ERROR - 2025-10-25 10:25:49,284 - Worker_3] Status code == 403 for http://noticias.uol.com.br/saude/ultimas-noticias/redacao/2015/11/11/ministerio-declara-situacao-de-emergencia-em-casos-de-microcefalia-em-pe.htm, skipping...
[ERROR - 2025-10-25 10:25:52,189 - Worker_1] Status code == 403 for http://noticias.uol.com.br/saude/ultimas-noticias/redacao/2015/11/11/tj-cassa-liminares-que-obrigavam-a-usp-a-fornecer-capsulas-contra-cancer.htm, skipping...
[ERROR - 2025-10-25 10:25:52,600 - Worker_0] Status code == 403 for http://noticias.uol.com.br/ultimas-noticias/ansa/2015/11/11/com-apenas-26-anos-morre-homem-mais-alto-do-mundo.htm, skipping...
[ERROR - 2025-10-25 10:25:53,469 - Worker_3] Status code == 403 for http://noticias.uol.com.br/midiaglobal/nytimes/2015/11/11/suspeito-de-atentado-braco-egipcio-do-ei-pode-deixar-grupo-exposto-a-revide.htm#fotoNav=17, skipping...
[ERROR - 2025-10-25 10:26:02,728 - Worker_3] Status code == 404 for http://futebol.placar.esporte.uol.com.br/futebol/amistosos-da-selecao-olimpica/2015/11/11/brasil-sub-23-x-estados-unidos.htm, skipping...
[ERROR - 2025-10-25 10:26:04,147 - Worker_0] Status code == 403 for http://colunaesplanada.blogosfera.uol.com.br/2015/11/11/dilma-visitara-mariana-gv-e-colatina-e-endurecera-discurso/, skipping...
[ERROR - 2025-10-25 10:26:06,514 - Worker_4] Status code == 403 for http://noticias.uol.com.br/cotidiano/ultimas-noticias/2015/11/11/mesmo-com-delacao-ultimo-reu-de-chacina-de-unai-pega-47-anos-de-prisao.htm, skipping...
[ERROR - 2025-10-25 10:26:06,882 - Worker_3] Status code == 403 for http://noticias.uol.com.br/ultimas-noticias/efe/2015/11/10/papagaio-vira-heroi-ao-salvar-moradores-de-incendio-na-costa-rica.htm, skipping...
[ERROR - 2025-10-25 10:26:13,157 - Worker_4] Status code == 403 for http://uolesportevetv.blogosfera.uol.com.br/2015/11/11/sportv-e-galvao-adotam-dois-pesos-e-duas-medidas-diante-de-pressao-da-cbf/, skipping...
[ERROR - 2025-10-25 10:26:17,458 - Worker_4] Status code == 403 for http://rodrigomattos.blogosfera.uol.com.br/2015/11/11/apos-pedido-de-romario-cpi-do-futebol-e-prorrogada-ate-julho-de-2016/, skipping...
[ERROR - 2025-10-25 10:26:17,542 - Worker_0] Status code == 403 for http://educacao.uol.com.br/noticias/agencia-estado/2015/11/11/governo-do-estado-pede-reintegracao-de-escola-invadida-em-sp.htm, skipping...
[ERROR - 2025-10-25 10:26:21,691 - Worker_4] Status code == 403 for http://pvc.blogosfera.uol.com.br/2015/11/11/o-botafogo-como-nos-tempos-de-mane-garrincha/, skipping...
[ERROR - 2025-10-25 10:26:21,769 - Worker_0] Status code == 403 for http://blogdomariomagalhaes.blogosfera.uol.com.br/2015/11/11/volta-a-primeirona-tem-que-ser-em-campo-nao-no-tapetao-bravo-botafogo/, skipping...
[ERROR - 2025-10-25 10:26:25,872 - Worker_4] Status code == 403 for http://noticias.uol.com.br/ultimas-noticias/the-international-new-york-times/2015/11/11/opiniao-rede-globo-a-tv-irrealidade-que-ilude-o-brasil.htm, skipping...
[ERROR - 2025-10-25 10:26:26,019 - Worker_0] Status code == 403 for http://balanacesta.blogosfera.uol.com.br/2015/11/11/o-eterno-silencio-ensurdecedor-da-comunidade-do-basquete/, skipping...
[ERROR - 2025-10-25 10:26:29,885 - Worker_2] Status code == 403 for http://noticias.uol.com.br/saude/ultimas-noticias/redacao/2015/11/11/cinco-familiares-de-paciente-com-suspeita-de-ebola-sao-monitorados-em-bh.htm, skipping...
[ERROR - 2025-10-25 10:26:30,291 - Worker_0] Status code == 403 for http://mauriciostycer.blogosfera.uol.com.br/2015/11/10/na-abertura-do-mar-vermelho-os-dez-mandamentos-chega-a-31-pontos/, skipping...
[ERROR - 2025-10-25 10:26:36,414 - Worker_2] Status code == 403 for http://noticias.uol.com.br/album/2015/11/05/barragem-rompe-em-mariana-mg.htm?abrefoto=115, skipping...
[ERROR - 2025-10-25 10:26:41,817 - Worker_0] Status code == 403 for http://blogdoperrone.blogosfera.uol.com.br/2015/11/rivais-tentam-diminuir-vantagem-de-corinthians-e-fla-tambem-no-pay-per-view/, skipping...
[ERROR - 2025-10-25 10:26:45,967 - Worker_0] Status code == 403 for http://noticias.uol.com.br/cotidiano/ultimas-noticias/2015/11/11/aviao-do-bradesco-com-4-pessoas-a-bordo-cai-em-mg.htm, skipping...
[ERROR - 2025-10-25 10:26:50,128 - Worker_0] Status code == 403 for http://noticias.uol.com.br/cotidiano/ultimas-noticias/2015/11/11/imagens-de-satelite-mostram-destruicao-apos-lama-invadir-bento-rodrigues.htm, skipping...
[ERROR - 2025-10-25 10:26:50,632 - Worker_3] Status code == 404 for http://revistacult.uol.com.br/home/2015/11/simone-por-sylvie/, skipping...
[ERROR - 2025-10-25 10:26:56,666 - Worker_0] Status code == 403 for http://noticias.uol.com.br/internacional/ultimas-noticias/el-pais/2015/11/11/quando-regeneravamos-as-patas-como-as-salamandras.htm, skipping...
[ERROR - 2025-10-25 10:26:57,201 - Worker_3] Status code == 403 for http://noticias.uol.com.br/politica/ultimas-noticias/2015/11/11/juiz-da-20-dias-para-governador-do-pr-explicar-fim-de-semana-em-paris.htm, skipping...
[ERROR - 2025-10-25 10:26:59,210 - Worker_4] Status code == 403 for http://noticias.uol.com.br/saude/ultimas-noticias/redacao/2015/11/10/conheca-os-alimentos-que-ajudam-no-combate-a-ansiedade.htm, skipping...
[ERROR - 2025-10-25 10:27:06,262 - Worker_0] Status code == 403 for http://noticias.uol.com.br/album/album-do-dia/2015/11/12/imagens-do-dia---12-de-novembro-de-2015.htm?abrefoto=6, skipping...
[ERROR - 2025-10-25 10:27:08,060 - Worker_4] Status code == 403 for http://uolesporte.blogosfera.uol.com.br/2015/11/12/hamilton-mostra-capacete-que-usara-no-gp-brasil-com-homenagem-a-senna/, skipping...
[ERROR - 2025-10-25 10:27:10,471 - Worker_0] Status code == 403 for http://educacao.uol.com.br/noticias/2015/11/12/sp-200-mulheres-contra-cunha-vao-ate-escola-ocupada-de-sp.htm, skipping...
[ERROR - 2025-10-25 10:27:13,958 - Worker_1] Status code == 403 for http://noticias.uol.com.br/ultimas-noticias/agencia-estado/2015/11/12/mansao-do-ex-juiz-nicolau-dos-santos-neto-fica-no-paraiso-diz-comprador.htm, skipping...
[ERROR - 2025-10-25 10:27:14,630 - Worker_0] Status code == 403 for http://noticias.uol.com.br/cotidiano/ultimas-noticias/2015/11/12/homem-com-facao-e-baleado-por-pm-em-itu-sp.htm, skipping...
[ERROR - 2025-10-25 10:27:17,550 - Worker_4] Status code == 403 for http://blogdobaldini.blogosfera.uol.com.br/2015/11/12/nova-arena-de-las-vegas-tem-data-reservada-para-retorno-de-floyd-mayweather/, skipping...
[ERROR - 2025-10-25 10:27:21,246 - Worker_0] Status code == 403 for http://maesdepeito.blogosfera.uol.com.br/2015/11/12/fotografo-registra-maes-amamentando-filhos-com-mais-de-2-anos/, skipping...
[ERROR - 2025-10-25 10:27:21,704 - Worker_4] Status code == 403 for http://noticias.uol.com.br/ultimas-noticias/ansa/2015/11/11/com-apenas-26-anos-morre-homem-mais-alto-do-mundo.htm, skipping...
[ERROR - 2025-10-25 10:27:25,449 - Worker_1] Status code == 403 for http://noticias.uol.com.br/ultimas-noticias/agencia-estado/2015/11/12/comissao-aprova-ldo-de-2016-sem-abatimento-do-pac-da-meta-fiscal.htm, skipping...
[ERROR - 2025-10-25 10:27:31,827 - Worker_4] Failed to connect with http://natelinha.ne10.uol.com.br/noticias/2015/11/12/cantor-sertanejo-presta-esclarecimentos-a-policia-por-placa-adulterada-94137.php after 3 attempts, skipping...
[ERROR - 2025-10-25 10:27:34,712 - Worker_0] Status code == 404 for http://futebol.placar.esporte.uol.com.br/futebol/eliminatoria-sul-americana/2015/11/12/chile-x-colombia.htm, skipping...
[ERROR - 2025-10-25 10:27:36,453 - Worker_4] Status code == 404 for http://esporte.uol.com.br/f1/ultimas-noticias/2015/11/12/em-busca-de-6-podio-no-brasil-massa-avalia-faltou-dinheiro-na-williams.htm, skipping...
[ERROR - 2025-10-25 10:27:38,874 - Worker_0] Status code == 403 for http://noticias.uol.com.br/cotidiano/ultimas-noticias/2015/11/12/incendio-destroi-40-cisternas-de-plastico-do-governo-federal-no-piaui.htm, skipping...
[ERROR - 2025-10-25 10:27:40,612 - Worker_4] Status code == 403 for http://noticias.uol.com.br/cotidiano/ultimas-noticias/2015/11/12/dilma-anuncia-multa-inicial-de-r-250-mi-a-mineradora-samarco.htm, skipping...
[ERROR - 2025-10-25 10:27:55,042 - Worker_4] Status code == 403 for http://blogdobrito.blogosfera.uol.com.br/2015/11/12/a-historia-do-atleta-que-tomou-veneno-para-ser-campeao-olimpico-e-foi/, skipping...
[ERROR - 2025-10-25 10:28:04,510 - Worker_3] Status code == 403 for http://noticias.uol.com.br/midiaglobal/lemonde/2015/11/12/com-fundo-de-us-20-milhoes-padre-americano-vira-investidor-ativista.htm, skipping...
[ERROR - 2025-10-25 10:28:22,314 - Worker_3] Status code == 403 for http://noticias.uol.com.br/ultimas-noticias/reuters/2015/11/12/maduro-condena-ataques-imperialistas-apos-prisao-de-familiares-por-trafico-de-drogas.htm, skipping...
[ERROR - 2025-10-25 10:28:29,157 - Worker_3] Status code == 403 for http://blogdosakamoto.blogosfera.uol.com.br/2015/11/12/belo-monte-queima-madeira-legal-e-aquece-mercado-ilegal/, skipping...
[ERROR - 2025-10-25 10:28:43,068 - Worker_4] Status code == 404 for http://esporte.uol.com.br/f1/ultimas-noticias/2015/11/12/reforma-de-interlagos-e-aprovada-mas-falta-de-acabamento-causa-estranheza.htm, skipping...
[ERROR - 2025-10-25 10:28:58,371 - Worker_0] Status code == 502 for http://blog.jovempan.uol.com.br/radioatividade/2015/11/12/o-dinheiro-e-publico-mas-o-filme-e-meu-diz-guilherme-fontes-diretor-de-chato-o-rei-do-brasil/, skipping...
[ERROR - 2025-10-25 10:29:01,946 - Worker_4] Status code == 403 for http://noticias.uol.com.br/album/album-do-dia/2015/11/12/imagens-do-dia---12-de-novembro-de-2015.htm?abrefoto=7, skipping...
[ERROR - 2025-10-25 10:29:11,708 - Worker_2] Status code == 403 for http://blogdoboleiro.blogosfera.uol.com.br/2015/11/12/arena-do-palmeiras-comemora-um-ano-e-construtora-exibe-numeros-positivos/, skipping...
[ERROR - 2025-10-25 10:29:18,309 - Worker_2] Status code == 403 for http://blogdomenon.blogosfera.uol.com.br/2015/11/12/a-amarelinha-assombra-a-america/, skipping...
[ERROR - 2025-10-25 10:29:24,929 - Worker_2] Status code == 403 for http://balanacesta.blogosfera.uol.com.br/2015/11/13/invicto-warriors-mira-recorde-de-vitorias-do-bulls-de-jordan-e-possivel/, skipping...
[ERROR - 2025-10-25 10:29:48,189 - Worker_0] Status code == 403 for http://rodrigomattos.blogosfera.uol.com.br/2015/11/13/arena-corinthians-tem-prejuizo-de-r-124-mi-desde-a-inauguracao/, skipping...
[ERROR - 2025-10-25 10:29:49,539 - Worker_4] Status code == 404 for http://futebol.placar.esporte.uol.com.br/futebol/eliminatoria-sul-americana/2015/11/13/argentina-x-brasil.htm, skipping...
[ERROR - 2025-10-25 10:29:52,384 - Worker_0] Status code == 403 for http://noticias.uol.com.br/ultimas-noticias/bbc/2015/11/13/ha-sangue-por-todos-os-lados-testemunhas-relatam-noite-de-terror-em-paris.htm, skipping...
[ERROR - 2025-10-25 10:29:58,313 - Worker_4] Status code == 403 for http://blogdojuliogomes.blogosfera.uol.com.br/2015/11/12/otimo-inicio-de-equador-e-chile-joga-pressao-inedita-sobre-potencias/, skipping...
[ERROR - 2025-10-25 10:30:01,506 - Worker_0] Status code == 403 for http://mauriciostycer.blogosfera.uol.com.br/2015/11/13/ratinho-abre-o-mar-vermelho-mas-audiencia-prefere-a-record/, skipping...
[ERROR - 2025-10-25 10:30:05,061 - Worker_4] Status code == 403 for http://noticias.uol.com.br/midiaglobal/elpais/2015/11/13/radio-marti-quer-virar-a-pagina-do-anticastrismo.htm, skipping...
[ERROR - 2025-10-25 10:30:09,226 - Worker_4] Status code == 403 for http://noticias.uol.com.br/ultimas-noticias/the-international-new-york-times/2015/11/13/opiniao-por-que-falharam-as-revolucoes-do-twitter.htm, skipping...
[ERROR - 2025-10-25 10:30:20,573 - Worker_4] Status code == 403 for http://blogdosakamoto.blogosfera.uol.com.br/2015/11/12/belo-monte-queima-madeira-legal-e-aquece-mercado-ilegal/, skipping...
[ERROR - 2025-10-25 10:30:21,101 - Worker_2] Status code == 403 for http://noticias.uol.com.br/cotidiano/ultimas-noticias/2015/11/13/mega-sena-sorteio-1760.htm, skipping...
[ERROR - 2025-10-25 10:30:23,561 - Worker_0] Status code == 404 for http://esporte.uol.com.br/f1/ultimas-noticias/2015/11/13/mesmo-surpreso-com-carro-nasr-mantem-os-pes-no-chao-para-estreia-em-casa.htm, skipping...
[ERROR - 2025-10-25 10:30:26,116 - Worker_2] Status code == 404 for http://esporte.uol.com.br/f1/ultimas-noticias/2015/11/13/massa-sofre-com-carro-e-nao-comeca-bem-treinos-do-gp-do-brasil.htm, skipping...
[ERROR - 2025-10-25 10:30:27,740 - Worker_0] Status code == 403 for http://noticias.uol.com.br/internacional/ultimas-noticias/2015/11/13/dilma-expressa-repudio-a-barbarie-terrorista-apos-ataques-em-paris.htm, skipping...
[ERROR - 2025-10-25 10:30:30,505 - Worker_3] Status code == 403 for http://economia.uol.com.br/empregos-e-carreiras/noticias/redacao/2015/11/13/lingerie-maconha-e-porno-ja-deram-demissao-por-justa-causa-veja-processos.htm, skipping...
[ERROR - 2025-10-25 10:30:31,550 - Worker_4] Status code == 403 for http://noticias.uol.com.br/cotidiano/ultimas-noticias/2015/11/13/juiz-de-mariana-bloqueia-r-300-milhoes-da-samarco.htm, skipping...
[ERROR - 2025-10-25 10:30:31,890 - Worker_0] Status code == 403 for http://noticias.uol.com.br/internacional/ultimas-noticias/2015/11/13/obama-chama-ataques-em-paris-de-ultrajantes-e-oferece-assistencia-a-franca.htm, skipping...
[ERROR - 2025-10-25 10:30:34,769 - Worker_3] Status code == 403 for http://nagradedomma.blogosfera.uol.com.br/2015/11/13/garota-problema-e-mae-solteira-conheca-a-desafiante-que-furou-a-fila-no-ufc/, skipping...
[ERROR - 2025-10-25 10:30:36,198 - Worker_0] Status code == 403 for http://educacao.uol.com.br/noticias/2015/11/13/justica-suspende-reintegracao-de-posse-de-escolas-ocupadas.htm, skipping...
[ERROR - 2025-10-25 10:30:36,502 - Worker_2] Status code == 403 for http://danielcara.blogosfera.uol.com.br/2015/11/13/pnad-2014-o-brasil-nao-deve-cumprir-metas-do-pne/, skipping...
[ERROR - 2025-10-25 10:30:40,357 - Worker_0] Status code == 403 for http://educacao.uol.com.br/noticias/2015/11/13/preconceito-afasta-transexuais-do-ambiente-escolar.htm, skipping...
[ERROR - 2025-10-25 10:30:40,722 - Worker_2] Status code == 403 for http://josecruz.blogosfera.uol.com.br/2015/11/brasil-renova-na-unesco-carta-de-educacao-fisica-que-nao-aplica-aqui/, skipping...
[ERROR - 2025-10-25 10:30:44,379 - Worker_3] Status code == 404 for http://esporte.uol.com.br/f1/ultimas-noticias/2015/11/14/pole-do-grande-premio-do-brasil.htm, skipping...
[ERROR - 2025-10-25 10:30:44,538 - Worker_0] Status code == 403 for http://mauriciostycer.blogosfera.uol.com.br/2015/11/14/em-cobertura-improvisada-mesmo-cientista-politico-fala-em-quatro-programas/, skipping...
[ERROR - 2025-10-25 10:30:48,634 - Worker_3] Status code == 403 for http://noticias.uol.com.br/ultimas-noticias/agencia-estado/2015/11/14/dilma-diz-acompanhar-recuperacao-de-brasileiros-feridos-em-atentado-em-paris.htm, skipping...
[ERROR - 2025-10-25 10:30:50,321 - Worker_4] Status code == 403 for http://noticias.uol.com.br/ultimas-noticias/afp/2015/11/14/belgica-abre-investigacao-antiterrorista-vinculada-a-atentados-de-paris.htm, skipping...
[ERROR - 2025-10-25 10:30:51,350 - Worker_0] Status code == 403 for http://uolesporte.blogosfera.uol.com.br/2015/11/14/ta-bombando-idade-de-jogador-do-milan-causa-alvoroco-nas-redes-sociais/, skipping...
[ERROR - 2025-10-25 10:30:51,699 - Worker_2] Status code == 403 for http://noticias.uol.com.br/album/album-do-dia/2015/11/14/imagens-do-dia---14-de-novembro-de-2015.htm?abrefoto=4, skipping...
[ERROR - 2025-10-25 10:30:54,490 - Worker_4] Status code == 403 for http://noticias.uol.com.br/ultimas-noticias/agencia-estado/2015/11/14/embaixada-da-franca-fara-vigilia-em-quatro-capitais-brasileiras-neste-domingo.htm, skipping...
[ERROR - 2025-10-25 10:30:55,507 - Worker_0] Status code == 403 for http://noticias.uol.com.br/internacional/ultimas-noticias/2015/11/14/mortos-e-feridos-nos-ataques-em-paris.htm, skipping...
[ERROR - 2025-10-25 10:30:57,336 - Worker_3] Status code == 403 for http://noticias.uol.com.br/cotidiano/ultimas-noticias/2015/11/14/moradores-reclamam-do-mau-cheiro-do-rio-e-improvisam-com-falta-de-agua.htm, skipping...
[ERROR - 2025-10-25 10:31:01,504 - Worker_3] Status code == 403 for http://noticias.uol.com.br/ciencia/album/2015/11/04/veja-imagens-de-ciencia-do-mes-novembro2015.htm?abrefoto=14, skipping...
[ERROR - 2025-10-25 10:31:02,346 - Worker_0] Status code == 403 for http://noticias.uol.com.br/internacional/ultimas-noticias/2015/11/14/estado-islamico-assume-autoria-de-atentados-na-franca.htm, skipping...
[ERROR - 2025-10-25 10:31:02,608 - Worker_2] Status code == 403 for http://noticias.uol.com.br/ultimas-noticias/bbc/2015/11/14/fui-salvo-por-celular-diz-testemunha-de-atentado-em-paris.htm, skipping...
[ERROR - 2025-10-25 10:31:06,752 - Worker_2] Status code == 403 for http://noticias.uol.com.br/internacional/ultimas-noticias/2015/11/14/hollande-culpa-estado-islamico-por-atentados-e-promete-resposta-implacavel.htm, skipping...
[ERROR - 2025-10-25 10:31:06,766 - Worker_0] Status code == 403 for http://noticias.uol.com.br/ultimas-noticias/reuters/2015/11/14/promotor-de-paris-diz-que-agressores-podem-ter-atuado-em-tres-grupos-coordenados.htm, skipping...
[ERROR - 2025-10-25 10:31:10,916 - Worker_0] Status code == 403 for http://noticias.uol.com.br/album/album-do-dia/2015/11/14/imagens-do-dia---14-de-novembro-de-2015.htm?abrefoto=9, skipping...
[ERROR - 2025-10-25 10:31:10,967 - Worker_4] Status code == 403 for http://blogdosakamoto.blogosfera.uol.com.br/2015/11/14/massacre-em-paris-o-milagre-da-paz-diante-do-convite-a-barbarie/, skipping...
[ERROR - 2025-10-25 10:31:11,094 - Worker_2] Status code == 403 for http://nagradedomma.blogosfera.uol.com.br/2015/11/14/por-recorde-ronda-tem-seu-primeiro-teste-como-estrela-maxima-do-ufc/, skipping...
[ERROR - 2025-10-25 10:31:15,420 - Worker_2] Status code == 403 for http://josiasdesouza.blogosfera.uol.com.br/2015/11/14/terror-inquieta-pela-nocao-de-que-nao-vai-parar/, skipping...
[ERROR - 2025-10-25 10:31:17,741 - Worker_0] Status code == 404 for http://esporte.uol.com.br/f1/ultimas-noticias/2015/11/14/nasr-perde-tres-posicoes-apos-atrapalhar-felipe-massa.htm, skipping...
[ERROR - 2025-10-25 10:31:23,848 - Worker_4] Status code == 403 for http://noticias.uol.com.br/meio-ambiente/ultimas-noticias/redacao/2015/11/14/crise-hidrica-no-rio-doce-pode-piorar-devido-a-enxurrada-de-lama.htm, skipping...
[ERROR - 2025-10-25 10:31:24,214 - Worker_2] Status code == 403 for http://noticias.uol.com.br/blogs-e-colunas/coluna/luiz-felipe-alencastro/2015/11/14/ataques-a-paris-trazem-de-volta-inquietacao-com-acoes-jihadistas.htm, skipping...
[ERROR - 2025-10-25 10:31:26,608 - Worker_0] Status code == 403 for http://blogdoavallone.blogosfera.uol.com.br/2015/11/14/na-selecao-com-neymar-apagado-empate-ficou-de-bom-tamanho/, skipping...
[ERROR - 2025-10-25 10:31:27,626 - Worker_3] Failed to connect with http://natelinha.ne10.uol.com.br/colunas/2015/11/14/cobertura-de-atentado-em-paris-e-a-mais-nova-decepcao-do-jornal-nacional-94184.php after 3 attempts, skipping...
[ERROR - 2025-10-25 10:31:28,049 - Worker_4] Status code == 403 for http://blogdosakamoto.blogosfera.uol.com.br/2015/11/12/belo-monte-queima-madeira-legal-e-aquece-mercado-ilegal/, skipping...
[ERROR - 2025-10-25 10:31:28,724 - Worker_2] Status code == 404 for http://cenapop.virgula.uol.com.br/2015/11/13/99446-grazi-massafera-posa-linda-para-grife-de-lingeries/, skipping...
[ERROR - 2025-10-25 10:31:31,841 - Worker_3] Status code == 403 for http://balanacesta.blogosfera.uol.com.br/2015/11/14/podcast-bnc-as-primeiras-impressoes-da-nba/, skipping...
[ERROR - 2025-10-25 10:31:32,914 - Worker_2] Status code == 403 for http://noticias.uol.com.br/ultimas-noticias/efe/2015/11/14/assad-culpa-politica-francesa-no-oriente-medio-de-expandir-o-terrorismo.htm, skipping...
[ERROR - 2025-10-25 10:31:37,059 - Worker_2] Status code == 403 for http://noticias.uol.com.br/ultimas-noticias/bbc/2015/11/14/gabriel-estava-com-a-pele-queimada-pelos-tiros-brasileiros-relatam-ataque-em-restaurante.htm, skipping...
[ERROR - 2025-10-25 10:31:39,308 - Worker_4] Status code == 403 for http://noticias.uol.com.br/ultimas-noticias/reuters/2015/11/14/franca-mantera-cupula-climatica-da-onu-com-seguranca-reforcada.htm, skipping...
[ERROR - 2025-10-25 10:31:40,613 - Worker_3] Status code == 403 for http://noticias.uol.com.br/midiaglobal/elpais/2015/11/14/trabalhadores-honestos-e-gordos-e-assim-que-os-mexicanos-se-veem.htm, skipping...
[ERROR - 2025-10-25 10:31:41,231 - Worker_2] Status code == 403 for http://noticias.uol.com.br/ultimas-noticias/afp/2015/11/14/ataque-americano-mata-lider-do-grupo-estado-islamico-na-libia.htm, skipping...
[ERROR - 2025-10-25 10:31:41,588 - Worker_0] Status code == 404 for http://esporte.uol.com.br/f1/ultimas-noticias/2015/11/14/alonso-curte-sol-em-interlagos-apos-abandonar-treino.htm, skipping...
[ERROR - 2025-10-25 10:31:41,732 - Worker_1] Status code == 403 for http://noticias.uol.com.br/internacional/ultimas-noticias/2015/11/14/brasileiros-mudam-rotina-em-paris-apos-ataques-terroristas.htm, skipping...
[ERROR - 2025-10-25 10:31:43,805 - Worker_4] Status code == 403 for http://andrerocha.blogosfera.uol.com.br/2015/11/14/o-tempo-perdido-por-dunga-o-tempo-perdido-com-dunga/, skipping...
[ERROR - 2025-10-25 10:31:44,772 - Worker_3] Status code == 403 for http://noticias.uol.com.br/ultimas-noticias/bbc/2015/11/14/ataques-em-paris-brasileiro-teve-pulmao-atingido-mas-nao-tera-sequelas-diz-medico.htm, skipping...
[ERROR - 2025-10-25 10:31:45,386 - Worker_2] Status code == 403 for http://noticias.uol.com.br/cotidiano/ultimas-noticias/2015/11/13/vale-envia-agua-com-querosene-para-moradores-de-governador-valadares-mg.htm, skipping...
[ERROR - 2025-10-25 10:31:45,902 - Worker_1] Status code == 403 for http://noticias.uol.com.br/internacional/ultimas-noticias/2015/11/14/o-que-se-sabe-sobre-os-ataques-terroristas-em-paris.htm, skipping...
[ERROR - 2025-10-25 10:31:47,972 - Worker_4] Status code == 403 for http://noticias.uol.com.br/internacional/ultimas-noticias/2015/11/14/itamaraty-divulga-telefone-de-informacoes-para-brasileiros.htm, skipping...
[ERROR - 2025-10-25 10:31:48,128 - Worker_0] Status code == 403 for http://noticias.uol.com.br/internacional/ultimas-noticias/2015/11/14/saiba-as-nacionalidades-dos-mortos-nos-atentados-em-paris.htm, skipping...
[ERROR - 2025-10-25 10:31:48,915 - Worker_3] Status code == 403 for http://noticias.uol.com.br/opiniao/coluna/2015/11/13/tragedia-em-mariana-mostra-que-barragens-sao-bombas-armadas.htm, skipping...
[ERROR - 2025-10-25 10:31:49,540 - Worker_2] Status code == 403 for http://noticias.uol.com.br/album/2015/11/13/tiroteios-e-explosao-deixam-mortos-em-paris.htm?abrefoto=49, skipping...
[ERROR - 2025-10-25 10:31:52,133 - Worker_4] Status code == 403 for http://noticias.uol.com.br/ultimas-noticias/bbc/2015/11/14/por-que-novamente-em-paris.htm, skipping...
[ERROR - 2025-10-25 10:31:53,055 - Worker_3] Status code == 403 for http://noticias.uol.com.br/album/2015/11/14/charges-repercutem-ataques-terroristas-em-paris.htm?abrefoto=1, skipping...
[ERROR - 2025-10-25 10:31:53,899 - Worker_2] Status code == 403 for http://josiasdesouza.blogosfera.uol.com.br/2015/11/14/filho-de-lula-pede-providencias-contra-vazamento-de-depoimento-dado-a-pf/, skipping...
[ERROR - 2025-10-25 10:31:56,942 - Worker_0] Status code == 403 for http://noticias.uol.com.br/meio-ambiente/ultimas-noticias/redacao/2015/11/15/barreiras-poderiam-ter-evitado-que-lama-chegasse-ao-es.htm, skipping...
[ERROR - 2025-10-25 10:31:57,236 - Worker_3] Status code == 403 for http://noticias.uol.com.br/internacional/ultimas-noticias/2015/11/15/franca-ataca-reduto-do-estado-islamico-na-siria.htm, skipping...
[ERROR - 2025-10-25 10:31:58,511 - Worker_2] Status code == 403 for http://mauriciostycer.blogosfera.uol.com.br/2015/11/14/na-vespera-da-demissao-rezende-criticou-ma-vontade-da-midia-com-governo/, skipping...
[ERROR - 2025-10-25 10:32:06,188 - Worker_0] Status code == 403 for http://noticias.uol.com.br/internacional/ultimas-noticias/2015/11/15/tres-suspeitos-de-ataques-sao-identificados-diz-post.htm, skipping...
[ERROR - 2025-10-25 10:32:10,343 - Worker_0] Status code == 403 for http://noticias.uol.com.br/ao-vivo/2015/11/14/atentados-em-paris.htm, skipping...
[ERROR - 2025-10-25 10:32:13,558 - Worker_3] Status code == 403 for http://noticias.uol.com.br/ultimas-noticias/bbc/2015/11/15/indios-fecham-ferrovia-da-vale-em-mg-em-protesto-contra-morte-de-rio-sagrado.htm, skipping...
[ERROR - 2025-10-25 10:32:25,615 - Worker_3] Status code == 403 for http://nagradedomma.blogosfera.uol.com.br/2015/11/15/ronda-previu-exatamente-como-seria-sua-derrota-video-ja-virou-meme/, skipping...
[ERROR - 2025-10-25 10:32:29,998 - Worker_2] Status code == 403 for http://blogdorafaelreis.blogosfera.uol.com.br/2015/11/15/quando-neymar-sera-escolhido-o-melhor-do-mundo/, skipping...
[ERROR - 2025-10-25 10:32:31,088 - Worker_4] Status code == 403 for http://josecruz.blogosfera.uol.com.br/2015/11/pesquisadores-lancam-livro-sobre-politicas-de-esporte-nos-anos-lula-e-dilma/, skipping...
[ERROR - 2025-10-25 10:32:35,891 - Worker_3] Status code == 404 for http://entretenimento.band.uol.com.br/paniconaband/2015/aovivo.asp, skipping...
[ERROR - 2025-10-25 10:32:40,239 - Worker_4] Status code == 403 for http://noticias.uol.com.br/midiaglobal/nytimes/2015/11/15/resort-egipcio-enfrenta-baixas-no-turismo-apos-queda-de-aviao-russo.htm, skipping...
[ERROR - 2025-10-25 10:32:45,975 - Worker_3] Failed to connect with http://natelinha.ne10.uol.com.br/colunas/2015/11/15/camila-rodrigues-sobre-dez-mandamentos-lagrimas-de-tensao-e-aprendizado-94186.php after 3 attempts, skipping...
[ERROR - 2025-10-25 10:32:55,391 - Worker_1] Status code == 403 for http://noticias.uol.com.br/ultimas-noticias/efe/2015/11/15/hollande-pedira-ampliacao-de-estado-de-emergencia-por-ate-3-meses.htm, skipping...
[ERROR - 2025-10-25 10:32:56,015 - Worker_3] Failed to connect with http://natelinha.ne10.uol.com.br/noticias/2015/11/15/ivete-sangalo-renova-com-o-gnt-e-seguira-apresentando-o-superbonita-94192.php after 3 attempts, skipping...
[ERROR - 2025-10-25 10:32:59,558 - Worker_1] Status code == 403 for http://noticias.uol.com.br/ultimas-noticias/agencia-estado/2015/11/15/so-15-de-barragens-com-risco-fizeram-plano-de-emergencia.htm, skipping...
[ERROR - 2025-10-25 10:33:08,376 - Worker_3] Status code == 404 for http://esporte.uol.com.br/f1/ultimas-noticias/2015/11/15/gp-brasil.htm, skipping...
[ERROR - 2025-10-25 10:33:08,681 - Worker_1] Status code == 403 for http://blogdoico.blogosfera.uol.com.br/2015/11/15/fernando-alonso-aprende-a-criticar-sem-atacar/, skipping...
[ERROR - 2025-10-25 10:33:12,916 - Worker_1] Status code == 403 for http://noticias.uol.com.br/ultimas-noticias/bbc/2015/11/15/dois-dias-apos-ataque-diversos-pais-ainda-procuram-filhos-em-hospitais-de-paris.htm, skipping...
[ERROR - 2025-10-25 10:33:17,173 - Worker_1] Status code == 403 for http://blogdosakamoto.blogosfera.uol.com.br/2015/11/15/o-rio-teria-a-coragem-de-eleger-prefeito-alguem-que-bateu-na-mulher/, skipping...
[ERROR - 2025-10-25 10:33:17,392 - Worker_3] Status code == 403 for http://uolesportevetv.blogosfera.uol.com.br/2015/11/15/record-vence-e-deixa-globo-pela-primeira-vez-em-2o-lugar-com-gp-do-brasil/, skipping...
[ERROR - 2025-10-25 10:33:21,903 - Worker_3] Status code == 403 for http://mauriciostycer.blogosfera.uol.com.br/2015/11/15/abracando-marcelo-adnet-fabio-porchat-sugere-volta-a-tv-aberta-em-2016/, skipping...
[ERROR - 2025-10-25 10:33:24,159 - Worker_4] Status code == 403 for http://blogdojuca.uol.com.br/2015/11/pato-dara-o-titulo-para-o-corinthians/, skipping...
[ERROR - 2025-10-25 10:33:25,190 - Worker_0] Status code == 403 for http://nagradedomma.blogosfera.uol.com.br/2015/11/15/por-que-e-como-ronda-rousey-foi-derrotada-e-um-viva-a-nova-campea/, skipping...
[ERROR - 2025-10-25 10:33:26,095 - Worker_3] Status code == 403 for http://noticias.uol.com.br/album/2015/11/13/tiroteios-e-explosao-deixam-mortos-em-paris.htm?abrefoto=69, skipping...
[ERROR - 2025-10-25 10:33:30,277 - Worker_3] Status code == 403 for http://noticias.uol.com.br/ultimas-noticias/bbc/2015/11/15/brasileiros-atingidos-por-tiros-em-paris-serviram-de-escudo-para-o-resto-do-grupo.htm, skipping...
[ERROR - 2025-10-25 10:33:34,509 - Worker_3] Status code == 403 for http://uolesporte.blogosfera.uol.com.br/2015/11/15/ronaldinho-nao-perdoa-dribla-ate-quem-so-esta-em-campo-para-ser-gandula/, skipping...
[ERROR - 2025-10-25 10:33:37,733 - Worker_0] Status code == 403 for http://colunaesplanada.blogosfera.uol.com.br/2015/11/15/gramado-do-congresso-se-transforma-em-comunidade-alternativa/, skipping...
[ERROR - 2025-10-25 10:33:39,327 - Worker_3] Status code == 403 for http://noticias.uol.com.br/album/album-do-dia/2015/11/15/imagens-do-dia---15-de-novembro-de-2015.htm?abrefoto=23, skipping...
[ERROR - 2025-10-25 10:33:46,231 - Worker_2] Status code == 404 for http://mulher.uol.com.br/beleza/album/2015/11/07/lancamentos-de-novembro-veja-as-novidades-para-os-cuidados-de-beleza.htm, skipping...
[ERROR - 2025-10-25 10:33:48,922 - Worker_3] Status code == 403 for http://noticias.uol.com.br/internacional/ultimas-noticias/the-new-york-times/2015/11/15/setenta-anos-depois-norte-americano-reencontra-hungaras-que-ajudou-a-salvar.htm, skipping...
[ERROR - 2025-10-25 10:33:50,483 - Worker_2] Status code == 403 for http://fernandorodrigues.blogosfera.uol.com.br/2015/11/15/ataques-na-franca-aceleram-votacao-de-lei-sobre-terrorismo-na-camara/, skipping...
[ERROR - 2025-10-25 10:33:53,067 - Worker_3] Status code == 403 for http://noticias.uol.com.br/ultimas-noticias/bbc/2015/11/15/muculmano-salvou-duas-mulheres-de-ataques-em-paris.htm, skipping...
[ERROR - 2025-10-25 10:33:54,637 - Worker_2] Status code == 403 for http://noticias.uol.com.br/cotidiano/ultimas-noticias/2015/11/14/mega-sena-sorteio-1761.htm, skipping...
[ERROR - 2025-10-25 10:33:58,795 - Worker_2] Status code == 403 for http://noticias.uol.com.br/cotidiano/ultimas-noticias/2015/11/15/mais-um-corpo-e-resgatado-em-distrito-de-mariana-mg.htm, skipping...
[ERROR - 2025-10-25 10:34:03,844 - Worker_2] Status code == 404 for http://esporte.uol.com.br/f1/ultimas-noticias/2015/11/15/massa-e-desclassificado-do-gp-do-brasil-por-irregularidade-nos-pneus.htm, skipping...
[ERROR - 2025-10-25 10:34:05,662 - Worker_4] Status code == 403 for http://noticias.uol.com.br/internacional/ultimas-noticias/2015/11/15/praca-da-republica-e-evacuada-apos-alarme-falso-de-bomba-em-paris.htm, skipping...
[ERROR - 2025-10-25 10:34:10,462 - Worker_2] Status code == 403 for http://noticias.uol.com.br/internacional/ultimas-noticias/2015/11/16/ataque-em-estadio-de-paris-poderia-ter-sido-o-pior-e-falha-de-terroristas-vira-misterio.htm, skipping...
[ERROR - 2025-10-25 10:34:12,146 - Worker_3] Status code == 403 for http://noticias.uol.com.br/cotidiano/ultimas-noticias/2015/11/16/mineradora-vai-pagar-no-minimo-r-1-bilhao-por-desastre.htm, skipping...
[ERROR - 2025-10-25 10:34:12,190 - Worker_4] Status code == 403 for http://uolesporte.blogosfera.uol.com.br/2015/11/16/lewandowski-ensina-promessa-do-bayern-a-fazer-gol-de-qualquer-jeito/, skipping...
[ERROR - 2025-10-25 10:34:16,378 - Worker_3] Status code == 403 for http://nagradedomma.blogosfera.uol.com.br/2015/11/16/video-flagra-ronda-desnorteada-e-pedindo-para-voltar-a-lutar-apos-nocaute/, skipping...
[ERROR - 2025-10-25 10:34:20,572 - Worker_3] Status code == 403 for http://noticias.uol.com.br/ultimas-noticias/efe/2015/11/16/hollande-pedira-que-obama-e-putin-criem-coalizao-unica-contra-ei.htm, skipping...
[ERROR - 2025-10-25 10:34:23,094 - Worker_2] Status code == 403 for http://nilsonxavier.blogosfera.uol.com.br/2015/11/16/a-praga-do-nao-planejamento-afeta-dez-mandamentos-como-afetou-pantanal/, skipping...
[ERROR - 2025-10-25 10:34:23,539 - Worker_4] Status code == 403 for http://noticias.uol.com.br/ultimas-noticias/agencia-estado/2015/11/16/propina-em-pasadena-poderia-chegar-a-us-100-milhoes-segundo-delator.htm, skipping...
[ERROR - 2025-10-25 10:34:24,732 - Worker_3] Status code == 403 for http://noticias.uol.com.br/politica/ultimas-noticias/2015/11/16/o-brasil-quer-uma-resposta-diz-relator-ao-justificar-parecer-sobre-cunha.htm, skipping...
[ERROR - 2025-10-25 10:34:28,879 - Worker_3] Status code == 403 for http://noticias.uol.com.br/ao-vivo/2015/11/14/atentados-em-paris.htm, skipping...
[ERROR - 2025-10-25 10:34:29,592 - Worker_1] Status code == 403 for http://noticias.uol.com.br/internacional/ultimas-noticias/2015/11/16/irmao-de-terroristas-diz-que-familia-desconhecia-radicalizacao-e-ficou-chocada.htm, skipping...
[ERROR - 2025-10-25 10:34:33,791 - Worker_1] Status code == 403 for http://noticias.uol.com.br/ultimas-noticias/agencia-estado/2015/11/16/marta-diz-que-e-a-candidata-do-pmdb-a-prefeitura-de-sao-paulo.htm, skipping...
[ERROR - 2025-10-25 10:34:37,798 - Worker_3] Status code == 403 for http://noticias.uol.com.br/internacional/ultimas-noticias/2015/11/16/suposto-novo-video-do-estado-islamico-ameaca-washington.htm, skipping...
[ERROR - 2025-10-25 10:34:38,129 - Worker_1] Status code == 403 for http://fernandorodrigues.blogosfera.uol.com.br/2015/11/16/relator-entrega-parecer-pela-cassacao-de-cunha/, skipping...
[ERROR - 2025-10-25 10:34:39,990 - Worker_4] Status code == 403 for http://blogdoboleiro.blogosfera.uol.com.br/2015/11/16/stjd-diz-a-cbf-que-primeira-liga-e-legal-e-que-aceita-jurisdicao/, skipping...
[ERROR - 2025-10-25 10:34:42,288 - Worker_1] Status code == 403 for http://noticias.uol.com.br/saude/ultimas-noticias/estado/2015/11/16/fase-pre-clinica-da-pilula-do-cancer-deve-durar-7-meses.htm, skipping...
[ERROR - 2025-10-25 10:34:46,469 - Worker_1] Status code == 403 for http://noticias.uol.com.br/midiaglobal/nytimes/2015/11/16/relatorio-sobre-programa-secreto-de-prisoes-da-cia-cai-em-limbo-juridico.htm, skipping...
[ERROR - 2025-10-25 10:34:53,640 - Worker_1] Status code == 403 for http://noticias.uol.com.br/cotidiano/ultimas-noticias/2015/11/16/comecam-as-apostas-para-a-mega-da-virada-estimada-em-r-280-milhoes.htm, skipping...
[ERROR - 2025-10-25 10:34:57,853 - Worker_0] Status code == 403 for http://negociosdoesporte.blogosfera.uol.com.br/2015/11/16/f-1-voltou-a-ser-esporte-de-nicho-e-o-adeus-a-tv-aberta/, skipping...
[ERROR - 2025-10-25 10:35:02,903 - Worker_1] Status code == 403 for http://blogdobrito.blogosfera.uol.com.br/2015/11/16/rio-2016-confirma-df-mesmo-sem-previsao-para-matriz-de-responsabilidade/, skipping...
[ERROR - 2025-10-25 10:35:03,627 - Worker_2] Status code == 403 for http://blogdojuca.uol.com.br/2015/11/nos-brasileiros/, skipping...
[ERROR - 2025-10-25 10:35:09,353 - Worker_1] Status code == 403 for http://nagradedomma.blogosfera.uol.com.br/2015/11/16/tecnico-reconhece-vitoria-de-holm-mas-diz-nao-viu-o-melhor-de-ronda/, skipping...
[ERROR - 2025-10-25 10:35:14,041 - Worker_0] Status code == 403 for http://mauriciostycer.blogosfera.uol.com.br/2015/11/16/por-que-fatima-superou-faustao-huck-regina-case-e-hoje-e-a-cara-da-globo/, skipping...
[ERROR - 2025-10-25 10:35:20,131 - Worker_3] Status code == 404 for http://entretenimento.band.uol.com.br/paniconaband/2015/videos/ultimos-videos/15678315/producao-do-panico-na-band-flagra-latino-com-mendigata.html, skipping...
[ERROR - 2025-10-25 10:35:20,496 - Worker_0] Status code == 403 for http://noticias.uol.com.br/ultimas-noticias/agencia-estado/2015/11/16/pasadena-teve-acerto-de-us-15-milhoes-apontou-operador-do-pmdb.htm, skipping...
[ERROR - 2025-10-25 10:35:24,291 - Worker_1] Status code == 500 for http://musica.uol.com.br/noticias/redacao/2015/11/16/lancando-disco-biografico-djavan-prega-diversidade-na-vida-e-na-musica.htm, skipping...
[ERROR - 2025-10-25 10:35:29,445 - Worker_3] Status code == 403 for http://uolesportevetv.blogosfera.uol.com.br/2015/11/16/maite-diz-que-nao-esperava-repercussao-e-avisa-que-posar-nua-e-ultrapassado/, skipping...
[ERROR - 2025-10-25 10:35:37,328 - Worker_1] Status code == 404 for http://esporte.uol.com.br/futebol/album/2015/11/17/amistoso-entre-alemanha-e-holanda-e-cancelado.htm?abrefoto=10, skipping...
[ERROR - 2025-10-25 10:35:39,471 - Worker_4] Status code == 403 for http://tecnologia.uol.com.br/noticias/redacao/2015/11/17/mariana-ou-paris-por-que-ha-quem-critique-a-solidariedade-alheia.htm, skipping...
[ERROR - 2025-10-25 10:35:41,566 - Worker_3] Status code == 403 for http://noticias.uol.com.br/internacional/ultimas-noticias/2015/11/17/passageira-tenta-abrir-porta-durante-voo-da-british-airways-e-e-contida-nos-eua.htm, skipping...
[ERROR - 2025-10-25 10:35:46,822 - Worker_1] Status code == 404 for http://entretenimento.uol.com.br/noticias/redacao/2015/11/17/blocos-estudam-campo-de-marte-e-ibirapuera-como-alternativa-para-carnaval.htm, skipping...
[ERROR - 2025-10-25 10:35:48,737 - Worker_4] Status code == 403 for http://blogdomenon.blogosfera.uol.com.br/2015/11/17/massa-ronda-e-isinbaieva-apenas-incertezas/, skipping...
[ERROR - 2025-10-25 10:35:52,982 - Worker_0] Status code == 403 for http://oblogdorugbi.blogosfera.uol.com.br/2015/11/17/bem-vindos-ao-rio-australia-e-quenia-se-garantem-nos-jogos-olimpicos-2016/, skipping...
[ERROR - 2025-10-25 10:36:15,860 - Worker_3] Status code == 403 for http://blogdojuca.uol.com.br/2015/11/o-santos-procura-sarna-para-se-cocar/, skipping...
[ERROR - 2025-10-25 10:36:24,092 - Worker_1] Status code == 403 for http://noticias.uol.com.br/cotidiano/ultimas-noticias/2015/11/17/agricultor-morre-apos-ser-picado-por-mais-de-200-abelhas-em-sp.htm, skipping...
[ERROR - 2025-10-25 10:37:31,137 - Worker_3] Status code == 403 for http://pvc.blogosfera.uol.com.br/2015/11/17/sao-paulo-garante-que-tera-ganso-no-elenco-em-2016/, skipping...
[ERROR - 2025-10-25 10:37:40,342 - Worker_3] Status code == 403 for http://noticias.uol.com.br/ultimas-noticias/agencia-estado/2015/11/17/cmo-aprova-alteracao-da-meta-fiscal-de-2015.htm, skipping...
[ERROR - 2025-10-25 10:37:43,278 - Worker_0] Status code == 403 for http://nagradedomma.blogosfera.uol.com.br/2015/11/17/ronda-rousey-pega-suspensao-medica-maxima-apos-ser-nocauteada/, skipping...
[ERROR - 2025-10-25 10:38:19,313 - Worker_1] Status code == 403 for http://rodrigomattos.blogosfera.uol.com.br/2015/11/17/fla-tera-mudanca-radical-no-futebol-com-qualquer-resultado-na-eleicao, skipping...
[ERROR - 2025-10-25 10:38:22,130 - Worker_4] Status code == 403 for http://blogdoboleiro.blogosfera.uol.com.br/2015/11/17/cbf-cria-forca-tarefa-para-evitar-erros-do-apito-nas-quatro-rodadas-finais/, skipping...
[ERROR - 2025-10-25 10:38:32,770 - Worker_3] Failed to connect with http://natelinha.ne10.uol.com.br/noticias/2015/11/17/record-anuncia-contratacao-de-fabio-porchat-em-encontro-nacional-94273.php after 3 attempts, skipping...
[ERROR - 2025-10-25 10:38:44,514 - Worker_3] Status code == 403 for http://noticias.uol.com.br/midiaglobal/lemonde/2015/11/17/pressionado-em-seus-dominios-estado-islamico-ataca-hezbollah-no-libano.htm, skipping...
[ERROR - 2025-10-25 10:38:48,665 - Worker_3] Status code == 403 for http://noticias.uol.com.br/ultimas-noticias/agencia-estado/2015/11/17/fernando-baiano-vai-para-prisao-domiciliar-com-tornozeleira-eletronica.htm, skipping...
[ERROR - 2025-10-25 10:38:52,855 - Worker_0] Status code == 404 for http://futebol.placar.esporte.uol.com.br/futebol/brasileirao/2015/11/18/atletico-pr-x-palmeiras.htm, skipping...
[ERROR - 2025-10-25 10:38:57,105 - Worker_0] Status code == 403 for http://saqueevoleio.blogosfera.uol.com.br/2015/11/18/entrevista-com-jamie-murray-estamos-desesperados-para-ganhar-um-slam/, skipping...
[ERROR - 2025-10-25 10:39:03,048 - Worker_4] Status code == 403 for http://noticias.uol.com.br/meio-ambiente/ultimas-noticias/redacao/2015/11/18/primeiros-10-meses-de-2015-sao-os-mais-quentes-ja-registrados.htm, skipping...
[ERROR - 2025-10-25 10:39:03,582 - Worker_0] Status code == 403 for http://noticias.uol.com.br/ultimas-noticias/reuters/2015/11/18/congresso-mantem-veto-de-dilma-a-extensao-de-regras-do-minimo-a-aposentadorias.htm, skipping...
[ERROR - 2025-10-25 10:39:07,715 - Worker_0] Status code == 403 for http://noticias.uol.com.br/ao-vivo/2015/11/14/atentados-em-paris.htm, skipping...
[ERROR - 2025-10-25 10:39:12,267 - Worker_4] Status code == 403 for http://blogdosakamoto.blogosfera.uol.com.br/2015/11/18/lama-de-mariana-terror-em-paris-o-que-esta-por-tras-dessas-tragedias/, skipping...
[ERROR - 2025-10-25 10:39:15,792 - Worker_3] Status code == 403 for http://noticias.uol.com.br/cotidiano/ultimas-noticias/2015/11/18/saem-os-numeros-da-mega-sena.htm, skipping...
[ERROR - 2025-10-25 10:39:19,952 - Worker_3] Status code == 403 for http://noticias.uol.com.br/ultimas-noticias/reuters/2015/11/18/ira-comeca-a-desmontar-centrifugas-de-enriquecimento-de-uranio-diz-aiea.htm, skipping...
[ERROR - 2025-10-25 10:39:21,834 - Worker_4] Status code == 403 for http://infomoto.blogosfera.uol.com.br/2015/11/18/renovada-em-milao-linha-500cc-da-honda-chega-ao-brasil-no-inicio-de-2016/, skipping...
[ERROR - 2025-10-25 10:39:27,886 - Worker_2] Status code == 403 for http://economia.uol.com.br/noticias/bloomberg/2015/11/17/por-que-um-ceo-bilionario-recebe-licoes-de-vida-de-um-samurai.htm, skipping...
[ERROR - 2025-10-25 10:39:31,112 - Worker_1] Status code == 403 for http://blogdobaldini.blogosfera.uol.com.br/2015/11/18/parabens-eder-jofre-obrigado-por-ter-feito-minha-infancia-tao-feliz/, skipping...
[ERROR - 2025-10-25 10:39:36,755 - Worker_2] Status code == 403 for http://educacao.uol.com.br/noticias/agencia-estado/2015/11/18/rio-adia-pagamentos-e-uerj-nao-paga-bolsistas-residentes-e-terceirizadas.htm, skipping...
[ERROR - 2025-10-25 10:39:39,899 - Worker_1] Status code == 403 for http://noticias.uol.com.br/midiaglobal/nytimes/2015/11/18/efeito-midiatico-do-terror-em-paris-ja-impacta-corrida-presidencial-nos-eua.htm, skipping...
[ERROR - 2025-10-25 10:39:44,150 - Worker_1] Status code == 403 for http://blogdorafaelreis.blogosfera.uol.com.br/2015/11/18/euro-2016-tera-recorde-de-selecoes-estreantes-gracas-aos-imigrantes/, skipping...
[ERROR - 2025-10-25 10:39:45,483 - Worker_2] Status code == 403 for http://educacao.uol.com.br/noticias/2015/11/18/nunca-apanhei-tanto-na-vida-diz-professora-que-denunciou-aluna-por-surra.htm, skipping...
[ERROR - 2025-10-25 10:39:49,709 - Worker_2] Status code == 403 for http://noticias.uol.com.br/internacional/ultimas-noticias/2015/11/18/paris-tem-tiroteio-e-grande-operacao-para-prender-suspeitos-de-ataques.htm, skipping...
[ERROR - 2025-10-25 10:39:50,169 - Worker_3] Status code == 403 for http://noticias.uol.com.br/ultimas-noticias/agencia-estado/2015/11/18/congresso-virou-a-pagina-da-pauta-bomba-diz-lider-do-governo-na-camara.htm, skipping...
[ERROR - 2025-10-25 10:39:50,749 - Worker_1] Status code == 403 for http://andrerocha.blogosfera.uol.com.br/2015/11/18/dunga-acerta-formacao-e-tatica-mas-ainda-falta-a-dinamica-do-jogo-coletivo/, skipping...
[ERROR - 2025-10-25 10:39:53,866 - Worker_2] Status code == 403 for http://noticias.uol.com.br/ultimas-noticias/agencia-estado/2015/11/18/aecio-diz-que-documento-do-pmdb-parece-mera-peca-de-marketing.htm, skipping...
[ERROR - 2025-10-25 10:39:55,264 - Worker_1] Status code == 403 for http://uolesporte.blogosfera.uol.com.br/2015/11/18/arbitro-recusa-camisa-de-neymar-apos-jogo-e-internautas-nao-perdoam/, skipping...
[ERROR - 2025-10-25 10:40:04,343 - Worker_1] Status code == 403 for http://paginacinco.blogosfera.uol.com.br/2015/11/18/mia-couto-o-bem-nao-e-exclusividade-da-franca-da-europa-ou-do-ocidente/, skipping...
[ERROR - 2025-10-25 10:40:08,994 - Worker_1] Status code == 403 for http://tecnologia.uol.com.br/album/2015/11/18/instagram-realiza-primeira-exposicao-no-brasil.htm?abrefoto=1, skipping...
[ERROR - 2025-10-25 10:40:09,457 - Worker_4] Status code == 403 for http://blogdoohata.blogosfera.uol.com.br/2015/11/18/algoz-de-ronda-holly-holm-esta-mais-para-buster-douglas-ou-chris-weidman/, skipping...
[ERROR - 2025-10-25 10:40:13,173 - Worker_1] Status code == 403 for http://uolesporte.blogosfera.uol.com.br/2015/11/18/mayweather-compra-carrao-para-filho-de-16-anos/, skipping...
[ERROR - 2025-10-25 10:40:13,618 - Worker_4] Status code == 403 for http://noticias.uol.com.br/ultimas-noticias/afp/2015/11/18/mulher-bomba-instaura-uma-nova-era-da-jihad-na-franca.htm, skipping...
[ERROR - 2025-10-25 10:40:20,078 - Worker_3] Status code == 403 for http://fernandorodrigues.blogosfera.uol.com.br/2015/11/18/acusacao-do-ministerio-publico-e-imprestavel-diz-defesa-de-eduardo-cunha/, skipping...
[ERROR - 2025-10-25 10:40:22,613 - Worker_1] Status code == 403 for http://blogdoboleiro.blogosfera.uol.com.br/2015/11/18/pm-carioca-identifica-provocador-vascaino-e-proibe-gavioes-uniformizados/, skipping...
[ERROR - 2025-10-25 10:40:24,274 - Worker_3] Status code == 403 for http://noticias.uol.com.br/ultimas-noticias/efe/2015/11/18/mae-de-terrorista-suicida-diz-que-ele-era-uma-panela-de-pressao-na-belgica.htm, skipping...
[ERROR - 2025-10-25 10:40:28,417 - Worker_3] Status code == 403 for http://noticias.uol.com.br/internacional/ultimas-noticias/2015/11/19/locais-dos-atentados-em-paris-viram-pontos-de-peregrinacao.htm, skipping...
[ERROR - 2025-10-25 10:40:33,110 - Worker_2] Status code == 403 for http://noticias.uol.com.br/ultimas-noticias/agencia-estado/2015/11/19/cunha-chama-de-aberracao-sessao-informal-do-conselho-de-etica.htm, skipping...
[ERROR - 2025-10-25 10:40:37,231 - Worker_3] Status code == 403 for http://noticias.uol.com.br/ultimas-noticias/agencia-estado/2015/11/19/lider-de-acampamento-no-congresso-promete-carnificina-em-caso-de-retirada.htm, skipping...
[ERROR - 2025-10-25 10:40:45,949 - Worker_3] Status code == 403 for http://noticias.uol.com.br/ao-vivo/2015/11/14/atentados-em-paris.htm, skipping...
[ERROR - 2025-10-25 10:40:47,481 - Worker_1] Status code == 403 for http://mauriciostycer.blogosfera.uol.com.br/2015/11/19/livro-de-amaury-junior-exibe-foto-inedita-de-silvio-santos-vestido-de-noiva/, skipping...
[ERROR - 2025-10-25 10:40:49,051 - Worker_2] Status code == 403 for http://noticias.uol.com.br/saude/ultimas-noticias/redacao/2015/11/19/familia-denuncia-hospital-por-negligencia-em-morte-de-garota-em-tomografia.htm, skipping...
[ERROR - 2025-10-25 10:40:50,109 - Worker_3] Status code == 403 for http://noticias.uol.com.br/ciencia/ultimas-noticias/bbc/2015/11/19/cientistas-descobrem-mutacao-que-torna-bacterias-imbativeis-por-antibioticos.htm, skipping...
[ERROR - 2025-10-25 10:40:55,859 - Worker_2] Status code == 403 for http://nagradedomma.blogosfera.uol.com.br/2015/11/19/jones-choca-com-visual-bombado-e-indica-data-da-volta-veja-antes-e-depois/, skipping...
[ERROR - 2025-10-25 10:40:57,617 - Worker_1] Failed to connect with http://natelinha.ne10.uol.com.br/novelas/2015/11/19/a-regra-do-jogo-andressa-turbinada-filma-sexo-com-merlo-e-joga-na-web-94311.php after 3 attempts, skipping...
[ERROR - 2025-10-25 10:41:00,149 - Worker_3] Failed to connect with http://natelinha.ne10.uol.com.br/noticias/2015/11/19/monica-iozzi-critica-miss-brasil-e-da-a-entender-que-negras-nao-tem-vez-94326.php after 3 attempts, skipping...
[ERROR - 2025-10-25 10:41:04,455 - Worker_4] Status code == 403 for http://educacao.uol.com.br/noticias/2015/11/19/municipio-que-usa-sistema-privado-de-ensino-gasta-em-dobro-aponta-estudo.htm, skipping...
[ERROR - 2025-10-25 10:41:04,749 - Worker_1] Status code == 403 for http://tecnologia.uol.com.br/noticias/redacao/2015/11/19/usuarios-do-mega-filmes-hd-nao-deverao-ser-presos-diz-advogado.htm, skipping...
[ERROR - 2025-10-25 10:41:05,562 - Worker_0] Status code == 403 for http://noticias.uol.com.br/ultimas-noticias/agencia-estado/2015/11/19/com-viagem-do-relator-conclusao-do-julgamento-das-pedaladas-pode-ficar-para-2016.htm, skipping...
[ERROR - 2025-10-25 10:41:08,930 - Worker_4] Status code == 403 for http://oblogdorugbi.blogosfera.uol.com.br/2015/11/19/tecnico-neozelandes-da-selecao-brasileira-de-rugbi-exalta-lomu-um-icone/, skipping...
[ERROR - 2025-10-25 10:41:09,067 - Worker_1] Status code == 403 for http://educacao.uol.com.br/noticias/2015/11/19/sp-tem-62-escolas-ocupadas-contra-a-reorganizacao-da-rede-veja-a-lista.htm, skipping...
[ERROR - 2025-10-25 10:41:09,981 - Worker_0] Status code == 403 for http://noticias.uol.com.br/ultimas-noticias/agencia-estado/2015/11/19/justica-ordena-que-samarco-barre-chegada-da-lama-ao-mar.htm, skipping...
[ERROR - 2025-10-25 10:41:13,234 - Worker_1] Status code == 403 for http://noticias.uol.com.br/midiaglobal/elpais/2015/11/19/espanha-investiga-mais-de-300-suspeitos-de-vinculo-com-jihadistas.htm, skipping...
[ERROR - 2025-10-25 10:41:16,985 - Worker_0] Status code == 403 for http://noticias.uol.com.br/internacional/ultimas-noticias/2015/11/19/telefone-apreendido-em-janeiro-traca-rota-de-aprendiz-que-se-tornou-mentor.htm, skipping...
[ERROR - 2025-10-25 10:41:17,456 - Worker_1] Status code == 403 for http://noticias.uol.com.br/internacional/ultimas-noticias/2015/11/19/hollande-ordena-intensificacao-de-ataques-contra-o-ei-na-siria-e-no-iraque.htm, skipping...
[ERROR - 2025-10-25 10:41:17,546 - Worker_3] Status code == 403 for http://blogdoohata.blogosfera.uol.com.br/2015/11/19/quem-se-beneficia-e-quem-perde-se-o-palmeiras-conquistar-a-copa-do-brasil/, skipping...
[ERROR - 2025-10-25 10:41:21,220 - Worker_0] Status code == 403 for http://blogdojuliogomes.blogosfera.uol.com.br/2015/11/19/10-anos-atras-aplaudiam-ronaldinho-e-ignoravam-outro-genio/, skipping...
[ERROR - 2025-10-25 10:41:21,751 - Worker_3] Status code == 403 for http://fernandorodrigues.blogosfera.uol.com.br/2015/11/19/mara-gabrilli-para-eduardo-cunha-levanta-dessa-cadeira/, skipping...
[ERROR - 2025-10-25 10:41:30,527 - Worker_3] Status code == 403 for http://noticias.uol.com.br/meio-ambiente/ultimas-noticias/redacao/2015/11/19/ate-2050-havera-30-menos-ursos-polares-diz-iucn.htm, skipping...
[ERROR - 2025-10-25 10:41:30,532 - Worker_0] Status code == 403 for http://noticias.uol.com.br/ciencia/ultimas-noticias/bbc/2015/11/19/ma-gestao-de-residuos-transporte-e-energia-podem-fazer-brasil-retroceder-em-metas-de-clima.htm, skipping...
[ERROR - 2025-10-25 10:41:33,782 - Worker_1] Status code == 403 for http://tecnologia.uol.com.br/noticias/redacao/2015/11/19/apos-operacao-da-pf-site-pirata-mega-filmes-hd-e-derrubado.htm, skipping...
[ERROR - 2025-10-25 10:41:37,748 - Worker_0] Status code == 404 for http://futebol.placar.esporte.uol.com.br/futebol/brasileirao/2015/11/19/santos-x-flamengo.htm, skipping...
[ERROR - 2025-10-25 10:41:38,041 - Worker_1] Status code == 403 for http://blogdoperrone.blogosfera.uol.com.br/2015/11/uniao-de-times-para-reduzir-diferenca-para-corinthians-e-fla-na-tv-fracassa/, skipping...
[ERROR - 2025-10-25 10:41:39,866 - Worker_3] Status code == 403 for http://noticias.uol.com.br/cotidiano/ultimas-noticias/2015/11/19/presidente-da-samarco-obtem-habeas-corpus-preventivo-para-nao-ser-preso.htm, skipping...
[ERROR - 2025-10-25 10:41:42,200 - Worker_1] Status code == 403 for http://noticias.uol.com.br/ultimas-noticias/efe/2015/11/19/palmira-podera-ser-reconstruida-diz-presidente-do-louvre.htm, skipping...
[ERROR - 2025-10-25 10:41:44,105 - Worker_3] Status code == 403 for http://blogdobrito.blogosfera.uol.com.br/2015/11/19/ciclista-militar-e-flagrada-no-doping-e-o-terceiro-caso-na-mesma-familia/, skipping...
[ERROR - 2025-10-25 10:41:48,295 - Worker_3] Status code == 403 for http://nagradedomma.blogosfera.uol.com.br/2015/11/20/novo-video-mostra-estrago-em-ronda-e-reacao-de-namorado-ao-nocaute/, skipping...
[ERROR - 2025-10-25 10:42:04,381 - Worker_4] Status code == 403 for http://noticias.uol.com.br/cotidiano/ultimas-noticias/2015/11/20/ressabiados-com-lama-no-rio-mineiros-preferem-comer-em-pratos-de-plastico.htm, skipping...
[ERROR - 2025-10-25 10:42:08,640 - Worker_1] Status code == 403 for http://noticias.uol.com.br/internacional/ultimas-noticias/2015/11/19/locais-dos-atentados-em-paris-viram-pontos-de-peregrinacao.htm, skipping...
[ERROR - 2025-10-25 10:42:12,801 - Worker_1] Status code == 403 for http://noticias.uol.com.br/cotidiano/ultimas-noticias/2015/11/20/tornado-dixa-estragos-em-15-mil-casas-no-interior-do-parana.htm, skipping...
[ERROR - 2025-10-25 10:42:15,436 - Worker_2] Status code == 403 for http://blogdojuca.uol.com.br/2015/11/tricolor-e-o-gremio/, skipping...
[ERROR - 2025-10-25 10:42:19,467 - Worker_0] Status code == 403 for http://noticias.uol.com.br/ultimas-noticias/agencia-estado/2015/11/20/mp-exige-que-qualidade-da-agua-do-rio-doce-seja-divulgada.htm, skipping...
[ERROR - 2025-10-25 10:42:19,601 - Worker_2] Status code == 403 for http://noticias.uol.com.br/album/2015/11/20/grupo-armado-faz-refens-estrangeiros-em-hotel-no-mali.htm?abrefoto=12, skipping...
[ERROR - 2025-10-25 10:42:23,847 - Worker_2] Status code == 403 for http://educacao.uol.com.br/noticias/agencia-estado/2015/11/20/aluna-de-11-anos-passa-a-noite-em-escola-ocupada-em-piracicaba.htm, skipping...
[ERROR - 2025-10-25 10:42:24,476 - Worker_4] Status code == 403 for http://noticias.uol.com.br/ultimas-noticias/agencia-estado/2015/11/20/no-rio-prf-e-criminosos-trocam-tiros-apos-arrastao-na-linha-vermelha.htm, skipping...
[ERROR - 2025-10-25 10:42:26,165 - Worker_0] Status code == 403 for http://rodrigomattos.blogosfera.uol.com.br/2015/11/20/corinthians-e-o-time-mais-vencedor-nos-ultimos-dez-anos-no-brasil/, skipping...
[ERROR - 2025-10-25 10:42:28,038 - Worker_2] Status code == 403 for http://noticias.uol.com.br/ao-vivo/2015/11/14/atentados-em-paris.htm, skipping...
[ERROR - 2025-10-25 10:42:33,518 - Worker_4] Status code == 403 for http://noticias.uol.com.br/ultimas-noticias/ansa/2015/11/20/bandidos-fazem-roubo-milionario-em-museu-de-verona.htm, skipping...
[ERROR - 2025-10-25 10:42:39,377 - Worker_2] Status code == 403 for http://blogdoperrone.blogosfera.uol.com.br/2015/11/aventura-corintiana-no-rio-tem-ate-relato-de-rajada-de-metralhadora/, skipping...
[ERROR - 2025-10-25 10:42:45,957 - Worker_0] Failed to connect with http://natelinha.ne10.uol.com.br/espelhomeu/beleza/2015/11/06/mantenha-a-barriga-sequinha-com-a-ajuda-da-alimentacao-330.php after 3 attempts, skipping...
[ERROR - 2025-10-25 10:42:50,388 - Worker_3] Status code == 403 for http://blogdojuca.uol.com.br/2015/11/brasileirao-tem-seu-terceiro-hexacampeao-e-muita-disputa-ainda-pela-frente/, skipping...
[ERROR - 2025-10-25 10:42:54,602 - Worker_1] Status code == 403 for http://blogdosakamoto.blogosfera.uol.com.br/2015/11/20/reclamar-de-racismo-contra-brancos-e-o-fundo-do-poco/, skipping...
[ERROR - 2025-10-25 10:42:54,608 - Worker_3] Status code == 403 for http://educacao.uol.com.br/noticias/agencia-estado/2015/11/20/em-dois-dias-1300-aulas-sao-doadas-por-grupo-que-apoia-protesto-em-sp.htm, skipping...
[ERROR - 2025-10-25 10:42:54,993 - Worker_4] Status code == 403 for http://noticias.uol.com.br/album/album-do-dia/2015/11/20/imagens-do-dia---20-de-novembro-de-2015.htm?abrefoto=22, skipping...
[ERROR - 2025-10-25 10:43:00,899 - Worker_0] Status code == 403 for http://pvc.blogosfera.uol.com.br/2015/11/19/corinthians-campeao-com-raca-com-sobra-com-amor/, skipping...
[ERROR - 2025-10-25 10:43:10,968 - Worker_2] Status code == 403 for http://noticias.uol.com.br/ultimas-noticias/afp/2015/11/20/macedonia-autoriza-entrada-de-4000-imigrantes-vindos-da-grecia.htm, skipping...
[ERROR - 2025-10-25 10:43:11,469 - Worker_4] Status code == 403 for http://noticias.uol.com.br/internacional/ultimas-noticias/2015/11/20/mortos-no-mali-em-ataque-a-hotel.htm, skipping...
[ERROR - 2025-10-25 10:43:13,078 - Worker_1] Status code == 403 for http://noticias.uol.com.br/internacional/ultimas-noticias/2015/11/14/o-que-se-sabe-sobre-os-ataques-terroristas-em-paris.htm, skipping...
[ERROR - 2025-10-25 10:43:15,622 - Worker_4] Status code == 403 for http://noticias.uol.com.br/midiaglobal/elpais/2015/11/20/apos-labirinto-europeu-refugiados-sirios-temem-ficar-presos-na-espanha.htm, skipping...
[ERROR - 2025-10-25 10:43:17,271 - Worker_1] Status code == 403 for http://noticias.uol.com.br/saude/ultimas-noticias/redacao/2015/11/20/com-surto-de-microcefalia-falta-inseticida-para-mosquito-da-zika-no-ne.htm, skipping...
[ERROR - 2025-10-25 10:43:26,959 - Worker_4] Status code == 403 for http://pvc.blogosfera.uol.com.br/2015/11/21/neymar-melhor-em-campo-iniesta-em-jogo-de-craque-e-benitez-na-historia/, skipping...
[ERROR - 2025-10-25 10:43:29,353 - Worker_3] Status code == 403 for http://noticias.uol.com.br/internacional/ultimas-noticias/2015/11/19/locais-dos-atentados-em-paris-viram-pontos-de-peregrinacao.htm, skipping...
[ERROR - 2025-10-25 10:43:38,094 - Worker_0] Status code == 403 for http://noticias.uol.com.br/midiaglobal/nytimes/2015/11/21/siria-e-acusada-de-atacar-instalacoes-e-equipes-medicas.htm, skipping...
[ERROR - 2025-10-25 10:43:42,354 - Worker_0] Status code == 403 for http://blogdosakamoto.blogosfera.uol.com.br/2015/11/21/um-governo-que-ataca-alunos-e-professores-nao-fez-a-licao-de-casa/, skipping...
[ERROR - 2025-10-25 10:43:47,867 - Worker_1] Status code == 403 for http://blogdojuliogomes.blogosfera.uol.com.br/2015/11/21/barca-humilha-real-pela-4a-vez-em-10-anos-times-valem-mais-que-individuos/, skipping...
[ERROR - 2025-10-25 10:43:51,589 - Worker_2] Status code == 403 for http://uolesporte.blogosfera.uol.com.br/2015/11/21/deu-sorte-ivete-sangalo-torce-pelo-vitoria-no-jogo-do-acesso-para-serie-a/, skipping...
[ERROR - 2025-10-25 10:43:51,730 - Worker_0] Status code == 403 for http://noticias.uol.com.br/meio-ambiente/album/2015/11/19/impacto-da-lama-no-rio-doce.htm?abrefoto=27, skipping...
[ERROR - 2025-10-25 10:43:52,580 - Worker_3] Status code == 403 for http://blogdoperrone.blogosfera.uol.com.br/2015/11/coadjuvantes-em-conquista-corintiana-tem-mais-chances-de-deixar-o-time/, skipping...
[ERROR - 2025-10-25 10:43:55,752 - Worker_2] Status code == 403 for http://noticias.uol.com.br/cotidiano/ultimas-noticias/2015/11/21/na-prisao-medico-cassado-e-flagrado-atuando-como-dentista.htm, skipping...
[ERROR - 2025-10-25 10:43:56,007 - Worker_0] Status code == 403 for http://oblogdorugbi.blogosfera.uol.com.br/2015/11/21/richie-mccaw-era-incontestavel-apesar-das-criticas-do-antijogo/, skipping...
[ERROR - 2025-10-25 10:43:56,747 - Worker_3] Status code == 403 for http://noticias.uol.com.br/internacional/ultimas-noticias/2015/11/21/eua-e-aliados-lancam-ataques-contra-estado-islamico-no-iraque-e-na-siria.htm, skipping...
[ERROR - 2025-10-25 10:44:00,165 - Worker_0] Status code == 403 for http://noticias.uol.com.br/ultimas-noticias/bbc/2015/11/21/fui-obrigado-a-matar-meu-melhor-amigo-quadrinhos-contam-autobiografia-de-menino-soldado.htm, skipping...
[ERROR - 2025-10-25 10:44:01,266 - Worker_4] Status code == 403 for http://noticias.uol.com.br/ultimas-noticias/agencia-estado/2015/11/21/procuradoria-comeca-a-analisar-acusacoes-contra-pedro-paulo.htm, skipping...
[ERROR - 2025-10-25 10:44:04,462 - Worker_0] Status code == 502 for http://noticias.band.uol.com.br/jornaldanoite/videos/2015/11/20/15684610-guarda-grego-tenta-afundar-bote-com-imigrantes.html, skipping...
[ERROR - 2025-10-25 10:44:05,418 - Worker_4] Status code == 403 for http://noticias.uol.com.br/ultimas-noticias/bbc/2015/11/21/mapa-quantifica-pela-primeira-vez-agua-escondida-debaixo-da-terra-no-mundo.htm, skipping...
[ERROR - 2025-10-25 10:44:13,808 - Worker_0] Status code == 403 for http://noticias.uol.com.br/cotidiano/ultimas-noticias/2015/11/21/lama-arrasa-pesca-no-rio-doce-e-pescadores-veem-futuro-desolador.htm, skipping...
[ERROR - 2025-10-25 10:44:17,980 - Worker_0] Status code == 403 for http://noticias.uol.com.br/ultimas-noticias/agencia-estado/2015/11/21/madrugada-tem-chacina-com-4-mortos-em-caraguatatuba.htm, skipping...
[ERROR - 2025-10-25 10:44:21,143 - Worker_3] Status code == 403 for http://blogdorafaelreis.blogosfera.uol.com.br/2015/11/21/pique-ja-se-prepara-para-vaias-mas-barca-e-cada-vez-menos-catalao/, skipping...
[ERROR - 2025-10-25 10:44:27,060 - Worker_2] Status code == 403 for http://noticias.uol.com.br/ultimas-noticias/agencia-estado/2015/11/21/moradia-da-usp-tem-94-habitantes-irregulares.htm, skipping...
[ERROR - 2025-10-25 10:44:27,492 - Worker_0] Status code == 403 for http://noticias.uol.com.br/ultimas-noticias/ansa/2015/11/21/mali-decreta-10-dias-de-estado-de-emergencia-apos-ataques.htm, skipping...
[ERROR - 2025-10-25 10:44:34,604 - Worker_0] Status code == 403 for http://noticias.uol.com.br/ultimas-noticias/afp/2015/11/21/lider-de-principal-instituicao-sunita-pede-nao-associar-extremismo-ao-isla.htm, skipping...
[ERROR - 2025-10-25 10:44:54,435 - Worker_2] Status code == 403 for http://noticias.uol.com.br/internacional/ultimas-noticias/2015/11/19/locais-dos-atentados-em-paris-viram-pontos-de-peregrinacao.htm, skipping...
[ERROR - 2025-10-25 10:44:58,604 - Worker_2] Status code == 403 for http://noticias.uol.com.br/internacional/ultimas-noticias/2015/11/22/belgica-mantem-em-nivel-maximo-alerta-de-ataques-terroristas-em-bruxelas.htm, skipping...
[ERROR - 2025-10-25 10:45:00,490 - Worker_1] Status code == 403 for http://mauriciostycer.blogosfera.uol.com.br/2015/11/22/sbt-cancela-grammy-latino-e-vai-exibir-so-a-homenagem-a-roberto-carlos/, skipping...
[ERROR - 2025-10-25 10:45:02,795 - Worker_2] Status code == 403 for http://mauriciostycer.blogosfera.uol.com.br/2015/11/22/nos-eua-fox-anuncia-que-nao-vai-mais-divulgar-suas-audiencias-diarias/, skipping...
[ERROR - 2025-10-25 10:45:03,387 - Worker_3] Status code == 403 for http://blogdojuca.uol.com.br/2015/11/palestras-em-acao/, skipping...
[ERROR - 2025-10-25 10:45:06,033 - Worker_0] Status code == 403 for http://noticias.uol.com.br/midiaglobal/nytimes/2015/11/22/pais-usam-filhos-para-conseguir-fama-e-lucro-no-instagram.htm, skipping...
[ERROR - 2025-10-25 10:45:07,018 - Worker_2] Status code == 403 for http://blogdoperrone.blogosfera.uol.com.br/2015/11/opiniao-sao-paulo-deveria-entregar-faixas-ao-corinthians/, skipping...
[ERROR - 2025-10-25 10:45:10,169 - Worker_0] Status code == 403 for http://noticias.uol.com.br/ultimas-noticias/efe/2015/11/22/policia-francesa-divulga-foto-de-terceiro-suicida-do-stade-de-france.htm, skipping...
[ERROR - 2025-10-25 10:45:11,172 - Worker_2] Status code == 403 for http://noticias.uol.com.br/ao-vivo/2015/11/14/atentados-em-paris.htm, skipping...
[ERROR - 2025-10-25 10:45:21,782 - Worker_1] Status code == 403 for http://rodrigomattos.blogosfera.uol.com.br/2015/11/22/quase-na-libertadores-gremio-tem-buraco-nas-financas-em-2015/, skipping...
[ERROR - 2025-10-25 10:45:25,965 - Worker_1] Status code == 403 for http://noticias.uol.com.br/ultimas-noticias/reuters/2015/11/22/obama-diz-que-nao-vai-ceder-na-luta-contra-o-estado-islamico-pede-ajuda-a-russia.htm, skipping...
[ERROR - 2025-10-25 10:45:42,542 - Worker_1] Status code == 403 for http://blogdobaldini.blogosfera.uol.com.br/2015/11/22/canelo-derrota-cotto-e-aceita-desafio-para-encarar-ggg-no-ano-que-vem/, skipping...
[ERROR - 2025-10-25 10:45:48,488 - Worker_2] Status code == 403 for http://blogdojuca.uol.com.br/2015/11/festa-baile-na-casa-do-hexa/, skipping...
[ERROR - 2025-10-25 10:45:49,706 - Worker_0] Status code == 403 for http://noticias.uol.com.br/meio-ambiente/album/2015/11/19/impacto-da-lama-no-rio-doce.htm?abrefoto=27, skipping...
[ERROR - 2025-10-25 10:45:52,641 - Worker_2] Status code == 403 for http://noticias.uol.com.br/cotidiano/ultimas-noticias/2015/11/22/entenda-como-baixo-guandu-es-conseguiu-driblar-a-falta-de-agua-apos-lama.htm, skipping...
[ERROR - 2025-10-25 10:46:11,229 - Worker_3] Status code == 403 for http://noticias.uol.com.br/internacional/ultimas-noticias/2015/11/21/homem-que-escapou-de-ataque-ao-bataclan-e-sobrevivente-do-11-de-setembro.htm, skipping...
[ERROR - 2025-10-25 10:46:16,717 - Worker_2] Status code == 403 for http://economia.uol.com.br/noticias/redacao/2015/11/22/brasil-e-penultimo-em-ranking-de-diferenca-de-salarios-entre-homem-e-mulher.htm, skipping...
[ERROR - 2025-10-25 10:46:23,243 - Worker_2] Status code == 403 for http://noticias.uol.com.br/ultimas-noticias/agencia-estado/2015/11/22/cpi-ve-elo-entre-lava-jato-e-fundos-de-pensao.htm, skipping...
[ERROR - 2025-10-25 10:46:23,933 - Worker_0] Status code == 403 for http://blogdomariomagalhaes.blogosfera.uol.com.br/2015/11/22/no-dia-dos-seus-90-anos-morre-a-lider-guerrilheira-zilda-xavier-pereira/, skipping...
[ERROR - 2025-10-25 10:46:32,118 - Worker_2] Status code == 403 for http://noticias.uol.com.br/ultimas-noticias/deutschewelle/2015/11/22/mianmar-acidente-em-mina-de-jade-deixa-ao-menos-100-mortos.htm, skipping...
[ERROR - 2025-10-25 10:46:36,277 - Worker_2] Status code == 403 for http://noticias.uol.com.br/ultimas-noticias/agencia-estado/2015/11/22/pgr-tenta-reverter-no-stf-desmembramento-da-lava-jato.htm, skipping...
[ERROR - 2025-10-25 10:46:42,752 - Worker_2] Status code == 403 for http://noticias.uol.com.br/meio-ambiente/album/2015/11/19/impacto-da-lama-no-rio-doce.htm?abrefoto=31, skipping...
[ERROR - 2025-10-25 10:46:50,767 - Worker_0] Status code == 403 for http://uolesportevetv.blogosfera.uol.com.br/2015/11/23/escandalo-da-fifa-faz-conmebol-mudar-acordo-com-fox-na-libertadores/, skipping...
[ERROR - 2025-10-25 10:46:52,674 - Worker_4] Failed to connect with http://natelinha.ne10.uol.com.br/noticias/2015/11/22/mauricio-destri-assina-contrato-de-longo-prazo-com-a-globo-94365.php after 3 attempts, skipping...
[ERROR - 2025-10-25 10:46:56,859 - Worker_4] Status code == 403 for http://noticias.uol.com.br/cotidiano/ultimas-noticias/2015/11/23/os-indios-que-vivem-em-reservas-estao-confinados.htm, skipping...
[ERROR - 2025-10-25 10:46:57,058 - Worker_1] Status code == 403 for http://rodrigomattos.blogosfera.uol.com.br/2015/11/23/so-combinacao-de-resultados-inedita-salva-vasco-da-degola/, skipping...
[ERROR - 2025-10-25 10:47:01,108 - Worker_4] Status code == 403 for http://blogdorafaelreis.blogosfera.uol.com.br/2015/11/23/dahoud-e-jaddou-como-a-siria-perdeu-suas-maiores-promessas-para-a-guerra-2/, skipping...
[ERROR - 2025-10-25 10:47:02,431 - Worker_0] Status code == 403 for http://economia.uol.com.br/noticias/reuters/2015/11/23/pfizer-allergan-levara-fusoes-na-area-de-saude-acima-de-us-600-bi-em-2015.htm, skipping...
[ERROR - 2025-10-25 10:47:15,887 - Worker_4] Status code == 403 for http://noticias.uol.com.br/ultimas-noticias/afp/2015/11/23/apos-atentados-parisienses-usam-riso-como-antidoto-para-a-tristeza.htm, skipping...
[ERROR - 2025-10-25 10:47:22,440 - Worker_4] Status code == 403 for http://noticias.uol.com.br/ultimas-noticias/agencia-estado/2015/11/23/policia-rodoviaria-apreende-12-tonelada-de-maconha-em-motel.htm, skipping...
[ERROR - 2025-10-25 10:47:22,852 - Worker_3] Status code == 403 for http://blogdobaldini.blogosfera.uol.com.br/2015/11/23/ha-29-anos-tinha-inicio-a-era-mike-tyson-entre-os-pesos-pesados/, skipping...
[ERROR - 2025-10-25 10:47:24,250 - Worker_0] Status code == 403 for http://educacao.uol.com.br/noticias/2015/11/23/saresp-tem-prova-cancelada-nas-escolas-ocupadas-e-ameaca-de-boicote.htm, skipping...
[ERROR - 2025-10-25 10:47:24,408 - Worker_2] Status code == 403 for http://blogdojuca.uol.com.br/2015/11/numeros-que-impressionam/, skipping...
[ERROR - 2025-10-25 10:47:27,013 - Worker_3] Status code == 403 for http://noticias.uol.com.br/album/album-do-dia/2015/11/23/imagens-do-dia---23-de-novembro-de-2015.htm?abrefoto=22, skipping...
[ERROR - 2025-10-25 10:47:28,438 - Worker_0] Status code == 403 for http://noticias.uol.com.br/ultimas-noticias/agencia-estado/2015/11/23/mais-um-blogueiro-e-assassinado-no-maranhao.htm, skipping...
[ERROR - 2025-10-25 10:47:31,689 - Worker_4] Status code == 403 for http://noticias.uol.com.br/cotidiano/ultimas-noticias/2015/11/23/violao-da-estatua-de-tom-jobim-que-fica-em-ipanema-no-rio-e-danificado.htm, skipping...
[ERROR - 2025-10-25 10:47:35,905 - Worker_4] Status code == 403 for http://paginacinco.blogosfera.uol.com.br/2015/11/23/editora-lanca-livro-em-formato-de-guardanapo-jogo-americano-e-porta-copos/, skipping...
[ERROR - 2025-10-25 10:47:39,143 - Worker_1] Status code == 403 for http://educacao.uol.com.br/noticias/2015/11/23/tj-sp-nega-pedido-do-governo-para-reintegracao-de-posse-de-escolas-ocupadas.htm, skipping...
[ERROR - 2025-10-25 10:47:40,134 - Worker_4] Status code == 403 for http://maesdepeito.blogosfera.uol.com.br/2015/11/23/sling-e-para-todos-saiba-as-duvidas-mais-comuns-sobre-o-carregador-de-bebe/, skipping...
[ERROR - 2025-10-25 10:47:40,959 - Worker_0] Status code == 403 for http://noticias.uol.com.br/album/album-do-dia/2015/11/23/imagens-do-dia---23-de-novembro-de-2015.htm?abrefoto=3, skipping...
[ERROR - 2025-10-25 10:47:43,300 - Worker_1] Status code == 403 for http://noticias.uol.com.br/ultimas-noticias/deutschewelle/2015/11/23/opiniao-comeca-uma-nova-era-na-argentina.htm, skipping...
[ERROR - 2025-10-25 10:47:45,115 - Worker_0] Status code == 403 for http://noticias.uol.com.br/ultimas-noticias/afp/2015/11/23/franca-procura-formar-uma-coalizao-unica-contra-jihadistas.htm, skipping...
[ERROR - 2025-10-25 10:47:47,444 - Worker_1] Status code == 403 for http://noticias.uol.com.br/meio-ambiente/album/2015/11/23/lama-das-barragens-em-mariana-mg-chega-ao-mar-na-costa-do-es.htm?abrefoto=11, skipping...
[ERROR - 2025-10-25 10:47:51,756 - Worker_0] Status code == 403 for http://futebolemnumeros.blogosfera.uol.com.br/2015/11/23/corinthians-supera-flamengo-na-media-de-publico/, skipping...
[ERROR - 2025-10-25 10:47:55,929 - Worker_0] Status code == 403 for http://noticias.uol.com.br/ultimas-noticias/agencia-estado/2015/11/23/pm-mata-o-proprio-filho-para-defender-a-familia-em-praia-grande.htm, skipping...
[ERROR - 2025-10-25 10:48:00,066 - Worker_0] Status code == 403 for http://noticias.uol.com.br/cotidiano/ultimas-noticias/2015/11/23/apos-ataques-a-paris-muculmanas-relatam-agressoes-em-curitiba.htm, skipping...
[ERROR - 2025-10-25 10:48:01,159 - Worker_3] Status code == 403 for http://noticias.uol.com.br/internacional/ultimas-noticias/2015/11/23/mulher-tem-foto-confundida-com-a-de-terrorista-morta-em-acao-da-policia-em-paris.htm, skipping...
[ERROR - 2025-10-25 10:48:05,297 - Worker_3] Status code == 403 for http://noticias.uol.com.br/cotidiano/ultimas-noticias/2015/11/23/justica-mantem-habeas-corpus-que-impede-prisao-de-presidente-da-samarco.htm, skipping...
[ERROR - 2025-10-25 10:48:06,602 - Worker_0] Status code == 403 for http://noticias.uol.com.br/blogs-e-colunas/coluna/luiz-felipe-alencastro/2015/11/23/sede-da-otan-e-da-uniao-europeia-virou-ninho-do-jihadismo.htm, skipping...
[ERROR - 2025-10-25 10:48:15,891 - Worker_0] Status code == 403 for http://blogdoboleiro.blogosfera.uol.com.br/2015/11/23/lugano-e-sao-paulo-ja-trocam-ideias-zagueiro-foi-chamado-para-jogo-de-ceni/, skipping...
[ERROR - 2025-10-25 10:48:18,381 - Worker_2] Status code == 403 for http://fernandorodrigues.blogosfera.uol.com.br/2015/11/23/vitoria-de-macri-na-argentina-mostra-forca-da-alternancia-diz-fhc/, skipping...
[ERROR - 2025-10-25 10:48:22,136 - Worker_3] Status code == 403 for http://blogdobirner.blogosfera.uol.com.br/2015/11/23/leco-muito-nervoso-acerta-ao-cobrar-seriedade-e-nao-mexer-agora-no-elenco/, skipping...
[ERROR - 2025-10-25 10:48:22,619 - Worker_2] Status code == 403 for http://noticias.uol.com.br/ultimas-noticias/bbc/2015/11/23/os-altos-e-baixos-do-kirchnerismo-que-deixa-o-poder-na-argentina.htm, skipping...
[ERROR - 2025-10-25 10:48:24,727 - Worker_0] Status code == 403 for http://noticias.uol.com.br/cotidiano/ultimas-noticias/2015/11/23/jovem-e-esfaqueado-no-aeroporto-de-guarulhos-sp.htm, skipping...
[ERROR - 2025-10-25 10:48:25,105 - Worker_1] Status code == 403 for http://noticias.uol.com.br/midiaglobal/nytimes/2015/11/23/estudantes-exigem-justica-racial-na-universidade-de-princeton.htm, skipping...
[ERROR - 2025-10-25 10:48:29,008 - Worker_0] Status code == 403 for http://fernandorodrigues.blogosfera.uol.com.br/2015/11/23/saiba-como-o-governo-usou-a-fisiologia-para-impedir-o-aumento-do-judiciario/, skipping...
[ERROR - 2025-10-25 10:48:41,984 - Worker_1] Status code == 403 for http://josiasdesouza.blogosfera.uol.com.br/2015/11/23/cunha-adiara-votacao-no-conselho-pela-2a-vez/, skipping...
[ERROR - 2025-10-25 10:48:46,169 - Worker_1] Status code == 403 for http://noticias.uol.com.br/ultimas-noticias/agencia-estado/2015/11/23/pesquisadores-descobrem-especie-de-peixe.htm, skipping...
[ERROR - 2025-10-25 10:48:50,350 - Worker_1] Status code == 403 for http://noticias.uol.com.br/ultimas-noticias/agencia-estado/2015/11/24/onca-pintada-felipe-viaja-3-mil-km-de-volta-para-casa.htm, skipping...
[ERROR - 2025-10-25 10:48:50,425 - Worker_4] Status code == 403 for http://noticias.uol.com.br/internacional/ultimas-noticias/2015/11/24/belgica-indicia-quinto-suspeito-por-participacao-nos-atentados-de-paris.htm, skipping...
[ERROR - 2025-10-25 10:48:54,573 - Worker_4] Status code == 403 for http://noticias.uol.com.br/internacional/ultimas-noticias/2015/11/24/russia-confirma-morte-de-piloto-e-soldado-e-diz-que-helicoptero-de-resgate-foi-alvejado.htm, skipping...
[ERROR - 2025-10-25 10:48:54,613 - Worker_1] Status code == 403 for http://educacao.uol.com.br/noticias/2015/11/24/governo-de-sp-gasta-r-9-milhoes-com-propaganda-de-reorganizacao.htm, skipping...
[ERROR - 2025-10-25 10:49:41,471 - Worker_3] Status code == 403 for http://noticias.uol.com.br/ultimas-noticias/agencia-estado/2015/11/24/nao-ha-nenhuma-prova-contra-lula-afirma-sergio-moro.htm, skipping...
[ERROR - 2025-10-25 10:49:41,527 - Worker_0] Status code == 403 for http://futebolemnumeros.blogosfera.uol.com.br/2015/11/24/os-goleiros-menos-vazados-do-brasileirao-de-2015/, skipping...
[ERROR - 2025-10-25 10:49:42,570 - Worker_4] Status code == 403 for http://blogdoperrone.blogosfera.uol.com.br/2015/11/presidente-do-sao-paulo-e-aconselhado-a-romper-com-independente/, skipping...
[ERROR - 2025-10-25 10:49:46,958 - Worker_4] Status code == 403 for http://blogdomenon.blogosfera.uol.com.br/2015/11/24/tite-e-tele-pertencem-a-dois-mundos-diferentes/, skipping...
[ERROR - 2025-10-25 10:49:47,726 - Worker_1] Status code == 403 for http://noticias.uol.com.br/saude/ultimas-noticias/redacao/2015/11/24/para-naturee-pouco-provavel-que-pilula-do-cancer-seja-um-milagre.htm, skipping...
[ERROR - 2025-10-25 10:49:48,586 - Worker_0] Status code == 403 for http://nagradedomma.blogosfera.uol.com.br/2015/11/24/mcgregor-da-conselho-para-ronda-e-preve-em-quanto-tempo-vencera-aldo/, skipping...
[ERROR - 2025-10-25 10:49:52,728 - Worker_0] Status code == 403 for http://noticias.uol.com.br/internacional/ultimas-noticias/2015/11/24/onibus-da-guarda-presidencial-explode-na-capital-da-tunisia.htm, skipping...
[ERROR - 2025-10-25 10:50:01,535 - Worker_0] Status code == 403 for http://josecruz.blogosfera.uol.com.br/2015/11/joaquim-cruz-volta-a-passar-por-exames-antidoping/, skipping...
[ERROR - 2025-10-25 10:50:04,006 - Worker_1] Status code == 403 for http://noticias.uol.com.br/politica/ultimas-noticias/2015/11/24/pedido-de-vista-suspende-acao-contra-cunha-no-conselho-de-etica.htm, skipping...
[ERROR - 2025-10-25 10:50:10,508 - Worker_0] Status code == 403 for http://noticias.uol.com.br/politica/ultimas-noticias/2015/11/24/relator-vota-por-continuidade-de-acao-contra-cunha-arquivamento-temerario.htm, skipping...
[ERROR - 2025-10-25 10:50:12,590 - Worker_1] Status code == 403 for http://noticias.uol.com.br/cotidiano/ultimas-noticias/2015/11/24/gerente-de-restaurante-que-deu-bananas-a-entregadores-no-rio-e-demitido.htm, skipping...
[ERROR - 2025-10-25 10:50:21,319 - Worker_4] Status code == 403 for http://noticias.uol.com.br/album/2015/11/24/detentas-tem-dia-de-princesa-ao-participar-do-miss-penitenciaria-no-rj.htm?abrefoto=3, skipping...
[ERROR - 2025-10-25 10:50:31,980 - Worker_3] Status code == 403 for http://noticias.uol.com.br/cotidiano/ultimas-noticias/2015/11/24/moradores-da-floresta-da-tijuca-no-rio-idosos-vivem-sem-luz-ha-46-anos.htm, skipping...
[ERROR - 2025-10-25 10:50:38,612 - Worker_3] Status code == 403 for http://noticias.uol.com.br/cotidiano/ultimas-noticias/2015/11/24/prefiro-dar-o-exemplo-diz-motorista-que-ganhou-banana-de-gerente-no-rio.htm, skipping...
[ERROR - 2025-10-25 10:51:00,195 - Worker_0] Status code == 403 for http://blogdomariomagalhaes.blogosfera.uol.com.br/2015/11/24/licao-dos-opositores-argentinos-presidente-sai-das-urnas-nao-do-tapeta, skipping...
[ERROR - 2025-10-25 10:51:09,338 - Worker_0] Status code == 403 for http://mauriciostycer.blogosfera.uol.com.br/2015/11/23/terminar-os-dez-mandamentos-sem-mostrar-o-fim-da-historia-e-caso-de-procon/, skipping...
[ERROR - 2025-10-25 10:51:11,689 - Worker_2] Status code == 403 for http://noticias.uol.com.br/cotidiano/ultimas-noticias/2015/11/24/cachorro-e-salvo-pelo-telhado-apos-dias-ilhado-em-casa-destruida-em-mg.htm, skipping...
[ERROR - 2025-10-25 10:51:33,271 - Worker_4] Status code == 403 for http://noticias.uol.com.br/midiaglobal/elpais/2015/11/24/bruxelas-a-capital-da-uniao-europeia-entrincheirada.htm, skipping...
[ERROR - 2025-10-25 10:51:37,436 - Worker_4] Status code == 403 for http://noticias.uol.com.br/ultimas-noticias/efe/2015/11/25/piloto-do-bombardeiro-russo-abatido-nega-violacao-a-espaco-aereo-da-turquia.htm, skipping...
[ERROR - 2025-10-25 10:51:37,631 - Worker_3] Status code == 403 for http://noticias.uol.com.br/ultimas-noticias/bbc/2015/11/25/americana-que-pesava-18-kg-mostra-recuperacao-pos-anorexia-bancada-com-doacoes-online.htm, skipping...
[ERROR - 2025-10-25 10:51:44,466 - Worker_4] Status code == 403 for http://noticias.uol.com.br/ao-vivo/2015/11/25/senado-decide-sobre-prisao-de-delcidio-do-amaral.htm, skipping...
[ERROR - 2025-10-25 10:51:48,576 - Worker_0] Status code == 403 for http://blogdojuca.uol.com.br/2015/11/barcelona-poe-fogo-em-roma/, skipping...
[ERROR - 2025-10-25 10:51:57,735 - Worker_0] Status code == 403 for http://noticias.uol.com.br/ultimas-noticias/afp/2015/11/25/eua-investigam-walmart-por-corrupcao-no-brasil-diz-jornal.htm, skipping...
[ERROR - 2025-10-25 10:52:03,860 - Worker_4] Status code == 403 for http://educacao.uol.com.br/noticias/agencia-estado/2015/11/25/sp-reavaliara-fechamento-de-escola-que-fara-aluno-se-deslocar-por-55-km.htm, skipping...
[ERROR - 2025-10-25 10:52:08,012 - Worker_4] Status code == 403 for http://noticias.uol.com.br/cotidiano/ultimas-noticias/2015/11/25/justica-absolve-acusado-de-roubar-calcinhas-da-vizinha-no-interior-de-sp.htm, skipping...
[ERROR - 2025-10-25 10:52:08,926 - Worker_3] Status code == 403 for http://noticias.uol.com.br/ultimas-noticias/bbc/2015/11/25/prisao-de-delcidio-abre-precedente-que-pode-se-repetir-com-cunha-dizem-analistas.htm, skipping...
[ERROR - 2025-10-25 10:52:12,813 - Worker_1] Failed to connect with http://natelinha.ne10.uol.com.br/noticias/2015/11/25/justica-faz-band-recontratar-jornalista-demitido-enquanto-tratava-cancer-94463.php after 3 attempts, skipping...
[ERROR - 2025-10-25 10:52:16,067 - Worker_0] Status code == 403 for http://noticias.uol.com.br/midiaglobal/lemonde/2015/11/25/investigacao-sobre-autoria-de-ataque-no-mali-e-marcada-por-incertezas.htm, skipping...
[ERROR - 2025-10-25 10:52:24,591 - Worker_1] Status code == 403 for http://noticias.uol.com.br/ultimas-noticias/agencia-estado/2015/11/25/tambem-sou-uma-das-vitimas-diz-reu-no-caso-da-boate-kiss.htm, skipping...
[ERROR - 2025-10-25 10:52:27,395 - Worker_0] Status code == 403 for http://blogdomariomagalhaes.blogosfera.uol.com.br/2015/11/25/chanchada-psicodelica-chato-eviscera-o-pais-da-dercy-nao-do-shakespeare/, skipping...
[ERROR - 2025-10-25 10:52:28,738 - Worker_1] Status code == 403 for http://noticias.uol.com.br/cotidiano/ultimas-noticias/2015/11/24/moradores-da-floresta-da-tijuca-no-rio-idosos-vivem-sem-luz-ha-46-anos.htm, skipping...
[ERROR - 2025-10-25 10:52:31,558 - Worker_0] Status code == 403 for http://noticias.uol.com.br/ultimas-noticias/bbc/2015/11/25/onu-critica-brasil-vale-e-bhp-por-resposta-inaceitavel-a-desastre-de-mariana.htm, skipping...
[ERROR - 2025-10-25 10:52:35,384 - Worker_1] Status code == 403 for http://robertosadovski.blogosfera.uol.com.br/2015/11/25/nada-de-vingadores-foco-de-guerra-civil-ainda-e-o-capitao-america/, skipping...
[ERROR - 2025-10-25 10:52:39,626 - Worker_1] Status code == 403 for http://dralexandrefaisal.blogosfera.uol.com.br/2015/11/13/risco-de-morte-materna-relacionado-a-interrupcao-legal-da-gravidez-e-raro/, skipping...
[ERROR - 2025-10-25 10:52:42,239 - Worker_4] Status code == 403 for http://blogdojuca.uol.com.br/2015/11/sepulveda-pertence-sera-o-ouvidor-da-primeira-liga/, skipping...
[ERROR - 2025-10-25 10:52:42,696 - Worker_0] Status code == 403 for http://noticias.uol.com.br/ultimas-noticias/bbc/2015/11/25/captagon-a-droga-dos-jihadistas-que-alimenta-a-guerra-civil-na-siria.htm, skipping...
[ERROR - 2025-10-25 10:52:44,212 - Worker_2] Failed to connect with http://natelinha.ne10.uol.com.br/celebridades/2015/11/25/show-solo-de-joelma-em-recife-e-cancelado-apos-protestos-nas-redes-sociais-94465.php after 3 attempts, skipping...
[ERROR - 2025-10-25 10:52:46,867 - Worker_0] Status code == 403 for http://noticias.uol.com.br/album/2015/01/05/charges-2015.htm?abrefoto=263, skipping...
[ERROR - 2025-10-25 10:52:47,617 - Worker_3] Status code == 403 for http://noticias.uol.com.br/internacional/ultimas-noticias/2015/11/25/nao-me-sinto-segura-aqui-diz-judia-sobre-antissemitismo-na-franca.htm, skipping...
[ERROR - 2025-10-25 10:52:49,174 - Worker_1] Status code == 403 for http://nagradedomma.blogosfera.uol.com.br/2015/11/25/vale-tudo-para-motivar-lutadora-leva-tapa-de-tecnico-no-intervalo-de-luta/, skipping...
[ERROR - 2025-10-25 10:52:51,253 - Worker_0] Status code == 403 for http://josecruz.blogosfera.uol.com.br/2015/11/america-mg-retorna-a-serie-a-com-verba-publica-da-lei-de-incentivo/, skipping...
[ERROR - 2025-10-25 10:52:53,672 - Worker_2] Status code == 404 for http://esporte.uol.com.br/f1/ultimas-noticias/2015/11/25/mundial-de-pilotos-ainda-tem-brigas-abertas-no-ultimo-gp-do-ano-confira.htm, skipping...
[ERROR - 2025-10-25 10:53:02,485 - Worker_2] Status code == 403 for http://economia.uol.com.br/financas-pessoais/noticias/redacao/2015/11/25/alta-taxa-de-juros-torna-renda-fixa-atraente-e-afugenta-investidor-do-risco.htm, skipping...
[ERROR - 2025-10-25 10:53:17,549 - Worker_4] Status code == 403 for http://maesdepeito.blogosfera.uol.com.br/2015/11/25/coworking-materno-faz-campanha-para-nao-encerrar-atividades/, skipping...
[ERROR - 2025-10-25 10:53:24,045 - Worker_4] Status code == 403 for http://blogdobrito.blogosfera.uol.com.br/2015/11/25/em-severa-crise-brasilia-pede-ate-ambulancias-da-rio-2016/, skipping...
[ERROR - 2025-10-25 10:53:26,399 - Worker_3] Status code == 403 for http://josiasdesouza.blogosfera.uol.com.br/2015/11/25/delcidio-queria-calar-tambem-duque-diz-teori/, skipping...
[ERROR - 2025-10-25 10:53:35,497 - Worker_0] Status code == 403 for http://educacao.uol.com.br/noticias/2015/11/25/sp-pm-e-alunos-entram-em-confronto-em-escola-ocupada-seis-sao-indiciados.htm, skipping...
[ERROR - 2025-10-25 10:53:36,692 - Worker_2] Status code == 403 for http://educacao.uol.com.br/noticias/2015/11/25/sobe-para-174-numero-de-escolas-ocupadas-no-estado-de-sp.htm, skipping...
[ERROR - 2025-10-25 10:53:40,946 - Worker_2] Status code == 403 for http://noticias.uol.com.br/album/album-do-dia/2015/11/26/imagens-do-dia---26-de-novembro-de-2015.htm?abrefoto=15, skipping...
[ERROR - 2025-10-25 10:53:43,952 - Worker_1] Failed to connect with http://flaviogomes.grandepremio.uol.com.br/2015/11/o-neo-futebol/ after 3 attempts, skipping...
[ERROR - 2025-10-25 10:53:44,305 - Worker_3] Status code == 403 for http://noticias.uol.com.br/saude/ultimas-noticias/estado/2015/11/26/hospitais-de-sp-vao-testar-pilula-do-cancer-em-mil-pacientes.htm, skipping...
[ERROR - 2025-10-25 10:53:48,467 - Worker_3] Status code == 403 for http://noticias.uol.com.br/blogs-e-colunas/coluna/jorge-ramos/2015/11/26/estado-islamico-conseguiu-o-impensavel-levar-a-guerra-ate-paris.htm, skipping...
[ERROR - 2025-10-25 10:53:52,626 - Worker_3] Status code == 403 for http://noticias.uol.com.br/ultimas-noticias/agencia-estado/2015/11/26/justica-desbloqueia-r-74-milhoes-da-bombardier-citada-no-cartel-de-trens-de-sp.htm, skipping...
[ERROR - 2025-10-25 10:54:03,396 - Worker_4] Status code == 403 for http://noticias.uol.com.br/cotidiano/ultimas-noticias/2015/11/26/apostadores-do-df-tentam-pegar-sorte-em-loterica-onde-saiu-premio-recorde.htm, skipping...
[ERROR - 2025-10-25 10:54:04,444 - Worker_1] Status code == 403 for http://noticias.uol.com.br/ultimas-noticias/agencia-estado/2015/11/26/juiz-acusa-samarco-de-esconder-dinheiro-para-evitar-bloqueio.htm, skipping...
[ERROR - 2025-10-25 10:54:08,676 - Worker_1] Status code == 403 for http://noticias.uol.com.br/cotidiano/ultimas-noticias/2015/11/25/saem-os-numeros-da-mega-sena-de-r-200-milhoes.htm, skipping...
[ERROR - 2025-10-25 10:54:14,751 - Worker_4] Status code == 403 for http://blogdoavallone.blogosfera.uol.com.br/2015/11/26/o-santos-saiu-na-frente-mas-o-palmeiras-ainda-tem-boas-chances/, skipping...
[ERROR - 2025-10-25 10:54:19,725 - Worker_2] Status code == 403 for http://josiasdesouza.blogosfera.uol.com.br/2015/11/26/reunioes-de-delcidio-tinham-ritual-antigravacao/, skipping...
[ERROR - 2025-10-25 10:54:22,476 - Worker_0] Status code == 403 for http://noticias.uol.com.br/ultimas-noticias/agencia-estado/2015/11/26/mesmo-preso-delcidio-permanece-como-senador-e-recebera-r-337-mil-de-salario.htm, skipping...
[ERROR - 2025-10-25 10:54:23,963 - Worker_2] Status code == 403 for http://educacao.uol.com.br/noticias/2015/11/26/professora-relata-agressao-de-pm-a-aluno-de-ocupacao-em-caieiras.htm, skipping...
[ERROR - 2025-10-25 10:54:33,325 - Worker_2] Status code == 403 for http://tecnologia.uol.com.br/noticias/redacao/2015/11/26/como-criar-gifs-animados-com-a-camera-do-seu-celular-veja-o-passo-a-passo.htm, skipping...
[ERROR - 2025-10-25 10:54:36,463 - Worker_3] Status code == 403 for http://abiliodiniz.blogosfera.uol.com.br/2015/11/26/santos-vence-mas-sonho-palmeirense-ainda-esta-vivo/, skipping...
[ERROR - 2025-10-25 10:54:37,479 - Worker_2] Status code == 403 for http://educacao.uol.com.br/noticias/2015/11/26/alunos-da-ufpe-confundem-choque-com-performance-e-aplaudem-vitima.htm, skipping...
[ERROR - 2025-10-25 10:54:43,211 - Worker_1] Status code == 403 for http://noticias.bol.uol.com.br/ultimas-noticias/brasil/2015/11/25/saiba-como-estao-as-marias-as-porcas-resgatadas-do-acidente-no-rodoanel-ha-3-meses.htm, skipping...
[ERROR - 2025-10-25 10:54:47,403 - Worker_1] Status code == 403 for http://noticias.uol.com.br/ciencia/album/2015/11/04/veja-imagens-de-ciencia-do-mes-novembro2015.htm?abrefoto=23, skipping...
[ERROR - 2025-10-25 10:54:50,557 - Worker_2] Status code == 403 for http://noticias.uol.com.br/ciencia/ultimas-noticias/bbc/2015/11/26/nasa-acredita-ter-resolvido-misterio-sobre-megaestrutura-alienigena-no-espaco.htm, skipping...
[ERROR - 2025-10-25 10:54:51,557 - Worker_1] Status code == 403 for http://noticias.uol.com.br/politica/ultimas-noticias/2015/11/25/como-votou-cada-senador-sobre-prisao-de-delcidio-do-amaral.htm, skipping...
[ERROR - 2025-10-25 10:54:54,700 - Worker_2] Status code == 403 for http://noticias.uol.com.br/cotidiano/ultimas-noticias/2015/11/24/moradores-da-floresta-da-tijuca-no-rio-idosos-vivem-sem-luz-ha-46-anos.htm, skipping...
[ERROR - 2025-10-25 10:54:55,741 - Worker_1] Status code == 403 for http://noticias.uol.com.br/ultimas-noticias/bbc/2015/11/26/homem-e-condenado-nos-eua-apos-matar-esposa-e-postar-foto-de-corpo-no-facebook.htm, skipping...
[ERROR - 2025-10-25 10:55:07,146 - Worker_2] Failed to connect with http://procurasecachorro.uol.com.br/blog/2015/11/26/caes-resgatados-de-incendio-em-sao-paulo-recebem-os-primeiros-cuidados/ after 3 attempts, skipping...
[ERROR - 2025-10-25 10:55:22,208 - Worker_0] Status code == 403 for http://nagradedomma.blogosfera.uol.com.br/2015/11/26/gsp-abre-o-jogo-e-diz-que-briga-com-dana-ajudou-na-decisao-de-deixar-o-mma/, skipping...
[ERROR - 2025-10-25 10:55:26,714 - Worker_4] Status code == 403 for http://noticias.uol.com.br/politica/ultimas-noticias/2015/11/26/pareceres-sobre-todos-pedidos-de-impeachment-ja-estao-concluidos-diz-cunha.htm, skipping...
[ERROR - 2025-10-25 10:55:28,768 - Worker_0] Status code == 403 for http://noticias.uol.com.br/ultimas-noticias/agencia-estado/2015/11/26/cpi-da-funai-e-do-incra-convoca-presidente-da-samarco.htm, skipping...
[ERROR - 2025-10-25 10:55:30,882 - Worker_4] Status code == 403 for http://noticias.uol.com.br/album/album-do-dia/2015/11/26/imagens-do-dia---26-de-novembro-de-2015.htm?abrefoto=10, skipping...
[ERROR - 2025-10-25 10:55:32,997 - Worker_0] Status code == 403 for http://josecruz.blogosfera.uol.com.br/2015/11/a-delinquencia-institucional-chegou-tambem-ao-esporte/, skipping...
[ERROR - 2025-10-25 10:55:35,052 - Worker_4] Status code == 403 for http://noticias.uol.com.br/ultimas-noticias/agencia-estado/2015/11/26/vencedor-da-mega-sena-retira-premio-de-r-205-milhoes-no-df.htm, skipping...
[ERROR - 2025-10-25 10:55:39,215 - Worker_4] Status code == 403 for http://noticias.uol.com.br/internacional/ultimas-noticias/2015/11/26/veja-reacao-de-homem-ao-deixar-prisao-apos-44-anos-e-visitar-times-square.htm, skipping...
[ERROR - 2025-10-25 10:55:43,406 - Worker_4] Status code == 403 for http://noticias.uol.com.br/midiaglobal/lemonde/2015/11/26/policiais-servios-liberam-entrada-de-refugiados-em-fronteira.htm, skipping...
[ERROR - 2025-10-25 10:55:45,650 - Worker_3] Status code == 403 for http://blogdojuca.uol.com.br/2015/11/primeira-liga-tera-bom-senso-fc-em-seu-conselho-tecnico/, skipping...
[ERROR - 2025-10-25 10:55:47,613 - Worker_4] Status code == 403 for http://noticias.uol.com.br/ultimas-noticias/agencia-estado/2015/11/26/abi-questiona-no-supremo-lei-do-direito-de-resposta.htm, skipping...
[ERROR - 2025-10-25 10:55:50,805 - Worker_2] Status code == 403 for http://brasilianismo.blogosfera.uol.com.br/2015/11/27/mundo-ve-prisoes-da-lava-jato-como-bomba-nuclear-que-faz-tremer-o-pais/, skipping...
[ERROR - 2025-10-25 10:55:51,188 - Worker_1] Status code == 403 for http://noticias.uol.com.br/saude/ultimas-noticias/redacao/2015/11/27/confirmada-primeira-morte-por-zika-virus-no-brasil-vitima-era-do-maranhao.htm, skipping...
[ERROR - 2025-10-25 10:55:55,428 - Worker_1] Status code == 403 for http://educacao.uol.com.br/noticias/agencia-estado/2015/11/27/corte-de-bonus-deve-ate-afetar-15-mil-servidores-na-rede-estadual-de-sp.htm, skipping...
[ERROR - 2025-10-25 10:55:56,547 - Worker_4] Status code == 403 for http://blogdoboleiro.blogosfera.uol.com.br/2015/11/27/em-dia-de-lagrimas-levir-admite-dirigir-sao-paulo-nao-duvido-nada/, skipping...
[ERROR - 2025-10-25 10:56:00,165 - Worker_2] Status code == 403 for http://educacao.uol.com.br/noticias/2015/11/27/justica-determina-reintegracao-de-posse-de-17-escolas-no-interior-de-sp.htm, skipping...
[ERROR - 2025-10-25 10:56:00,742 - Worker_4] Status code == 403 for http://noticias.uol.com.br/meio-ambiente/ultimas-noticias/redacao/2015/11/27/vale-admite-presenca-de-arsenico-chumbo-e-outros-metais-no-rio-doce.htm, skipping...
[ERROR - 2025-10-25 10:56:09,672 - Worker_4] Status code == 403 for http://blogdomariomagalhaes.blogosfera.uol.com.br/2015/11/27/uma-foto-para-a-historia/, skipping...
[ERROR - 2025-10-25 10:56:13,908 - Worker_4] Status code == 403 for http://blogdoico.blogosfera.uol.com.br/2015/11/27/fenomeno-holandes-dobra-popularidade-da-f-1-em-seu-pais/, skipping...
[ERROR - 2025-10-25 10:56:20,530 - Worker_4] Status code == 403 for http://noticias.uol.com.br/midiaglobal/nytimes/2015/11/27/ataques-em-paris-fazem-muitos-na-franca-quererem-se-juntar-a-luta.htm, skipping...
[ERROR - 2025-10-25 10:56:27,099 - Worker_4] Status code == 403 for http://nagradedomma.blogosfera.uol.com.br/2015/11/27/ronda-rousey-da-as-caras-pela-primeira-vez-apos-nocaute/, skipping...
[ERROR - 2025-10-25 10:56:36,461 - Worker_4] Status code == 403 for http://noticias.uol.com.br/ultimas-noticias/agencia-estado/2015/11/27/brasil-pode-ganhar-em-breve-30-novos-santos-de-uma-so-vez.htm, skipping...
[ERROR - 2025-10-25 10:56:41,992 - Worker_1] Status code == 403 for http://noticias.uol.com.br/ultimas-noticias/bbc/2015/11/27/entrevista-pt-foi-varrido-por-tsunami-diz-eduardo-suplicy.htm, skipping...
[ERROR - 2025-10-25 10:56:48,565 - Worker_1] Status code == 403 for http://noticias.uol.com.br/cotidiano/ultimas-noticias/2015/11/27/aviao-faz-pouso-forcado-na-rodovia-dos-bandeirantes-em-sp.htm, skipping...
[ERROR - 2025-10-25 10:56:52,769 - Worker_1] Status code == 403 for http://noticias.uol.com.br/ultimas-noticias/agencia-estado/2015/11/27/oposicao-resiste-mas-vai-ao-conselho-de-etica.htm, skipping...
[ERROR - 2025-10-25 10:56:56,072 - Worker_0] Status code == 403 for http://uolesporte.blogosfera.uol.com.br/2015/11/27/mulher-de-fred-afasta-assedio-feminino-tem-muito-homem-no-mundo/, skipping...
[ERROR - 2025-10-25 10:56:56,523 - Worker_3] Status code == 403 for http://noticias.uol.com.br/internacional/ultimas-noticias/2015/11/27/homem-abre-fogo-em-clinica-de-colorado-springs-eua-tres-policiais-ficam-feridos.htm, skipping...
[ERROR - 2025-10-25 10:56:56,928 - Worker_1] Status code == 403 for http://uolesporte.blogosfera.uol.com.br/2015/11/27/o-futebol-uniu-o-sudao-ao-menos-por-90-minutos/, skipping...
[ERROR - 2025-10-25 10:57:00,311 - Worker_0] Status code == 403 for http://oblogdorugbi.blogosfera.uol.com.br/2015/11/27/brasil-encara-alemanha-desta-vez-no-rugbi-e-pela-primeira-vez-na-historia/, skipping...
[ERROR - 2025-10-25 10:57:00,666 - Worker_3] Status code == 403 for http://noticias.uol.com.br/cotidiano/ultimas-noticias/2015/11/27/mais-dois-corpos-vitimas-da-tragedia-de-mariana-mg-sao-identificados.htm, skipping...
[ERROR - 2025-10-25 10:57:04,525 - Worker_0] Status code == 403 for http://noticias.uol.com.br/album/2015/04/20/crise-de-imigracao-na-europa.htm?abrefoto%20=294, skipping...
[ERROR - 2025-10-25 10:57:04,816 - Worker_3] Status code == 403 for http://noticias.uol.com.br/ultimas-noticias/reuters/2015/11/27/nsa-encerra-vigilancia-de-ligacoes-telefonicas-ate-domingo-nos-eua.htm, skipping...
[ERROR - 2025-10-25 10:57:09,015 - Worker_0] Status code == 403 for http://pvc.blogosfera.uol.com.br/2015/11/27/sabella-disse-ao-atletico-que-nao-quer-voltar-ao-futebol-neste-momento/, skipping...
[ERROR - 2025-10-25 10:57:13,234 - Worker_0] Status code == 403 for http://doutorjairo.blogosfera.uol.com.br/2015/11/24/mulheres-com-tpm-podem-ser-mais-propensas-a-ter-pressao-alta/, skipping...
[ERROR - 2025-10-25 10:57:13,976 - Worker_2] Status code == 403 for http://blogdobaldini.blogosfera.uol.com.br/2015/11/27/medo-de-terrorismo-tira-publico-da-pesagem-de-klitschko-x-fury/, skipping...
[ERROR - 2025-10-25 10:57:23,231 - Worker_2] Status code == 403 for http://doutorjairo.blogosfera.uol.com.br/2015/11/27/estudo-associa-medo-de-ficar-por-fora-e-abuso-de-alcool/, skipping...
[ERROR - 2025-10-25 10:57:27,422 - Worker_2] Status code == 403 for http://noticias.uol.com.br/cotidiano/ultimas-noticias/2015/11/27/governo-anuncia-acao-judicial-de-r-20-bi-contra-samarco-vale-e-bhp.htm, skipping...
[ERROR - 2025-10-25 10:57:27,461 - Worker_4] Status code == 403 for http://noticias.uol.com.br/album/album-do-dia/2015/11/27/imagens-do-dia---27-de-novembro-de-2015.htm?abrefoto=13, skipping...
[ERROR - 2025-10-25 10:57:31,615 - Worker_2] Status code == 403 for http://noticias.uol.com.br/album/2015/11/27/viagem-do-papa-francisco-a-africa.htm?abrefoto=9, skipping...
[ERROR - 2025-10-25 10:57:38,250 - Worker_2] Status code == 403 for http://rodrigomattos.blogosfera.uol.com.br/2015/11/27/aumento-da-cota-de-clubes-depende-de-revisao-de-orcamento-da-conmebol/, skipping...
[ERROR - 2025-10-25 10:57:42,606 - Worker_2] Status code == 403 for http://josecruz.blogosfera.uol.com.br/2015/11/goteiras-suspendem-pela-segunda-vez-evento-internacional-em-brasilia/, skipping...
[ERROR - 2025-10-25 10:57:46,910 - Worker_2] Status code == 403 for http://josiasdesouza.blogosfera.uol.com.br/2015/11/27/abandonado-delcidio-ameaca-falar-o-que-sabe/, skipping...
[ERROR - 2025-10-25 10:57:51,151 - Worker_2] Status code == 403 for http://paginacinco.blogosfera.uol.com.br/2015/11/27/escritor-recebe-mensagem-aconselhando-a-fazer-stand-up-durante-palestra/, skipping...
[ERROR - 2025-10-25 10:58:00,156 - Worker_3] Status code == 403 for http://noticias.uol.com.br/ultimas-noticias/afp/2015/11/28/russia-anuncia-represalias-economicas-contra-turquia-por-abate-de-aviao.htm, skipping...
[ERROR - 2025-10-25 10:58:04,300 - Worker_3] Status code == 403 for http://noticias.uol.com.br/internacional/ultimas-noticias/the-new-york-times/2015/11/28/indonesia-apresenta-contestacao-muculmana-a-ideologia-do-estado-islamico.htm, skipping...
[ERROR - 2025-10-25 10:58:04,304 - Worker_0] Status code == 403 for http://noticias.uol.com.br/opiniao/coluna/2015/11/28/na-dor-brasileiro-esta-aprendendo-a-economizar.htm, skipping...
[ERROR - 2025-10-25 10:58:08,593 - Worker_3] Status code == 403 for http://educacao.uol.com.br/noticias/agencia-estado/2015/11/28/alckmin-reduz-pelo-2-ano-consecutivo-parte-da-educacao-no-orcamento.htm, skipping...
[ERROR - 2025-10-25 10:58:11,010 - Worker_4] Status code == 403 for http://educacao.uol.com.br/noticias/2015/11/28/doacoes-ajudam-a-manter-ocupacoes-em-escolas-de-sao-paulo.htm, skipping...
[ERROR - 2025-10-25 10:58:12,919 - Worker_3] Status code == 403 for http://balanacesta.blogosfera.uol.com.br/2015/11/28/podcast-bnc-a-agitada-semana-do-basquete-nacional/, skipping...
[ERROR - 2025-10-25 10:58:15,210 - Worker_4] Status code == 403 for http://noticias.uol.com.br/ultimas-noticias/agencia-estado/2015/11/28/governo-prepara-manual-anticorrupcao-nas-estatais.htm, skipping...
[ERROR - 2025-10-25 10:58:19,404 - Worker_4] Status code == 403 for http://noticias.uol.com.br/album/2015/11/25/natal-pelo-mundo.htm?abrefoto=21, skipping...
[ERROR - 2025-10-25 10:58:19,610 - Worker_3] Status code == 403 for http://uolesporte.blogosfera.uol.com.br/2015/11/27/tecnico-da-inter-de-milao-leva-ovada-de-felipe-melo/, skipping...
[ERROR - 2025-10-25 10:58:23,560 - Worker_4] Status code == 403 for http://noticias.uol.com.br/album/2015/04/20/crise-de-imigracao-na-europa.htm?abrefoto=296, skipping...
[ERROR - 2025-10-25 10:58:24,186 - Worker_1] Status code == 403 for http://educacao.uol.com.br/noticias/bbc/2015/11/24/por-que-os-alunos-de-harvard-tem-que-jurar-que-nao-irao-colar.htm, skipping...
[ERROR - 2025-10-25 10:58:28,415 - Worker_1] Status code == 403 for http://josiasdesouza.blogosfera.uol.com.br/2015/11/28/lava-jato-exibe-lado-de-dentro-do-nosso-abismo/, skipping...
[ERROR - 2025-10-25 10:58:28,786 - Worker_3] Status code == 403 for http://noticias.uol.com.br/meio-ambiente/ultimas-noticias/redacao/2015/11/28/plantar-arvore-na-praca-ajuda-a-combater-o-aquecimento-global.htm, skipping...
[ERROR - 2025-10-25 10:58:34,968 - Worker_1] Status code == 403 for http://blogdoperrone.blogosfera.uol.com.br/2015/11/dinheiro-e-obstaculo-para-controle-externo-contra-erros-de-arbitragem/, skipping...
[ERROR - 2025-10-25 10:58:40,244 - Worker_4] Status code == 403 for http://noticias.uol.com.br/album/2015/11/28/noivas-descem-do-salto-e-participam-de-corrida-por-casamento-dos-sonhos.htm?abrefoto=1, skipping...
[ERROR - 2025-10-25 10:58:45,055 - Worker_1] Failed to connect with http://natelinha.ne10.uol.com.br/espelhomeu/saude/2015/11/21/conheca-os-beneficios-da-batata-doce-e-adote-o-alimento-na-sua-dieta-355.php after 3 attempts, skipping...
[ERROR - 2025-10-25 10:58:48,465 - Worker_3] Status code == 403 for http://noticias.uol.com.br/ultimas-noticias/agencia-estado/2015/11/28/policia-investiga-estupro-dentro-do-alojamento-da-ufrj.htm, skipping...
[ERROR - 2025-10-25 10:58:58,469 - Worker_3] Status code == 404 for http://esporte.uol.com.br/f1/ultimas-noticias/2015/11/28/rosberg-faz-a-sexta-pole-seguida-e-largada-na-frente-em-abu-dhabi.htm, skipping...
[ERROR - 2025-10-25 10:59:01,874 - Worker_0] Status code == 403 for http://educacao.uol.com.br/noticias/2015/11/29/alunos-de-escolas-ocupadas-querem-abonar-dias-letivos-com-aula-voluntaria.htm, skipping...
[ERROR - 2025-10-25 10:59:07,690 - Worker_3] Status code == 403 for http://uolesporte.blogosfera.uol.com.br/2015/11/29/ele-ficou-parado-na-frente-do-goleiro-e-marcou-o-gol-mesmo-assim/, skipping...
[ERROR - 2025-10-25 10:59:19,338 - Worker_3] Status code == 403 for http://uolesporte.blogosfera.uol.com.br/2015/11/29/tim-tebow-olivia-culpo-namoro/, skipping...
[ERROR - 2025-10-25 10:59:21,366 - Worker_0] Status code == 404 for http://esporte.uol.com.br/f1/ultimas-noticias/2015/11/29/em-cena-rara-mulher-sobe-ao-podio-na-formula-1-mas-nao-pela-primeira-vez.htm, skipping...
[ERROR - 2025-10-25 10:59:29,904 - Worker_4] Status code == 404 for http://esporte.uol.com.br/f1/ultimas-noticias/2015/11/29/rosberg-bate-hamilton-pela-terceira-vez-seguida-e-fecha-o-ano-com-vitoria.htm, skipping...
[ERROR - 2025-10-25 10:59:30,532 - Worker_3] Status code == 403 for http://nilsonxavier.blogosfera.uol.com.br/2015/11/29/totalmente-demais-agrada-quem-prefere-a-fantasia-ao-inves-da-realidade/, skipping...
[ERROR - 2025-10-25 10:59:34,285 - Worker_4] Status code == 403 for http://noticias.uol.com.br/album/album-do-dia/2015/11/29/imagens-do-dia---29-de-novembro-de-2015.htm?abrefoto=16, skipping...
[ERROR - 2025-10-25 10:59:39,289 - Worker_0] Status code == 403 for http://tecnologia.uol.com.br/album/2015/04/03/humor2015.htm?abrefoto=46, skipping...
[ERROR - 2025-10-25 10:59:42,202 - Worker_1] Status code == 403 for http://noticias.uol.com.br/ultimas-noticias/efe/2015/11/29/turquia-recupera-corpo-de-piloto-russo-apos-derrubada-de-aviao-na-siria.htm, skipping...
[ERROR - 2025-10-25 10:59:43,431 - Worker_0] Status code == 403 for http://noticias.uol.com.br/meio-ambiente/ultimas-noticias/bbc/2015/11/29/5-plantas-que-a-nasa-recomenda-para-purificar-o-ar-da-sua-casa.htm, skipping...
[ERROR - 2025-10-25 10:59:45,819 - Worker_3] Status code == 403 for http://noticias.uol.com.br/album/2015/11/29/comeco-da-cop-de-paris-tem-manifestacoes-e-confrontos-com-a-policia.htm?abrefoto=19, skipping...
[ERROR - 2025-10-25 10:59:50,382 - Worker_3] Status code == 403 for http://abiliodiniz.blogosfera.uol.com.br/2015/11/29/sao-paulo-dos-milagres/, skipping...
[ERROR - 2025-10-25 10:59:51,042 - Worker_2] Status code == 404 for http://entretenimento.uol.com.br/album/2015/11/29/cintia-mello-e-aline-riscado.htm?abrefoto=2, skipping...
[ERROR - 2025-10-25 10:59:54,122 - Worker_4] Status code == 500 for http://musica.uol.com.br/noticias/redacao/2015/11/29/depois-de-cantor-rock-publico-do-brahma-valley-cai-no-funk-com-mr-catra.htm, skipping...
[ERROR - 2025-10-25 10:59:55,814 - Worker_2] Status code == 404 for http://esporte.uol.com.br/f1/ultimas-noticias/2015/11/29/brasileiros-tem-fim-de-ano-melancolico-mas-terminam-2015-satisfeitos.htm, skipping...
[ERROR - 2025-10-25 10:59:58,169 - Worker_0] Failed to connect with http://natelinha.ne10.uol.com.br/celebridades/2015/11/28/joana-machado-causa-alvoroco-na-web-ao-postar-foto-nua-deusa-da-beleza-94552.php after 3 attempts, skipping...
[ERROR - 2025-10-25 10:59:59,369 - Worker_3] Status code == 403 for http://noticias.uol.com.br/album/album-do-dia/2015/11/29/imagens-do-dia---29-de-novembro-de-2015.htm?abrefoto=18, skipping...
[ERROR - 2025-10-25 11:00:02,495 - Worker_0] Status code == 403 for http://mauriciostycer.blogosfera.uol.com.br/2015/11/28/boni-sobre-o-jn-levantar-botar-apelido-chamar-de-maju-nao-tem-sentido/, skipping...
[ERROR - 2025-10-25 11:00:20,533 - Worker_0] Status code == 403 for http://blogdoico.blogosfera.uol.com.br/2015/08/01/para-piquet-nelsinho-sofreu-lavagem-cerebral-em-cingapura-2008/, skipping...
[ERROR - 2025-10-25 11:00:27,045 - Worker_0] Status code == 403 for http://blogdoico.blogosfera.uol.com.br/2015/07/31/piquet-senna-sempre-foi-um-piloto-sujo-na-sua-carreira/, skipping...
[ERROR - 2025-10-25 11:00:28,362 - Worker_4] Status code == 403 for http://noticias.uol.com.br/midiaglobal/elpais/2015/08/01/no-alvo-de-politicos-e-da-populacao-touradas-sao-postas-em-xeque-na-espanha.htm, skipping...
[ERROR - 2025-10-25 11:00:31,196 - Worker_0] Status code == 403 for http://noticias.uol.com.br/ultimas-noticias/reuters/2015/08/01/empresas-de-trump-pediram-vistos-para-contratar-mais-de-1100-estrangeiros.htm, skipping...
[ERROR - 2025-10-25 11:00:43,542 - Worker_4] Status code == 403 for http://noticias.uol.com.br/saude/ultimas-noticias/bbc/2015/08/01/azeite-milho-ou-canola-pesquisa-identifica-oleos-mais-saudaveis-para-cozinhar.htm, skipping...
[ERROR - 2025-10-25 11:00:46,977 - Worker_2] Status code == 403 for http://blogdosakamoto.blogosfera.uol.com.br/2015/08/01/no-trilho-do-trem-morreu-na-contramao-atrapalhando-o-trafego/, skipping...
[ERROR - 2025-10-25 11:00:47,693 - Worker_4] Status code == 403 for http://noticias.uol.com.br/ultimas-noticias/efe/2015/07/31/hillary-e-bill-clinton-ganharam-cerca-de-us-141-milhoes-nos-ultimos-8-anos.htm, skipping...
[ERROR - 2025-10-25 11:00:50,109 - Worker_1] Status code == 403 for http://noticias.uol.com.br/ultimas-noticias/agencia-estado/2015/08/01/paciente-e-morto-com-7-tiros-dentro-de-hospital-em-bh.htm, skipping...
[ERROR - 2025-10-25 11:00:51,144 - Worker_2] Status code == 403 for http://noticias.uol.com.br/cotidiano/ultimas-noticias/2015/08/01/confira-as-dezenas-da-mega-sena-deste-sabado-premio-e-de-r-3-milhoes.htm, skipping...
[ERROR - 2025-10-25 11:00:57,686 - Worker_4] Status code == 403 for http://uolesporte.blogosfera.uol.com.br/2015/08/01/kaka-comparece-a-igreja-em-orlando-apos-fim-de-casamento/, skipping...
[ERROR - 2025-10-25 11:01:00,583 - Worker_3] Failed to connect with http://esporte.uol.com.br/futebol/ultimas-noticias/2015/11/29/neymar-e-a-maior-celebridade-brasileira-diz-forbes-r-augusto-na-lista.htm after 3 attempts, skipping...
[ERROR - 2025-10-25 11:01:09,297 - Worker_1] Status code == 404 for http://guia.uol.com.br/album/2015/07/31/exposicao-na-grande-sp-exibe-cem-miniaturas-de-motocicletas.htm#fotoNav=3, skipping...
[ERROR - 2025-10-25 11:01:18,999 - Worker_4] Status code == 403 for http://noticias.uol.com.br/tabloide/ultimas-noticias/tabloideanas/2015/08/01/e-inveja-de-itu-mineiros-fazem-doces-de-abobora-de-leite-e-queijo-tamanho-gg.htm, skipping...
[ERROR - 2025-10-25 11:01:29,401 - Worker_4] Status code == 403 for http://nagradedomma.blogosfera.uol.com.br/2015/08/01/a-campea-tem-medo-ronda-explica-o-que-e-mais-duro-enfrentar-como-lutadora/, skipping...
[ERROR - 2025-10-25 11:01:30,597 - Worker_1] Status code == 403 for http://noticias.uol.com.br/album/2015/07/31/flores-embelezam-o-cinza-de-sao-paulo.htm?abrefoto=8, skipping...
[ERROR - 2025-10-25 11:01:35,956 - Worker_4] Status code == 403 for http://noticias.uol.com.br/ultimas-noticias/bbc/2015/08/01/saiba-se-seu-conjuge-e-um-tirano-financeiro.htm, skipping...
[ERROR - 2025-10-25 11:01:40,101 - Worker_4] Status code == 403 for http://noticias.uol.com.br/ultimas-noticias/agencia-estado/2015/08/01/pais-deixa-conselho-de-direitos-humanos-da-onu.htm, skipping...
[ERROR - 2025-10-25 11:01:40,402 - Worker_1] Status code == 403 for http://tecnologia.uol.com.br/noticias/bbc/2015/08/01/campanha-pede-botao-delete-para-adolescentes-apagarem-passado-digital.htm, skipping...
[ERROR - 2025-10-25 11:01:44,570 - Worker_1] Status code == 403 for http://noticias.uol.com.br/internacional/ultimas-noticias/derspiegel/2015/08/01/eua-desconheciam-e-interpretaram-mal-a-figura-de-mula-omar-diz-biografa.htm, skipping...
[ERROR - 2025-10-25 11:01:48,738 - Worker_1] Status code == 403 for http://noticias.uol.com.br/internacional/ultimas-noticias/2015/08/01/irmao-do-leao-cecil-e-morto-por-cacadores-no-zimbabue.htm, skipping...
[ERROR - 2025-10-25 11:01:59,407 - Worker_1] Status code == 403 for http://noticias.uol.com.br/opiniao/coluna/2015/08/01/crise-traz-perdas-ao-pais-mas-nao-precisamos-nos-mudar-para-miami.htm, skipping...
[ERROR - 2025-10-25 11:02:06,113 - Worker_1] Status code == 403 for http://josiasdesouza.blogosfera.uol.com.br/2015/08/01/renato-duque-ameaca-tirar-o-pt-de-sua-ficcao/, skipping...
[ERROR - 2025-10-25 11:02:11,035 - Worker_0] Status code == 403 for http://blogdoperrone.blogosfera.uol.com.br/2015/08/abilio-diniz-com-o-cheque-na-mao-para-salvar-o-sao-paulo-so-que-nao/, skipping...
[ERROR - 2025-10-25 11:02:14,481 - Worker_3] Status code == 403 for http://balanacesta.blogosfera.uol.com.br/2015/08/01/convocacao-pro-pre-olimpico-indica-que-vaga-no-rio-2016-esta-garantida/, skipping...
[ERROR - 2025-10-25 11:02:18,219 - Worker_1] Status code == 403 for http://blogdoboleiro.blogosfera.uol.com.br/2015/08/02/migue-rolinho-reza-para-descanso-as-marras-de-walter-heroi-do-furacao/, skipping...
[ERROR - 2025-10-25 11:02:18,327 - Worker_0] Status code == 403 for http://blogdoico.blogosfera.uol.com.br/2015/07/31/piquet-senna-sempre-foi-um-piloto-sujo-na-sua-carreira/, skipping...
[ERROR - 2025-10-25 11:02:22,536 - Worker_0] Status code == 403 for http://noticias.uol.com.br/album/album-do-dia/2015/08/02/imagens-do-dia---2-de-agosto-de-2015.htm?abrefoto=23, skipping...
[ERROR - 2025-10-25 11:02:23,989 - Worker_3] Status code == 403 for http://nilsonxavier.blogosfera.uol.com.br/2015/08/02/sem-grandes-novidades-alem-do-tempo-se-firma-como-um-melodrama-dos-bons/, skipping...
[ERROR - 2025-10-25 11:02:37,080 - Worker_1] Status code == 403 for http://noticias.uol.com.br/ultimas-noticias/agencia-estado/2015/08/02/dilma-prepara-contraofensiva-para-recuperar-sua-popularidade.htm, skipping...
[ERROR - 2025-10-25 11:02:37,092 - Worker_3] Status code == 403 for http://nagradedomma.blogosfera.uol.com.br/2015/08/02/ronda-diz-que-provou-sua-evolucao-e-revela-provocacao-contra-bethe/, skipping...
[ERROR - 2025-10-25 11:02:41,232 - Worker_3] Status code == 403 for http://noticias.uol.com.br/ultimas-noticias/reuters/2015/08/02/um-piloto-morre-e-outro-fica-ferido-em-queda-de-helicoptero-na-russia.htm, skipping...
[ERROR - 2025-10-25 11:02:52,359 - Worker_3] Status code == 403 for http://blogdoavallone.blogosfera.uol.com.br/2015/08/02/o-que-faltou-ao-palmeiras-na-derrota-para-o-furacao/, skipping...
[ERROR - 2025-10-25 11:02:55,154 - Worker_4] Status code == 403 for http://noticias.uol.com.br/midiaglobal/nytimes/2015/08/02/depois-de-decadas-norte-americanos-finalmente-estao-comendo-menos.htm, skipping...
[ERROR - 2025-10-25 11:02:57,026 - Worker_1] Status code == 403 for http://noticias.uol.com.br/ultimas-noticias/agencia-estado/2015/08/02/planalto-aposta-no-senado-para-barrar-crise-politica-e-renan-apresenta-fatura.htm, skipping...
[ERROR - 2025-10-25 11:03:03,769 - Worker_1] Status code == 403 for http://blogdoico.blogosfera.uol.com.br/2015/08/02/para-piquet-erro-da-f-1-atual-e-a-tecnologia-contar-mais-que-o-piloto/, skipping...
[ERROR - 2025-10-25 11:03:10,543 - Worker_1] Status code == 403 for http://uolesporte.blogosfera.uol.com.br/2015/08/02/fecha-as-pernas-jogador-da-tres-canetas-seguidas-em-apenas-5s/, skipping...
[ERROR - 2025-10-25 11:03:14,092 - Worker_3] Status code == 403 for http://noticias.uol.com.br/ultimas-noticias/afp/2015/08/02/farc-quer-se-reunir-com-papa-francisco-durante-sua-visita-a-cuba.htm, skipping...
[ERROR - 2025-10-25 11:03:17,266 - Worker_1] Status code == 403 for http://noticias.uol.com.br/album/album-do-dia/2015/08/02/imagens-do-dia---2-de-agosto-de-2015.htm?abrefoto=30, skipping...
[ERROR - 2025-10-25 11:03:18,314 - Worker_3] Status code == 403 for http://economia.uol.com.br/noticias/redacao/2015/08/02/brasil-tera-superavit-sustentado-por-queda-de-importacoes-dizem-analistas.htm, skipping...
[ERROR - 2025-10-25 11:03:22,528 - Worker_3] Status code == 403 for http://blogdoperrone.blogosfera.uol.com.br/2015/08/abilio-diniz-vira-guru-e-sem-querer-poe-presidente-do-sao-paulo-em-xeque/, skipping...
[ERROR - 2025-10-25 11:03:27,119 - Worker_2] Status code == 404 for http://mulher.uol.com.br/moda/album/2015/07/30/22-fotos-que-provam-que-o-tempo-e-o-stylist-foram-bondosos-com-taylor-swift.htm?abrefoto=1, skipping...
[ERROR - 2025-10-25 11:03:28,293 - Worker_4] Status code == 403 for http://nagradedomma.blogosfera.uol.com.br/2015/08/02/ufc-alinha-maior-evento-de-sua-historia-com-ronda-aldo-e-mcgregor/, skipping...
[ERROR - 2025-10-25 11:03:31,857 - Worker_1] Status code == 403 for http://noticias.uol.com.br/ultimas-noticias/afp/2015/08/02/paraguai-espera-desculpas-do-brasil-apos-incidente-na-fronteira.htm, skipping...
[ERROR - 2025-10-25 11:03:34,718 - Worker_0] Status code == 403 for http://noticias.uol.com.br/album/album-do-dia/2015/08/02/imagens-do-dia---2-de-agosto-de-2015.htm?abrefoto=42, skipping...
[ERROR - 2025-10-25 11:03:35,996 - Worker_4] Status code == 403 for http://josiasdesouza.blogosfera.uol.com.br/2015/08/01/fhc-nao-exclui-hipotese-de-lula-ir-para-a-cadeia/, skipping...
[ERROR - 2025-10-25 11:03:40,262 - Worker_4] Status code == 403 for http://blogdoico.blogosfera.uol.com.br/2015/07/31/piquet-senna-sempre-foi-um-piloto-sujo-na-sua-carreira/, skipping...
[ERROR - 2025-10-25 11:03:41,001 - Worker_1] Status code == 403 for http://fernandorodrigues.blogosfera.uol.com.br/2015/08/03/temor-de-politicos-e-delacao-premiada-de-irmao-e-de-ex-assessor-de-dirceu/, skipping...
[ERROR - 2025-10-25 11:03:41,012 - Worker_2] Status code == 403 for http://uolesporte.blogosfera.uol.com.br/2015/08/03/ciclista-alemao-compete-com-bumbum-sangrando-apos-queda-em-portugal/, skipping...
[ERROR - 2025-10-25 11:03:45,183 - Worker_1] Status code == 403 for http://economia.uol.com.br/noticias/redacao/2015/08/03/procon-sp-acha-diferenca-de-r-850-em-preco-de-celular-para-o-dia-dos-pais.htm, skipping...
[ERROR - 2025-10-25 11:03:45,560 - Worker_2] Status code == 403 for http://noticias.uol.com.br/ultimas-noticias/agencia-estado/2015/08/03/vigilancia-sanitaria-interdita-restaurante-do-palacio-dos-bandeirantes.htm, skipping...
[ERROR - 2025-10-25 11:03:49,752 - Worker_2] Status code == 403 for http://noticias.uol.com.br/ao-vivo/2015/08/03/roda-viva-com-ronaldo-caiado.htm, skipping...
[ERROR - 2025-10-25 11:03:52,031 - Worker_4] Status code == 403 for http://economia.uol.com.br/noticias/infomoney/2015/08/03/com-r-1-milhao-da-para-largar-tudo-e-viver-de-renda-veja-como-investir-esse-dinheiro.htm, skipping...
[ERROR - 2025-10-25 11:03:54,117 - Worker_0] Status code == 403 for http://economia.uol.com.br/noticias/bloomberg/2015/08/03/brasil-apos-calote-ex-bilionario-eike-batista-desafia-credores-a-buscarem-garantia-no-meio-do-mar.htm, skipping...
[ERROR - 2025-10-25 11:03:58,284 - Worker_0] Status code == 403 for http://noticias.uol.com.br/ultimas-noticias/agencia-estado/2015/08/03/perplexo-juiz-da-lava-jato-diz-que-propinas-eram-algo-natural.htm, skipping...
[ERROR - 2025-10-25 11:04:00,924 - Worker_4] Status code == 403 for http://noticias.uol.com.br/meio-ambiente/ultimas-noticias/bbc/2015/08/03/plano-ambiental-resgata-credibilidade-dos-eua-mas-divide-pais.htm, skipping...
[ERROR - 2025-10-25 11:04:02,533 - Worker_0] Status code == 403 for http://uolesporte.blogosfera.uol.com.br/2015/08/03/sueco-tenta-cavar-falta-mas-so-conseguiu-arrancar-risadas-de-rivais/, skipping...
[ERROR - 2025-10-25 11:04:06,767 - Worker_0] Status code == 403 for http://noticias.uol.com.br/ultimas-noticias/agencia-estado/2015/08/03/moro-bloqueia-r-20-milhoes-de-jose-dirceu.htm, skipping...
[ERROR - 2025-10-25 11:04:10,946 - Worker_0] Status code == 403 for http://fernandorodrigues.blogosfera.uol.com.br/2015/08/03/livro-mostra-como-lula-o-itamaraty-e-bndes-ajudaram-empreiteiras-na-africa/, skipping...
[ERROR - 2025-10-25 11:04:45,399 - Worker_2] Status code == 403 for http://noticias.uol.com.br/ultimas-noticias/agencia-estado/2015/08/03/vemos-com-tristeza-prisao-de-dirceu-diz-vice-presidente-do-pt.htm, skipping...
[ERROR - 2025-10-25 11:04:48,103 - Worker_3] Status code == 403 for http://uolesporte.blogosfera.uol.com.br/2015/08/03/sabe-como-bethe-correia-cura-a-ressaca-da-derrota-com-praia-e-agua-de-coco/, skipping...
[ERROR - 2025-10-25 11:04:54,188 - Worker_2] Status code == 403 for http://noticias.uol.com.br/ultimas-noticias/agencia-estado/2015/08/03/dirceu-vai-passar-a-noite-na-pf-em-brasilia-antes-de-ser-transferido.htm, skipping...
[ERROR - 2025-10-25 11:04:55,656 - Worker_0] Failed to connect with http://procurasecachorro.uol.com.br/blog/2015/08/03/snapchat-veja-15-famosos-que-nao-largam-o-bichinho-de-estimacao/ after 3 attempts, skipping...
[ERROR - 2025-10-25 11:04:57,345 - Worker_1] Status code == 403 for http://noticias.uol.com.br/ultimas-noticias/agencia-estado/2015/08/03/temer-pede-a-lideres-que-evitem-votacoes-com-impacto-sobre-contas-publicas.htm, skipping...
[ERROR - 2025-10-25 11:04:58,380 - Worker_2] Status code == 403 for http://noticias.uol.com.br/ultimas-noticias/agencia-estado/2015/08/03/padilha-diz-que-reuniao-de-dilma-com-parlamentares-sera-de-boas-vindas.htm, skipping...
[ERROR - 2025-10-25 11:04:59,993 - Worker_4] Status code == 403 for http://noticias.uol.com.br/midiaglobal/nytimes/2015/08/03/impasse-com-a-china-gera-incerteza-para-comercio-de-kimchi-sul-coreano.htm, skipping...
[ERROR - 2025-10-25 11:05:02,569 - Worker_2] Status code == 403 for http://noticias.uol.com.br/cotidiano/ultimas-noticias/2015/08/03/anistia-recomenda-que-mp-rj-priorize-apuracao-de-mortes-em-acoes-policiais.htm, skipping...
[ERROR - 2025-10-25 11:05:03,975 - Worker_1] Status code == 403 for http://blogdoperrone.blogosfera.uol.com.br/2015/08/criar-uma-liga-amiga-da-cbf-essa-ideia-ganha-forca-entre-clubes/, skipping...
[ERROR - 2025-10-25 11:05:04,157 - Worker_4] Status code == 403 for http://noticias.uol.com.br/cotidiano/ultimas-noticias/2015/08/03/sp-poderia-ter-mais-219-km-de-ciclovias-se-estudos-tivessem-saido-do-papel.htm, skipping...
[ERROR - 2025-10-25 11:05:04,508 - Worker_0] Status code == 403 for http://noticias.uol.com.br/ultimas-noticias/agencia-estado/2015/08/03/preso-pela-pf-gerente-da-petrobras-foi-demitido-por-justa-causa.htm, skipping...
[ERROR - 2025-10-25 11:05:08,858 - Worker_0] Status code == 403 for http://josecruz.blogosfera.uol.com.br/2015/08/as-duvidas-sobre-o-esporte-para-depois-de-2016/, skipping...
[ERROR - 2025-10-25 11:05:10,649 - Worker_1] Status code == 403 for http://negociosdoesporte.blogosfera.uol.com.br/2015/08/03/o-patrocinio-pontual-so-vale-para-time-pequeno/, skipping...
[ERROR - 2025-10-25 11:05:13,366 - Worker_0] Status code == 403 for http://tecnologia.uol.com.br/noticias/redacao/2015/08/03/saiba-como-mandar-mensagens-que-se-autodestroem-no-whatsapp-e-no-facebook.htm, skipping...
[ERROR - 2025-10-25 11:05:14,403 - Worker_2] Status code == 403 for http://educacao.uol.com.br/colunas/guilherme-cabral/2015/08/03/o-direito-fundamental-a-frustracao.htm, skipping...
[ERROR - 2025-10-25 11:05:14,871 - Worker_1] Status code == 403 for http://infomoto.blogosfera.uol.com.br/2015/08/03/honda-faz-recall-da-cb-500f-e-cbr-500r/, skipping...
[ERROR - 2025-10-25 11:05:18,608 - Worker_2] Status code == 403 for http://noticias.uol.com.br/ultimas-noticias/agencia-estado/2015/08/03/nova-licitacao-do-metro-em-agosto-e-muito-otimista-diz-alckmin.htm, skipping...
[ERROR - 2025-10-25 11:05:22,767 - Worker_2] Status code == 403 for http://noticias.uol.com.br/ultimas-noticias/bbc/2015/08/03/como-o-instagram-de-um-falso-migrante-africano-enganou-a-internet.htm, skipping...
[ERROR - 2025-10-25 11:05:22,901 - Worker_4] Status code == 403 for http://noticias.uol.com.br/ultimas-noticias/bbc/2015/08/04/caso-de-menino-algemado-em-escola-provoca-briga-judicial-nos-eua.htm, skipping...
[ERROR - 2025-10-25 11:05:26,861 - Worker_1] Status code == 403 for http://josecruz.blogosfera.uol.com.br/2015/08/novas-medidas-para-o-futebol-darao-mais-beneficios-financeiros-ao-esporte/, skipping...
[ERROR - 2025-10-25 11:05:26,931 - Worker_2] Status code == 403 for http://noticias.uol.com.br/ultimas-noticias/agencia-estado/2015/08/04/para-policia-assassinato-de-prefeito-em-go-pode-ter-motivacao-politica.htm, skipping...
[ERROR - 2025-10-25 11:05:27,047 - Worker_4] Status code == 403 for http://noticias.uol.com.br/internacional/ultimas-noticias/2015/08/04/refugiados-palestinos-escapam-da-guerra-siria-e-enfrentam-novo-exilio-no-libano.htm, skipping...
[ERROR - 2025-10-25 11:05:31,094 - Worker_1] Status code == 403 for http://noticias.uol.com.br/ultimas-noticias/agencia-estado/2015/08/04/e-preciso-que-o-companheiro-ze-dirceu-faca-a-contradita-diz-rui-falcao.htm, skipping...
[ERROR - 2025-10-25 11:05:35,380 - Worker_1] Status code == 403 for http://reginanavarro.blogosfera.uol.com.br/2015/08/04/o-dificil-prazer-sexual/, skipping...
[ERROR - 2025-10-25 11:05:41,889 - Worker_1] Status code == 403 for http://noticias.uol.com.br/cotidiano/ultimas-noticias/2015/08/04/engenheiros-viram-reus-acusados-por-queda-de-viaduto-durante-a-copa.htm, skipping...
[ERROR - 2025-10-25 11:05:46,682 - Worker_0] Status code == 403 for http://noticias.uol.com.br/ultimas-noticias/agencia-estado/2015/08/04/mpf-pede-reprovacao-das-contas-de-campanhas-do-pt-mineiro.htm, skipping...
[ERROR - 2025-10-25 11:05:51,341 - Worker_1] Status code == 403 for http://todosabordo.blogosfera.uol.com.br/2015/08/04/depois-de-alfinetada-aeroporto-em-ny-vai-ganhar-reforma-veja-imagens/, skipping...
[ERROR - 2025-10-25 11:05:55,501 - Worker_1] Status code == 403 for http://noticias.uol.com.br/midiaglobal/the-international-new-york-times/2015/08/04/crise-de-imigrantes-em-calais-expoe-uma-europa-sem-ideias.htm, skipping...
[ERROR - 2025-10-25 11:06:05,289 - Worker_3] Status code == 403 for http://noticias.uol.com.br/cotidiano/ultimas-noticias/2015/08/04/mega-sena-acumulada-podera-pagar-r-59-milhoes-veja-as-dezenas-sorteadas.htm, skipping...
[ERROR - 2025-10-25 11:06:10,358 - Worker_2] Status code == 403 for http://companhiadeviagem.blogosfera.uol.com.br/2015/08/03/as-sete-maravilhas-de-oregon/, skipping...
[ERROR - 2025-10-25 11:06:24,433 - Worker_2] Status code == 403 for http://uoltecnologia.blogosfera.uol.com.br/2015/08/04/apos-tragedia-com-amiga-escocesa-cria-alarme-anti-estupro/, skipping...
[ERROR - 2025-10-25 11:06:25,642 - Worker_0] Status code == 403 for http://pvc.blogosfera.uol.com.br/2015/08/04/no-sorteios-com-cabecas-de-chave-todo-mundo-se-deu-mal/, skipping...
[ERROR - 2025-10-25 11:06:31,067 - Worker_2] Status code == 403 for http://noticias.uol.com.br/ultimas-noticias/agencia-estado/2015/08/04/moro-autoriza-cpi-da-petrobras-a-ouvir-milton-pascowitch-na-proxima-quinta.htm, skipping...
[ERROR - 2025-10-25 11:06:46,584 - Worker_3] Status code == 403 for http://noticias.uol.com.br/ultimas-noticias/agencia-estado/2015/08/04/prefeito-e-esposa-sao-assassinados-no-interior-de-goias.htm, skipping...
[ERROR - 2025-10-25 11:07:05,308 - Worker_2] Status code == 403 for http://blogdojuca.uol.com.br/2015/08/olimpiada-para-quem/, skipping...
[ERROR - 2025-10-25 11:07:09,554 - Worker_4] Status code == 403 for http://noticias.uol.com.br/ultimas-noticias/bbc/2015/08/04/conheca-os-codigos-ocultos-na-polemica-escultura-de-templo-satanico-nos-eua.htm, skipping...
[ERROR - 2025-10-25 11:07:09,657 - Worker_0] Status code == 403 for http://noticias.uol.com.br/ultimas-noticias/agencia-estado/2015/08/04/apos-meses-de-impasse-psdb-define-direcao-municipal-em-sp.htm, skipping...
[ERROR - 2025-10-25 11:07:14,947 - Worker_2] Status code == 403 for http://noticias.uol.com.br/ultimas-noticias/agencia-estado/2015/08/04/plenario-da-camara-aprova-urgencia-para-apreciar-contas-de-collor-fhc-e-lula.htm, skipping...
[ERROR - 2025-10-25 11:07:16,050 - Worker_4] Status code == 403 for http://noticias.uol.com.br/album/album-do-dia/2015/08/03/imagens-do-dia---3-de-agosto-de-2015.htm?abrefoto=32, skipping...
[ERROR - 2025-10-25 11:07:17,871 - Worker_3] Status code == 403 for http://noticias.uol.com.br/ciencia/ultimas-noticias/redacao/2015/08/04/clique-ciencia-que-animais-alem-do-homem-se-masturbam.htm, skipping...
[ERROR - 2025-10-25 11:07:22,293 - Worker_3] Status code == 403 for http://vinteum.blogosfera.uol.com.br/2015/08/04/ouro-do-pan-tambem-confirma-a-ascensao-de-augusto-lima/, skipping...
[ERROR - 2025-10-25 11:07:22,563 - Worker_4] Status code == 403 for http://noticias.uol.com.br/cotidiano/ultimas-noticias/2015/08/04/justica-manda-prefeitura-de-sorocaba-pagar-r-500-mensais-a-casal-sem-teto.htm, skipping...
[ERROR - 2025-10-25 11:07:26,539 - Worker_3] Status code == 403 for http://nagradedomma.blogosfera.uol.com.br/2015/08/04/sim-ela-tambem-apanhou-ronda-admite-erros-e-leva-bronca-da-mae/, skipping...
[ERROR - 2025-10-25 11:07:29,441 - Worker_4] Status code == 403 for http://noticias.uol.com.br/ultimas-noticias/agencia-estado/2015/08/04/lobista-delata-saldo-de-propina-de-r-12-mi-a-renato-duque.htm, skipping...
[ERROR - 2025-10-25 11:07:30,705 - Worker_3] Status code == 403 for http://noticias.uol.com.br/blogs-e-colunas/coluna/luiz-felipe-alencastro/2015/08/04/ira-uma-nova-fronteira-economica.htm, skipping...
[ERROR - 2025-10-25 11:07:39,384 - Worker_4] Status code == 403 for http://nagradedomma.blogosfera.uol.com.br/2015/08/04/como-ronda-calou-o-machismo-do-ufc-e-se-tornou-uma-arma-do-feminismo/, skipping...
[ERROR - 2025-10-25 11:07:40,133 - Worker_3] Status code == 403 for http://noticias.uol.com.br/cotidiano/ultimas-noticias/2015/08/04/tentativa-de-assalto-a-banco-deixa-5-mortos-em-piracicaba.htm, skipping...
[ERROR - 2025-10-25 11:07:44,297 - Worker_3] Status code == 403 for http://noticias.uol.com.br/album/2015/08/04/bichos-da-semana.htm?abrefoto=14, skipping...
[ERROR - 2025-10-25 11:07:51,159 - Worker_3] Status code == 403 for http://fernandorodrigues.blogosfera.uol.com.br/2015/08/04/entidade-petista-ataca-politica-economica-de-dilma-e-levy/, skipping...
[ERROR - 2025-10-25 11:08:15,404 - Worker_2] Status code == 403 for http://noticias.uol.com.br/internacional/ultimas-noticias/2015/08/05/noivos-turcos-trocam-a-festa-de-casamento-por-um-banquete-para-refugiados-sirios.htm, skipping...
[ERROR - 2025-10-25 11:08:21,854 - Worker_0] Status code == 403 for http://noticias.uol.com.br/ultimas-noticias/bbc/2015/08/05/bbc-testa-caixa-de-tortura-usada-pela-cia-na-guerra-ao-terror.htm, skipping...
[ERROR - 2025-10-25 11:08:22,128 - Worker_2] Status code == 403 for http://noticias.uol.com.br/politica/ultimas-noticias/2015/08/05/mpf-denuncia-8-pessoas-por-desvios-em-fundo-de-pensao-do-metro-de-sao-paulo.htm, skipping...
[ERROR - 2025-10-25 11:08:23,693 - Worker_1] Status code == 403 for http://noticias.uol.com.br/midiaglobal/lemonde/2015/08/05/sob-pressao-netanyahu-endurece-diante-da-extrema-direita-israelense.htm, skipping...
[ERROR - 2025-10-25 11:08:28,633 - Worker_2] Status code == 403 for http://noticias.uol.com.br/ultimas-noticias/agencia-estado/2015/08/05/carro-invade-farmacia-na-zona-leste-de-sp-e-fere-oito-pessoas.htm, skipping...
[ERROR - 2025-10-25 11:08:37,139 - Worker_3] Status code == 403 for http://noticias.uol.com.br/ultimas-noticias/agencia-estado/2015/08/05/instituto-lula-vai-pedir-que-policia-federal-investigue-ataque-a-entidade.htm, skipping...
[ERROR - 2025-10-25 11:08:38,490 - Worker_2] Status code == 403 for http://noticias.uol.com.br/ultimas-noticias/agencia-estado/2015/08/05/lider-do-dem-diz-que-apelo-de-temer-deve-ser-dirigido-a-base.htm, skipping...
[ERROR - 2025-10-25 11:08:42,646 - Worker_2] Status code == 403 for http://noticias.uol.com.br/ciencia/album/2015/08/03/veja-imagens-de-ciencia-do-mes-agosto2015.htm?abrefoto=7, skipping...
[ERROR - 2025-10-25 11:08:47,075 - Worker_2] Status code == 403 for http://uolesporte.blogosfera.uol.com.br/2015/08/05/cristiano-ronaldo-ostenta-carrao-de-mais-de-r-900-mil-na-web/, skipping...
[ERROR - 2025-10-25 11:08:51,319 - Worker_2] Status code == 403 for http://josecruz.blogosfera.uol.com.br/2015/08/naufragio-do-atletismo-alerta-para-a-pos-olimpiada/, skipping...
[ERROR - 2025-10-25 11:08:55,490 - Worker_2] Status code == 403 for http://noticias.uol.com.br/ultimas-noticias/agencia-estado/2015/08/05/collor-declarou-a-justica-que-fez-15-emprestimos-para-empresa-de-fachada.htm, skipping...
[ERROR - 2025-10-25 11:08:57,287 - Worker_4] Failed to connect with http://procurasecachorro.uol.com.br/blog/2015/07/31/cachorro-abandonado-se-transforma-apos-dois-meses-de-adocao/ after 3 attempts, skipping...
[ERROR - 2025-10-25 11:09:00,203 - Worker_3] Status code == 404 for http://esporte.uol.com.br/f1/ultimas-noticias/2015/08/05/lesao-que-tirou-bottas-de-gp-muda-rotina-do-piloto-para-o-resto-da-carreira.htm, skipping...
[ERROR - 2025-10-25 11:09:01,467 - Worker_4] Status code == 403 for http://economia.uol.com.br/cotacoes/noticias/redacao/2015/08/05/dolar-chega-a-passar-de-r-350-mas-desacelera-alta-e-fecha-a-r-3489.htm, skipping...
[ERROR - 2025-10-25 11:09:04,429 - Worker_3] Status code == 403 for http://noticias.uol.com.br/ultimas-noticias/agencia-estado/2015/08/05/senado-aprova-operacao-para-compra-de-36-cacas-gripen.htm, skipping...
[ERROR - 2025-10-25 11:09:05,923 - Worker_1] Status code == 403 for http://economia.uol.com.br/noticias/infomoney/2015/08/04/veja-os-7-maiores-erros-na-hora-de-investir-em-renda-fixa.htm, skipping...
[ERROR - 2025-10-25 11:09:08,589 - Worker_3] Status code == 403 for http://noticias.uol.com.br/ultimas-noticias/agencia-estado/2015/08/05/tribunal-nega-habeas-para-presidente-da-andrade-gutierrez.htm, skipping...
[ERROR - 2025-10-25 11:09:11,547 - Worker_4] Failed to connect with http://natelinha.ne10.uol.com.br/espelhomeu/moda/2015/07/30/colete-e-a-nova-aposta-para-este-inverno-145.php after 3 attempts, skipping...
[ERROR - 2025-10-25 11:09:12,745 - Worker_3] Status code == 403 for http://noticias.uol.com.br/ultimas-noticias/agencia-estado/2015/08/05/justica-condena-cupula-da-oas-na-lava-jato.htm, skipping...
[ERROR - 2025-10-25 11:09:15,694 - Worker_4] Status code == 403 for http://noticias.uol.com.br/cotidiano/ultimas-noticias/2015/08/05/avenida-rio-branco-no-rio-e-fechada-apos-vazamento-de-gas-em-obra-do-vlt.htm, skipping...
[ERROR - 2025-10-25 11:09:16,688 - Worker_0] Status code == 403 for http://noticias.uol.com.br/ultimas-noticias/reuters/2015/08/05/barco-de-imigrantes-vira-no-mediterraneo-e-deixa-ao-menos-25-mortos.htm, skipping...
[ERROR - 2025-10-25 11:09:16,901 - Worker_3] Status code == 403 for http://noticias.uol.com.br/ultimas-noticias/agencia-estado/2015/08/05/nao-da-para-governo-fingir-que-tem-base-diz-eduardo-cunha.htm, skipping...
[ERROR - 2025-10-25 11:09:17,556 - Worker_2] Status code == 403 for http://noticias.uol.com.br/cotidiano/ultimas-noticias/2015/08/05/rio-de-janeiro-tem-400-km-de-ciclovias-mas-pistas-apresentam-problemas.htm, skipping...
[ERROR - 2025-10-25 11:09:21,731 - Worker_2] Status code == 403 for http://noticias.uol.com.br/ultimas-noticias/agencia-estado/2015/08/05/justica-mantem-marcelo-odebrecht-na-prisao.htm, skipping...
[ERROR - 2025-10-25 11:09:23,116 - Worker_0] Status code == 403 for http://noticias.uol.com.br/ultimas-noticias/agencia-estado/2015/08/05/reunioes-com-delator-trataram-de-negocios-com-a-samsung-diz-presidente-da-mitsui.htm, skipping...
[ERROR - 2025-10-25 11:09:27,472 - Worker_0] Status code == 403 for http://noticias.uol.com.br/ultimas-noticias/agencia-estado/2015/08/05/acusada-de-formacao-de-quadrilha-sininho-nega-ter-liderado-protestos-no-rio.htm, skipping...
[ERROR - 2025-10-25 11:09:27,806 - Worker_3] Status code == 403 for http://educacao.uol.com.br/noticias/2015/08/05/enem-2014-por-escola-melhor-escola-do-rs-e-publica-confira-o-top-20.htm, skipping...
[ERROR - 2025-10-25 11:09:34,156 - Worker_2] Failed to connect with http://natelinha.ne10.uol.com.br/novelas/2015/08/05/verdades-apos-vender-objetos-para-comprar-drogas-larissa-vira-mendiga-91375.php after 3 attempts, skipping...
[ERROR - 2025-10-25 11:09:40,068 - Worker_1] Status code == 403 for http://blogdoavallone.blogosfera.uol.com.br/2015/08/05/um-campeonato-sem-esquadroes-mas-com-muito-publico/, skipping...
[ERROR - 2025-10-25 11:09:44,444 - Worker_1] Status code == 403 for http://rodrigomattos.blogosfera.uol.com.br/2015/08/05/brasileiro-tem-aumento-de-renda-e-publico-em-2015-apesar-de-obstaculos/, skipping...
[ERROR - 2025-10-25 11:09:49,688 - Worker_2] Status code == 403 for http://noticias.uol.com.br/ultimas-noticias/agencia-estado/2015/08/05/justica-federal-do-rio-homologa-delacao-premiada-de-julio-faerman.htm, skipping...
[ERROR - 2025-10-25 11:09:54,126 - Worker_2] Status code == 403 for http://fernandorodrigues.blogosfera.uol.com.br/2015/08/05/analise-o-problema-do-governo-dilma-esta-dentro-do-governo-dilma/, skipping...
[ERROR - 2025-10-25 11:09:54,832 - Worker_1] Status code == 404 for http://esporte.uol.com.br/f1/ultimas-noticias/2015/08/05/duelo-entre-massa-e-bottas-e-o-mais-apertado-da-temporada-nasr-faz-bonito.htm, skipping...
[ERROR - 2025-10-25 11:10:01,833 - Worker_4] Status code == 403 for http://noticias.uol.com.br/ciencia/album/2015/08/03/veja-imagens-de-ciencia-do-mes-agosto2015.htm?abrefoto=8, skipping...
[ERROR - 2025-10-25 11:10:06,325 - Worker_4] Status code == 403 for http://josiasdesouza.blogosfera.uol.com.br/2015/08/05/diretor-geral-da-pf-pede-a-deputados-a-aprovacao-de-projeto-que-dilma-odeia/, skipping...
[ERROR - 2025-10-25 11:10:07,241 - Worker_0] Status code == 403 for http://mauriciostycer.blogosfera.uol.com.br/2015/08/05/overdose-de-novelas-duplica-e-ate-triplica-aparicao-de-atores-na-tela/, skipping...
[ERROR - 2025-10-25 11:10:11,546 - Worker_3] Status code == 403 for http://noticias.uol.com.br/ciencia/ultimas-noticias/redacao/2015/08/06/descoberta-historica-transforma-celulas-da-pele-em-neuronios.htm, skipping...
[ERROR - 2025-10-25 11:10:12,743 - Worker_4] Status code == 403 for http://noticias.uol.com.br/ultimas-noticias/agencia-estado/2015/08/06/posicoes-do-psdb-sobre-novas-eleicoes-sao-especulacoes-individuais-diz-goldman.htm, skipping...
[ERROR - 2025-10-25 11:10:18,042 - Worker_3] Status code == 403 for http://noticias.uol.com.br/album/album-do-dia/2015/08/06/imagens-do-dia---6-de-agosto-de-2015.htm?abrefoto=16, skipping...
[ERROR - 2025-10-25 11:10:19,298 - Worker_4] Status code == 403 for http://pvc.blogosfera.uol.com.br/2015/08/05/sao-paulo-nao-cre-em-efeito-suspensivo-luis-fabiano-nao-deve-jogar-domingo/, skipping...
[ERROR - 2025-10-25 11:10:25,687 - Worker_3] Status code == 403 for http://noticias.uol.com.br/ultimas-noticias/agencia-estado/2015/08/06/nem-melhora-da-economia-salva-o-pt-avalia-lula.htm, skipping...
[ERROR - 2025-10-25 11:10:33,344 - Worker_3] Status code == 500 for http://entretenimento.uol.com.br/noticias/afp/2015/08/06/cartas-de-frida-kahlo-revelam-aspectos-intimos-de-sua-apaixonante-vida.htm, skipping...
[ERROR - 2025-10-25 11:10:37,489 - Worker_3] Status code == 403 for http://noticias.uol.com.br/ultimas-noticias/agencia-estado/2015/08/06/oito-sao-presos-acusados-de-espancar-e-matar-jovem-de-17-anos.htm, skipping...
[ERROR - 2025-10-25 11:10:55,824 - Worker_3] Failed to connect with http://natelinha.ne10.uol.com.br/noticias/2015/08/06/emocionado-rodrigo-faro-revela-que-ja-perdeu-uma-filha-91418.php after 3 attempts, skipping...
[ERROR - 2025-10-25 11:11:00,066 - Worker_3] Status code == 403 for http://andreoli.blogosfera.uol.com.br/2015/08/06/sport-quer-ir-ainda-mais-longe-nesse-campeonato-brasileiro/, skipping...
[ERROR - 2025-10-25 11:11:04,056 - Worker_2] Failed to connect with http://procurasecachorro.uol.com.br/blog/2015/08/06/video-filhote-reencontra-a-mae-quatro-meses-apos-ser-adotado/ after 3 attempts, skipping...
[ERROR - 2025-10-25 11:11:11,565 - Worker_2] Status code == 404 for http://esporte.uol.com.br/f1/ultimas-noticias/2015/08/06/de-playboy-preguicoso-a-campeao-button-hoje-luta-contra-aposentadoria.htm, skipping...
[ERROR - 2025-10-25 11:11:16,397 - Worker_1] Status code == 403 for http://blogdosakamoto.blogosfera.uol.com.br/2015/08/06/escolas-devem-combater-homofobia-que-vem-de-casa-diz-especialista-da-onu/, skipping...
[ERROR - 2025-10-25 11:11:17,005 - Worker_0] Status code == 403 for http://noticias.uol.com.br/ultimas-noticias/bbc/2015/08/06/nao-sinto-nada-diz-carrasco-paquistanes-que-ja-executou-mais-de-200.htm, skipping...
[ERROR - 2025-10-25 11:11:21,160 - Worker_0] Status code == 403 for http://noticias.uol.com.br/cotidiano/ultimas-noticias/2015/08/06/veja-o-resultado-da-mega-sena-premio-e-de-r-27-milhoes.htm, skipping...
[ERROR - 2025-10-25 11:11:22,891 - Worker_1] Status code == 403 for http://noticias.uol.com.br/cotidiano/ultimas-noticias/2015/08/06/policia-pede-pericia-em-brinquedo-de-parque-aquatico-de-olimpia-sp.htm, skipping...
[ERROR - 2025-10-25 11:11:23,110 - Worker_2] Status code == 403 for http://noticias.uol.com.br/ultimas-noticias/agencia-estado/2015/08/06/serra-diz-que-situacao-de-dilma-e-pior-que-a-de-jango-antes-da-derrubada.htm, skipping...
[ERROR - 2025-10-25 11:11:27,290 - Worker_1] Status code == 403 for http://balanacesta.blogosfera.uol.com.br/2015/08/06/selecao-masculina-jogara-em-brasilia-alguem-esta-sabendo/, skipping...
[ERROR - 2025-10-25 11:11:30,094 - Worker_0] Status code == 403 for http://rodrigomattos.blogosfera.uol.com.br/2015/08/06/ameacado-estadual-do-rio-torna-se-mais-irrelevante-com-nova-formula/, skipping...
[ERROR - 2025-10-25 11:11:34,255 - Worker_0] Status code == 403 for http://noticias.uol.com.br/ultimas-noticias/agencia-estado/2015/08/06/lava-jato-denuncia-zelada-por-corrupcao-e-executivo-por-propina-ao-pmdb.htm, skipping...
[ERROR - 2025-10-25 11:11:40,796 - Worker_0] Status code == 403 for http://nagradedomma.blogosfera.uol.com.br/2015/08/06/casas-de-apostas-veem-ronda-favoritissima-contra-miesha-cyborg-e-diferente/, skipping...
[ERROR - 2025-10-25 11:11:45,051 - Worker_0] Status code == 403 for http://blogdoboleiro.blogosfera.uol.com.br/2015/08/06/amigos-transito-alegria-do-povo-valdivia-conta-do-que-vai-sentir-saudade/, skipping...
[ERROR - 2025-10-25 11:11:49,279 - Worker_0] Status code == 403 for http://noticias.uol.com.br/politica/ultimas-noticias/2015/08/06/comitiva-aprova-1-presidio-e-sc-pode-receber-henrique-pizzolato.htm, skipping...
[ERROR - 2025-10-25 11:12:01,445 - Worker_0] Status code == 403 for http://noticias.uol.com.br/ultimas-noticias/agencia-estado/2015/08/06/temer-e-homenageado-pelo-governador-geraldo-alckmin-em-sao-paulo.htm, skipping...
[ERROR - 2025-10-25 11:12:14,334 - Worker_3] Status code == 403 for http://noticias.uol.com.br/politica/ultimas-noticias/2015/08/06/pronunciamento-de-dilma-na-tv-gera-novo-panelaco-pelo-pais.htm, skipping...
[ERROR - 2025-10-25 11:12:18,537 - Worker_3] Status code == 403 for http://noticias.uol.com.br/midiaglobal/lemonde/2015/08/06/mexico-o-pais-que-mais-mata-jornalistas-no-continente-americano.htm, skipping...
[ERROR - 2025-10-25 11:12:22,704 - Worker_3] Status code == 403 for http://noticias.uol.com.br/ultimas-noticias/agencia-estado/2015/08/06/odebrecht-e-socia-da-oas-em-contratos-de-r-70-milhoes-em-propinas.htm, skipping...
[ERROR - 2025-10-25 11:12:41,080 - Worker_1] Status code == 403 for http://blogdosakamoto.blogosfera.uol.com.br/2015/08/05/enem-voce-acha-que-alguem-e-pobre-so-porque-nao-estudou/, skipping...
[ERROR - 2025-10-25 11:12:45,366 - Worker_1] Status code == 403 for http://robertosadovski.blogosfera.uol.com.br/2015/08/06/por-que-as-quatro-tentativas-de-filmar-quarteto-fantastico-erraram-o-alvo/, skipping...
[ERROR - 2025-10-25 11:12:49,610 - Worker_1] Status code == 403 for http://noticias.uol.com.br/ultimas-noticias/agencia-estado/2015/08/06/tse-rejeita-criacao-do-pl-por-nao-cumprimento-de-minimo-de-assinaturas-de-apoio.htm, skipping...
[ERROR - 2025-10-25 11:13:00,803 - Worker_1] Status code == 403 for http://noticias.uol.com.br/politica/ultimas-noticias/2015/08/06/dilma-cobra-de-ministros-do-pt-mais-apoio-a-michel-temer-no-congresso.htm, skipping...
[ERROR - 2025-10-25 11:13:01,392 - Worker_3] Status code == 403 for http://noticias.uol.com.br/ultimas-noticias/agencia-estado/2015/08/06/senadores-costuram-pacto-pela-governabilidade-para-se-contrapor-a-camara.htm, skipping...
[ERROR - 2025-10-25 11:13:05,539 - Worker_3] Status code == 403 for http://noticias.uol.com.br/ultimas-noticias/agencia-estado/2015/08/06/ex-socio-diz-a-pf-que-comprou-casa-da-mae-de-dirceu.htm, skipping...
[ERROR - 2025-10-25 11:13:10,932 - Worker_1] Failed to connect with http://natelinha.ne10.uol.com.br/celebridades/2015/08/06/zilu-e-nicole-bahls-nao-ganham-salario-para-apresentar-programas-entenda-91430.php after 3 attempts, skipping...
[ERROR - 2025-10-25 11:13:19,873 - Worker_1] Status code == 403 for http://pvc.blogosfera.uol.com.br/2015/08/05/nao-e-o-campeao-mais-poderoso-da-historia-mas-o-river-teve-fibra-demais/, skipping...
[ERROR - 2025-10-25 11:13:24,134 - Worker_1] Status code == 403 for http://noticias.uol.com.br/ultimas-noticias/agencia-estado/2015/08/06/renato-duque-desiste-de-habeas-corpus.htm, skipping...
[ERROR - 2025-10-25 11:13:47,384 - Worker_2] Status code == 403 for http://futebolemnumeros.blogosfera.uol.com.br/2015/08/07/corinthians-defende-tabu-no-morumbi-em-brasileiros/, skipping...
[ERROR - 2025-10-25 11:13:51,583 - Worker_2] Status code == 403 for http://omundoemmovimento.blogosfera.uol.com.br/2015/08/07/inflacao-do-carro-diminui-o-ritmo-alta-em-julho-e-de-01/, skipping...
[ERROR - 2025-10-25 11:13:56,000 - Worker_2] Status code == 403 for http://noticias.uol.com.br/midiaglobal/lemonde/2015/08/07/publicacao-conservadora-no-ira-contraria-ao-acordo-nuclear-e-fechada.htm, skipping...
[ERROR - 2025-10-25 11:14:23,240 - Worker_4] Status code == 403 for http://noticias.uol.com.br/internacional/ultimas-noticias/2015/08/07/atirador-de-aurora.htm, skipping...
[ERROR - 2025-10-25 11:14:27,394 - Worker_4] Status code == 403 for http://noticias.uol.com.br/internacional/ultimas-noticias/2015/08/07/papa-francisco-pergunta-a-jovem-brasileira-quem-e-melhor-pele-ou-maradona.htm, skipping...
[ERROR - 2025-10-25 11:14:29,960 - Worker_3] Status code == 403 for http://noticias.uol.com.br/cotidiano/ultimas-noticias/2015/08/07/assaltantes-roubam-agencia-dentro-de-secretaria-de-seguranca-do-rs.htm, skipping...
[ERROR - 2025-10-25 11:14:30,936 - Worker_0] Status code == 403 for http://noticias.uol.com.br/ultimas-noticias/bbc/2015/08/07/eua-apreendem-submarino-com-quase-6-toneladas-de-cocaina.htm, skipping...
[ERROR - 2025-10-25 11:14:35,738 - Worker_2] Status code == 403 for http://blogdojuca.uol.com.br/2015/08/sindicato-paulistas-de-atletas-e-alvo-de-denuncias-graves/, skipping...
[ERROR - 2025-10-25 11:14:36,862 - Worker_3] Status code == 403 for http://fernandorodrigues.blogosfera.uol.com.br/2015/08/07/dilma-convoca-reuniao-da-coordenacao-politica-para-domingo-a-noite/, skipping...
[ERROR - 2025-10-25 11:14:47,994 - Worker_1] Status code == 403 for http://noticias.uol.com.br/cotidiano/ultimas-noticias/2015/08/07/justica-autoriza-reajuste-de-tarifas-de-onibus-em-belo-horizonte.htm, skipping...
[ERROR - 2025-10-25 11:15:10,477 - Worker_0] Status code == 403 for http://noticias.uol.com.br/ultimas-noticias/afp/2015/08/07/doentes-recorrem-a-remedios-veterinarios-ante-escassez-na-venezuela.htm, skipping...
[ERROR - 2025-10-25 11:15:14,685 - Worker_2] Status code == 403 for http://noticias.uol.com.br/ultimas-noticias/agencia-estado/2015/08/07/adams-diz-que-concorda-que-contas-de-ex-presidentes-sejam-votadas-pelo-congresso.htm, skipping...
[ERROR - 2025-10-25 11:15:14,689 - Worker_0] Status code == 403 for http://fernandorodrigues.blogosfera.uol.com.br/2015/08/07/pos-lava-jato-cef-exclui-agencia-e-beneficia-heads-novasb-e-artplan/, skipping...
[ERROR - 2025-10-25 11:15:18,838 - Worker_0] Status code == 403 for http://noticias.uol.com.br/ultimas-noticias/agencia-estado/2015/08/07/marinho-diz-que-pt-deve-ter-mais-ministerios-porque-esta-pouco-representado.htm, skipping...
[ERROR - 2025-10-25 11:15:27,018 - Worker_1] Status code == 403 for http://blogdomenon.blogosfera.uol.com.br/2015/08/07/placar-abraca-todos-os-esportes-e-abandona-a-sociologia/, skipping...
[ERROR - 2025-10-25 11:15:50,428 - Worker_3] Status code == 403 for http://blogdomariomagalhaes.blogosfera.uol.com.br/2015/08/07/eduardo-cunha-um-paradoxo-maior-inimigo-tambem-serve-como-escudo-de-dilma/, skipping...
[ERROR - 2025-10-25 11:15:54,615 - Worker_3] Status code == 403 for http://noticias.uol.com.br/blogs-e-colunas/coluna/paul-krugman/2015/08/07/trump-e-incoerente-e-absurdo-como-todos-seus-rivais-republicanos.htm, skipping...
[ERROR - 2025-10-25 11:16:06,172 - Worker_1] Status code == 403 for http://noticias.uol.com.br/ciencia/ultimas-noticias/redacao/2015/08/07/por-que-as-pupilas-dos-animais-sao-diferentes.htm, skipping...
[ERROR - 2025-10-25 11:16:08,295 - Worker_2] Status code == 403 for http://noticias.uol.com.br/politica/ultimas-noticias/2015/08/07/ninguem-vai-tirar-a-legitimidade-que-o-voto-me-deu-diz-dilma.htm, skipping...
[ERROR - 2025-10-25 11:16:18,377 - Worker_2] Failed to connect with http://natelinha.ne10.uol.com.br/novelas/2015/08/07/babilonia-cris-tem-final-tragico-apos-cometer-crimes-saibal-qual-e-91462.php after 3 attempts, skipping...
[ERROR - 2025-10-25 11:16:30,088 - Worker_0] Status code == 403 for http://noticias.uol.com.br/ultimas-noticias/agencia-estado/2015/08/07/pf-diz-que-almirante-da-eletronuclear-ameacou-meter-bala.htm, skipping...
[ERROR - 2025-10-25 11:16:34,686 - Worker_4] Status code == 403 for http://nagradedomma.blogosfera.uol.com.br/2015/08/07/bethe-detona-ronda-por-deixar-cinturao-no-brasil-jogada-de-marketing/, skipping...
[ERROR - 2025-10-25 11:16:54,586 - Worker_4] Status code == 403 for http://noticias.uol.com.br/ultimas-noticias/agencia-estado/2015/08/08/apos-morte-do-traficante-playboy-400-policiais-ocuparao-complexo-da-pedreira.htm, skipping...
[ERROR - 2025-10-25 11:16:58,736 - Worker_4] Status code == 403 for http://noticias.uol.com.br/ultimas-noticias/afp/2015/08/08/contreras-morreu-levando-informacoes-valiosas-sobre-os-crimes-da-ditadura-denuncia-governo-chileno.htm, skipping...
[ERROR - 2025-10-25 11:17:02,887 - Worker_4] Status code == 403 for http://noticias.uol.com.br/album/2015/08/08/tufao.htm?abrefoto=9, skipping...
[ERROR - 2025-10-25 11:17:10,618 - Worker_3] Status code == 403 for http://noticias.uol.com.br/ultimas-noticias/agencia-estado/2015/08/08/policia-ve-coincidencia-em-ataques-a-carro-forte-e-comboio-de-presos-em-sp.htm, skipping...
[ERROR - 2025-10-25 11:17:17,386 - Worker_3] Status code == 403 for http://noticias.uol.com.br/album/2015/08/08/aviao-e-piloto-da-segunda-guerra-sao-desenterrados-na-alemanha.htm?abrefoto=4, skipping...
[ERROR - 2025-10-25 11:17:21,612 - Worker_3] Status code == 403 for http://maesdepeito.blogosfera.uol.com.br/2015/08/05/pai-precisa-fazer-mais-do-que-so-trocar-fraldas/, skipping...
[ERROR - 2025-10-25 11:17:25,240 - Worker_1] Status code == 403 for http://blogdosakamoto.blogosfera.uol.com.br/2015/08/08/seis-haitianos-sao-baleados-em-ataque-em-sp-e-ha-gente-comemorando/, skipping...
[ERROR - 2025-10-25 11:17:25,783 - Worker_3] Status code == 403 for http://noticias.uol.com.br/ultimas-noticias/efe/2015/08/08/estado-islamico-executa-300-servidores-eleitorais-em-mossul.htm, skipping...
[ERROR - 2025-10-25 11:17:31,728 - Worker_1] Status code == 403 for http://noticias.uol.com.br/ciencia/album/bbc/2015/08/07/acaros-briguentos-e-angy-birds-sao-destaques-de-concurso-de-fotos-microscopicas.htm?abrefoto=11, skipping...
[ERROR - 2025-10-25 11:17:32,297 - Worker_3] Status code == 403 for http://nagradedomma.blogosfera.uol.com.br/2015/08/08/tecnico-de-aldo-humilha-americano-que-insinuou-doping-de-brasileiros/, skipping...
[ERROR - 2025-10-25 11:17:35,999 - Worker_1] Status code == 403 for http://rodrigomattos.blogosfera.uol.com.br/2015/08/08/cinco-mudancas-radicais-no-futebol-causadas-pela-nova-lei-profut/, skipping...
[ERROR - 2025-10-25 11:17:36,450 - Worker_3] Status code == 403 for http://noticias.uol.com.br/ultimas-noticias/agencia-estado/2015/08/08/pt-sonda-lula-para-ministerio-de-dilma.htm, skipping...
[ERROR - 2025-10-25 11:17:44,322 - Worker_4] Status code == 403 for http://noticias.uol.com.br/album/2015/08/08/fotografo-mostra-lugares-abandonados-em-paises-da-ex-uniao-sovietica.htm?abrefoto=5, skipping...
[ERROR - 2025-10-25 11:17:48,128 - Worker_3] Status code == 404 for http://entretenimento.band.uol.com.br/masterchef/2015/videos/ultimos-videos/15566789/oscar-maroni-revela-dotes-culinarios-de-aritana.html, skipping...
[ERROR - 2025-10-25 11:17:48,585 - Worker_4] Status code == 403 for http://noticias.uol.com.br/ultimas-noticias/efe/2015/08/08/trump-e-cortado-de-evento-e-perde-assesor-apos-ofensas-a-apresentadora-da-fox.htm, skipping...
[ERROR - 2025-10-25 11:17:50,850 - Worker_1] Status code == 403 for http://blogdosakamoto.blogosfera.uol.com.br/2015/08/07/como-o-brasil-produz-cidades-na-base-do-conchavo-e-sem-planejamento/, skipping...
[ERROR - 2025-10-25 11:18:07,885 - Worker_2] Status code == 403 for http://noticias.uol.com.br/opiniao/coluna/2015/08/08/brasil-precisa-de-mario-de-andrade-mais-do-que-nunca.htm, skipping...
[ERROR - 2025-10-25 11:18:21,767 - Worker_0] Status code == 403 for http://noticias.uol.com.br/ultimas-noticias/agencia-estado/2015/08/08/dilma-reconduz-janot-ao-cargo-de-procurador-geral-anuncia-cardozo.htm, skipping...
[ERROR - 2025-10-25 11:18:26,233 - Worker_0] Status code == 403 for http://noticias.uol.com.br/ciencia/ultimas-noticias/redacao/2015/07/21/clique-ciencia-por-que-ficamos-roxos-depois-de-uma-pancada.htm, skipping...
[ERROR - 2025-10-25 11:18:30,554 - Worker_0] Status code == 403 for http://uolesporte.blogosfera.uol.com.br/2015/08/08/ta-bombando-ronaldinho-divulga-video-rivalizando-no-dibre-com-cr7/, skipping...
[ERROR - 2025-10-25 11:18:35,073 - Worker_0] Status code == 403 for http://tecnologia.uol.com.br/album/2015/08/06/veja-os-25-empresarios-mais-ricos-da-area-de-tecnologia-alem-do-mais-jovem.htm, skipping...
[ERROR - 2025-10-25 11:18:36,324 - Worker_4] Status code == 403 for http://uolesportevetv.blogosfera.uol.com.br/2015/08/08/ponte-nao-aceita-desculpas-de-neto-e-mantem-veto-a-programa-nao-e-por-ai/, skipping...
[ERROR - 2025-10-25 11:18:40,531 - Worker_4] Status code == 403 for http://noticias.uol.com.br/meio-ambiente/ultimas-noticias/redacao/2015/08/07/cientista-brasileiro-descobriu-a-primeira-ra-peconhenta-do-mundo-e-doeu.htm, skipping...
[ERROR - 2025-10-25 11:18:44,553 - Worker_2] Status code == 403 for http://blogdojuca.uol.com.br/2015/08/ronaldinho-tenta-mas-flu-nao-consegue-nem-empatar/, skipping...
[ERROR - 2025-10-25 11:18:48,704 - Worker_2] Status code == 403 for http://noticias.uol.com.br/ultimas-noticias/reuters/2015/08/08/policial-do-texas-mata-estudante-negro-desarmado.htm, skipping...
[ERROR - 2025-10-25 11:18:49,952 - Worker_4] Status code == 403 for http://noticias.uol.com.br/saude/ultimas-noticias/redacao/2015/08/08/bebe-sofia-contrai-virus-perigoso-e-seu-estado-de-saude-e-grave.htm, skipping...
[ERROR - 2025-10-25 11:19:01,935 - Worker_4] Status code == 404 for http://futebol.placar.esporte.uol.com.br/futebol/brasileirao/2015/08/08/santos-x-coritiba.htm, skipping...
[ERROR - 2025-10-25 11:19:12,979 - Worker_2] Status code == 403 for http://noticias.uol.com.br/midiaglobal/lemonde/2015/08/08/o-silencio-dos-americanos-sobre-hiroshima.htm, skipping...
[ERROR - 2025-10-25 11:19:27,387 - Worker_1] Status code == 403 for http://noticias.uol.com.br/ultimas-noticias/bbc/2015/08/09/brasileiro-conta-como-escapou-de-bomba-atomica.htm, skipping...
[ERROR - 2025-10-25 11:19:27,688 - Worker_0] Status code == 403 for http://noticias.uol.com.br/ultimas-noticias/agencia-estado/2015/08/09/corpo-de-traficante-playboy-e-sepultado-no-rio.htm, skipping...
[ERROR - 2025-10-25 11:19:38,072 - Worker_4] Status code == 403 for http://noticias.uol.com.br/album/2015/08/09/imagens-mostram-o-antes-e-o-depois-da-reconstrucao-de-hiroshima-e-nagasaki.htm?abrefoto=3, skipping...
[ERROR - 2025-10-25 11:19:44,777 - Worker_4] Status code == 403 for http://noticias.uol.com.br/ultimas-noticias/bbc/2015/08/09/sobreviventes-de-hiroshima-e-nagasaki-lutam-contra-energia-nuclear-no-brasil.htm, skipping...
[ERROR - 2025-10-25 11:19:54,703 - Worker_4] Status code == 403 for http://noticias.uol.com.br/ciencia/ultimas-noticias/bbc/2015/08/09/cientistas-identificam-4-tipos-de-bebado-veja-se-voce-se-encaixa-em-algum-deles.htm, skipping...
[ERROR - 2025-10-25 11:19:55,330 - Worker_0] Status code == 403 for http://noticias.uol.com.br/ultimas-noticias/agencia-estado/2015/08/09/policia-prende-mais-um-lider-do-trafico-no-rio.htm, skipping...
[ERROR - 2025-10-25 11:19:59,476 - Worker_0] Status code == 403 for http://noticias.uol.com.br/midiaglobal/nytimes/2015/08/09/o-encanto-de-trump-o-ego-como-ideologia.htm, skipping...
[ERROR - 2025-10-25 11:20:03,902 - Worker_0] Status code == 403 for http://josecruz.blogosfera.uol.com.br/2015/08/apesar-dos-investimentos-milionarios-natacao-faz-agua-no-mundial-de-kazan/, skipping...
[ERROR - 2025-10-25 11:20:08,084 - Worker_0] Status code == 403 for http://noticias.uol.com.br/ultimas-noticias/agencia-estado/2015/08/09/justica-quebra-sigilo-bancario-de-diretores-do-fundo-de-pensao-metrus.htm, skipping...
[ERROR - 2025-10-25 11:20:19,264 - Worker_0] Status code == 403 for http://noticias.uol.com.br/opiniao/coluna/2015/08/09/sociedade-desigual-sempre-cumprira-o-papel-de-parteira-da-maldade.htm, skipping...
[ERROR - 2025-10-25 11:20:26,979 - Worker_0] Status code == 403 for http://blogdomenon.blogosfera.uol.com.br/2015/08/09/osorio-foi-muito-maior-que-tite/, skipping...
[ERROR - 2025-10-25 11:20:36,007 - Worker_4] Status code == 403 for http://futebolemnumeros.blogosfera.uol.com.br/2015/08/09/maior-goleada-do-grenal-em-100-anos/, skipping...
[ERROR - 2025-10-25 11:20:36,278 - Worker_0] Status code == 403 for http://uolesportevetv.blogosfera.uol.com.br/2015/08/08/ponte-nao-aceita-desculpas-de-neto-e-mantem-veto-a-programa-nao-e-por-ai/, skipping...
[ERROR - 2025-10-25 11:20:37,767 - Worker_1] Status code == 403 for http://blogdojuca.uol.com.br/2015/08/os-lideres-empatam-o-palestra-mineiro-vence-e-o-flamengo-perde/, skipping...
[ERROR - 2025-10-25 11:20:38,534 - Worker_3] Status code == 403 for http://noticias.uol.com.br/saude/ultimas-noticias/redacao/2015/08/09/falta-de-sabor-das-frutas-e-o-que-causa-obesidade-diz-autor.htm, skipping...
[ERROR - 2025-10-25 11:20:42,000 - Worker_1] Status code == 403 for http://blogdobaldini.blogosfera.uol.com.br/2015/08/09/amir-khan-se-floyd-mayweather-nao-lutar-comigo-manny-pacquiao-vai-lutar/, skipping...
[ERROR - 2025-10-25 11:20:42,530 - Worker_4] Status code == 403 for http://nagradedomma.blogosfera.uol.com.br/2015/08/09/sogro-mostrou-revolver-mas-virou-2o-pai-para-nova-estrela-do-mma/, skipping...
[ERROR - 2025-10-25 11:20:45,138 - Worker_3] Status code == 403 for http://noticias.uol.com.br/ultimas-noticias/agencia-estado/2015/08/09/dilma-esta-reunida-com-temer-ministros-e-dois-parlamentares-no-alvorada.htm, skipping...
[ERROR - 2025-10-25 11:20:51,798 - Worker_3] Status code == 403 for http://todosabordo.blogosfera.uol.com.br/2015/08/02/museu-de-aviacao-de-washington-tem-aviao-concorrente-de-santos-dumont/, skipping...
[ERROR - 2025-10-25 11:20:58,511 - Worker_1] Status code == 403 for http://josiasdesouza.blogosfera.uol.com.br/2015/08/09/ministro-do-stf-chama-de-barbaridade-proposta-bomba-aprovada-pela-camara/, skipping...
[ERROR - 2025-10-25 11:20:59,606 - Worker_4] Status code == 403 for http://tecnologia.uol.com.br/noticias/redacao/2015/08/10/apple-deve-lancar-novo-iphone-em-9-de-setembro-diz-site-norte-americano.htm, skipping...
[ERROR - 2025-10-25 11:21:02,678 - Worker_1] Status code == 403 for http://noticias.uol.com.br/politica/ultimas-noticias/2015/08/10/sergio-moro-defende-publicidade-de-processos-da-operacao-lava-jato.htm, skipping...
[ERROR - 2025-10-25 11:21:03,141 - Worker_3] Status code == 403 for http://noticias.uol.com.br/midiaglobal/the-international-new-york-times/2015/08/10/sera-que-os-israelenses-se-preocupam-mesmo-com-justica.htm, skipping...
[ERROR - 2025-10-25 11:21:04,382 - Worker_2] Status code == 403 for http://noticias.uol.com.br/saude/ultimas-noticias/redacao/2015/08/10/bahia-recebera-r-16-milhao-para-enfrentar-dengue-chikungunya-e-zika.htm, skipping...
[ERROR - 2025-10-25 11:21:06,859 - Worker_1] Status code == 403 for http://blogdobaldini.blogosfera.uol.com.br/2015/08/10/por-que-adrien-broner-vai-disputar-o-titulo-mundial-dos-superleves-da-amb/, skipping...
[ERROR - 2025-10-25 11:21:11,130 - Worker_1] Status code == 403 for http://educacao.uol.com.br/noticias/2015/08/10/ex-vendedor-de-cocadas-conquista-cinco-diplomas-e-vira-servidor-publico.htm, skipping...
[ERROR - 2025-10-25 11:21:14,436 - Worker_3] Status code == 403 for http://vinteum.blogosfera.uol.com.br/2015/08/10/ritmo-energia-quimica-e-a-tempestade-perfeita-para-a-selecao/, skipping...
[ERROR - 2025-10-25 11:21:18,594 - Worker_3] Status code == 403 for http://noticias.uol.com.br/ultimas-noticias/agencia-estado/2015/08/10/zelada-teve-15-encontros-oficiais-com-lobista-do-pmdb-revela-agenda.htm, skipping...
[ERROR - 2025-10-25 11:21:25,176 - Worker_1] Status code == 403 for http://noticias.uol.com.br/ultimas-noticias/bbc/2015/08/04/todos-os-dias-curvavamos-diante-de-estatua-diz-1-estudante-ocidental-em-universidade-da-coreia-do-norte.htm, skipping...
[ERROR - 2025-10-25 11:21:27,379 - Worker_3] Status code == 403 for http://noticias.uol.com.br/cotidiano/ultimas-noticias/2015/08/10/policia-mineira-diz-que-adolescente-confessou-assassinato-de-jornalista.htm, skipping...
[ERROR - 2025-10-25 11:21:39,044 - Worker_4] Status code == 403 for http://noticias.uol.com.br/ultimas-noticias/agencia-estado/2015/08/10/renan-apresenta-ao-governo-dilma-uma-agenda-anticrise.htm, skipping...
[ERROR - 2025-10-25 11:21:46,771 - Worker_2] Status code == 403 for http://mauriciostycer.blogosfera.uol.com.br/2015/08/10/ana-maria-braga-e-mestra-na-arte-de-prolongar-o-mais-voce-fora-da-tv/, skipping...
[ERROR - 2025-10-25 11:21:48,566 - Worker_4] Status code == 403 for http://educacao.uol.com.br/noticias/agencia-estado/2015/08/10/estudantes-podem-renovar-contratos-do-fies-ate-31-de-outubro.htm, skipping...
[ERROR - 2025-10-25 11:22:39,960 - Worker_4] Status code == 403 for http://petmoney.blogosfera.uol.com.br/2015/08/10/pets-pequenos-tem-espaco-na-1a-classe-da-american-airlines-em-voos-nos-eua/, skipping...
[ERROR - 2025-10-25 11:22:44,324 - Worker_4] Status code == 403 for http://rodrigomattos.blogosfera.uol.com.br/2015/08/10/dilma-se-reunira-com-clubes-para-discutir-adesao-a-lei-das-dividas/, skipping...
[ERROR - 2025-10-25 11:22:47,232 - Worker_3] Failed to connect with http://blogdobirner.virgula.uol.com.br/2015/08/10/sao-paulo-mandou-no-classico-corinthians-teve-sorte-e-por-isso-conseguir-o-empate/ after 3 attempts, skipping...
[ERROR - 2025-10-25 11:22:48,746 - Worker_4] Status code == 403 for http://pvc.blogosfera.uol.com.br/2015/08/10/depois-do-massacre-inter-trabalha-com-nome-surpresa-para-ser-novo-tecnico/, skipping...
[ERROR - 2025-10-25 11:22:53,034 - Worker_4] Status code == 403 for http://reginanavarro.blogosfera.uol.com.br/2015/08/10/e-dificil-manter-amizade-com-os-as-ex-por-que/, skipping...
[ERROR - 2025-10-25 11:22:57,262 - Worker_4] Status code == 403 for http://noticias.uol.com.br/ultimas-noticias/agencia-estado/2015/08/10/pm-investiga-esquema-de-propinas-pagas-a-policiais-por-traficante.htm, skipping...
[ERROR - 2025-10-25 11:22:58,820 - Worker_3] Status code == 403 for http://josiasdesouza.blogosfera.uol.com.br/2015/08/10/com-o-lobao-a-tiracolo-dilma-clama-no-maranhao-que-todos-pensem-no-brasil/, skipping...
[ERROR - 2025-10-25 11:23:01,764 - Worker_4] Status code == 403 for http://nagradedomma.blogosfera.uol.com.br/2015/08/10/ex-de-ronda-lutador-diz-que-ela-quer-um-homem-que-fale-sim-senhora/, skipping...
[ERROR - 2025-10-25 11:23:06,031 - Worker_2] Status code == 403 for http://noticias.uol.com.br/cotidiano/ultimas-noticias/2015/08/10/pm-investiga-envolvimento-de-policial-em-estupro-coletivo-no-piaui.htm, skipping...
[ERROR - 2025-10-25 11:23:17,101 - Worker_4] Status code == 403 for http://blogdobaldini.blogosfera.uol.com.br/2015/08/11/esperamos-ver-no-sabado-o-melhor-de-popo-aqui-5-grandes-lutas-do-campeao/, skipping...
[ERROR - 2025-10-25 11:23:18,292 - Worker_2] Status code == 403 for http://economia.uol.com.br/empregos-e-carreiras/noticias/redacao/2015/08/11/qual-e-seu-maior-defeito-candidato-a-emprego-deve-ser-sincero-ao-responder.htm, skipping...
[ERROR - 2025-10-25 11:23:20,759 - Worker_3] Status code == 403 for http://economia.uol.com.br/noticias/bloomberg/2015/08/10/6-razoes-para-acreditar-que-o-brasil-vai-superar-a-crise.htm, skipping...
[ERROR - 2025-10-25 11:23:22,441 - Worker_2] Status code == 403 for http://economia.uol.com.br/cotacoes/noticias/redacao/2015/08/11/dolar-sobe-16-e-fecha-a-r-3498-apos-china-desvalorizar-sua-moeda.htm, skipping...
[ERROR - 2025-10-25 11:23:27,231 - Worker_4] Failed to connect with http://carsale.uol.com.br/ultimas/2015/08/10/suico-poe-fogo-em-ferrari-458-italia-na-esperanca-de-ganhar-a-nova-488-gtb-do-pai/ after 3 attempts, skipping...
[ERROR - 2025-10-25 11:23:38,598 - Worker_0] Status code == 403 for http://noticias.uol.com.br/internacional/ultimas-noticias/2015/08/11/tres-meses-apos-tremor-no-nepal-destruicao-ainda-e-evidente-e-futuro-preocupa.htm, skipping...
[ERROR - 2025-10-25 11:23:50,547 - Worker_0] Status code == 403 for http://noticias.uol.com.br/ciencia/ultimas-noticias/redacao/2015/08/11/os-sonhos-sao-reflexo-das-imagens-que-vemos-durante-o-dia.htm, skipping...
[ERROR - 2025-10-25 11:23:53,149 - Worker_1] Status code == 403 for http://economia.uol.com.br/noticias/redacao/2015/08/11/em-2013-dilma-anunciou-luz-mais-barata-hoje-diz-que-e-preciso-pagar-mais.htm, skipping...
[ERROR - 2025-10-25 11:23:54,711 - Worker_0] Status code == 403 for http://noticias.uol.com.br/meio-ambiente/ultimas-noticias/redacao/2015/08/11/botos-da-baia-de-guanabara-estao-entre-os-animais-mais-contaminado-do-mundo.htm, skipping...
[ERROR - 2025-10-25 11:23:59,852 - Worker_1] Status code == 403 for http://blogdomenon.blogosfera.uol.com.br/2015/08/11/cristovao-da-exemplo-que-outros-negros-ricos-o-imitem/, skipping...
[ERROR - 2025-10-25 11:24:04,013 - Worker_1] Status code == 403 for http://noticias.uol.com.br/ultimas-noticias/agencia-estado/2015/08/11/economia-de-agua-com-bonus-tem-recorde-em-julho-diz-sabesp.htm, skipping...
[ERROR - 2025-10-25 11:24:06,595 - Worker_4] Status code == 403 for http://reginanavarro.blogosfera.uol.com.br/2015/08/11/amizade-com-os-ex-amores/, skipping...
[ERROR - 2025-10-25 11:24:19,210 - Worker_2] Failed to connect with http://jogos.uol.com.br/ultimas-noticias/2015/08/11/konami-desligara-modo-online-de-pes-2014-em-novembro.htm after 3 attempts, skipping...
[ERROR - 2025-10-25 11:24:28,102 - Worker_2] Status code == 403 for http://noticias.uol.com.br/saude/ultimas-noticias/redacao/2015/08/11/em-dois-anos-cubanos-ganham-preferencia-a-medicos-brasileiros.htm, skipping...
[ERROR - 2025-10-25 11:24:32,592 - Worker_3] Status code == 403 for http://noticias.uol.com.br/ultimas-noticias/agencia-estado/2015/08/11/prefeitura-de-sp-adia-consulta-publica-e-admite-atraso-na-licitacao-de-onibus.htm, skipping...
[ERROR - 2025-10-25 11:24:34,809 - Worker_2] Status code == 403 for http://noticias.uol.com.br/ultimas-noticias/reuters/2015/08/11/explosao-mata-cerca-de-50-pessoas-na-nigeria-boko-haram-e-suspeito.htm, skipping...
[ERROR - 2025-10-25 11:24:48,674 - Worker_2] Status code == 403 for http://noticias.uol.com.br/opiniao/coluna/2015/08/11/vista-com-fatalismo-fusao-de-empresas-traz-oportunidades-para-funcionarios.htm, skipping...
[ERROR - 2025-10-25 11:24:57,687 - Worker_3] Status code == 403 for http://noticias.uol.com.br/midiaglobal/nytimes/2015/08/11/os-eua-nao-sao-mais-a-terra-das-oportunidades.htm, skipping...
[ERROR - 2025-10-25 11:25:02,360 - Worker_0] Status code == 403 for http://educacao.uol.com.br/noticias/2015/08/11/camara-municipal-de-sp-aprova-plano-de-educacao-em-1-votacao-sem-genero.htm, skipping...
[ERROR - 2025-10-25 11:25:10,031 - Worker_3] Status code == 403 for http://blogdoboleiro.blogosfera.uol.com.br/2015/08/11/chefe-do-apito-da-cbf-trio-de-sp-em-jogo-do-corinthians-quebra-paradigma/, skipping...
[ERROR - 2025-10-25 11:25:10,463 - Worker_1] Status code == 403 for http://matias.blogosfera.uol.com.br/2015/08/10/polemico-filme-de-jerry-lewis-sobre-o-holocausto-sera-liberado-em-10-anos/, skipping...
[ERROR - 2025-10-25 11:25:16,494 - Worker_3] Status code == 403 for http://matias.blogosfera.uol.com.br/2015/08/11/autobiografia-de-patti-smith-so-garotos-vai-virar-seriado/, skipping...
[ERROR - 2025-10-25 11:25:24,079 - Worker_0] Status code == 403 for http://noticias.uol.com.br/cotidiano/ultimas-noticias/2015/08/11/objetos-pessoais-de-chico-xavier-vao-a-leilao-em-mg.htm, skipping...
[ERROR - 2025-10-25 11:25:28,571 - Worker_2] Status code == 403 for http://negociosdoesporte.blogosfera.uol.com.br/2015/08/12/nba-mostra-a-importancia-de-conhecer-seu-cliente/, skipping...
[ERROR - 2025-10-25 11:25:37,992 - Worker_2] Status code == 403 for http://rodrigomattos.blogosfera.uol.com.br/2015/08/12/globo-desconhece-liga-sul-minas-clubes-falam-em-oito-datas/, skipping...
[ERROR - 2025-10-25 11:25:39,617 - Worker_3] Status code == 403 for http://noticias.uol.com.br/ultimas-noticias/bbc/2015/08/12/caso-assange-suecia-desiste-de-acusacao-por-agressao-sexual-ativista-ainda-e-acusado-de-estupro.htm, skipping...
[ERROR - 2025-10-25 11:25:43,773 - Worker_3] Status code == 403 for http://noticias.uol.com.br/album/album-do-dia/2015/08/12/imagens-do-dia---12-de-agosto-de-2015.htm?abrefoto=24, skipping...
[ERROR - 2025-10-25 11:25:55,230 - Worker_3] Status code == 403 for http://noticias.uol.com.br/internacional/ultimas-noticias/2015/08/12/brasileira-denuncia-ter-sofrido-violencia-sexual-em-voo-para-londres.htm, skipping...
[ERROR - 2025-10-25 11:25:59,463 - Worker_3] Status code == 403 for http://economia.uol.com.br/cotacoes/noticias/redacao/2015/08/12/dolar-cai-para-r-3474-apos-agencia-deixar-perspectiva-do-brasil-estavel.htm, skipping...
[ERROR - 2025-10-25 11:26:24,755 - Worker_3] Status code == 403 for http://noticias.uol.com.br/internacional/ultimas-noticias/2015/08/11/tres-meses-apos-tremor-no-nepal-destruicao-ainda-e-evidente-e-futuro-preocupa.htm, skipping...
[ERROR - 2025-10-25 11:26:35,183 - Worker_4] Status code == 404 for http://entretenimento.band.uol.com.br/masterchef/2015/videos/ultimos-videos/15570683/jacquin-questiona-se-jiang-fara-lipoaspiracao-nas-cebolas.html, skipping...
[ERROR - 2025-10-25 11:26:54,219 - Worker_0] Status code == 403 for http://noticias.uol.com.br/cotidiano/ultimas-noticias/2015/08/11/teve-ate-mae-que-quis-descer-diz-inventor-da-caixa-dagua-de-rolima.htm, skipping...
[ERROR - 2025-10-25 11:26:58,284 - Worker_1] Status code == 404 for http://entretenimento.band.uol.com.br/masterchef/2015/videos/ultimos-videos/15570684/jacquin-tem-macarrao-instantaneo-melhor-do-que-o-que-voce-fez.html, skipping...
[ERROR - 2025-10-25 11:26:58,382 - Worker_0] Status code == 403 for http://noticias.uol.com.br/ultimas-noticias/agencia-estado/2015/08/12/moro-manda-soltar-irmao-de-dirceu-e-proibe-contato-com-delator.htm, skipping...
[ERROR - 2025-10-25 11:27:02,466 - Worker_1] Status code == 403 for http://noticias.uol.com.br/cotidiano/ultimas-noticias/2015/08/12/justica-concede-habeas-corpus-a-acusado-pela-morte-de-eliza-samudio.htm, skipping...
[ERROR - 2025-10-25 11:27:02,630 - Worker_0] Status code == 403 for http://economia.uol.com.br/cotacoes/noticias/redacao/2015/08/12/bolsa-cai-14-puxada-por-bancos-e-vai-ao-menor-nivel-em-5-meses.htm, skipping...
[ERROR - 2025-10-25 11:27:04,062 - Worker_4] Status code == 403 for http://tecnologia.uol.com.br/noticias/bbc/2015/08/12/como-a-forma-de-digitar-revela-a-sua-identidade.htm, skipping...
[ERROR - 2025-10-25 11:27:06,890 - Worker_3] Status code == 403 for http://noticias.uol.com.br/ultimas-noticias/agencia-estado/2015/08/12/tcu-suspende-licitacao-para-construcao-de-trecho-de-corredor-de-onibus-em-sp.htm, skipping...
[ERROR - 2025-10-25 11:27:11,038 - Worker_3] Status code == 403 for http://noticias.uol.com.br/album/album-do-dia/2015/08/12/imagens-do-dia---12-de-agosto-de-2015.htm?abrefoto=16, skipping...
[ERROR - 2025-10-25 11:27:11,520 - Worker_0] Status code == 403 for http://noticias.uol.com.br/politica/ultimas-noticias/2015/08/12/dilma-da-novo-recado-aos-opositores-envergo-mas-nao-quebro.htm, skipping...
[ERROR - 2025-10-25 11:27:15,336 - Worker_3] Status code == 403 for http://omundoemmovimento.blogosfera.uol.com.br/2015/08/12/comprador-de-carro-troca-o-zero-pelo-seminovo/, skipping...
[ERROR - 2025-10-25 11:27:15,867 - Worker_0] Status code == 403 for http://blogdosakamoto.blogosfera.uol.com.br/2015/08/11/ninguem-nasce-com-odio-mas-somos-tao-bons-em-cultiva-lo-que-da-medo/, skipping...
[ERROR - 2025-10-25 11:27:19,545 - Worker_3] Status code == 403 for http://blogdobaldini.blogosfera.uol.com.br/2015/08/12/acelino-popo-freitas-tenta-repetir-o-que-fizeram-ali-eder-sugar-e-foreman/, skipping...
[ERROR - 2025-10-25 11:27:20,031 - Worker_0] Status code == 403 for http://noticias.uol.com.br/internacional/ultimas-noticias/2015/08/12/forte-explosao-atinge-a-cidade-chinesa-de-tianjin.htm, skipping...
[ERROR - 2025-10-25 11:27:29,817 - Worker_0] Status code == 403 for http://noticias.uol.com.br/politica/ultimas-noticias/2015/08/12/odebrecht-camargo-correa-e-queiroz-galvao-desistem-de-angra-3.htm, skipping...
[ERROR - 2025-10-25 11:27:30,587 - Worker_4] Status code == 403 for http://noticias.uol.com.br/ciencia/ultimas-noticias/afp/2015/08/10/casais-que-praticam-sexting-tem-melhor-sexo-revela-estudo.htm, skipping...
[ERROR - 2025-10-25 11:27:34,726 - Worker_4] Status code == 403 for http://noticias.uol.com.br/saude/ultimas-noticias/redacao/2015/08/12/mulher-precisa-esperar-quase-12h-por-parto-e-bebe-morre-no-interior-de-sp.htm, skipping...
[ERROR - 2025-10-25 11:27:44,202 - Worker_4] Status code == 403 for http://noticias.uol.com.br/midiaglobal/lemonde/2015/08/12/a-oposicao-russa-e-barrada-nas-eleicoes-locais.htm, skipping...
[ERROR - 2025-10-25 11:27:48,425 - Worker_4] Status code == 403 for http://noticias.uol.com.br/politica/ultimas-noticias/2015/08/12/nao-antecipo-situacoes-diz-dilma-sobre-impeachment-em-entrevista-ao-sbt.htm, skipping...
[ERROR - 2025-10-25 11:27:52,466 - Worker_1] Status code == 403 for http://blogdojuca.uol.com.br/2015/08/brasileirao-tem-seis-jogos-quentes-nesta-noite/, skipping...
[ERROR - 2025-10-25 11:27:56,626 - Worker_1] Status code == 403 for http://noticias.uol.com.br/internacional/ultimas-noticias/2015/08/12/jimmy-carter-anuncia-que-tem-cancer-no-figado-com-metastase.htm, skipping...
[ERROR - 2025-10-25 11:28:00,773 - Worker_1] Status code == 403 for http://noticias.uol.com.br/ultimas-noticias/agencia-estado/2015/08/13/ricardo-ferraco-sera-relator-do-processo-de-reconducao-de-janot-a-pgr.htm, skipping...
[ERROR - 2025-10-25 11:28:15,556 - Worker_1] Status code == 403 for http://fernandorodrigues.blogosfera.uol.com.br/2015/08/13/centrais-sindicais-se-unem-para-defender-dilma-rousseff/, skipping...
[ERROR - 2025-10-25 11:28:20,451 - Worker_2] Status code == 403 for http://blogdojuca.uol.com.br/2015/08/69869/, skipping...
[ERROR - 2025-10-25 11:28:27,882 - Worker_1] Status code == 403 for http://noticias.uol.com.br/politica/ultimas-noticias/2015/08/13/com-humor-internautas-confirmam-ausencia-em-atos-anti-dilma-no-domingo-16.htm, skipping...
[ERROR - 2025-10-25 11:28:28,828 - Worker_3] Status code == 403 for http://noticias.uol.com.br/midiaglobal/lemonde/2015/08/13/instagram-e-o-novo-ator-do-mercado-de-arte.htm, skipping...
[ERROR - 2025-10-25 11:28:32,041 - Worker_1] Status code == 403 for http://noticias.uol.com.br/cotidiano/ultimas-noticias/2015/08/13/stf-adia-votacao-sobre-porte-de-drogas-para-uso-pessoal-para-quarta-19.htm, skipping...
[ERROR - 2025-10-25 11:28:32,801 - Worker_4] Status code == 403 for http://noticias.uol.com.br/ciencia/album/2015/08/11/chuva-de-meteoros-perseidas-tera-melhor-observacao-em-oito-anos.htm?abrefoto=16, skipping...
[ERROR - 2025-10-25 11:28:35,277 - Worker_3] Status code == 403 for http://noticias.uol.com.br/ciencia/ultimas-noticias/estado/2015/08/13/operacao-flintstones-da-pf-resgata-fosseis-e-artefatos-de-cavernas.htm, skipping...
[ERROR - 2025-10-25 11:28:48,387 - Worker_4] Status code == 404 for http://esporte.band.uol.com.br/futebol/brasileirao-serie-a/2015/noticias/?id=100000766297&t=argel-se-declara-ao-inter-e-diz-nao-ter-problema-com-dale, skipping...
[ERROR - 2025-10-25 11:29:10,145 - Worker_3] Status code == 403 for http://robertosadovski.blogosfera.uol.com.br/2015/08/13/esqueca-quarteto-fantastico-e-descubra-reboots-que-nao-sao-do-mal/, skipping...
[ERROR - 2025-10-25 11:29:17,671 - Worker_3] Status code == 403 for http://mauriciostycer.blogosfera.uol.com.br/2015/08/13/trofeu-sinceridade-to-ficando-chato-igual-ao-faustao-diz-ratinho/, skipping...
[ERROR - 2025-10-25 11:29:21,909 - Worker_3] Status code == 403 for http://uolesporte.blogosfera.uol.com.br/2015/08/12/nao-e-so-trabalho-selecao-feminina-de-volei-ganha-dia-de-praia-no-rj/, skipping...
[ERROR - 2025-10-25 11:29:28,130 - Worker_1] Status code == 403 for http://noticias.uol.com.br/ultimas-noticias/agencia-estado/2015/08/13/instituto-lula-interpela-gentilli-por-ter-insinuado-que-ataque-foi-forjado.htm, skipping...
[ERROR - 2025-10-25 11:29:28,733 - Worker_3] Status code == 403 for http://blogdoavallone.blogosfera.uol.com.br/2015/08/13/da-emocao-do-corinthians-lider-ao-palmeiras-e-seu-desencanto/, skipping...
[ERROR - 2025-10-25 11:29:29,425 - Worker_2] Failed to connect with http://natelinha.ne10.uol.com.br/celebridades/2015/08/13/longe-da-tv-gala-dos-anos-80-desabafa-tem-sempre-um-coco-pra-gente-vender-91604.php after 3 attempts, skipping...
[ERROR - 2025-10-25 11:29:32,307 - Worker_1] Status code == 403 for http://noticias.uol.com.br/politica/ultimas-noticias/2015/08/13/dilma-diz-a-movimentos-sociais-que-nunca-mudou-de-lado.htm, skipping...
[ERROR - 2025-10-25 11:29:32,997 - Worker_3] Status code == 403 for http://educacao.uol.com.br/noticias/2015/08/13/professora-dos-eua-aumenta-nota-de-aluno-com-quem-tem-relacoes-sexuais.htm, skipping...
[ERROR - 2025-10-25 11:29:33,702 - Worker_2] Status code == 403 for http://saqueevoleio.blogosfera.uol.com.br/2015/08/13/nick-kyrgios-e-o-cubo-magico-mental/, skipping...
[ERROR - 2025-10-25 11:29:37,957 - Worker_4] Status code == 403 for http://blogdoboleiro.blogosfera.uol.com.br/2015/08/13/futebol-vs-alzheimer-uma-foto-e-tanto-a-espanha-venera-evaristo-de-macedo/, skipping...
[ERROR - 2025-10-25 11:29:40,828 - Worker_2] Status code == 403 for http://noticias.uol.com.br/ultimas-noticias/agencia-estado/2015/08/14/relatorio-da-kroll-aponta-56-contas-suspeitas-de-alvos-da-lava-jato.htm, skipping...
[ERROR - 2025-10-25 11:29:42,108 - Worker_4] Status code == 403 for http://noticias.uol.com.br/politica/ultimas-noticias/2015/08/14/aliados-na-camara-trairam-o-governo-veja-opiniao-de-lideres-dos-partidos.htm, skipping...
[ERROR - 2025-10-25 11:29:48,934 - Worker_4] Status code == 403 for http://nilsonxavier.blogosfera.uol.com.br/2015/08/14/quem-matou-murilo-ou-o-golpe-de-misericordia-de-babilonia/, skipping...
[ERROR - 2025-10-25 11:30:04,180 - Worker_3] Status code == 403 for http://noticias.uol.com.br/ultimas-noticias/bbc/2015/08/14/protestos-do-dia-16-vao-poupar-cunha-e-focar-em-impeachment-dizem-liderancas.htm, skipping...
[ERROR - 2025-10-25 11:30:04,500 - Worker_0] Status code == 403 for http://noticias.uol.com.br/saude/ultimas-noticias/redacao/2015/08/14/tenor-canta-musica-classica-durante-cirurgia-de-cerebro.htm, skipping...
[ERROR - 2025-10-25 11:30:09,015 - Worker_3] Status code == 403 for http://tecnologia.uol.com.br/noticias/redacao/2015/08/13/botao-de-comentario-vira-descarrego-de-odio-dizem-psicologos.htm, skipping...
[ERROR - 2025-10-25 11:30:13,517 - Worker_0] Status code == 403 for http://noticias.uol.com.br/midiaglobal/prospect/2015/08/14/instagram-um-app-que-ajuda-a-comer-com-os-olhos.htm, skipping...
[ERROR - 2025-10-25 11:30:19,992 - Worker_0] Status code == 403 for http://noticias.uol.com.br/album/album-do-dia/2015/08/14/imagens-do-dia---14-de-agosto-de-2015.htm?abrefoto=17, skipping...
[ERROR - 2025-10-25 11:30:24,141 - Worker_0] Status code == 403 for http://noticias.uol.com.br/cotidiano/ultimas-noticias/2015/08/14/nao-deixei-o-pior-ocorrer-diz-pai-fingiu-ser-a-filha-para-prender-pedofilo.htm, skipping...
[ERROR - 2025-10-25 11:30:30,831 - Worker_0] Status code == 403 for http://noticias.uol.com.br/ultimas-noticias/agencia-estado/2015/08/14/dilma-esta-sitiada-e-planalto-se-transformou-em-um-comite-de-apoio-diz-aecio.htm, skipping...
[ERROR - 2025-10-25 11:30:35,975 - Worker_0] Status code == 404 for http://esporte.uol.com.br/f1/ultimas-noticias/2015/08/14/sem-renault-red-bull-vai-contar-com-motores-mercedes-ou-ferrari-em-2017.htm, skipping...
[ERROR - 2025-10-25 11:30:51,684 - Worker_3] Status code == 403 for http://blogdobaldini.blogosfera.uol.com.br/2015/08/14/popo-come-feijoada-e-preve-derrubar-argentino-no-2-o-round-neste-sabado/, skipping...
[ERROR - 2025-10-25 11:30:53,733 - Worker_1] Status code == 403 for http://futebolemnumeros.blogosfera.uol.com.br/2015/08/14/nenhum-penalti-foi-marcado-contra-o-corinthians-no-brasileirao/, skipping...
[ERROR - 2025-10-25 11:30:57,032 - Worker_2] Status code == 403 for http://blogdosakamoto.blogosfera.uol.com.br/2015/08/14/dilma-nao-merece-apoio-que-recebeu-de-movimentos-sociais/, skipping...
[ERROR - 2025-10-25 11:30:57,922 - Worker_1] Status code == 403 for http://noticias.uol.com.br/album/2015/08/10/bichos-da-semana.htm?abrefoto=6, skipping...
[ERROR - 2025-10-25 11:30:58,234 - Worker_3] Status code == 403 for http://omundoemmovimento.blogosfera.uol.com.br/2015/08/14/cai-131-o-numero-de-financiamentos-de-veiculos/, skipping...
[ERROR - 2025-10-25 11:31:02,102 - Worker_4] Failed to connect with http://natelinha.ne10.uol.com.br/espelhomeu/saude/2015/08/13/saiba-identificar-dores-nos-seios-e-veja-se-nao-deve-procurar-um-medico-173.php after 3 attempts, skipping...
[ERROR - 2025-10-25 11:31:02,163 - Worker_1] Status code == 403 for http://blogdoboleiro.blogosfera.uol.com.br/2015/08/14/stjd-marca-julgamento-de-dudu-para-dia-27-palmeiras-quer-pena-reduzida/, skipping...
[ERROR - 2025-10-25 11:31:03,684 - Worker_2] Status code == 403 for http://blogdoperrone.blogosfera.uol.com.br/2015/08/corinthians-agora-nao-sabe-para-quem-pagar-direitos-de-imagem-de-pato/, skipping...
[ERROR - 2025-10-25 11:31:07,922 - Worker_2] Status code == 403 for http://educacao.uol.com.br/noticias/2015/08/14/apos-27-anos-longe-da-escola-mulher-volta-a-estudar-em-sala-do-filho-em-sc.htm, skipping...
[ERROR - 2025-10-25 11:31:11,767 - Worker_4] Status code == 403 for http://noticias.uol.com.br/politica/ultimas-noticias/2015/08/14/dilma-critica-clima-de-quanto-pior-melhor-nao-tem-compromisso-com-o-pais.htm, skipping...
[ERROR - 2025-10-25 11:31:12,187 - Worker_2] Status code == 403 for http://uolesportevetv.blogosfera.uol.com.br/2015/08/14/datena-estreia-programa-e-detona-dunga-nao-gostava-como-jogador-e-pessoa/, skipping...
[ERROR - 2025-10-25 11:31:15,924 - Worker_4] Status code == 403 for http://educacao.uol.com.br/noticias/2015/08/13/professora-dos-eua-aumenta-nota-de-aluno-com-quem-tem-relacoes-sexuais.htm, skipping...
[ERROR - 2025-10-25 11:31:16,585 - Worker_1] Status code == 403 for http://nagradedomma.blogosfera.uol.com.br/2015/08/14/contradicoes-e-arrogancia-anderson-passou-vergonha-e-pegou-pena-maxima/, skipping...
[ERROR - 2025-10-25 11:31:17,332 - Worker_3] Status code == 404 for http://guia.uol.com.br/sao-paulo/teatro/noticias/2015/08/14/miguel-falabella-interpreta-playboy-em-musical-da-broadway-premiado.htm, skipping...
[ERROR - 2025-10-25 11:31:23,476 - Worker_2] Status code == 403 for http://noticias.uol.com.br/opiniao/coluna/2015/08/14/pais-mostrara-no-domingo-que-a-paciencia-com-dilma-acabou.htm, skipping...
[ERROR - 2025-10-25 11:31:27,647 - Worker_2] Status code == 403 for http://noticias.uol.com.br/politica/ultimas-noticias/2015/08/12/nao-antecipo-situacoes-diz-dilma-sobre-impeachment-em-entrevista-ao-sbt.htm, skipping...
[ERROR - 2025-10-25 11:31:31,794 - Worker_2] Status code == 403 for http://noticias.uol.com.br/cotidiano/ultimas-noticias/2015/08/14/policia-identifica-dois-carros-e-uma-moto-usados-em-chacina-na-grande-sp.htm, skipping...
[ERROR - 2025-10-25 11:31:35,940 - Worker_2] Status code == 403 for http://noticias.uol.com.br/cotidiano/ultimas-noticias/2015/08/14/tortura-em-presidios-brasileiros-e-endemica-diz-relator-da-onu.htm, skipping...
[ERROR - 2025-10-25 11:31:44,528 - Worker_2] Status code == 403 for http://uolesporte.blogosfera.uol.com.br/2015/08/15/goleiro-foi-a-area-para-salvar-o-time-acabou-expulso-em-lance-violento/, skipping...
[ERROR - 2025-10-25 11:31:48,713 - Worker_2] Status code == 403 for http://noticias.uol.com.br/ultimas-noticias/agencia-estado/2015/08/15/area-de-chacina-era-patrulhada-por-pm-que-foi-morto.htm, skipping...
[ERROR - 2025-10-25 11:31:57,777 - Worker_2] Status code == 403 for http://blogdobaldini.blogosfera.uol.com.br/2015/08/15/mayweather-x-ronda-seria-tao-ridiculo-quanto-foi-ali-x-inoki-nos-anos-70/, skipping...
[ERROR - 2025-10-25 11:32:02,149 - Worker_2] Status code == 403 for http://fastfut.blogosfera.uol.com.br/2015/08/15/torcedor-entra-na-arquibancada-errada-e-acaba-nu/, skipping...
[ERROR - 2025-10-25 11:32:03,596 - Worker_3] Status code == 403 for http://todosabordo.blogosfera.uol.com.br/2015/08/15/video-os-detalhes-dos-avioes-de-luxo-apresentados-em-evento-em-sao-paulo/, skipping...
[ERROR - 2025-10-25 11:32:06,116 - Worker_0] Status code == 403 for http://noticias.uol.com.br/album/album-do-dia/2015/08/15/imagens-do-dia---15-de-agosto-de-2015.htm?abrefoto=30, skipping...
[ERROR - 2025-10-25 11:32:06,322 - Worker_2] Status code == 403 for http://noticias.uol.com.br/politica/ultimas-noticias/2015/08/12/nao-antecipo-situacoes-diz-dilma-sobre-impeachment-em-entrevista-ao-sbt.htm, skipping...
[ERROR - 2025-10-25 11:32:10,095 - Worker_3] Status code == 403 for http://noticias.uol.com.br/ultimas-noticias/bbc/2015/08/15/o-pais-onde-deficientes-sao-acorrentados-e-violentados.htm, skipping...
[ERROR - 2025-10-25 11:32:12,152 - Worker_4] Failed to connect with http://esporte.uol.com.br/futebol/campeonatos/brasileiro/serie-b/ultimas-noticias/2015/08/14/botafogo-recebe-por-venda-de-pimpao-quita-divida-e-coloca-salarios-em-dia.htm after 3 attempts, skipping...
[ERROR - 2025-10-25 11:32:12,394 - Worker_1] Status code == 403 for http://tecnologia.uol.com.br/noticias/redacao/2015/08/13/botao-de-comentario-vira-descarrego-de-odio-dizem-psicologos.htm, skipping...
[ERROR - 2025-10-25 11:32:16,574 - Worker_4] Status code == 403 for http://noticias.uol.com.br/ultimas-noticias/reuters/2015/08/15/ao-menos-40-imigrantes-morrem-em-travessia-do-mediterraneo.htm, skipping...
[ERROR - 2025-10-25 11:32:17,795 - Worker_2] Status code == 403 for http://uolesporte.blogosfera.uol.com.br/2015/08/15/lateral-faz-golaco-de-cobertura-uma-pena-que-foi-contra/, skipping...
[ERROR - 2025-10-25 11:32:19,126 - Worker_3] Status code == 403 for http://noticias.uol.com.br/album/2015/08/14/serie-de-ataques-deixa-mortos-e-feridos-na-grande-sao-paulo.htm?abrefoto=21, skipping...
[ERROR - 2025-10-25 11:32:19,436 - Worker_0] Status code == 403 for http://noticias.uol.com.br/ultimas-noticias/agencia-estado/2015/08/14/grampo-mostra-conversa-entre-executivo-da-odebrecht-e-lula-sobre-bndes.htm, skipping...
[ERROR - 2025-10-25 11:32:21,956 - Worker_2] Status code == 403 for http://noticias.uol.com.br/cotidiano/ultimas-noticias/2015/08/15/pericia-confirma-uso-de-armas-da-policia-e-das-forcas-armadas-em-chacina.htm, skipping...
[ERROR - 2025-10-25 11:32:23,034 - Worker_4] Status code == 403 for http://noticias.uol.com.br/ultimas-noticias/agencia-estado/2015/08/15/nivel-dos-reservatorios-de-sp-cai-pelo-14-dia-seguido.htm, skipping...
[ERROR - 2025-10-25 11:32:23,359 - Worker_3] Status code == 404 for http://futebol.placar.esporte.uol.com.br/futebol/brasileirao/2015/08/15/vasco-x-coritiba.htm, skipping...
[ERROR - 2025-10-25 11:32:23,576 - Worker_0] Status code == 403 for http://noticias.uol.com.br/ultimas-noticias/agencia-estado/2015/08/15/dhpp-ouve-testemunhas-de-chacina-de-osasco-e-barueri-e-pms.htm, skipping...
[ERROR - 2025-10-25 11:32:27,749 - Worker_0] Status code == 403 for http://noticias.uol.com.br/ultimas-noticias/agencia-estado/2015/08/15/relator-acelera-parecer-para-janot-permanecer-no-cargo.htm, skipping...
[ERROR - 2025-10-25 11:32:29,538 - Worker_4] Status code == 403 for http://noticias.uol.com.br/midiaglobal/elpais/2015/08/15/a-passos-curtos-internet-se-consolida-em-cuba-e-ja-tem-mercado-negro-20.htm, skipping...
[ERROR - 2025-10-25 11:32:30,854 - Worker_2] Status code == 403 for http://uolesporte.blogosfera.uol.com.br/2015/08/15/brasileiro-da-selecao-sub-20-acerta-lindo-chute-em-jogo-do-holandes/, skipping...
[ERROR - 2025-10-25 11:32:31,517 - Worker_1] Status code == 403 for http://reginanavarro.blogosfera.uol.com.br/2015/08/15/quando-o-homem-teme-o-sexo/, skipping...
[ERROR - 2025-10-25 11:32:31,942 - Worker_0] Status code == 403 for http://uolesporte.blogosfera.uol.com.br/2015/08/15/site-mostra-possivel-novo-uniforme-da-selecao-brasileira/, skipping...
[ERROR - 2025-10-25 11:32:33,753 - Worker_4] Status code == 403 for http://noticias.uol.com.br/album/album-do-dia/2015/08/15/imagens-do-dia---15-de-agosto-de-2015.htm?abrefoto=23, skipping...
[ERROR - 2025-10-25 11:32:35,678 - Worker_1] Status code == 403 for http://noticias.uol.com.br/album/album-do-dia/2015/08/15/imagens-do-dia---15-de-agosto-de-2015.htm?abrefoto=26, skipping...
[ERROR - 2025-10-25 11:32:37,327 - Worker_2] Status code == 403 for http://noticias.uol.com.br/ultimas-noticias/bbc/2015/08/15/apos-reaproximacao-com-cuba-conheca-os-3-paises-que-ainda-nao-tem-relacoes-com-os-eua.htm, skipping...
[ERROR - 2025-10-25 11:32:37,923 - Worker_4] Status code == 403 for http://uolesporte.blogosfera.uol.com.br/2015/08/15/ronda-rousey-vira-super-heroina-no-instagram/, skipping...
[ERROR - 2025-10-25 11:32:39,824 - Worker_1] Status code == 403 for http://noticias.uol.com.br/opiniao/coluna/2015/08/15/alckmin-e-sabesp-transferem-para-a-populacao-a-culpa-pela-crise-hidrica.htm, skipping...
[ERROR - 2025-10-25 11:32:44,010 - Worker_1] Status code == 403 for http://noticias.uol.com.br/politica/ultimas-noticias/2015/08/15/protestos-por-fora-dilma-sao-esperados-em-mais-de-270-cidades-neste-domingo.htm, skipping...
[ERROR - 2025-10-25 11:32:52,144 - Worker_2] Failed to connect with http://motordream.uol.com.br/noticias/ver/2015/08/13/teste-lotus-evora-s-nascido-para-as-pistas after 3 attempts, skipping...
[ERROR - 2025-10-25 11:32:53,406 - Worker_1] Status code == 403 for http://noticias.uol.com.br/ultimas-noticias/agencia-estado/2015/08/16/trump-promete-deportar-imigrantes-ilegais-caso-seja-eleito.htm, skipping...
[ERROR - 2025-10-25 11:32:56,504 - Worker_0] Failed to connect with http://natelinha.ne10.uol.com.br/noticias/2015/08/16/supla-ira-se-casar-com-vencedora-em-nova-temporada-de-reality-da-mtv-91678.php after 3 attempts, skipping...
[ERROR - 2025-10-25 11:33:00,679 - Worker_0] Status code == 403 for http://noticias.uol.com.br/ciencia/ultimas-noticias/the-new-york-times/2015/08/16/descobrir-vida-extraterrestre-pode-nao-ser-bom-seria-o-fim-da-humanidade.htm, skipping...
[ERROR - 2025-10-25 11:33:02,328 - Worker_1] Status code == 403 for http://blogdosakamoto.blogosfera.uol.com.br/2015/08/15/voce-e-daqueles-que-acham-que-criticar-a-policia-e-defender-bandido/, skipping...
[ERROR - 2025-10-25 11:33:05,949 - Worker_2] Status code == 403 for http://brasilianismo.blogosfera.uol.com.br/2015/08/16/midia-estrangeira-destaca-clima-de-carnaval-durante-protestos-no-brasil/, skipping...
[ERROR - 2025-10-25 11:33:06,792 - Worker_1] Status code == 403 for http://tecnologia.uol.com.br/noticias/redacao/2015/08/13/botao-de-comentario-vira-descarrego-de-odio-dizem-psicologos.htm, skipping...
[ERROR - 2025-10-25 11:33:07,792 - Worker_0] Status code == 403 for http://nagradedomma.blogosfera.uol.com.br/2015/08/16/lutadora-de-mma-compete-gravida-mas-so-descobre-depois/, skipping...
[ERROR - 2025-10-25 11:33:10,160 - Worker_2] Status code == 403 for http://josecruz.blogosfera.uol.com.br/2015/08/para-que-serve-o-estadio-mane-garrincha/, skipping...
[ERROR - 2025-10-25 11:33:13,577 - Worker_1] Status code == 403 for http://noticias.uol.com.br/album/2015/08/16/protestos-de-16-de-agosto-pelo-pais.htm?abrefoto=121, skipping...
[ERROR - 2025-10-25 11:33:19,944 - Worker_4] Status code == 403 for http://blogdojuca.uol.com.br/2015/08/timao-leva-o-turno-com-luciano-ronaldo/, skipping...
[ERROR - 2025-10-25 11:33:22,410 - Worker_1] Status code == 403 for http://noticias.uol.com.br/album/2015/08/16/protestos-de-16-de-agosto-pelo-pais.htm?abrefoto=67, skipping...
[ERROR - 2025-10-25 11:33:29,980 - Worker_4] Status code == 403 for http://fernandorodrigues.blogosfera.uol.com.br/2015/08/16/dilma-manda-ministros-nao-darem-entrevistas-sobre-protestos/, skipping...
[ERROR - 2025-10-25 11:33:34,230 - Worker_4] Status code == 403 for http://noticias.uol.com.br/ultimas-noticias/bbc/2015/08/16/sp-chacinas-ja-matam-mais-do-que-2014-e-acendem-alerta.htm, skipping...
[ERROR - 2025-10-25 11:33:34,975 - Worker_1] Status code == 403 for http://noticias.uol.com.br/ultimas-noticias/efe/2015/08/16/colisao-de-avioes-de-pequeno-porte-mata-4-pessoas-em-san-diego.htm, skipping...
[ERROR - 2025-10-25 11:33:41,235 - Worker_4] Status code == 403 for http://blogdobaldini.blogosfera.uol.com.br/2015/08/16/popo-lota-ginasio-e-mantem-pegada-mas-caminho-para-o-titulo-sera-duro/, skipping...
[ERROR - 2025-10-25 11:33:55,634 - Worker_3] Status code == 403 for http://blogdomenon.blogosfera.uol.com.br/2015/08/16/palmeiras-vence-e-deixa-o-macarrao-da-mamma-ainda-mais-gostoso/, skipping...
[ERROR - 2025-10-25 11:34:02,213 - Worker_3] Status code == 403 for http://noticias.uol.com.br/politica/ultimas-noticias/2015/08/16/com-lideres-da-oposicao-fora-dilma-reune-794-mil-em-25-estados-e-no-df.htm, skipping...
[ERROR - 2025-10-25 11:34:02,536 - Worker_4] Status code == 403 for http://noticias.uol.com.br/internacional/ultimas-noticias/2015/08/16/destrocos-de-aviao-que-sumiu-na-indonesia-sao-localizados.htm, skipping...
[ERROR - 2025-10-25 11:34:06,357 - Worker_3] Status code == 403 for http://noticias.uol.com.br/album/2015/08/16/protestos-de-16-de-agosto-pelo-pais.htm?abrefoto=85, skipping...
[ERROR - 2025-10-25 11:34:08,991 - Worker_4] Status code == 403 for http://noticias.uol.com.br/ultimas-noticias/agencia-estado/2015/08/16/oposicao-fala-em-aprofundamento-da-rejeicao-a-dilma-e-promete-aumentar-pressao.htm, skipping...
[ERROR - 2025-10-25 11:34:12,828 - Worker_3] Status code == 403 for http://noticias.uol.com.br/ultimas-noticias/afp/2015/08/16/manisfestantes-protestam-contra-deportacao-de-jornalista-brasileira-no-equador.htm, skipping...
[ERROR - 2025-10-25 11:34:13,132 - Worker_2] Failed to connect with http://esporte.uol.com.br/futebol/campeonatos/brasileiro/serie-a/ultimas-noticias/2015/08/16/lateral-alviverde-passa-mal-e-palmeirenses-detonam-jogo-as-11h-da-manha.htm after 3 attempts, skipping...
[ERROR - 2025-10-25 11:34:13,160 - Worker_4] Status code == 403 for http://noticias.uol.com.br/opiniao/coluna/2015/08/16/empresas-ainda-precisam-descobrir-o-valor-da-reputacao.htm, skipping...
[ERROR - 2025-10-25 11:34:17,671 - Worker_2] Status code == 403 for http://blogdoboleiro.blogosfera.uol.com.br/2015/08/16/presidente-do-flamengo-garante-cristovao-borges-e-reclama-de-erros-do-juiz/, skipping...
[ERROR - 2025-10-25 11:34:19,404 - Worker_3] Status code == 403 for http://josiasdesouza.blogosfera.uol.com.br/2015/08/16/lula-comeca-a-ser-descanonizado-pelo-asfalto/, skipping...
[ERROR - 2025-10-25 11:34:22,330 - Worker_0] Status code == 403 for http://noticias.uol.com.br/politica/ultimas-noticias/2015/08/12/nao-antecipo-situacoes-diz-dilma-sobre-impeachment-em-entrevista-ao-sbt.htm, skipping...
[ERROR - 2025-10-25 11:34:23,565 - Worker_3] Status code == 403 for http://noticias.uol.com.br/album/2015/08/16/protestos-de-16-de-agosto-pelo-pais.htm?abrefoto=95, skipping...
[ERROR - 2025-10-25 11:34:36,304 - Worker_0] Status code == 403 for http://educacao.uol.com.br/noticias/2015/08/17/apos-prisao-por-abuso-sexual-professora-casa-e-tem-duas-filhas-com-aluno.htm, skipping...
[ERROR - 2025-10-25 11:34:39,083 - Worker_2] Status code == 404 for http://esporte.uol.com.br/f1/ultimas-noticias/2015/08/17/mesmo-com-1-atualizacao-do-ano-nasr-e-cauteloso-quanto-a-chances-em-spa.htm, skipping...
[ERROR - 2025-10-25 11:34:40,532 - Worker_0] Status code == 403 for http://nagradedomma.blogosfera.uol.com.br/2015/08/17/bethe-se-irrita-com-postura-assassina-de-ronda-e-diz-que-tera-viganca/, skipping...
[ERROR - 2025-10-25 11:34:42,314 - Worker_1] Status code == 403 for http://omundoemmovimento.blogosfera.uol.com.br/2015/08/17/onix-e-lider-na-quinzena-palio-e-terceiro/, skipping...
[ERROR - 2025-10-25 11:34:49,788 - Worker_0] Status code == 403 for http://uoltecnologia.blogosfera.uol.com.br/2015/08/17/veja-cinco-possiveis-caracteristicas-do-novo-iphone/, skipping...
[ERROR - 2025-10-25 11:34:58,510 - Worker_2] Status code == 403 for http://economia.uol.com.br/noticias/redacao/2015/08/17/mercado-piora-projecao-do-pib-e-preve-inflacao-de-932-em-2015.htm, skipping...
[ERROR - 2025-10-25 11:35:02,622 - Worker_4] Status code == 403 for http://blogmiltonneves.bol.uol.com.br/blog/2015/08/16/luciano-marca-dois-golacos-e-corinthians-vence-o-primeiro-turno-do-brasileirao-no-rio-fluminense-vence-e-volta-ao-g-4/, skipping...
[ERROR - 2025-10-25 11:35:05,179 - Worker_0] Status code == 403 for http://uolesporte.blogosfera.uol.com.br/2015/08/17/ostentacao-cristiano-ronaldo-compra-apartamento-de-r-65-milhoes-nos-eua/, skipping...
[ERROR - 2025-10-25 11:35:06,917 - Worker_4] Status code == 403 for http://mauriciostycer.blogosfera.uol.com.br/2015/08/16/homenageado-por-faustao-caio-castro-sinaliza-incomodo-com-apelacao/, skipping...
[ERROR - 2025-10-25 11:35:09,610 - Worker_0] Status code == 403 for http://noticias.uol.com.br/ultimas-noticias/agencia-estado/2015/08/17/sede-do-pt-sp-foi-invadida-diz-presidente-da-sigla-em-sp.htm, skipping...
[ERROR - 2025-10-25 11:35:11,077 - Worker_4] Status code == 403 for http://noticias.uol.com.br/midiaglobal/the-international-new-york-times/2015/08/17/jovens-muculmanos-europeus-aderem-ao-ei-para-fugir-da-alienacao.htm, skipping...
[ERROR - 2025-10-25 11:35:15,276 - Worker_4] Status code == 403 for http://economia.uol.com.br/empreendedorismo/noticias/redacao/2015/08/17/empresa-quer-faturar-r-25-mi-com-bolsas-para-marmita-inspiradas-na-chanel.htm, skipping...
[ERROR - 2025-10-25 11:35:18,862 - Worker_0] Status code == 404 for http://esporte.uol.com.br/f1/ultimas-noticias/2015/08/17/massa-se-empolga-com-chances-da-williams-em-circuito-predileto.htm, skipping...
[ERROR - 2025-10-25 11:35:19,537 - Worker_4] Status code == 403 for http://blogdobaldini.blogosfera.uol.com.br/2015/08/17/se-ganhar-5-o-titulo-mundial-serei-o-maior-boxeador-brasileiro-diz-popo/, skipping...
[ERROR - 2025-10-25 11:35:23,055 - Worker_0] Status code == 403 for http://blogdoboleiro.blogosfera.uol.com.br/2015/08/17/cristaldo-estrela-ate-quando-nao-entra-dudu-tranquilo-para-o-julgamento/, skipping...
[ERROR - 2025-10-25 11:35:29,611 - Worker_0] Status code == 403 for http://rodrigomattos.blogosfera.uol.com.br/2015/08/17/arbitragem-tem-erros-inadmissiveis-por-que-cbf-deve-mandar-nos-juizes/, skipping...
[ERROR - 2025-10-25 11:35:31,714 - Worker_3] Status code == 403 for http://noticias.uol.com.br/ciencia/ultimas-noticias/bbc/2015/08/17/como-show-de-aberracoes-financiou-uma-revolucao-na-medicina.htm, skipping...
[ERROR - 2025-10-25 11:35:33,844 - Worker_0] Status code == 403 for http://maesdepeito.blogosfera.uol.com.br/2015/08/13/as-dificuldades-e-a-libertacao-que-o-empreendedorismo-materno-oferece/, skipping...
[ERROR - 2025-10-25 11:35:40,523 - Worker_0] Status code == 403 for http://economia.uol.com.br/noticias/reuters/2015/08/17/brasil-realizara-nova-licitacao-no-pre-sal-ate-2017-diz-secretario-de-petroleo.htm, skipping...
[ERROR - 2025-10-25 11:35:40,734 - Worker_3] Status code == 403 for http://noticias.uol.com.br/politica/ultimas-noticias/2015/08/17/indicacao-de-janot-a-pgr-sera-votada-no-dia-26-diz-renan-calheiros.htm, skipping...
[ERROR - 2025-10-25 11:35:45,349 - Worker_3] Status code == 404 for http://cenapop.virgula.uol.com.br/2015/08/17/91690-anitta-posa-de-biquini-na-praia-e-ganha-elogios-queria-estar-magra-como-voce/, skipping...
[ERROR - 2025-10-25 11:35:52,445 - Worker_2] Status code == 404 for http://guia.uol.com.br/rio-de-janeiro/exposicoes/noticias/2015/08/17/artista-frances-recria-paisagens-cariocas-atraves-de-hiperfotografias.htm, skipping...
[ERROR - 2025-10-25 11:36:03,398 - Worker_4] Status code == 403 for http://reginanavarro.blogosfera.uol.com.br/2015/08/17/voce-ja-se-relacionou-com-alguem-casado-como-foi/, skipping...
[ERROR - 2025-10-25 11:36:07,649 - Worker_4] Status code == 403 for http://noticias.uol.com.br/ultimas-noticias/reuters/2015/08/17/eua-mobilizam-tropas-do-exercito-para-ajudar-a-combater-incendios-florestais.htm, skipping...
[ERROR - 2025-10-25 11:36:11,788 - Worker_4] Status code == 403 for http://noticias.uol.com.br/ultimas-noticias/agencia-estado/2015/08/17/aecio-provoca-governo-e-diz-que-psdb-nao-sera-protagonista-do-desfecho-da-crise.htm, skipping...
[ERROR - 2025-10-25 11:36:24,209 - Worker_4] Failed to connect with http://blogdobirner.virgula.uol.com.br/2015/08/17/atletico-mg-foi-melhor-que-o-corinthians-no-turno-colocacao-das-equipes-contraria-a-maxima-dos-pontos-corridos/ after 3 attempts, skipping...
[ERROR - 2025-10-25 11:36:28,577 - Worker_4] Status code == 403 for http://noticias.uol.com.br/politica/ultimas-noticias/2015/08/12/nao-antecipo-situacoes-diz-dilma-sobre-impeachment-em-entrevista-ao-sbt.htm, skipping...
[ERROR - 2025-10-25 11:36:29,610 - Worker_3] Status code == 403 for http://noticias.uol.com.br/cotidiano/ultimas-noticias/2015/08/17/em-um-mes-natal-registra-tres-casos-de-estupro-coletivo.htm, skipping...
[ERROR - 2025-10-25 11:36:43,320 - Worker_2] Status code == 403 for http://noticias.uol.com.br/politica/ultimas-noticias/2015/08/18/kassab-se-torna-reu-por-improbidade-administrativa.htm, skipping...
[ERROR - 2025-10-25 11:36:47,481 - Worker_2] Status code == 403 for http://noticias.uol.com.br/album/album-do-dia/2015/08/18/imagens-do-dia---18-de-agosto-de-2015.htm?abrefoto=32, skipping...
[ERROR - 2025-10-25 11:36:53,960 - Worker_2] Status code == 403 for http://economia.uol.com.br/noticias/bbc/2015/08/17/ele-foi-o-unico-passageiro-a-bordo-de-um-737---e-voou-na-classe-turistica.htm, skipping...
[ERROR - 2025-10-25 11:37:00,546 - Worker_2] Status code == 403 for http://noticias.uol.com.br/ultimas-noticias/agencia-estado/2015/08/18/prefeitura-de-sp-promete-tres-corredores-de-onibus-ate-janeiro-de-2016.htm, skipping...
[ERROR - 2025-10-25 11:37:01,800 - Worker_0] Status code == 403 for http://noticias.uol.com.br/internacional/ultimas-noticias/the-new-york-times/2015/08/16/conheca-o-porta-avioes-dos-eua-que-tenta-derrotar-o-ei.htm, skipping...
[ERROR - 2025-10-25 11:37:07,954 - Worker_4] Status code == 403 for http://blogdomariomagalhaes.blogosfera.uol.com.br/2015/08/18/a-terceira-chance-de-marina-silva/, skipping...
[ERROR - 2025-10-25 11:37:11,698 - Worker_3] Status code == 403 for http://reginanavarro.blogosfera.uol.com.br/2015/08/18/fidelidade-tem-a-ver-com-sexo/, skipping...
[ERROR - 2025-10-25 11:37:20,451 - Worker_4] Failed to connect with http://carsale.uol.com.br/ultimas/2015/08/17/top-10-carros-turbinados-fabricados-no-brasil/ after 3 attempts, skipping...
[ERROR - 2025-10-25 11:37:26,934 - Worker_4] Status code == 403 for http://economia.uol.com.br/noticias/ansa/2015/08/18/companhia-aerea-dos-eua-se-prepara-para-voar-para-cuba.htm, skipping...
[ERROR - 2025-10-25 11:37:31,114 - Worker_4] Status code == 403 for http://noticias.uol.com.br/ultimas-noticias/agencia-estado/2015/08/18/policia-investiga-desaparecimento-de-pais-de-crianca-abandonada-no-brt.htm, skipping...
[ERROR - 2025-10-25 11:37:37,894 - Worker_4] Status code == 403 for http://danielcara.blogosfera.uol.com.br/2015/08/18/a-educacao-vai-virar-pauta-bomba/, skipping...
[ERROR - 2025-10-25 11:37:42,236 - Worker_4] Status code == 403 for http://blogdoico.blogosfera.uol.com.br/2015/08/18/novo-procedimento-de-largada-vai-exigir-sensibilidade-maior-dos-pilotos/, skipping...
[ERROR - 2025-10-25 11:37:44,039 - Worker_0] Status code == 403 for http://noticias.uol.com.br/cotidiano/ultimas-noticias/2015/08/18/policia-pede-prisao-de-10-suspeitos-participar-de-chacina-em-manaus.htm, skipping...
[ERROR - 2025-10-25 11:37:44,325 - Worker_2] Status code == 403 for http://noticias.uol.com.br/politica/ultimas-noticias/2015/08/18/stf-arquiva-acao-penal-contra-senador-jader-barbalho.htm, skipping...
[ERROR - 2025-10-25 11:37:46,457 - Worker_4] Status code == 403 for http://noticias.uol.com.br/midiaglobal/lemonde/2015/08/18/seattle-nos-eua-colhe-os-frutos-da-venda-legal-de-maconha.htm, skipping...
[ERROR - 2025-10-25 11:37:48,493 - Worker_0] Status code == 403 for http://blogdoboleiro.blogosfera.uol.com.br/2015/08/18/convite-da-china-elogios-de-tite-danilo-quer-definir-futuro-em-dois-meses/, skipping...
[ERROR - 2025-10-25 11:37:55,706 - Worker_4] Status code == 403 for http://noticias.uol.com.br/album/2015/08/15/bichos-da-semana.htm?abrefoto=7, skipping...
[ERROR - 2025-10-25 11:37:55,719 - Worker_0] Status code == 403 for http://mauriciostycer.blogosfera.uol.com.br/2015/08/18/xuxa-estreia-sem-assunto-mas-com-boas-piadas-de-twitter-e-ataque-a-globo/, skipping...
[ERROR - 2025-10-25 11:37:56,575 - Worker_2] Status code == 403 for http://tecnologia.uol.com.br/noticias/redacao/2015/08/18/venda-de-celulares-no-brasil-cai-17-no-primeiro-semestre.htm, skipping...
[ERROR - 2025-10-25 11:37:59,874 - Worker_0] Status code == 403 for http://noticias.uol.com.br/ciencia/ultimas-noticias/redacao/2015/08/18/escavacao-olimpica-no-brasil-descobre-escova-de-dentes-do-imperador.htm, skipping...
[ERROR - 2025-10-25 11:38:00,752 - Worker_2] Status code == 403 for http://noticias.uol.com.br/ultimas-noticias/agencia-estado/2015/08/18/ex-gerente-do-bb-diz-a-cpi-que-pegou-dinheiro-emprestado-com-doleira.htm, skipping...
[ERROR - 2025-10-25 11:38:05,250 - Worker_2] Status code == 403 for http://uolesporte.blogosfera.uol.com.br/2015/08/18/lembra-do-golaco-de-van-persie-na-copa-de-2014-um-peruano-repetiu/, skipping...
[ERROR - 2025-10-25 11:38:06,243 - Worker_0] Status code == 403 for http://noticias.uol.com.br/cotidiano/ultimas-noticias/2015/08/18/menina-de-6-anos-desaparece-em-sp-familia-faz-campanha-na-internet.htm, skipping...
[ERROR - 2025-10-25 11:38:27,799 - Worker_1] Status code == 403 for http://mauriciostycer.blogosfera.uol.com.br/2015/08/18/homenagem-a-cristiano-araujo-em-a-tarde-e-sua-vai-completar-dois-meses/, skipping...
[ERROR - 2025-10-25 11:38:44,580 - Worker_2] Status code == 403 for http://noticias.uol.com.br/ultimas-noticias/ansa/2015/08/18/desnudas-tomam-conta-da-times-square-e-irritam-prefeito.htm, skipping...
[ERROR - 2025-10-25 11:38:46,399 - Worker_0] Status code == 404 for http://esporte.uol.com.br/f1/ultimas-noticias/2015/08/18/saiba-o-que-mudara-nas-largadas-da-f-1-a-partir-deste-final-de-semana.htm, skipping...
[ERROR - 2025-10-25 11:38:48,745 - Worker_2] Status code == 403 for http://noticias.uol.com.br/album/2015/01/05/charges-2015.htm?abrefoto=180, skipping...
[ERROR - 2025-10-25 11:38:50,857 - Worker_0] Status code == 403 for http://nagradedomma.blogosfera.uol.com.br/2015/08/18/ate-quando-cauboi-diz-que-acusacao-de-doping-sobre-dos-anjos-era-so-zoeira/, skipping...
[ERROR - 2025-10-25 11:38:56,635 - Worker_2] Status code == 403 for http://noticias.uol.com.br/ultimas-noticias/reuters/2015/08/18/entrada-de-imigrantes-na-ue-passa-de-100-mil-em-julho-e-bate-recorde.htm, skipping...
[ERROR - 2025-10-25 11:39:00,831 - Worker_2] Status code == 403 for http://noticias.uol.com.br/saude/ultimas-noticias/afp/2015/08/18/fda-aprova-primeiro-viagra-feminino.htm, skipping...
[ERROR - 2025-10-25 11:39:12,265 - Worker_2] Status code == 403 for http://noticias.uol.com.br/meio-ambiente/ultimas-noticias/redacao/2015/08/19/alemanha-destinara-mais-de-r-200-milhoes-para-conservacao-da-amazonia.htm, skipping...
[ERROR - 2025-10-25 11:39:16,281 - Worker_4] Status code == 404 for http://entretenimento.band.uol.com.br/masterchef/2015/noticias/100000767102/paola-carosella-explica-por-que-se-emocionou-com-a-eliminacao-de-lucas.html, skipping...
[ERROR - 2025-10-25 11:39:16,554 - Worker_2] Status code == 403 for http://educacao.uol.com.br/noticias/2015/08/19/professora-e-agredida-por-aluna-dentro-de-escola-em-parobe-no-rs.htm, skipping...
[ERROR - 2025-10-25 11:39:21,633 - Worker_3] Status code == 403 for http://balanacesta.blogosfera.uol.com.br/2015/08/19/com-velhos-fantasmas-o-novo-basquete-cearense/, skipping...
[ERROR - 2025-10-25 11:39:24,707 - Worker_0] Status code == 403 for http://uolesportevetv.blogosfera.uol.com.br/2015/08/19/dez-traducoes-que-vao-te-ajudar-a-entender-o-que-sorin-fala-na-espn/, skipping...
[ERROR - 2025-10-25 11:39:40,887 - Worker_0] Status code == 403 for http://blogdoboleiro.blogosfera.uol.com.br/2015/08/19/chicao-vai-a-india-para-jogar-e-aprender-o-oficio-de-treinador-de-futebol/, skipping...
[ERROR - 2025-10-25 11:39:45,057 - Worker_0] Status code == 403 for http://noticias.uol.com.br/cotidiano/ultimas-noticias/2015/08/19/garoto-encontra-carteira-com-r-16-mil-e-nao-sossegou-ate-achar-o-dono.htm, skipping...
[ERROR - 2025-10-25 11:39:51,512 - Worker_0] Status code == 403 for http://noticias.uol.com.br/ultimas-noticias/agencia-estado/2015/08/19/morte-estupida-diz-viuva-de-idoso-atropelado-em-ciclovia.htm, skipping...
[ERROR - 2025-10-25 11:39:55,649 - Worker_0] Status code == 403 for http://noticias.uol.com.br/ultimas-noticias/bbc/2015/08/18/iraquiano-que-teve-familia-sequestrada-pelo-ei-ajuda-yazidis-a-fugir-de-territorio-do-grupo.htm, skipping...
[ERROR - 2025-10-25 11:40:02,164 - Worker_0] Status code == 403 for http://noticias.uol.com.br/ultimas-noticias/agencia-estado/2015/08/19/lula-reconhece-gravidade-da-crise-em-propaganda-petista.htm, skipping...
[ERROR - 2025-10-25 11:40:10,155 - Worker_1] Status code == 403 for http://noticias.uol.com.br/opiniao/coluna/2015/08/19/pelas-licoes-que-insiste-em-nao-querer-aprender-dilma-ja-foi-saida.htm, skipping...
[ERROR - 2025-10-25 11:40:11,319 - Worker_0] Status code == 403 for http://noticias.uol.com.br/cotidiano/ultimas-noticias/2015/08/19/stf-adia-julgamento-sobre-porte-de-drogas-para-uso-pessoal-para-esta-quinta.htm, skipping...
[ERROR - 2025-10-25 11:40:14,336 - Worker_1] Status code == 403 for http://noticias.uol.com.br/cotidiano/ultimas-noticias/2015/08/19/seis-pessoas-sao-assassinadas-em-chacina-no-piaui.htm, skipping...
[ERROR - 2025-10-25 11:40:18,742 - Worker_1] Status code == 403 for http://mauriciostycer.blogosfera.uol.com.br/2015/08/19/em-livro-de-catequese-urach-liga-sua-prostituicao-a-pacto-com-pombagira/, skipping...
[ERROR - 2025-10-25 11:40:25,478 - Worker_1] Status code == 403 for http://tecnologia.uol.com.br/noticias/redacao/2015/08/19/whatsapp-libera-versao-web-do-app-para-donos-de-iphone-saiba-como-usar.htm, skipping...
[ERROR - 2025-10-25 11:40:31,787 - Worker_4] Status code == 403 for http://noticias.uol.com.br/ultimas-noticias/agencia-estado/2015/08/19/ciclista-diz-que-estava-fora-da-ciclovia-do-minhocao-no-momento-do-atropelamento.htm, skipping...
[ERROR - 2025-10-25 11:40:32,067 - Worker_1] Status code == 403 for http://economia.uol.com.br/noticias/reuters/2015/08/19/levy-diz-que-novas-linhas-de-bancos-publicos-para-setor-automotivo-nao-afetam-fiscal.htm, skipping...
[ERROR - 2025-10-25 11:40:41,162 - Worker_4] Status code == 403 for http://noticias.uol.com.br/ciencia/ultimas-noticias/redacao/2015/08/19/vala-comum-revela-massacre-que-aconteceu-ha-7-mil-anos-na-europa.htm, skipping...
[ERROR - 2025-10-25 11:40:45,325 - Worker_4] Status code == 403 for http://noticias.uol.com.br/ultimas-noticias/agencia-estado/2015/08/19/pezao-trabalha-para-acalmar-clima-entre-dilma-e-cunha.htm, skipping...
[ERROR - 2025-10-25 11:40:45,779 - Worker_3] Status code == 404 for http://futebol.placar.esporte.uol.com.br/futebol/copa-do-brasil/2015/08/19/atletico-mg-x-figueirense.htm, skipping...
[ERROR - 2025-10-25 11:40:50,080 - Worker_3] Status code == 403 for http://educacao.uol.com.br/noticias/2015/08/19/sp-professora-e-colada-em-cadeira-por-alunas-e-sofre-queimaduras.htm, skipping...
[ERROR - 2025-10-25 11:40:57,710 - Worker_4] Status code == 403 for http://noticias.uol.com.br/midiaglobal/elpais/2015/08/19/nova-crise-afeta-o-narcotrafico-na-galicia.htm, skipping...
[ERROR - 2025-10-25 11:41:03,239 - Worker_3] Failed to connect with http://natelinha.ne10.uol.com.br/noticias/2015/08/19/sbt-completa-34-anos-sendo-a-emissora-que-mais-cresceu-em-2015-91761.php after 3 attempts, skipping...
[ERROR - 2025-10-25 11:41:10,596 - Worker_3] Status code == 403 for http://educacao.uol.com.br/noticias/2015/08/20/escola-manda-aluna-para-casa-por-roupa-que-mostrava-demais.htm, skipping...
[ERROR - 2025-10-25 11:41:11,867 - Worker_2] Status code == 403 for http://noticias.uol.com.br/saude/ultimas-noticias/redacao/2015/08/20/por-que-homem-casado-se-masturba-pode-ser-falta-de-interesse-na-parceira.htm, skipping...
[ERROR - 2025-10-25 11:41:14,857 - Worker_3] Status code == 403 for http://noticias.uol.com.br/politica/ultimas-noticias/2015/08/20/atos-em-22-cidades-de-19-estados-sao-anti-impeachment-mas-criticam-governo.htm, skipping...
[ERROR - 2025-10-25 11:41:16,046 - Worker_2] Status code == 403 for http://noticias.uol.com.br/ultimas-noticias/bbc/2015/08/20/raio-atinge-aviao-em-pista-do-aeroporto-de-atlanta.htm, skipping...
[ERROR - 2025-10-25 11:41:20,200 - Worker_2] Status code == 403 for http://noticias.uol.com.br/album/album-do-dia/2015/08/20/imagens-do-dia---20-de-agosto-de-2015.htm?abrefoto=47, skipping...
[ERROR - 2025-10-25 11:41:21,421 - Worker_3] Status code == 403 for http://nagradedomma.blogosfera.uol.com.br/2015/08/20/ex-campeao-lesnar-chama-ronda-de-aberracao-e-diz-que-ela-luta-como-homem/, skipping...
[ERROR - 2025-10-25 11:41:25,590 - Worker_3] Status code == 403 for http://noticias.uol.com.br/ultimas-noticias/agencia-estado/2015/08/20/pt-discute-na-2-feira-se-ira-pedir-afastamento-de-cunha-diz-falcao.htm, skipping...
[ERROR - 2025-10-25 11:41:31,631 - Worker_2] Status code == 403 for http://tecnologia.uol.com.br/noticias/redacao/2015/08/20/rapido-e-ideal-para-multitarefas-zenfone-2-chega-ao-brasil-por.htm, skipping...
[ERROR - 2025-10-25 11:41:34,548 - Worker_3] Status code == 403 for http://economia.uol.com.br/noticias/infomoney/2015/08/18/descubra-como-ganhar-muito-mais-que-a-poupanca-com-qualquer-quantia-de-dinheiro.htm, skipping...
[ERROR - 2025-10-25 11:41:35,822 - Worker_2] Status code == 403 for http://futebolemnumeros.blogosfera.uol.com.br/2015/08/20/santos-passa-a-ser-o-melhor-mandante-do-brasil-em-2015/, skipping...
[ERROR - 2025-10-25 11:41:40,084 - Worker_2] Status code == 403 for http://petmoney.blogosfera.uol.com.br/2015/08/20/sites-fazem-vaquinha-virtual-para-ajudar-projetos-ligados-a-animais/, skipping...
[ERROR - 2025-10-25 11:41:40,989 - Worker_3] Status code == 403 for http://noticias.uol.com.br/midiaglobal/lemonde/2015/08/20/a-siria-entre-a-perversidade-e-o-desespero.htm, skipping...
[ERROR - 2025-10-25 11:41:44,235 - Worker_2] Status code == 403 for http://noticias.uol.com.br/politica/ultimas-noticias/2015/08/20/eduardo-cunha-e-denunciado-e-pode-virar-reu-no-stf.htm, skipping...
[ERROR - 2025-10-25 11:41:45,124 - Worker_3] Status code == 403 for http://noticias.uol.com.br/politica/ultimas-noticias/2015/08/20/cunha-recebeu-propina-por-meio-da-assembleia-de-deus-diz-pgr.htm, skipping...
[ERROR - 2025-10-25 11:41:49,891 - Worker_1] Status code == 403 for http://noticias.uol.com.br/ultimas-noticias/agencia-estado/2015/08/20/independentes-dizem-que-cunha-nao-tem-condicoes-de-ficar-a-frente-da-camara.htm, skipping...
[ERROR - 2025-10-25 11:42:06,383 - Worker_1] Status code == 403 for http://noticias.uol.com.br/cotidiano/ultimas-noticias/2015/08/20/apos-achar-centenas-de-rabos-mg-investiga-venda-de-churrasquinho-de-gato.htm, skipping...
[ERROR - 2025-10-25 11:42:10,618 - Worker_1] Status code == 403 for http://educacao.uol.com.br/noticias/2015/08/20/ja-houve-reajuste-em-2015-diz-ministro-sobre-greve-nas-federais.htm, skipping...
[ERROR - 2025-10-25 11:42:14,814 - Worker_1] Status code == 403 for http://rodrigomattos.blogosfera.uol.com.br/2015/08/20/cbf-usa-cota-conversa-e-promessa-para-reduzir-irritacao-com-selecao/, skipping...
[ERROR - 2025-10-25 11:42:18,990 - Worker_1] Status code == 403 for http://economia.uol.com.br/noticias/redacao/2015/08/20/justica-determina-que-caixas-eletronicos-funcionem-24h-no-interior-de-sp.htm, skipping...
[ERROR - 2025-10-25 11:42:26,986 - Worker_2] Status code == 403 for http://economia.uol.com.br/noticias/redacao/2015/08/20/premie-grego-diz-que-mandato-chegou-ao-limite-e-apresenta-renuncia.htm, skipping...
[ERROR - 2025-10-25 11:42:28,488 - Worker_1] Status code == 403 for http://noticias.uol.com.br/album/2015/08/15/bichos-da-semana.htm?abrefoto=30, skipping...
[ERROR - 2025-10-25 11:42:39,068 - Worker_0] Status code == 403 for http://noticias.uol.com.br/album/2015/08/14/serie-de-ataques-deixa-mortos-e-feridos-na-grande-sao-paulo.htm?abrefoto=32, skipping...
[ERROR - 2025-10-25 11:42:44,031 - Worker_0] Status code == 404 for http://entretenimento.band.uol.com.br/masterchef/2015/noticias/100000767054/chef-diz-que-segredo-do-milanesa-esta-na-temperatura-do-oleo.html, skipping...
[ERROR - 2025-10-25 11:42:48,202 - Worker_0] Status code == 403 for http://noticias.uol.com.br/opiniao/coluna/2015/08/19/pelas-licoes-que-insiste-em-nao-querer-aprender-dilma-ja-foi-saida.htm, skipping...
[ERROR - 2025-10-25 11:42:48,520 - Worker_3] Failed to connect with http://esporte.uol.com.br/futebol/campeonatos/brasileiro/serie-a/ultimas-noticias/2015/08/20/semana-decisiva-adia-renovacao-do-cruzeiro-com-o-idolo-fabio.htm after 3 attempts, skipping...
[ERROR - 2025-10-25 11:42:52,511 - Worker_0] Status code == 403 for http://mauriciostycer.blogosfera.uol.com.br/2015/08/19/em-livro-de-catequese-urach-liga-sua-prostituicao-a-pacto-com-pombagira/, skipping...
[ERROR - 2025-10-25 11:43:01,817 - Worker_3] Status code == 403 for http://noticias.uol.com.br/ultimas-noticias/agencia-estado/2015/08/20/renan-rechaca-aumento-de-impostos-e-sugere-a-dilma-cortar-despesas-e-ministerios.htm, skipping...
[ERROR - 2025-10-25 11:43:02,342 - Worker_0] Status code == 403 for http://blogdoboleiro.blogosfera.uol.com.br/2015/08/20/como-luciano-recebeu-a-noticia-de-que-vai-parar-por-oito-meses/, skipping...
[ERROR - 2025-10-25 11:43:06,748 - Worker_0] Status code == 403 for http://uolesporte.blogosfera.uol.com.br/2015/08/15/segunda-divisao-da-inglaterra-tem-o-pior-escanteio-da-historia/, skipping...
[ERROR - 2025-10-25 11:43:14,973 - Worker_3] Failed to connect with http://natelinha.ne10.uol.com.br/espelhomeu/moda/2015/08/19/fabiola-gadelha-perde-25-kg-e-vira-modelo-plus-size-excesso-de-gostosura-183.php after 3 attempts, skipping...
[ERROR - 2025-10-25 11:43:15,741 - Worker_4] Status code == 403 for http://noticias.uol.com.br/ultimas-noticias/bbc/2015/08/20/procuradoria-denuncia-cunha-seis-perguntas-sobre-o-que-acontece-agora.htm, skipping...
[ERROR - 2025-10-25 11:43:19,320 - Worker_0] Status code == 403 for http://economia.uol.com.br/noticias/reuters/2015/08/20/aneel-propoe-compensar-eletricas-em-r103-bi-por-perdas-com-deficit-hidrico.htm, skipping...
[ERROR - 2025-10-25 11:43:19,894 - Worker_4] Status code == 403 for http://noticias.uol.com.br/album/2015/08/15/bichos-da-semana.htm?abrefoto=25, skipping...
[ERROR - 2025-10-25 11:43:37,656 - Worker_3] Failed to connect with http://natelinha.ne10.uol.com.br/noticias/2015/08/21/iozzi-diz-que-video-show-nao-mostra-os-bastidores-da-tv-mas-so-da-globo-91845.php after 3 attempts, skipping...
[ERROR - 2025-10-25 11:43:41,311 - Worker_2] Status code == 403 for http://educacao.uol.com.br/noticias/2015/08/20/escola-manda-aluna-para-casa-por-roupa-que-mostrava-demais.htm, skipping...
[ERROR - 2025-10-25 11:43:59,744 - Worker_3] Status code == 404 for http://esporte.uol.com.br/f1/ultimas-noticias/2015/08/21/de-estabilidade-aos-cabos-eleitorais-os-5-motivos-para-a-renovacao-de-kimi.htm, skipping...
[ERROR - 2025-10-25 11:44:04,876 - Worker_2] Status code == 403 for http://nilsonxavier.blogosfera.uol.com.br/2015/08/21/grazi-massafera-se-destaca-como-a-modelo-drogada-de-verdades-secretas/, skipping...
[ERROR - 2025-10-25 11:44:13,981 - Worker_2] Status code == 403 for http://noticias.uol.com.br/internacional/ultimas-noticias/2015/08/21/a-historia-por-tras-da-foto-da-familia-siria-que-emocionou-o-mundo.htm, skipping...
[ERROR - 2025-10-25 11:44:23,183 - Worker_2] Status code == 403 for http://noticias.uol.com.br/ultimas-noticias/agencia-estado/2015/08/21/justica-veta-pedido-da-camara-e-livra-catta-preta-de-explicar-intimidacoes.htm, skipping...
[ERROR - 2025-10-25 11:44:24,248 - Worker_3] Status code == 403 for http://noticias.uol.com.br/saude/ultimas-noticias/redacao/2015/08/21/conheca-oito-habitos-que-voce-deve-evitar-para-ter-uma-boa-noite-de-sono.htm, skipping...
[ERROR - 2025-10-25 11:44:28,941 - Worker_0] Status code == 403 for http://pvc.blogosfera.uol.com.br/2015/08/21/oswaldo-de-oliveira-e-cristovao-borges-uma-incrivel-coincidencia/, skipping...
[ERROR - 2025-10-25 11:44:32,056 - Worker_4] Status code == 403 for http://noticias.uol.com.br/ultimas-noticias/deutschewelle/2015/08/20/trem-nazista-cheio-de-ouro-teria-sido-achado-na-polonia.htm, skipping...
[ERROR - 2025-10-25 11:44:37,865 - Worker_0] Status code == 403 for http://noticias.uol.com.br/ultimas-noticias/bbc/2015/08/21/tolerancia-a-violencia-policial-contribui-para-a-pratica-de-chacinas.htm, skipping...
[ERROR - 2025-10-25 11:44:40,804 - Worker_4] Status code == 403 for http://noticias.uol.com.br/blogs-e-colunas/coluna/paul-krugman/2015/08/21/opiniao-divida-publica-e-bom-e-necessario.htm, skipping...
[ERROR - 2025-10-25 11:44:42,248 - Worker_0] Status code == 403 for http://blogdomenon.blogosfera.uol.com.br/2015/08/21/timao-e-sao-paulo-buscam-queiroz-e-cascardo-destaques-da-lusa/, skipping...
[ERROR - 2025-10-25 11:44:44,953 - Worker_4] Status code == 403 for http://noticias.uol.com.br/midiaglobal/lemonde/2015/08/21/aborigenes-da-australia-nao-ficarao-sem-o-vegemite.htm, skipping...
[ERROR - 2025-10-25 11:45:05,976 - Worker_3] Status code == 403 for http://uolesporte.blogosfera.uol.com.br/2015/08/21/valdivia-tem-festa-armada-para-sua-apresentacao-nos-emirados-arabes/, skipping...
[ERROR - 2025-10-25 11:45:10,313 - Worker_3] Status code == 403 for http://fernandorodrigues.blogosfera.uol.com.br/2015/08/21/oposicao-acerta-com-cunha-estrategia-para-impeachment-de-dilma/, skipping...
[ERROR - 2025-10-25 11:45:33,939 - Worker_2] Status code == 403 for http://josecruz.blogosfera.uol.com.br/2015/08/as-medalhas-olimpicas-e-a-urna-politica/, skipping...
[ERROR - 2025-10-25 11:45:34,043 - Worker_3] Failed to connect with http://natelinha.ne10.uol.com.br/celebridades/2015/08/21/thammy-exibe-resultado-da-cirurgia-para-retirada-dos-seios-confira-91857.php after 3 attempts, skipping...
[ERROR - 2025-10-25 11:45:36,496 - Worker_0] Status code == 403 for http://economia.uol.com.br/empregos-e-carreiras/noticias/redacao/2015/08/21/caged.htm, skipping...
[ERROR - 2025-10-25 11:45:38,273 - Worker_3] Status code == 403 for http://rodrigomattos.blogosfera.uol.com.br/2015/08/21/odebrecht-esta-livre-de-todas-as-obras-olimpicas-no-maracana/, skipping...
[ERROR - 2025-10-25 11:45:40,426 - Worker_2] Status code == 403 for http://uolesporte.blogosfera.uol.com.br/2015/08/21/enquanto-se-recupera-de-caxumba-neymar-vai-a-cassino/, skipping...
[ERROR - 2025-10-25 11:45:40,731 - Worker_0] Status code == 403 for http://uolesportevetv.blogosfera.uol.com.br/2015/08/21/datena-ja-se-estressa-em-programa-do-bandsports-tao-me-enchendo-o-saco/, skipping...
[ERROR - 2025-10-25 11:45:41,614 - Worker_4] Status code == 403 for http://educacao.uol.com.br/noticias/2015/08/21/prefeitura-demite-professoras-apos-poema-erotico-ser-distribuido-a-alunos.htm, skipping...
[ERROR - 2025-10-25 11:45:44,578 - Worker_2] Status code == 403 for http://educacao.uol.com.br/noticias/agencia-estado/2015/08/21/professora-e-afastada-apos-dar-gravata-em-aluno-que-usava-celular.htm, skipping...
[ERROR - 2025-10-25 11:45:45,697 - Worker_1] Status code == 403 for http://noticias.uol.com.br/ultimas-noticias/agencia-estado/2015/08/21/filho-de-ivo-pitanguy-esta-preso-acusado-de-dirigir-embriagado.htm, skipping...
[ERROR - 2025-10-25 11:46:00,557 - Worker_2] Status code == 403 for http://noticias.uol.com.br/cotidiano/ultimas-noticias/2015/08/22/muculmanos-estao-entre-principais-vitimas-de-intolerancia-religiosa-no-rio.htm, skipping...
[ERROR - 2025-10-25 11:46:02,268 - Worker_1] Status code == 403 for http://josiasdesouza.blogosfera.uol.com.br/2015/08/22/pmdb-marca-para-o-dia-15-de-novembro-congresso-que-o-distanciara-do-petismo/, skipping...
[ERROR - 2025-10-25 11:46:11,780 - Worker_1] Status code == 403 for http://noticias.uol.com.br/ultimas-noticias/deutschewelle/2015/08/20/trem-nazista-cheio-de-ouro-teria-sido-achado-na-polonia.htm, skipping...
[ERROR - 2025-10-25 11:46:12,831 - Worker_2] Status code == 403 for http://noticias.uol.com.br/saude/ultimas-noticias/redacao/2015/08/22/mais-de-60-mil-pessoas-morreram-no-maior-manicomio-do-brasil.htm, skipping...
[ERROR - 2025-10-25 11:46:15,953 - Worker_1] Status code == 403 for http://noticias.uol.com.br/cotidiano/ultimas-noticias/2015/08/22/policia-investiga-demissao-de-professora-transexual-em-jundiai.htm, skipping...
[ERROR - 2025-10-25 11:46:21,624 - Worker_2] Status code == 403 for http://noticias.uol.com.br/album/2015/04/20/barcos-com-imigrantes-naufragam-no-mar-mediterraneo-em-2015.htm?abrefoto=190, skipping...
[ERROR - 2025-10-25 11:46:23,783 - Worker_4] Status code == 403 for http://uolesporte.blogosfera.uol.com.br/2015/08/22/ta-bombando-r10-ganha-sudito-no-mma-e-torres-agradece-gremistas-na-web/, skipping...
[ERROR - 2025-10-25 11:46:25,822 - Worker_2] Status code == 403 for http://mauriciostycer.blogosfera.uol.com.br/2015/08/22/para-promover-xuxa-record-lembra-que-apresentadora-apoia-casamento-gay/, skipping...
[ERROR - 2025-10-25 11:46:30,214 - Worker_2] Status code == 403 for http://rodrigomattos.blogosfera.uol.com.br/2015/08/22/prefeitura-do-rio-exagera-participacao-privada-nas-contas-olimpicas/, skipping...
[ERROR - 2025-10-25 11:46:33,530 - Worker_4] Status code == 403 for http://noticias.uol.com.br/opiniao/coluna/2015/08/19/pelas-licoes-que-insiste-em-nao-querer-aprender-dilma-ja-foi-saida.htm, skipping...
[ERROR - 2025-10-25 11:46:34,384 - Worker_2] Status code == 403 for http://noticias.uol.com.br/ultimas-noticias/agencia-estado/2015/08/22/evangelicos-adotam-cautela-apos-denuncia-contra-cunha.htm, skipping...
[ERROR - 2025-10-25 11:46:37,851 - Worker_4] Status code == 403 for http://blogdoperrone.blogosfera.uol.com.br/2015/08/do-jeito-de-falar-ao-curriculo-as-criticas-de-jogadores-a-osorio/, skipping...
[ERROR - 2025-10-25 11:46:38,696 - Worker_2] Status code == 403 for http://blogdosakamoto.blogosfera.uol.com.br/2015/08/22/voce-e-guiado-pelo-amor-as-suas-proprias-ideias-ou-pelo-odio-ao-outro/, skipping...
[ERROR - 2025-10-25 11:46:44,607 - Worker_4] Status code == 403 for http://todosabordo.blogosfera.uol.com.br/2015/08/22/assentos-que-vao-para-frente-e-para-tras-fim-da-falta-de-espaco-nos-voos/, skipping...
[ERROR - 2025-10-25 11:46:53,262 - Worker_0] Status code == 403 for http://noticias.uol.com.br/cotidiano/ultimas-noticias/2015/08/22/vizinho-confessa-ter-matado-menina-em-conchal-sp-e-populacao-promove-quebra-quebra.htm, skipping...
[ERROR - 2025-10-25 11:46:57,408 - Worker_0] Status code == 403 for http://noticias.uol.com.br/midiaglobal/lemonde/2015/08/22/crise-do-lixo-no-libano-e-simbolo-atual-de-um-pais-decadente.htm, skipping...
[ERROR - 2025-10-25 11:46:59,330 - Worker_2] Failed to connect with http://natelinha.ne10.uol.com.br/celebridades/2015/08/21/thammy-exibe-resultado-da-cirurgia-para-retirada-dos-seios-confira-91857.php after 3 attempts, skipping...
[ERROR - 2025-10-25 11:47:07,442 - Worker_0] Failed to connect with http://natelinha.ne10.uol.com.br/novelas/2015/08/22/reynaldo-gianecchini-aparece-nu-em-verdades-secretas-e-faz-sucesso-na-web-91865.php after 3 attempts, skipping...
[ERROR - 2025-10-25 11:47:08,387 - Worker_1] Status code == 403 for http://noticias.uol.com.br/ultimas-noticias/agencia-estado/2015/08/22/pt-todas-doacoes-foram-legais-e-declaradas-a-justica.htm, skipping...
[ERROR - 2025-10-25 11:47:09,987 - Worker_4] Status code == 403 for http://noticias.uol.com.br/ultimas-noticias/agencia-estado/2015/08/22/delator-associa-lobista-a-renan-cunha-e-temer.htm, skipping...
[ERROR - 2025-10-25 11:47:16,529 - Worker_3] Failed to connect with http://carros.uol.com.br/noticias/redacao/2015/08/22/hyundai-elantra-chega-a-linha-2016-com-novas-cores-por-r-79990.htm after 3 attempts, skipping...
[ERROR - 2025-10-25 11:47:21,549 - Worker_4] Status code == 403 for http://blogdoico.blogosfera.uol.com.br/2015/08/22/me-sinto-como-hercules-diz-hamilton-apos-sexta-pole-consecutiva/, skipping...
[ERROR - 2025-10-25 11:47:21,612 - Worker_0] Status code == 403 for http://noticias.uol.com.br/ciencia/ultimas-noticias/bbc/2015/08/21/antes-de-iniciar-missao-suicida-sonda-faz-imagens-de-despedida-de-lua-de-saturno.htm, skipping...
[ERROR - 2025-10-25 11:47:22,251 - Worker_2] Status code == 404 for http://esporte.uol.com.br/f1/ultimas-noticias/2015/08/22/melhor-para-bottas-pior-para-vettel-7-pilotos-divididos-so-por-0s288.htm, skipping...
[ERROR - 2025-10-25 11:47:27,468 - Worker_2] Status code == 404 for http://esporte.uol.com.br/f1/ultimas-noticias/2015/08/23/lewis-hamilton-fala-em-corrida-dos-sonhos-apos-39-vitoria-da-carreira.htm, skipping...
[ERROR - 2025-10-25 11:47:33,346 - Worker_4] Status code == 403 for http://josiasdesouza.blogosfera.uol.com.br/2015/08/23/renan-negocia-adesao-do-psdb-a-sua-agenda/, skipping...
[ERROR - 2025-10-25 11:48:02,615 - Worker_4] Status code == 403 for http://blogdoico.blogosfera.uol.com.br/2015/08/23/ira-de-vettel-contra-pirelli-e-justificada-por-colegas-e-por-numeros/, skipping...
[ERROR - 2025-10-25 11:48:06,848 - Worker_0] Status code == 403 for http://noticias.uol.com.br/opiniao/coluna/2015/08/23/otimismo-e-uma-arma-contra-a-crise-nao-so-uma-postura.htm, skipping...
[ERROR - 2025-10-25 11:48:11,007 - Worker_0] Status code == 403 for http://noticias.uol.com.br/ultimas-noticias/ansa/2015/08/23/apos-ameacas-policia-coloca-malala-sob-escolta-24h.htm, skipping...
[ERROR - 2025-10-25 11:48:11,390 - Worker_4] Status code == 403 for http://noticias.uol.com.br/meio-ambiente/ultimas-noticias/redacao/2015/08/23/acampamento-quase-exclusivo-em-parque-permite-conviver-com-ursos-no-alasca.htm, skipping...
[ERROR - 2025-10-25 11:48:30,798 - Worker_0] Status code == 404 for http://cenapop.virgula.uol.com.br/2015/08/20/92067-joana-machado-posa-de-lingerie-e-exibe-boa-forma/, skipping...
[ERROR - 2025-10-25 11:48:37,709 - Worker_1] Status code == 404 for http://esporte.uol.com.br/f1/ultimas-noticias/2015/08/23/massa-chega-ao-quarto-lugar-na-tabela-mas-lamenta-sexto-lugar-em-spa.htm, skipping...
[ERROR - 2025-10-25 11:48:39,366 - Worker_3] Status code == 403 for http://noticias.uol.com.br/ultimas-noticias/afp/2015/08/23/mulher-vive-drama-em-ultraleve-apos-morte-de-piloto.htm, skipping...
[ERROR - 2025-10-25 11:48:41,602 - Worker_2] Status code == 403 for http://noticias.uol.com.br/ultimas-noticias/reuters/2015/08/23/violencia-toma-conta-de-protestos-em-beirute-e-premie-ameaca-renunciar.htm, skipping...
[ERROR - 2025-10-25 11:48:43,537 - Worker_3] Status code == 403 for http://noticias.uol.com.br/midiaglobal/the-international-new-york-times/2015/08/23/o-ebola-ainda-nao-acabou-afirma-medico-do-msf.htm, skipping...
[ERROR - 2025-10-25 11:48:48,063 - Worker_3] Status code == 404 for http://cenapop.virgula.uol.com.br/2015/08/23/92247-ex-bbb-vanessa-mesquita-posa-com-ring-girls-em-evento-de-mma/, skipping...
[ERROR - 2025-10-25 11:48:52,269 - Worker_2] Status code == 403 for http://noticias.uol.com.br/ultimas-noticias/bbc/2015/08/23/estado-islamico-destroi-templo-historico-em-palmira.htm, skipping...
[ERROR - 2025-10-25 11:48:52,488 - Worker_1] Status code == 403 for http://blogdobaldini.blogosfera.uol.com.br/2015/08/23/klitschko-x-fury-em-24-de-outubro-na-alemanha-40-mil-ingressos-vendidos/, skipping...
[ERROR - 2025-10-25 11:48:54,554 - Worker_3] Status code == 403 for http://noticias.uol.com.br/saude/ultimas-noticias/the-new-york-times/2015/08/23/como-saber-se-um-estudo-medico-e-confiavel-ou-nao.htm, skipping...
[ERROR - 2025-10-25 11:48:58,873 - Worker_3] Status code == 403 for http://josecruz.blogosfera.uol.com.br/2015/08/mundial-de-atletismo-caio-bonfim-faz-resultado-fabricado-no-brasil/, skipping...
[ERROR - 2025-10-25 11:48:58,960 - Worker_1] Status code == 403 for http://noticias.uol.com.br/ultimas-noticias/agencia-estado/2015/08/24/tse-volta-a-julgar-amanha-acao-que-pede-impugnacao-de-mandato-de-dilma.htm, skipping...
[ERROR - 2025-10-25 11:48:59,031 - Worker_4] Status code == 403 for http://economia.uol.com.br/noticias/bbc/2015/08/24/o-mundo-precisa-se-preocupar-com-o-mergulho-da-bolsa-chinesa.htm, skipping...
[ERROR - 2025-10-25 11:49:03,027 - Worker_3] Status code == 403 for http://noticias.uol.com.br/blogs-e-colunas/coluna/paul-krugman/2015/08/24/por-que-a-economia-mundial-continua-cambaleando.htm, skipping...
[ERROR - 2025-10-25 11:49:03,181 - Worker_4] Status code == 403 for http://noticias.uol.com.br/ultimas-noticias/agencia-estado/2015/08/24/governo-baiano-bloqueia-consumo-de-agua-em-area-contaminada-por-uranio.htm, skipping...
[ERROR - 2025-10-25 11:49:16,201 - Worker_2] Status code == 403 for http://educacao.uol.com.br/noticias/agencia-estado/2015/08/24/fies-mec-admite-criterio-de-proporcionalidade-de-vagas.htm, skipping...
[ERROR - 2025-10-25 11:49:22,255 - Worker_0] Status code == 404 for http://esporte.uol.com.br/f1/ultimas-noticias/2015/08/23/pilotando-em-tres-rodas-nasr-cobra-equipe-por-problemas-de-freio.htm, skipping...
[ERROR - 2025-10-25 11:49:22,685 - Worker_2] Status code == 403 for http://noticias.uol.com.br/album/2015/08/15/bichos-da-semana.htm?abrefoto=37, skipping...
[ERROR - 2025-10-25 11:49:27,382 - Worker_2] Status code == 403 for http://tecnologia.uol.com.br/noticias/redacao/2015/08/24/frustradas-com-prejuizos-operadoras-tentam-se-vingar-de-whatsapp.htm, skipping...
[ERROR - 2025-10-25 11:49:54,488 - Worker_4] Status code == 403 for http://noticias.uol.com.br/cotidiano/ultimas-noticias/2015/08/24/para-evitar-briga-jovem-imobiliza-marido-na-porta-de-boate-em-belem.htm, skipping...
[ERROR - 2025-10-25 11:49:57,342 - Worker_3] Status code == 403 for http://noticias.uol.com.br/ultimas-noticias/agencia-estado/2015/08/24/solange-aparece-e-diz-que-nao-tem-nada-a-declarar-sobre-relacao-com-cunha.htm, skipping...
[ERROR - 2025-10-25 11:50:04,173 - Worker_3] Status code == 403 for http://tablog.blogosfera.uol.com.br/2015/08/pai-e-filho-levam-um-papo-serio-e-se-entendem-na-lingua-dos-bebes/, skipping...
[ERROR - 2025-10-25 11:50:09,950 - Worker_0] Status code == 403 for http://abiliodiniz.blogosfera.uol.com.br/2015/08/23/e-preciso-salvar-o-spfc-enquanto-ha-tempo/, skipping...
[ERROR - 2025-10-25 11:50:16,892 - Worker_0] Status code == 403 for http://uolesportevetv.blogosfera.uol.com.br/2015/08/24/rizek-se-desculpa-no-ar-com-vagner-love-por-te-lo-chamado-de-manco/, skipping...
[ERROR - 2025-10-25 11:50:23,816 - Worker_0] Status code == 403 for http://educacao.uol.com.br/noticias/agencia-estado/2015/08/24/sp-51-alunos-de-santo-andre-sao-internados-com-infeccao-intestinal.htm, skipping...
[ERROR - 2025-10-25 11:50:37,352 - Worker_0] Status code == 403 for http://noticias.uol.com.br/ultimas-noticias/bbc/2015/08/24/minha-namorada-morreu-por-causa-de-uma-churrasqueira.htm, skipping...
[ERROR - 2025-10-25 11:50:40,020 - Worker_2] Status code == 403 for http://noticias.uol.com.br/midiaglobal/the-international-new-york-times/2015/08/24/a-empolgacao-com-a-tecnologia-nao-passa-de-uma-distracao.htm, skipping...
[ERROR - 2025-10-25 11:50:56,129 - Worker_3] Status code == 403 for http://noticias.uol.com.br/opiniao/coluna/2015/08/24/servicos-como-uber-podem-mudar-forma-de-governar-cidades.htm, skipping...
[ERROR - 2025-10-25 11:51:00,301 - Worker_3] Status code == 403 for http://noticias.uol.com.br/ultimas-noticias/afp/2015/08/24/conselho-da-onu-organiza-primeira-reuniao-dedicada-aos-direitos-lgbt.htm, skipping...
[ERROR - 2025-10-25 11:51:00,896 - Worker_4] Status code == 403 for http://blogdoavallone.blogosfera.uol.com.br/2015/08/24/os-favoritos-corinthians-e-galo-e-os-outros/, skipping...
[ERROR - 2025-10-25 11:51:05,153 - Worker_4] Status code == 403 for http://futebolemnumeros.blogosfera.uol.com.br/2015/08/24/sao-paulo-nao-repetiu-escalacao-no-brasileiro/, skipping...
[ERROR - 2025-10-25 11:51:22,119 - Worker_2] Status code == 403 for http://noticias.uol.com.br/ultimas-noticias/agencia-estado/2015/08/25/gleisi-rebate-denuncias-de-moro-e-diz-que-nao-recebeu-pagamento-nenhum.htm, skipping...
[ERROR - 2025-10-25 11:51:26,288 - Worker_2] Status code == 403 for http://noticias.uol.com.br/politica/ultimas-noticias/2015/08/25/youssef-e-deputado-aliado-de-cunha-que-o-estaria-ameacando-batem-boca-na-cpi.htm, skipping...
[ERROR - 2025-10-25 11:51:30,439 - Worker_2] Status code == 403 for http://noticias.uol.com.br/ultimas-noticias/agencia-estado/2015/08/25/senado-aprova-em-1-turno-pec-98-que-reserva-cota-para-mulheres-no-parlamento.htm, skipping...
[ERROR - 2025-10-25 11:51:34,120 - Worker_4] Status code == 403 for http://futebolemnumeros.blogosfera.uol.com.br/2015/08/25/sem-rogerio-ceni-aproveitamento-do-sao-paulo-desaba/, skipping...
[ERROR - 2025-10-25 11:51:34,717 - Worker_1] Status code == 403 for http://noticias.uol.com.br/ultimas-noticias/agencia-estado/2015/08/25/cpi-do-bndes-fecha-acordo-de-convocacoes-mas-poupa-lula-lulinha-e-pimentel.htm, skipping...
[ERROR - 2025-10-25 11:51:46,997 - Worker_2] Status code == 403 for http://noticias.uol.com.br/internacional/ultimas-noticias/el-pais/2015/08/25/norte-coreanos-encaram-nado-caminhada-minas-e-medo-de-prisao-para-deixar-pais.htm, skipping...
[ERROR - 2025-10-25 11:51:53,571 - Worker_2] Status code == 403 for http://danielcara.blogosfera.uol.com.br/2015/08/25/agenda-brasil-a-educacao-publica-nao-esta-bem-mas-pode-ficar-pior/, skipping...
[ERROR - 2025-10-25 11:52:16,272 - Worker_3] Status code == 403 for http://blogdoico.blogosfera.uol.com.br/2015/08/25/nao-ha-como-o-automobilismo-ser-totalmente-seguro/, skipping...
[ERROR - 2025-10-25 11:52:41,765 - Worker_1] Failed to connect with http://victormartins.grandepremio.uol.com.br/2015/08/25/wilson-e-o-que-e-preciso-fazer/ after 3 attempts, skipping...
[ERROR - 2025-10-25 11:52:46,835 - Worker_4] Status code == 403 for http://blogdoboleiro.blogosfera.uol.com.br/2015/08/25/alex-silva-procurou-o-sao-paulo-recebeu-o-silencio-nao-me-querem/, skipping...
[ERROR - 2025-10-25 11:52:50,687 - Worker_1] Status code == 403 for http://uolesporte.blogosfera.uol.com.br/2015/08/25/mae-de-neymar-tieta-messi-e-suarez-no-aniversario-do-filho-do-atacante/, skipping...
[ERROR - 2025-10-25 11:52:51,036 - Worker_4] Status code == 403 for http://noticias.uol.com.br/ultimas-noticias/afp/2015/08/25/procurador-confirma-motivo-terrorista-em-ataque-a-trem-amsterda-paris.htm, skipping...
[ERROR - 2025-10-25 11:52:53,083 - Worker_3] Status code == 403 for http://noticias.uol.com.br/ultimas-noticias/agencia-estado/2015/08/25/coordenador-da-campanha-de-dilma-nega-irregularidades-em-contratacao-de-empresa.htm, skipping...
[ERROR - 2025-10-25 11:52:55,027 - Worker_1] Status code == 500 for http://cinema.uol.com.br/noticias/afp/2015/08/25/pierce-brosnan-diz-que-chegou-a-hora-de-um-james-bond-negro-ou-gay.htm, skipping...
[ERROR - 2025-10-25 11:52:59,488 - Worker_1] Status code == 403 for http://colunaesplanada.blogosfera.uol.com.br/2015/08/25/orcamento-impositivo-derrubou-poder-de-ministerios/, skipping...
[ERROR - 2025-10-25 11:53:05,046 - Worker_4] Status code == 403 for http://noticias.uol.com.br/ultimas-noticias/agencia-estado/2015/08/25/camara-aprova-urgencia-de-projetos-que-aumentam-gastos-do-governo.htm, skipping...
[ERROR - 2025-10-25 11:53:08,232 - Worker_3] Status code == 403 for http://noticias.uol.com.br/ultimas-noticias/agencia-estado/2015/08/26/governo-oferece-r-50-mil-por-informacoes-sobre-tiro-em-pm.htm, skipping...
[ERROR - 2025-10-25 11:53:09,217 - Worker_4] Status code == 403 for http://noticias.uol.com.br/ultimas-noticias/agencia-estado/2015/08/26/cunha-cria-comissao-para-discutir-financiamento-sindical.htm, skipping...
[ERROR - 2025-10-25 11:53:15,426 - Worker_2] Status code == 403 for http://noticias.uol.com.br/internacional/ultimas-noticias/2015/08/26/atirador-do-cinema-de-aurora-eua-pega-3318-anos-de-prisao.htm, skipping...
[ERROR - 2025-10-25 11:53:20,849 - Worker_4] Status code == 403 for http://josiasdesouza.blogosfera.uol.com.br/2015/08/26/de-prazo-em-prazo-tcu-flerta-com-irrelevancia/, skipping...
[ERROR - 2025-10-25 11:53:21,766 - Worker_2] Status code == 403 for http://noticias.uol.com.br/saude/ultimas-noticias/the-new-york-times/2015/08/21/qual-a-dose-certa-de-exercicio-fisico-para-o-cerebro-de-um-idoso.htm, skipping...
[ERROR - 2025-10-25 11:53:25,147 - Worker_4] Status code == 403 for http://nagradedomma.blogosfera.uol.com.br/2015/08/26/pelo-fim-da-zica-ufc-monta-maior-fim-de-ano-de-sua-historia/, skipping...
[ERROR - 2025-10-25 11:53:28,268 - Worker_2] Status code == 403 for http://noticias.uol.com.br/internacional/ultimas-noticias/2015/08/26/suspeito-de-matar-jornalistas-teve-problemas-em-emissoras-e-era-visto-como-raivoso.htm, skipping...
[ERROR - 2025-10-25 11:53:32,518 - Worker_2] Status code == 403 for http://reginanavarro.blogosfera.uol.com.br/2015/08/25/rasgando-a-fantasia/, skipping...
[ERROR - 2025-10-25 11:53:39,285 - Worker_4] Status code == 403 for http://noticias.uol.com.br/politica/ultimas-noticias/2015/08/26/prefeita-ostentacao-demitiu-300-professores-ao-assumir-prefeitura-diz-mp.htm, skipping...
[ERROR - 2025-10-25 11:53:51,878 - Worker_2] Status code == 403 for http://educacao.uol.com.br/noticias/2015/08/26/diretora-manda-nudes-e-promete-aprovacao-em-harvard-para-aluno.htm, skipping...
[ERROR - 2025-10-25 11:54:12,914 - Worker_0] Status code == 403 for http://blogdosakamoto.blogosfera.uol.com.br/2015/08/26/regulamentar-o-lobby-pode-diminuir-a-corrupcao/, skipping...
[ERROR - 2025-10-25 11:54:13,358 - Worker_1] Status code == 403 for http://noticias.uol.com.br/midiaglobal/lemonde/2015/08/27/quais-sao-as-diferencas-entre-imigrantes-e-refugiados.htm, skipping...
[ERROR - 2025-10-25 11:54:28,561 - Worker_2] Status code == 403 for http://blogdojuca.uol.com.br/2015/08/do-que-del-nero-tem-medo/, skipping...
[ERROR - 2025-10-25 11:54:32,942 - Worker_0] Status code == 403 for http://blogdomenon.blogosfera.uol.com.br/2015/08/26/sao-paulo-tem-alegria-junto-com-desconfianca-osorio-e-bom/, skipping...
[ERROR - 2025-10-25 11:54:33,884 - Worker_1] Status code == 403 for http://noticias.uol.com.br/ultimas-noticias/agencia-estado/2015/08/26/venda-de-imoveis-visa-a-melhorar-gestao-publica-e-gerar-receita-diz-barbosa.htm, skipping...
[ERROR - 2025-10-25 11:54:49,112 - Worker_4] Status code == 403 for http://noticias.uol.com.br/ultimas-noticias/agencia-estado/2015/08/26/voto-de-collor-em-sabatina-de-janot-nao-e-contabilizado.htm, skipping...
[ERROR - 2025-10-25 11:54:49,615 - Worker_1] Status code == 403 for http://noticias.uol.com.br/cotidiano/ultimas-noticias/2015/08/26/mega-sena-sorteia-r-25-milhoes-nesta-quarta-feira-veja-dezenas.htm, skipping...
[ERROR - 2025-10-25 11:54:57,151 - Worker_0] Status code == 403 for http://blogdomariomagalhaes.blogosfera.uol.com.br/2015/08/26/persiste-firme-e-sem-pudor-o-brasil-do-sabe-com-quem-voce-esta-falando/, skipping...
[ERROR - 2025-10-25 11:55:18,774 - Worker_1] Status code == 403 for http://educacao.uol.com.br/noticias/2015/08/26/policia-investiga-estupro-coletivo-de-menina-de-7-anos-em-onibus-escolar.htm, skipping...
[ERROR - 2025-10-25 11:55:21,680 - Worker_2] Status code == 403 for http://blogdojuca.uol.com.br/2015/08/dois-tricolores-dois-alvinegros-o-alviverde-e-o-cruz-maltino-nas-quartas-de-final-da-copa-do-brasil/, skipping...
[ERROR - 2025-10-25 11:55:22,989 - Worker_1] Status code == 403 for http://noticias.uol.com.br/saude/ultimas-noticias/redacao/2015/08/27/ejaculacao-feminina-e-mito-ou-e-igual-a-dos-filmes-pornos-bouer-explica.htm, skipping...
[ERROR - 2025-10-25 11:55:25,988 - Worker_2] Status code == 403 for http://colunaesplanada.blogosfera.uol.com.br/2015/08/27/chefe-da-receita-articula-para-barrar-reforma-tributaria/, skipping...
[ERROR - 2025-10-25 11:55:29,503 - Worker_1] Status code == 403 for http://noticias.uol.com.br/ultimas-noticias/agencia-estado/2015/08/27/dirceu-vai-ficar-em-silencio-na-cpi-da-petrobras-diz-defesa.htm, skipping...
[ERROR - 2025-10-25 11:55:36,221 - Worker_1] Status code == 403 for http://pvc.blogosfera.uol.com.br/2015/08/27/a-comovente-vitoria-do-vasco-no-classico-e-os-herois-da-noite-de-quarta/, skipping...
[ERROR - 2025-10-25 11:56:00,099 - Worker_1] Status code == 403 for http://noticias.uol.com.br/midiaglobal/lemonde/2015/08/27/quais-sao-as-diferencas-entre-imigrantes-e-refugiados.htm, skipping...
[ERROR - 2025-10-25 11:56:04,399 - Worker_1] Status code == 403 for http://blogdomenon.blogosfera.uol.com.br/2015/08/26/em-itaquera-o-corinthians-ja-era/, skipping...
[ERROR - 2025-10-25 11:56:09,905 - Worker_0] Status code == 403 for http://noticias.uol.com.br/ultimas-noticias/agencia-estado/2015/08/27/grupo-de-35-deputados-pede-afastamento-de-cunha-da-presidencia-da-camara.htm, skipping...
[ERROR - 2025-10-25 11:56:14,072 - Worker_0] Status code == 403 for http://noticias.uol.com.br/album/2015/08/24/bichos-da-semana.htm?abrefoto=18, skipping...
[ERROR - 2025-10-25 11:56:17,193 - Worker_2] Status code == 403 for http://noticias.uol.com.br/ultimas-noticias/afp/2015/08/27/trem-nazista-pode-estar-minado-alerta-governo-polones.htm, skipping...
[ERROR - 2025-10-25 11:56:17,226 - Worker_1] Status code == 403 for http://tecnologia.uol.com.br/noticias/redacao/2015/08/27/mais-flexivel-instagram-permite-fotos-na-vertical-e-na-horizontal.htm, skipping...
[ERROR - 2025-10-25 11:56:20,815 - Worker_0] Status code == 403 for http://noticias.uol.com.br/tabloide/album/2015/08/26/tomatina-encharca-as-ruas-de-vermelho-na-espanha.htm?abrefoto=4, skipping...
[ERROR - 2025-10-25 11:56:21,352 - Worker_2] Status code == 403 for http://noticias.uol.com.br/saude/album/2015/08/27/egipcios-se-enterram-em-areia-quente-para-curar-dores-e-ate-impotencia.htm, skipping...
[ERROR - 2025-10-25 11:56:24,597 - Worker_1] Status code == 403 for http://uolesporte.blogosfera.uol.com.br/2015/08/27/meme-real-messi-invade-foto-de-cristiano-ronaldo/, skipping...
[ERROR - 2025-10-25 11:56:28,932 - Worker_1] Status code == 403 for http://blogdomariomagalhaes.blogosfera.uol.com.br/2015/08/26/persiste-firme-e-sem-pudor-o-brasil-do-sabe-com-quem-voce-esta-falando/, skipping...
[ERROR - 2025-10-25 11:56:32,775 - Worker_3] Status code == 403 for http://blogdomariomagalhaes.blogosfera.uol.com.br/2015/08/27/em-mais-um-ano-sem-titulo-o-flamengo-colhe-o-que-plantou/, skipping...
[ERROR - 2025-10-25 11:56:36,101 - Worker_4] Status code == 403 for http://blogdoavallone.blogosfera.uol.com.br/2015/08/27/gabriel-jesus-o-presente-de-aniversario-do-palmeiras-o-santos-elimina-ocorinthians-e-mais/, skipping...
[ERROR - 2025-10-25 11:56:38,164 - Worker_1] Status code == 403 for http://noticias.uol.com.br/ultimas-noticias/efe/2015/08/27/ossos-de-judeus-vitimas-da-inquisicao-em-portugal-sao-achados-em-escombros.htm, skipping...
[ERROR - 2025-10-25 11:56:41,437 - Worker_4] Status code == 404 for http://esporte.uol.com.br/f1/ultimas-noticias/2015/08/27/ferrari-deve-ganhar-potencia-em-monza-mas-chefe-nega-super-motor-em-casa.htm, skipping...
[ERROR - 2025-10-25 11:56:42,538 - Worker_1] Status code == 403 for http://pvc.blogosfera.uol.com.br/2015/08/27/brasil-tem-tres-transferencias-mais-caras-do-verao-europeu/, skipping...
[ERROR - 2025-10-25 11:56:45,319 - Worker_0] Status code == 403 for http://mauriciostycer.blogosfera.uol.com.br/2015/08/27/escatologia-pornografia-e-sangue-diz-ronnie-von-sobre-a-tv-brasileira/, skipping...
[ERROR - 2025-10-25 11:56:49,460 - Worker_0] Status code == 403 for http://noticias.uol.com.br/politica/ultimas-noticias/2015/08/27/nao-ha-dinheiro-a-fundo-perdido-para-cuba-diz-presidente-do-bndes.htm, skipping...
[ERROR - 2025-10-25 11:56:59,446 - Worker_1] Status code == 403 for http://noticias.uol.com.br/ultimas-noticias/bbc/2015/08/27/troquei-luxo-por-seguranca-a-vida-da-elite-brasileira-na-florida.htm, skipping...
[ERROR - 2025-10-25 11:57:06,223 - Worker_1] Status code == 403 for http://noticias.uol.com.br/ultimas-noticias/agencia-estado/2015/08/27/renan-nega-acordao-do-pmdb-com-governo-para-reconduzir-janot.htm, skipping...
[ERROR - 2025-10-25 11:57:19,122 - Worker_0] Status code == 403 for http://josiasdesouza.blogosfera.uol.com.br/2015/08/27/relacoes-de-alckmin-com-aecio-se-deterioram/, skipping...
[ERROR - 2025-10-25 11:57:25,948 - Worker_0] Status code == 403 for http://hbnsb.blogosfera.uol.com.br/2015/08/27/falece-o-primeiro-atleta-a-quebrar-uma-tabela-da-nba-na-historia/, skipping...
[ERROR - 2025-10-25 11:57:35,359 - Worker_0] Status code == 403 for http://noticias.uol.com.br/cotidiano/ultimas-noticias/2015/08/27/explosao-em-fabrica-de-alimentos-fere-oito-pessoas-em-natal.htm, skipping...
[ERROR - 2025-10-25 11:57:42,029 - Worker_2] Status code == 403 for http://saqueevoleio.blogosfera.uol.com.br/2015/08/28/us-open-o-guia/, skipping...
[ERROR - 2025-10-25 11:57:51,831 - Worker_0] Status code == 403 for http://negociosdoesporte.blogosfera.uol.com.br/2015/08/28/concorrencia-motiva-investimento-no-esporte/, skipping...
[ERROR - 2025-10-25 11:57:56,645 - Worker_2] Status code == 403 for http://economia.uol.com.br/noticias/redacao/2015/08/28/lista-de-bilionarios-do-brasil-tem-marcelo-odebrecht-preso-pela-lava-jato.htm, skipping...
[ERROR - 2025-10-25 11:58:01,041 - Worker_0] Status code == 403 for http://noticias.uol.com.br/ultimas-noticias/agencia-estado/2015/08/28/estudante-e-detido-por-espalhar-falso-toque-de-recolher-no-whatsapp.htm, skipping...
[ERROR - 2025-10-25 11:58:27,001 - Worker_1] Failed to connect with http://natelinha.ne10.uol.com.br/celebridades/2015/08/28/xuxa-posta-foto-com-mascara-facial-e-e-comparada-a-shrek-e-jason-92040.php after 3 attempts, skipping...
[ERROR - 2025-10-25 11:58:31,370 - Worker_1] Status code == 403 for http://noticias.uol.com.br/ultimas-noticias/agencia-estado/2015/08/28/ministro-do-stj-envia-ultimo-caso-do-mensalao-do-dem-a-1-instancia.htm, skipping...
[ERROR - 2025-10-25 11:58:36,080 - Worker_2] Status code == 403 for http://noticias.uol.com.br/album/album-do-dia/2015/08/28/imagens-do-dia---28-de-agosto-de-2015.htm?abrefoto=24, skipping...
[ERROR - 2025-10-25 11:58:36,669 - Worker_4] Status code == 403 for http://uolesportevetv.blogosfera.uol.com.br/2015/08/28/nasce-primeiro-filho-da-apresentadora-fernanda-gentil, skipping...
[ERROR - 2025-10-25 11:58:40,905 - Worker_4] Status code == 403 for http://blogdoboleiro.blogosfera.uol.com.br/2015/08/28/presidente-do-gremio-quero-ganhar-do-internacional-so-na-final/, skipping...
[ERROR - 2025-10-25 11:58:43,145 - Worker_2] Status code == 403 for http://tecnologia.uol.com.br/noticias/redacao/2015/08/28/app-permite-economizar-em-media-40-do-consumo-do-plano-de-dados.htm, skipping...
[ERROR - 2025-10-25 11:58:43,542 - Worker_1] Status code == 403 for http://educacao.uol.com.br/noticias/2015/08/28/minutos-antes-da-colacao-de-grau-formanda-e-atingida-por-tinta-vermelha.htm, skipping...
[ERROR - 2025-10-25 11:58:45,052 - Worker_4] Status code == 403 for http://noticias.uol.com.br/opiniao/coluna/2015/08/28/brasil-e-reino-unido-se-aproximam-mais-quando-o-assunto-e-educacao.htm, skipping...
[ERROR - 2025-10-25 11:58:49,528 - Worker_4] Status code == 403 for http://tecnologia.uol.com.br/noticias/redacao/2015/08/28/cansou-do-windows-10-aprenda-a-voltar-para-as-versoes-7-ou-8.htm, skipping...
[ERROR - 2025-10-25 11:58:50,228 - Worker_1] Status code == 403 for http://noticias.uol.com.br/album/album-do-dia/2015/08/28/imagens-do-dia---28-de-agosto-de-2015.htm?abrefoto=28, skipping...
[ERROR - 2025-10-25 11:58:56,695 - Worker_1] Status code == 403 for http://noticias.uol.com.br/ultimas-noticias/agencia-estado/2015/08/28/ha-forte-desejo-de-que-lula-seja-candidato-diz-presidente-do-pt.htm, skipping...
[ERROR - 2025-10-25 11:59:03,172 - Worker_1] Status code == 403 for http://noticias.uol.com.br/politica/ultimas-noticias/2015/08/28/se-for-necessario-serei-candidato-em-2018-diz-lula.htm, skipping...
[ERROR - 2025-10-25 11:59:14,379 - Worker_1] Status code == 403 for http://josiasdesouza.blogosfera.uol.com.br/2015/08/28/lula-tera-de-se-candidatar-para-fazer-autodefesa/, skipping...
[ERROR - 2025-10-25 11:59:18,617 - Worker_1] Status code == 403 for http://noticias.uol.com.br/ultimas-noticias/agencia-estado/2015/08/28/sou-radicalmente-contra-volta-da-cpmf-diz-senador-petista-walter-pinheiro.htm, skipping...
[ERROR - 2025-10-25 11:59:22,808 - Worker_1] Status code == 403 for http://uolesportevetv.blogosfera.uol.com.br/2015/08/28/sem-camisa-galvao-bueno-mostra-ferias-em-praia-paradisiaca-na-franca/, skipping...
[ERROR - 2025-10-25 11:59:27,129 - Worker_1] Status code == 403 for http://blogdomenon.blogosfera.uol.com.br/2015/08/28/gabriel-de-jesus-e-a-linda-noticia-do-mais-belo-futebol-do-mundo/, skipping...
[ERROR - 2025-10-25 11:59:29,339 - Worker_2] Status code == 403 for http://noticias.uol.com.br/ultimas-noticias/agencia-estado/2015/08/28/laudo-aponta-que-80-do-dinheiro-de-dirceu-nao-passou-por-contas.htm, skipping...
[ERROR - 2025-10-25 11:59:31,414 - Worker_1] Status code == 403 for http://fernandorodrigues.blogosfera.uol.com.br/2015/08/28/se-tombini-ficar-sem-status-de-ministro-bc-perde-parte-de-sua-autonomia/, skipping...
[ERROR - 2025-10-25 11:59:41,419 - Worker_4] Failed to connect with http://carsale.uol.com.br/ultimas/2015/08/28/segredo-hyundai-hb20-e-flagrado-em-testes-veja-fotos-do-hatch-e-do-seda/ after 3 attempts, skipping...
[ERROR - 2025-10-25 11:59:51,001 - Worker_2] Status code == 403 for http://mauriciostycer.blogosfera.uol.com.br/2015/08/31/atores-sem-jeito-para-o-improviso-ajudaram-a-afundar-o-tomara-que-caia/, skipping...
[ERROR - 2025-10-25 11:59:57,728 - Worker_2] Status code == 403 for http://educacao.uol.com.br/noticias/2015/08/31/municipios-devem-universalizar-a-pre-escola-ate-2016.htm, skipping...
[ERROR - 2025-10-25 12:00:16,613 - Worker_3] Status code == 403 for http://reginanavarro.blogosfera.uol.com.br/2015/08/31/e-dificil-se-separar-mesmo-quando-a-relacao-e-insatisfatoria-por-que/, skipping...
[ERROR - 2025-10-25 12:00:18,618 - Worker_2] Status code == 403 for http://noticias.uol.com.br/saude/ultimas-noticias/bbc/2015/08/31/para-coibir-defecacao-ao-ar-livre-india-remunera-criancas-que-usam-banheiro.htm, skipping...
[ERROR - 2025-10-25 12:00:25,110 - Worker_2] Status code == 403 for http://blogdomenon.blogosfera.uol.com.br/2015/08/31/semifinal-aponta-para-um-sansao-e-talvez-um-grenal/, skipping...
[ERROR - 2025-10-25 12:00:45,623 - Worker_0] Status code == 403 for http://noticias.uol.com.br/ultimas-noticias/afp/2015/08/31/ensino-do-ingles-sera-prioridade-em-cuba-apos-distensao-com-os-eua.htm, skipping...
[ERROR - 2025-10-25 12:00:48,628 - Worker_4] Status code == 403 for http://noticias.uol.com.br/ultimas-noticias/afp/2015/08/31/artico-uma-nova-porta-de-entrada-na-europa-para-quem-foge-da-guerra.htm, skipping...
[ERROR - 2025-10-25 12:00:54,783 - Worker_0] Status code == 403 for http://educacao.uol.com.br/noticias/2015/08/31/escola-publica-de-floripa-incentiva-cultura-de-paz-atraves-da-meditacao.htm, skipping...
[ERROR - 2025-10-25 12:00:55,660 - Worker_4] Status code == 403 for http://uolesporte.blogosfera.uol.com.br/2015/08/30/jogador-trai-companheiro-de-selecao-esposa-admite-elogia-e-causa-confusao/, skipping...
[ERROR - 2025-10-25 12:01:01,402 - Worker_3] Status code == 403 for http://noticias.uol.com.br/ultimas-noticias/the-international-new-york-times/2015/08/31/frustracao-de-imigrar-legalmente-revela-a-atitude-da-franca-com-os-imigrantes.htm, skipping...
[ERROR - 2025-10-25 12:01:04,150 - Worker_0] Status code == 403 for http://noticias.uol.com.br/ciencia/ultimas-noticias/bbc/2015/08/31/dez-erros-que-cometemos-ao-falar-sobre-os-dinossauros.htm, skipping...
[ERROR - 2025-10-25 12:01:05,604 - Worker_3] Status code == 403 for http://noticias.uol.com.br/ultimas-noticias/bbc/2015/08/31/tres-perguntas-sobre-o-deficit-no-orcamento-federal.htm, skipping...
[ERROR - 2025-10-25 12:01:10,835 - Worker_0] Status code == 403 for http://noticias.uol.com.br/meio-ambiente/ultimas-noticias/redacao/2015/08/29/borboletas-formigas-e-oregano-protagonizam-um-menage-a-trois-da-natureza.htm, skipping...
[ERROR - 2025-10-25 12:01:15,322 - Worker_0] Status code == 403 for http://blogdomariomagalhaes.blogosfera.uol.com.br/2015/08/31/rene-do-sport-anotou-o-golaco-do-fim-de-semana-o-golaco-da-dignidade/, skipping...
[ERROR - 2025-10-25 12:01:17,851 - Worker_3] Status code == 403 for http://uolesporte.blogosfera.uol.com.br/2015/08/31/veja-figurinhas-de-tecnicos-brasileiros-quando-eles-eram-jogadores/, skipping...
[ERROR - 2025-10-25 12:01:22,326 - Worker_3] Status code == 403 for http://uolesporte.blogosfera.uol.com.br/2015/08/31/filho-de-valdivia-ja-treina-com-os-jogadores-jovens-do-manchester-city/, skipping...
[ERROR - 2025-10-25 12:01:24,639 - Worker_0] Status code == 403 for http://noticias.uol.com.br/ultimas-noticias/agencia-estado/2015/08/31/renan-diz-que-orcamento-tem-de-mobilizar-todos-para-encontrar-saida-para-o-pais.htm, skipping...
[ERROR - 2025-10-25 12:01:34,664 - Worker_4] Status code == 403 for http://noticias.uol.com.br/midiaglobal/the-international-new-york-times/2015/08/31/por-que-as-mulheres-indianas-nao-estao-trabalhando.htm, skipping...
[ERROR - 2025-10-25 12:01:36,314 - Worker_1] Status code == 403 for http://noticias.uol.com.br/album/album-do-dia/2015/08/31/imagens-do-dia---31-de-agosto-de-2015.htm?abrefoto=9, skipping...
[ERROR - 2025-10-25 12:01:46,404 - Worker_1] Failed to connect with http://motordream.uol.com.br/noticias/ver/2015/08/29/volkswagen-tera-plataforma-modular-de-menor-custo-para-mercados-emergentes after 3 attempts, skipping...
[ERROR - 2025-10-25 12:01:50,713 - Worker_1] Status code == 403 for http://pvc.blogosfera.uol.com.br/2015/09/01/mano-menezes-negocia-metodo-de-trabalho-e-pode-ser-novo-tecnico-do-cruzeiro/, skipping...
[ERROR - 2025-10-25 12:01:55,276 - Worker_1] Status code == 403 for http://paginacinco.blogosfera.uol.com.br/2015/09/01/12o-livro-do-fenomeno-infantil-capitao-cueca-mostra-protagonista-como-gay/, skipping...
[ERROR - 2025-10-25 12:01:59,197 - Worker_3] Status code == 403 for http://blogdojuca.uol.com.br/2015/08/as-quartas-de-final-da-copa-do-brasil-2, skipping...
[ERROR - 2025-10-25 12:01:59,277 - Worker_2] Status code == 403 for http://balanacesta.blogosfera.uol.com.br/2015/09/01/a-caminho-do-lakers-o-que-esperar-de-huertas-na-nba/, skipping...
[ERROR - 2025-10-25 12:02:06,071 - Worker_2] Status code == 403 for http://mauriciostycer.blogosfera.uol.com.br/2015/08/31/ibope-previo-a-regra-do-jogo-tem-pior-estreia-de-uma-novela-das-21h/, skipping...
[ERROR - 2025-10-25 12:02:13,192 - Worker_3] Status code == 403 for http://noticias.uol.com.br/ultimas-noticias/agencia-estado/2015/09/01/policia-federal-vai-indiciar-dirceu-por-corrupcao-e-lavagem.htm, skipping...
[ERROR - 2025-10-25 12:02:16,194 - Worker_0] Status code == 403 for http://mauriciostycer.blogosfera.uol.com.br/2015/09/01/sob-a-sombra-de-hebe-xuxa-e-galisteu-disputam-audiencia-na-mesma-noite/, skipping...
[ERROR - 2025-10-25 12:02:19,637 - Worker_2] Status code == 403 for http://noticias.uol.com.br/meio-ambiente/ultimas-noticias/redacao/2015/09/01/fotografa-encontra-ursos-polares-raquiticos-no-artico.htm, skipping...
[ERROR - 2025-10-25 12:02:23,806 - Worker_2] Status code == 403 for http://noticias.uol.com.br/politica/ultimas-noticias/2015/09/01/questionado-sobre-delacao-marcelo-odebrecht-diz-que-brigava-com-quem-dedurou.htm, skipping...
[ERROR - 2025-10-25 12:02:25,154 - Worker_0] Status code == 403 for http://josiasdesouza.blogosfera.uol.com.br/2015/09/01/desanimo-se-espalha-pelo-ministerio-de-dilma/, skipping...
[ERROR - 2025-10-25 12:02:36,409 - Worker_2] Status code == 403 for http://noticias.uol.com.br/ultimas-noticias/afp/2015/09/01/fechamento-de-estacao-ferroviaria-lotada-de-refugiados-vira-caos-na-hungria.htm, skipping...
[ERROR - 2025-10-25 12:02:40,567 - Worker_2] Status code == 403 for http://noticias.uol.com.br/ultimas-noticias/efe/2015/09/01/papa-permite-absolvicao-do-pecado-do-aborto-durante-o-jubileu.htm, skipping...
[ERROR - 2025-10-25 12:02:53,020 - Worker_0] Failed to connect with http://motordream.uol.com.br/noticias/ver/2015/08/28/ktm-duke-200-desembarca-no-pais-por-r-15990 after 3 attempts, skipping...
[ERROR - 2025-10-25 12:02:53,289 - Worker_2] Status code == 404 for http://esporte.uol.com.br/f1/ultimas-noticias/2015/09/01/famoso-pelo-estilo-baladeiro-raikkonen-lanca-marca-de-bebida-na-finlandia.htm, skipping...
[ERROR - 2025-10-25 12:03:08,240 - Worker_4] Status code == 403 for http://noticias.uol.com.br/ultimas-noticias/afp/2015/09/01/nova-zelandia-apresenta-hoje-bandeiras-finalistas.htm, skipping...
[ERROR - 2025-10-25 12:03:12,622 - Worker_4] Status code == 403 for http://omundoemmovimento.blogosfera.uol.com.br/2015/09/01/onix-desbanca-palio-em-agosto/, skipping...
[ERROR - 2025-10-25 12:03:24,042 - Worker_4] Status code == 403 for http://noticias.uol.com.br/ultimas-noticias/efe/2015/09/01/merkel-afirma-que-paises-da-ue-tem-que-assumir-desafio-dos-refugiados.htm, skipping...
[ERROR - 2025-10-25 12:03:30,575 - Worker_4] Status code == 403 for http://noticias.uol.com.br/album/2015/09/01/bichos-da-semana.htm?abrefoto=3, skipping...
[ERROR - 2025-10-25 12:03:32,038 - Worker_0] Status code == 403 for http://blogdojuca.uol.com.br/2015/09/o-fenomeno-vanderlei-luxemburgo-2, skipping...
[ERROR - 2025-10-25 12:03:41,303 - Worker_0] Status code == 403 for http://noticias.uol.com.br/internacional/ultimas-noticias/le-monde/2015/09/03/analise-alemanha-pede-socorro-para-abrigar-refugiados-e-e-preciso-ajuda-la.htm, skipping...
[ERROR - 2025-10-25 12:03:42,081 - Worker_3] Status code == 403 for http://pvc.blogosfera.uol.com.br/2015/09/03/corinthians-e-lider-porque-e-melhor-mas-juizes-sem-juizo-atrapalham-muito/, skipping...
[ERROR - 2025-10-25 12:03:47,868 - Worker_0] Status code == 403 for http://educacao.uol.com.br/noticias/2015/09/03/13-milhoes-de-criancas-nao-vao-a-escola-por-conflitos-no-oriente-medio.htm, skipping...
[ERROR - 2025-10-25 12:03:57,260 - Worker_0] Status code == 403 for http://noticias.uol.com.br/politica/ultimas-noticias/2015/09/03/excesso-de-informacao-a-pf-dificulta-busca-por-prefeita-foragida-no-ma.htm, skipping...
[ERROR - 2025-10-25 12:04:15,305 - Worker_4] Status code == 403 for http://noticias.uol.com.br/midiaglobal/lemonde/2015/09/03/chinafrica-enfrenta-a-desaceleracao-da-economia-chinesa.htm, skipping...
[ERROR - 2025-10-25 12:04:19,471 - Worker_4] Status code == 403 for http://noticias.uol.com.br/cotidiano/ultimas-noticias/2015/09/03/caixa-dagua-da-cedae-e-atingida-por-tiros-em-confronto-em-favela-do-rio.htm, skipping...
[ERROR - 2025-10-25 12:04:28,248 - Worker_1] Status code == 403 for http://noticias.uol.com.br/internacional/ultimas-noticias/2015/09/02/corpo-de-crianca-refugiada-afogada-aparece-em-praia-de-resort-turco.htm, skipping...
[ERROR - 2025-10-25 12:04:30,854 - Worker_4] Status code == 403 for http://reginanavarro.blogosfera.uol.com.br/2015/08/29/ciume-em-excesso/, skipping...
[ERROR - 2025-10-25 12:04:32,389 - Worker_1] Status code == 403 for http://noticias.uol.com.br/ultimas-noticias/bbc/2015/09/03/a-historia-por-tras-da-foto-do-menino-sirio-que-chocou-o-mundo.htm, skipping...
[ERROR - 2025-10-25 12:04:37,278 - Worker_4] Status code == 403 for http://noticias.uol.com.br/politica/ultimas-noticias/2015/09/03/lula-inflado-percorre-2500-km-em-protestos-e-criador-diz-ganhou-vida.htm, skipping...
[ERROR - 2025-10-25 12:04:41,459 - Worker_1] Status code == 403 for http://noticias.uol.com.br/saude/ultimas-noticias/redacao/2015/09/03/sinto-dor-penis-apos-ter-erecao-por-muito-tempo-o-que-pode-ser.htm, skipping...
[ERROR - 2025-10-25 12:04:41,897 - Worker_0] Status code == 403 for http://nagradedomma.blogosfera.uol.com.br/2015/09/03/existe-um-jeito-de-ronda-e-mayweather-se-enfrentarem-e-nao-seria-um-crime/, skipping...
[ERROR - 2025-10-25 12:04:46,057 - Worker_0] Status code == 403 for http://noticias.uol.com.br/ultimas-noticias/afp/2015/09/03/problema-dos-migrantes-nao-e-europeu-e-sim-alemao-diz-premie-hungaro.htm, skipping...
[ERROR - 2025-10-25 12:04:48,910 - Worker_4] Status code == 403 for http://economia.uol.com.br/noticias/valor-online/2015/09/03/inflacao-da-baixa-renda-cede-em-agosto.htm, skipping...
[ERROR - 2025-10-25 12:04:53,085 - Worker_1] Status code == 403 for http://noticias.uol.com.br/album/album-do-dia/2015/09/03/imagens-do-dia---3-de-setembro-de-2015.htm?abrefoto=2, skipping...
[ERROR - 2025-10-25 12:04:54,765 - Worker_0] Status code == 403 for http://noticias.uol.com.br/ultimas-noticias/agencia-estado/2015/09/03/balas-da-maior-chacina-de-sp-foram-compradas-pela-pm-e-pf.htm, skipping...
[ERROR - 2025-10-25 12:04:55,460 - Worker_4] Status code == 403 for http://noticias.uol.com.br/album/album-do-dia/2015/09/03/imagens-do-dia---3-de-setembro-de-2015.htm?abrefoto=6, skipping...
[ERROR - 2025-10-25 12:04:59,752 - Worker_4] Status code == 403 for http://blogdobrito.blogosfera.uol.com.br/2015/09/03/apos-sucesso-no-pan-forcas-armadas-investem-no-esporte-paraolimpico/, skipping...
[ERROR - 2025-10-25 12:05:04,022 - Worker_4] Status code == 403 for http://noticias.uol.com.br/internacional/ultimas-noticias/2015/09/02/por-que-publicamos-a-imagem-do-menino-sirio-afogado.htm, skipping...
[ERROR - 2025-10-25 12:05:25,600 - Worker_2] Failed to connect with http://natelinha.ne10.uol.com.br/noticias/2015/09/04/banda-abandona-programa-ao-vivo-por-rixa-com-cantor-na-bahia-entenda-92260.php after 3 attempts, skipping...
[ERROR - 2025-10-25 12:05:38,604 - Worker_0] Status code == 403 for http://educacao.uol.com.br/noticias/2015/09/04/em-mg-diretora-apanha-de-mae-de-aluna-apos-apreender-celular-da-menina.htm, skipping...
[ERROR - 2025-10-25 12:05:56,790 - Worker_2] Status code == 403 for http://noticias.uol.com.br/ultimas-noticias/agencia-estado/2015/09/04/inpe-lanca-sistema-de-previsao-de-raios.htm, skipping...
[ERROR - 2025-10-25 12:06:36,278 - Worker_0] Failed to connect with http://carsale.uol.com.br/ultimas/2015/09/04/video-hyundai-ix35-2016-aposta-em-novo-visual-e-conhecida-receita-para-se-manter-na-lideranca/ after 3 attempts, skipping...
[ERROR - 2025-10-25 12:06:47,027 - Worker_2] Status code == 403 for http://noticias.uol.com.br/album/album-do-dia/2015/09/04/imagens-do-dia---4-de-setembro-de-2015.htm?abrefoto=10, skipping...
[ERROR - 2025-10-25 12:06:51,528 - Worker_2] Status code == 403 for http://negociosdoesporte.blogosfera.uol.com.br/2015/09/04/o-marketing-nunca-sobrevive-ao-mau-desempenho-esportivo/, skipping...
[ERROR - 2025-10-25 12:06:54,042 - Worker_1] Status code == 403 for http://noticias.uol.com.br/ultimas-noticias/agencia-estado/2015/09/04/janot-denuncia-presidente-da-ccj-da-camara-e-senador-do-pp-por-corrupcao.htm, skipping...
[ERROR - 2025-10-25 12:06:55,699 - Worker_2] Status code == 403 for http://noticias.uol.com.br/internacional/ultimas-noticias/2015/09/03/quer-ajudar-refugiados-doacao-pode-ser-feita-em-reais.htm, skipping...
[ERROR - 2025-10-25 12:06:58,355 - Worker_1] Status code == 403 for http://josiasdesouza.blogosfera.uol.com.br/2015/09/04/apos-polemica-temer-vera-dilma-no-domingo/, skipping...
[ERROR - 2025-10-25 12:07:10,019 - Worker_4] Status code == 403 for http://noticias.uol.com.br/ultimas-noticias/agencia-estado/2015/09/04/mensalao-e-petrolao-sao-um-so-diz-procurador.htm, skipping...
[ERROR - 2025-10-25 12:07:10,530 - Worker_2] Status code == 403 for http://noticias.uol.com.br/cotidiano/ultimas-noticias/2015/09/01/jovem-que-achou-carteira-com-r-16-mil-e-a-devolveu-ganha-bolsa-de-estudos.htm, skipping...
[ERROR - 2025-10-25 12:07:17,324 - Worker_2] Status code == 403 for http://noticias.uol.com.br/ultimas-noticias/agencia-estado/2015/09/04/mais-10-vias-de-sp-terao-velocidade-reduzida.htm, skipping...
[ERROR - 2025-10-25 12:07:18,248 - Worker_3] Status code == 404 for http://jogos.uol.com.br/ultimas-noticias/2015/09/04/maior-fliperama-do-mundo-tem-4m-de-altura-e-roda-pac-man.htm, skipping...
[ERROR - 2025-10-25 12:07:20,108 - Worker_4] Failed to connect with http://sensacionalista.uol.com.br/2015/09/03/se-10-series-de-tv-antigas-fossem-ao-ar-hoje/ after 3 attempts, skipping...
[ERROR - 2025-10-25 12:07:28,221 - Worker_0] Status code == 403 for http://noticias.uol.com.br/ultimas-noticias/reuters/2015/09/04/dilma-critica-barreiras-de-paises-ao-citar-menino-sirio-morto-em-praia-turca.htm, skipping...
[ERROR - 2025-10-25 12:07:37,288 - Worker_1] Status code == 403 for http://josecruz.blogosfera.uol.com.br/2015/09/handebol-recebe-r-68-milhoes-de-investimentos-publicos/, skipping...
[ERROR - 2025-10-25 12:07:37,473 - Worker_0] Status code == 403 for http://maesdepeito.blogosfera.uol.com.br/2015/09/02/foi-transformador-diz-mae-que-pariu-gemeos-dois-anos-apos-cesarea/, skipping...
[ERROR - 2025-10-25 12:07:41,647 - Worker_0] Status code == 403 for http://noticias.uol.com.br/internacional/ultimas-noticias/le-monde/2015/09/04/turquia-a-arriscada-escala-no-caminho-para-a-europa.htm, skipping...
[ERROR - 2025-10-25 12:07:41,777 - Worker_1] Status code == 403 for http://noticias.uol.com.br/midiaglobal/elpais/2015/09/04/armas-de-fogo-o-debate-adiado.htm, skipping...
[ERROR - 2025-10-25 12:07:46,628 - Worker_4] Status code == 403 for http://noticias.uol.com.br/album/album-do-dia/2015/09/04/imagens-do-dia---4-de-setembro-de-2015.htm?abrefoto=18, skipping...
[ERROR - 2025-10-25 12:07:48,359 - Worker_1] Status code == 403 for http://noticias.uol.com.br/album/album-do-dia/2015/09/01/imagens-do-dia---1-de-setembro-de-2015.htm?abrefoto=15, skipping...
[ERROR - 2025-10-25 12:07:57,043 - Worker_3] Status code == 403 for http://noticias.uol.com.br/ultimas-noticias/agencia-estado/2015/09/05/d-odilo-scherer-pede-que-ninguem-deixe-de-ir-a-catedral-da-se-apos-tiroteio.htm, skipping...
[ERROR - 2025-10-25 12:07:58,120 - Worker_4] Status code == 403 for http://noticias.uol.com.br/ultimas-noticias/agencia-estado/2015/09/05/fala-de-temer-eleva-desconfianca-no-planalto-e-anima-pmdb-anti-dilma.htm, skipping...
[ERROR - 2025-10-25 12:08:01,871 - Worker_3] Status code == 404 for http://esporte.uol.com.br/f1/ultimas-noticias/2015/09/05/quinto-massa-elogia-ritmo-da-williams-e-almeja-podio-no-gp-da-italia.htm, skipping...
[ERROR - 2025-10-25 12:08:04,631 - Worker_4] Status code == 403 for http://uolesporte.blogosfera.uol.com.br/2015/09/05/ta-bombando-petros-tem-primeiro-encontro-com-cr7-e-nao-foi-muito-amigavel, skipping...
[ERROR - 2025-10-25 12:08:08,329 - Worker_3] Status code == 403 for http://noticias.uol.com.br/ultimas-noticias/agencia-estado/2015/09/05/familia-diz-que-viu-pela-tv-morador-de-rua-ser-morto-na-igreja-da-se.htm, skipping...
[ERROR - 2025-10-25 12:08:43,551 - Worker_4] Status code == 403 for http://blogdojuca.uol.com.br/2015/09/time-de-dunga-segue-imbativel-nos-amistosos/, skipping...
[ERROR - 2025-10-25 12:08:55,509 - Worker_4] Status code == 404 for http://esporte.uol.com.br/f1/ultimas-noticias/2015/09/05/para-fernando-alonso-ferrari-era-melhor-quando-ele-estava-na-equipe.htm, skipping...
[ERROR - 2025-10-25 12:09:05,100 - Worker_4] Status code == 403 for http://josiasdesouza.blogosfera.uol.com.br/2015/09/04/jose-dirceu-tornou-se-um-guevara-as-avessas/, skipping...
[ERROR - 2025-10-25 12:09:07,756 - Worker_2] Status code == 404 for http://futebol.placar.esporte.uol.com.br/futebol/brasileirao/2015/09/05/vasco-x-atletico-mg.htm, skipping...
[ERROR - 2025-10-25 12:09:09,377 - Worker_4] Status code == 403 for http://blogdoperrone.blogosfera.uol.com.br/2015/09/aidar-nao-se-arrepende-de-vendas-de-atletas-apos-descobrir-divida-menor/, skipping...
[ERROR - 2025-10-25 12:09:13,572 - Worker_4] Status code == 403 for http://uolesporte.blogosfera.uol.com.br/2015/09/05/ta-bombando-petros-tem-primeiro-encontro-com-cr7-e-nao-foi-muito-amigavel/, skipping...
[ERROR - 2025-10-25 12:09:17,478 - Worker_3] Status code == 403 for http://blogdosakamoto.blogosfera.uol.com.br/2015/09/05/por-que-algumas-fotos-comovem-mais-do-que-outras/, skipping...
[ERROR - 2025-10-25 12:09:20,690 - Worker_1] Status code == 403 for http://blogmiltonneves.bol.uol.com.br/blog/2015/09/05/a-noite-em-que-o-apito-amigo-se-fez-rei/, skipping...
[ERROR - 2025-10-25 12:09:23,697 - Worker_4] Status code == 403 for http://noticias.uol.com.br/cotidiano/ultimas-noticias/2015/08/15/forte-e-linda-carpa-reconhece-dono-e-gosta-de-carinho-veja-como-criar.htm, skipping...
[ERROR - 2025-10-25 12:09:27,393 - Worker_1] Status code == 403 for http://noticias.uol.com.br/album/album-do-dia/2015/09/05/imagens-do-dia---5-de-setembro-de-2015.htm?abrefoto=7, skipping...
[ERROR - 2025-10-25 12:09:27,959 - Worker_4] Status code == 403 for http://uolesporte.blogosfera.uol.com.br/2015/09/05/divorcio-gisele-bundchen-afasta-rumores-e-se-declara-para-tom-brady/, skipping...
[ERROR - 2025-10-25 12:09:32,098 - Worker_4] Status code == 403 for http://noticias.uol.com.br/ultimas-noticias/bbc/2015/09/05/brasileiro-que-resgatou-imigrantes-diz-que-eles-nao-comiam-havia-2-dias.htm, skipping...
[ERROR - 2025-10-25 12:09:36,962 - Worker_1] Status code == 403 for http://reginanavarro.blogosfera.uol.com.br/2015/09/05/amores-livres/, skipping...
[ERROR - 2025-10-25 12:09:46,400 - Worker_1] Status code == 403 for http://noticias.uol.com.br/ultimas-noticias/agencia-estado/2015/09/05/policia-vai-apurar-invasao-de-unidades-do-mcmv-no-rio-por-traficantes.htm, skipping...
[ERROR - 2025-10-25 12:09:49,461 - Worker_2] Status code == 403 for http://uolesporte.blogosfera.uol.com.br/2015/09/04/djokovic-posa-sem-camisa-e-ganha-destaque-em-revista-de-moda/, skipping...
[ERROR - 2025-10-25 12:09:59,636 - Worker_1] Status code == 403 for http://noticias.uol.com.br/ultimas-noticias/agencia-estado/2015/09/06/efeito-esponja-vence-chuva-e-agrava-crise.htm, skipping...
[ERROR - 2025-10-25 12:10:16,141 - Worker_1] Status code == 404 for http://esporte.uol.com.br/f1/ultimas-noticias/2015/09/06/massa-segura-bottas-vai-ao-podio-e-brinca-estou-muito-velho-para-isso.htm, skipping...
[ERROR - 2025-10-25 12:10:27,648 - Worker_0] Status code == 403 for http://uolesporte.blogosfera.uol.com.br/2015/09/06/lembra-da-defesa-escorpiao-higuita-repete-o-lance-20-anos-depois/, skipping...
[ERROR - 2025-10-25 12:10:32,433 - Worker_3] Status code == 403 for http://noticias.uol.com.br/ultimas-noticias/agencia-estado/2015/09/06/mae-e-filho-morrem-em-casa-apos-deslizamento-em-itapevi.htm, skipping...
[ERROR - 2025-10-25 12:10:38,899 - Worker_3] Status code == 403 for http://noticias.uol.com.br/politica/ultimas-noticias/2015/09/06/temer-repudia-conspiracoes-e-intrigas-e-diz-que-nao-e-frasista.htm, skipping...
[ERROR - 2025-10-25 12:10:42,396 - Worker_4] Status code == 404 for http://esporte.uol.com.br/f1/ultimas-noticias/2015/09/06/mais-lider-do-que-nunca-lewis-hamilton-passeia-para-vencer-o-gp-da-italia.htm, skipping...
[ERROR - 2025-10-25 12:10:42,446 - Worker_0] Failed to connect with http://victormartins.grandepremio.uol.com.br/2015/09/06/vendo-monza-86-unico-dono/ after 3 attempts, skipping...
[ERROR - 2025-10-25 12:10:43,072 - Worker_3] Status code == 403 for http://noticias.uol.com.br/ultimas-noticias/agencia-estado/2015/09/06/governo-aceita-pedido-de-refugio-de-ex-senador-boliviano.htm, skipping...
[ERROR - 2025-10-25 12:10:51,660 - Worker_4] Status code == 403 for http://blogdomenon.blogosfera.uol.com.br/2015/09/06/corinthians-vence-o-classico-e-caminha-para-o-titulo/, skipping...
[ERROR - 2025-10-25 12:10:58,511 - Worker_0] Status code == 403 for http://blogdojuliogomes.blogosfera.uol.com.br/2015/09/06/que-belo-derbi-e-como-e-bom-ver-um-jogao-sem-influencia-de-juiz/, skipping...
[ERROR - 2025-10-25 12:11:00,043 - Worker_3] Status code == 404 for http://esporte.uol.com.br/f1/ultimas-noticias/2015/09/06/apos-tudo-dar-errado-em-monza-rosberg-so-pensa-em-voltar-para-casa.htm, skipping...
[ERROR - 2025-10-25 12:11:02,839 - Worker_0] Status code == 400 for http://entretenimento.band.uol.com.br/masterchef/2015/noticias/100000769957/jiang-pu-%E9-a-mais-popular-nas-redes-sociais.html, skipping...
[ERROR - 2025-10-25 12:11:05,975 - Worker_2] Status code == 403 for http://blogdoavallone.blogosfera.uol.com.br/2015/09/06/palmeiras-e-corinthians-o-derbi-mais-empolgante-dos-ultimos-tempos-2/, skipping...
[ERROR - 2025-10-25 12:11:10,247 - Worker_2] Status code == 403 for http://blogdosakamoto.blogosfera.uol.com.br/2015/09/06/a-minha-empregada-era-quase-da-familia/, skipping...
[ERROR - 2025-10-25 12:11:11,669 - Worker_0] Status code == 403 for http://saqueevoleio.blogosfera.uol.com.br/2015/09/06/us-open-dia-6-murray-demais-para-bellucci-e-viradas-improvaveis/, skipping...
[ERROR - 2025-10-25 12:11:29,333 - Worker_4] Status code == 403 for http://blogdojuca.uol.com.br/2015/09/um-derbi-simplesmente-inesquecivel/, skipping...
[ERROR - 2025-10-25 12:11:33,536 - Worker_4] Status code == 403 for http://noticias.uol.com.br/album/2015/09/07/veja-fotos-do-7-de-setembro-pelo-brasil.htm?abrefoto=5, skipping...
[ERROR - 2025-10-25 12:11:38,376 - Worker_0] Status code == 403 for http://blogdomariomagalhaes.blogosfera.uol.com.br/2015/09/07/poucos-times-tem-tanto-motivo-para-reclamar-de-arbitragem-como-o-flamengo/, skipping...
[ERROR - 2025-10-25 12:11:42,692 - Worker_4] Status code == 403 for http://fisicanaveia.blogosfera.uol.com.br/2015/08/28/vamos-pra-marte/, skipping...
[ERROR - 2025-10-25 12:11:47,259 - Worker_3] Status code == 403 for http://uolesporte.blogosfera.uol.com.br/2015/09/07/quem-e-o-melhor-brasileiro-do-fifa-16-marta-iguala-neymar-nos-numeros/, skipping...
[ERROR - 2025-10-25 12:11:51,465 - Worker_3] Status code == 403 for http://mauriciostycer.blogosfera.uol.com.br/2015/09/06/diretor-da-globo-diz-que-nao-existe-mais-teste-do-sofa-hetero/, skipping...
[ERROR - 2025-10-25 12:11:55,678 - Worker_3] Status code == 403 for http://noticias.uol.com.br/ultimas-noticias/reuters/2015/09/07/papa-reformula-procedimentos-de-anulacao-de-casamento-da-igreja.htm, skipping...
[ERROR - 2025-10-25 12:12:00,567 - Worker_0] Status code == 403 for http://mauriciostycer.blogosfera.uol.com.br/2015/09/07/sucesso-fez-autora-esticar-a-duracao-das-pragas-em-os-dez-mandamentos/, skipping...
[ERROR - 2025-10-25 12:12:02,138 - Worker_3] Status code == 403 for http://noticias.uol.com.br/ultimas-noticias/agencia-estado/2015/09/07/adolescente-e-ferida-com-canivete-no-parque-do-ibirapuera.htm, skipping...
[ERROR - 2025-10-25 12:12:04,736 - Worker_0] Status code == 403 for http://noticias.uol.com.br/saude/ultimas-noticias/bbc/2015/09/07/cientistas-desenvolvem-teste-que-revela-idade-real-do-corpo.htm, skipping...
[ERROR - 2025-10-25 12:12:04,952 - Worker_1] Status code == 403 for http://noticias.uol.com.br/ultimas-noticias/bbc/2015/09/07/video-acelerado-mostra-chegada-de-milhares-de-sirios-durante-48h-em-munique.htm, skipping...
[ERROR - 2025-10-25 12:12:13,614 - Worker_0] Status code == 403 for http://noticias.uol.com.br/ultimas-noticias/agencia-estado/2015/09/07/motorista-enfrenta-lentidao-na-volta-do-interior-de-sp-apos-feriado-prolongado.htm, skipping...
[ERROR - 2025-10-25 12:12:20,745 - Worker_0] Status code == 404 for http://esporte.uol.com.br/f1/ultimas-noticias/2015/09/07/red-bull-esta-cada-vez-mais-perto-de-usar-motores-ferrari-em-2016.htm, skipping...
[ERROR - 2025-10-25 12:12:21,610 - Worker_3] Status code == 403 for http://noticias.uol.com.br/midiaglobal/nytimes/2015/09/07/industria-da-comida-congelada-tenta-se-reinventar-nos-eua.htm, skipping...
[ERROR - 2025-10-25 12:12:25,825 - Worker_2] Status code == 403 for http://matias.blogosfera.uol.com.br/2015/09/07/radiohead-no-estudio-com-uma-orquestra/, skipping...
[ERROR - 2025-10-25 12:12:28,113 - Worker_0] Status code == 404 for http://esporte.uol.com.br/f1/ultimas-noticias/2015/09/07/com-tri-encaminhado-cabelo-de-hamilton-vira-motivo-de-aposta-na-inglaterra.htm, skipping...
[ERROR - 2025-10-25 12:12:32,166 - Worker_3] Status code == 403 for http://tecnologia.uol.com.br/noticias/bbc/2015/09/05/como-saber-se-voce-e-viciado-em-tecnologia-e-4-formas-de-combater.htm, skipping...
[ERROR - 2025-10-25 12:12:42,567 - Worker_2] Status code == 403 for http://pvc.blogosfera.uol.com.br/2015/09/07/deixou-chegar-o-ponto-da-virada-do-flamengo-foi-este-em-2007-e-2009/, skipping...
[ERROR - 2025-10-25 12:12:57,059 - Worker_2] Status code == 403 for http://noticias.uol.com.br/ciencia/ultimas-noticias/bbc/2015/09/07/pedras-gigantes-em-fila-podem-ser-descoberta-arqueologica-sem-precedentes.htm, skipping...
[ERROR - 2025-10-25 12:12:59,995 - Worker_4] Status code == 403 for http://blogdosakamoto.blogosfera.uol.com.br/2015/09/07/brasil-ame-o-deixe-o-ou-ignore-e-faca-de-conta-que-nao-e-com-voce/, skipping...
[ERROR - 2025-10-25 12:13:01,251 - Worker_2] Status code == 403 for http://blogdoico.blogosfera.uol.com.br/2015/09/07/massa-celebra-novo-contrato-com-podio-maravilhoso/, skipping...
[ERROR - 2025-10-25 12:13:10,281 - Worker_2] Status code == 403 for http://uolesporte.blogosfera.uol.com.br/2015/09/07/hamilton-ostenta-com-seu-novo-carro-que-vale-mais-de-r-2-milhoes/, skipping...
[ERROR - 2025-10-25 12:13:20,421 - Worker_2] Failed to connect with http://carsale.uol.com.br/ultimas/2015/09/07/flagra-ferrari-488-spider-e-fotografada-na-china/ after 3 attempts, skipping...
[ERROR - 2025-10-25 12:13:24,402 - Worker_3] Status code == 403 for http://noticias.uol.com.br/ultimas-noticias/agencia-estado/2015/09/07/onibus-que-tombou-em-paraty-estaria-com-problema-nos-freios.htm, skipping...
[ERROR - 2025-10-25 12:13:24,876 - Worker_2] Status code == 404 for http://futebol.placar.esporte.uol.com.br/futebol/amistosos-da-selecao-brasileira/2015/09/08/estados-unidos-x-brasil.htm, skipping...
[ERROR - 2025-10-25 12:13:26,724 - Worker_4] Status code == 403 for http://mauriciostycer.blogosfera.uol.com.br/2015/09/08/o-que-nao-foi-mostrado-e-dito-no-caso-da-agressao-ao-reporter-do-cqc/, skipping...
[ERROR - 2025-10-25 12:13:28,110 - Worker_0] Status code == 502 for http://blog.jovempan.uol.com.br/radioatividade/2015/09/07/exclusivo-conselho-tutelar-nao-autorizou-devolucao-a-familia-do-menino-encontrado-esquartejado-em-sp/, skipping...
[ERROR - 2025-10-25 12:13:28,571 - Worker_3] Status code == 403 for http://noticias.uol.com.br/ultimas-noticias/ansa/2015/09/08/cinegrafista-hungara-que-agrediu-imigrantes-e-demitida.htm, skipping...
[ERROR - 2025-10-25 12:13:29,053 - Worker_2] Status code == 403 for http://uolesporte.blogosfera.uol.com.br/2015/09/08/rooney-fez-historia-veja-seus-5-gols-mais-bonitos-pela-inglaterra/, skipping...
[ERROR - 2025-10-25 12:13:32,358 - Worker_1] Status code == 403 for http://noticias.uol.com.br/ultimas-noticias/agencia-estado/2015/09/08/numero-de-pessoas-afetadas-pelas-chuvas-no-parana-chega-a-75-mil.htm, skipping...
[ERROR - 2025-10-25 12:13:35,999 - Worker_4] Status code == 403 for http://noticias.uol.com.br/ultimas-noticias/agencia-estado/2015/09/08/justica-condena-dono-de-cao-que-mordeu-menino-em-praca-a-pagar-r-80-mil.htm, skipping...
[ERROR - 2025-10-25 12:13:37,304 - Worker_0] Status code == 403 for http://noticias.uol.com.br/ultimas-noticias/agencia-estado/2015/09/08/policiais-fazem-festa-com-pagode-e-cerveja-em-delegacia-de-sp.htm, skipping...
[ERROR - 2025-10-25 12:13:37,804 - Worker_3] Status code == 403 for http://noticias.uol.com.br/ultimas-noticias/agencia-estado/2015/09/08/nao-existe-conotacao-sexual-diz-anao-que-fez-strip-tease-no-denarc.htm, skipping...
[ERROR - 2025-10-25 12:13:39,149 - Worker_2] Failed to connect with http://sensacionalista.uol.com.br/2015/09/08/depois-dos-padres-cantores-padre-fabio-de-melo-inaugura-os-padres-humoristas/ after 3 attempts, skipping...
[ERROR - 2025-10-25 12:13:41,482 - Worker_0] Status code == 403 for http://noticias.uol.com.br/ultimas-noticias/agencia-estado/2015/09/08/motorista-diz-que-empresa-tentara-responsabiliza-lo-pelo-acidente-em-paraty.htm, skipping...
[ERROR - 2025-10-25 12:13:41,953 - Worker_3] Status code == 403 for http://noticias.uol.com.br/cotidiano/ultimas-noticias/2015/09/08/lotofacil-tem-recorde-de-51-acertadores-que-dividirao-r-896-milhoes.htm, skipping...
[ERROR - 2025-10-25 12:13:42,673 - Worker_4] Status code == 403 for http://mauriciostycer.blogosfera.uol.com.br/2015/09/08/dez-provas-que-carolina-e-a-personagem-mais-ingenua-de-verdades-secretas/, skipping...
[ERROR - 2025-10-25 12:13:48,641 - Worker_3] Status code == 403 for http://blogdoperrone.blogosfera.uol.com.br/2015/09/apos-investir-r-376-mi-na-base-desde-2012-palmeiras-so-ve-jesus-brilhar/, skipping...
[ERROR - 2025-10-25 12:13:49,396 - Worker_4] Status code == 403 for http://noticias.uol.com.br/ultimas-noticias/deutschewelle/2015/09/08/premie-hungaro-quer-acelerar-construcao-de-cerca-na-fronteira.htm, skipping...
[ERROR - 2025-10-25 12:14:00,939 - Worker_0] Status code == 403 for http://educacao.uol.com.br/noticias/2015/09/08/detento-e-o-primeiro-de-sp-a-obter-ensino-superior-dentro-da-cadeia.htm, skipping...
[ERROR - 2025-10-25 12:14:10,551 - Worker_3] Status code == 403 for http://doutorjairo.blogosfera.uol.com.br/2015/09/08/estudo-identifica-tracos-psicologicos-de-homofobicos/, skipping...
[ERROR - 2025-10-25 12:14:22,072 - Worker_4] Status code == 403 for http://uolesporte.blogosfera.uol.com.br/2015/09/07/hamilton-ostenta-com-seu-novo-carro-que-vale-mais-de-r-2-milhoes/, skipping...
[ERROR - 2025-10-25 12:14:35,343 - Worker_0] Status code == 403 for http://uolesporte.blogosfera.uol.com.br/2015/09/08/jornal-lista-clausulas-estranhas-thiago-silva-ganha-por-nao-reclamar/, skipping...
[ERROR - 2025-10-25 12:14:36,615 - Worker_4] Failed to connect with http://natelinha.ne10.uol.com.br/novelas/2015/09/08/verdades-secretas-bruno-se-afunda-nas-drogas-e-rouba-a-propria-mae-92325.php after 3 attempts, skipping...
[ERROR - 2025-10-25 12:14:40,035 - Worker_1] Status code == 403 for http://mauriciostycer.blogosfera.uol.com.br/2015/09/08/record-atrasa-novela-e-cidade-alerta-empata-um-minuto-com-o-jn/, skipping...
[ERROR - 2025-10-25 12:14:50,128 - Worker_2] Status code == 403 for http://reginanavarro.blogosfera.uol.com.br/2015/09/08/ejaculacao-precoce/, skipping...
[ERROR - 2025-10-25 12:14:50,364 - Worker_4] Status code == 403 for http://blogdomenon.blogosfera.uol.com.br/2015/09/08/edson-um-goleiro-com-11-dedos-fecha-o-gol-do-vila-nova/, skipping...
[ERROR - 2025-10-25 12:14:54,416 - Worker_2] Status code == 403 for http://blogdoboleiro.blogosfera.uol.com.br/2015/09/09/dos-emirados-arabes-abelao-crava-corinthians-campeao-em-duas-rodadas/, skipping...
[ERROR - 2025-10-25 12:14:54,619 - Worker_4] Status code == 403 for http://blogdobaldini.blogosfera.uol.com.br/2015/09/09/quando-eu-parar-manny-pacquiao-sera-o-melhor-afirma-floyd-mayweather/, skipping...
[ERROR - 2025-10-25 12:14:58,696 - Worker_3] Status code == 500 for http://noticias.uol.com.br/midiaglobal/lemonde/2015/09/09/como-a-franca-esta-se-preparando-para-receber-os-refugiados.htm, skipping...
[ERROR - 2025-10-25 12:14:59,022 - Worker_2] Status code == 404 for http://entretenimento.band.uol.com.br/masterchef/2015/noticias/100000770535/jiang-posta-mensagem-de-despedida-e-se-arrisca-como-apresentadora-.html, skipping...
[ERROR - 2025-10-25 12:15:00,128 - Worker_1] Status code == 403 for http://tecnologia.uol.com.br/album/2015/09/09/acompanhe-as-novidades-da-conferencia-anual-da-apple.htm?abrefoto=45, skipping...
[ERROR - 2025-10-25 12:15:03,163 - Worker_2] Status code == 403 for http://noticias.uol.com.br/ultimas-noticias/ansa/2015/09/09/ruinas-de-casa-arcaica-sao-encontradas-em-palacio-romano.htm, skipping...
[ERROR - 2025-10-25 12:15:07,246 - Worker_3] Status code == 403 for http://noticias.uol.com.br/ultimas-noticias/valor/2015/09/09/desembargador-marcelo-navarro-e-nomeado-ministro-do-stj.htm, skipping...
[ERROR - 2025-10-25 12:15:09,644 - Worker_0] Status code == 403 for http://blogdojuca.uol.com.br/2015/09/provocacoes/, skipping...
[ERROR - 2025-10-25 12:15:12,186 - Worker_4] Status code == 403 for http://noticias.uol.com.br/ultimas-noticias/agencia-estado/2015/09/09/eu-sou-juiz-diz-magistrado-barrado-na-blitz-em-maceio.htm, skipping...
[ERROR - 2025-10-25 12:15:13,885 - Worker_0] Status code == 403 for http://nagradedomma.blogosfera.uol.com.br/2015/09/09/nova-ronda-ex-cheerleader-agradece-e-afirma-que-comparacao-nao-a-pressiona/, skipping...
[ERROR - 2025-10-25 12:15:14,243 - Worker_2] Status code == 403 for http://noticias.uol.com.br/ultimas-noticias/agencia-estado/2015/09/09/fiscal-preso-aceita-fazer-a-1-delacao-premiada-da-mafia-do-icms-em-sp.htm, skipping...
[ERROR - 2025-10-25 12:15:20,453 - Worker_0] Status code == 403 for http://josecruz.blogosfera.uol.com.br/2015/09/campo-de-golfe-eduardo-paes-libera-construtora-de-taxa-de-r-18-milhao/, skipping...
[ERROR - 2025-10-25 12:15:20,712 - Worker_2] Status code == 403 for http://noticias.uol.com.br/ultimas-noticias/agencia-estado/2015/09/09/moro-cita-casos-pre-mensalao-e-lava-jato-como-exemplo-de-lentidao-judicial.htm, skipping...
[ERROR - 2025-10-25 12:15:22,222 - Worker_4] Status code == 403 for http://noticias.uol.com.br/ultimas-noticias/agencia-estado/2015/09/09/cgu-aponta-desvios-de-recursos-no-ministerio-da-pesca.htm, skipping...
[ERROR - 2025-10-25 12:15:24,609 - Worker_0] Status code == 403 for http://noticias.uol.com.br/album/2015/09/08/bichos-da-semana.htm?abrefoto=5, skipping...
[ERROR - 2025-10-25 12:15:28,655 - Worker_2] Status code == 404 for http://esporte.uol.com.br/f1/ultimas-noticias/2015/09/09/para-chefe-massa-calou-quem-achava-que-ele-estava-no-fim-de-carreira.htm, skipping...
[ERROR - 2025-10-25 12:15:31,069 - Worker_4] Status code == 403 for http://noticias.uol.com.br/cotidiano/ultimas-noticias/2015/09/09/iml-libera-corpos-de-vitimas-de-acidente-de-onibus-que-matou-15-em-paraty.htm, skipping...
[ERROR - 2025-10-25 12:15:33,184 - Worker_0] Status code == 403 for http://noticias.uol.com.br/ultimas-noticias/deutschewelle/2015/09/09/brasil-acolhe-mas-ainda-nao-integra-refugiados.htm, skipping...
[ERROR - 2025-10-25 12:15:35,237 - Worker_4] Status code == 404 for http://futebol.placar.esporte.uol.com.br/futebol/brasileirao/2015/09/09/atletico-mg-x-avai.htm, skipping...
[ERROR - 2025-10-25 12:15:37,350 - Worker_0] Status code == 403 for http://noticias.uol.com.br/politica/ultimas-noticias/2015/09/09/empresaria-anuncia-fim-de-casamento-com-carlinhos-cachoeira.htm, skipping...
[ERROR - 2025-10-25 12:15:55,910 - Worker_4] Status code == 403 for http://noticias.uol.com.br/ultimas-noticias/efe/2015/09/09/russia-pede-unidade-aos-eua-para-combater-o-estado-islamico-na-siria.htm, skipping...
[ERROR - 2025-10-25 12:16:09,679 - Worker_4] Status code == 403 for http://noticias.uol.com.br/ultimas-noticias/agencia-estado/2015/09/09/haddad-transfere-para-empresas-29-terminais-de-onibus.htm, skipping...
[ERROR - 2025-10-25 12:16:18,990 - Worker_4] Status code == 403 for http://economia.uol.com.br/noticias/reuters/2015/09/09/brasil-tem-entrada-liquida-de-us41-bi-em-agosto-primeiro-superavit-em-3-meses-diz-bc.htm, skipping...
[ERROR - 2025-10-25 12:16:19,230 - Worker_1] Status code == 403 for http://noticias.uol.com.br/album/album-do-dia/2015/09/09/imagens-do-dia---9-de-setembro-de-2015.htm?abrefoto=31, skipping...
[ERROR - 2025-10-25 12:16:19,523 - Worker_3] Status code == 403 for http://economia.uol.com.br/cotacoes/noticias/redacao/2015/09/09/apos-subir-2-durante-o-dia-bovespa-fecha-em-queda-petrobras-recua-3.htm, skipping...
[ERROR - 2025-10-25 12:16:24,005 - Worker_3] Status code == 403 for http://tecnologia.uol.com.br/noticias/bbc/2015/09/09/bug-no-whatsapp-pode-ter-afetado-200-milhoes-de-usuarios.htm, skipping...
[ERROR - 2025-10-25 12:16:28,162 - Worker_3] Status code == 403 for http://economia.uol.com.br/noticias/redacao/2015/09/09/agencia-ve-mais-risco-de-calote-e-tira-nota-de-bom-pagador-do-brasil.htm, skipping...
[ERROR - 2025-10-25 12:16:30,368 - Worker_4] Status code == 403 for http://noticias.uol.com.br/ultimas-noticias/agencia-estado/2015/09/09/servidoras-protestam-contra-restricao-a-minissaia-na-camara.htm, skipping...
[ERROR - 2025-10-25 12:16:37,116 - Worker_3] Status code == 403 for http://noticias.uol.com.br/meio-ambiente/album/bbc/2015/09/09/foto-de-tubarao-nadando-com-surfista-disputa-concurso-sobre-vida-selvagem.htm?abrefoto=1, skipping...
[ERROR - 2025-10-25 12:16:39,955 - Worker_4] Status code == 403 for http://futebolemnumeros.blogosfera.uol.com.br/2015/09/10/santos-e-quem-mais-marcou-gols-em-2015/, skipping...
[ERROR - 2025-10-25 12:16:41,075 - Worker_2] Status code == 403 for http://noticias.uol.com.br/ultimas-noticias/agencia-estado/2015/09/10/katia-abreu-diz-ter-conviccao-de-que-levy-esta-no-caminho-certo.htm, skipping...
[ERROR - 2025-10-25 12:16:41,740 - Worker_3] Status code == 403 for http://blogdobaldini.blogosfera.uol.com.br/2015/09/10/vitoria-de-mayweather-sobre-pacquiao-deve-ser-cancelada-boxe-tem-seu-7-a-1/, skipping...
[ERROR - 2025-10-25 12:16:44,252 - Worker_4] Status code == 403 for http://robertosadovski.blogosfera.uol.com.br/2015/09/10/que-horas-ela-volta-e-o-1o-filme-do-brasil-em-uma-decada-que-merece-oscar/, skipping...
[ERROR - 2025-10-25 12:16:48,494 - Worker_4] Status code == 403 for http://uolesporte.blogosfera.uol.com.br/2015/09/09/como-colocar-r-12-bilhao-em-uma-foto-neymar-te-mostra/, skipping...
[ERROR - 2025-10-25 12:16:49,266 - Worker_0] Status code == 403 for http://noticias.uol.com.br/ultimas-noticias/agencia-estado/2015/09/10/equipe-de-reportagem-e-atacada-por-tiros-no-morro-do-juramento.htm, skipping...
[ERROR - 2025-10-25 12:16:52,659 - Worker_4] Status code == 403 for http://noticias.uol.com.br/ultimas-noticias/agencia-estado/2015/09/10/stf-vai-julgar-na-proxima-semana-financiamento-empresarial-de-campanha-politica.htm, skipping...
[ERROR - 2025-10-25 12:16:56,903 - Worker_4] Status code == 403 for http://uolesportevetv.blogosfera.uol.com.br/2015/09/10/caio-detona-osorio-apos-tecnico-criticar-qualidade-de-elenco-do-sp/, skipping...
[ERROR - 2025-10-25 12:17:01,584 - Worker_0] Status code == 403 for http://uolesporte.blogosfera.uol.com.br/2015/09/10/apresentadora-cheia-de-tatuagens-misteriosas-fez-belga-esquecer-atriz-porno/, skipping...
[ERROR - 2025-10-25 12:17:10,651 - Worker_0] Status code == 403 for http://economia.uol.com.br/cotacoes/noticias/redacao/2015/09/10/dolar-sobe-13-e-fecha-a-r-385-apos-brasil-perder-grau-de-investimento.htm, skipping...
[ERROR - 2025-10-25 12:17:17,326 - Worker_0] Status code == 403 for http://economia.uol.com.br/noticias/redacao/2015/09/10/pais-precisa-trocar-a-fiacao-para-a-casa-ficar-bacana-diz-ministro.htm, skipping...
[ERROR - 2025-10-25 12:17:23,432 - Worker_3] Status code == 403 for http://tecnologia.uol.com.br/noticias/redacao/2015/09/10/estudantes-da-unb-criam-impressora-3d-capaz-de-construir-casas-de-ate-50m.htm, skipping...
[ERROR - 2025-10-25 12:17:26,169 - Worker_0] Status code == 403 for http://noticias.uol.com.br/ultimas-noticias/agencia-estado/2015/09/10/ex-presidente-do-bndes-nega-interferencias-politicas-nas-operacoes-de-credito.htm, skipping...
[ERROR - 2025-10-25 12:17:27,601 - Worker_3] Status code == 403 for http://noticias.uol.com.br/tabloide/album/2015/09/10/deu-a-louca-nos-comissarios-veja-o-que-eles-fazem-quando-voce-nao-esta-vendo.htm?abrefoto=2, skipping...
[ERROR - 2025-10-25 12:17:31,193 - Worker_1] Status code == 403 for http://todosabordo.blogosfera.uol.com.br/2015/09/10/qual-o-lugar-mais-sujo-em-um-aviao-nao-nao-e-o-banheiro/, skipping...
[ERROR - 2025-10-25 12:17:31,764 - Worker_3] Status code == 403 for http://economia.uol.com.br/empregos-e-carreiras/noticias/redacao/2015/09/09/indiano-assume-o-google-aos-43-veja-dicas-para-ser-presidente-antes-dos-50.htm, skipping...
[ERROR - 2025-10-25 12:17:38,031 - Worker_0] Status code == 403 for http://noticias.uol.com.br/cotidiano/ultimas-noticias/2015/09/10/barroso-vota-por-descriminalizar-maconha-para-uso-pessoal.htm, skipping...
[ERROR - 2025-10-25 12:17:38,621 - Worker_1] Status code == 403 for http://educacao.uol.com.br/quiz/2015/09/10/teste-se-sobre-a-poesia-de-ferreira-gullar.htm, skipping...
[ERROR - 2025-10-25 12:17:53,080 - Worker_2] Status code == 403 for http://noticias.uol.com.br/opiniao/coluna/2015/09/10/oposicao-prejudica-os-esforcos-do-pais-para-superar-a-crise.htm, skipping...
[ERROR - 2025-10-25 12:18:05,539 - Worker_4] Status code == 403 for http://blogdoperrone.blogosfera.uol.com.br/2015/09/sao-paulo-ainda-espera-que-abilio-seja-o-primeiro-a-dar-cheque/, skipping...
[ERROR - 2025-10-25 12:18:30,262 - Worker_1] Status code == 403 for http://noticias.uol.com.br/midiaglobal/lemonde/2015/09/10/campanha-de-mineradoras-exalta-carvao-como-incrivel-e-vira-gozacao-na-australia.htm, skipping...
[ERROR - 2025-10-25 12:18:38,833 - Worker_2] Status code == 403 for http://noticias.uol.com.br/ultimas-noticias/agencia-estado/2015/09/10/aloysio-nunes-diz-que-levy-incorre-no-mesmo-erro-de-soberba-de-dilma.htm, skipping...
[ERROR - 2025-10-25 12:18:53,402 - Worker_3] Status code == 403 for http://fernandorodrigues.blogosfera.uol.com.br/2015/09/10/68-dos-brasileiros-acham-que-ja-pagam-muitos-impostos-diz-pesquisa/, skipping...
[ERROR - 2025-10-25 12:18:57,640 - Worker_3] Status code == 403 for http://noticias.uol.com.br/ultimas-noticias/afp/2015/09/10/mamae-merkel-o-grito-de-amor-dos-refugiados-sirios-na-alemanha.htm, skipping...
[ERROR - 2025-10-25 12:18:59,677 - Worker_0] Status code == 403 for http://noticias.uol.com.br/politica/ultimas-noticias/2015/09/10/peso-da-folha-para-o-governo-federal-e-o-maior-desde-2001.htm, skipping...
[ERROR - 2025-10-25 12:19:07,265 - Worker_3] Status code == 403 for http://pvc.blogosfera.uol.com.br/2015/09/11/joinville-sempre-foi-dificil-para-corinthians-informacoes-e-palpites/, skipping...
[ERROR - 2025-10-25 12:19:11,421 - Worker_3] Status code == 403 for http://noticias.uol.com.br/ultimas-noticias/agencia-estado/2015/09/11/temporal-destroi-casas-e-fere-um-morador-em-panorama-interior-de-sp.htm, skipping...
[ERROR - 2025-10-25 12:19:15,598 - Worker_3] Status code == 403 for http://noticias.uol.com.br/album/2015/09/08/bichos-da-semana.htm?abrefoto=18, skipping...
[ERROR - 2025-10-25 12:19:17,749 - Worker_4] Status code == 403 for http://tecnologia.uol.com.br/noticias/redacao/2015/09/11/mesmo-com-queda-de-popularidade-ainda-vale-a-pena-comprar-pcs.htm, skipping...
[ERROR - 2025-10-25 12:19:19,897 - Worker_3] Status code == 403 for http://fastfut.blogosfera.uol.com.br/2015/09/11/podolski-o-beija-bandeira-gera-polemica-na-internet/, skipping...
[ERROR - 2025-10-25 12:19:21,910 - Worker_4] Status code == 403 for http://noticias.uol.com.br/saude/ultimas-noticias/redacao/2015/09/11/vida-de-bebe-sofia-depende-de-um-milagre-avalia-medico.htm, skipping...
[ERROR - 2025-10-25 12:19:23,422 - Worker_0] Failed to connect with http://natelinha.ne10.uol.com.br/novelas/2015/09/11/elenco-de-verdades-secretas-grava-cenas-do-enterro-de-carolina-92441.php after 3 attempts, skipping...
[ERROR - 2025-10-25 12:19:24,072 - Worker_3] Status code == 403 for http://noticias.uol.com.br/ultimas-noticias/agencia-estado/2015/09/11/temporais-causam-duas-mortes-e-destruicao-em-33-cidades-de-sp.htm, skipping...
[ERROR - 2025-10-25 12:19:27,501 - Worker_1] Status code == 403 for http://mauriciostycer.blogosfera.uol.com.br/2015/09/11/zeze-e-luciano-derrubam-o-ibope-de-xuxa-portiolli-e-gugu/, skipping...
[ERROR - 2025-10-25 12:19:28,370 - Worker_4] Status code == 403 for http://noticias.uol.com.br/opiniao/coluna/2015/09/11/rebaixamento-fragiliza-governo-e-dificulta-aumento-de-impostos.htm, skipping...
[ERROR - 2025-10-25 12:19:33,387 - Worker_3] Status code == 403 for http://noticias.uol.com.br/midiaglobal/nytimes/2015/09/11/cidadao-chines-mantido-refem-pelo-ei-representa-um-teste-para-pequim.htm, skipping...
[ERROR - 2025-10-25 12:19:42,951 - Worker_0] Status code == 403 for http://noticias.uol.com.br/ultimas-noticias/agencia-estado/2015/09/11/defesa-final-de-dilma-no-tcu-comprova-que-nao-houve-violacao-da-lrf-diz-adams.htm, skipping...
[ERROR - 2025-10-25 12:19:47,110 - Worker_0] Status code == 403 for http://noticias.uol.com.br/ultimas-noticias/bbc/2015/09/11/perdi-tudo-mas-salvei-cachorras-brasileiros-ficam-desabrigados-apos-enchentes-no-japao.htm, skipping...
[ERROR - 2025-10-25 12:19:51,573 - Worker_0] Status code == 403 for http://blogdobrito.blogosfera.uol.com.br/2015/09/11/judo-do-brasil-repensa-treinos-e-ira-a-mongolia-e-georgia-apos-mundial-ruim, skipping...
[ERROR - 2025-10-25 12:20:01,009 - Worker_0] Status code == 403 for http://noticias.uol.com.br/ultimas-noticias/agencia-estado/2015/09/11/pf-pega-200-quilos-de-cocaina-em-cumbica-maior-volume-ja-apreendido-no-terminal.htm, skipping...
[ERROR - 2025-10-25 12:20:01,928 - Worker_2] Status code == 404 for http://comidasebebidas.uol.com.br/album/2015/09/11/deu-preguica-do-fogao-veja-dez-receitas-para-o-micro-ondas-que-matam-a-fome.htm, skipping...
[ERROR - 2025-10-25 12:20:05,184 - Worker_0] Status code == 403 for http://noticias.uol.com.br/blogs-e-colunas/coluna/paul-krugman/2015/09/11/economia-do-japao-esta-paralisada-pela-cautela.htm, skipping...
[ERROR - 2025-10-25 12:20:06,084 - Worker_2] Status code == 403 for http://noticias.uol.com.br/ultimas-noticias/agencia-estado/2015/09/11/no-piaui-dilma-diz-acreditar-que-reforma-no-governo-dara-certo.htm, skipping...
[ERROR - 2025-10-25 12:20:12,065 - Worker_3] Status code == 403 for http://noticias.uol.com.br/ultimas-noticias/agencia-estado/2015/09/11/ministro-do-tcu-diz-que-refuta-ideia-de-analise-politica-das-pedaladas.htm, skipping...
[ERROR - 2025-10-25 12:20:12,597 - Worker_2] Status code == 403 for http://noticias.uol.com.br/ultimas-noticias/deutschewelle/2015/09/11/hitler-e-soldados-se-drogavam-sistematicamente-diz-escritor.htm, skipping...
[ERROR - 2025-10-25 12:20:19,936 - Worker_0] Status code == 403 for http://todosabordo.blogosfera.uol.com.br/2015/09/11/primeiro-boeing-747-400-faz-ultimo-voo-e-se-aposenta-depois-de-26-anos/, skipping...
[ERROR - 2025-10-25 12:20:21,053 - Worker_3] Status code == 403 for http://rodrigomattos.blogosfera.uol.com.br/2015/09/11/ferj-tenta-forcar-rio-sp-para-combater-liga-mas-cbf-descarta-torneio/, skipping...
[ERROR - 2025-10-25 12:20:24,122 - Worker_0] Status code == 403 for http://noticias.uol.com.br/ultimas-noticias/agencia-estado/2015/09/11/pf-avanca-sobre-ex-ministros-do-primeiro-escalao-de-lula-e-dilma.htm, skipping...
[ERROR - 2025-10-25 12:20:28,258 - Worker_0] Status code == 403 for http://noticias.uol.com.br/internacional/ultimas-noticias/2015/09/11/queda-de-guindaste-em-meca-deixa-ao-menos-52-mortos.htm, skipping...
[ERROR - 2025-10-25 12:20:32,554 - Worker_0] Status code == 403 for http://uolesporte.blogosfera.uol.com.br/2015/09/11/novo-mick-jagger-fas-acusam-namorado-de-serena-de-ser-pe-frio/, skipping...
[ERROR - 2025-10-25 12:20:38,981 - Worker_1] Status code == 403 for http://josiasdesouza.blogosfera.uol.com.br/2015/09/11/historiografia-merece-que-a-pf-interrogue-lula/, skipping...
[ERROR - 2025-10-25 12:20:43,249 - Worker_1] Status code == 403 for http://fernandorodrigues.blogosfera.uol.com.br/2015/09/11/levy-soube-do-downgrade-as-14h-de-4a-feira-e-nao-avisou-dilma/, skipping...
[ERROR - 2025-10-25 12:20:46,772 - Worker_3] Status code == 403 for http://tecnologia.uol.com.br/noticias/bbc/2015/09/11/isso-nao-e-tinder-advogada-denuncia-cantada-no-linkedin-e-causa-polemica.htm, skipping...
[ERROR - 2025-10-25 12:20:52,161 - Worker_1] Status code == 403 for http://balanacesta.blogosfera.uol.com.br/2015/09/12/oitavas-de-final-do-eurobasket-comeca-hoje-veja-confrontos/, skipping...
[ERROR - 2025-10-25 12:20:53,347 - Worker_3] Status code == 403 for http://ovideota.blogosfera.uol.com.br/2015/09/12/os-gorilas-tambem-amam-os-celulares/, skipping...
[ERROR - 2025-10-25 12:20:57,824 - Worker_3] Status code == 403 for http://josiasdesouza.blogosfera.uol.com.br/2015/09/12/pessoa-afirma-ter-repassado-r-205-mi-ao-pt/, skipping...
[ERROR - 2025-10-25 12:21:01,975 - Worker_3] Status code == 403 for http://noticias.uol.com.br/ultimas-noticias/efe/2015/09/12/ferida-social-impede-tianjin-de-virar-a-pagina-um-mes-depois-de-explosao.htm, skipping...
[ERROR - 2025-10-25 12:21:10,408 - Worker_3] Status code == 403 for http://noticias.uol.com.br/ultimas-noticias/agencia-estado/2015/09/12/empreiteiro-diz-que-pagou-r-17-mi-para-ajudar-dirceu-pos-mensalao.htm, skipping...
[ERROR - 2025-10-25 12:21:14,887 - Worker_0] Status code == 403 for http://mauriciostycer.blogosfera.uol.com.br/2015/09/11/ibope-previo-dez-mandamentos-supera-pela-primeira-vez-a-regra-do-jogo/, skipping...
[ERROR - 2025-10-25 12:21:21,313 - Worker_1] Status code == 403 for http://noticias.uol.com.br/album/2015/09/12/manifestacoes-a-favor-e-contra-refugiados-sao-realizadas-pelo-mundo.htm?abrefoto=7, skipping...
[ERROR - 2025-10-25 12:21:24,958 - Worker_2] Status code == 403 for http://noticias.uol.com.br/album/2015/09/12/festival-celebra-120-anos-do-tratado-de-amizade-brasil-japao.htm?abrefoto=7#fotoNav=7, skipping...
[ERROR - 2025-10-25 12:21:25,395 - Worker_0] Status code == 403 for http://noticias.uol.com.br/cotidiano/ultimas-noticias/2015/09/12/sem-coveiro-familia-realiza-enterro-de-mulher-no-interior-de-sp.htm, skipping...
[ERROR - 2025-10-25 12:21:36,826 - Worker_2] Status code == 403 for http://noticias.uol.com.br/midiaglobal/nytimes/2015/09/12/opiniao-a-compaixao-pelos-refugiados-nao-basta.htm, skipping...
[ERROR - 2025-10-25 12:21:38,903 - Worker_0] Status code == 403 for http://noticias.uol.com.br/ultimas-noticias/agencia-estado/2015/09/12/justica-concede-indenizacoes-a-familiares-e-vitimas-da-boate-kiss.htm, skipping...
[ERROR - 2025-10-25 12:21:46,493 - Worker_2] Status code == 403 for http://noticias.uol.com.br/opiniao/coluna/2015/09/12/despreparo-no-transporte-de-suinos-afeta-credibilidade-da-industria.htm, skipping...
[ERROR - 2025-10-25 12:21:58,428 - Worker_2] Status code == 403 for http://uolesporte.blogosfera.uol.com.br/2015/09/12/buffon-discute-com-torcedores-da-juventus-durante-partida-do-italiano/, skipping...
[ERROR - 2025-10-25 12:22:01,321 - Worker_3] Status code == 403 for http://noticias.uol.com.br/tabloide/ultimas-noticias/tabloideanas/2015/09/12/passageiro-acorda-urina-nos-demais-e-volta-a-dormir-em-voo-nos-eua.htm, skipping...
[ERROR - 2025-10-25 12:22:01,529 - Worker_4] Status code == 403 for http://uolesporte.blogosfera.uol.com.br/2015/09/12/mourinho-perdeu-a-paciencia-antes-da-derrota-e-deixou-reporter-falando-sozinho, skipping...
[ERROR - 2025-10-25 12:22:05,718 - Worker_4] Status code == 403 for http://uolesporte.blogosfera.uol.com.br/2015/09/12/mulher-de-messi-posta-primeira-foto-do-novo-filho-do-casa/, skipping...
[ERROR - 2025-10-25 12:22:23,379 - Worker_2] Status code == 403 for http://noticias.uol.com.br/politica/ultimas-noticias/2015/09/12/maioria-da-sociedade-nao-quer-descriminalizacao-da-maconha-diz-fux.htm, skipping...
[ERROR - 2025-10-25 12:22:31,874 - Worker_1] Status code == 404 for http://esporte.uol.com.br/f1/ultimas-noticias/2015/09/13/hulkenberg-queria-pilotar-carro-de-senna-mas-nao-seria-a-primeira-opcao.htm, skipping...
[ERROR - 2025-10-25 12:22:36,234 - Worker_1] Status code == 403 for http://mauriciostycer.blogosfera.uol.com.br/2015/09/13/biografia-resgata-a-trajetoria-de-blota-jr-apresentador-pioneiro-da-tv/, skipping...
[ERROR - 2025-10-25 12:22:40,453 - Worker_1] Status code == 403 for http://noticias.uol.com.br/ultimas-noticias/afp/2015/09/13/sobe-para-28-numero-de-migrantes-mortos-em-naufragio-em-frente-a-costa-grega.htm, skipping...
[ERROR - 2025-10-25 12:22:54,162 - Worker_1] Status code == 403 for http://josiasdesouza.blogosfera.uol.com.br/2015/09/13/investigacao-sobre-lula-e-convite-a-criatividade/, skipping...
[ERROR - 2025-10-25 12:22:58,170 - Worker_0] Status code == 403 for http://uolesporte.blogosfera.uol.com.br/2015/09/13/kelly-slater-completa-manobra-impossivel-so-nao-agradou-aos-juizes/, skipping...
[ERROR - 2025-10-25 12:23:00,716 - Worker_2] Status code == 403 for http://blogdojuca.uol.com.br/2015/09/ex-corintianos-ampliam-a-vantagem-do-timao/, skipping...
[ERROR - 2025-10-25 12:23:05,187 - Worker_2] Status code == 403 for http://noticias.uol.com.br/album/album-do-dia/2015/09/13/imagens-do-dia---13-de-setembro-de-2015.htm?abrefoto=40, skipping...
[ERROR - 2025-10-25 12:23:05,472 - Worker_1] Status code == 403 for http://noticias.uol.com.br/ultimas-noticias/efe/2015/09/13/republica-tcheca-reforca-fronteira-com-a-austria-por-crise-de-refugiados.htm, skipping...
[ERROR - 2025-10-25 12:23:09,330 - Worker_2] Status code == 403 for http://noticias.uol.com.br/ultimas-noticias/bbc/2015/09/13/a-historia-do-frango-mike-que-viveu-mais-de-1-ano-sem-cabeca.htm, skipping...
[ERROR - 2025-10-25 12:23:13,485 - Worker_2] Status code == 403 for http://noticias.uol.com.br/album/album-do-dia/2015/09/13/imagens-do-dia---13-de-setembro-de-2015.htm?abrefoto=41, skipping...
[ERROR - 2025-10-25 12:23:15,339 - Worker_4] Status code == 403 for http://fernandorodrigues.blogosfera.uol.com.br/2015/09/13/dilma-convoca-ministros-e-prepara-cortes-de-r-20-bilhoes-em-2016/, skipping...
[ERROR - 2025-10-25 12:23:16,485 - Worker_1] Status code == 403 for http://blogdomariomagalhaes.blogosfera.uol.com.br/2015/09/13/a-guardiola-ou-a-mourinho-oswaldo-ensina-gestao-de-recursos-humanos-no-fla/, skipping...
[ERROR - 2025-10-25 12:23:16,825 - Worker_0] Status code == 403 for http://uolesporte.blogosfera.uol.com.br/2015/09/13/classico-ingles-vira-luta-de-street-fighter-e-sobrou-ate-para-o-narrador/, skipping...
[ERROR - 2025-10-25 12:23:20,741 - Worker_1] Status code == 403 for http://abiliodiniz.blogosfera.uol.com.br/2015/09/13/sao-paulo-mostra-que-pode-se-recuperar/, skipping...
[ERROR - 2025-10-25 12:23:22,751 - Worker_2] Status code == 403 for http://noticias.uol.com.br/ultimas-noticias/afp/2015/09/13/eua-desativaram-ameaca-contra-papa-revela-legislador.htm, skipping...
[ERROR - 2025-10-25 12:23:27,292 - Worker_1] Status code == 403 for http://blogdomenon.blogosfera.uol.com.br/2015/09/13/ponte-freia-um-santos-dorminhoco/, skipping...
[ERROR - 2025-10-25 12:23:30,452 - Worker_0] Status code == 403 for http://noticias.uol.com.br/midiaglobal/nytimes/2015/09/13/volta-as-aulas-preocupa-pais-homossexuais-nos-estados-unidos.htm, skipping...
[ERROR - 2025-10-25 12:23:34,072 - Worker_2] Status code == 403 for http://noticias.uol.com.br/ultimas-noticias/agencia-estado/2015/09/13/caso-unimed-paulistana-expoe-descompasso-de-custos.htm, skipping...
[ERROR - 2025-10-25 12:23:43,332 - Worker_2] Status code == 403 for http://fernandorodrigues.blogosfera.uol.com.br/2015/09/13/nao-esta-no-horizonte-decidir-nesta-semana-diz-cunha-sobre-impeachment/, skipping...
[ERROR - 2025-10-25 12:23:43,637 - Worker_4] Status code == 403 for http://nilsonxavier.blogosfera.uol.com.br/2015/09/13/ligada-a-moda-e-papeis-divertidos-betty-lago-fez-carreira-de-sucesso-na-tv/, skipping...
[ERROR - 2025-10-25 12:23:47,538 - Worker_2] Status code == 403 for http://uolesporte.blogosfera.uol.com.br/2015/09/12/neymar-vende-seu-luxuoso-iate-para-o-cantor-gusttavo-lima/, skipping...
[ERROR - 2025-10-25 12:24:07,707 - Worker_1] Status code == 403 for http://economia.uol.com.br/noticias/redacao/2015/09/14/governo-propoe-cpmf-temporaria-por-no-maximo-quatro-anos.htm, skipping...
[ERROR - 2025-10-25 12:24:15,090 - Worker_3] Status code == 403 for http://economia.uol.com.br/cotacoes/noticias/redacao/2015/09/14/bovespa-fecha-em-alta-de-quase-2-puxada-por-bancos-bb-salta-56.htm, skipping...
[ERROR - 2025-10-25 12:24:26,649 - Worker_2] Status code == 403 for http://blogdojuca.uol.com.br/2015/09/ex-corintianos-ampliam-a-vantagem-do-timao/, skipping...
[ERROR - 2025-10-25 12:24:35,481 - Worker_2] Status code == 403 for http://noticias.uol.com.br/politica/ultimas-noticias/2015/09/14/mangabeira-unger-deixa-secretaria-de-assuntos-estrategicos.htm, skipping...
[ERROR - 2025-10-25 12:24:35,774 - Worker_3] Status code == 403 for http://todosabordo.blogosfera.uol.com.br/2015/09/14/aerea-vai-afastar-mais-de-100-tripulantes-considerados-acima-do-peso/, skipping...
[ERROR - 2025-10-25 12:24:44,256 - Worker_2] Status code == 403 for http://noticias.uol.com.br/ultimas-noticias/bbc/2015/09/13/a-historia-do-frango-mike-que-viveu-mais-de-1-ano-sem-cabeca.htm, skipping...
[ERROR - 2025-10-25 12:24:48,475 - Worker_2] Status code == 403 for http://economia.uol.com.br/noticias/efe/2015/09/14/para-economistas-aumento-do-dolar-melhorara-competitividade-do-brasil.htm, skipping...
[ERROR - 2025-10-25 12:24:49,678 - Worker_0] Status code == 403 for http://mauriciostycer.blogosfera.uol.com.br/2015/09/14/monica-iozzi-consegue-tirar-o-humoristico-tomara-que-caia-do-serio/, skipping...
[ERROR - 2025-10-25 12:24:52,723 - Worker_2] Status code == 403 for http://blogdomariomagalhaes.blogosfera.uol.com.br/2015/09/13/a-guardiola-ou-a-mourinho-oswaldo-ensina-gestao-de-recursos-humanos-no-fla/, skipping...
[ERROR - 2025-10-25 12:24:53,822 - Worker_0] Status code == 403 for http://economia.uol.com.br/cotacoes/noticias/redacao/2015/09/14/dolar-cai-163-e-fecha-a-r-3814-apos-governo-anunciar-cortes-de-despesa.htm, skipping...
[ERROR - 2025-10-25 12:24:57,755 - Worker_3] Status code == 403 for http://abiliodiniz.blogosfera.uol.com.br/2015/09/13/sao-paulo-mostra-que-pode-se-recuperar/, skipping...
[ERROR - 2025-10-25 12:24:57,963 - Worker_0] Status code == 403 for http://noticias.uol.com.br/saude/ultimas-noticias/redacao/2015/09/14/apos-parada-cardiaca-morre-a-bebe-sofia.htm, skipping...
[ERROR - 2025-10-25 12:25:00,434 - Worker_4] Status code == 403 for http://noticias.uol.com.br/politica/ultimas-noticias/2015/09/14/delator-acusa-ex-diretor-da-petrobras-jorge-zelada-de-receber-propina.htm, skipping...
[ERROR - 2025-10-25 12:25:01,917 - Worker_3] Status code == 403 for http://noticias.uol.com.br/midiaglobal/nytimes/2015/09/14/em-restaurante-nos-eua-clientes-pedem-a-comida-sem-interagir-com-ninguem.htm, skipping...
[ERROR - 2025-10-25 12:25:02,336 - Worker_0] Status code == 403 for http://blogdomenon.blogosfera.uol.com.br/2015/09/13/ponte-freia-um-santos-dorminhoco/, skipping...
[ERROR - 2025-10-25 12:25:06,069 - Worker_3] Status code == 403 for http://noticias.uol.com.br/ultimas-noticias/agencia-estado/2015/09/14/dilma-recebe-19-governadores-em-jantar-no-palacio-da-alvorada.htm, skipping...
[ERROR - 2025-10-25 12:25:06,949 - Worker_4] Status code == 403 for http://noticias.uol.com.br/cotidiano/ultimas-noticias/2015/09/14/justica-suspende-reajuste-de-tarifas-de-onibus-em-belo-horizonte.htm, skipping...
[ERROR - 2025-10-25 12:25:11,098 - Worker_4] Status code == 403 for http://noticias.uol.com.br/ultimas-noticias/agencia-estado/2015/09/14/e-mails-revelam-que-empresas-sabiam-de-vencedores-antes-de-licitacoes-de-angra-3.htm, skipping...
[ERROR - 2025-10-25 12:25:11,102 - Worker_0] Status code == 403 for http://noticias.uol.com.br/ultimas-noticias/agencia-estado/2015/09/14/para-cunha-aprovacao-da-cpmf-pelo-congresso-e-improvavel.htm, skipping...
[ERROR - 2025-10-25 12:25:15,345 - Worker_0] Status code == 403 for http://fernandorodrigues.blogosfera.uol.com.br/2015/09/14/reuniao-de-4-horas-teve-divergencias-e-pouca-certeza-sobre-sucesso-do-plano/, skipping...
[ERROR - 2025-10-25 12:25:15,383 - Worker_4] Status code == 403 for http://blogdobirner.blogosfera.uol.com.br/2015/09/14/palmeiras-notifica-extrajudicialmente-torcedor-que-jogou-agua-no-gramado/, skipping...
[ERROR - 2025-10-25 12:25:15,390 - Worker_2] Status code == 403 for http://blogdosakamoto.blogosfera.uol.com.br/2015/09/14/2013-o-ano-que-ainda-nao-terminou/, skipping...
[ERROR - 2025-10-25 12:25:19,625 - Worker_0] Status code == 403 for http://educacao.uol.com.br/noticias/2015/09/14/professora-indigena-da-aulas-na-sala-de-sua-casa-para-continuar-ensinando.htm, skipping...
[ERROR - 2025-10-25 12:25:21,922 - Worker_4] Status code == 403 for http://paginacinco.blogosfera.uol.com.br/2015/09/14/harry-potter-inspira-bar-recem-inaugurado-no-canada/, skipping...
[ERROR - 2025-10-25 12:25:28,368 - Worker_4] Status code == 403 for http://noticias.uol.com.br/politica/ultimas-noticias/2015/09/14/dilma-terminara-mandato-em-2018-diz-temer-na-russia.htm, skipping...
[ERROR - 2025-10-25 12:25:28,391 - Worker_0] Status code == 403 for http://noticias.uol.com.br/politica/ultimas-noticias/2015/09/14/apos-reunioes-com-ministros-dilma-anuncia-cortes-no-orcamento.htm, skipping...
[ERROR - 2025-10-25 12:25:29,217 - Worker_2] Status code == 403 for http://noticias.uol.com.br/politica/ultimas-noticias/2015/09/14/bolsa-familia-fica-de-fora-de-cortes-do-ajuste-fiscal.htm, skipping...
[ERROR - 2025-10-25 12:25:44,771 - Worker_4] Status code == 403 for http://noticias.uol.com.br/cotidiano/ultimas-noticias/2015/09/15/mp-denuncia-por-homicidio-vizinho-de-garota-de-6-anos-morta-em-conchal-sp.htm, skipping...
[ERROR - 2025-10-25 12:25:44,790 - Worker_2] Status code == 403 for http://noticias.uol.com.br/ultimas-noticias/agencia-estado/2015/09/15/agente-da-cptm-e-preso-acusado-de-abuso-sexual-dentro-do-trem.htm, skipping...
[ERROR - 2025-10-25 12:25:49,032 - Worker_4] Status code == 403 for http://economia.uol.com.br/noticias/redacao/2015/09/15/pelo-2-mes-caixa-economica-lidera-em-agosto-ranking-de-reclamacoes-do-bc.htm, skipping...
[ERROR - 2025-10-25 12:25:49,415 - Worker_1] Status code == 404 for http://esporte.uol.com.br/f1/ultimas-noticias/2015/09/15/massa-revela-pior-momento-da-vida-e-diz-ter-visto-muita-sujeira-na-f-1.htm, skipping...
[ERROR - 2025-10-25 12:25:49,452 - Worker_3] Status code == 403 for http://colunaesplanada.blogosfera.uol.com.br/2015/09/15/oposicao-se-une-por-pec-anti-lula-2018/, skipping...
[ERROR - 2025-10-25 12:25:53,206 - Worker_4] Status code == 403 for http://noticias.uol.com.br/politica/ultimas-noticias/2015/09/15/delator-diz-que-lava-jato-mudou-sua-vida-e-que-vai-escrever-nova-historia.htm, skipping...
[ERROR - 2025-10-25 12:25:54,182 - Worker_0] Status code == 404 for http://entretenimento.band.uol.com.br/masterchef/2015/noticias/100000771305/jacquin-paola-e-fogaca-elegem-os-melhores-pratos.html, skipping...
[ERROR - 2025-10-25 12:25:55,930 - Worker_3] Status code == 403 for http://noticias.uol.com.br/ultimas-noticias/agencia-estado/2015/09/15/apos-assedio-sexual-homens-sao-agredidos-em-trens-de-sp.htm, skipping...
[ERROR - 2025-10-25 12:25:55,980 - Worker_2] Status code == 403 for http://blogdomenon.blogosfera.uol.com.br/2015/09/15/leco-ceo-foi-demitido-porque-nao-conseguiu-dinheiro-do-abilio-diniz/, skipping...
[ERROR - 2025-10-25 12:26:00,074 - Worker_3] Status code == 403 for http://noticias.uol.com.br/album/album-do-dia/2015/09/15/imagens-do-dia---15-de-setembro-de-2015.htm?abrefoto=7, skipping...
[ERROR - 2025-10-25 12:26:02,439 - Worker_2] Status code == 403 for http://noticias.uol.com.br/ciencia/ultimas-noticias/bbc/2015/09/15/achada-apos-2-anos-camera-em-balao-revela-imagens-surpreendentes-de-viagem-espacial.htm, skipping...
[ERROR - 2025-10-25 12:26:02,907 - Worker_0] Status code == 403 for http://josiasdesouza.blogosfera.uol.com.br/2015/09/15/cunha-recebe-uma-questao-de-ordem-da-oposicao-sobre-o-impeachment-de-dilma/, skipping...
[ERROR - 2025-10-25 12:26:04,392 - Worker_3] Status code == 403 for http://blogdoico.blogosfera.uol.com.br/2015/09/15/gp-de-cingapura-tera-nivel-de-poluicao-pior-que-o-da-olimpiada-de-pequim/, skipping...
[ERROR - 2025-10-25 12:26:06,587 - Worker_2] Status code == 403 for http://noticias.uol.com.br/ultimas-noticias/bbc/2015/09/15/tragedia-sem-foto-em-quatro-dias-23-criancas-se-afogam-em-travessias-rumo-a-europa.htm, skipping...
[ERROR - 2025-10-25 12:26:07,302 - Worker_0] Status code == 403 for http://rodrigomattos.blogosfera.uol.com.br/2015/09/15/com-crise-no-pais-corinthians-quer-manter-patrocinios-fla-preve-aumento/, skipping...
[ERROR - 2025-10-25 12:26:08,573 - Worker_3] Status code == 403 for http://noticias.uol.com.br/ciencia/ultimas-noticias/afp/2015/09/15/peixe-conhecido-como-fossil-vivo-apresenta-pulmao-diz-estudo.htm, skipping...
[ERROR - 2025-10-25 12:26:10,283 - Worker_4] Status code == 403 for http://noticias.uol.com.br/ultimas-noticias/agencia-estado/2015/09/15/dilma-indica-ex-tesoureiro-do-pr-para-diretoria-no-dnit.htm, skipping...
[ERROR - 2025-10-25 12:26:11,454 - Worker_0] Status code == 403 for http://noticias.uol.com.br/ultimas-noticias/agencia-estado/2015/09/15/irmao-de-dirceu-devolveu-propina-diz-lava-jato.htm, skipping...
[ERROR - 2025-10-25 12:26:15,343 - Worker_2] Status code == 403 for http://noticias.uol.com.br/meio-ambiente/album/bbc/2015/09/15/chuva-de-passaros-em-penhasco-vence-premio-de-fotografia-na-inglaterra.htm?abrefoto=1, skipping...
[ERROR - 2025-10-25 12:26:16,713 - Worker_4] Status code == 403 for http://economia.uol.com.br/noticias/reuters/2015/09/15/tombini-defende-ajustes-fiscais-e-diz-que-selic-atual-e-de-passagem.htm, skipping...
[ERROR - 2025-10-25 12:26:17,499 - Worker_3] Status code == 403 for http://maesdepeito.blogosfera.uol.com.br/2015/09/14/saiba-os-riscos-de-dar-pipoca-para-as-criancas-pequenas/, skipping...
[ERROR - 2025-10-25 12:26:19,530 - Worker_2] Status code == 403 for http://educacao.uol.com.br/noticias/2015/09/14/professora-indigena-da-aulas-na-sala-de-sua-casa-para-continuar-ensinando.htm, skipping...
[ERROR - 2025-10-25 12:26:26,083 - Worker_4] Status code == 403 for http://noticias.uol.com.br/cotidiano/ultimas-noticias/2015/09/15/crianca-de-2-anos-sobrevive-a-acidente-que-destruiu-carro-no-interior-de-sp.htm, skipping...
[ERROR - 2025-10-25 12:26:26,117 - Worker_2] Status code == 403 for http://blogdobrito.blogosfera.uol.com.br/2015/09/15/reuniao-da-cpi-do-futebol-adiada-novamente-a-culpa-pode-ser-do-relator/, skipping...
[ERROR - 2025-10-25 12:26:30,234 - Worker_4] Status code == 403 for http://josiasdesouza.blogosfera.uol.com.br/2015/09/15/jarbas-eventual-gestao-temer-deve-incluir-pt/, skipping...
[ERROR - 2025-10-25 12:26:31,044 - Worker_0] Status code == 404 for http://entretenimento.band.uol.com.br/masterchef/2015/noticias/100000770604/foi-uma-temporada-mais-desafiadora-diz-ana-paula.html, skipping...
[ERROR - 2025-10-25 12:26:31,341 - Worker_3] Status code == 403 for http://educacao.uol.com.br/noticias/2015/09/15/ao-64-anos-idosa-volta-para-a-escola-e-vai-para-olimpiada-de-matematica.htm, skipping...
[ERROR - 2025-10-25 12:26:37,484 - Worker_0] Status code == 403 for http://noticias.uol.com.br/midiaglobal/elpais/2015/09/15/mafia-yakuza-se-divide-entra-em-pe-de-guerra-e-preocupa-sociedade-japonesa.htm, skipping...
[ERROR - 2025-10-25 12:26:42,096 - Worker_0] Status code == 404 for http://entretenimento.band.uol.com.br/masterchef/2015/bastidores/1000009930/saiba-para-quem-os-famosos-estao-torcendo-na-final-do-masterchef.html, skipping...
[ERROR - 2025-10-25 12:26:46,152 - Worker_1] Status code == 403 for http://blogmiltonneves.bol.uol.com.br/blog/2015/09/14/comunidade-judaica-celebra-o-rosh-hashana-seu-ano-5776/, skipping...
[ERROR - 2025-10-25 12:26:46,334 - Worker_0] Status code == 403 for http://oblogdorugbi.blogosfera.uol.com.br/2015/09/16/estes-sao-os-personagens-mais-legais-que-voce-vera-no-mundial-de-rugbi/, skipping...
[ERROR - 2025-10-25 12:26:50,533 - Worker_0] Status code == 403 for http://noticias.uol.com.br/midiaglobal/lemonde/2015/09/16/grenoble-adota-em-quase-toda-a-cidade-o-limite-de-velocidade-de-30-kmh.htm, skipping...
[ERROR - 2025-10-25 12:26:51,341 - Worker_3] Status code == 403 for http://noticias.uol.com.br/politica/ultimas-noticias/2015/09/16/mendes-cita-conspiracao-da-oab-e-vota-por-liberar-doacoes.htm, skipping...
[ERROR - 2025-10-25 12:26:54,709 - Worker_0] Status code == 403 for http://noticias.uol.com.br/tabloide/album/2015/09/14/miss-georgia-e-a-nova-miss-america.htm?abrefoto=24, skipping...
[ERROR - 2025-10-25 12:26:55,578 - Worker_3] Status code == 403 for http://mauriciostycer.blogosfera.uol.com.br/2015/09/16/gugu-sai-do-ar-dia-22-com-especial-sobre-justus-e-ainda-nao-acertou-2016/, skipping...
[ERROR - 2025-10-25 12:27:12,135 - Worker_1] Status code == 404 for http://futebol.placar.esporte.uol.com.br/futebol/brasileirao/2015/09/16/atletico-pr-x-gremio.htm, skipping...
[ERROR - 2025-10-25 12:27:16,370 - Worker_1] Status code == 403 for http://noticias.uol.com.br/ultimas-noticias/bbc/2015/09/16/mexicana-vive-ha-mais-de-um-ano-em-igreja-nos-eua-para-evitar-deportacao.htm, skipping...
[ERROR - 2025-10-25 12:27:20,959 - Worker_1] Status code == 403 for http://ovideota.blogosfera.uol.com.br/2015/09/16/abencoado-seja-o-vosso-cuspe/, skipping...
[ERROR - 2025-10-25 12:27:25,118 - Worker_1] Status code == 403 for http://noticias.uol.com.br/cotidiano/ultimas-noticias/2015/09/16/prefeitura-da-aval-para-obras-de-shopping-em-ilha-da-marginal-pinheiros.htm, skipping...
[ERROR - 2025-10-25 12:27:29,413 - Worker_1] Status code == 403 for http://educacao.uol.com.br/noticias/agencia-estado/2015/09/16/para-poupar-r-114-milhoes-usp-congela-20-dos-gastos.htm, skipping...
[ERROR - 2025-10-25 12:27:29,857 - Worker_3] Status code == 403 for http://blogdojuca.uol.com.br/2015/09/o-gol-do-ano/, skipping...
[ERROR - 2025-10-25 12:27:33,569 - Worker_4] Status code == 403 for http://noticias.uol.com.br/politica/ultimas-noticias/2015/09/16/encurtar-o-caminho-da-rotatividade-democratica-e-golpe-sim-diz-dilma.htm, skipping...
[ERROR - 2025-10-25 12:27:43,142 - Worker_4] Status code == 403 for http://noticias.uol.com.br/ultimas-noticias/agencia-estado/2015/09/16/nao-entro-no-pdt-para-ser-candidato-a-rigorosamente-nada-diz-ciro-gomes.htm, skipping...
[ERROR - 2025-10-25 12:27:45,323 - Worker_1] Status code == 403 for http://nagradedomma.blogosfera.uol.com.br/2015/09/16/belfort-acusa-weidman-de-doping-e-pede-categoria-de-vovos-no-ufc/, skipping...
[ERROR - 2025-10-25 12:27:47,369 - Worker_4] Status code == 404 for http://futebol.placar.esporte.uol.com.br/futebol/brasileirao/2015/09/16/figueirense-x-avai.htm, skipping...
[ERROR - 2025-10-25 12:27:52,383 - Worker_2] Status code == 403 for http://noticias.uol.com.br/saude/ultimas-noticias/redacao/2015/09/16/numero-de-casos-de-dengue-no-rj-em-2015-ja-e-sete-vezes-maior-que-em-2014.htm, skipping...
[ERROR - 2025-10-25 12:27:56,478 - Worker_1] Status code == 403 for http://economia.uol.com.br/noticias/reuters/2015/09/16/presidente-da-br-distribuidora-renuncia-carlos-tessarollo-assume-interinamente.htm, skipping...
[ERROR - 2025-10-25 12:28:00,657 - Worker_1] Status code == 403 for http://noticias.uol.com.br/politica/ultimas-noticias/2015/09/16/com-predio-sitiado-assembleia-do-rs-aprova-projetos-do-governador-sartori.htm, skipping...
[ERROR - 2025-10-25 12:28:10,388 - Worker_3] Status code == 404 for http://entretenimento.band.uol.com.br/masterchef/2015/noticias/100000771516/sabrina-e-izabel-tem-planos-de-projeto-conjunto.html, skipping...
[ERROR - 2025-10-25 12:28:12,054 - Worker_1] Status code == 403 for http://blogdosakamoto.blogosfera.uol.com.br/2015/09/16/para-garantir-a-governabilidade-na-banca-o-governo-perde-a-das-ruas-2/, skipping...
[ERROR - 2025-10-25 12:28:19,089 - Worker_3] Status code == 403 for http://noticias.uol.com.br/internacional/ultimas-noticias/2015/09/16/terremoto-de-magnitude-79-atinge-o-chile-internautas-brasileiros-relatam.htm, skipping...
[ERROR - 2025-10-25 12:28:31,077 - Worker_2] Status code == 403 for http://noticias.uol.com.br/cotidiano/ultimas-noticias/2015/09/15/mulher-e-barrada-e-fica-de-calcinha-e-sutia-em-agencia-bancaria-no-rj.htm, skipping...
[ERROR - 2025-10-25 12:28:35,228 - Worker_2] Status code == 403 for http://noticias.uol.com.br/album/2015/04/20/barcos-com-imigrantes-naufragam-no-mar-mediterraneo-em-2015.htm?abrefoto=180, skipping...
[ERROR - 2025-10-25 12:28:38,878 - Worker_3] Status code == 404 for http://entretenimento.band.uol.com.br/masterchef/2015/noticias/100000771518/cristiano-esquece-rivalidade-com-izabel-mereceu-o-titulo.html, skipping...
[ERROR - 2025-10-25 12:28:43,211 - Worker_3] Status code == 403 for http://rodrigomattos.blogosfera.uol.com.br/2015/09/16/stj-decidira-se-arbitros-tem-direito-a-contrato-de-tv-em-acao-contra-globo/, skipping...
[ERROR - 2025-10-25 12:28:47,426 - Worker_3] Status code == 403 for http://noticias.uol.com.br/cotidiano/ultimas-noticias/2015/09/16/prefeitura-acata-justica-e-valor-da-tarifa-de-onibus-cai-em-belo-horizonte.htm, skipping...
[ERROR - 2025-10-25 12:28:56,096 - Worker_3] Status code == 403 for http://noticias.uol.com.br/ultimas-noticias/agencia-estado/2015/09/17/ministra-do-tse-libera-para-julgamento-acao-que-pede-cassacao-do-mandato-de-dilma.htm, skipping...
[ERROR - 2025-10-25 12:28:56,846 - Worker_4] Status code == 403 for http://pvc.blogosfera.uol.com.br/2015/09/17/renato-augusto-merece-mais-do-que-pato-mas-thiago-silva-merece-castigo/, skipping...
[ERROR - 2025-10-25 12:29:03,389 - Worker_4] Status code == 403 for http://noticias.uol.com.br/politica/ultimas-noticias/2015/09/17/stf-decide-proibir-doacoes-de-empresas-a-politicos.htm, skipping...
[ERROR - 2025-10-25 12:29:07,408 - Worker_3] Status code == 403 for http://noticias.uol.com.br/midiaglobal/lemonde/2015/09/17/franceses-continuam-divididos-quanto-ao-acolhimento-de-estrangeiros.htm, skipping...
[ERROR - 2025-10-25 12:29:12,051 - Worker_3] Status code == 404 for http://esporte.uol.com.br/f1/ultimas-noticias/2015/09/17/raikkonen-admite-erro-na-largada-em-monza-dedo-estava-no-lugar-errado.htm, skipping...
[ERROR - 2025-10-25 12:29:14,535 - Worker_2] Status code == 403 for http://blogdoico.blogosfera.uol.com.br/2015/09/17/hamilton-senna-e-eu-seriamos-amigos-carrego-o-bastao-por-nos-dois/, skipping...
[ERROR - 2025-10-25 12:29:18,957 - Worker_3] Status code == 403 for http://blogdosakamoto.blogosfera.uol.com.br/2015/09/17/decisao-do-stf-ja-basta-de-candidatos-eleitos-com-o-rabo-preso/, skipping...
[ERROR - 2025-10-25 12:29:23,393 - Worker_4] Status code == 403 for http://rodrigomattos.blogosfera.uol.com.br/2015/09/17/substituto-de-valcke-e-ligado-a-blatter-e-homem-do-dinheiro-na-fifa/, skipping...
[ERROR - 2025-10-25 12:29:24,348 - Worker_0] Status code == 404 for http://guia.uol.com.br/rio-de-janeiro/shows/noticias/2015/09/17/rock-in-rio-veja-como-chegar-previsao-do-tempo-e-o-que-nao-levar.htm, skipping...
[ERROR - 2025-10-25 12:29:25,826 - Worker_3] Status code == 403 for http://blogdobrito.blogosfera.uol.com.br/2015/09/17/na-camara-rebeca-gusmao-denuncia-exploracao-sexual-no-futebol-feminino/, skipping...
[ERROR - 2025-10-25 12:29:28,109 - Worker_2] Status code == 403 for http://noticias.uol.com.br/ultimas-noticias/agencia-estado/2015/09/17/cunha-diz-que-precisa-analisar-decisao-do-stf-sobre-financiamento-de-campanha.htm, skipping...
[ERROR - 2025-10-25 12:29:32,615 - Worker_4] Status code == 403 for http://maesdepeito.blogosfera.uol.com.br/2015/09/17/sociedade-de-pediatria-lanca-campanha-polemica-de-amamentacao/, skipping...
[ERROR - 2025-10-25 12:29:34,479 - Worker_3] Status code == 403 for http://noticias.uol.com.br/ultimas-noticias/bbc/2015/09/17/quem-sao-os-brasileiros-que-se-convertem-ao-isla.htm, skipping...
[ERROR - 2025-10-25 12:29:36,913 - Worker_2] Status code == 403 for http://noticias.uol.com.br/ultimas-noticias/agencia-estado/2015/09/17/pelo-2-ano-consecutivo-bicicleta-ganha-desafio-intermodal-em-sp.htm, skipping...
[ERROR - 2025-10-25 12:29:40,479 - Worker_0] Status code == 403 for http://noticias.uol.com.br/tabloide/album/2015/09/16/barbie-desce-do-salto-e-vira-hipster-no-instagram.htm?abrefoto=5, skipping...
[ERROR - 2025-10-25 12:29:41,119 - Worker_2] Status code == 403 for http://fernandorodrigues.blogosfera.uol.com.br/2015/09/17/dilma-vai-ao-stf-se-perder-no-tcu-ou-se-processo-de-impeachment-for-aberto/, skipping...
[ERROR - 2025-10-25 12:29:43,585 - Worker_3] Status code == 403 for http://noticias.uol.com.br/internacional/ultimas-noticias/2015/09/14/criancas-sirias-desenham-seus-maiores-medos-bombardeios-torturas-e-mortes.htm#fotoNav=5, skipping...
[ERROR - 2025-10-25 12:29:48,682 - Worker_1] Status code == 403 for http://blogdojuca.uol.com.br/2015/09/dunga-e-as-religioes/, skipping...
[ERROR - 2025-10-25 12:29:55,059 - Worker_0] Status code == 403 for http://economia.uol.com.br/cotacoes/noticias/redacao/2015/09/17/vencedor-do-uol-invest-em-agosto-ganha-50-bolsa-real-caiu-mais-de-8.htm, skipping...
[ERROR - 2025-10-25 12:30:00,177 - Worker_1] Status code == 403 for http://blogdojuliogomes.blogosfera.uol.com.br/2015/09/17/faltam-explicacoes-sobre-as-ausencias-de-thiago-silva-e-pato/, skipping...
[ERROR - 2025-10-25 12:30:09,140 - Worker_1] Status code == 403 for http://noticias.uol.com.br/saude/ultimas-noticias/redacao/2015/09/17/em-2014-diabetes-matou-mais-que-hiv-malaria-e-tuberculose-somados.htm, skipping...
[ERROR - 2025-10-25 12:30:13,322 - Worker_1] Status code == 403 for http://noticias.uol.com.br/ciencia/album/2015/09/01/veja-imagens-de-ciencia-do-mes-setembro2015.htm?abrefoto=13, skipping...
[ERROR - 2025-10-25 12:30:27,446 - Worker_3] Status code == 403 for http://noticias.uol.com.br/meio-ambiente/ultimas-noticias/bbc/2015/09/14/no-rj-casa-do-futuro-de-r-5-mi-tem-chao-que-transforma-passos-em-luz.htm, skipping...
[ERROR - 2025-10-25 12:30:28,187 - Worker_4] Status code == 403 for http://noticias.uol.com.br/ultimas-noticias/efe/2015/09/17/capturado-no-mexico-homem-chave-no-desaparecimento-de-43-estudantes.htm, skipping...
[ERROR - 2025-10-25 12:30:31,592 - Worker_3] Status code == 403 for http://noticias.uol.com.br/saude/ultimas-noticias/redacao/2015/09/17/fiz-sexo-oral-sem-camisinha-no-cara-que-conheci-no-tinder-corro-risco.htm, skipping...
[ERROR - 2025-10-25 12:30:34,969 - Worker_1] Status code == 403 for http://noticias.uol.com.br/ultimas-noticias/agencia-estado/2015/09/18/falha-de-energia-para-ao-menos-13-estacoes-da-cptm.htm, skipping...
[ERROR - 2025-10-25 12:30:37,194 - Worker_0] Status code == 403 for http://nagradedomma.blogosfera.uol.com.br/2015/09/18/grito-e-ippons-o-dia-que-tres-japoneses-desafiaram-ronda-na-tv/, skipping...
[ERROR - 2025-10-25 12:30:38,356 - Worker_3] Status code == 403 for http://noticias.uol.com.br/ultimas-noticias/deutschewelle/2015/09/18/pedidos-de-asilo-na-ue-aumentam-85-em-um-ano.htm, skipping...
[ERROR - 2025-10-25 12:30:39,206 - Worker_1] Status code == 403 for http://futebolemnumeros.blogosfera.uol.com.br/2015/09/18/flamengo-e-o-novo-lider-em-publico-no-brasileirao/, skipping...
[ERROR - 2025-10-25 12:30:41,359 - Worker_0] Status code == 403 for http://noticias.uol.com.br/cotidiano/ultimas-noticias/2015/09/18/como-um-boa-noite-do-governo-do-df-virou-piada-no-facebook.htm, skipping...
[ERROR - 2025-10-25 12:31:34,373 - Worker_2] Status code == 403 for http://matias.blogosfera.uol.com.br/2015/09/18/rock-in-rio-2015-a-musica-e-so-uma-desculpa/, skipping...
[ERROR - 2025-10-25 12:31:38,169 - Worker_4] Status code == 403 for http://economia.uol.com.br/noticias/redacao/2015/09/18/arrecadacao-de-impostos-cai-93-e-tem-pior-agosto-desde-2010-diz-receita.htm, skipping...
[ERROR - 2025-10-25 12:31:49,495 - Worker_2] Status code == 403 for http://doutorjairo.blogosfera.uol.com.br/2015/09/18/exercicios-podem-inibir-ideias-suicidas-em-jovens-que-sofrem-bullying/, skipping...
[ERROR - 2025-10-25 12:31:55,074 - Worker_3] Status code == 403 for http://mauriciostycer.blogosfera.uol.com.br/2015/09/18/os-dez-mandamentos-afeta-a-regra-do-jogo-e-o-jn-de-forma-quase-igual/, skipping...
[ERROR - 2025-10-25 12:31:56,554 - Worker_1] Status code == 403 for http://danielcara.blogosfera.uol.com.br/2015/09/18/para-sair-da-crise-economica-o-brasil-nao-pode-produzir-injustica-social/, skipping...
[ERROR - 2025-10-25 12:31:58,545 - Worker_2] Status code == 403 for http://noticias.uol.com.br/ultimas-noticias/agencia-estado/2015/09/18/tj-do-rio-teve-371-juizes-com-ganhos-acima-do-teto-em-julho.htm, skipping...
[ERROR - 2025-10-25 12:31:59,488 - Worker_3] Status code == 403 for http://blogdoico.blogosfera.uol.com.br/2015/09/18/massa-vai-correr-ao-lado-de-nelsinho-em-londres-nao-fui-eu-que-o-chamei/, skipping...
[ERROR - 2025-10-25 12:32:15,527 - Worker_4] Status code == 500 for http://economia.uol.com.br/noticias/redacao/2015/09/18/justica-obriga-central-nacional-unimed-a-atender-clientes-da-paulistana.htm, skipping...
[ERROR - 2025-10-25 12:32:45,937 - Worker_2] Status code == 403 for http://noticias.uol.com.br/ciencia/ultimas-noticias/afp/2015/09/18/ue-anuncia-objetivos-comuns-para-conferencia-de-paris-sobre-clima.htm, skipping...
[ERROR - 2025-10-25 12:33:00,193 - Worker_4] Status code == 403 for http://educacao.uol.com.br/noticias/2015/09/17/pnaic-1-a-cada-5-alunos-de-8-anos-nao-esta-alfabetizado.htm, skipping...
[ERROR - 2025-10-25 12:33:27,703 - Worker_4] Status code == 403 for http://blogdoperrone.blogosfera.uol.com.br/2015/09/de-diferenciado-a-barraqueiro-cardeais-tentam-explicar-mudanca-do-spfc/, skipping...
[ERROR - 2025-10-25 12:33:30,387 - Worker_0] Status code == 403 for http://blogdobrito.blogosfera.uol.com.br/2015/09/18/subsecretario-afirma-que-80-das-upps-estao-segura-para-visitas-no-rio-2016/, skipping...
[ERROR - 2025-10-25 12:33:33,140 - Worker_3] Status code == 403 for http://economia.uol.com.br/noticias/redacao/2015/09/18/com-greve-dos-correios-assinante-do-uol-pode-imprimir-2-via-do-boleto.htm, skipping...
[ERROR - 2025-10-25 12:33:34,303 - Worker_4] Status code == 403 for http://noticias.uol.com.br/ultimas-noticias/agencia-estado/2015/09/19/mp-investiga-trens-parados-do-metro.htm, skipping...
[ERROR - 2025-10-25 12:33:37,301 - Worker_3] Status code == 403 for http://noticias.uol.com.br/ultimas-noticias/efe/2015/09/19/alemanha-e-austria-exigem-5-bilhoes-de-euros-para-refugiados-no-oriente-medio.htm, skipping...
[ERROR - 2025-10-25 12:33:38,459 - Worker_4] Status code == 403 for http://noticias.uol.com.br/meio-ambiente/ultimas-noticias/bbc/2015/09/18/bugios-voltam-a-habitar-parque-da-tijuca-apos-mais-de-cem-anos.htm, skipping...
[ERROR - 2025-10-25 12:33:42,622 - Worker_4] Status code == 403 for http://noticias.uol.com.br/opiniao/coluna/2015/09/19/marco-civil-da-internet-garante-equilibrio-entre-tutela-a-honra-e-censura.htm, skipping...
[ERROR - 2025-10-25 12:33:46,969 - Worker_4] Status code == 403 for http://josiasdesouza.blogosfera.uol.com.br/2015/09/19/erratico-governo-dilma-ja-flerta-com-o-plano-e/, skipping...
[ERROR - 2025-10-25 12:33:50,797 - Worker_1] Failed to connect with http://natelinha.ne10.uol.com.br/noticias/2015/09/18/jornalista-portuguesa-e-apalpada-em-entrada-ao-vivo-veja-video-92649.php after 3 attempts, skipping...
[ERROR - 2025-10-25 12:33:51,148 - Worker_4] Status code == 403 for http://noticias.uol.com.br/midiaglobal/elpais/2015/09/19/a-licao-de-berlusconi-o-trump-italiano.htm, skipping...
[ERROR - 2025-10-25 12:33:56,119 - Worker_3] Status code == 404 for http://esporte.uol.com.br/f1/ultimas-noticias/2015/09/19/apos-fiasco-na-classificacao-mercedes-joga-e-toalha-e-pensa-no-proximo-gp.htm, skipping...
[ERROR - 2025-10-25 12:33:57,369 - Worker_1] Status code == 403 for http://noticias.uol.com.br/saude/ultimas-noticias/estado/2015/09/19/contra-crise-padilha-improvisa-unidade-de-saude-e-cria-atendimento-a-distancia.htm, skipping...
[ERROR - 2025-10-25 12:34:02,707 - Worker_4] Status code == 403 for http://rodrigomattos.blogosfera.uol.com.br/2015/09/19/clubes-tem-plano-para-fazer-sul-minas-mesmo-sem-aval-da-cbf/, skipping...
[ERROR - 2025-10-25 12:34:04,843 - Worker_3] Status code == 403 for http://blogdoico.blogosfera.uol.com.br/2015/09/19/mercedes-se-perde-na-noite-de-cingapura-e-rivais-aproveitam/, skipping...
[ERROR - 2025-10-25 12:34:06,829 - Worker_1] Status code == 403 for http://noticias.uol.com.br/ultimas-noticias/afp/2015/09/19/chilenos-enfrentam-danos-e-replicas-tres-dias-depois-do-terremoto.htm, skipping...
[ERROR - 2025-10-25 12:34:06,856 - Worker_4] Status code == 403 for http://noticias.uol.com.br/saude/ultimas-noticias/redacao/2015/09/18/acidente-de-carro-o-que-aconteceu-com-seu-rosto-foi-so-acne-mesmo.htm, skipping...
[ERROR - 2025-10-25 12:34:11,011 - Worker_4] Status code == 403 for http://noticias.uol.com.br/ciencia/ultimas-noticias/the-new-york-times/2015/09/19/sabe-qual-criatura-e-uma-das-mais-invenciveis-que-existe-o-tardigrado.htm, skipping...
[ERROR - 2025-10-25 12:34:15,580 - Worker_1] Status code == 403 for http://noticias.uol.com.br/internacional/ultimas-noticias/2015/09/19/choque-de-informacoes-dificulta-adaptacao-de-refugiados-sirios-ao-brasil.htm, skipping...
[ERROR - 2025-10-25 12:34:19,712 - Worker_1] Status code == 403 for http://noticias.uol.com.br/album/2015/09/19/oktoberfest-2015-na-alemanha.htm, skipping...
[ERROR - 2025-10-25 12:34:20,302 - Worker_4] Status code == 404 for http://esporte.uol.com.br/f1/ultimas-noticias/2015/09/19/nono-massa-reconhece-ter-forcado-demais-nasr-e-surpreendido-por-pneus.htm, skipping...
[ERROR - 2025-10-25 12:34:21,105 - Worker_3] Status code == 403 for http://nagradedomma.blogosfera.uol.com.br/2015/09/19/la-malvada-argentina-mira-dobradinha-de-titulos-no-brasil-mma-e-rugbi, skipping...
[ERROR - 2025-10-25 12:34:28,478 - Worker_1] Status code == 403 for http://educacao.uol.com.br/noticias/2015/09/17/pnaic-1-a-cada-5-alunos-de-8-anos-nao-esta-alfabetizado.htm, skipping...
[ERROR - 2025-10-25 12:34:31,145 - Worker_3] Failed to connect with http://natelinha.ne10.uol.com.br/noticias/2015/09/19/tributacao-de-netflix-tera-discussao-judicial-diz-presidente-de-comissao-92631.php after 3 attempts, skipping...
[ERROR - 2025-10-25 12:34:31,883 - Worker_4] Status code == 403 for http://noticias.uol.com.br/ultimas-noticias/agencia-estado/2015/09/19/jaques-wagner-rebate-gilmar-mendes-e-diz-que-stf-nao-comporta-paixoes.htm, skipping...
[ERROR - 2025-10-25 12:34:36,046 - Worker_4] Status code == 403 for http://noticias.uol.com.br/ciencia/ultimas-noticias/bbc/2015/09/19/fosseis-mortos-joias-e-ate-um-aviao-as-surpresas-encontradas-com-o-derretimento-das-geleiras.htm, skipping...
[ERROR - 2025-10-25 12:34:37,649 - Worker_1] Status code == 403 for http://noticias.uol.com.br/cotidiano/ultimas-noticias/2015/09/19/casal-gay-pede-reparo-e-tecnico-troca-nome-de-rede-para-viadao.htm, skipping...
[ERROR - 2025-10-25 12:34:40,538 - Worker_4] Status code == 403 for http://blogdosakamoto.blogosfera.uol.com.br/2015/09/19/na-crise-ou-na-pujanca-a-solucao-e-jogar-no-lombo-do-trabalhador/, skipping...
[ERROR - 2025-10-25 12:35:07,139 - Worker_2] Failed to connect with http://procurasecachorro.uol.com.br/blog/2015/09/17/veja-20-caes-curtindo-a-natureza-durante-acampamento-com-a-familia/ after 3 attempts, skipping...
[ERROR - 2025-10-25 12:35:11,318 - Worker_2] Status code == 403 for http://noticias.uol.com.br/ultimas-noticias/bbc/2015/09/19/concorde-pode-retomar-voo-em-2019-afirma-grupo-de-fas-da-aeronave.htm, skipping...
[ERROR - 2025-10-25 12:35:13,264 - Worker_3] Status code == 500 for http://economia.uol.com.br/noticias/bbc/2015/09/19/como-os-bancos-latino-americanos-continuam-lucrando-muito-apesar-da-crise.htm, skipping...
[ERROR - 2025-10-25 12:35:17,061 - Worker_0] Status code == 403 for http://noticias.uol.com.br/saude/ultimas-noticias/estado/2015/09/19/no-novo-concurso-medico-iniciante-recebera-r-12-mil-diz-padilha.htm, skipping...
[ERROR - 2025-10-25 12:35:20,451 - Worker_3] Status code == 403 for http://tecnologia.uol.com.br/noticias/bbc/2015/09/19/5-aplicativos-para-aprender-idiomas-pelo-celular.htm, skipping...
[ERROR - 2025-10-25 12:35:21,197 - Worker_0] Status code == 403 for http://noticias.uol.com.br/ultimas-noticias/afp/2015/09/19/eua-dizem-que-presidente-sirio-deve-renunciar-mas-que-e-possivel-negociar-data.htm, skipping...
[ERROR - 2025-10-25 12:35:21,456 - Worker_2] Failed to connect with http://natelinha.ne10.uol.com.br/novelas/2015/09/19/cenas-de-larissa-desesperada-e-bruno-com-overdose-chocam-o-publico-92660.php after 3 attempts, skipping...
[ERROR - 2025-10-25 12:35:30,548 - Worker_0] Status code == 403 for http://noticias.uol.com.br/album/2015/09/17/papa-francisco-visita-cuba-e-eua.htm?abrefoto=36, skipping...
[ERROR - 2025-10-25 12:35:35,647 - Worker_2] Status code == 403 for http://uolesporte.blogosfera.uol.com.br/2015/09/20/somos-todos-pique-fas-do-barca-apoiam-zagueiro-em-polemica-na-espanha/, skipping...
[ERROR - 2025-10-25 12:35:37,917 - Worker_0] Status code == 403 for http://blogdosakamoto.blogosfera.uol.com.br/2015/09/20/quem-decide-que-voce-tem-cara-de-confiavel/, skipping...
[ERROR - 2025-10-25 12:35:47,488 - Worker_1] Status code == 403 for http://blogdoavallone.blogosfera.uol.com.br/2015/09/20/corinthians-foi-facil-contra-o-santos-palmeiras-rodada-melhor-impossivel/, skipping...
[ERROR - 2025-10-25 12:35:47,988 - Worker_0] Failed to connect with http://natelinha.ne10.uol.com.br/noticias/2015/09/20/eliana-vai-as-ruas-em-novo-quadro-de-seu-programa-no-sbt-92657.php after 3 attempts, skipping...
[ERROR - 2025-10-25 12:35:48,086 - Worker_4] Status code == 403 for http://oblogdorugbi.blogosfera.uol.com.br/2015/09/20/all-blacks-sobrevivem-ao-primeiro-duelo-de-gigantes-do-mundial/, skipping...
[ERROR - 2025-10-25 12:35:49,901 - Worker_2] Status code == 403 for http://blogdomenon.blogosfera.uol.com.br/2015/09/20/sao-paulo-e-premio-nobel-de-planejamento-flamengo-nao-assustou/, skipping...
[ERROR - 2025-10-25 12:35:52,453 - Worker_3] Status code == 403 for http://noticias.uol.com.br/ultimas-noticias/afp/2015/09/20/papa-francisco-afirma-que-cubanos-devem-servir-sem-ideologia.htm, skipping...
[ERROR - 2025-10-25 12:35:52,519 - Worker_0] Status code == 403 for http://tecnologia.uol.com.br/noticias/bbc/2015/09/20/inteligencia-artificial-maquinas-que-pensam-devem-surgir-ate-2050.htm, skipping...
[ERROR - 2025-10-25 12:35:55,014 - Worker_2] Status code == 404 for http://esporte.uol.com.br/f1/ultimas-noticias/2015/09/20/massa-tem-problemas-no-cambio-e-abandona-gp-de-cingapura.htm, skipping...
[ERROR - 2025-10-25 12:35:59,413 - Worker_2] Status code == 404 for http://futebol.placar.esporte.uol.com.br/futebol/brasileirao/2015/09/20/coritiba-x-atletico-pr.htm, skipping...
[ERROR - 2025-10-25 12:36:03,643 - Worker_3] Status code == 403 for http://josiasdesouza.blogosfera.uol.com.br/2015/09/20/delfim-a-dilma-e-simplesmente-uma-trapalhona/, skipping...
[ERROR - 2025-10-25 12:36:05,832 - Worker_2] Status code == 403 for http://noticias.uol.com.br/saude/ultimas-noticias/redacao/2015/09/18/acidente-de-carro-o-que-aconteceu-com-seu-rosto-foi-so-acne-mesmo.htm, skipping...
[ERROR - 2025-10-25 12:36:07,677 - Worker_4] Failed to connect with http://natelinha.ne10.uol.com.br/novelas/2015/09/20/autor-esta-fascinado-por-grazi-massafera-quero-tela-como-protagonista-92676.php after 3 attempts, skipping...
[ERROR - 2025-10-25 12:36:09,980 - Worker_2] Status code == 403 for http://noticias.uol.com.br/midiaglobal/the-international-new-york-times/2015/09/20/analise-por-que-os-terroristas-atacam-democracias.htm, skipping...
[ERROR - 2025-10-25 12:36:14,218 - Worker_2] Status code == 403 for http://josecruz.blogosfera.uol.com.br/2015/09/tenis-fracassa-na-davis-apesar-dos-milionarios-investimentos-publicos/, skipping...
[ERROR - 2025-10-25 12:36:16,177 - Worker_3] Status code == 403 for http://noticias.uol.com.br/cotidiano/ultimas-noticias/2015/09/20/curitiba-quer-voltar-a-ser-referencia-no-transporte-publico.htm, skipping...
[ERROR - 2025-10-25 12:36:21,645 - Worker_0] Status code == 403 for http://noticias.uol.com.br/ultimas-noticias/agencia-estado/2015/09/20/bicudo-sugere-governo-interino-ate-nova-eleicao.htm, skipping...
[ERROR - 2025-10-25 12:36:25,282 - Worker_2] Status code == 403 for http://noticias.uol.com.br/ultimas-noticias/efe/2015/09/20/com-75-dos-votos-apurados-syriza-vence-as-eleicoes-na-grecia.htm, skipping...
[ERROR - 2025-10-25 12:36:26,681 - Worker_0] Status code == 404 for http://esporte.uol.com.br/f1/ultimas-noticias/2015/09/20/com-invasao-de-pista-e-hamilton-fora-vettel-vence-e-supera-senna.htm, skipping...
[ERROR - 2025-10-25 12:36:30,152 - Worker_4] Status code == 403 for http://uolesportevetv.blogosfera.uol.com.br/2015/09/20/galvao-defende-massa-em-acidente-e-ironiza-piloto-alemao-choro-e-livre/, skipping...
[ERROR - 2025-10-25 12:36:38,327 - Worker_4] Status code == 404 for http://esporte.uol.com.br/futebol/campeonatos/brasileiro/serie-a/ultimas-noticias/2015/09/20/sport-anuncia-paulo-roberto-falcao-como-substituto-de-eduardo-baptista.htm, skipping...
[ERROR - 2025-10-25 12:36:38,483 - Worker_1] Status code == 403 for http://noticias.uol.com.br/opiniao/coluna/2015/09/20/agenda-da-cop-21-traz-oportunidades-para-o-pais.htm, skipping...
[ERROR - 2025-10-25 12:36:44,937 - Worker_1] Status code == 403 for http://noticias.uol.com.br/ultimas-noticias/bbc/2015/09/21/brasil-prorroga-regra-que-facilita-concessao-de-visto-a-refugiados-sirios.htm, skipping...
[ERROR - 2025-10-25 12:36:49,101 - Worker_2] Status code == 403 for http://educacao.uol.com.br/quiz/2015/09/21/voce-sabe-mais-que-um-estudante-da-7-serie.htm, skipping...
[ERROR - 2025-10-25 12:37:06,901 - Worker_1] Status code == 403 for http://mauriciostycer.blogosfera.uol.com.br/2015/09/21/apos-criticafantastico-refaz-reportagem-sobre-que-horas-ela-volta/, skipping...
[ERROR - 2025-10-25 12:37:09,646 - Worker_3] Status code == 403 for http://fernandorodrigues.blogosfera.uol.com.br/2015/09/21/prefeitos-das-capitais-perdem-com-o-fim-das-doacoes-eleitorais-de-empresas/, skipping...
[ERROR - 2025-10-25 12:37:18,354 - Worker_1] Status code == 403 for http://nagradedomma.blogosfera.uol.com.br/2015/09/21/lutador-nao-parou-de-bater-apos-nocaute-e-agora-sofre-as-consequencias/, skipping...
[ERROR - 2025-10-25 12:37:23,975 - Worker_2] Status code == 403 for http://blogdobrito.blogosfera.uol.com.br/2015/09/21/jogo-do-fla-no-df-rendeu-mais-a-ferj-do-que-ao-dono-do-mane-garrincha/, skipping...
[ERROR - 2025-10-25 12:37:32,933 - Worker_2] Status code == 404 for http://esporte.uol.com.br/f1/ultimas-noticias/2015/09/21/peca-de-25-reais-fez-hamilton-abandonar-pela-primeira-vez-em-mais-de-um-ano.htm#fotoNav=7, skipping...
[ERROR - 2025-10-25 12:37:49,626 - Worker_2] Status code == 404 for http://blogs.ne10.uol.com.br/jamildo/2015/09/21/jarbas-diz-que-sera-uma-cena-bonita-ver-lula-sendo-preso-na-lava-jato/, skipping...
[ERROR - 2025-10-25 12:37:53,858 - Worker_2] Status code == 403 for http://oblogdorugbi.blogosfera.uol.com.br/2015/09/21/africa-do-sul-culpa-aves-por-derrota-na-estreia-da-copa-do-mundo-de-rugbi/, skipping...
[ERROR - 2025-10-25 12:37:55,893 - Worker_4] Status code == 403 for http://blogdoboleiro.blogosfera.uol.com.br/2015/09/21/lusa-in-love-em-jogo-fatal-clube-sorteia-jantar-e-noite-no-motel/, skipping...
[ERROR - 2025-10-25 12:37:58,394 - Worker_2] Status code == 403 for http://noticias.uol.com.br/opiniao/coluna/2015/09/21/precipitado-governo-nao-vai-arrumar-contas-com-solucoes-magicas.htm, skipping...
[ERROR - 2025-10-25 12:38:07,710 - Worker_4] Status code == 403 for http://noticias.uol.com.br/saude/ultimas-noticias/redacao/2015/09/21/coceira-no-corpo-pode-ser-sinal-de-carrapato-veja-como-se-prevenir.htm, skipping...
[ERROR - 2025-10-25 12:38:16,824 - Worker_1] Status code == 404 for http://esporte.band.uol.com.br/futebol/brasileirao-serie-a/2015/noticias/100000772376/procuradoria-j%C3%A1-solicitou-imagens-do-cl%C3%A1ssico-.html, skipping...
[ERROR - 2025-10-25 12:38:16,853 - Worker_4] Status code == 403 for http://paginacinco.blogosfera.uol.com.br/2015/09/21/correia-de-brito-luta-para-que-cultura-valha-mais-que-um-quilo-de-feijao/, skipping...
[ERROR - 2025-10-25 12:38:23,329 - Worker_1] Status code == 403 for http://noticias.uol.com.br/ultimas-noticias/agencia-estado/2015/09/21/reajuste-do-judiciario-e-incompativel-com-estabilidade-fiscal-diz-barbosa.htm, skipping...
[ERROR - 2025-10-25 12:38:37,378 - Worker_2] Status code == 403 for http://noticias.uol.com.br/ultimas-noticias/agencia-estado/2015/09/21/tempo-segue-quente-e-seco-em-sp.htm, skipping...
[ERROR - 2025-10-25 12:38:42,478 - Worker_3] Status code == 403 for http://noticias.uol.com.br/midiaglobal/nytimes/2015/09/21/europa-precisa-se-planejar-para-o-impacto-da-imigracao-na-demografia.htm, skipping...
[ERROR - 2025-10-25 12:38:46,649 - Worker_3] Status code == 403 for http://noticias.uol.com.br/ciencia/ultimas-noticias/bbc/2015/09/20/como-e-viver-dentro-de-um-submarino.htm, skipping...
[ERROR - 2025-10-25 12:38:50,927 - Worker_3] Status code == 403 for http://maesdepeito.blogosfera.uol.com.br/2015/09/21/doenca-degenerativa-descoberta-na-gravidez-impede-mae-de-cuidar-da-filha/, skipping...
[ERROR - 2025-10-25 12:38:55,131 - Worker_3] Status code == 403 for http://noticias.uol.com.br/meio-ambiente/album/2015/09/21/artista-plastico-cria-arvore-capaz-de-produzir-40-frutos-diferentes.htm?abrefoto=1, skipping...
[ERROR - 2025-10-25 12:38:55,835 - Worker_4] Status code == 403 for http://educacao.uol.com.br/noticias/2015/09/21/prova-brasil-2-simulados-para-voce-saber-como-e-a-avaliacao.htm, skipping...
[ERROR - 2025-10-25 12:39:09,583 - Worker_0] Status code == 403 for http://educacao.uol.com.br/colunas/guilherme-cabral/2015/09/21/aula-sobre-o-brasil-quebrado-para-a-criancada.htm, skipping...
[ERROR - 2025-10-25 12:39:13,764 - Worker_0] Status code == 403 for http://noticias.uol.com.br/ultimas-noticias/afp/2015/09/22/organizador-da-caca-ao-leao-cecil-e-julgado-por-trafico-de-animais.htm, skipping...
[ERROR - 2025-10-25 12:39:16,501 - Worker_2] Status code == 403 for http://nagradedomma.blogosfera.uol.com.br/2015/09/22/desafeta-de-ronda-mostra-visual-rasgado-pra-luta-no-ufc-dificil-e-mant/, skipping...
[ERROR - 2025-10-25 12:39:20,330 - Worker_0] Status code == 403 for http://blogdobrito.blogosfera.uol.com.br/2015/09/22/cpi-do-futebol-esquece-pele-e-agora-quer-investigar-elo-perdido-do-fbi/, skipping...
[ERROR - 2025-10-25 12:39:21,222 - Worker_2] Status code == 404 for http://entretenimento.band.uol.com.br/masterchef/2015/noticias/100000772402/izabel-conta-que-promessa-interferiu-em-sua-receita-da-final.html, skipping...
[ERROR - 2025-10-25 12:39:26,801 - Worker_0] Status code == 403 for http://noticias.uol.com.br/ciencia/ultimas-noticias/redacao/2015/09/22/clique-ciencia-como-funcionam-as-brincadeiras-do-copo-e-da-tabua-de-ouija.htm, skipping...
[ERROR - 2025-10-25 12:39:27,811 - Worker_2] Status code == 403 for http://blogdoohata.blogosfera.uol.com.br/2015/09/22/1o-carrasco-de-maguila-reza-por-brasileiro-e-troca-boxe-por-polo-aquatico/, skipping...
[ERROR - 2025-10-25 12:39:35,649 - Worker_0] Status code == 403 for http://noticias.uol.com.br/ultimas-noticias/agencia-estado/2015/09/22/em-sp-64-sao-a-favor-da-abertura-de-ruas-para-areas-de-lazer.htm, skipping...
[ERROR - 2025-10-25 12:39:42,671 - Worker_1] Status code == 403 for http://noticias.uol.com.br/ultimas-noticias/agencia-estado/2015/09/22/governo-conta-com-votos-do-psdb-para-manter-vetos-presidenciais.htm, skipping...
[ERROR - 2025-10-25 12:40:14,307 - Worker_2] Status code == 403 for http://noticias.uol.com.br/saude/ultimas-noticias/bbc/2015/09/22/oms-suicidio-ja-mata-mais-jovens-que-o-hiv-em-todo-o-mundo.htm, skipping...
[ERROR - 2025-10-25 12:40:18,462 - Worker_2] Status code == 403 for http://noticias.uol.com.br/politica/ultimas-noticias/2015/09/22/deputado-diz-que-indios-sao-bando-de-viadinhos-e-e-alvo-de-criticas-no-ma.htm, skipping...
[ERROR - 2025-10-25 12:40:26,118 - Worker_3] Status code == 403 for http://colunaesplanada.blogosfera.uol.com.br/2015/09/22/legalizacao-dos-jogos-pode-render-r-18-bilhoes-em-impostos/, skipping...
[ERROR - 2025-10-25 12:40:27,455 - Worker_2] Status code == 403 for http://noticias.uol.com.br/ao-vivo/2015/09/22/tse-julga-registro-do-partido-rede-sustentabilidade-de-marina-silva.htm, skipping...
[ERROR - 2025-10-25 12:40:30,291 - Worker_3] Status code == 403 for http://noticias.uol.com.br/cotidiano/ultimas-noticias/2015/09/22/populacao-da-nota-abaixo-da-media-aos-onibus-de-sp-mostra-ibope.htm, skipping...
[ERROR - 2025-10-25 12:40:30,873 - Worker_1] Status code == 403 for http://noticias.uol.com.br/ultimas-noticias/agencia-estado/2015/09/22/justica-condena-primeiro-politico-no-esquema-lava-jato.htm, skipping...
[ERROR - 2025-10-25 12:40:33,984 - Worker_2] Status code == 403 for http://noticias.uol.com.br/ultimas-noticias/agencia-estado/2015/09/22/juiza-nega-mais-ginecologistas-para-presas-e-gera-polemica-no-rio.htm, skipping...
[ERROR - 2025-10-25 12:40:34,849 - Worker_3] Status code == 403 for http://reginanavarro.blogosfera.uol.com.br/2015/09/22/independencia-ou-autonomia/, skipping...
[ERROR - 2025-10-25 12:40:38,135 - Worker_2] Status code == 403 for http://noticias.uol.com.br/ultimas-noticias/agencia-estado/2015/09/22/numero-de-paulistanos-que-usam-carro-diariamente-cai-de-56-para-45.htm, skipping...
[ERROR - 2025-10-25 12:40:42,316 - Worker_2] Status code == 403 for http://noticias.uol.com.br/ultimas-noticias/agencia-estado/2015/09/22/dono-instala-ar-condicionado-na-casa-da-cadela-no-tocantins.htm, skipping...
[ERROR - 2025-10-25 12:40:46,500 - Worker_2] Status code == 403 for http://noticias.uol.com.br/midiaglobal/elpais/2015/09/22/a-odisseia-dos-refugiados-para-se-abrigar-em-belgrado.htm, skipping...
[ERROR - 2025-10-25 12:41:25,118 - Worker_3] Status code == 403 for http://noticias.uol.com.br/album/album-do-dia/2015/09/21/imagens-do-dia---21-de-setembro-de-2015.htm?abrefoto=17, skipping...
[ERROR - 2025-10-25 12:41:31,517 - Worker_0] Status code == 403 for http://noticias.uol.com.br/ultimas-noticias/agencia-estado/2015/09/23/picciani-entrega-a-dilma-nomes-do-pmdb-na-camara-para-ocupar-ministerios.htm, skipping...
[ERROR - 2025-10-25 12:41:49,832 - Worker_1] Status code == 403 for http://blogdoluisperez.blogosfera.uol.com.br/2015/09/23/o-extintor-opcional-e-o-mustang-de-william-bonner/, skipping...
[ERROR - 2025-10-25 12:41:52,027 - Worker_4] Status code == 403 for http://blogdobirner.blogosfera.uol.com.br/2015/09/23/rivellino-recusaria-convocacao-para-selecao-o-craque-concorda-com-rafinha/, skipping...
[ERROR - 2025-10-25 12:41:54,069 - Worker_1] Status code == 403 for http://blogdoico.blogosfera.uol.com.br/2015/09/23/ex-simpatica-red-bull-adota-hoje-uma-postura-arrogante-na-f-1/, skipping...
[ERROR - 2025-10-25 12:41:56,422 - Worker_2] Status code == 403 for http://blogdojuca.uol.com.br/2015/09/paredes-indiscretas/, skipping...
[ERROR - 2025-10-25 12:41:58,249 - Worker_1] Status code == 403 for http://noticias.uol.com.br/album/album-do-dia/2015/09/23/imagens-do-dia---23-de-setembro-de-2015.htm?abrefoto=12, skipping...
[ERROR - 2025-10-25 12:42:00,579 - Worker_2] Status code == 403 for http://noticias.uol.com.br/cotidiano/ultimas-noticias/2015/09/23/contra-arrastao-socialite-muda-de-ideia-e-sugere-passinho-em-praias-do-rio.htm, skipping...
[ERROR - 2025-10-25 12:42:02,399 - Worker_1] Status code == 403 for http://noticias.uol.com.br/midiaglobal/lemonde/2015/09/23/milhoes-de-fieis-bilhoes-em-lucros-a-peregrinacao-da-meca-em-numeros.htm, skipping...
[ERROR - 2025-10-25 12:42:15,873 - Worker_0] Status code == 403 for http://blogdojuca.uol.com.br/2015/09/jogo-as-10-da-noite-nao/, skipping...
[ERROR - 2025-10-25 12:42:19,824 - Worker_4] Status code == 403 for http://noticias.uol.com.br/internacional/ultimas-noticias/2015/09/23/governo-da-colombia-anuncia-que-farc-sera-julgada-por-um-tribunal-especial.htm, skipping...
[ERROR - 2025-10-25 12:42:20,018 - Worker_0] Status code == 403 for http://noticias.uol.com.br/opiniao/coluna/2015/09/23/projeto-de-despoluicao-do-rio-tiete-nao-traz-resultados-animadores.htm, skipping...
[ERROR - 2025-10-25 12:42:24,002 - Worker_4] Status code == 403 for http://noticias.uol.com.br/ultimas-noticias/agencia-estado/2015/09/23/motoristas-dos-onibus-de-linhas-violentas-do-rio-pedem-demissao.htm, skipping...
[ERROR - 2025-10-25 12:42:30,811 - Worker_4] Status code == 404 for http://futebol.placar.esporte.uol.com.br/futebol/copa-do-brasil/2015/09/23/internacional-x-palmeiras.htm, skipping...
[ERROR - 2025-10-25 12:42:34,963 - Worker_4] Status code == 403 for http://noticias.uol.com.br/ultimas-noticias/agencia-estado/2015/09/23/cunha-define-prazos-e-regras-para-eventual-processo-de-impeachment.htm, skipping...
[ERROR - 2025-10-25 12:42:42,027 - Worker_1] Status code == 403 for http://nilsonxavier.blogosfera.uol.com.br/2015/09/23/com-otima-trama-folhetinesca-alem-do-tempo-entra-em-nova-fase-em-um-mes/, skipping...
[ERROR - 2025-10-25 12:42:44,123 - Worker_0] Status code == 403 for http://noticias.uol.com.br/internacional/ultimas-noticias/2015/09/23/garota-fura-bloqueio-e-entrega-carta-ao-papa-pedindo-pelos-imigrantes.htm, skipping...
[ERROR - 2025-10-25 12:43:17,733 - Worker_0] Status code == 403 for http://fernandorodrigues.blogosfera.uol.com.br/2015/09/23/se-instalado-impeachment-de-dilma-e-irreversivel-diz-collor/, skipping...
[ERROR - 2025-10-25 12:43:27,816 - Worker_0] Failed to connect with http://natelinha.ne10.uol.com.br/novelas/2015/09/23/em-ultima-semana-globo-cria-estrategia-para-verdades-e-irrita-o-publico-92769.php after 3 attempts, skipping...
[ERROR - 2025-10-25 12:43:34,708 - Worker_1] Status code == 403 for http://blogdoboleiro.blogosfera.uol.com.br/2015/09/23/homenageado-pelo-sao-paulo-aloisio-chulapa-critica-osorio-inventa-muito/, skipping...
[ERROR - 2025-10-25 12:43:40,630 - Worker_3] Status code == 403 for http://uolesporte.blogosfera.uol.com.br/2015/09/23/conheca-o-pior-jogador-do-brasileiro-no-fifa-16/, skipping...
[ERROR - 2025-10-25 12:43:52,045 - Worker_3] Status code == 403 for http://matias.blogosfera.uol.com.br/2015/09/22/correio-ingles-lanca-serie-de-selos-inspirada-em-guerra-nas-estrelas/, skipping...
[ERROR - 2025-10-25 12:44:05,760 - Worker_3] Status code == 403 for http://noticias.uol.com.br/ultimas-noticias/agencia-estado/2015/09/24/coronel-diz-que-pm-do-rio-precisou-montar-operacao-de-guerra-para-fim-de-semana.htm, skipping...
[ERROR - 2025-10-25 12:44:06,627 - Worker_4] Status code == 403 for http://nagradedomma.blogosfera.uol.com.br/2015/09/24/rockhold-detona-belfort-por-nova-polemica-e-sugere-a-mcgregor-baixa-a-bola/, skipping...
[ERROR - 2025-10-25 12:44:13,435 - Worker_4] Status code == 403 for http://noticias.uol.com.br/midiaglobal/lemonde/2015/09/24/analise-alem-de-acolher-refugiados-franca-precisa-abrigar-moradores-sem-teto.htm, skipping...
[ERROR - 2025-10-25 12:44:14,864 - Worker_0] Status code == 403 for http://fastfut.blogosfera.uol.com.br/2015/09/24/futebol-e-bicicleta-tudo-a-ver/, skipping...
[ERROR - 2025-10-25 12:44:19,449 - Worker_0] Status code == 403 for http://nilsonxavier.blogosfera.uol.com.br/2015/09/24/fuga-da-realidade-pode-trazer-o-publico-de-volta-ao-horario-nobre-da-globo/, skipping...
[ERROR - 2025-10-25 12:44:25,070 - Worker_1] Status code == 403 for http://noticias.uol.com.br/internacional/ultimas-noticias/2015/09/24/tragedia-em-peregrinacao-religiosa-deixa-mais-de-200-mortos-na-arabia-saudita.htm, skipping...
[ERROR - 2025-10-25 12:44:29,486 - Worker_4] Status code == 403 for http://noticias.uol.com.br/internacional/ultimas-noticias/2015/09/24/de-kombi-familia-vai-da-argentina-ate-os-eua-para-ver-o-papa.htm, skipping...
[ERROR - 2025-10-25 12:44:29,757 - Worker_1] Status code == 403 for http://tecnologia.uol.com.br/noticias/redacao/2015/09/24/casa-conectada-ainda-ha-entraves-tecnicos-e-legais-dizem-especialistas.htm, skipping...
[ERROR - 2025-10-25 12:44:32,857 - Worker_0] Status code == 403 for http://noticias.uol.com.br/ultimas-noticias/agencia-estado/2015/09/24/dilma-adia-para-a-semana-que-vem-anuncio-da-reforma-ministerial.htm, skipping...
[ERROR - 2025-10-25 12:44:33,638 - Worker_4] Status code == 403 for http://noticias.uol.com.br/ultimas-noticias/agencia-estado/2015/09/24/picciani-ameaca-retirar-indicacoes-se-governo-mudar-oferta-de-ministerios-ao-pmdb.htm, skipping...
[ERROR - 2025-10-25 12:44:33,923 - Worker_1] Status code == 403 for http://noticias.uol.com.br/politica/ultimas-noticias/2015/09/24/ex-chefe-da-casa-civil-de-roseana-sarney-tem-prisao-decretada.htm, skipping...
[ERROR - 2025-10-25 12:44:39,393 - Worker_0] Status code == 403 for http://educacao.uol.com.br/noticias/2015/09/24/aluna-apanha-ate-desmaiar-na-porta-de-escola-em-piracicaba-sp.htm, skipping...
[ERROR - 2025-10-25 12:44:42,808 - Worker_1] Status code == 403 for http://noticias.uol.com.br/internacional/ultimas-noticias/the-new-york-times/2015/09/24/moteis-brasileiros-ostentam-e-oferecem-passeios-de-helicoptero-e-filmes-em-4d.htm, skipping...
[ERROR - 2025-10-25 12:44:45,994 - Worker_0] Status code == 403 for http://mauriciostycer.blogosfera.uol.com.br/2015/09/24/maria-adelaide-amaral-diz-que-adiamento-de-novela-foi-um-ganho/, skipping...
[ERROR - 2025-10-25 12:44:54,019 - Worker_1] Status code == 403 for http://uolesporte.blogosfera.uol.com.br/2015/09/24/ja-imaginou-messi-e-cristiano-ronaldo-discutindo-aconteceu-no-fifa-16/, skipping...
[ERROR - 2025-10-25 12:44:59,245 - Worker_3] Status code == 403 for http://noticias.uol.com.br/ultimas-noticias/agencia-estado/2015/09/24/almirante-preso-na-lava-jato-chama-ex-ministros-de-lula-dilma-e-fhc-para-defesa.htm, skipping...
[ERROR - 2025-10-25 12:44:59,418 - Worker_0] Status code == 403 for http://noticias.uol.com.br/politica/ultimas-noticias/2015/09/24/comissao-da-camara-aprova-parecer-sobre-estatuto-da-familia.htm, skipping...
[ERROR - 2025-10-25 12:45:07,900 - Worker_4] Status code == 403 for http://blogdojuca.uol.com.br/2015/09/boa-dunga-2/, skipping...
[ERROR - 2025-10-25 12:45:09,560 - Worker_2] Status code == 403 for http://pvc.blogosfera.uol.com.br/2015/09/24/pilulas-da-rodada-das-quartas-de-final-da-copa-do-brasil/, skipping...
[ERROR - 2025-10-25 12:45:12,104 - Worker_4] Status code == 403 for http://noticias.uol.com.br/ultimas-noticias/agencia-estado/2015/09/24/brasil-quer-suspender-exigencia-de-visto-para-americanos-em-2016.htm, skipping...
[ERROR - 2025-10-25 12:45:12,871 - Worker_0] Status code == 403 for http://reginanavarro.blogosfera.uol.com.br/2015/09/24/minha-insatisfacao-no-casamento-e-grande-o-que-voce-faria/, skipping...
[ERROR - 2025-10-25 12:45:13,969 - Worker_2] Status code == 403 for http://tecnologia.uol.com.br/noticias/redacao/2015/09/24/e-commerce-segue-em-crescimento-no-pais-mesmo-diante-de-crise-economica.htm, skipping...
[ERROR - 2025-10-25 12:45:20,638 - Worker_2] Status code == 403 for http://noticias.uol.com.br/album/2015/04/20/crise-de-imigracao-na-europa.htm?abrefoto=200, skipping...
[ERROR - 2025-10-25 12:45:34,096 - Worker_0] Status code == 403 for http://tecnologia.uol.com.br/noticias/redacao/2015/09/24/so-lei-federal-pode-regulamentar-ou-proibir-o-uber-diz-ministra-do-stj.htm, skipping...
[ERROR - 2025-10-25 12:45:38,429 - Worker_0] Status code == 403 for http://rodrigomattos.blogosfera.uol.com.br/2015/09/24/negociacao-do-sao-paulo-por-zagueiro-deve-gerar-caso-inedito-no-stjd/, skipping...
[ERROR - 2025-10-25 12:45:38,728 - Worker_4] Status code == 403 for http://noticias.uol.com.br/ultimas-noticias/reuters/2015/09/24/congresso-volta-a-analisar-vetos-presidenciais-na-proxima-4-diz-renan.htm, skipping...
[ERROR - 2025-10-25 12:45:42,660 - Worker_1] Status code == 403 for http://noticias.uol.com.br/midiaglobal/lemonde/2015/09/25/veja-as-quatro-principais-razoes-para-o-exodo-dos-refugiados-sirios.htm, skipping...
[ERROR - 2025-10-25 12:45:47,650 - Worker_3] Status code == 403 for http://josiasdesouza.blogosfera.uol.com.br/2015/09/25/fernando-baiano-complica-cunha-na-lava-jato/, skipping...
[ERROR - 2025-10-25 12:45:49,932 - Worker_0] Status code == 404 for http://revistacult.uol.com.br/home/2015/09/temos-que-pensar-o-lugar-de-corpos-movendo-se-livremente-dentro-de-uma-democracia-diz-judith-butler/, skipping...
[ERROR - 2025-10-25 12:45:51,864 - Worker_3] Status code == 403 for http://noticias.uol.com.br/ultimas-noticias/reuters/2015/09/25/temer-diz-a-empresarios-que-aprovacao-de-cpmf-e-dificil-e-minimiza-risco-de-impeachment-de-dilma.htm, skipping...
[ERROR - 2025-10-25 12:45:56,045 - Worker_3] Status code == 403 for http://noticias.uol.com.br/ciencia/album/2015/07/14/sonda-registra-imagens-de-plutao.htm?abrefoto=32, skipping...
[ERROR - 2025-10-25 12:45:57,156 - Worker_2] Status code == 403 for http://noticias.uol.com.br/ultimas-noticias/afp/2015/09/25/britanico-cansado-da-humanidade-resolve-viver-como-cabra.htm, skipping...
[ERROR - 2025-10-25 12:46:00,214 - Worker_3] Status code == 403 for http://noticias.uol.com.br/internacional/ultimas-noticias/2015/09/25/policia-encontra-floresta-de-maconha-em-terreno-baldio-perto-de-londres.htm, skipping...
[ERROR - 2025-10-25 12:46:01,028 - Worker_0] Status code == 403 for http://noticias.uol.com.br/cotidiano/ultimas-noticias/2015/09/25/em-briga-de-transito-no-rj-motorista-de-onibus-esfaqueia-taxista-e-e-preso.htm, skipping...
[ERROR - 2025-10-25 12:46:01,328 - Worker_2] Status code == 403 for http://noticias.uol.com.br/blogs-e-colunas/coluna/paul-krugman/2015/09/25/fraudes-recentes-comprovam-que-e-preciso-supervisionar-empresas.htm, skipping...
[ERROR - 2025-10-25 12:46:04,039 - Worker_4] Status code == 403 for http://rodrigomattos.blogosfera.uol.com.br/2015/09/25/nao-e-so-blatter-cupula-da-fifa-esta-comprometida-por-investigacao/, skipping...
[ERROR - 2025-10-25 12:46:08,900 - Worker_1] Status code == 403 for http://blogdoboleiro.blogosfera.uol.com.br/2015/09/25/federacao-mexicana-confirma-contato-mas-nao-garante-osorio-na-selecao/, skipping...
[ERROR - 2025-10-25 12:46:09,105 - Worker_3] Status code == 403 for http://noticias.uol.com.br/album/2015/09/21/bichos-da-semana.htm?abrefoto=6, skipping...
[ERROR - 2025-10-25 12:46:10,418 - Worker_0] Status code == 403 for http://noticias.uol.com.br/ultimas-noticias/agencia-estado/2015/09/25/ajuste-fiscal-contribuira-para-geracao-de-emprego-diz-manoel-dias.htm, skipping...
[ERROR - 2025-10-25 12:46:10,564 - Worker_2] Status code == 403 for http://blogdoohata.blogosfera.uol.com.br/2015/09/25/neymar-zito-pepe-veja-quem-quebrou-um-tabu-e-tera-busto-na-vila-belmiro/, skipping...
[ERROR - 2025-10-25 12:46:13,067 - Worker_1] Status code == 403 for http://noticias.uol.com.br/opiniao/coluna/2015/09/25/pais-arrisca-se-contradizer-com-acordos-de-desmatamento-zero.htm, skipping...
[ERROR - 2025-10-25 12:46:13,396 - Worker_4] Status code == 403 for http://noticias.uol.com.br/ultimas-noticias/agencia-estado/2015/09/25/katia-abreu-nao-quis-gravar-para-programa-partidario-diz-marqueteiro-do-pmdb.htm, skipping...
[ERROR - 2025-10-25 12:46:17,656 - Worker_4] Status code == 403 for http://negociosdoesporte.blogosfera.uol.com.br/2015/09/25/liga-das-americas-erra-ao-priorizar-negocio-em-vez-do-esporte/, skipping...
[ERROR - 2025-10-25 12:46:19,181 - Worker_3] Failed to connect with http://natelinha.ne10.uol.com.br/espelhomeu/saude/2015/09/24/medicos-alertam-sobre-o-uso-de-adesivos-para-emagrecer-246.php after 3 attempts, skipping...
[ERROR - 2025-10-25 12:46:22,101 - Worker_2] Status code == 403 for http://pvc.blogosfera.uol.com.br/2015/09/25/entrevista-desastrada-e-osorio-deixa-a-porta-de-saida-entreaberta/, skipping...
[ERROR - 2025-10-25 12:46:28,950 - Worker_0] Status code == 403 for http://noticias.uol.com.br/ultimas-noticias/agencia-estado/2015/09/25/cunha-defende-derrubar-veto-a-doacoes-empresariais.htm, skipping...
[ERROR - 2025-10-25 12:46:30,373 - Worker_3] Status code == 403 for http://blogdobrito.blogosfera.uol.com.br/2015/09/25/comite-olimpico-dos-eua-quem-diria-quer-r-800-mi-em-doacoes-para-2016/, skipping...
[ERROR - 2025-10-25 12:46:33,152 - Worker_0] Status code == 403 for http://noticias.uol.com.br/ultimas-noticias/agencia-estado/2015/09/25/ex-governador-do-mt-e-denunciado-por-extorsao.htm, skipping...
[ERROR - 2025-10-25 12:46:33,512 - Worker_2] Status code == 403 for http://noticias.uol.com.br/cotidiano/ultimas-noticias/2015/09/25/sem-uma-mao-estilista-goiana-quer-ser-fada-madrinha-de-noivas-carentes.htm, skipping...
[ERROR - 2025-10-25 12:46:34,522 - Worker_3] Status code == 403 for http://noticias.uol.com.br/ultimas-noticias/bbc/2015/09/25/vejo-corpos-por-todos-os-lados-os-testemunhos-da-tragedia-em-meca.htm, skipping...
[ERROR - 2025-10-25 12:46:38,674 - Worker_3] Status code == 403 for http://noticias.uol.com.br/ultimas-noticias/agencia-estado/2015/09/25/sensacao-de-seguranca-no-brasil-e-equivalente-a-do-afeganistao.htm, skipping...
[ERROR - 2025-10-25 12:46:42,863 - Worker_3] Status code == 403 for http://noticias.uol.com.br/cotidiano/ultimas-noticias/2015/09/25/gas-toxico-liberado-na-queima-de-espuma-e-a-causa-de-mortes-na-boate-kiss.htm, skipping...
[ERROR - 2025-10-25 12:46:47,345 - Worker_1] Status code == 403 for http://blogdojuca.uol.com.br/2015/09/osorio-o-homem/, skipping...
[ERROR - 2025-10-25 12:46:51,530 - Worker_1] Status code == 403 for http://noticias.uol.com.br/politica/ultimas-noticias/2015/09/25/justica-determina-a-suspensao-da-propaganda-do-governo-mineiro.htm, skipping...
[ERROR - 2025-10-25 12:46:57,720 - Worker_2] Status code == 403 for http://noticias.uol.com.br/blogs-e-colunas/coluna/umberto-eco/2015/09/26/o-labirinto-da-mente-a-cada-passo-voce-deve-escolher-entre-dois-caminhos.htm, skipping...
[ERROR - 2025-10-25 12:47:03,993 - Worker_3] Status code == 403 for http://noticias.uol.com.br/midiaglobal/the-international-new-york-times/2015/09/26/a-politica-de-odio-da-hungria.htm, skipping...
[ERROR - 2025-10-25 12:47:04,760 - Worker_2] Status code == 403 for http://tecnologia.uol.com.br/album/2015/04/03/humor2015.htm?abrefoto=37, skipping...
[ERROR - 2025-10-25 12:47:08,982 - Worker_2] Status code == 403 for http://blogdobaldini.blogosfera.uol.com.br/2015/09/26/diante-de-hungaro-esquiva-falcao-inicia-nova-fase-na-carreira-profissional/, skipping...
[ERROR - 2025-10-25 12:47:09,363 - Worker_4] Status code == 403 for http://uolesporte.blogosfera.uol.com.br/2015/09/26/os-artilheiros-tambem-erram-muller-isola-penalti-e-finalizacao-no-bayern/, skipping...
[ERROR - 2025-10-25 12:47:10,589 - Worker_3] Status code == 403 for http://blogdomenon.blogosfera.uol.com.br/2015/09/26/socio-da-itaquerao-soccer-e-operador-de-telemarketing/, skipping...
[ERROR - 2025-10-25 12:47:13,155 - Worker_2] Status code == 403 for http://noticias.uol.com.br/ciencia/ultimas-noticias/redacao/2015/09/26/aguas-vivas-raramente-matam-mas-podem-provocar-reacoes-intensas-no-corpo.htm, skipping...
[ERROR - 2025-10-25 12:47:14,742 - Worker_3] Status code == 403 for http://noticias.uol.com.br/cotidiano/ultimas-noticias/2015/09/26/mega-sena-acumula-e-pode-pagar-r-385-milhoes-na-proxima-quarta-feira.htm, skipping...
[ERROR - 2025-10-25 12:47:14,811 - Worker_0] Status code == 403 for http://uolesporte.blogosfera.uol.com.br/2015/09/26/ta-bombando-time-ingles-repete-gafe-de-todo-mundo-odeia-o-chris/, skipping...
[ERROR - 2025-10-25 12:47:18,890 - Worker_3] Status code == 403 for http://noticias.uol.com.br/cotidiano/ultimas-noticias/2015/09/25/sem-uma-mao-estilista-goiana-quer-ser-fada-madrinha-de-noivas-carentes.htm, skipping...
[ERROR - 2025-10-25 12:47:27,677 - Worker_3] Status code == 403 for http://noticias.uol.com.br/ultimas-noticias/agencia-estado/2015/09/26/a-cada-48-horas-uma-mulher-se-queixa-de-assedio-sexual-nos-trens-de-sp.htm, skipping...
[ERROR - 2025-10-25 12:47:30,693 - Worker_4] Status code == 403 for http://noticias.uol.com.br/ciencia/ultimas-noticias/afp/2015/09/26/eclipse-de-super-lua-acontece-no-domingo-saiba-como-fotografar.htm, skipping...
[ERROR - 2025-10-25 12:47:32,462 - Worker_2] Status code == 403 for http://noticias.uol.com.br/album/album-do-dia/2015/09/26/imagens-do-dia---26-de-setembro-de-2015.htm?abrefoto=18, skipping...
[ERROR - 2025-10-25 12:47:32,702 - Worker_0] Status code == 403 for http://noticias.uol.com.br/ultimas-noticias/agencia-estado/2015/09/26/pt-age-para-barrar-exodo-de-prefeitos-e-parlamentares.htm, skipping...
[ERROR - 2025-10-25 12:47:34,875 - Worker_4] Status code == 403 for http://noticias.uol.com.br/album/2015/04/20/crise-de-imigracao-na-europa.htm?abrefoto=209, skipping...
[ERROR - 2025-10-25 12:47:37,321 - Worker_2] Status code == 403 for http://tecnologia.uol.com.br/noticias/bbc/2015/09/26/selfie-de-macaco-vira-alvo-de-disputa-sobre-direitos-autorais.htm, skipping...
[ERROR - 2025-10-25 12:47:39,021 - Worker_4] Status code == 403 for http://noticias.uol.com.br/album/2015/09/21/bichos-da-semana.htm?abrefoto=17, skipping...
[ERROR - 2025-10-25 12:47:40,020 - Worker_0] Status code == 403 for http://noticias.uol.com.br/ciencia/ultimas-noticias/redacao/2015/09/26/raca-humana-tera-que-sair-da-terra-para-sobreviver-diz-stephen-hawking.htm, skipping...
[ERROR - 2025-10-25 12:47:44,212 - Worker_0] Status code == 403 for http://noticias.uol.com.br/ultimas-noticias/bbc/2015/09/26/policia-descobre-floresta-de-maconha-em-londres.htm, skipping...
[ERROR - 2025-10-25 12:47:46,047 - Worker_4] Status code == 403 for http://noticias.uol.com.br/album/2015/09/26/manifestantes-fazem-ato-em-defesa-da-presidente-dilma-rousseff-em-sp.htm?abrefoto=10, skipping...
[ERROR - 2025-10-25 12:47:48,539 - Worker_0] Status code == 403 for http://pvc.blogosfera.uol.com.br/2015/09/26/o-garoto-e-o-veterano-quem-vale-mais-no-fluminense-de-hoje/, skipping...
[ERROR - 2025-10-25 12:47:50,209 - Worker_4] Status code == 403 for http://noticias.uol.com.br/ultimas-noticias/agencia-estado/2015/09/26/marta-suplicy-diz-que-michel-temer-vai-reunificar-pais.htm, skipping...
[ERROR - 2025-10-25 12:47:52,590 - Worker_2] Failed to connect with http://natelinha.ne10.uol.com.br/colunas/2015/09/26/com-desfecho-epico-verdades-secretas-ja-e-a-novela-do-ano-da-globo-92855.php after 3 attempts, skipping...
[ERROR - 2025-10-25 12:47:59,727 - Worker_2] Status code == 403 for http://noticias.uol.com.br/opiniao/coluna/2015/09/26/aumento-de-impostos-para-pj-traz-riscos-juridicos-as-empresas.htm, skipping...
[ERROR - 2025-10-25 12:48:03,896 - Worker_2] Status code == 403 for http://uolesporte.blogosfera.uol.com.br/2015/09/26/hulk-faz-golaco-de-falta-e-garante-empate-no-campeonato-russo/, skipping...
[ERROR - 2025-10-25 12:48:07,165 - Worker_1] Status code == 403 for http://noticias.uol.com.br/saude/ultimas-noticias/redacao/2015/09/26/inquietacao-diminui-os-riscos-de-saude-de-quem-ficam-sentado-muito-tempo.htm, skipping...
[ERROR - 2025-10-25 12:48:08,066 - Worker_2] Status code == 403 for http://noticias.uol.com.br/ultimas-noticias/afp/2015/09/26/fim-dos-rituais-de-peregrinacao-a-meca-a-mais-tragica-em-25-anos.htm, skipping...
[ERROR - 2025-10-25 12:48:09,332 - Worker_4] Status code == 404 for http://guia.uol.com.br/album/2015/09/26/exposicao-frida-kahlo---conexoes-entre-mulheres-surrealistas-no-mexico.htm, skipping...
[ERROR - 2025-10-25 12:48:09,445 - Worker_0] Status code == 403 for http://noticias.uol.com.br/ultimas-noticias/afp/2015/09/26/veja-as-nacionalidades-das-vitimas-da-tragedia-na-arabia-saudita.htm, skipping...
[ERROR - 2025-10-25 12:48:09,559 - Worker_3] Status code == 403 for http://blogdojuca.uol.com.br/2015/09/um-gol-de-placa-no-novo-maracana/, skipping...
[ERROR - 2025-10-25 12:48:13,618 - Worker_0] Status code == 403 for http://noticias.uol.com.br/midiaglobal/freakonomics/2015/09/27/liberia-vira-exemplo-no-combate-ao-crime--com-terapia.htm, skipping...
[ERROR - 2025-10-25 12:48:13,798 - Worker_3] Status code == 403 for http://josiasdesouza.blogosfera.uol.com.br/2015/09/26/com-cunha-e-renan-marta-ataca-a-corrupcao/, skipping...
[ERROR - 2025-10-25 12:48:18,135 - Worker_0] Status code == 403 for http://josecruz.blogosfera.uol.com.br/2015/09/a-elitizacao-do-futebol-e-a-ameaca-do-fim-das-areas-publicas-para-o-esporte/, skipping...
[ERROR - 2025-10-25 12:48:22,291 - Worker_0] Status code == 403 for http://noticias.uol.com.br/ultimas-noticias/bbc/2015/09/27/homem-provoca-incendio-em-posto-de-gasolina-ao-tentar-queimar-aranha.htm, skipping...
[ERROR - 2025-10-25 12:48:26,785 - Worker_0] Status code == 403 for http://blogdoperrone.blogosfera.uol.com.br/2015/09/opiniao-selecao-clubes-globo-e-ate-zico-perdem-com-reclusao-de-del-nero/, skipping...
[ERROR - 2025-10-25 12:48:30,974 - Worker_0] Status code == 403 for http://noticias.uol.com.br/ultimas-noticias/agencia-estado/2015/09/27/cela-em-curitiba-vira-academia-e-escritorio.htm, skipping...
[ERROR - 2025-10-25 12:48:31,862 - Worker_3] Status code == 403 for http://futebolemnumeros.blogosfera.uol.com.br/2015/09/27/jadson-e-o-lider-de-assistencias-no-brasileirao, skipping...
[ERROR - 2025-10-25 12:48:32,342 - Worker_2] Status code == 403 for http://nilsonxavier.blogosfera.uol.com.br/2015/09/26/verdades-secretas-bom-exemplo-de-uniao-entre-roteiro-direcao-e-elenco/, skipping...
[ERROR - 2025-10-25 12:48:35,006 - Worker_1] Status code == 403 for http://noticias.uol.com.br/ciencia/album/2015/09/27/superlua-ilumina-o-ceu-do-mundo-inteiro.htm?abrefoto=12, skipping...
[ERROR - 2025-10-25 12:48:36,124 - Worker_3] Status code == 403 for http://maesdepeito.blogosfera.uol.com.br/2015/09/25/maes-fazem-ensaio-nu-com-os-filhos-para-mostrar-a-mulher-real/, skipping...
[ERROR - 2025-10-25 12:48:38,843 - Worker_2] Status code == 403 for http://noticias.uol.com.br/cotidiano/ultimas-noticias/2015/09/27/secretario-de-seguranca-do-rs-pede-que-populacao-aja-com-as-proprias-maos.htm, skipping...
[ERROR - 2025-10-25 12:48:39,158 - Worker_1] Status code == 403 for http://noticias.uol.com.br/ultimas-noticias/efe/2015/09/27/trump-e-carson-estao-quase-empatados-na-luta-pela-indicacao-republicana.htm, skipping...
[ERROR - 2025-10-25 12:48:42,998 - Worker_2] Status code == 403 for http://noticias.uol.com.br/album/album-do-dia/2015/09/27/imagens-do-dia---27-de-setembro-de-2015.htm?abrefoto=16, skipping...
[ERROR - 2025-10-25 12:48:43,315 - Worker_1] Status code == 403 for http://noticias.uol.com.br/tabloide/album/2015/09/26/que-gatos-concurso-na-romenia-elege-qual-e-bichano-mais-bonito.htm?abrefoto=3, skipping...
[ERROR - 2025-10-25 12:48:57,902 - Worker_3] Status code == 403 for http://noticias.uol.com.br/cotidiano/ultimas-noticias/2015/09/27/apos-assassinato-de-soldado-da-pm-13-sao-mortos-na-grande-natal.htm, skipping...
[ERROR - 2025-10-25 12:49:02,278 - Worker_2] Status code == 403 for http://mauriciostycer.blogosfera.uol.com.br/2015/09/27/detetive-ve-tv-glenda-kozlowsky-e-gloria-maria-dividem-vestido-na-globo/, skipping...
[ERROR - 2025-10-25 12:49:14,918 - Worker_4] Status code == 403 for http://blogdoperrone.blogosfera.uol.com.br/2015/09/corinthians-tem-jogador-com-quatro-meses-de-direitos-de-imagem-atrasados/, skipping...
[ERROR - 2025-10-25 12:49:21,675 - Worker_2] Failed to connect with http://natelinha.ne10.uol.com.br/noticias/2015/09/28/record-se-antecipa-e-renova-contrato-de-sabrina-sato-ate-2018-92907.php after 3 attempts, skipping...
[ERROR - 2025-10-25 12:49:23,172 - Worker_3] Status code == 403 for http://oblogdorugbi.blogosfera.uol.com.br/2015/09/28/australia-acusa-inglaterra-de-espionagem-apos-descobrir-fotografo-em-treino/, skipping...
[ERROR - 2025-10-25 12:49:24,973 - Worker_4] Failed to connect with http://natelinha.ne10.uol.com.br/novelas/2015/09/28/paloma-bernardi-se-acerta-com-a-record-para-proxima-novela-biblica-92900.php after 3 attempts, skipping...
[ERROR - 2025-10-25 12:49:28,299 - Worker_2] Status code == 403 for http://blogdobrito.blogosfera.uol.com.br/2015/09/28/o-atleta-que-mentiu-para-figurar-no-livro-sobre-atletas-olimpicos/, skipping...
[ERROR - 2025-10-25 12:49:42,421 - Worker_3] Status code == 403 for http://blogdomariomagalhaes.blogosfera.uol.com.br/2015/09/28/se-houver-mesmo-ministerio-da-cidadania-que-ministro-seja-uma-mulher-negra/, skipping...
[ERROR - 2025-10-25 12:49:51,762 - Worker_0] Status code == 403 for http://maesdepeito.blogosfera.uol.com.br/2015/09/25/maes-fazem-ensaio-nu-com-os-filhos-para-mostrar-a-mulher-real/, skipping...
[ERROR - 2025-10-25 12:49:52,821 - Worker_2] Status code == 403 for http://economia.uol.com.br/cotacoes/noticias/redacao/2015/09/28/bovespa-tem-7-queda-e-atinge-menor-nivel-desde-2009-vale-despenca-7.htm, skipping...
[ERROR - 2025-10-25 12:49:54,632 - Worker_1] Status code == 403 for http://noticias.uol.com.br/ultimas-noticias/agencia-estado/2015/09/27/apos-6-dias-desaparecido-aluno-da-usp-e-encontrado-vivo-dentro-de-bueiro.htm, skipping...
[ERROR - 2025-10-25 12:49:55,921 - Worker_0] Status code == 403 for http://economia.uol.com.br/cotacoes/noticias/redacao/2015/09/28/dolar-sobe-337-maior-alta-diaria-em-4-anos-e-fecha-valendo-r-411.htm, skipping...
[ERROR - 2025-10-25 12:49:56,038 - Worker_3] Status code == 403 for http://economia.uol.com.br/noticias/bloomberg/2015/09/28/quem-tem-medo-das-reservas-do-bc.htm, skipping...
[ERROR - 2025-10-25 12:50:00,265 - Worker_3] Status code == 403 for http://fernandorodrigues.blogosfera.uol.com.br/2015/09/28/centrais-sindicais-atacam-ideia-de-fusao-de-trabalho-e-previdencia/, skipping...
[ERROR - 2025-10-25 12:50:04,944 - Worker_0] Status code == 403 for http://pvc.blogosfera.uol.com.br/2015/09/28/corinthians-2015-massacra-versoes-corintianas-campeas-no-passado/, skipping...
[ERROR - 2025-10-25 12:50:06,953 - Worker_3] Status code == 403 for http://economia.uol.com.br/noticias/valor-online/2015/09/28/despesa-administrativa-do-governo-cai-75-ate-agosto-para-r141-bi.htm, skipping...
[ERROR - 2025-10-25 12:50:09,101 - Worker_0] Status code == 403 for http://noticias.uol.com.br/ultimas-noticias/agencia-estado/2015/09/28/flavio-dino-rebate-roseana-sarney-queriam-o-inquerito-em-uma-gaveta-profunda.htm, skipping...
[ERROR - 2025-10-25 12:50:13,497 - Worker_3] Status code == 403 for http://noticias.uol.com.br/ciencia/ultimas-noticias/bbc/2015/09/28/asknasa-7-perguntas-esdruxulas-de-brasileiros-a-nasa-apos-descoberta.htm, skipping...
[ERROR - 2025-10-25 12:50:25,532 - Worker_3] Status code == 403 for http://noticias.uol.com.br/midiaglobal/the-international-new-york-times/2015/09/28/menos-prospera-mais-generosa-grecia-deu-melhor-resposta-a-crise-de-imigracao.htm, skipping...
[ERROR - 2025-10-25 12:50:27,021 - Worker_0] Status code == 403 for http://noticias.uol.com.br/ultimas-noticias/agencia-estado/2015/09/28/ao-lado-de-marina-randolfe-oficializa-ingresso-na-rede.htm, skipping...
[ERROR - 2025-10-25 12:50:29,688 - Worker_3] Status code == 403 for http://noticias.uol.com.br/ultimas-noticias/agencia-estado/2015/09/28/eu-era-o-nome-do-pmdb-diz-lobista-que-acusa-eduardo-cunha.htm, skipping...
[ERROR - 2025-10-25 12:50:31,168 - Worker_0] Status code == 403 for http://noticias.uol.com.br/ultimas-noticias/agencia-estado/2015/09/28/roseana-sarney-acusa-sucessor-de-odio-e-perseguicao.htm, skipping...
[ERROR - 2025-10-25 12:50:32,053 - Worker_2] Status code == 403 for http://educacao.uol.com.br/quiz/2015/09/28/voce-reconhece-as-estatuas-espalhadas-pelo-brasil.htm, skipping...
[ERROR - 2025-10-25 12:50:36,132 - Worker_3] Status code == 403 for http://noticias.uol.com.br/ultimas-noticias/agencia-estado/2015/09/28/um-terco-da-campanha-de-cotado-para-assumir-saude-veio-do-setor.htm, skipping...
[ERROR - 2025-10-25 12:50:36,252 - Worker_1] Status code == 403 for http://economia.uol.com.br/empregos-e-carreiras/noticias/redacao/2015/09/28/trabalhadores-sao-encontrados-em-condicoes-analogas-a-escravidao-no-ce.htm, skipping...
[ERROR - 2025-10-25 12:50:37,510 - Worker_0] Status code == 403 for http://economia.uol.com.br/noticias/reuters/2015/09/28/eletrobras-pede-mais-prazo-e-tarifa-80-maior-para-usina-nuclear-angra-3.htm, skipping...
[ERROR - 2025-10-25 12:50:41,717 - Worker_0] Status code == 403 for http://noticias.uol.com.br/ultimas-noticias/agencia-estado/2015/09/28/pezao-defende-operacao-verao-e-atribui-polemica-a-mal-entendido.htm, skipping...
[ERROR - 2025-10-25 12:50:45,027 - Worker_3] Status code == 403 for http://noticias.uol.com.br/opiniao/coluna/2015/09/28/onu-faz-70-anos-aparentando-ter-muito-mais-idade.htm, skipping...
[ERROR - 2025-10-25 12:50:48,661 - Worker_2] Status code == 403 for http://balanacesta.blogosfera.uol.com.br/2015/09/29/oscar-schmidt-brasil-vai-conquistar-medalha-no-rio-2016/, skipping...
[ERROR - 2025-10-25 12:50:51,524 - Worker_3] Status code == 403 for http://pvc.blogosfera.uol.com.br/2015/09/29/deu-errado-vamos-nos-lembrar-de-ronaldinho-no-fluminense-daqui-a-dez-anos/, skipping...
[ERROR - 2025-10-25 12:50:52,917 - Worker_0] Status code == 403 for http://noticias.uol.com.br/ultimas-noticias/agencia-estado/2015/09/29/pr-fez-o-lobby-diz-ministro-de-lula-em-e-mail-para-executivos-da-odebrecht.htm, skipping...
[ERROR - 2025-10-25 12:50:55,667 - Worker_3] Status code == 403 for http://noticias.uol.com.br/politica/ultimas-noticias/2015/09/29/mp-ve-regalia-em-prisao-de-prefeita-em-sala-climatizada-de-quartel-no-ma.htm, skipping...
[ERROR - 2025-10-25 12:51:04,878 - Worker_4] Status code == 403 for http://noticias.uol.com.br/midiaglobal/lemonde/2015/09/29/a-disputa-por-talentos-em-meio-a-crise-de-migrantes.htm, skipping...
[ERROR - 2025-10-25 12:51:09,523 - Worker_4] Status code == 403 for http://tecnologia.uol.com.br/noticias/redacao/2015/09/29/taxistas-confundem-carro-com-uber-e-agridem-deputado-que-luta-por-proibicao.htm, skipping...
[ERROR - 2025-10-25 12:51:15,110 - Worker_1] Status code == 403 for http://tecnologia.uol.com.br/noticias/redacao/2015/09/29/google-anuncia-dois-novos-celulares-da-linha-nexus-e-android-60.htm, skipping...
[ERROR - 2025-10-25 12:51:19,531 - Worker_1] Status code == 403 for http://uolesporte.blogosfera.uol.com.br/2015/09/29/em-pegadinha-sosia-de-neymar-mostra-pouco-futebol-e-se-da-bem-com-garotas/, skipping...
[ERROR - 2025-10-25 12:51:24,402 - Worker_3] Status code == 403 for http://educacao.uol.com.br/noticias/2015/09/29/brasil-conquista-1-lugar-em-olimpiada-de-matematica-para-universitarios.htm, skipping...
[ERROR - 2025-10-25 12:51:28,621 - Worker_3] Status code == 403 for http://noticias.uol.com.br/ultimas-noticias/agencia-estado/2015/09/29/sobe-para-8-o-numero-de-corpos-achados-na-casa-do-monstro-da-alba.htm, skipping...
[ERROR - 2025-10-25 12:51:34,174 - Worker_0] Status code == 403 for http://blogdojuca.uol.com.br/2015/09/uma-historia-roubada/, skipping...
[ERROR - 2025-10-25 12:51:37,935 - Worker_3] Status code == 403 for http://blogdoohata.blogosfera.uol.com.br/2015/09/29/santos-acerta-renovacao-de-volante-ate-2019/, skipping...
[ERROR - 2025-10-25 12:51:42,421 - Worker_4] Status code == 403 for http://noticias.uol.com.br/ciencia/ultimas-noticias/bbc/2015/09/29/qual-o-segredo-por-tras-das-crateras-que-se-abrem-de-repente-na-terra.htm, skipping...
[ERROR - 2025-10-25 12:51:42,885 - Worker_0] Status code == 403 for http://noticias.uol.com.br/ciencia/ultimas-noticias/redacao/2015/09/28/nasa-apresenta-provas-concretas-de-agua-liquida-e-corrente-em-marte.htm, skipping...
[ERROR - 2025-10-25 12:51:45,017 - Worker_2] Failed to connect with http://esporte.uol.com.br/futebol/campeonatos/liga-dos-campeoes/ultimas-noticias/2015/09/29/barcelona-x-bayer-leverkusen.htm after 3 attempts, skipping...
[ERROR - 2025-10-25 12:51:47,088 - Worker_0] Status code == 403 for http://blogdobirner.blogosfera.uol.com.br/2015/09/29/sao-paulo-deveria-aumentar-o-poder-e-o-salario-de-juan-carlos-osorio/, skipping...
[ERROR - 2025-10-25 12:51:51,531 - Worker_2] Status code == 403 for http://economia.uol.com.br/cotacoes/noticias/redacao/2015/09/29/em-dia-de-sobe-e-desce-dolar-fecha-em-queda-de-123-valendo-r-4059.htm, skipping...
[ERROR - 2025-10-25 12:51:55,758 - Worker_2] Status code == 403 for http://noticias.uol.com.br/ultimas-noticias/agencia-estado/2015/09/29/bancada-do-pmdb-pode-segurar-votacao-dos-vetos-se-reforma-ministerial-nao-sair.htm, skipping...
[ERROR - 2025-10-25 12:51:59,948 - Worker_2] Status code == 403 for http://noticias.uol.com.br/cotidiano/ultimas-noticias/2015/09/29/ponte-fechada-ha-33-anos-em-florianopolis-ja-recebeu-r-563-milhoes-diz-mp.htm, skipping...
[ERROR - 2025-10-25 12:52:09,598 - Worker_4] Status code == 403 for http://fernandorodrigues.blogosfera.uol.com.br/2015/09/29/veja-como-fhc-derrubou-o-pedido-de-impeachment-em-1999/, skipping...
[ERROR - 2025-10-25 12:52:11,213 - Worker_2] Status code == 403 for http://economia.uol.com.br/blogs-e-colunas/coluna/reinaldo-polito/2015/09/29/dilma-tenta-se-comunicar-e-negociar-mas-talvez-seja-tarde.htm, skipping...
[ERROR - 2025-10-25 12:52:18,563 - Worker_4] Status code == 403 for http://noticias.uol.com.br/ultimas-noticias/bbc/2015/09/29/quatro-divergencias-entre-obama-e-putin-sobre-o-conflito-na-siria.htm, skipping...
[ERROR - 2025-10-25 12:52:43,584 - Worker_0] Status code == 403 for http://blogdojuca.uol.com.br/2015/09/ronaldinho-e-luxa-juntos-novamente/, skipping...
[ERROR - 2025-10-25 12:52:45,579 - Worker_3] Status code == 403 for http://economia.uol.com.br/cotacoes/noticias/redacao/2015/09/29/apos-7-quedas-bovespa-fecha-em-alta-puxada-pelas-acoes-da-petrobras.htm, skipping...
[ERROR - 2025-10-25 12:52:47,158 - Worker_1] Status code == 403 for http://rodrigomattos.blogosfera.uol.com.br/2015/09/29/maracana-faz-plano-de-inflar-renda-com-cerveja-fla-e-bota-devem-lucrar/, skipping...
[ERROR - 2025-10-25 12:52:52,342 - Worker_4] Status code == 403 for http://doutorjairo.blogosfera.uol.com.br/2015/11/25/palavras-enganam-mas-nao-o-tom-de-voz-sugere-estudo/, skipping...
[ERROR - 2025-10-25 12:52:56,575 - Worker_4] Status code == 403 for http://uolesporte.blogosfera.uol.com.br/2015/11/29/tim-tebow-olivia-culpo-namoro/, skipping...
[ERROR - 2025-10-25 12:52:58,420 - Worker_0] Status code == 404 for http://esporte.band.uol.com.br/futebol/copa-do-brasil/2015/final/, skipping...
[ERROR - 2025-10-25 12:53:05,710 - Worker_4] Status code == 403 for http://blogdosakamoto.blogosfera.uol.com.br/2015/11/30/cinco-jovens-rio-deveria-instalar-painel-eletronico-com-mortos-olimpicos/, skipping...
[ERROR - 2025-10-25 12:53:05,991 - Worker_3] Status code == 403 for http://uolesportevetv.blogosfera.uol.com.br/2015/11/29/maite-proenca-cumpre-parte-da-promessa-mas-nao-fica-nua-ao-vivo/, skipping...
[ERROR - 2025-10-25 12:53:14,749 - Worker_3] Status code == 403 for http://noticias.uol.com.br/album/album-do-dia/2015/11/30/imagens-do-dia---30-de-novembro-de-2015.htm?abrefoto=8, skipping...
[ERROR - 2025-10-25 12:53:18,894 - Worker_3] Status code == 403 for http://noticias.uol.com.br/ultimas-noticias/afp/2015/11/30/putin-e-obama-discutiram-conflitos-na-siria-e-na-ucrania-a-margem-de-cupula.htm, skipping...
[ERROR - 2025-10-25 12:53:23,057 - Worker_3] Status code == 403 for http://noticias.uol.com.br/ciencia/ultimas-noticias/redacao/2015/11/30/america-do-sul-pode-ter-sido-ocupada-por-humanos-antes-do-que-se-imagina.htm, skipping...
[ERROR - 2025-10-25 12:53:26,047 - Worker_1] Status code == 403 for http://josecruz.blogosfera.uol.com.br/2015/11/por-delacao-premiada-operacao-lava-jato-chega-as-obras-da-copa/, skipping...
[ERROR - 2025-10-25 12:53:27,304 - Worker_2] Status code == 403 for http://noticias.uol.com.br/cotidiano/ultimas-noticias/2015/11/30/justica-de-mg-exige-deposito-de-r-1-bi-da-samarco-para-orgaos-ambientais.htm, skipping...
[ERROR - 2025-10-25 12:53:28,048 - Worker_3] Status code == 404 for http://esporte.uol.com.br/f1/ultimas-noticias/2015/11/30/com-8-pontos-na-carteira-verstappen-corre-risco-de-ser-suspenso-em-2016.htm, skipping...
[ERROR - 2025-10-25 12:53:32,235 - Worker_3] Status code == 403 for http://noticias.uol.com.br/ultimas-noticias/redacao/2015/11/30/giro-uol-traz-os-destaques-da-noite-desta-segunda-3011-para-voce-ouca.htm, skipping...
[ERROR - 2025-10-25 12:53:34,682 - Worker_4] Status code == 403 for http://noticias.uol.com.br/ultimas-noticias/efe/2015/11/30/papa-critica-interesses-por-tras-de-guerras-nao-sao-de-deus.htm, skipping...
[ERROR - 2025-10-25 12:53:38,840 - Worker_4] Status code == 403 for http://noticias.uol.com.br/cotidiano/ultimas-noticias/2015/11/30/espuma-do-rio-tiete-aparece-pela-3-vez-no-ano-em-salto-e-paralisa-trafego.htm, skipping...
[ERROR - 2025-10-25 12:53:41,156 - Worker_3] Status code == 403 for http://educacao.uol.com.br/noticias/2015/11/30/ao-menos-20-escolas-ocupadas-em-sp-aguardam-reintegracao-nesta-semana.htm, skipping...
[ERROR - 2025-10-25 12:53:42,988 - Worker_4] Status code == 403 for http://noticias.uol.com.br/ultimas-noticias/afp/2015/11/30/dilma-descarta-usar-clausula-democratica-do-mercosul-contra-venezuela.htm, skipping...
[ERROR - 2025-10-25 12:53:44,964 - Worker_2] Failed to connect with http://natelinha.ne10.uol.com.br/noticias/2015/11/30/desejo-de-jornalistas-vida-de-correspondente-inclui-varios-perrengues-94575.php after 3 attempts, skipping...
[ERROR - 2025-10-25 12:53:49,780 - Worker_4] Status code == 403 for http://blogdoboleiro.blogosfera.uol.com.br/2015/11/30/muricy-ramalho-decidiu-onde-vai-trabalhar-mas-diz-que-so-revela-em-7-dias/, skipping...
[ERROR - 2025-10-25 12:53:49,940 - Worker_3] Status code == 403 for http://noticias.uol.com.br/saude/ultimas-noticias/redacao/2015/11/30/brasil-nao-combateu-aedes-aegypti-para-vencer-diz-ministro-da-saude.htm, skipping...
[ERROR - 2025-10-25 12:53:54,287 - Worker_2] Status code == 403 for http://tecnologia.uol.com.br/noticias/redacao/2015/02/02/uol-lanca-app-para-ler-todos-os-e-mails-num-so-lugar.htm, skipping...
[ERROR - 2025-10-25 12:53:57,903 - Worker_1] Status code == 403 for http://noticias.uol.com.br/cotidiano/ultimas-noticias/2015/11/30/no-alemao-quem-ocupa-escola-e-a-upp-e-alunos-convivem-com-medo-e-tiros.htm, skipping...
[ERROR - 2025-10-25 12:53:59,084 - Worker_3] Status code == 403 for http://blogdomenon.blogosfera.uol.com.br/2015/11/30/neymar-e-um-soco-na-cara-dos-vira-latas-e-eurocentristas/, skipping...
[ERROR - 2025-10-25 12:54:01,013 - Worker_2] Status code == 403 for http://rodrigomattos.blogosfera.uol.com.br/2015/11/30/presidente-do-fla-ve-falta-de-atitude-de-jogadores-em-jogos-finais/, skipping...
[ERROR - 2025-10-25 12:54:01,386 - Worker_4] Status code == 403 for http://economia.uol.com.br/noticias/redacao/2015/11/30/ouca-o-giro-uol-economia-com-os-destaques-desta-segunda-30-de-novembro.htm, skipping...
[ERROR - 2025-10-25 12:54:02,291 - Worker_1] Status code == 403 for http://blogdoboleiro.blogosfera.uol.com.br/2015/11/30/atacante-brasileiro-descobriu-que-e-finalista-do-puskas-no-meio-do-transito/, skipping...
[ERROR - 2025-10-25 12:54:05,203 - Worker_2] Status code == 403 for http://noticias.uol.com.br/album/2015/11/25/natal-pelo-mundo.htm?abrefoto=20, skipping...
[ERROR - 2025-10-25 12:54:07,999 - Worker_3] Status code == 403 for http://noticias.uol.com.br/ultimas-noticias/agencia-estado/2015/11/30/isso-aqui-e-uma-bagunca-diz-dilma-sobre-organizacao-da-cop-21.htm, skipping...
[ERROR - 2025-10-25 12:54:09,779 - Worker_2] Status code == 403 for http://blogdoico.blogosfera.uol.com.br/2015/12/01/audiencia-da-f-1-continua-em-queda-ate-na-alemanha/, skipping...
[ERROR - 2025-10-25 12:54:12,171 - Worker_4] Status code == 403 for http://noticias.uol.com.br/ultimas-noticias/agencia-estado/2015/12/01/justica-converte-prisao-de-pms-acusados-de-execucao-no-rio-em-preventiva.htm, skipping...
[ERROR - 2025-10-25 12:54:14,003 - Worker_2] Status code == 403 for http://educacao.uol.com.br/noticias/2015/12/01/apos-confusao-quatro-sao-detidos-em-protesto-contra-reorganizacao.htm, skipping...
[ERROR - 2025-10-25 12:54:16,835 - Worker_3] Status code == 403 for http://noticias.uol.com.br/ultimas-noticias/bbc/2015/12/01/meu-ex-namorado-me-cegou-diz-enteada-de-mandela-sobre-violencia-domestica.htm, skipping...
[ERROR - 2025-10-25 12:54:20,152 - Worker_1] Status code == 403 for http://noticias.uol.com.br/politica/ultimas-noticias/2015/12/01/conselho-de-etica-senado-delcidio.htm, skipping...
[ERROR - 2025-10-25 12:54:21,000 - Worker_4] Status code == 403 for http://noticias.uol.com.br/ultimas-noticias/afp/2015/12/01/mais-de-330-baleias-sao-encontradas-mortas-na-patagonia-chilena.htm, skipping...
[ERROR - 2025-10-25 12:54:22,900 - Worker_2] Status code == 403 for http://noticias.uol.com.br/ultimas-noticias/agencia-estado/2015/12/01/justica-de-sp-aceita-queixa-crime-de-lula-contra-villa.htm, skipping...
[ERROR - 2025-10-25 12:54:24,340 - Worker_1] Status code == 403 for http://noticias.uol.com.br/cotidiano/ultimas-noticias/2015/12/01/apos-6-horas-de-discussao-votacao-contra-cunha-e-adiada-pela-2-vez.htm, skipping...
[ERROR - 2025-10-25 12:54:25,156 - Worker_4] Status code == 403 for http://noticias.uol.com.br/ultimas-noticias/bbc/2015/12/01/oms-emite-alerta-global-sobre-zika-virus-e-reconhece-relacao-com-microcefalia.htm, skipping...
[ERROR - 2025-10-25 12:54:27,726 - Worker_3] Status code == 403 for http://noticias.uol.com.br/ultimas-noticias/ansa/2015/12/01/homem-e-preso-na-italia-por-transmitir-hiv-para-6-mulheres.htm, skipping...
[ERROR - 2025-10-25 12:54:28,490 - Worker_1] Status code == 403 for http://noticias.uol.com.br/saude/ultimas-noticias/bbc/2015/12/01/a-sindrome-que-faz-as-pessoas-acreditarem-estar-mortas.htm, skipping...
[ERROR - 2025-10-25 12:54:29,349 - Worker_4] Status code == 403 for http://noticias.uol.com.br/ultimas-noticias/agencia-estado/2015/12/01/delcidio-se-queixa-de-ter-sido-abandonado-pelo-congresso-e-planalto.htm, skipping...
[ERROR - 2025-10-25 12:54:32,793 - Worker_1] Status code == 403 for http://blogdoohata.blogosfera.uol.com.br/2015/12/01/gastrite-e-virus-fazem-candidato-a-medalha-desfalcar-evento-teste-da-rio-16/, skipping...
[ERROR - 2025-10-25 12:54:35,327 - Worker_2] Status code == 403 for http://economia.uol.com.br/empreendedorismo/noticias/redacao/2015/12/01/maltratar-e-xingar-cliente-faz-bar-manter-publico-cativo-ha-18-anos-em-mg.htm, skipping...
[ERROR - 2025-10-25 12:54:36,949 - Worker_1] Status code == 403 for http://noticias.uol.com.br/album/album-do-dia/2015/12/01/imagens-do-dia---1-de-dezembro-de-2015.htm?abrefoto=7, skipping...
[ERROR - 2025-10-25 12:54:38,393 - Worker_4] Status code == 403 for http://tecnologia.uol.com.br/noticias/redacao/2015/12/01/mark-zuckerberg-anuncia-pelo-facebook-nascimento-da-filha.htm, skipping...
[ERROR - 2025-10-25 12:54:45,219 - Worker_4] Status code == 403 for http://tecnologia.uol.com.br/noticias/bbc/2015/12/01/6-vantagens-de-deixar-o-celular-em-modo-aviao-quando-nao-se-esta-voando.htm, skipping...
[ERROR - 2025-10-25 12:54:46,365 - Worker_2] Status code == 403 for http://noticias.uol.com.br/ultimas-noticias/agencia-estado/2015/12/01/janot-pede-ao-stf-abertura-de-terceiro-inquerito-contra-delcidio.htm, skipping...
[ERROR - 2025-10-25 12:54:47,436 - Worker_3] Status code == 403 for http://noticias.uol.com.br/ultimas-noticias/agencia-estado/2015/12/01/cmo-aprova-inclusao-da-cpmf-no-relatorio-de-receita-do-orcamento-de-2016.htm, skipping...
[ERROR - 2025-10-25 12:54:49,476 - Worker_4] Status code == 403 for http://uolesporte.blogosfera.uol.com.br/2015/11/27/atletas-de-time-frances-de-volei-fazem-ensaio-sensual-para-calendario/, skipping...
[ERROR - 2025-10-25 12:54:56,078 - Worker_4] Status code == 403 for http://maesdepeito.blogosfera.uol.com.br/2015/12/01/confira-a-lista-com-os-nomes-mais-usados-em-2015-miguel-e-alice-lideram/, skipping...
[ERROR - 2025-10-25 12:54:57,552 - Worker_0] Status code == 403 for http://noticias.uol.com.br/ultimas-noticias/bbc/2015/12/01/a-historia-por-tras-da-foto-do-pescador-que-perdeu-vida-para-a-lama.htm, skipping...
[ERROR - 2025-10-25 12:55:17,205 - Worker_4] Status code == 403 for http://maesdepeito.blogosfera.uol.com.br/2015/12/01/medico-que-fizer-cesarea-tera-remuneracao-3-vezes-menor-diz-justica/, skipping...
[ERROR - 2025-10-25 12:55:18,134 - Worker_2] Status code == 403 for http://noticias.uol.com.br/midiaglobal/nytimes/2015/12/01/suspeito-de-tiroteio-em-clinica-nos-eua-tem-trilha-de-conflitos-domesticos.htm, skipping...
[ERROR - 2025-10-25 12:55:22,308 - Worker_2] Status code == 403 for http://noticias.uol.com.br/ultimas-noticias/agencia-estado/2015/12/01/nao-privilegiei-ninguem-nao-tenho-cor-partidaria-diz-bumlai-ao-final-da-sessao.htm, skipping...
[ERROR - 2025-10-25 12:55:26,452 - Worker_2] Status code == 403 for http://noticias.uol.com.br/ultimas-noticias/agencia-estado/2015/12/01/senado-derruba-veto-de-dilma-a-projeto-de-aposentadoria-compulsoria.htm, skipping...
[ERROR - 2025-10-25 12:55:27,213 - Worker_4] Status code == 404 for http://esporte.uol.com.br/f1/ultimas-noticias/2015/12/01/hamilton-e-eleito-melhor-piloto-de-2015-pelos-chefes-de-equipe-veja-top-10.htm, skipping...
[ERROR - 2025-10-25 12:55:31,375 - Worker_4] Status code == 403 for http://noticias.uol.com.br/internacional/ultimas-noticias/2015/12/02/parlamento-britanico-aprova-bombardeios-na-siria.htm, skipping...
[ERROR - 2025-10-25 12:55:32,915 - Worker_2] Status code == 403 for http://noticias.uol.com.br/politica/ultimas-noticias/2015/12/02/agora-e-para-valer-diz-grupo-pro-impeachment-apos-decisao-de-cunha.htm, skipping...
[ERROR - 2025-10-25 12:55:37,842 - Worker_4] Status code == 403 for http://noticias.uol.com.br/meio-ambiente/album/2015/02/09/novas-especies-2015.htm?abrefoto=37, skipping...
[ERROR - 2025-10-25 12:55:38,972 - Worker_3] Status code == 403 for http://noticias.uol.com.br/ultimas-noticias/agencia-estado/2015/12/02/marco-aurelio-cunha-nao-tem-poder-para-dar-andamento-ao-processo-de-impeachment.htm, skipping...
[ERROR - 2025-10-25 12:55:39,545 - Worker_2] Status code == 403 for http://noticias.uol.com.br/album/album-do-dia/2015/12/02/imagens-do-dia---2-de-dezembro-de-2015.htm?abrefoto=25, skipping...
[ERROR - 2025-10-25 12:55:42,143 - Worker_4] Status code == 403 for http://mauriciostycer.blogosfera.uol.com.br/2015/12/02/escolinha-na-globo-sofrera-cortes-para-ser-exibido-domingo-a-tarde/#fotoNav=7, skipping...
[ERROR - 2025-10-25 12:55:43,221 - Worker_3] Status code == 403 for http://educacao.uol.com.br/noticias/bbc/2015/12/02/escola-de-sp-causa-polemica-ao-pedir-que-meninas-usem-cabelo-liso-e-solto.htm, skipping...
[ERROR - 2025-10-25 12:55:43,713 - Worker_2] Status code == 403 for http://noticias.uol.com.br/politica/ultimas-noticias/2015/12/02/dilma-de-diz-indignada-com-pedido-de-impeachment.htm, skipping...
[ERROR - 2025-10-25 12:55:46,313 - Worker_4] Status code == 403 for http://noticias.uol.com.br/internacional/ultimas-noticias/2015/12/02/tiroteio-na-california-deixa-ao-menos-20-feridos.htm, skipping...
[ERROR - 2025-10-25 12:55:49,862 - Worker_3] Status code == 403 for http://fernandorodrigues.blogosfera.uol.com.br/2015/12/02/pt-decidiu-usar-processo-contra-dilma-para-tentar-resgatar-imagem/, skipping...
[ERROR - 2025-10-25 12:56:04,942 - Worker_0] Status code == 403 for http://noticias.uol.com.br/ultimas-noticias/bbc/2015/12/02/chacina-de-costa-barros-por-que-sao-as-familias-que-tem-de-dar-explicacoes.htm, skipping...
[ERROR - 2025-10-25 12:56:10,861 - Worker_3] Status code == 403 for http://blogdobirner.blogosfera.uol.com.br/2015/12/02/sampaoli-ficou-muito-grande-para-times-brasileiros/, skipping...
[ERROR - 2025-10-25 12:56:14,091 - Worker_0] Status code == 403 for http://noticias.uol.com.br/ultimas-noticias/agencia-estado/2015/12/02/lava-jato-condena-cupula-da-galvao-engenharia-por-corrupcao.htm, skipping...
[ERROR - 2025-10-25 12:56:27,468 - Worker_3] Status code == 403 for http://fernandorodrigues.blogosfera.uol.com.br/2015/12/02/rito-do-impeachment-e-sumario-dilma-tem-10-sessoes-para-se-defender/, skipping...
[ERROR - 2025-10-25 12:56:43,691 - Worker_3] Status code == 403 for http://balanacesta.blogosfera.uol.com.br/2015/12/02/com-nbb-na-rede-tv-basquete-ganha-espaco-na-tv-aberta-sensacional/, skipping...
[ERROR - 2025-10-25 12:56:55,786 - Worker_3] Status code == 403 for http://blogdobrito.blogosfera.uol.com.br/2015/12/03/brasileiros-da-nba-sao-contemplados-com-bolsa-atleta-do-governo/, skipping...
[ERROR - 2025-10-25 12:57:00,255 - Worker_3] Status code == 403 for http://mauriciostycer.blogosfera.uol.com.br/2015/12/03/sbt-fecha-time-de-jurados-data-e-a-dinamica-do-reality-bbq-brasil/, skipping...
[ERROR - 2025-10-25 12:57:06,004 - Worker_2] Status code == 403 for http://noticias.uol.com.br/cotidiano/ultimas-noticias/2015/12/03/minas-libera-r-45-milhoes-a-cidades-e-empresas-afetadas-pela-onda-de-lama.htm, skipping...
[ERROR - 2025-10-25 12:57:07,011 - Worker_3] Status code == 403 for http://noticias.uol.com.br/politica/ultimas-noticias/2015/12/03/plenario-le-pedido-e-camara-da-inicio-a-rito-de-impeachment-de-dilma.htm, skipping...
[ERROR - 2025-10-25 12:57:10,223 - Worker_0] Status code == 403 for http://noticias.uol.com.br/midiaglobal/elpais/2015/12/03/fatima-mernissi-interpretou-a-condicao-feminina-no-isla.htm, skipping...
[ERROR - 2025-10-25 12:57:10,299 - Worker_2] Status code == 403 for http://blogdoboleiro.blogosfera.uol.com.br/2015/12/03/ze-roberto-nao-para-e-afirma-palmeiras-nao-e-grande-palmeiras-e-gigante/0, skipping...
[ERROR - 2025-10-25 12:57:16,157 - Worker_3] Status code == 403 for http://negociosdoesporte.blogosfera.uol.com.br/2015/12/03/a-copa-do-brasil-vai-superar-o-brasileiro/, skipping...
[ERROR - 2025-10-25 12:57:18,727 - Worker_4] Status code == 403 for http://noticias.uol.com.br/ultimas-noticias/afp/2015/12/03/venezuela-realiza-eleicoes-parlamentares-com-oposicao-como-favorita.htm, skipping...
[ERROR - 2025-10-25 12:57:21,693 - Worker_0] Status code == 403 for http://uolesporte.blogosfera.uol.com.br/2015/12/03/rafael-marques-usa-mascara-provocando-ricardo-oliveira-na-festa-do-titulo/, skipping...
[ERROR - 2025-10-25 12:57:25,543 - Worker_3] Status code == 403 for http://noticias.uol.com.br/meio-ambiente/ultimas-noticias/redacao/2015/12/03/recuperacao-do-rinoceronte-branco-e-ficcao-cientifica-avalia-pesquisador.htm, skipping...
[ERROR - 2025-10-25 12:57:29,116 - Worker_2] Status code == 403 for http://pvc.blogosfera.uol.com.br/2015/12/03/sampaoli-confirma-conhecer-gelson-baresi-e-diz-decidir-destino-em-janeiro/, skipping...
[ERROR - 2025-10-25 12:57:33,420 - Worker_2] Status code == 403 for http://educacao.uol.com.br/noticias/2015/12/03/tiro-porrada-e-bomba-em-alunos-vira-espetaculo-violento-em-sp.htm, skipping...
[ERROR - 2025-10-25 12:57:36,687 - Worker_3] Status code == 403 for http://educacao.uol.com.br/noticias/2015/12/03/estou-com-muito-medo-diz-estudante-pendurado-por-policiais-em-protesto.htm#fotoNav=477, skipping...
[ERROR - 2025-10-25 12:57:37,655 - Worker_2] Status code == 403 for http://rodrigomattos.blogosfera.uol.com.br/2015/12/03/governo-criara-orgao-para-fiscalizar-111-clubes-no-profut/, skipping...
[ERROR - 2025-10-25 12:57:40,920 - Worker_3] Status code == 403 for http://uolesportevetv.blogosfera.uol.com.br/2015/12/02/alvo-de-palmeirenses-cleber-machado-narra-final-de-estudio-da-globo/, skipping...
[ERROR - 2025-10-25 12:57:40,962 - Worker_1] Status code == 403 for http://noticias.uol.com.br/ultimas-noticias/agencia-estado/2015/12/03/governo-quer-acelerar-analise-de-impeachment-para-esvaziar-processo-diz-oposicao.htm, skipping...
[ERROR - 2025-10-25 12:57:41,883 - Worker_2] Status code == 403 for http://nagradedomma.blogosfera.uol.com.br/2015/12/03/ufc-confirma-holly-holm-e-ronda-rousey-farao-revanche-imediata/, skipping...
[ERROR - 2025-10-25 12:57:45,157 - Worker_1] Status code == 403 for http://noticias.uol.com.br/politica/ultimas-noticias/2015/12/03/comissao-especial-sobre-impeachment-sera-instalada-na-segunda-feira.htm, skipping...
[ERROR - 2025-10-25 12:57:46,046 - Worker_2] Status code == 403 for http://noticias.uol.com.br/saude/ultimas-noticias/redacao/2015/12/03/maes-esperam-semanas-por-exames-que-confirmam-microcefalia-em-pe.htm, skipping...
[ERROR - 2025-10-25 12:57:55,612 - Worker_4] Status code == 403 for http://educacao.uol.com.br/noticias/2015/12/03/apos-protesto-14-manifestantes-sao-levados-pela-policia-em-sp.htm, skipping...
[ERROR - 2025-10-25 12:57:57,528 - Worker_2] Status code == 403 for http://robertosadovski.blogosfera.uol.com.br/2015/12/03/no-coracao-do-mar-leva-seu-elenco-a-extremos-em-uma-luta-contra-a-natureza/, skipping...
[ERROR - 2025-10-25 12:58:00,034 - Worker_1] Status code == 404 for http://esporte.uol.com.br/f1/ultimas-noticias/2015/12/03/renault-encerra-novela-e-anuncia-que-estara-no-grid-como-equipe-em-2016.htm, skipping...
[ERROR - 2025-10-25 12:58:01,725 - Worker_2] Status code == 403 for http://blogdorafaelreis.blogosfera.uol.com.br/2015/12/03/existe-um-lionel-messi-que-voce-nao-conhece/, skipping...
[ERROR - 2025-10-25 12:58:05,681 - Worker_0] Status code == 403 for http://doutorjairo.blogosfera.uol.com.br/2015/12/03/para-pesquisadores-incidencia-de-problema-sexual-e-superestimada/, skipping...
[ERROR - 2025-10-25 12:58:08,166 - Worker_2] Status code == 403 for http://rodrigomattos.blogosfera.uol.com.br/2015/12/03/del-nero-recebeu-propina-por-libertadores-copa-do-brasil-e-copa-america/, skipping...
[ERROR - 2025-10-25 12:58:11,199 - Worker_4] Status code == 403 for http://reginanavarro.blogosfera.uol.com.br/2015/12/03/meu-marido-e-um-homem-maravilhoso-mas-o-sexo-com-ele-e-uma-tragedia/, skipping...
[ERROR - 2025-10-25 12:58:11,606 - Worker_3] Status code == 403 for http://educacao.uol.com.br/noticias/2015/12/03/movimento-de-direitos-diz-que-repressao-a-estudantes-em-sp-e-atentado.htm, skipping...
[ERROR - 2025-10-25 12:58:15,439 - Worker_4] Status code == 403 for http://blogdojuliogomes.blogosfera.uol.com.br/2015/12/03/ze-roberto-e-top-10-entre-jogadores-brasileiros-nos-ultimos-20-anos/, skipping...
[ERROR - 2025-10-25 12:58:19,857 - Worker_0] Status code == 403 for http://blogdomenon.blogosfera.uol.com.br/2015/12/04/titulo-nao-deve-dourar-a-pilula-trabalho-de-marcelo-oliveira-nao-e-bom/, skipping...
[ERROR - 2025-10-25 12:58:24,004 - Worker_0] Status code == 403 for http://educacao.uol.com.br/noticias/2015/12/04/estudantes-decidem-manter-ocupacoes-de-escolas-em-sp.htm, skipping...
[ERROR - 2025-10-25 12:58:28,206 - Worker_0] Status code == 403 for http://nagradedomma.blogosfera.uol.com.br/2015/12/04/vem-a-tona-a-primeira-explicacao-para-a-fraca-atuacao-de-ronda-rousey/, skipping...
[ERROR - 2025-10-25 12:58:31,726 - Worker_3] Status code == 403 for http://educacao.uol.com.br/noticias/agencia-estado/2015/12/04/festival-em-escolas-ocupadas-e-mantido-com-adesao-de-ceu-e-chico-cesar.htm, skipping...
[ERROR - 2025-10-25 12:58:34,570 - Worker_4] Status code == 403 for http://educacao.uol.com.br/noticias/agencia-estado/2015/12/04/mec-vai-lancar-sisu-para-preencher-150-mil-vagas-remanescentes.htm, skipping...
[ERROR - 2025-10-25 12:58:36,994 - Worker_3] Status code == 404 for http://jconline.ne10.uol.com.br/canal/cidades/policia/noticia/2015/12/04/pericia-comprova-presenca-de-urina-e-bacteria-em-leite-produzido-no-agreste-211041.php, skipping...
[ERROR - 2025-10-25 12:58:41,408 - Worker_4] Status code == 403 for http://mauriciostycer.blogosfera.uol.com.br/2015/12/04/bastidores-de-reality-da-mtv-teve-drogas-mentiras-e-tequila-diz-vencedora/, skipping...
[ERROR - 2025-10-25 12:58:53,562 - Worker_3] Status code == 403 for http://fernandorodrigues.blogosfera.uol.com.br/2015/12/04/cassar-dilma-e-temer-no-tse-e-mais-viavel-diz-marina/, skipping...
[ERROR - 2025-10-25 12:58:58,610 - Worker_1] Status code == 403 for http://colunaesplanada.blogosfera.uol.com.br/2015/12/04/bancada-pressiona-lider-do-pmdb-por-vaga-na-comissao-do-impeachment/, skipping...
[ERROR - 2025-10-25 12:59:02,484 - Worker_0] Status code == 403 for http://blogdojuca.uol.com.br/2015/12/a-ultima-dramatica-rodada-do-brasileirao/, skipping...
[ERROR - 2025-10-25 12:59:03,205 - Worker_1] Status code == 403 for http://noticias.uol.com.br/saude/ultimas-noticias/bbc/2015/12/04/gemeo-com-irmao-saudavel-foi-paciente-zero-em-epidemia-de-microcefalia-diz-medica.htm, skipping...
[ERROR - 2025-10-25 12:59:05,878 - Worker_3] Status code == 403 for http://oblogdorugbi.blogosfera.uol.com.br/2015/12/04/africa-do-sul-demite-tecnico-mesmo-apos-bronze-em-mundial/, skipping...
[ERROR - 2025-10-25 12:59:06,633 - Worker_0] Status code == 403 for http://noticias.uol.com.br/album/album-do-dia/2015/12/04/imagens-do-dia---4-de-dezembro-de-2015.htm?abrefoto=4, skipping...
[ERROR - 2025-10-25 12:59:13,122 - Worker_0] Status code == 403 for http://noticias.uol.com.br/album/bbc/2015/12/02/a-vida-regida-pelas-aguas-nas-comunidades-flutuantes-da-amazonia.htm?abrefoto=3, skipping...
[ERROR - 2025-10-25 12:59:17,268 - Worker_0] Status code == 403 for http://noticias.uol.com.br/cotidiano/ultimas-noticias/2015/12/04/denuncias-de-violencia-contra-mulher-pelo-disque-180-aumentam-40-este-ano.htm, skipping...
[ERROR - 2025-10-25 12:59:18,084 - Worker_1] Status code == 403 for http://mauriciostycer.blogosfera.uol.com.br/2015/12/04/bastidores-de-reality-da-mtv-teve-drogas-mentiras-e-tequila-diz-vencedora/, skipping...
[ERROR - 2025-10-25 12:59:21,439 - Worker_0] Status code == 403 for http://oblogdorugbi.blogosfera.uol.com.br/2015/12/04/lesao-grave-e-derrota-para-alemanha-marcam-dia-historico-do-brasil-no-rugbi/, skipping...
[ERROR - 2025-10-25 12:59:26,815 - Worker_1] Status code == 403 for http://matias.blogosfera.uol.com.br/2015/12/04/15-anos-depois-da-separacao-os-pioneiros-thaide-e-dj-hum-voltam-a-ativa/, skipping...
[ERROR - 2025-10-25 12:59:31,203 - Worker_1] Status code == 403 for http://uolesporte.blogosfera.uol.com.br/2015/12/04/valdivia-ataca-comentaristas-da-tv-burrice-idade-ou-beberam-muito/, skipping...
[ERROR - 2025-10-25 12:59:37,747 - Worker_4] Status code == 403 for http://noticias.uol.com.br/politica/ultimas-noticias/2015/12/04/pt-chama-impeachment-de-sordida-vinganca-e-mobiliza-movimentos-por-dilma.htm, skipping...
[ERROR - 2025-10-25 12:59:41,918 - Worker_4] Status code == 403 for http://noticias.uol.com.br/ultimas-noticias/efe/2015/12/04/siria-afirma-que-russia-destruiu-comboios-de-petroleo-do-ei-que-iam-a-turquia.htm, skipping...
[ERROR - 2025-10-25 12:59:46,091 - Worker_4] Status code == 403 for http://noticias.uol.com.br/midiaglobal/lemonde/2015/12/04/uma-celula-jihadista-voadora-do-estado-islamico-entre-os-arabes-de-israel.htm, skipping...
[ERROR - 2025-10-25 12:59:47,287 - Worker_1] Status code == 403 for http://andrerocha.blogosfera.uol.com.br/2015/12/04/so-os-clubes-podem-quebrar-a-blindagem-do-sistema-da-cbf-agora-e-a-hora/, skipping...
[ERROR - 2025-10-25 12:59:50,287 - Worker_4] Status code == 403 for http://noticias.uol.com.br/album/album-do-dia/2015/12/04/imagens-do-dia---4-de-dezembro-de-2015.htm?abrefoto=11, skipping...
[ERROR - 2025-10-25 12:59:51,848 - Worker_1] Status code == 404 for http://cenapop.virgula.uol.com.br/2015/12/04/100887-giovanna-antonelli-posa-sexy-e-ostenta-boa-forma-se-envelhecer-e-isso-que-venham-os-40/, skipping...
[ERROR - 2025-10-25 12:59:59,201 - Worker_4] Status code == 403 for http://noticias.uol.com.br/ao-vivo/2015/11/28/cop-21---conferencia-do-clima-em-paris.htm#cop-21-aprova-pre-acordo-para-ser-aprovado-por-ministros-20151205100130, skipping...
[ERROR - 2025-10-25 13:00:09,744 - Worker_2] Status code == 403 for http://noticias.uol.com.br/cotidiano/ultimas-noticias/2015/12/05/justica-de-mg-suspende-acoes-contra-samarco-ate-manifestacao-da-agu.htm, skipping...
[ERROR - 2025-10-25 13:00:11,095 - Worker_4] Status code == 403 for http://noticias.uol.com.br/cotidiano/ultimas-noticias/2015/12/05/mais-quatro-corpos-de-vitimas-da-tragedia-de-mariana-mg-sao-identificados.htm, skipping...
[ERROR - 2025-10-25 13:00:18,657 - Worker_2] Status code == 403 for http://blogdorafaelreis.blogosfera.uol.com.br/2015/12/04/filosofo-jogador-do-barca-vai-passar-natal-em-campo-de-refugiados/, skipping...
[ERROR - 2025-10-25 13:00:20,551 - Worker_4] Status code == 403 for http://balanacesta.blogosfera.uol.com.br/2015/12/05/podcast-bnc-a-despedida-de-kobe-paul-george-voando-e-o-invicto-warriors/, skipping...
[ERROR - 2025-10-25 13:00:22,487 - Worker_1] Status code == 403 for http://noticias.uol.com.br/album/album-do-dia/2015/12/05/imagens-do-dia---5-de-dezembro-de-2015.htm?abrefoto=2, skipping...
[ERROR - 2025-10-25 13:00:24,801 - Worker_4] Status code == 403 for http://nagradedomma.blogosfera.uol.com.br/2015/12/04/vem-a-tona-a-primeira-explicacao-para-a-fraca-atuacao-de-ronda-rousey/, skipping...
[ERROR - 2025-10-25 13:00:26,700 - Worker_1] Status code == 403 for http://noticias.uol.com.br/midiaglobal/elpais/2015/12/05/pedido-de-impeachment-contra-dilma-e-bomba-atomica-politica-no-brasil.htm, skipping...
[ERROR - 2025-10-25 13:00:29,095 - Worker_4] Status code == 403 for http://educacao.uol.com.br/noticias/2015/12/05/governo-alckmin-afirma-que-vai-revogar-decreto-da-reorganizacao.htm, skipping...
[ERROR - 2025-10-25 13:00:32,074 - Worker_3] Status code == 403 for http://noticias.uol.com.br/album/album-do-dia/2015/12/04/imagens-do-dia---4-de-dezembro-de-2015.htm?abrefoto=25, skipping...
[ERROR - 2025-10-25 13:00:33,276 - Worker_4] Status code == 403 for http://noticias.uol.com.br/ultimas-noticias/bbc/2015/12/05/impeachment-decisao-de-cunha-e-antietica-mas-licita-diz-jurista.htm, skipping...
[ERROR - 2025-10-25 13:00:33,310 - Worker_0] Status code == 403 for http://noticias.uol.com.br/album/album-do-dia/2015/12/05/imagens-do-dia---5-de-dezembro-de-2015.htm?abrefoto=12, skipping...
[ERROR - 2025-10-25 13:00:36,230 - Worker_3] Status code == 403 for http://noticias.uol.com.br/ultimas-noticias/bbc/2015/12/04/misterio-de-barcos-fantasma-norte-coreanos-com-corpos-em-decomposicao-intriga-japao.htm, skipping...
[ERROR - 2025-10-25 13:00:36,655 - Worker_2] Status code == 403 for http://noticias.uol.com.br/ultimas-noticias/efe/2015/12/05/franca-prende-suspeito-de-intermediar-acoes-de-terroristas-em-saint-denis.htm, skipping...
[ERROR - 2025-10-25 13:00:37,447 - Worker_4] Status code == 403 for http://noticias.uol.com.br/saude/ultimas-noticias/estado/2015/12/05/sp-tem-primeira-suspeita-de-microcefalia-por-zika-virus.htm, skipping...
[ERROR - 2025-10-25 13:00:41,380 - Worker_2] Status code == 403 for http://fernandorodrigues.blogosfera.uol.com.br/2015/12/04/cassar-dilma-e-temer-no-tse-e-mais-viavel-diz-marina/, skipping...
[ERROR - 2025-10-25 13:00:42,731 - Worker_3] Status code == 403 for http://noticias.uol.com.br/saude/ultimas-noticias/bbc/2015/12/04/gemeo-com-irmao-saudavel-foi-paciente-zero-em-epidemia-de-microcefalia-diz-medica.htm, skipping...
[ERROR - 2025-10-25 13:00:47,152 - Worker_4] Status code == 403 for http://noticias.uol.com.br/saude/ultimas-noticias/redacao/2015/12/05/por-que-o-brasil-nao-consegue-combater-o-mosquito-da-dengue-por-sua-causa.htm, skipping...
[ERROR - 2025-10-25 13:00:47,272 - Worker_0] Status code == 403 for http://noticias.uol.com.br/ultimas-noticias/afp/2015/12/04/canada-sera-primeiro-pais-do-g7-a-legalizar-maconha-em-2016.htm, skipping...
[ERROR - 2025-10-25 13:00:48,064 - Worker_2] Status code == 403 for http://reginanavarro.blogosfera.uol.com.br/2015/12/05/limitacoes-no-sexo/, skipping...
[ERROR - 2025-10-25 13:00:54,707 - Worker_0] Status code == 403 for http://noticias.uol.com.br/ultimas-noticias/reuters/2015/12/05/incendio-em-plataforma-de-petroleira-do-arzebaijao-mata-32-trabalhadores.htm, skipping...
[ERROR - 2025-10-25 13:00:59,009 - Worker_4] Status code == 403 for http://noticias.uol.com.br/album/album-do-dia/2015/12/05/imagens-do-dia---5-de-dezembro-de-2015.htm?abrefoto=5, skipping...
[ERROR - 2025-10-25 13:01:00,666 - Worker_1] Status code == 403 for http://blogdoperrone.blogosfera.uol.com.br/2015/12/opiniao-criterio-caduco-faz-idade-valer-mais-que-competencia-na-cbf/, skipping...
[ERROR - 2025-10-25 13:01:03,249 - Worker_4] Status code == 403 for http://uolesporte.blogosfera.uol.com.br/2015/12/05/jogador-da-nba-surpreende-queria-ser-traficante-quando-crianca/, skipping...
[ERROR - 2025-10-25 13:01:04,886 - Worker_1] Status code == 403 for http://doutorjairo.blogosfera.uol.com.br/2015/12/04/grosseria-no-trabalho-e-algo-contagioso-adverte-pesquisa/, skipping...
[ERROR - 2025-10-25 13:01:05,506 - Worker_2] Status code == 403 for http://futebolemnumeros.blogosfera.uol.com.br/2015/12/05/gremio-grande-com-maior-jejum-de-titulos/, skipping...
[ERROR - 2025-10-25 13:01:07,731 - Worker_4] Status code == 403 for http://nagradedomma.blogosfera.uol.com.br/2015/12/05/dica-pra-aldo-estrela-do-proximo-ufc-aplicou-vitoria-relampago-sobre-conor/, skipping...
[ERROR - 2025-10-25 13:01:09,718 - Worker_2] Status code == 403 for http://educacao.uol.com.br/album/2015/10/06/estudantes-protestam-contra-fechamento-de-escolas-publicas-de-sp.htm?abrefoto=519, skipping...
[ERROR - 2025-10-25 13:01:16,475 - Worker_4] Status code == 403 for http://noticias.uol.com.br/ciencia/ultimas-noticias/bbc/2015/12/05/colombia-diz-ter-localizado-navio-san-jose-tesouro-submerso-mais-procurado-do-mundo.htm, skipping...
[ERROR - 2025-10-25 13:01:18,452 - Worker_2] Status code == 403 for http://maesdepeito.blogosfera.uol.com.br/2015/11/30/como-preparar-os-seios-ainda-na-gestacao-para-a-amamentacao-informe-se/, skipping...
[ERROR - 2025-10-25 13:01:21,375 - Worker_1] Status code == 403 for http://oblogdorugbi.blogosfera.uol.com.br/2015/12/05/depois-de-servir-a-um-legado-grande-nome-do-rugbi-brasileiro-se-aposenta/, skipping...
[ERROR - 2025-10-25 13:01:22,964 - Worker_4] Status code == 403 for http://uolesporte.blogosfera.uol.com.br/2015/12/05/ex-astro-da-nba-revela-ter-gastado-r-373-mi-do-primeiro-salario-em-1-hora/, skipping...
[ERROR - 2025-10-25 13:01:37,119 - Worker_4] Status code == 403 for http://josiasdesouza.blogosfera.uol.com.br/2015/12/06/temer-se-recusa-a-articular-contra-o-impeachment-e-diz-nao-ser-desleal/, skipping...
[ERROR - 2025-10-25 13:01:46,211 - Worker_4] Status code == 403 for http://pvc.blogosfera.uol.com.br/2015/12/05/neymar-nao-marca-no-valencia-alemanha-nao-tera-campeao-invicto/, skipping...
[ERROR - 2025-10-25 13:01:53,057 - Worker_4] Status code == 403 for http://rodrigomattos.blogosfera.uol.com.br/2015/12/06/cartolas-tem-de-pagar-mais-de-r-800-mi-para-eua-no-caso-fifa/, skipping...
[ERROR - 2025-10-25 13:02:05,432 - Worker_0] Status code == 404 for http://entretenimento.band.uol.com.br/paniconaband/2015/aovivo.asp, skipping...
[ERROR - 2025-10-25 13:02:14,903 - Worker_1] Status code == 403 for http://blogdosakamoto.blogosfera.uol.com.br/2015/12/06/ocupacoes-nas-escolas-quando-o-povo-e-cao-de-guarda-da-opressao-2/, skipping...
[ERROR - 2025-10-25 13:02:51,797 - Worker_4] Status code == 403 for http://noticias.uol.com.br/saude/ultimas-noticias/bbc/2015/12/04/gemeo-com-irmao-saudavel-foi-paciente-zero-em-epidemia-de-microcefalia-diz-medica.htm, skipping...
[ERROR - 2025-10-25 13:03:03,525 - Worker_0] Status code == 403 for http://noticias.uol.com.br/ultimas-noticias/afp/2015/12/06/pela-primeira-vez-na-europa-operam-criancas-a-coracao-fechado-em-toulouse.htm, skipping...
[ERROR - 2025-10-25 13:03:05,485 - Worker_4] Status code == 403 for http://noticias.uol.com.br/album/album-do-dia/2015/12/06/imagens-do-dia---6-de-dezembro-de-2015.htm?abrefoto=4, skipping...
[ERROR - 2025-10-25 13:03:08,275 - Worker_3] Status code == 403 for http://noticias.uol.com.br/ultimas-noticias/efe/2015/12/06/capriles-diz-que-venezuela-nao-quer-guerra-apos-resultado-das-eleicoes.htm, skipping...
[ERROR - 2025-10-25 13:03:13,614 - Worker_0] Failed to connect with http://natelinha.ne10.uol.com.br/celebridades/2015/12/06/zeze-di-camargo-e-luciano-sao-os-artistas-que-mais-aparecem-em-propagandas-94762.php after 3 attempts, skipping...
[ERROR - 2025-10-25 13:03:16,867 - Worker_3] Status code == 403 for http://educacao.uol.com.br/noticias/2015/12/06/artistas-elogiam-voz-politica-de-alunos-mas-longe-do-fla-flu-partidario.htm, skipping...
[ERROR - 2025-10-25 13:03:26,066 - Worker_1] Failed to connect with http://esporte.uol.com.br/futebol/campeonatos/brasileiro/serie-a/ultimas-noticias/2015/12/06/torcedor-e-preso-ao-tentar-agredir-alan-patrick-em-concentracao-do-fla.htm after 3 attempts, skipping...
[ERROR - 2025-10-25 13:03:26,391 - Worker_3] Status code == 403 for http://noticias.uol.com.br/album/album-do-dia/2015/12/06/imagens-do-dia---6-de-dezembro-de-2015.htm?abrefoto=13, skipping...
[ERROR - 2025-10-25 13:03:32,171 - Worker_4] Status code == 403 for http://noticias.uol.com.br/midiaglobal/nytimes/2015/12/06/mortes-de-transgeneros-argentinos-testam-as-leis-liberais-do-pais.htm, skipping...
[ERROR - 2025-10-25 13:03:32,502 - Worker_1] Status code == 403 for http://noticias.uol.com.br/saude/ultimas-noticias/the-new-york-times/2015/12/06/voce-e-hipertenso-exame-de-pressao-arterial-permite-varias-leituras.htm, skipping...
[ERROR - 2025-10-25 13:03:42,250 - Worker_1] Status code == 403 for http://noticias.uol.com.br/blogs-e-colunas/coluna/anne-applebaum/2015/12/06/otan-ainda-pode-se-revelar-uma-excelente-vila-para-putin.htm, skipping...
[ERROR - 2025-10-25 13:03:43,735 - Worker_4] Status code == 403 for http://noticias.uol.com.br/ultimas-noticias/agencia-estado/2015/12/06/deputados-do-pmdb-evitam-se-posicionar.htm, skipping...
[ERROR - 2025-10-25 13:03:47,897 - Worker_4] Status code == 403 for http://noticias.uol.com.br/internacional/ultimas-noticias/the-new-york-times/2015/12/06/ex-preso-de-guantanamo-afegao-lidera-guerra-contra-o-estado-islamico.htm, skipping...
[ERROR - 2025-10-25 13:03:59,549 - Worker_2] Status code == 403 for http://noticias.uol.com.br/ultimas-noticias/agencia-estado/2015/12/07/padilha-diz-que-conspiracao-nao-cabe-em-seu-vocabulario-e-nem-do-de-temer.htm, skipping...
[ERROR - 2025-10-25 13:04:00,360 - Worker_0] Status code == 403 for http://educacao.uol.com.br/noticias/agencia-estado/2015/12/07/nao-ha-razao-nenhuma-para-ter-escola-hoje-invadida-diz-alckmin.htm, skipping...
[ERROR - 2025-10-25 13:04:09,111 - Worker_2] Status code == 403 for http://noticias.uol.com.br/cotidiano/ultimas-noticias/2015/12/07/indios-bororo-denunciam-tentativa-de-envenenamento-de-criancas-em-aldeia.htm, skipping...
[ERROR - 2025-10-25 13:04:10,172 - Worker_3] Status code == 403 for http://blogdojuca.uol.com.br/2015/12/cpi-quer-ouvir-del-nero-nesta-terca-feira/, skipping...
[ERROR - 2025-10-25 13:04:14,578 - Worker_3] Status code == 403 for http://blogdorafaelreis.blogosfera.uol.com.br/2015/12/07/lucio-defende-futebol-da-india-alfineta-sao-paulo-e-cogita-volta-ao-brasil/, skipping...
[ERROR - 2025-10-25 13:04:18,807 - Worker_3] Status code == 403 for http://blogdoperrone.blogosfera.uol.com.br/2015/12/quatro-pontos-positivos-para-o-sao-paulo-com-a-aposentadoria-de-rogerio/, skipping...
[ERROR - 2025-10-25 13:04:19,823 - Worker_2] Failed to connect with http://paranaportal.uol.com.br/blog/2015/12/07/defesa-de-carli-filho-tenta-suspender-juri-popular-mais-uma-vez/ after 3 attempts, skipping...
[ERROR - 2025-10-25 13:04:23,036 - Worker_3] Status code == 403 for http://robertosadovski.blogosfera.uol.com.br/2015/12/07/apesar-de-tropecos-comic-con-experience-se-firma-como-grande-evento-pop/, skipping...
[ERROR - 2025-10-25 13:04:27,232 - Worker_3] Status code == 403 for http://noticias.uol.com.br/cotidiano/ultimas-noticias/2015/12/07/agressor-de-medico-no-rn-diz-que-estava-nervoso-e-teve-atitude-impensada.htm, skipping...
[ERROR - 2025-10-25 13:04:31,715 - Worker_1] Status code == 403 for http://blogmiltonneves.bol.uol.com.br/blog/2015/12/05/a-minha-selecao-do-brasileirao-2015-o-que-acha-dos-meus-eleitos-faca-a-sua-tambem/, skipping...
[ERROR - 2025-10-25 13:04:37,310 - Worker_3] Failed to connect with http://natelinha.ne10.uol.com.br/espelhomeu/comportamento/2015/11/23/saiba-como-evitar-que-seu-cachorro-roa-os-moveis-da-casa-358.php after 3 attempts, skipping...
[ERROR - 2025-10-25 13:04:41,575 - Worker_3] Status code == 403 for http://josiasdesouza.blogosfera.uol.com.br/2015/12/07/cunha-usa-o-impeachment-para-protelar-novamente-decisao-sobre-sua-cassacao/, skipping...
[ERROR - 2025-10-25 13:04:42,503 - Worker_4] Status code == 403 for http://blogmiltonneves.bol.uol.com.br/blog/2015/12/07/lutar-por-uma-vaga-no-g-4-esta-acabando-com-a-ambicao-maior-dos-clubes-gritar-e-campeao/, skipping...
[ERROR - 2025-10-25 13:04:42,984 - Worker_1] Status code == 403 for http://noticias.uol.com.br/midiaglobal/nytimes/2015/12/07/documentos-ha-muito-escondidos-revelam-crueldade-do-ataque-a-munique-em-1972.htm, skipping...
[ERROR - 2025-10-25 13:04:45,123 - Worker_0] Status code == 403 for http://blogdojuca.uol.com.br/2015/12/vice-da-cbf-apoia-a-liga-nacional-de-clubes/, skipping...
[ERROR - 2025-10-25 13:04:48,205 - Worker_3] Status code == 403 for http://blogdobrito.blogosfera.uol.com.br/2015/12/07/ja-que-nao-deu-no-futebol-que-tal-investir-nos-esportes-olimpicos-eurico/, skipping...
[ERROR - 2025-10-25 13:04:49,502 - Worker_1] Status code == 403 for http://blogdosakamoto.blogosfera.uol.com.br/2015/12/07/e-se-dilma-adotasse-como-lema-quatro-anos-em-quatro-meses/, skipping...
[ERROR - 2025-10-25 13:04:53,512 - Worker_4] Status code == 403 for http://blogdobirner.blogosfera.uol.com.br/2015/12/07/sao-paulo-mereceu-a-vaga-destinada-ao-menos-incompetente/, skipping...
[ERROR - 2025-10-25 13:04:54,496 - Worker_2] Status code == 404 for http://cenapop.virgula.uol.com.br/2015/12/07/101196-nathalia-dill-fara-mae-de-personagem-do-namorado-ser gio-guize-em-eta-mundo-bom/, skipping...
[ERROR - 2025-10-25 13:04:56,031 - Worker_1] Status code == 403 for http://operamundi.uol.com.br/brenoaltman/2015/12/07/por-que-o-chavismo-perdeu/, skipping...
[ERROR - 2025-10-25 13:05:05,250 - Worker_1] Status code == 403 for http://fernandorodrigues.blogosfera.uol.com.br/2015/12/07/conheca-o-mapa-da-fisiologia-na-saude-publica/, skipping...
[ERROR - 2025-10-25 13:05:09,855 - Worker_2] Status code == 403 for http://nagradedomma.blogosfera.uol.com.br/2015/12/07/sonnen-chama-aldo-de-galinha-e-diz-que-ele-e-mcgregor-estao-acovardados/, skipping...
[ERROR - 2025-10-25 13:05:23,988 - Worker_2] Status code == 403 for http://blogdomenon.blogosfera.uol.com.br/2015/12/08/inter-de-milao-e-vila-curuca-tudo-a-ver/, skipping...
[ERROR - 2025-10-25 13:05:26,664 - Worker_1] Status code == 403 for http://blogdomariomagalhaes.blogosfera.uol.com.br/2015/12/08/ofensiva-da-universal-contra-paes-e-pezao-prepara-campanha-crivella-em-2016/, skipping...
[ERROR - 2025-10-25 13:05:28,162 - Worker_2] Status code == 404 for http://guia.uol.com.br/album/2015/12/08/exposicao-celebra-40-anos-do-grupo-corpo-com-fotos-e-videos-em-sp.htm, skipping...
[ERROR - 2025-10-25 13:05:33,948 - Worker_4] Status code == 404 for http://noticias.uol.com.br/internacional/ultimas-noticias/le-monde/2015/12/08/estado-islamico-faz-apelo-para-matarem-professores-na-franca.htm, skipping...
[ERROR - 2025-10-25 13:05:39,931 - Worker_1] Status code == 403 for http://fernandorodrigues.blogosfera.uol.com.br/2015/12/08/derrota-acachapante-mostra-fragilidade-do-planalto-diante-do-impeachment/, skipping...
[ERROR - 2025-10-25 13:05:44,979 - Worker_4] Status code == 403 for http://noticias.uol.com.br/politica/ultimas-noticias/2015/12/08/adiamento-conselho-de-etica.htm, skipping...
[ERROR - 2025-10-25 13:05:49,085 - Worker_2] Failed to connect with http://carsale.uol.com.br/ultimas/2015/12/08/kia-confirma-novo-sportage-e-rio-no-brasil-e-revela-planos-para-2016/ after 3 attempts, skipping...
[ERROR - 2025-10-25 13:05:53,114 - Worker_1] Status code == 403 for http://blogdoboleiro.blogosfera.uol.com.br/2015/12/08/wendell-lira-ganha-dois-ternos-do-craque-neto-para-entrega-do-premio-puskas/, skipping...
[ERROR - 2025-10-25 13:05:56,309 - Worker_4] Status code == 403 for http://economia.uol.com.br/noticias/valor-online/2015/12/08/producao-de-motos-tem-o-pior-ano-da-decada-e-cai-154.htm, skipping...
[ERROR - 2025-10-25 13:05:57,276 - Worker_1] Status code == 403 for http://blogdoboleiro.blogosfera.uol.com.br/2015/12/08/empresario-diz-que-lucas-moura-quer-uma-oportunidade-justa-no-psg/, skipping...
[ERROR - 2025-10-25 13:05:58,027 - Worker_2] Status code == 403 for http://maesdepeito.blogosfera.uol.com.br/2015/12/08/como-se-livrar-das-dolorosas-mordidas-durante-a-mamada/, skipping...
[ERROR - 2025-10-25 13:06:02,191 - Worker_2] Status code == 403 for http://economia.uol.com.br/noticias/reuters/2015/12/08/petrobras-oferece-para-venda-ate-10-da-area-de-libra-no-pre-sal-dizem-fontes.htm, skipping...
[ERROR - 2025-10-25 13:06:10,799 - Worker_1] Status code == 403 for http://blogdoohata.blogosfera.uol.com.br/2015/12/08/meu-capitulo-secreto-na-biografia-de-lars-grael/, skipping...
[ERROR - 2025-10-25 13:06:15,512 - Worker_2] Status code == 403 for http://economia.uol.com.br/noticias/redacao/2015/12/08/vale-vende-4-supernavios-para-consorcio-chines-por-us-423-milhoes.htm, skipping...
[ERROR - 2025-10-25 13:06:21,486 - Worker_4] Status code == 403 for http://josiasdesouza.blogosfera.uol.com.br/2015/12/08/grupo-anti-dilma-deve-obter-comando-da-comissao-preve-idealizador-da-chapa/, skipping...
[ERROR - 2025-10-25 13:06:27,755 - Worker_0] Status code == 403 for http://blogdosakamoto.blogosfera.uol.com.br/2015/12/08/caro-temer-todas-as-cartas-de-amor-sao-ridiculas-mas-nos-tambem-somos/, skipping...
[ERROR - 2025-10-25 13:07:12,336 - Worker_4] Status code == 403 for http://blogdobirner.blogosfera.uol.com.br/2015/12/09/ceni-lutas-psol-os-bastidores-pouco-conhecidos-de-juvenal-no-sao-paulo/, skipping...
[ERROR - 2025-10-25 13:07:28,769 - Worker_1] Status code == 403 for http://noticias.uol.com.br/album/2015/12/04/tab-54--moradores-de-rua.htm?abrefoto=1, skipping...
[ERROR - 2025-10-25 13:07:31,337 - Worker_3] Status code == 404 for http://carnaval.uol.com.br/2016/noticias/redacao/2015/12/09/industria-do-samba-enredo-compositores-campeoes-gastam-mais-de-r-100-mil.htm, skipping...
[ERROR - 2025-10-25 13:07:34,675 - Worker_4] Status code == 403 for http://blogdosakamoto.blogosfera.uol.com.br/2015/12/09/trabalho-escravo-congresso-prepara-mais-um-golpe-contra-trabalhadores/, skipping...
[ERROR - 2025-10-25 13:07:42,434 - Worker_3] Status code == 403 for http://noticias.uol.com.br/ultimas-noticias/afp/2015/12/09/nova-ponte-entre-mexico-e-eua-conecta-aeroportos-de-tijuana-e-san-diego.htm, skipping...
[ERROR - 2025-10-25 13:08:24,459 - Worker_3] Status code == 403 for http://brasilianismo.blogosfera.uol.com.br/2015/12/09/deu-no-guardian-rio-viola-direitos-humanos-e-tera-jogos-da-exclusao/, skipping...
[ERROR - 2025-10-25 13:08:25,186 - Worker_4] Status code == 403 for http://nagradedomma.blogosfera.uol.com.br/2015/12/09/ufc-anuncia-revanche-werdum-x-velasquez-para-fevereiro-de-2016/, skipping...
[ERROR - 2025-10-25 13:08:43,021 - Worker_3] Status code == 403 for http://blogdomenon.blogosfera.uol.com.br/2015/12/09/sao-paulo-perdeu-r-25-milhoes-e-a-credibilidade/, skipping...
[ERROR - 2025-10-25 13:08:51,751 - Worker_4] Status code == 403 for http://blogdojuliogomes.blogosfera.uol.com.br/2015/12/09/ingleses-passam-mas-formam-terceiro-escalao-no-mata-mata-da-champions/, skipping...
[ERROR - 2025-10-25 13:08:53,243 - Worker_0] Status code == 404 for http://futebol.placar.esporte.uol.com.br/futebol/copa-sul-americana/2015/12/09/ind-santa-fe-x-huracan.htm, skipping...
[ERROR - 2025-10-25 13:09:10,249 - Worker_0] Failed to connect with http://natelinha.ne10.uol.com.br/espelhomeu/casa-e-decoracao/2015/11/29/arcondicionado-precisa-de-limpezas-periodicas-para-o-seu-bom-funcionamento-368.php after 3 attempts, skipping...
[ERROR - 2025-10-25 13:09:14,761 - Worker_0] Status code == 403 for http://futebolemnumeros.blogosfera.uol.com.br/2015/12/10/santos-clube-com-mais-artilheiros-em-campeonatos-nacionais/, skipping...
[ERROR - 2025-10-25 13:09:26,612 - Worker_0] Status code == 403 for http://colunaesplanada.blogosfera.uol.com.br/2015/12/10/greve-de-motoristas-deixa-ministros-do-planalto-a-pe/, skipping...
[ERROR - 2025-10-25 13:09:45,500 - Worker_2] Status code == 403 for http://negociosdoesporte.blogosfera.uol.com.br/2015/12/10/o-recado-do-corinthians-ao-mercado/, skipping...
[ERROR - 2025-10-25 13:09:48,964 - Worker_0] Status code == 500 for http://musica.uol.com.br/noticias/redacao/2015/12/09/streaming-de-musica-se-populariza-no-brasil-em-2015-mas-ainda-nao-da-lucro.htm, skipping...
[ERROR - 2025-10-25 13:10:19,966 - Worker_3] Status code == 403 for http://blogdoico.blogosfera.uol.com.br/2015/12/10/mercedes-sobra-no-ranking-das-equipes-da-f-1-em-2015/, skipping...
[ERROR - 2025-10-25 13:10:24,393 - Worker_3] Status code == 403 for http://noticias.uol.com.br/midiaglobal/elpais/2015/12/10/pequim-vira-mar-de-mascaras-apos-alerta-vermelho-de-poluicao.htm, skipping...
[ERROR - 2025-10-25 13:10:33,687 - Worker_3] Status code == 403 for http://noticias.uol.com.br/ciencia/ultimas-noticias/redacao/2015/12/10/primeira-ninhada-de-caes-de-proveta-nasce-nos-estados-unidos.htm, skipping...
[ERROR - 2025-10-25 13:10:33,885 - Worker_2] Failed to connect with http://paranaportal.uol.com.br/blog/2015/12/10/chuva-abre-cratera-em-rua-de-municipio-paranaense/ after 3 attempts, skipping...
[ERROR - 2025-10-25 13:10:40,730 - Worker_2] Status code == 403 for http://blogdoboleiro.blogosfera.uol.com.br/2015/12/10/lugano-vem-para-o-brasil-joga-na-despedida-de-ceni-falta-falar-com-spfc/, skipping...
[ERROR - 2025-10-25 13:10:42,554 - Worker_3] Status code == 403 for http://rodrigomattos.blogosfera.uol.com.br/2015/12/10/proibido-de-falar-com-cbf-marin-renuncia-por-carta-e-gera-questionamentos/, skipping...
[ERROR - 2025-10-25 13:10:45,730 - Worker_4] Status code == 403 for http://noticias.uol.com.br/meio-ambiente/ultimas-noticias/redacao/2015/12/10/transparencia-e-mais-importante-que-punicao-em-acordo-sobre-o-clima.htm, skipping...
[ERROR - 2025-10-25 13:10:46,739 - Worker_3] Status code == 403 for http://noticias.uol.com.br/ultimas-noticias/bbc/2015/12/10/violencia-domestica-5-obstaculos-que-mulheres-enfrentam-para-denunciar.htm, skipping...
[ERROR - 2025-10-25 13:10:50,086 - Worker_1] Status code == 403 for http://noticias.uol.com.br/politica/ultimas-noticias/2015/12/10/novo-relator-indica-que-dara-parecer-a-favor-de-processo-contra-cunha.htm, skipping...
[ERROR - 2025-10-25 13:10:54,269 - Worker_1] Status code == 403 for http://noticias.uol.com.br/ultimas-noticias/agencia-estado/2015/12/10/cunha-diz-que-relacao-politica-dentro-do-pmdb-esta-em-ebulicao.htm, skipping...
[ERROR - 2025-10-25 13:10:55,021 - Worker_4] Status code == 403 for http://nagradedomma.blogosfera.uol.com.br/2015/12/10/sosia-de-mcgregor-diz-que-vitoria-do-irlandes-deu-pista-para-aldo-bate-lo/, skipping...
[ERROR - 2025-10-25 13:10:59,206 - Worker_4] Status code == 403 for http://noticias.uol.com.br/midiaglobal/elpais/2015/12/11/oposicao-siria-tenta-acordo-durante-encontro-na-arabia-saudita-apesar-de-diferencas.htm, skipping...
[ERROR - 2025-10-25 13:11:05,823 - Worker_4] Status code == 403 for http://mauriciostycer.blogosfera.uol.com.br/2015/12/11/com-gestao-familiar-e-grade-estruturada-sbt-depende-menos-de-silvio-santos/, skipping...
[ERROR - 2025-10-25 13:11:24,764 - Worker_2] Status code == 403 for http://blogdomariomagalhaes.blogosfera.uol.com.br/2015/12/11/muricy-brasileiros-esnobados-na-europa-e-formacao-continuada-dos-tecnicos/, skipping...
[ERROR - 2025-10-25 13:11:28,996 - Worker_2] Status code == 403 for http://noticias.uol.com.br/saude/ultimas-noticias/redacao/2015/12/11/vacina-contra-dengue-sera-testada-em-17-mil-pessoas-e-em-12-estados.htm, skipping...
[ERROR - 2025-10-25 13:11:29,656 - Worker_1] Status code == 403 for http://noticias.uol.com.br/ultimas-noticias/agencia-estado/2015/12/11/lava-jato-descobre-us-190-milhoes-em-contas-de-doleiro.htm, skipping...
[ERROR - 2025-10-25 13:11:33,152 - Worker_2] Status code == 403 for http://noticias.uol.com.br/cotidiano/ultimas-noticias/2015/12/11/lutador-que-batia-para-educar-pega-23-anos-por-morte-do-filho-de-2-anos.htm, skipping...
[ERROR - 2025-10-25 13:11:33,860 - Worker_1] Status code == 403 for http://companhiadeviagem.blogosfera.uol.com.br/2015/12/11/quarto-de-hotel-proporciona-um-visual-incrivel-do-continente-africano/, skipping...
[ERROR - 2025-10-25 13:11:41,036 - Worker_3] Status code == 403 for http://noticias.uol.com.br/ultimas-noticias/redacao/2015/12/11/blogueiro-do-uol-leonardo-sakamoto-ganha-premio-direitos-humanos-2015.htm, skipping...
[ERROR - 2025-10-25 13:11:43,149 - Worker_1] Status code == 403 for http://educacao.uol.com.br/noticias/2015/12/11/menina-de-7-anos-e-assassinada-em-festa-de-formatura-em-petrolina-pe.htm, skipping...
[ERROR - 2025-10-25 13:11:50,171 - Worker_3] Status code == 403 for http://noticias.uol.com.br/ultimas-noticias/afp/2015/12/11/filho-do-ex-ditador-libio-falecido-kadhafi-e-sequestrado-no-libano.htm, skipping...
[ERROR - 2025-10-25 13:11:53,426 - Worker_1] Failed to connect with http://paranaportal.uol.com.br/blog/2015/12/11/mpc-denuncia-retaliacao-depois-de-apontar-pedaladas-fiscais-no-pr/ after 3 attempts, skipping...
[ERROR - 2025-10-25 13:11:53,709 - Worker_4] Failed to connect with http://natelinha.ne10.uol.com.br/noticias/2015/12/11/a-regra-do-jogo-furioso-dante-joga-orlando-contra-a-parede-94905.php after 3 attempts, skipping...
[ERROR - 2025-10-25 13:11:58,028 - Worker_4] Status code == 403 for http://doutorjairo.blogosfera.uol.com.br/2015/12/11/acordar-tarde-nos-fins-de-semana-pode-prejudicar-sua-saude/, skipping...
[ERROR - 2025-10-25 13:11:58,912 - Worker_3] Status code == 403 for http://noticias.uol.com.br/cotidiano/ultimas-noticias/2015/12/11/gravidas-presas-no-rio-nao-poderao-ser-algemadas-durante-trabalho-de-parto.htm, skipping...
[ERROR - 2025-10-25 13:12:09,140 - Worker_3] Failed to connect with http://paranaportal.uol.com.br/blog/2015/12/11/alvaro-dias-busca-maisespaco-na-politica-e-indica-sua-saida-do-psdb/ after 3 attempts, skipping...
[ERROR - 2025-10-25 13:12:14,244 - Worker_0] Status code == 403 for http://noticias.uol.com.br/ciencia/ultimas-noticias/bbc/2015/12/11/a-lua-com-geiseres-de-vapor-que-pode-ter-a-melhor-condicao-para-vida-depois-da-terra.htm, skipping...
[ERROR - 2025-10-25 13:12:15,659 - Worker_3] Status code == 403 for http://noticias.uol.com.br/ultimas-noticias/redacao/2015/12/11/reportagem-sobre-guerrilha-publicada-no-uol-leva-premio-de-direitos-humanos.htm, skipping...
[ERROR - 2025-10-25 13:12:20,705 - Worker_0] Status code == 403 for http://noticias.uol.com.br/cotidiano/ultimas-noticias/2015/12/11/apos-mp-entrar-na-justica-samarco-anuncia-ajuda-as-familias-de-barra-longa.htm, skipping...
[ERROR - 2025-10-25 13:12:24,877 - Worker_0] Status code == 403 for http://noticias.uol.com.br/ciencia/ultimas-noticias/afp/2015/12/11/brasil-se-une-a-coalizao-de-paises-que-buscam-acordo-ambicioso-sobre-o-clima.htm, skipping...
[ERROR - 2025-10-25 13:12:29,062 - Worker_0] Status code == 403 for http://noticias.uol.com.br/album/album-do-dia/2015/12/11/imagens-do-dia---11-de-dezembro-de-2015.htm?abrefoto=4, skipping...
[ERROR - 2025-10-25 13:12:32,843 - Worker_1] Status code == 403 for http://nagradedomma.blogosfera.uol.com.br/2015/12/11/como-as-bolsas-de-apostas-mexem-com-o-azarao-aldo-e-o-favorito-mcgregor/, skipping...
[ERROR - 2025-10-25 13:12:39,463 - Worker_1] Status code == 403 for http://rodrigomattos.blogosfera.uol.com.br/2015/12/11/justica-cancela-eleicao-e-chama-cbf-de-desacreditada-entidade-recorrera/, skipping...
[ERROR - 2025-10-25 13:12:43,690 - Worker_1] Status code == 403 for http://noticias.uol.com.br/ultimas-noticias/bbc/2015/12/10/violencia-domestica-5-obstaculos-que-mulheres-enfrentam-para-denunciar.htm, skipping...
[ERROR - 2025-10-25 13:12:51,714 - Worker_2] Status code == 403 for http://andrerocha.blogosfera.uol.com.br/2015/12/11/ceni-pes-revolucionarios-maior-atuacao-com-as-maos-sempre-controverso/, skipping...
[ERROR - 2025-10-25 13:13:01,331 - Worker_2] Status code == 403 for http://noticias.uol.com.br/cotidiano/ultimas-noticias/2015/12/12/confira-as-dezenas-da-mega-sena-do-sabado-premio-estimado-e-de-r-135-mi.htm, skipping...
[ERROR - 2025-10-25 13:13:03,452 - Worker_0] Status code == 404 for http://carnaval.uol.com.br/2016/noticias/redacao/2015/12/11/mocidade-e-vai-vai-abrem-ensaio-tecnico-no-anhembi-neste-sabado.htm, skipping...
[ERROR - 2025-10-25 13:13:12,437 - Worker_0] Status code == 403 for http://nagradedomma.blogosfera.uol.com.br/2015/12/12/quais-licoes-a-ultima-luta-de-conor-mcgregor-deram-para-jose-aldo/, skipping...
[ERROR - 2025-10-25 13:13:16,696 - Worker_0] Status code == 403 for http://blogdomariomagalhaes.blogosfera.uol.com.br/2015/12/11/muricy-brasileiros-esnobados-na-europa-e-formacao-continuada-dos-tecnicos/, skipping...
[ERROR - 2025-10-25 13:13:26,511 - Worker_2] Status code == 403 for http://blogdorafaelreis.blogosfera.uol.com.br/2015/12/12/quer-jogar-futebol-e-estudar-saiba-como-ir-para-os-eua/, skipping...
[ERROR - 2025-10-25 13:13:30,245 - Worker_0] Status code == 403 for http://noticias.uol.com.br/album/album-do-dia/2015/12/12/imagens-do-dia---12-de-dezembro-de-2015.htm#fotoNav=19, skipping...
[ERROR - 2025-10-25 13:13:34,600 - Worker_0] Status code == 403 for http://mauriciostycer.blogosfera.uol.com.br/2015/12/12/em-entrevista-com-boni-jo-soares-ignora-as-criticas-do-executivo-a-globo/, skipping...
[ERROR - 2025-10-25 13:13:41,763 - Worker_2] Status code == 502 for http://noticias.band.uol.com.br/brasilurgente/video/2015/12/12/15706471/motorista-e-resgatado-de-carro-durante-alagamento-em-sp.html, skipping...
[ERROR - 2025-10-25 13:13:48,627 - Worker_0] Status code == 403 for http://pvc.blogosfera.uol.com.br/2015/12/12/o-incalculavel-valor-de-rogerio-ceni-para-a-historia-do-sao-paulo/, skipping...
[ERROR - 2025-10-25 13:14:14,205 - Worker_1] Status code == 403 for http://uolesporte.blogosfera.uol.com.br/2015/12/12/ta-bombando-neymar-faz-nova-tatuagem-boleira, skipping...
[ERROR - 2025-10-25 13:14:32,151 - Worker_2] Status code == 403 for http://noticias.uol.com.br/internacional/ultimas-noticias/2015/12/11/novo-trabalho-de-bansky-retrata-steve-jobs-como-refugiado.htm, skipping...
[ERROR - 2025-10-25 13:14:50,517 - Worker_2] Status code == 403 for http://uolesporte.blogosfera.uol.com.br/2015/12/13/ciumes-ronda-conta-como-namorado-reagiu-com-ela-indo-ao-baile-com-fa/, skipping...
[ERROR - 2025-10-25 13:15:13,854 - Worker_1] Status code == 403 for http://noticias.uol.com.br/internacional/ultimas-noticias/el-pais/2015/12/12/voce-esta-a-altura-de-um-ciber-james-bond-reino-unido-faz-o-teste.htm, skipping...
[ERROR - 2025-10-25 13:15:17,875 - Worker_4] Failed to connect with http://natelinha.ne10.uol.com.br/series/2015/12/12/fox-fica-no-topo-da-tv-paga-com-nova-temporada-de-the-walking-dead-94910.php after 3 attempts, skipping...
[ERROR - 2025-10-25 13:15:22,202 - Worker_4] Status code == 403 for http://nagradedomma.blogosfera.uol.com.br/2015/12/13/o-erro-de-aldo-e-o-acerto-de-mcgregor/, skipping...
[ERROR - 2025-10-25 13:15:27,846 - Worker_3] Status code == 403 for http://nagradedomma.blogosfera.uol.com.br/2015/12/13/veja-a-reacao-impressionante-dos-tecnicos-de-aldo-e-mcgregor-ao-nocaute/, skipping...
[ERROR - 2025-10-25 13:15:48,381 - Worker_3] Status code == 403 for http://balanacesta.blogosfera.uol.com.br/2015/12/14/titulo-da-ldb-coroa-brilhante-trabalho-de-base-do-pinheiros/, skipping...
[ERROR - 2025-10-25 13:15:57,400 - Worker_3] Status code == 403 for http://blogdosakamoto.blogosfera.uol.com.br/2015/12/14/dez-declaracoes-de-politicos-que-resumem-por-que-2015-foi-louco/, skipping...
[ERROR - 2025-10-25 13:16:08,787 - Worker_2] Status code == 403 for http://andrerocha.blogosfera.uol.com.br/2015/12/14/boas-sacadas-e-humildade-de-mano-menezes-os-trunfos-de-deivid-no-cruzeiro, skipping...
[ERROR - 2025-10-25 13:16:14,258 - Worker_1] Failed to connect with http://viagem.uol.com.br/album/2015/12/13/dez-lugares-romanticos-para-pedir-alguem-em-casamento-e-receber-um-sim.htm?abrefoto=11 after 3 attempts, skipping...
[ERROR - 2025-10-25 13:16:17,425 - Worker_4] Status code == 404 for http://carnaval.uol.com.br/2016/noticias/redacao/2015/12/14/com-homenagem-a-politico-vila-isabel-inicia-ensaios-tecnicos-no-sambodromo.htm, skipping...
[ERROR - 2025-10-25 13:16:18,458 - Worker_1] Status code == 403 for http://noticias.uol.com.br/album/album-do-dia/2015/12/14/imagens-do-dia---14-de-dezembro-de-2015.htm?abrefoto=13, skipping...
[ERROR - 2025-10-25 13:16:19,244 - Worker_3] Status code == 404 for http://esporte.uol.com.br/f1/ultimas-noticias/2015/12/14/equipe-brasileira-e-lembrada-como-fracasso-mas-resultados-merecem-respeito.htm, skipping...
[ERROR - 2025-10-25 13:16:22,629 - Worker_1] Status code == 403 for http://noticias.uol.com.br/ultimas-noticias/agencia-estado/2015/12/14/mp-pede-condenacao-de-pms-acusados-de-matar-cinco-jovens-no-rio.htm, skipping...
[ERROR - 2025-10-25 13:16:23,973 - Worker_4] Status code == 403 for http://noticias.uol.com.br/ultimas-noticias/agencia-estado/2015/12/14/seis-prefeitos-se-reunem-com-dilma-e-entregam-carta-contra-impeachment.htm, skipping...
[ERROR - 2025-10-25 13:16:25,363 - Worker_2] Status code == 403 for http://noticias.uol.com.br/ultimas-noticias/efe/2015/12/14/onibus-da-gendarmaria-argentina-cai-de-ponte-e-mata-42-pessoas.htm, skipping...
[ERROR - 2025-10-25 13:16:29,534 - Worker_2] Status code == 403 for http://noticias.uol.com.br/ultimas-noticias/agencia-estado/2015/12/14/prb-pede-ao-stf-que-pinato-volte-a-relatoria-do-caso-cunha-no-conselho-de-etica.htm, skipping...
[ERROR - 2025-10-25 13:16:30,610 - Worker_3] Status code == 403 for http://noticias.uol.com.br/album/album-do-dia/2015/12/14/imagens-do-dia---14-de-dezembro-de-2015.htm?abrefoto=15, skipping...
[ERROR - 2025-10-25 13:16:32,117 - Worker_1] Status code == 403 for http://noticias.uol.com.br/ciencia/ultimas-noticias/bbc/2015/12/14/nova-terapia-genetica-faz-celulas-de-cancer-cometerem-suicidio.htm, skipping...
[ERROR - 2025-10-25 13:16:34,986 - Worker_3] Status code == 403 for http://nagradedomma.blogosfera.uol.com.br/2015/12/14/profeta-mcgregor-achou-que-seria-famoso-no-futebol-e-ja-foi-encanador/, skipping...
[ERROR - 2025-10-25 13:16:35,227 - Worker_4] Status code == 403 for http://fernandorodrigues.blogosfera.uol.com.br/2015/12/14/procura-por-taxi-continua-a-mesma-apos-uber-avalia-cade/, skipping...
[ERROR - 2025-10-25 13:16:42,230 - Worker_4] Status code == 404 for http://esporte.uol.com.br/f1/ultimas-noticias/2015/12/14/expectativa-em-cima-de-filho-de-schumacher-preocupa-nico-rosberg.htm, skipping...
[ERROR - 2025-10-25 13:16:45,711 - Worker_2] Status code == 403 for http://noticias.uol.com.br/internacional/ultimas-noticias/2015/12/14/obama-diz-que-e-preciso-avanco-mais-rapido-contra-o-estado-islamico.htm, skipping...
[ERROR - 2025-10-25 13:16:49,854 - Worker_2] Status code == 403 for http://noticias.uol.com.br/ultimas-noticias/agencia-estado/2015/12/14/para-garantir-lava-jato-barros-reduz-corte-para-ministerio-publico-em-2016.htm, skipping...
[ERROR - 2025-10-25 13:17:02,292 - Worker_2] Failed to connect with http://carsale.uol.com.br/ultimas/2015/12/12/novo-gol-2016-flagra-revela-o-aguardado-lancamento-da-volkswagen/ after 3 attempts, skipping...
[ERROR - 2025-10-25 13:17:09,297 - Worker_3] Status code == 403 for http://blogdojuca.uol.com.br/2015/12/a-bola-esta-parada-os-bastidores-do-futebol-nao/, skipping...
[ERROR - 2025-10-25 13:17:20,780 - Worker_3] Status code == 403 for http://economia.uol.com.br/noticias/reuters/2015/12/14/aneel-reve-tarifa-para-pagar-emprestimos-de-socorro-a-distribuidoras-de-energia.htm, skipping...
[ERROR - 2025-10-25 13:17:21,745 - Worker_2] Status code == 403 for http://economia.uol.com.br/noticias/bbc/2015/12/14/com-macri-brasil-e-argentina-tentam-fazer-as-pazes-na-economia.htm, skipping...
[ERROR - 2025-10-25 13:17:30,113 - Worker_3] Status code == 403 for http://noticias.uol.com.br/ultimas-noticias/afp/2015/12/14/professor-frances-supostamente-agredido-por-partidario-do-ei-inventou-agressao.htm, skipping...
[ERROR - 2025-10-25 13:17:30,920 - Worker_2] Status code == 403 for http://josecruz.blogosfera.uol.com.br/2015/12/guga-mantem-coerencia-e-revela-pais-atrasado-em-politicas-para-o-esporte/, skipping...
[ERROR - 2025-10-25 13:17:34,274 - Worker_3] Status code == 403 for http://noticias.uol.com.br/ultimas-noticias/agencia-estado/2015/12/14/juiz-da-lava-jato-condena-dono-da-engevix-a-19-anos-de-prisao.htm, skipping...
[ERROR - 2025-10-25 13:17:38,835 - Worker_3] Status code == 403 for http://tecnologia.uol.com.br/noticias/nyt/2015/12/14/quem-precisa-de-revistas-de-moda-quando-existe-o-instagram.htm, skipping...
[ERROR - 2025-10-25 13:17:40,102 - Worker_2] Status code == 403 for http://noticias.uol.com.br/ultimas-noticias/agencia-estado/2015/12/14/caixa-2-para-lula-foi-definido-em-reuniao-com-queiroz-galvao-afirma-delator.htm, skipping...
[ERROR - 2025-10-25 13:17:45,412 - Worker_3] Status code == 403 for http://noticias.uol.com.br/cotidiano/ultimas-noticias/2015/12/14/para-para-hoje-e-meu-aniversario-diz-jovem-antes-de-ser-morto-no-rio.htm, skipping...
[ERROR - 2025-10-25 13:17:56,638 - Worker_1] Status code == 403 for http://noticias.uol.com.br/ultimas-noticias/agencia-estado/2015/12/15/pt-pcdob-rede-e-psol-pedem-ao-supremo-o-afastamento-cautelar-de-cunha.htm, skipping...
[ERROR - 2025-10-25 13:17:59,969 - Worker_0] Status code == 403 for http://noticias.uol.com.br/meio-ambiente/ultimas-noticias/redacao/2015/12/15/2015-tem-novembro-mais-quente-em-135-anos-diz-nasa.htm, skipping...
[ERROR - 2025-10-25 13:18:04,709 - Worker_3] Status code == 403 for http://rodrigomattos.blogosfera.uol.com.br/2015/12/15/fla-negocia-renovacao-com-caixa-e-mantem-meta-de-r-100-mi-de-patrocinio/, skipping...
[ERROR - 2025-10-25 13:18:11,581 - Worker_3] Status code == 403 for http://paginacinco.blogosfera.uol.com.br/2015/12/15/momento-do-brasil-e-vergonhoso-diz-escritor-luis-fernando-verissimo/, skipping...
[ERROR - 2025-10-25 13:18:15,719 - Worker_0] Failed to connect with http://paranaportal.uol.com.br/blog/2015/12/15/justica-impede-festa-com-rodizio-de-mulheres-no-parana/ after 3 attempts, skipping...
[ERROR - 2025-10-25 13:18:15,779 - Worker_3] Status code == 403 for http://noticias.uol.com.br/opiniao/coluna/2015/12/15/fosfoetanolamina-e-uma-fantasia-que-mais-fere-do-que-ajuda.htm, skipping...
[ERROR - 2025-10-25 13:18:20,185 - Worker_0] Status code == 403 for http://mauriciostycer.blogosfera.uol.com.br/2015/12/15/peticao-com-30-mil-assinaturas-pede-a-band-a-retirada-do-panico-da-grade/, skipping...
[ERROR - 2025-10-25 13:18:24,561 - Worker_3] Status code == 403 for http://noticias.uol.com.br/album/album-do-dia/2015/12/14/imagens-do-dia---14-de-dezembro-de-2015.htm?abrefoto=21, skipping...
[ERROR - 2025-10-25 13:18:26,651 - Worker_0] Status code == 403 for http://noticias.uol.com.br/ultimas-noticias/agencia-estado/2015/12/15/se-o-pmdb-impuser-o-nome-de-marta-eu-saio-do-partido-diz-chalita.htm, skipping...
[ERROR - 2025-10-25 13:18:28,738 - Worker_3] Status code == 403 for http://noticias.uol.com.br/ultimas-noticias/agencia-estado/2015/12/15/ibopecni-avaliacao-ruimpessima-do-governo-dilma-oscila-de-69-para-70.htm, skipping...
[ERROR - 2025-10-25 13:18:30,814 - Worker_0] Status code == 403 for http://noticias.uol.com.br/album/album-do-dia/2015/12/15/imagens-do-dia---15-de-dezembro-de-2015.htm?abrefoto=5, skipping...
[ERROR - 2025-10-25 13:18:32,884 - Worker_3] Status code == 403 for http://noticias.uol.com.br/ultimas-noticias/agencia-estado/2015/12/15/em-depoimento-a-pf-bumlai-blinda-lula.htm, skipping...
[ERROR - 2025-10-25 13:18:34,991 - Worker_0] Status code == 403 for http://noticias.uol.com.br/politica/ultimas-noticias/2015/12/15/conselho-de-etica-eduardo-cunha.htm, skipping...
[ERROR - 2025-10-25 13:18:39,655 - Worker_3] Status code == 403 for http://oblogdorugbi.blogosfera.uol.com.br/2015/12/15/show-de-rugbi-veja-os-melhores-tries-da-elite-do-sevens-na-africa-do-sul/, skipping...
[ERROR - 2025-10-25 13:18:47,327 - Worker_3] Status code == 403 for http://noticias.uol.com.br/saude/ultimas-noticias/bbc/2015/12/15/maes-do-sertao-vivem-angustia-de-nao-ter-diagnostico-definitivo-de-microcefalia.htm, skipping...
[ERROR - 2025-10-25 13:18:58,956 - Worker_3] Status code == 403 for http://noticias.uol.com.br/midiaglobal/lemonde/2015/12/15/jovens-estao-saindo-cada-vez-mais-tarde-da-casa-dos-pais.htm, skipping...
[ERROR - 2025-10-25 13:18:59,440 - Worker_4] Status code == 403 for http://noticias.uol.com.br/ultimas-noticias/agencia-estado/2015/12/15/justica-acolhe-denuncia-e-bumlai-e-mais-10-viram-reus-por-corrupcao.htm, skipping...
[ERROR - 2025-10-25 13:19:03,607 - Worker_4] Status code == 403 for http://noticias.uol.com.br/politica/ultimas-noticias/2015/12/15/eduardo-cunha.htm, skipping...
[ERROR - 2025-10-25 13:19:07,910 - Worker_4] Status code == 403 for http://josecruz.blogosfera.uol.com.br/2015/12/cob-repassa-apenas-37-da-lei-piva-para-a-preparacao-de-atletas/, skipping...
[ERROR - 2025-10-25 13:19:08,756 - Worker_3] Status code == 403 for http://economia.uol.com.br/noticias/redacao/2015/12/15/moradora-de-jandira-ganha-premio-de-r-1-milhao-da-nota-fiscal-paulista.htm, skipping...
[ERROR - 2025-10-25 13:19:09,676 - Worker_0] Status code == 404 for http://carnaval.uol.com.br/2016/noticias/redacao/2015/12/14/carnauol-2016-tera-ivete-sangalo-em-sao-paulo-e-ludmilla-no-rio.htm, skipping...
[ERROR - 2025-10-25 13:19:15,775 - Worker_1] Status code == 403 for http://noticias.uol.com.br/ultimas-noticias/afp/2015/12/15/gato-lidera-intencoes-de-voto-em-cidade-da-siberia.htm, skipping...
[ERROR - 2025-10-25 13:19:16,709 - Worker_4] Status code == 403 for http://noticias.uol.com.br/ultimas-noticias/efe/2015/12/15/maduro-afirma-que-nao-permitira-golpe-eleitoral-e-que-revertera-a-situacao.htm, skipping...
[ERROR - 2025-10-25 13:19:20,876 - Worker_4] Status code == 403 for http://noticias.uol.com.br/ultimas-noticias/agencia-estado/2015/12/15/presidente-do-conselho-de-etica-do-senado-acolhe-representacao-contra-delcidio.htm, skipping...
[ERROR - 2025-10-25 13:19:22,267 - Worker_1] Status code == 403 for http://noticias.uol.com.br/album/album-do-dia/2015/12/14/imagens-do-dia---14-de-dezembro-de-2015.htm?abrefoto=14, skipping...
[ERROR - 2025-10-25 13:19:24,359 - Worker_3] Status code == 403 for http://noticias.uol.com.br/album/2015/11/25/natal-pelo-mundo.htm?abrefoto=38, skipping...
[ERROR - 2025-10-25 13:19:26,287 - Worker_0] Status code == 403 for http://blogdorafaelreis.blogosfera.uol.com.br/2015/12/16/11-brasileiros-em-baixa-no-exterior-que-seriam-bons-reforcos-para-seu-time/, skipping...
[ERROR - 2025-10-25 13:19:26,519 - Worker_1] Status code == 403 for http://fernandorodrigues.blogosfera.uol.com.br/2015/12/15/mensagens-no-celular-tem-potencial-para-incriminar-eduardo-cunha/, skipping...
[ERROR - 2025-10-25 13:19:43,303 - Worker_2] Failed to connect with http://esporte.uol.com.br/mma/ultimas-noticias/2015/12/15/weidman-diz-que-derrota-era-necessaria-e-garante-serei-campeao-novamente.htm after 3 attempts, skipping...
[ERROR - 2025-10-25 13:19:58,955 - Worker_3] Status code == 403 for http://blogdoohata.blogosfera.uol.com.br/2015/12/16/brasileiro-pega-bicampeao-olimpico-e-revive-rivalidade-de-4-decadas-no-boxe/, skipping...
[ERROR - 2025-10-25 13:20:02,066 - Worker_1] Status code == 403 for http://uolesporte.blogosfera.uol.com.br/2015/12/16/gabriel-jesus-cumpre-promessa-por-titulo-e-imita-alecsandro/, skipping...
[ERROR - 2025-10-25 13:20:09,212 - Worker_3] Failed to connect with http://paranaportal.uol.com.br/blog/2015/12/16/advogado-nega-rodizio-de-mulheres-por-r-200-em-boate/ after 3 attempts, skipping...
[ERROR - 2025-10-25 13:20:10,008 - Worker_0] Status code == 403 for http://nagradedomma.blogosfera.uol.com.br/2015/12/16/por-que-o-mma-e-um-esporte-implacavel-e-derruba-tantos-icones/, skipping...
[ERROR - 2025-10-25 13:20:14,430 - Worker_0] Status code == 403 for http://blogdobloco.blogosfera.uol.com.br/2015/12/16/banga-campo-de-marte-2016/, skipping...
[ERROR - 2025-10-25 13:20:22,672 - Worker_1] Status code == 403 for http://blogdomariomagalhaes.blogosfera.uol.com.br/2015/12/16/valente-para-cobrar-cargos-michel-temer-cala-no-dia-em-que-pf-cerca-pmdb/, skipping...
[ERROR - 2025-10-25 13:20:32,993 - Worker_4] Status code == 403 for http://blogdoboleiro.blogosfera.uol.com.br/2015/12/16/caso-valdivia-justica-acata-acao-de-investidor-contra-o-palmeiras/, skipping...
[ERROR - 2025-10-25 13:20:39,218 - Worker_0] Status code == 403 for http://noticias.uol.com.br/politica/ultimas-noticias/2015/12/16/janot-pede-ao-stf-que-eduardo-cunha-seja-afastado-do-mandato-de-deputado.htm, skipping...
[ERROR - 2025-10-25 13:20:46,400 - Worker_3] Status code == 403 for http://noticias.uol.com.br/politica/ultimas-noticias/2015/12/16/ex-governador-eduardo-azeredo-e-condenado-a-20-anos-de-prisao-em-mg.htm, skipping...
[ERROR - 2025-10-25 13:20:48,590 - Worker_4] Status code == 403 for http://noticias.uol.com.br/politica/ultimas-noticias/2015/12/16/entenda-os-11-pontos-citados-por-janot-para-pedir-afastamento-de-cunha.htm, skipping...
[ERROR - 2025-10-25 13:20:49,945 - Worker_0] Status code == 403 for http://noticias.uol.com.br/cotidiano/ultimas-noticias/2015/12/16/mega-sena-acumula-pela-sexta-vez-e-pode-pagar-r-187-milhoes-no-sabado.htm, skipping...
[ERROR - 2025-10-25 13:20:54,140 - Worker_0] Status code == 403 for http://blogdobloco.blogosfera.uol.com.br/2015/12/16/concurso-marchinhas-blocos-sp-redbull/, skipping...
[ERROR - 2025-10-25 13:20:58,297 - Worker_0] Status code == 403 for http://noticias.uol.com.br/politica/ultimas-noticias/2015/12/16/reu-em-caso-de-estelionato-assume-a-presidencia-do-tribunal-de-contas-do-rs.htm, skipping...
[ERROR - 2025-10-25 13:21:02,517 - Worker_0] Status code == 403 for http://pvc.blogosfera.uol.com.br/2015/12/16/levir-descansa-na-praia-sem-ouvir-sao-paulo-e-encantado-com-bahia/, skipping...
[ERROR - 2025-10-25 13:21:06,750 - Worker_0] Status code == 403 for http://noticias.uol.com.br/politica/ultimas-noticias/2015/12/16/adversarios-inventam-motivos-para-impeachment-diz-dilma.htm, skipping...
[ERROR - 2025-10-25 13:21:09,438 - Worker_3] Status code == 403 for http://oblogdorugbi.blogosfera.uol.com.br/2015/12/16/brasil-encara-potencias-em-desafio-de-rugbi-de-praia-em-ipanema/, skipping...
[ERROR - 2025-10-25 13:21:10,932 - Worker_0] Status code == 403 for http://noticias.uol.com.br/politica/ultimas-noticias/2015/12/16/fachin-vota-sobre-impeachment-de-dilma.htm, skipping...
[ERROR - 2025-10-25 13:21:22,715 - Worker_3] Status code == 403 for http://noticias.uol.com.br/ciencia/ultimas-noticias/redacao/2015/12/16/estudo-desvenda-origem-dos-cachorros-domesticos.htm, skipping...
[ERROR - 2025-10-25 13:21:27,689 - Worker_3] Status code == 403 for http://tecnologia.uol.com.br/noticias/redacao/2015/12/17/whastapp-volta-a-funcionar-depois-de-bloqueio-judicial.htm, skipping...
[ERROR - 2025-10-25 13:21:29,857 - Worker_0] Status code == 403 for http://tecnologia.uol.com.br/noticias/redacao/2015/12/17/whatsapp-diz-que-justica-brasileira-pede-informacoes-que-app-nao-tem.htm, skipping...
[ERROR - 2025-10-25 13:21:32,185 - Worker_4] Status code == 404 for http://carnaval.uol.com.br/2016/noticias/redacao/2015/12/14/carnauol-2016-tera-ivete-sangalo-em-sao-paulo-e-ludmilla-no-rio.htm, skipping...
[ERROR - 2025-10-25 13:21:32,368 - Worker_3] Status code == 403 for http://tecnologia.uol.com.br/noticias/redacao/2015/12/16/whatsapp-e-bloqueado-por-48h-no-brasil-por-decisao-da-justica-de-sao-paulo.htm, skipping...
[ERROR - 2025-10-25 13:21:34,584 - Worker_1] Status code == 403 for http://mauriciostycer.blogosfera.uol.com.br/2015/12/18/sem-decotes-e-gafes-de-claudia-leitte-the-voice-nao-tem-a-mesma-graca/, skipping...
[ERROR - 2025-10-25 13:21:36,401 - Worker_4] Status code == 403 for http://oblogdorugbi.blogosfera.uol.com.br/2015/12/17/a-praia-um-dos-caminhos-para-o-rugbi-do-brasil/, skipping...
[ERROR - 2025-10-25 13:21:36,515 - Worker_3] Status code == 403 for http://noticias.uol.com.br/album/album-do-dia/2015/12/16/imagens-do-dia---16-de-dezembro-de-2015.htm?abrefoto=7, skipping...
[ERROR - 2025-10-25 13:21:43,171 - Worker_0] Status code == 403 for http://noticias.uol.com.br/ultimas-noticias/agencia-estado/2015/12/17/dilma-agradece-renan-por-desafiar-temer.htm, skipping...
[ERROR - 2025-10-25 13:22:14,047 - Worker_2] Status code == 403 for http://noticias.uol.com.br/cotidiano/ultimas-noticias/2015/12/17/destruicao-em-presidios-leva-o-piaui-a-decretar-situacao-de-emergencia.htm, skipping...
[ERROR - 2025-10-25 13:22:14,076 - Worker_1] Status code == 403 for http://danielcara.blogosfera.uol.com.br/2015/12/17/sistema-nacional-de-educacao-avanca-na-camara-dos-deputados/, skipping...
[ERROR - 2025-10-25 13:22:17,344 - Worker_3] Status code == 403 for http://blogdoboleiro.blogosfera.uol.com.br/2015/12/17/ex-vice-do-sao-paulo-mostra-carta-de-carlos-m-aidar-que-contraria-gravacao/, skipping...
[ERROR - 2025-10-25 13:22:17,509 - Worker_0] Status code == 404 for http://carnaval.uol.com.br/2016/noticias/redacao/2015/12/14/carnauol-2016-tera-ivete-sangalo-em-sao-paulo-e-ludmilla-no-rio.htm, skipping...
[ERROR - 2025-10-25 13:22:21,574 - Worker_3] Status code == 403 for http://doutorjairo.blogosfera.uol.com.br/2015/12/17/pessoas-sentem-mais-culpa-apos-comer-em-buffet-barato-sugere-estudo/, skipping...
[ERROR - 2025-10-25 13:22:21,654 - Worker_0] Status code == 403 for http://noticias.uol.com.br/politica/ultimas-noticias/2015/12/17/camara-deve-realizar-nova-eleicao-para-comissao-do-impeachment-diz-barroso.htm, skipping...
[ERROR - 2025-10-25 13:22:25,902 - Worker_0] Status code == 403 for http://josecruz.blogosfera.uol.com.br/2015/12/sem-dinheirogoverno-atrasa-pagamento-de-6-600-beneficiados-do-bolsa-atleta/, skipping...
[ERROR - 2025-10-25 13:22:31,135 - Worker_3] Status code == 403 for http://noticias.uol.com.br/ultimas-noticias/ansa/2015/12/17/madre-teresa-sera-canonizada-por-milagre-em-brasileiro.htm, skipping...
[ERROR - 2025-10-25 13:22:33,583 - Worker_0] Status code == 403 for http://noticias.uol.com.br/politica/ultimas-noticias/2015/12/17/stf-derruba-comissao-da-oposicao-que-analisaria-impeachment.htm, skipping...
[ERROR - 2025-10-25 13:22:34,867 - Worker_2] Status code == 403 for http://noticias.uol.com.br/cotidiano/ultimas-noticias/2015/12/17/justica-aceita-denuncia-contra-pms-acusados-de-matar-cinco-jovens-no-rio.htm, skipping...
[ERROR - 2025-10-25 13:22:38,099 - Worker_3] Status code == 403 for http://noticias.uol.com.br/cotidiano/ultimas-noticias/2015/12/17/solo-atingido-por-lama-em-mariana-esta-morto-para-agricultura-diz-embrapa.htm, skipping...
[ERROR - 2025-10-25 13:22:41,352 - Worker_2] Status code == 403 for http://noticias.uol.com.br/midiaglobal/elpais/2015/12/17/refugiados-climaticos-nao-tem-onde-buscar-asilo.htm, skipping...
[ERROR - 2025-10-25 13:22:49,127 - Worker_3] Status code == 403 for http://noticias.uol.com.br/saude/ultimas-noticias/redacao/2015/12/17/minha-mulher-desconfia-quando-ejaculo-pouco-jairo-por-que-isso-acontece.htm, skipping...
[ERROR - 2025-10-25 13:22:51,006 - Worker_2] Status code == 403 for http://noticias.uol.com.br/ultimas-noticias/reuters/2015/12/17/ministro-italiano-recebe-balas-e-ameacas-em-carta-assinada-pelo-estado-islamico.htm, skipping...
[ERROR - 2025-10-25 13:22:55,590 - Worker_2] Status code == 403 for http://tecnologia.uol.com.br/noticias/redacao/2015/12/17/sem-whatsapp-profissionais-usaram-telefone-e-sms-para-retomar-atividades.htm, skipping...
[ERROR - 2025-10-25 13:22:56,541 - Worker_4] Status code == 403 for http://blogdobirner.blogosfera.uol.com.br/2015/12/17/torcida-convenceu-ataide-a-mostrar-dialogo-com-aidar/, skipping...
[ERROR - 2025-10-25 13:23:01,734 - Worker_1] Status code == 403 for http://fernandorodrigues.blogosfera.uol.com.br/2015/12/17/governo-vence-no-stf-mas-impeachment-so-deve-tramitar-em-fevereiro/, skipping...
[ERROR - 2025-10-25 13:23:08,117 - Worker_0] Status code == 404 for http://mulher.uol.com.br/casa-e-decoracao/noticias/redacao/2015/12/17/medo-de-fogos-de-artificio-de-caes-e-gatos-pode-ser-minimizado.htm, skipping...
[ERROR - 2025-10-25 13:23:08,351 - Worker_1] Status code == 403 for http://nagradedomma.blogosfera.uol.com.br/2015/12/18/ronda-rousey-fara-dois-filmes-antes-de-voltar-a-lutar/, skipping...
[ERROR - 2025-10-25 13:23:09,299 - Worker_2] Status code == 403 for http://tecnologia.uol.com.br/noticias/redacao/2015/12/18/por-que-bloquearam-o-whatsapp-mas-nao-celulares-em-presidios.htm, skipping...
[ERROR - 2025-10-25 13:23:12,326 - Worker_0] Status code == 403 for http://josecruz.blogosfera.uol.com.br/2015/12/bolsa-atleta-o-protesto-isolado-de-quem-nao-teme-represalias/, skipping...
[ERROR - 2025-10-25 13:23:12,518 - Worker_1] Status code == 403 for http://noticias.uol.com.br/midiaglobal/prospect/2015/12/18/temos-que-tomar-cuidado-para-nao-dignificar-o-estado-islamico.htm, skipping...
[ERROR - 2025-10-25 13:23:19,895 - Worker_1] Status code == 403 for http://noticias.uol.com.br/saude/ultimas-noticias/bbc/2015/12/18/azar-ou-maus-habitos-pesquisa-indica-que-cancer-e-provocado-por-fatores-externos.htm, skipping...
[ERROR - 2025-10-25 13:23:23,010 - Worker_4] Status code == 403 for http://educacao.uol.com.br/noticias/2015/12/18/enade-sera-criterio-para-acesso-do-aluno-a-pos-graduacao-diz-mercadante.htm, skipping...
[ERROR - 2025-10-25 13:23:35,282 - Worker_3] Status code == 403 for http://educacao.uol.com.br/noticias/agencia-estado/2015/12/18/alckmin-volta-a-defender-projeto-de-reorganizacao-escolar.htm, skipping...
[ERROR - 2025-10-25 13:23:39,476 - Worker_3] Status code == 403 for http://noticias.uol.com.br/ultimas-noticias/bbc/2015/12/18/apesar-da-crise-brasileiros-continuam-no-topo-de-ranking-de-turistas-em-miami.htm, skipping...
[ERROR - 2025-10-25 13:23:40,927 - Worker_4] Status code == 403 for http://maesdepeito.blogosfera.uol.com.br/2015/12/15/grupo-cria-videos-para-desmistificar-parto-amamentacao-e-criacao-com-apego/, skipping...
[ERROR - 2025-10-25 13:23:51,768 - Worker_0] Failed to connect with http://ladobi.uol.com.br/2015/12/cura-hiv-timothy-ray-brown/ after 3 attempts, skipping...
[ERROR - 2025-10-25 13:23:53,086 - Worker_4] Status code == 403 for http://noticias.uol.com.br/album/2015/12/18/policia-apreende-submarino-que-seria-usado-no-trafico-internacional-de-drogas.htm?abrefoto=1, skipping...
[ERROR - 2025-10-25 13:23:57,164 - Worker_2] Failed to connect with http://paranaportal.uol.com.br/blog/2015/12/17/japones-da-federal-faz-campanha-para-convocacao-de-aprovados-em-concurso-da-pf/ after 3 attempts, skipping...
[ERROR - 2025-10-25 13:23:57,350 - Worker_4] Status code == 403 for http://rodrigomattos.blogosfera.uol.com.br/2015/12/18/parceiros-da-cbf-tem-ligacoes-com-negocios-particulares-de-del-nero/, skipping...
[ERROR - 2025-10-25 13:23:58,380 - Worker_0] Status code == 403 for http://colunaesplanada.blogosfera.uol.com.br/2015/12/18/disputa-para-lider-do-psdb-racha-bancada-entre-aecistas-e-serristas/, skipping...
[ERROR - 2025-10-25 13:24:07,457 - Worker_4] Failed to connect with http://natelinha.ne10.uol.com.br/celebridades/2015/12/18/joao-gordo-assume-que-ja-usou-heroina-e-crack-quase-morei-na-cracolandia-95023.php after 3 attempts, skipping...
[ERROR - 2025-10-25 13:24:11,694 - Worker_4] Status code == 403 for http://educacao.uol.com.br/noticias/agencia-estado/2015/12/18/mec-suspende-vestibular-de-68-cursos-no-brasil.htm, skipping...
[ERROR - 2025-10-25 13:24:16,197 - Worker_1] Status code == 403 for http://blogdoboleiro.blogosfera.uol.com.br/2015/12/18/paulo-nobre-marcelo-oliveira-nunca-correu-o-risco-de-ser-demitido/, skipping...
[ERROR - 2025-10-25 13:24:17,488 - Worker_0] Status code == 403 for http://blogdoavallone.blogosfera.uol.com.br/2015/12/17/barca-e-river-e-o-mercado-da-bola/, skipping...
[ERROR - 2025-10-25 13:24:22,823 - Worker_1] Status code == 403 for http://blogdobirner.blogosfera.uol.com.br/2015/12/18/bauza-lembra-mais-tite-que-osorio-times-dele-sao-quase-sempre-guerreiros, skipping...
[ERROR - 2025-10-25 13:24:27,210 - Worker_1] Status code == 403 for http://noticias.uol.com.br/album/2015/12/18/retrospectiva-2015-o-ano-em-desenhos.htm?abrefoto=7, skipping...
[ERROR - 2025-10-25 13:24:38,943 - Worker_2] Status code == 403 for http://noticias.uol.com.br/cotidiano/ultimas-noticias/2015/12/19/mega-sena-acumula-pela-setima-vez-e-pode-pagar-r-195-milhoes-na-terca-22.htm, skipping...
[ERROR - 2025-10-25 13:24:43,144 - Worker_2] Status code == 403 for http://mauriciostycer.blogosfera.uol.com.br/2015/12/18/participar-da-fazenda-acabou-com-a-minha-carreira-diz-theo-becker/, skipping...
[ERROR - 2025-10-25 13:24:49,462 - Worker_4] Failed to connect with http://natelinha.ne10.uol.com.br/novelas/2015/12/19/diretor-anuncia-que-verdades-secretas-sera-transformada-em-serie-95063.php after 3 attempts, skipping...
[ERROR - 2025-10-25 13:24:58,701 - Worker_4] Status code == 403 for http://uolesporte.blogosfera.uol.com.br/2015/12/19/a-la-rei-do-camarote-valdivia-curte-festa-com-bebida-que-pisca/, skipping...
[ERROR - 2025-10-25 13:25:03,734 - Worker_3] Status code == 403 for http://noticias.uol.com.br/ultimas-noticias/agencia-estado/2015/12/19/em-sao-paulo-ala-do-pmdb-quer-chalita-fora-do-partido.htm, skipping...
[ERROR - 2025-10-25 13:25:03,901 - Worker_2] Status code == 403 for http://josecruz.blogosfera.uol.com.br/2015/12/estadio-mane-garrincha-preco-final-da-grama-cresceu-664/, skipping...
[ERROR - 2025-10-25 13:25:07,937 - Worker_3] Status code == 403 for http://rodrigomattos.blogosfera.uol.com.br/2015/12/19/del-nero-quer-ir-aos-eua-para-se-defender-falta-dinheiro-diz-advogado/, skipping...
[ERROR - 2025-10-25 13:25:13,415 - Worker_1] Status code == 403 for http://uolesporte.blogosfera.uol.com.br/2015/12/19/ibrahimovic-acerta-belo-chute-de-fora-da-area-e-faz-golaco-assista/, skipping...
[ERROR - 2025-10-25 13:25:19,861 - Worker_1] Status code == 403 for http://noticias.uol.com.br/album/2015/11/25/natal-pelo-mundo.htm?abrefoto=55, skipping...
[ERROR - 2025-10-25 13:25:27,105 - Worker_2] Status code == 403 for http://noticias.uol.com.br/saude/ultimas-noticias/estado/2015/12/19/sao-carlos-podera-tornar-se-a-1-cidade-livre-do-mosquito.htm, skipping...
[ERROR - 2025-10-25 13:25:30,480 - Worker_1] Status code == 403 for http://noticias.uol.com.br/midiaglobal/elpais/2015/12/19/sem-chance-de-asilo-refugiados-sirios-agora-tentam-deixar-a-espanha.htm, skipping...
[ERROR - 2025-10-25 13:25:36,736 - Worker_2] Status code == 403 for http://noticias.uol.com.br/politica/ultimas-noticias/2015/12/19/presos-da-lava-jato-poderao-comer-panetone-e-carne-sem-osso-no-natal.htm, skipping...
[ERROR - 2025-10-25 13:25:39,324 - Worker_1] Status code == 403 for http://noticias.uol.com.br/album/album-do-dia/2015/12/19/imagens-do-dia---19-de-dezembro-de-2015.htm?abrefoto=27, skipping...
[ERROR - 2025-10-25 13:25:40,892 - Worker_2] Status code == 403 for http://noticias.uol.com.br/tabloide/ultimas-noticias/2015/12/19/pela-1-vez-candidata-da-espanha-vence-o-miss-mundo-2015.htm, skipping...
[ERROR - 2025-10-25 13:25:43,497 - Worker_1] Status code == 403 for http://uolesporte.blogosfera.uol.com.br/2015/12/19/neymar-e-messi-viram-personagens-de-manga/, skipping...
[ERROR - 2025-10-25 13:25:55,513 - Worker_2] Status code == 403 for http://josiasdesouza.blogosfera.uol.com.br/2015/12/19/delegado-da-pf-submeteu-lula-a-um-interrogatorio-de-investigado-classico/, skipping...
[ERROR - 2025-10-25 13:26:18,612 - Worker_4] Status code == 403 for http://noticias.uol.com.br/ultimas-noticias/agencia-estado/2015/12/19/cunha-diz-que-temer-jamais-recebeu-qualquer-coisa-que-nao-seja-doacao-ao-pmdb.htm, skipping...
[ERROR - 2025-10-25 13:26:24,933 - Worker_1] Status code == 403 for http://noticias.uol.com.br/ultimas-noticias/bbc/2015/12/19/taleba-x-estado-islamico-rivais-se-enfrentam-por-dominio-sobre-insurgencia.htm, skipping...
[ERROR - 2025-10-25 13:26:27,074 - Worker_3] Status code == 403 for http://noticias.uol.com.br/ultimas-noticias/agencia-estado/2015/12/20/conta-rastreada-de-bumlai-tinha-r-001.htm, skipping...
[ERROR - 2025-10-25 13:26:27,662 - Worker_4] Status code == 403 for http://abiliodiniz.blogosfera.uol.com.br/2015/12/20/barcelona-goleada-dentro-e-fora-de-campo/, skipping...
[ERROR - 2025-10-25 13:26:31,914 - Worker_4] Status code == 403 for http://blogdobloco.blogosfera.uol.com.br/2015/12/17/monobloco-sp-ibirapuera-desfile/, skipping...
[ERROR - 2025-10-25 13:26:35,295 - Worker_0] Status code == 403 for http://pvc.blogosfera.uol.com.br/2015/12/20/qual-foi-o-melhor-barcelona-campeao-mundial-de-clubes/, skipping...
[ERROR - 2025-10-25 13:26:36,082 - Worker_4] Status code == 403 for http://noticias.uol.com.br/ultimas-noticias/agencia-estado/2015/12/20/stf-nega-pedido-de-filho-de-lula-para-ter-acesso-ao-inquerito-da-zelotes.htm, skipping...
[ERROR - 2025-10-25 13:26:39,492 - Worker_0] Status code == 403 for http://uolesporte.blogosfera.uol.com.br/2015/12/20/goleiro-chuta-o-proprio-zagueiro-em-comedia-pastelao-escocesa/, skipping...
[ERROR - 2025-10-25 13:26:39,548 - Worker_2] Status code == 403 for http://noticias.uol.com.br/ultimas-noticias/agencia-estado/2015/12/20/porsches-batem-durante-suposto-racha-na-rodovia-bandeirantes.htm, skipping...
[ERROR - 2025-10-25 13:26:48,646 - Worker_0] Status code == 403 for http://noticias.uol.com.br/album/album-do-dia/2015/12/20/imagens-do-dia---20-de-dezembro-de-2015.htm?abrefoto=20, skipping...
[ERROR - 2025-10-25 13:26:53,131 - Worker_4] Status code == 403 for http://noticias.uol.com.br/midiaglobal/nytimes/2015/12/20/na-onu-china-tenta-influenciar-disputa-por-controle-sobre-a-internet.htm, skipping...
[ERROR - 2025-10-25 13:26:53,426 - Worker_3] Status code == 403 for http://noticias.uol.com.br/album/2015/11/25/natal-pelo-mundo.htm?abrefoto=60, skipping...
[ERROR - 2025-10-25 13:26:55,184 - Worker_0] Status code == 403 for http://blogdojuliogomes.blogosfera.uol.com.br/2015/12/20/nao-deu-para-o-river-ganhar-mundial-hoje-e-preparo-vontade-e-muita-sorte/, skipping...
[ERROR - 2025-10-25 13:26:56,777 - Worker_2] Status code == 403 for http://nilsonxavier.blogosfera.uol.com.br/2015/12/20/a-regra-do-jogo-melhora-quando-reforca-o-drama-dentro-da-historia-policial/, skipping...
[ERROR - 2025-10-25 13:27:03,565 - Worker_2] Status code == 403 for http://noticias.uol.com.br/internacional/ultimas-noticias/the-new-york-times/2015/12/20/com-recessao-economica-ideologia-de-chavez-enfraquece-na-venezuela.htm, skipping...
[ERROR - 2025-10-25 13:27:06,869 - Worker_1] Status code == 403 for http://noticias.uol.com.br/opiniao/coluna/2015/12/20/uso-excessivo-da-tecnologia-fragiliza-o-papel-da-familia.htm, skipping...
[ERROR - 2025-10-25 13:27:07,713 - Worker_2] Status code == 403 for http://noticias.uol.com.br/saude/ultimas-noticias/bbc/2015/12/20/morre-bebe-de-mae-que-adiou-tratamento-de-cancer-durante-a-gravidez.htm, skipping...
[ERROR - 2025-10-25 13:27:16,487 - Worker_2] Status code == 403 for http://noticias.uol.com.br/ao-vivo/2015/12/21/incendio-na-estacao-da-luz-sp.htm, skipping...
[ERROR - 2025-10-25 13:27:16,737 - Worker_3] Failed to connect with http://natelinha.ne10.uol.com.br/celebridades/2015/12/20/netinho-tera-alta-nessa-semana-e-passara-o-natal-e-ano-novo-com-a-familia-95073.php after 3 attempts, skipping...
[ERROR - 2025-10-25 13:27:20,980 - Worker_3] Status code == 403 for http://oblogdorugbi.blogosfera.uol.com.br/2015/12/21/ex-all-black-vai-liderar-novo-esquadrao-japones-no-super-rugby/, skipping...
[ERROR - 2025-10-25 13:27:23,477 - Worker_1] Status code == 403 for http://noticias.uol.com.br/ultimas-noticias/bbc/2015/12/20/cinco-razoes-para-nao-ser-tao-fa-da-noruega-o-melhor-pais-para-se-viver.htm, skipping...
[ERROR - 2025-10-25 13:27:39,854 - Worker_4] Status code == 404 for http://carnaval.uol.com.br/2016/album/2015/12/20/juju-salimeni-e-recebida-como-musa-da-unidos-da-tijuca-no-rio.htm?abrefoto=6, skipping...
[ERROR - 2025-10-25 13:27:41,689 - Worker_0] Status code == 403 for http://blogdojuca.uol.com.br/2015/12/a-ameaca-do-corinthians/, skipping...
[ERROR - 2025-10-25 13:27:48,315 - Worker_0] Status code == 403 for http://blogdorafaelreis.blogosfera.uol.com.br/2015/12/21/haja-riqueza-empreiteiras-governo-e-shoppings-financiam-futebol-da-china/, skipping...
[ERROR - 2025-10-25 13:27:48,721 - Worker_4] Status code == 403 for http://noticias.uol.com.br/midiaglobal/nytimes/2015/12/21/faculdade-evangelica-afasta-professora-que-se-solidarizou-com-muculmanos.htm, skipping...
[ERROR - 2025-10-25 13:27:52,490 - Worker_0] Status code == 403 for http://noticias.uol.com.br/ultimas-noticias/agencia-estado/2015/12/21/em-reuniao-lideres-da-base-e-berzoini-fecham-entendimento-para-que-haja-recesso.htm, skipping...
[ERROR - 2025-10-25 13:28:00,812 - Worker_2] Status code == 403 for http://noticias.uol.com.br/cotidiano/ultimas-noticias/2015/12/21/incendio-em-museu-da-lingua-portuguesa-e-extinto-apos-tres-horas-de-combate.htm, skipping...
[ERROR - 2025-10-25 13:28:16,509 - Worker_0] Status code == 502 for http://noticias.band.uol.com.br/brasilurgente/video/2015/12/21/15715066/carros-sao-arrastados-na-vila-madalena.html, skipping...
[ERROR - 2025-10-25 13:28:20,484 - Worker_4] Status code == 403 for http://noticias.uol.com.br/ultimas-noticias/agencia-estado/2015/12/21/apos-denuncia-de-mensalao-cai-cupula-da-corregedoria-da-policia-civil.htm, skipping...
[ERROR - 2025-10-25 13:28:28,002 - Worker_2] Failed to connect with http://natelinha.ne10.uol.com.br/espelhomeu/saude/2015/12/14/aprenda-a-lidar-com-as-crises-de-colicas-no-bebe-394.php after 3 attempts, skipping...
[ERROR - 2025-10-25 13:28:33,889 - Worker_4] Status code == 403 for http://noticias.uol.com.br/ultimas-noticias/agencia-estado/2015/12/21/protesto-acaba-em-confronto-entre-manifestantes-e-segurancas-da-assembleia-do-rj.htm, skipping...
[ERROR - 2025-10-25 13:28:39,020 - Worker_2] Status code == 403 for http://noticias.uol.com.br/politica/ultimas-noticias/2015/12/21/livro-trata-politica-e-feminismo-como-assunto-de-crianca.htm, skipping...
[ERROR - 2025-10-25 13:28:42,683 - Worker_0] Status code == 403 for http://mauriciostycer.blogosfera.uol.com.br/2015/12/21/top-15-os-piores-momentos-da-televisao-em-2015/, skipping...
[ERROR - 2025-10-25 13:28:43,555 - Worker_2] Status code == 403 for http://hbnsb.blogosfera.uol.com.br/2015/12/21/o-ultimo-confronto-entre-jordan-e-kobe/, skipping...
[ERROR - 2025-10-25 13:28:47,341 - Worker_4] Status code == 403 for http://blogdoboleiro.blogosfera.uol.com.br/2015/12/21/cleiton-xavier-sera-o-grande-reforco-do-palmeiras-em-2016-diz-presidente/, skipping...
[ERROR - 2025-10-25 13:28:47,710 - Worker_2] Status code == 403 for http://noticias.uol.com.br/tabloide/ultimas-noticias/2015/12/21/com-erro-de-coroacao-candidata-das-filipinas-e-eleita-miss-universo-2015.htm, skipping...
[ERROR - 2025-10-25 13:28:51,861 - Worker_2] Status code == 403 for http://noticias.uol.com.br/album/album-do-dia/2015/12/20/imagens-do-dia---20-de-dezembro-de-2015.htm?abrefoto=22%E2%80%8B, skipping...
[ERROR - 2025-10-25 13:29:00,913 - Worker_4] Status code == 403 for http://blogdobloco.blogosfera.uol.com.br/2015/12/21/musicas-blocos-mais-tocadas/, skipping...
[ERROR - 2025-10-25 13:29:06,679 - Worker_3] Status code == 403 for http://uolesporte.blogosfera.uol.com.br/2015/12/21/mayweather-monta-clube-de-strip-tease-na-sua-casa/, skipping...
[ERROR - 2025-10-25 13:29:22,626 - Worker_1] Status code == 403 for http://josecruz.blogosfera.uol.com.br/2015/12/feliz-natal-atletas-com-os-cumprimentos-do-ministerio-do-esporte/, skipping...
[ERROR - 2025-10-25 13:29:25,007 - Worker_0] Status code == 403 for http://blogdojuca.uol.com.br/2015/12/entenderam-antas/, skipping...
[ERROR - 2025-10-25 13:29:26,862 - Worker_1] Status code == 403 for http://blogdobaldini.blogosfera.uol.com.br/2015/12/22/o-que-floyd-mayweather-e-o-concurso-de-miss-universo-tem-em-comum/, skipping...
[ERROR - 2025-10-25 13:29:29,218 - Worker_0] Status code == 403 for http://noticias.uol.com.br/midiaglobal/nytimes/2015/12/22/obama-acusa-trump-de-explorar-os-temores-da-classe-trabalhadora.htm, skipping...
[ERROR - 2025-10-25 13:29:33,356 - Worker_1] Status code == 403 for http://noticias.uol.com.br/cotidiano/ultimas-noticias/2015/12/22/o-que-fez-uma-crianca-negra-dizer-mae-isso-tambem-acontece-com-brancos.htm, skipping...
[ERROR - 2025-10-25 13:29:40,188 - Worker_2] Status code == 502 for http://noticias.band.uol.com.br/brasilurgente/video/2015/12/22/15715942/motorista-amarra-carro-em-caminhao-para-nao-ser-levado-por-correnteza.html, skipping...
[ERROR - 2025-10-25 13:29:41,793 - Worker_0] Failed to connect with http://paranaportal.uol.com.br/blog/2015/12/22/argentino-procurado-pela-interpol-e-preso-na-grande-curitiba/ after 3 attempts, skipping...
[ERROR - 2025-10-25 13:29:46,025 - Worker_0] Status code == 403 for http://negociosdoesporte.blogosfera.uol.com.br/2015/12/22/os-patrocinadores-nunca-deixarao-a-fifa/, skipping...
[ERROR - 2025-10-25 13:29:50,437 - Worker_2] Failed to connect with http://paranaportal.uol.com.br/blog/2015/12/22/estados-enfraquecem-orgao-que-fiscaliza-contas/ after 3 attempts, skipping...
[ERROR - 2025-10-25 13:29:52,537 - Worker_0] Status code == 403 for http://noticias.uol.com.br/ultimas-noticias/agencia-estado/2015/12/22/pf-indicia-90-investigados-na-operacao-enredados.htm, skipping...
[ERROR - 2025-10-25 13:29:59,081 - Worker_0] Status code == 403 for http://noticias.uol.com.br/internacional/ultimas-noticias/2015/12/22/tubarao-mata-homem-durante-tentativa-de-salvamento-em-aruba.htm, skipping...
[ERROR - 2025-10-25 13:30:01,545 - Worker_2] Status code == 403 for http://rodrigomattos.blogosfera.uol.com.br/2015/12/22/para-corinthians-e-sao-paulo-reajuste-da-libertadores-e-bom-mas-nao-ideal/, skipping...
[ERROR - 2025-10-25 13:30:06,290 - Worker_2] Status code == 404 for http://jc.ne10.uol.com.br/blogs/cestinhajc/2015/12/22/colegiado-da-lbf-perde-sampaio-correa-mas-continua-firme-no-boicote-ao-evento-teste-do-rio-2016/, skipping...
[ERROR - 2025-10-25 13:30:12,380 - Worker_0] Status code == 403 for http://oblogdorugbi.blogosfera.uol.com.br/2015/12/22/capitao-explica-despedida-antes-da-olimpiada-e-fala-do-futuro-do-rugbi/, skipping...
[ERROR - 2025-10-25 13:30:15,511 - Worker_1] Status code == 403 for http://uolesporte.blogosfera.uol.com.br/2015/12/22/neymar-desembolsou-mais-de-r-11-mil-em-brincos-pra-paola-oliveira/, skipping...
[ERROR - 2025-10-25 13:30:15,525 - Worker_2] Status code == 403 for http://mauriciostycer.blogosfera.uol.com.br/2015/12/22/final-omitido-na-novela-sera-visto-no-filme-os-dez-mandamentos/, skipping...
[ERROR - 2025-10-25 13:30:16,563 - Worker_0] Status code == 403 for http://uolesporte.blogosfera.uol.com.br/2015/12/22/arbitragem-nao-ve-saida-de-bola-incrivel-e-confirma-gol-no-chipre/, skipping...
[ERROR - 2025-10-25 13:30:17,137 - Worker_4] Status code == 403 for http://noticias.uol.com.br/cotidiano/ultimas-noticias/2015/12/22/veja-as-dezenas-sorteadas-na-mega-que-tem-o-2-maior-premio-da-historia.htm, skipping...
[ERROR - 2025-10-25 13:30:25,569 - Worker_0] Status code == 403 for http://noticias.uol.com.br/blogs-e-colunas/coluna/luiz-felipe-alencastro/2015/12/22/eleicoes-espanholas-expoem-a-crise-partidaria-na-europa.htm, skipping...
[ERROR - 2025-10-25 13:30:32,052 - Worker_4] Status code == 404 for http://blogs.ne10.uol.com.br/jamildo/2015/12/22/em-pernambuco-dilma-diz-que-enverga-mas-nao-quebra/, skipping...
[ERROR - 2025-10-25 13:30:39,914 - Worker_1] Status code == 403 for http://fernandorodrigues.blogosfera.uol.com.br/2015/12/22/michel-temer-continuara-vice-presidente-da-republica-diz-jaques-wagner/, skipping...
[ERROR - 2025-10-25 13:30:43,157 - Worker_0] Status code == 403 for http://noticias.uol.com.br/ultimas-noticias/reuters/2015/12/22/cade-abre-investigacao-contra-empresas-envolvidas-na-lava-jato.htm, skipping...
[ERROR - 2025-10-25 13:30:47,311 - Worker_0] Status code == 403 for http://noticias.uol.com.br/saude/ultimas-noticias/redacao/2015/12/22/brasil-chega-a-2782-casos-suspeitos-de-microcefalia-e-40-mortes.htm, skipping...
[ERROR - 2025-10-25 13:30:51,909 - Worker_0] Status code == 404 for http://entretenimento.band.uol.com.br/cqc/2015/video/15715301/marco-luque-chora-com-o-fim-do-cqc-e-emociona-a-todos, skipping...
[ERROR - 2025-10-25 13:30:59,692 - Worker_2] Status code == 403 for http://josecruz.blogosfera.uol.com.br/2015/12/rio-2016-governo-nega-material-a-upa-e-faz-estoque-para-olimpiada/, skipping...
[ERROR - 2025-10-25 13:31:03,935 - Worker_2] Status code == 403 for http://josiasdesouza.blogosfera.uol.com.br/2015/12/23/psdb-volta-a-se-dividir-diante-do-impeachment/, skipping...
[ERROR - 2025-10-25 13:31:08,951 - Worker_1] Status code == 403 for http://noticias.uol.com.br/ultimas-noticias/agencia-estado/2015/12/23/cervero-e-hostilizado-em-voo-para-o-rio-onde-passara-o-natal.htm, skipping...
[ERROR - 2025-10-25 13:31:10,967 - Worker_2] Status code == 403 for http://blogdorafaelreis.blogosfera.uol.com.br/2015/12/23/a-dupla-que-assombra-a-premier-league-faz-frente-ate-a-astros-do-barcelona/, skipping...
[ERROR - 2025-10-25 13:31:11,053 - Worker_4] Status code == 403 for http://uolesporte.blogosfera.uol.com.br/2015/12/23/button-se-separa-de-modelo-divorcio-pode-custar-r-206-milhoes/, skipping...
[ERROR - 2025-10-25 13:31:12,668 - Worker_3] Status code == 403 for http://blogdobloco.blogosfera.uol.com.br/2015/12/23/regras-patrocinio-blocos-sp/, skipping...
[ERROR - 2025-10-25 13:31:15,368 - Worker_4] Status code == 403 for http://brasilianismo.blogosfera.uol.com.br/2015/12/23/mundo-ve-barbosa-na-fazenda-com-desconfianca-pomba-no-lugar-de-falcao/, skipping...
[ERROR - 2025-10-25 13:31:17,524 - Worker_2] Status code == 403 for http://colunaesplanada.blogosfera.uol.com.br/2015/12/23/ppa-do-governo-e-uma-piada-e-provocacao-aos-fiscalizadores/, skipping...
[ERROR - 2025-10-25 13:31:17,710 - Worker_1] Status code == 403 for http://noticias.uol.com.br/ultimas-noticias/agencia-estado/2015/12/23/em-reuniao-com-jaques-wagner-renan-pede-consideracao-e-interlocucao-com-governo.htm, skipping...
[ERROR - 2025-10-25 13:31:21,160 - Worker_3] Status code == 403 for http://todosabordo.blogosfera.uol.com.br/2015/12/23/onde-ficam-os-quartos-secretos-das-aeromocas-nos-avioes/, skipping...
[ERROR - 2025-10-25 13:31:25,368 - Worker_3] Status code == 403 for http://blogdomenon.blogosfera.uol.com.br/2015/12/22/moleza-para-corinthians-galo-e-sao-paulo-duro-para-palmeiras-e-gremio/, skipping...
[ERROR - 2025-10-25 13:31:31,505 - Worker_2] Status code == 404 for http://entretenimento.band.uol.com.br/masterchef/2015/videos/ultimos-videos/15716260/lucas-toma-bronca-de-paola-apos-nao-avisar-recusa-de-estagio.html, skipping...
[ERROR - 2025-10-25 13:31:41,895 - Worker_2] Status code == 404 for http://esporte.uol.com.br/surfe/ultimas-noticias/2015/12/23/como-frustracao-com-kelly-slater-ajudou-mineirinho-a-ser-campeao-mundial.htm, skipping...
[ERROR - 2025-10-25 13:31:43,473 - Worker_4] Status code == 403 for http://educacao.uol.com.br/noticias/2015/12/23/ator-porno-quer-ensinar-educacao-sexual-nas-escolas.htm, skipping...
[ERROR - 2025-10-25 13:31:50,560 - Worker_2] Status code == 403 for http://uolesporte.blogosfera.uol.com.br/2015/12/23/avo-e-piloto-do-video-taca-le-pau-da-f-1-sofrem-acidente-de-carro/, skipping...
[ERROR - 2025-10-25 13:32:02,618 - Worker_2] Status code == 403 for http://educacao.uol.com.br/noticias/bbc/2015/12/23/como-malalas-se-uniram-na-luta-pela-educacao-de-meninas-sirias.htm, skipping...
[ERROR - 2025-10-25 13:32:05,153 - Worker_3] Status code == 404 for http://carnaval.uol.com.br/2016/sao-paulo/album/escolas-de-samba/2015/12/20/imperio-de-casa-verde.htm?abrefoto=8, skipping...
[ERROR - 2025-10-25 13:32:09,398 - Worker_3] Status code == 403 for http://blogdomariomagalhaes.blogosfera.uol.com.br/2015/12/23/bronca-com-ape-de-chico-buarque-em-paris-expoe-intolerancia-e-ressentimento/, skipping...
[ERROR - 2025-10-25 13:32:18,787 - Worker_0] Status code == 403 for http://fernandorodrigues.blogosfera.uol.com.br/2015/12/23/depor-michel-temer-e-um-simulacro-de-impeachment-diz-renan-calheiros/, skipping...
[ERROR - 2025-10-25 13:32:25,277 - Worker_0] Status code == 403 for http://uolesporte.blogosfera.uol.com.br/2015/12/23/veja-em-imagens-por-que-diego-costa-e-tao-odiado-na-europa, skipping...
[ERROR - 2025-10-25 13:32:25,824 - Worker_1] Status code == 404 for http://mulher.uol.com.br/casa-e-decoracao/album/2015/12/23/leve-a-forca-para-dentro-da-sua-casa-decore-com-objetos-de-star-wars.htm?abrefoto=20, skipping...
[ERROR - 2025-10-25 13:32:28,694 - Worker_4] Status code == 403 for http://uolesporte.blogosfera.uol.com.br/2015/12/23/love-posa-com-mulher-gravida-e-manda-recado-aceita-que-doi-menos/, skipping...
[ERROR - 2025-10-25 13:32:35,030 - Worker_3] Failed to connect with http://natelinha.ne10.uol.com.br/novelas/2015/12/23/a-regra-do-jogo-ambicioso-romero-rouba-toia-95129.php after 3 attempts, skipping...
[ERROR - 2025-10-25 13:32:36,972 - Worker_2] Status code == 404 for http://carnaval.uol.com.br/2016/noticias/redacao/2015/12/23/apos-corte-de-verba-recbeat-pede-ajuda-para-publico-para-carnaval-2016.htm, skipping...
[ERROR - 2025-10-25 13:32:43,633 - Worker_4] Status code == 403 for http://mauriciostycer.blogosfera.uol.com.br/2015/12/24/paola-explica-bronca-em-lucas-elogia-masterchef-e-diz-que-falou-verdades/, skipping...
[ERROR - 2025-10-25 13:32:43,865 - Worker_0] Failed to connect with http://natelinha.ne10.uol.com.br/novelas/2015/12/23/totalmente-demais-florisval-apanha-por-causa-de-maristela-95130.php after 3 attempts, skipping...
[ERROR - 2025-10-25 13:32:45,379 - Worker_3] Failed to connect with http://paranaportal.uol.com.br/blog/2015/12/24/vereadores-aumentam-proprios-salarios-na-vespera-do-natal-no-parana/ after 3 attempts, skipping...
[ERROR - 2025-10-25 13:32:54,309 - Worker_4] Status code == 403 for http://educacao.uol.com.br/noticias/2015/12/24/notas-do-enem-serao-divulgadas-no-dia-8-de-janeiro-diz-mec.htm, skipping...
[ERROR - 2025-10-25 13:32:58,364 - Worker_1] Status code == 403 for http://todosabordo.blogosfera.uol.com.br/2015/12/23/onde-ficam-os-quartos-secretos-das-aeromocas-nos-avioes/, skipping...
[ERROR - 2025-10-25 13:32:59,353 - Worker_3] Status code == 403 for http://fernandorodrigues.blogosfera.uol.com.br/2015/12/24/previsoes-do-pib-indicam-que-brasil-tera-recessao-recorde-em-2016/, skipping...
[ERROR - 2025-10-25 13:33:00,985 - Worker_4] Status code == 502 for http://noticias.band.uol.com.br/brasilurgente/video/2015/12/24/15717721/bebe-nasce-em-helicoptero.html, skipping...
[ERROR - 2025-10-25 13:33:02,622 - Worker_1] Status code == 403 for http://reginanavarro.blogosfera.uol.com.br/2015/12/24/meu-marido-e-autoritario-e-controlador-tenho-que-concordar-com-tudo/, skipping...
[ERROR - 2025-10-25 13:33:03,552 - Worker_3] Status code == 403 for http://uolesporte.blogosfera.uol.com.br/2015/12/23/veja-em-imagens-por-que-diego-costa-e-tao-odiado-na-europa/, skipping...
[ERROR - 2025-10-25 13:33:15,209 - Worker_3] Status code == 403 for http://oblogdorugbi.blogosfera.uol.com.br/2015/12/24/os-destaques-de-2015-no-rugbi-brasileiro/, skipping...
[ERROR - 2025-10-25 13:33:24,028 - Worker_3] Status code == 403 for http://balanacesta.blogosfera.uol.com.br/2015/12/24/o-ultimo-jogo-de-natal-para-kobe-bryant/, skipping...
[ERROR - 2025-10-25 13:33:28,229 - Worker_3] Status code == 403 for http://mauriciostycer.blogosfera.uol.com.br/2015/12/24/roberto-carlos-toma-banho-de-loja-e-tira-o-mofo-do-seu-especial-na-globo/, skipping...
[ERROR - 2025-10-25 13:33:33,542 - Worker_2] Status code == 403 for http://noticias.uol.com.br/ultimas-noticias/agencia-estado/2015/12/24/policia-federal-poe-18-vezes-nome-de-lula-em-interrogatorio-de-bumlai.htm, skipping...
[ERROR - 2025-10-25 13:33:35,064 - Worker_1] Status code == 403 for http://blogdosakamoto.blogosfera.uol.com.br/2015/12/24/sua-roupa-pode-ter-vindo-do-sertao-conheca-quem-suou-muito-por-ela/, skipping...
[ERROR - 2025-10-25 13:33:37,615 - Worker_3] Status code == 403 for http://uolesporte.blogosfera.uol.com.br/2015/12/24/cyborg-aparece-nua-em-foto-e-convoca-torcida-para-proxima-luta/, skipping...
[ERROR - 2025-10-25 13:33:42,059 - Worker_1] Status code == 403 for http://uolesporte.blogosfera.uol.com.br/2015/12/23/love-posa-com-mulher-gravida-e-manda-recado-aceita-que-doi-menos/, skipping...
[ERROR - 2025-10-25 13:33:51,224 - Worker_1] Status code == 403 for http://fernandorodrigues.blogosfera.uol.com.br/2015/12/24/equipe-economica-vai-debater-se-deve-elevar-meta-de-inflacao-anual/, skipping...
[ERROR - 2025-10-25 13:33:51,528 - Worker_0] Status code == 403 for http://noticias.uol.com.br/ciencia/ultimas-noticias/redacao/2015/12/24/clique-ciencia-como-veneza-foi-construida.htm, skipping...
[ERROR - 2025-10-25 13:33:51,896 - Worker_2] Status code == 403 for http://blogdoboleiro.blogosfera.uol.com.br/2015/12/24/candidato-brasileiro-ao-puskas-treina-e-clareia-dentes-para-festa-da-fifa/, skipping...
[ERROR - 2025-10-25 13:33:55,774 - Worker_0] Status code == 403 for http://uolesporte.blogosfera.uol.com.br/2015/12/25/boca-impoe-5-regras-para-italiano-sem-cigarros-baladas-e-mulheres/, skipping...
[ERROR - 2025-10-25 13:33:56,036 - Worker_2] Status code == 403 for http://noticias.uol.com.br/album/album-do-dia/2015/12/25/imagens-do-dia---25-de-dezembro-de-2015.htm?abrefoto=10, skipping...
[ERROR - 2025-10-25 13:33:58,651 - Worker_3] Status code == 403 for http://blogdobrito.blogosfera.uol.com.br/2015/12/24/torcedores-do-river-protestam-em-voo-de-volta-do-japao-sobrou-para-o-boca/, skipping...
[ERROR - 2025-10-25 13:33:59,957 - Worker_0] Status code == 403 for http://noticias.uol.com.br/opiniao/coluna/2015/12/25/natal-e-o-tempo-propicio-para-compartilhar-a-misericordia.htm, skipping...
[ERROR - 2025-10-25 13:34:02,504 - Worker_1] Status code == 403 for http://uolesporte.blogosfera.uol.com.br/2015/12/25/surfe-tambem-rende-milhoes-mas-ostentacao-nao-tem-lugar/, skipping...
[ERROR - 2025-10-25 13:34:06,163 - Worker_2] Failed to connect with http://ladobi.uol.com.br/2015/12/questionamento-orientacao-sexual/ after 3 attempts, skipping...
[ERROR - 2025-10-25 13:34:07,015 - Worker_4] Status code == 403 for http://uolesporte.blogosfera.uol.com.br/2015/12/25/serena-willians-sensualiza-em-bom-dia-de-natal/, skipping...
[ERROR - 2025-10-25 13:34:08,174 - Worker_0] Status code == 404 for http://esporte.band.uol.com.br/jogoaberto/videos/2015/12/25/15718049/arce-idolo-no-brasil-busca-libertadores-no-paraguai.html, skipping...
[ERROR - 2025-10-25 13:34:09,684 - Worker_3] Status code == 403 for http://noticias.uol.com.br/album/album-do-dia/2015/12/25/imagens-do-dia---25-de-dezembro-de-2015.htm?abrefoto=18, skipping...
[ERROR - 2025-10-25 13:34:11,314 - Worker_4] Status code == 403 for http://abiliodiniz.blogosfera.uol.com.br/2015/12/24/o-ano-da-virada/, skipping...
[ERROR - 2025-10-25 13:34:12,592 - Worker_0] Status code == 403 for http://pvc.blogosfera.uol.com.br/2015/12/25/palmeiras-ainda-pode-ter-jean-para-concluir-ciclo-de-contratacoes-para-2016/, skipping...
[ERROR - 2025-10-25 13:34:13,948 - Worker_1] Status code == 403 for http://noticias.uol.com.br/ultimas-noticias/bbc/2015/12/25/astronauta-britanico-pede-desculpas-por-trote-do-espaco.htm, skipping...
[ERROR - 2025-10-25 13:34:19,848 - Worker_3] Failed to connect with http://natelinha.ne10.uol.com.br/noticias/2015/12/25/monica-iozzi-reflete-sobre-carreira-ainda-estou-um-pouco-perdida-95177.php after 3 attempts, skipping...
[ERROR - 2025-10-25 13:34:24,001 - Worker_1] Failed to connect with http://natelinha.ne10.uol.com.br/noticias/2015/12/25/2015-no-telejornalismo-desastres-tomam-as-manchetes-em-ano-surpreendente-95183.php after 3 attempts, skipping...
[ERROR - 2025-10-25 13:34:26,016 - Worker_4] Status code == 403 for http://tecnologia.uol.com.br/noticias/redacao/2015/12/25/vale-a-pena-comprar-produtos-em-sites-chineses.htm, skipping...
[ERROR - 2025-10-25 13:34:28,688 - Worker_3] Status code == 403 for http://blogdosakamoto.blogosfera.uol.com.br/2015/12/24/sua-roupa-pode-ter-vindo-do-sertao-conheca-quem-suou-muito-por-ela/, skipping...
[ERROR - 2025-10-25 13:34:32,964 - Worker_3] Status code == 403 for http://blogdomenon.blogosfera.uol.com.br/2015/12/25/messi-e-o-melhor-do-mundo-neymar-o-terceiro-e-iniesta-o-injusticado/, skipping...
[ERROR - 2025-10-25 13:34:33,693 - Worker_0] Status code == 403 for http://noticias.uol.com.br/ultimas-noticias/agencia-estado/2015/12/25/mp-e-defensoria-recomendam-plano-de-contingencia-para-saude-no-rio.htm, skipping...
[ERROR - 2025-10-25 13:34:35,507 - Worker_2] Status code == 403 for http://noticias.uol.com.br/ultimas-noticias/efe/2015/12/25/homem-mais-obeso-do-mundo-morre-no-mexico.htm, skipping...
[ERROR - 2025-10-25 13:34:39,693 - Worker_2] Status code == 403 for http://balanacesta.blogosfera.uol.com.br/2015/12/25/com-reedicao-da-final-passada-os-jogos-do-natal-da-nba/, skipping...
[ERROR - 2025-10-25 13:34:42,833 - Worker_0] Status code == 403 for http://uolesporte.blogosfera.uol.com.br/2015/12/25/familia-cristiano-ronaldo-curte-natal-em-balada-com-renas-sexies/, skipping...
[ERROR - 2025-10-25 13:34:43,020 - Worker_3] Failed to connect with http://natelinha.ne10.uol.com.br/espelhomeu/moda/2015/12/15/arrase-no-verao-apostando-nas-bijoux-e-nos-acessorios-397.php after 3 attempts, skipping...
[ERROR - 2025-10-25 13:34:47,057 - Worker_0] Status code == 403 for http://noticias.uol.com.br/cotidiano/ultimas-noticias/2015/12/25/hospital-funciona-no-rio-mas-paciente-reclama-de-demora-no-atendimento.htm, skipping...
[ERROR - 2025-10-25 13:34:47,512 - Worker_3] Status code == 403 for http://rodrigomattos.blogosfera.uol.com.br/2015/12/26/fox-paga-por-jogo-da-libertadores-menos-do-que-globo-por-brasileiro/, skipping...
[ERROR - 2025-10-25 13:34:48,745 - Worker_2] Status code == 403 for http://uolesporte.blogosfera.uol.com.br/2015/12/26/presente-ostentacao-esposa-de-mcgregor-exibe-relogio-de-r-174-mil/, skipping...
[ERROR - 2025-10-25 13:34:52,975 - Worker_2] Status code == 403 for http://blogdoperrone.blogosfera.uol.com.br/2015/12/opiniao-diretoria-do-spfc-precisa-controlar-ansiedade-para-provar-mudanca/, skipping...
[ERROR - 2025-10-25 13:34:55,892 - Worker_0] Status code == 403 for http://uolesporte.blogosfera.uol.com.br/2015/12/26/ronaldinho-e-presentado-por-messi-com-camisa-10-veja-reacao/, skipping...
[ERROR - 2025-10-25 13:34:59,438 - Worker_2] Status code == 403 for http://noticias.uol.com.br/ultimas-noticias/agencia-estado/2015/12/26/apos-troca-na-fazenda-lula-cobra-acoes-concretas-para-retomada-do-crescimento.htm, skipping...
[ERROR - 2025-10-25 13:35:01,312 - Worker_4] Failed to connect with http://natelinha.ne10.uol.com.br/novelas/2015/12/26/a-regra-toia-aceita-se-casar-com-romero-apos-se-tornar-socia-de-gibson-95190.php after 3 attempts, skipping...
[ERROR - 2025-10-25 13:35:05,491 - Worker_4] Status code == 403 for http://noticias.uol.com.br/ultimas-noticias/bbc/2015/12/26/apos-sobreviver-a-6-picadas-de-cobra-cientista-promete-formula-para-antidoto-popular.htm, skipping...
[ERROR - 2025-10-25 13:35:09,662 - Worker_4] Status code == 403 for http://noticias.uol.com.br/ultimas-noticias/agencia-estado/2015/12/26/haddad-entrega-primeiro-corredor-de-onibus-mas-so-cumprira-13-da-meta.htm, skipping...
[ERROR - 2025-10-25 13:35:10,136 - Worker_3] Status code == 403 for http://mauriciostycer.blogosfera.uol.com.br/2015/12/26/chico-anysio-implorou-para-escolinha-voltar-lamenta-viuva/, skipping...
[ERROR - 2025-10-25 13:35:12,984 - Worker_2] Status code == 403 for http://uolesporte.blogosfera.uol.com.br/2015/12/26/casal-da-selecao-brasileira-de-volei-dani-lins-e-sidao-se-casam/, skipping...
[ERROR - 2025-10-25 13:35:13,978 - Worker_4] Status code == 403 for http://blogdorafaelreis.blogosfera.uol.com.br/2015/12/26/europa-segue-tendencia-do-brasil-e-transforma-tecnicos-em-descartaveis/, skipping...
[ERROR - 2025-10-25 13:35:14,388 - Worker_3] Status code == 403 for http://blogdosakamoto.blogosfera.uol.com.br/2015/12/24/sua-roupa-pode-ter-vindo-do-sertao-conheca-quem-suou-muito-por-ela/, skipping...
[ERROR - 2025-10-25 13:35:14,874 - Worker_1] Status code == 403 for http://noticias.uol.com.br/midiaglobal/nytimes/2015/12/26/hillary-clinton-abraca-com-confianca-o-retrospecto-economico-de-seu-marido.htm, skipping...
[ERROR - 2025-10-25 13:35:16,290 - Worker_0] Status code == 403 for http://noticias.uol.com.br/ultimas-noticias/agencia-brasil/2015/12/26/chega-a-40-numero-de-municipios-atingidos-pelas-cheias-no-rio-grande-do-sul.htm, skipping...
[ERROR - 2025-10-25 13:35:20,502 - Worker_0] Status code == 403 for http://uolesporte.blogosfera.uol.com.br/2015/12/26/o-que-fazer-depois-do-natal-neymar-curte-jatinho-cr7-agua-de-coco/, skipping...
[ERROR - 2025-10-25 13:35:21,331 - Worker_1] Status code == 403 for http://mauriciostycer.blogosfera.uol.com.br/2015/12/25/um-mosquito-tentou-atrapalhar-renata-mas-nao-conseguiu/, skipping...
[ERROR - 2025-10-25 13:35:25,533 - Worker_4] Status code == 403 for http://noticias.uol.com.br/ultimas-noticias/efe/2015/12/26/europa-vive-invasao-organizada-de-refugiados-diz-presidente-tcheco.htm, skipping...
[ERROR - 2025-10-25 13:35:25,597 - Worker_2] Failed to connect with http://natelinha.ne10.uol.com.br/celebridades/2015/12/26/mulher-de-wesley-safadao-aciona-a-justica-apos-receber-ameacas-na-web-95207.php after 3 attempts, skipping...
[ERROR - 2025-10-25 13:35:26,918 - Worker_3] Failed to connect with http://paranaportal.uol.com.br/blog/2015/12/26/casal-perdido-na-serra-do-mar-e-resgatado-pelos-bombeiros/ after 3 attempts, skipping...
[ERROR - 2025-10-25 13:35:27,911 - Worker_1] Status code == 403 for http://noticias.uol.com.br/internacional/ultimas-noticias/2015/12/26/campanha-contra-uso-de-maconha-retrata-usuario-como-bicho-preguica.htm, skipping...
[ERROR - 2025-10-25 13:35:34,488 - Worker_2] Status code == 403 for http://pvc.blogosfera.uol.com.br/2015/12/27/manchester-united-x-chelsea-o-classico-da-crise-e-da-holanda-na-inglaterra/, skipping...
[ERROR - 2025-10-25 13:35:37,062 - Worker_3] Failed to connect with http://natelinha.ne10.uol.com.br/celebridades/2015/12/27/na-web-mion-revela-presente-inusitado-que-filho-autista-pediu-no-natal-95217.php after 3 attempts, skipping...
[ERROR - 2025-10-25 13:35:37,990 - Worker_1] Failed to connect with http://natelinha.ne10.uol.com.br/noticias/2015/12/27/alice-wegmann-e-hanna-romanazzi-terao-cenas-quentes-em-minisserie-global-95206.php after 3 attempts, skipping...
[ERROR - 2025-10-25 13:35:42,452 - Worker_4] Status code == 403 for http://uolesportevetv.blogosfera.uol.com.br/2015/12/27/cleber-machado-e-caio-rebolam-ao-som-de-e-o-tchan-no-domingao-do-faustao/, skipping...
[ERROR - 2025-10-25 13:35:43,639 - Worker_3] Status code == 403 for http://noticias.uol.com.br/cotidiano/ultimas-noticias/2015/12/27/as-vezes-penso-que-sophia-vai-voltar-diz-a-mae-da-menina-de-4-anos-morta.htm, skipping...
[ERROR - 2025-10-25 13:35:50,898 - Worker_3] Status code == 404 for http://entretenimento.band.uol.com.br/paniconaband/2015/aovivo.asp, skipping...
[ERROR - 2025-10-25 13:35:53,682 - Worker_1] Status code == 403 for http://noticias.uol.com.br/cotidiano/ultimas-noticias/2015/12/27/sensacao-termica-supera-44-c-no-rio-e-lota-praias-na-zona-sul.htm, skipping...
[ERROR - 2025-10-25 13:35:54,331 - Worker_0] Status code == 403 for http://uolesportevetv.blogosfera.uol.com.br/2015/12/27/kaka-tenta-dar-estrela-no-altas-horas-e-serginho-groisman-e-atingido/, skipping...
[ERROR - 2025-10-25 13:35:57,352 - Worker_3] Status code == 403 for http://rodrigomattos.blogosfera.uol.com.br/2015/12/27/em-remontagem-primeira-liga-discutira-contrato-de-tv-no-inicio-de-janeiro/, skipping...
[ERROR - 2025-10-25 13:35:57,837 - Worker_1] Status code == 403 for http://noticias.uol.com.br/internacional/ultimas-noticias/2015/12/27/chuvas-deixam-mais-de-160-mil-desabrigados-na-america-do-sul.htm, skipping...
[ERROR - 2025-10-25 13:36:02,063 - Worker_1] Status code == 403 for http://uolesportevetv.blogosfera.uol.com.br/2015/12/27/marcelinho-melhor-do-que-messi-e-editorial-de-galvao-bombou-na-tv-em-2015/, skipping...
[ERROR - 2025-10-25 13:36:05,363 - Worker_0] Status code == 403 for http://noticias.uol.com.br/midiaglobal/nytimes/2015/12/27/velho-imperio-da-midia-alema-da-uma-guinada-para-a-era-digital.htm, skipping...
[ERROR - 2025-10-25 13:36:06,187 - Worker_3] Status code == 403 for http://noticias.uol.com.br/ultimas-noticias/agencia-estado/2015/12/27/principio-de-confusao-assusta-banhistas-na-praia-do-arpoador-no-rio.htm, skipping...
[ERROR - 2025-10-25 13:36:10,811 - Worker_1] Status code == 403 for http://noticias.uol.com.br/album/album-do-dia/2015/12/27/imagens-do-dia---27-de-dezembro-de-2015.htm?abrefoto=4, skipping...
[ERROR - 2025-10-25 13:36:13,775 - Worker_4] Status code == 403 for http://nilsonxavier.blogosfera.uol.com.br/2015/12/27/top-10-series-nacionais-que-se-destacaram-em-2015-para-o-bem-e-para-o-mal/, skipping...
[ERROR - 2025-10-25 13:36:17,727 - Worker_0] Failed to connect with http://natelinha.ne10.uol.com.br/celebridades/2015/12/26/mulher-de-wesley-safadao-aciona-a-justica-apos-receber-ameacas-na-web-95207.php after 3 attempts, skipping...
[ERROR - 2025-10-25 13:36:20,365 - Worker_1] Status code == 403 for http://blogdomenon.blogosfera.uol.com.br/2015/12/28/diego-souza-o-craque-pula-pula/, skipping...
[ERROR - 2025-10-25 13:36:22,198 - Worker_0] Status code == 403 for http://noticias.uol.com.br/saude/ultimas-noticias/bbc/2015/12/28/a-coluna-dele-nao-tinha-fechado-mae-relata-busca-por-tratamento-em-recem-nascido-no-brasil-e-no-exterior.htm, skipping...
[ERROR - 2025-10-25 13:36:22,578 - Worker_4] Status code == 403 for http://uolesporte.blogosfera.uol.com.br/2015/12/28/o-gol-perdido-inacreditavel-do-dia-e-seu-mertesacker/, skipping...
[ERROR - 2025-10-25 13:36:26,741 - Worker_4] Status code == 403 for http://noticias.uol.com.br/ultimas-noticias/agencia-estado/2015/12/28/pezao-expoe-a-barbosa-desejo-de-governadores-sobre-cobranca-de-planos-de-saude.htm, skipping...
[ERROR - 2025-10-25 13:36:30,421 - Worker_1] Failed to connect with http://natelinha.ne10.uol.com.br/celebridades/2015/12/27/na-web-mion-revela-presente-inusitado-que-filho-autista-pediu-no-natal-95217.php after 3 attempts, skipping...
[ERROR - 2025-10-25 13:36:30,919 - Worker_4] Status code == 403 for http://noticias.uol.com.br/politica/ultimas-noticias/2015/12/28/sitiada-assembleia-legislativa-do-rs-vota-sexta-etapa-de-ajuste-fiscal.htm, skipping...
[ERROR - 2025-10-25 13:36:34,032 - Worker_0] Status code == 403 for http://noticias.uol.com.br/ultimas-noticias/reuters/2015/12/28/ataques-deixam-pelo-menos-48-mortos-no-norte-da-nigeria.htm, skipping...
[ERROR - 2025-10-25 13:36:34,574 - Worker_1] Status code == 403 for http://noticias.uol.com.br/album/album-do-dia/2015/12/28/imagens-do-dia---28-de-dezembro-de-2015.htm?abrefoto=20, skipping...
[ERROR - 2025-10-25 13:36:38,607 - Worker_0] Status code == 403 for http://andrerocha.blogosfera.uol.com.br/2015/12/28/e-hora-do-flamengo-entregar-geracao-zico-a-eternidade-e-seguir-em-frente, skipping...
[ERROR - 2025-10-25 13:36:38,754 - Worker_1] Status code == 403 for http://noticias.uol.com.br/midiaglobal/lemonde/2015/12/28/as-condenadas-da-imigracao.htm, skipping...
[ERROR - 2025-10-25 13:36:45,014 - Worker_4] Failed to connect with http://natelinha.ne10.uol.com.br/noticias/2015/12/28/ivo-holanda-sobre-pegadinhas-se-o-silvio-descobrisse-armacao-cortava-95229.php after 3 attempts, skipping...
[ERROR - 2025-10-25 13:36:45,230 - Worker_1] Status code == 403 for http://noticias.uol.com.br/cotidiano/ultimas-noticias/2015/12/28/sensacao-termica-no-rio-passa-os-44-e-cidade-deve-ter-reveillon-40.htm, skipping...
[ERROR - 2025-10-25 13:36:49,379 - Worker_0] Status code == 403 for http://noticias.uol.com.br/ultimas-noticias/bbc/2015/12/28/cao-policial-morto-em-ataques-a-paris-ganha-medalha-de-bravura.htm, skipping...
[ERROR - 2025-10-25 13:36:49,384 - Worker_4] Status code == 403 for http://noticias.uol.com.br/saude/ultimas-noticias/redacao/2015/12/28/vacina-contra-dengue-de-laboratorio-frances-promete-eficacia-total-de-60.htm, skipping...
[ERROR - 2025-10-25 13:36:49,550 - Worker_1] Status code == 403 for http://robertosadovski.blogosfera.uol.com.br/2015/12/28/ola-estranho-quem-e-o-heroi-da-marvel-com-a-cara-de-benedict-cumberbatch/, skipping...
[ERROR - 2025-10-25 13:36:53,596 - Worker_4] Status code == 403 for http://noticias.uol.com.br/blogs-e-colunas/coluna/paul-krugman/2015/12/28/republicanos-dobram-a-aposta-em-politicas-do-governo-bush.htm, skipping...
[ERROR - 2025-10-25 13:36:53,781 - Worker_1] Status code == 403 for http://blogdobrito.blogosfera.uol.com.br/2015/12/28/tem-pais-desistindo-da-olimpiada-para-nao-amargar-a-lanterna/, skipping...
[ERROR - 2025-10-25 13:36:55,824 - Worker_0] Status code == 403 for http://noticias.uol.com.br/cotidiano/ultimas-noticias/2015/12/28/duas-mil-familias-deixaram-suas-casas-por-causa-das-chuvas-no-rs.htm, skipping...
[ERROR - 2025-10-25 13:36:57,952 - Worker_1] Status code == 403 for http://noticias.uol.com.br/album/album-do-dia/2015/12/28/imagens-do-dia---28-de-dezembro-de-2015.htm?abrefoto=21, skipping...
[ERROR - 2025-10-25 13:37:00,760 - Worker_2] Status code == 403 for http://noticias.uol.com.br/album/album-do-dia/2015/12/28/imagens-do-dia---28-de-dezembro-de-2015.htm?abrefoto=19, skipping...
[ERROR - 2025-10-25 13:37:02,160 - Worker_1] Status code == 403 for http://pvc.blogosfera.uol.com.br/2015/12/28/dede-vai-jogar-no-cruzeiro-em-2016/, skipping...
[ERROR - 2025-10-25 13:37:02,751 - Worker_4] Status code == 403 for http://economia.uol.com.br/cotacoes/noticias/redacao/2015/12/28/dolar-cai-210-tem-quarta-queda-seguida-e-fecha-valendo-r-386.htm, skipping...
[ERROR - 2025-10-25 13:37:04,896 - Worker_2] Status code == 403 for http://noticias.uol.com.br/politica/ultimas-noticias/2015/12/29/governo-do-rs-deixa-para-ultimo-dia-definicao-de-pagamento-dos-servidores.htm, skipping...
[ERROR - 2025-10-25 13:37:06,326 - Worker_1] Status code == 403 for http://noticias.uol.com.br/ultimas-noticias/reuters/2015/12/29/estado-islamico-tem-determinacao-sobre-quem-pode-fazer-sexo-com-escravas.htm, skipping...
[ERROR - 2025-10-25 13:37:06,584 - Worker_3] Status code == 403 for http://educacao.uol.com.br/noticias/2015/12/28/corrupcao-vira-tema-de-disciplina-para-alunos-da-rede-publica-no-acre.htm, skipping...
[ERROR - 2025-10-25 13:37:07,396 - Worker_0] Status code == 403 for http://noticias.uol.com.br/ultimas-noticias/agencia-estado/2015/12/29/cunha-diz-que-pedido-de-afastamento-de-janot-contra-ele-e-uma-peca-teatral.htm, skipping...
[ERROR - 2025-10-25 13:37:09,089 - Worker_2] Status code == 403 for http://noticias.uol.com.br/ultimas-noticias/agencia-estado/2015/12/29/mais-4-cidades-do-rs-decretam-emergencia-por-causa-das-cheias.htm, skipping...
[ERROR - 2025-10-25 13:37:09,644 - Worker_4] Status code == 403 for http://uolesporte.blogosfera.uol.com.br/2015/12/29/mario-e-sonic-em-copacabana-nintendo-lanca-novo-trailer-de-jogo-da-rio-16/, skipping...
[ERROR - 2025-10-25 13:37:11,025 - Worker_3] Status code == 403 for http://blogdoohata.blogosfera.uol.com.br/2015/12/29/cadastro-para-coibir-violencia-de-torcidas-e-revivido-mas-esbarra-em-custo/, skipping...
[ERROR - 2025-10-25 13:37:13,021 - Worker_1] Status code == 403 for http://noticias.uol.com.br/cotidiano/ultimas-noticias/2015/12/29/governos-apertam-os-cintos-em-2015-e-populacao-paga-o-preco.htm, skipping...
[ERROR - 2025-10-25 13:37:13,872 - Worker_4] Status code == 403 for http://blogdobrito.blogosfera.uol.com.br/2015/12/29/sao-silvestre-deste-ano-tera-blitz-de-controle-antidoping/, skipping...
[ERROR - 2025-10-25 13:37:18,259 - Worker_4] Status code == 403 for http://reginanavarro.blogosfera.uol.com.br/2015/12/29/vale-quanto-mede/, skipping...
[ERROR - 2025-10-25 13:37:19,505 - Worker_1] Status code == 403 for http://economia.uol.com.br/noticias/bloomberg/2015/12/29/400-mais-ricos-do-mundo-perdem-bilhoes-em-2015.htm, skipping...
[ERROR - 2025-10-25 13:37:21,579 - Worker_0] Status code == 403 for http://mauriciostycer.blogosfera.uol.com.br/2015/12/29/ingenuidade-de-toia-faz-a-novela-andar-mas-quem-aguenta-tanta-burrice/, skipping...
[ERROR - 2025-10-25 13:37:23,106 - Worker_2] Status code == 404 for http://esporte.uol.com.br/f1/ultimas-noticias/2015/12/29/schumacher-tem-recuperacao-blindada-pela-familia-dois-anos-apos-acidente.htm, skipping...
[ERROR - 2025-10-25 13:37:23,709 - Worker_1] Status code == 403 for http://noticias.uol.com.br/saude/ultimas-noticias/estado/2015/12/29/cidade-do-interior-de-sp-sorteara-premio-a-casas-sem-aedes-aegypti.htm, skipping...
[ERROR - 2025-10-25 13:37:24,548 - Worker_3] Status code == 403 for http://noticias.uol.com.br/cotidiano/ultimas-noticias/2015/12/29/vereador-eduardo-cunha-e-preso-apos-atropelar-ciclista-em-cidade-de-mg.htm, skipping...
[ERROR - 2025-10-25 13:37:25,765 - Worker_0] Status code == 403 for http://blogdomenon.blogosfera.uol.com.br/2015/12/29/lugano-e-um-zagueiro-ou-e-um-simbolo-um-mito-um-deus/, skipping...
[ERROR - 2025-10-25 13:37:27,273 - Worker_2] Status code == 403 for http://noticias.uol.com.br/ultimas-noticias/agencia-estado/2015/12/29/sumico-de-onca-expoe-risco-da-mata-atlantica.htm, skipping...
[ERROR - 2025-10-25 13:37:29,939 - Worker_0] Status code == 403 for http://noticias.uol.com.br/album/album-do-dia/2015/12/29/imagens-do-dia---29-de-dezembro-de-2015.htm?abrefoto=12, skipping...
[ERROR - 2025-10-25 13:37:30,201 - Worker_1] Status code == 403 for http://noticias.uol.com.br/internacional/ultimas-noticias/le-monde/2015/12/29/cop21-um-sucesso-ainda-a-ser-confirmado.htm, skipping...
[ERROR - 2025-10-25 13:37:30,785 - Worker_4] Status code == 404 for http://entretenimento.ne10.uol.com.br/coluna/muito-prazer/noticia/2015/12/29/casamento-sem-sexo-588800.php, skipping...
[ERROR - 2025-10-25 13:37:34,218 - Worker_0] Status code == 403 for http://fastfut.blogosfera.uol.com.br/2015/12/29/presidente-da-conmebol-recebia-us50-milmes-para-manter-contratos-de-tv/, skipping...
[ERROR - 2025-10-25 13:37:38,505 - Worker_0] Status code == 403 for http://blogdoperrone.blogosfera.uol.com.br/2015/12/santos-da-troco-na-globo-e-negocia-com-esporte-interativo/, skipping...
[ERROR - 2025-10-25 13:37:39,739 - Worker_2] Failed to connect with http://carsale.uol.com.br/ultimas/2015/12/29/chevrolet-onix-e-o-carro-mais-vendido-no-brasil-em-2015/ after 3 attempts, skipping...
[ERROR - 2025-10-25 13:37:40,196 - Worker_4] Status code == 403 for http://noticias.uol.com.br/album/album-do-dia/2015/12/29/imagens-do-dia---29-de-dezembro-de-2015.htm?abrefoto=22, skipping...
[ERROR - 2025-10-25 13:37:44,221 - Worker_3] Status code == 403 for http://uolesporte.blogosfera.uol.com.br/2015/12/29/aos-49-anos-mike-tyson-volta-a-ser-nocauteado/, skipping...
[ERROR - 2025-10-25 13:37:46,720 - Worker_4] Status code == 403 for http://noticias.uol.com.br/saude/ultimas-noticias/redacao/2015/12/29/brasil-ja-tem-2975-casos-suspeitos-de-microcefalia.htm, skipping...
[ERROR - 2025-10-25 13:37:48,336 - Worker_1] Status code == 403 for http://economia.uol.com.br/cotacoes/noticias/redacao/2015/12/29/bovespa-cai-de-novo-e-fecha-com-43653-mil-pontos-3-pior-nivel-do-ano.htm, skipping...
[ERROR - 2025-10-25 13:37:48,839 - Worker_2] Status code == 403 for http://andrerocha.blogosfera.uol.com.br/2015/12/30/esqueca-o-mercado-so-a-base-e-o-trabalho-coletivo-podem-salvar-o-seu-time/, skipping...
[ERROR - 2025-10-25 13:37:52,488 - Worker_1] Status code == 403 for http://noticias.uol.com.br/cotidiano/ultimas-noticias/2015/12/30/sutia-gigante-vira-ponto-turistico-em-cidade-de-minas-gerais.htm, skipping...
[ERROR - 2025-10-25 13:37:52,996 - Worker_2] Status code == 403 for http://noticias.uol.com.br/blogs-e-colunas/coluna/richard-branson/2015/12/30/quando-e-hora-de-sua-empresa-se-tornar-global-e-passar-a-exportar.htm, skipping...
[ERROR - 2025-10-25 13:37:56,651 - Worker_1] Status code == 403 for http://economia.uol.com.br/cotacoes/noticias/redacao/2015/12/30/dolar-sobe-em-todos-5-anos-de-dilma-e-salta-137-de-r-1666-a-r-3948.htm, skipping...
[ERROR - 2025-10-25 13:38:00,815 - Worker_1] Status code == 403 for http://noticias.uol.com.br/cotidiano/ultimas-noticias/2015/12/30/tres-sao-indiciados-pela-morte-de-universitaria-em-extrema-mg.htm, skipping...
[ERROR - 2025-10-25 13:38:01,561 - Worker_4] Status code == 403 for http://economia.uol.com.br/cotacoes/noticias/redacao/2015/12/30/bovespa.htm, skipping...
[ERROR - 2025-10-25 13:38:04,679 - Worker_2] Status code == 403 for http://noticias.uol.com.br/album/album-do-dia/2015/12/30/imagens-do-dia---30-de-dezembro-de-2015.htm?abrefoto=5, skipping...
[ERROR - 2025-10-25 13:38:05,715 - Worker_4] Status code == 403 for http://noticias.uol.com.br/ultimas-noticias/bbc/2015/12/30/o-ressurgimento-da-ku-klux-khan-no-ano-de-seu-150-aniversario.htm, skipping...
[ERROR - 2025-10-25 13:38:07,388 - Worker_1] Status code == 403 for http://noticias.uol.com.br/ultimas-noticias/agencia-estado/2015/12/30/corregedoria-da-pm-determina-prisao-de-8-suspeitos-de-tortura.htm, skipping...
[ERROR - 2025-10-25 13:38:09,964 - Worker_4] Status code == 403 for http://nagradedomma.blogosfera.uol.com.br/2015/12/30/me-segura-gigante-ex-pride-protagoniza-encarada-comica-no-japao/, skipping...
[ERROR - 2025-10-25 13:38:12,159 - Worker_1] Status code == 403 for http://tecnologia.uol.com.br/noticias/redacao/2015/12/30/voce-achou-o-panda-artista-desafia-internet-a-encontrar-trevo-de-4-folhas.htm, skipping...
[ERROR - 2025-10-25 13:38:13,446 - Worker_2] Status code == 403 for http://noticias.uol.com.br/internacional/ultimas-noticias/el-pais/2015/12/30/desmatamento-para-plantar-soja-agrava-inundacoes-na-america-do-sul.htm, skipping...
[ERROR - 2025-10-25 13:38:17,598 - Worker_2] Status code == 403 for http://noticias.uol.com.br/ultimas-noticias/agencia-estado/2015/12/30/reducao-na-pressao-da-agua-sera-mantida-afirma-alckmin.htm, skipping...
[ERROR - 2025-10-25 13:38:18,062 - Worker_3] Status code == 403 for http://noticias.uol.com.br/internacional/ultimas-noticias/2015/12/30/terrorismo-comeca-e-termina-o-ano-atacando-a-franca-e-choca-africa-e-asia.htm, skipping...
[ERROR - 2025-10-25 13:38:18,650 - Worker_1] Status code == 403 for http://noticias.uol.com.br/album/2015/12/30/em-inverno-rigoroso-china-promove-festivais-de-escultura-em-gelo-e-na-neve.htm?abrefoto=1, skipping...
[ERROR - 2025-10-25 13:38:21,672 - Worker_4] Status code == 403 for http://noticias.uol.com.br/cotidiano/ultimas-noticias/2015/12/30/mpl-vai-protestar-contra-aumento-das-tarifas-em-sao-paulo.htm, skipping...
[ERROR - 2025-10-25 13:38:26,553 - Worker_0] Status code == 403 for http://noticias.uol.com.br/cotidiano/ultimas-noticias/2015/12/30/apostadores-tentam-de-tudo-para-acertar-os-seis-numeros-da-mega-da-virada.htm, skipping...
[ERROR - 2025-10-25 13:38:28,124 - Worker_4] Status code == 403 for http://noticias.uol.com.br/cotidiano/ultimas-noticias/2015/12/30/agricultor-faz-armadilha-contra-ladrao-de-mandioca-e-tres-sao-presos.htm, skipping...
[ERROR - 2025-10-25 13:38:29,840 - Worker_1] Status code == 403 for http://uolesporte.blogosfera.uol.com.br/2015/12/30/garotinha-de-6-anos-impressiona-no-basquete-e-faz-sucesso-na-internet/, skipping...
[ERROR - 2025-10-25 13:38:33,089 - Worker_0] Status code == 403 for http://noticias.uol.com.br/ultimas-noticias/agencia-estado/2015/12/30/condenados-no-mensalao-pedem-ao-stf-perdao-com-base-em-indulto-de-natal.htm, skipping...
[ERROR - 2025-10-25 13:38:36,222 - Worker_2] Status code == 403 for http://educacao.uol.com.br/album/2015/12/30/novo-acordo-ortografico-sera-obrigatorio-em-2016-confira-as-mudancas.htm, skipping...
[ERROR - 2025-10-25 13:38:39,459 - Worker_3] Status code == 403 for http://noticias.uol.com.br/cotidiano/ultimas-noticias/2015/12/30/apos-mais-de-um-ano-e-meio-cantareira-sai-do-volume-morto.htm, skipping...
[ERROR - 2025-10-25 13:38:41,447 - Worker_4] Status code == 403 for http://blogdosakamoto.blogosfera.uol.com.br/2015/12/30/tres-formas-para-convencer-os-pobres-que-aumentar-o-salario-minimo-e-ruim/, skipping...
[ERROR - 2025-10-25 13:38:41,886 - Worker_0] Status code == 403 for http://blogdoico.blogosfera.uol.com.br/2015/12/30/o-ano-da-formula-1-em-dez-imagens/, skipping...
[ERROR - 2025-10-25 13:38:45,625 - Worker_4] Status code == 403 for http://noticias.uol.com.br/cotidiano/ultimas-noticias/2015/12/31/passagem-de-onibus-no-rio-tera-aumento-de-11-a-partir-de-janeiro.htm, skipping...
[ERROR - 2025-10-25 13:38:46,440 - Worker_0] Status code == 403 for http://balanacesta.blogosfera.uol.com.br/2015/12/31/os-votos-do-blog-para-2016/, skipping...
[ERROR - 2025-10-25 13:38:47,248 - Worker_2] Status code == 403 for http://noticias.uol.com.br/ciencia/ultimas-noticias/efe/2015/12/31/japoneses-confirmam-identificacao-do-elemento-numero-113-da-tabela-periodica.htm, skipping...
[ERROR - 2025-10-25 13:38:49,264 - Worker_1] Failed to connect with http://natelinha.ne10.uol.com.br/espelhomeu/comportamento/2015/12/14/garanta-a-boa-sorte-na-virada-do-ano-395.php after 3 attempts, skipping...
[ERROR - 2025-10-25 13:38:50,590 - Worker_0] Status code == 403 for http://noticias.uol.com.br/ultimas-noticias/agencia-estado/2015/12/31/dilma-viaja-a-porto-alegre-para-passar-a-virada-do-ano-com-a-familia.htm, skipping...
[ERROR - 2025-10-25 13:38:52,112 - Worker_4] Status code == 403 for http://noticias.uol.com.br/internacional/ultimas-noticias/the-new-york-times/2015/12/31/enquanto-eua-se-concentram-no-ei-e-taleban-al-qaeda-ressurge-no-afeganistao.htm, skipping...
[ERROR - 2025-10-25 13:39:00,543 - Worker_1] Status code == 403 for http://noticias.uol.com.br/album/2015/12/31/ano-novo-pelo-mundo.htm?abrefoto=30, skipping...
[ERROR - 2025-10-25 13:39:07,060 - Worker_1] Status code == 403 for http://noticias.uol.com.br/album/2015/12/31/ano-novo-pelo-mundo.htm?abrefoto=19, skipping...
[ERROR - 2025-10-25 13:39:07,695 - Worker_4] Status code == 403 for http://noticias.uol.com.br/ultimas-noticias/agencia-estado/2015/12/31/exame-toxicologico-passa-a-ser-exigido-para-habilitacao-de-motorista-profissional.htm, skipping...
[ERROR - 2025-10-25 13:39:11,892 - Worker_4] Status code == 403 for http://noticias.uol.com.br/ultimas-noticias/bbc/2015/12/31/china-tem-competicao-inedita-de-cremacao-de-mortos.htm, skipping...
[ERROR - 2025-10-25 13:39:16,433 - Worker_2] Status code == 403 for http://noticias.uol.com.br/ultimas-noticias/reuters/2015/12/31/multidao-ja-aguarda-festa-de-ano-novo-na-times-square-sob-forte-esquema-de-seguranca.htm, skipping...
[ERROR - 2025-10-25 13:39:18,892 - Worker_0] Status code == 403 for http://noticias.uol.com.br/blogs-e-colunas/coluna/jorge-ramos/2015/12/31/de-volta-a-casa-ha-mais-mexicanos-partindo-dos-eua-do-que-chegando.htm, skipping...
[ERROR - 2025-10-25 13:39:20,621 - Worker_2] Status code == 403 for http://noticias.uol.com.br/internacional/ultimas-noticias/the-new-york-times/2015/12/31/tragedia-familiar-e-simbolo-do-desespero-que-domina-a-siria.htm, skipping...
[ERROR - 2025-10-25 13:39:25,350 - Worker_1] Status code == 403 for http://noticias.uol.com.br/cotidiano/ultimas-noticias/2015/12/31/veja-os-numeros-da-mega-da-virada-premio-e-de-r-2465-milhoes.htm, skipping...
[ERROR - 2025-10-25 13:39:25,412 - Worker_4] Status code == 403 for http://noticias.uol.com.br/ultimas-noticias/agencia-estado/2015/12/31/dilma-reconhece-dificuldades-em-2015-e-fala-em-esperanca-renovada-para-2016.htm, skipping...
[ERROR - 2025-10-25 13:39:29,506 - Worker_1] Status code == 403 for http://noticias.uol.com.br/ultimas-noticias/efe/2015/12/31/mesmo-sem-ameaca-concreta-franca-passara-ano-novo-com-100-mil-policiais.htm, skipping...
[ERROR - 2025-10-25 13:39:29,744 - Worker_4] Status code == 403 for http://blogdoperrone.blogosfera.uol.com.br/2015/12/dez-frases-marcantes-do-futebol-brasileiro-em-2015/, skipping...
[ERROR - 2025-10-25 13:39:33,677 - Worker_1] Status code == 403 for http://noticias.uol.com.br/saude/ultimas-noticias/the-new-york-times/2015/12/31/as-dificuldades-dos-idosos-que-tomam-muitos-remedios.htm, skipping...
[ERROR - 2025-10-25 13:39:33,927 - Worker_4] Status code == 403 for http://noticias.uol.com.br/album/album-do-dia/2015/12/31/imagens-do-dia---31-de-dezembro-de-2015.htm?abrefoto=10, skipping...
[ERROR - 2025-10-25 13:39:33,985 - Worker_2] Status code == 403 for http://noticias.uol.com.br/ultimas-noticias/reuters/2015/12/31/midia-precisa-dar-mais-espaco-para-boas-noticias-diz-papa-apos-ano-sombrio.htm, skipping...
[ERROR - 2025-10-25 13:39:37,830 - Worker_1] Status code == 403 for http://noticias.uol.com.br/album/2015/12/31/ano-novo-pelo-mundo.htm?abrefoto=2, skipping...
[ERROR - 2025-10-25 13:39:43,971 - Worker_4] Failed to connect with http://natelinha.ne10.uol.com.br/espelhomeu/casa-e-decoracao/2015/12/17/mantenha-o-carpete-limpo-e-longe-de-acaros-com-metodos-caseiros-401.php after 3 attempts, skipping...
[ERROR - 2025-10-25 13:39:51,866 - Worker_3] Status code == 403 for http://nagradedomma.blogosfera.uol.com.br/2015/12/31/queda-de-astros-confirma-2015-doido-no-ufc-e-redefine-a-cara-da-organizacao/, skipping...
[INFO - 2025-10-25 13:41:21,103 - MainThread] Processed 10021 links - 6391/10021 succeeded (63.8%).
[INFO - 2025-10-25 13:41:21,104 - MainThread] Total time taken to complete: 268min
