[INFO - 2025-10-24 20:14:49,641 - MainThread] 2216 links from 'out/uol_links/2015/5-2015.txt'.
[ERROR - 2025-10-24 20:14:49,861 - Worker_2] Status code == 403 for http://noticias.uol.com.br/ultimas-noticias/agencia-estado/2015/04/30/petrobras-destroi-gravacoes-do-conselho-de-administracao.htm, skipping...
[ERROR - 2025-10-24 20:14:49,873 - Worker_3] Status code == 403 for http://noticias.uol.com.br/ultimas-noticias/agencia-estado/2015/04/30/nao-pode-ser-boa-coisa-ironiza-ideli-ao-mencionar-numero-da-pec-da-maioridade.htm, skipping...
[ERROR - 2025-10-24 20:14:49,874 - Worker_4] Status code == 403 for http://noticias.uol.com.br/saude/ultimas-noticias/redacao/2015/04/30/nao-vai-faltar-vacina-contra-a-gripe-diz-ministro-da-saude.htm, skipping...
[ERROR - 2025-10-24 20:14:50,006 - Worker_0] Status code == 403 for http://blogdobaldini.blogosfera.uol.com.br/2015/04/30/namorada-nova-acalma-floyd-mayweather/, skipping...
[ERROR - 2025-10-24 20:14:54,174 - Worker_0] Status code == 403 for http://noticias.uol.com.br/saude/ultimas-noticias/redacao/2015/04/30/nao-tenho-vontade-de-transar-com-meu-marido-como-posso-voltar-a-ter.htm, skipping...
[ERROR - 2025-10-24 20:14:54,600 - Worker_2] Status code == 403 for http://tecnologia.uol.com.br/noticias/redacao/2015/04/30/quantos-anos-voce-tem-site-da-microsoft-que-adivinha-idade-vira-piada.htm, skipping...
[ERROR - 2025-10-24 20:15:01,413 - Worker_2] Status code == 403 for http://pvc.blogosfera.uol.com.br/2015/04/30/a-demissao-de-inzaghi-e-a-imensa-crise-do-ex-maior-clube-do-planeta/, skipping...
[ERROR - 2025-10-24 20:15:17,214 - Worker_2] Status code == 403 for http://nagradedomma.blogosfera.uol.com.br/2015/04/30/jon-jones-ascensao-e-queda-de-um-genio-indomavel-que-perdeu-para-si-mesmo/, skipping...
[ERROR - 2025-10-24 20:15:21,624 - Worker_2] Status code == 403 for http://blogdoperrone.blogosfera.uol.com.br/2015/04/patrocinador-misterioso-em-final-causa-polemica-no-santos/, skipping...
[ERROR - 2025-10-24 20:15:25,896 - Worker_2] Status code == 403 for http://educacao.uol.com.br/noticias/2015/04/30/so-pensei-por-que-eu-diz-professor-que-levou-tiro-no-rosto.htm, skipping...
[ERROR - 2025-10-24 20:15:28,632 - Worker_3] Status code == 403 for http://noticias.uol.com.br/ultimas-noticias/agencia-estado/2015/04/30/extradicao-de-pizzolato-pode-esbarrar-em-manobra-legal.htm, skipping...
[ERROR - 2025-10-24 20:15:32,354 - Worker_2] Status code == 403 for http://noticias.uol.com.br/album/2015/04/30/40-anos-apos-guerra-vietna-ainda-sofre-efeitos-do-agente-laranja.htm?abrefoto=10, skipping...
[ERROR - 2025-10-24 20:15:32,790 - Worker_3] Status code == 403 for http://noticias.uol.com.br/cotidiano/ultimas-noticias/2015/04/30/trecho-da-linha-1-azul-do-metro-de-sp-deixa-de-funcionar-por-falha-tecnica.htm, skipping...
[ERROR - 2025-10-24 20:15:36,524 - Worker_2] Status code == 403 for http://noticias.uol.com.br/politica/ultimas-noticias/2015/04/30/mpf-rj-repatria-cerca-de-r-87-milhoes-desviados-da-petrobras-por-barusco.htm, skipping...
[ERROR - 2025-10-24 20:15:40,864 - Worker_2] Status code == 403 for http://rodrigomattos.blogosfera.uol.com.br/2015/04/30/como-o-maracana-encolhe-e-perde-22-mil-lugares-para-a-final-do-estadual/, skipping...
[ERROR - 2025-10-24 20:15:49,460 - Worker_0] Status code == 403 for http://noticias.uol.com.br/opiniao/coluna/2015/04/30/reducao-da-maioridade-penal-entrega-jovens-ao-crime-organizado.htm, skipping...
[ERROR - 2025-10-24 20:15:50,671 - Worker_1] Status code == 403 for http://noticias.uol.com.br/album/2015/04/26/queda-de-saigon-marcou-fim-da-guerra-do-vietna-ha-40-anos-veja-imagens-historicas.htm, skipping...
[ERROR - 2025-10-24 20:15:53,640 - Worker_0] Status code == 403 for http://noticias.uol.com.br/opiniao/coluna/2015/04/30/mais-maduro-menor-infrator-nao-pode-ter-privilegios-na-lei-penal.htm, skipping...
[ERROR - 2025-10-24 20:16:00,301 - Worker_2] Status code == 403 for http://educacao.uol.com.br/noticias/agencia-estado/2015/04/30/dilma-repudia-violencia-em-protestos-caminho-e-o-dialogo.htm, skipping...
[ERROR - 2025-10-24 20:16:04,465 - Worker_2] Status code == 403 for http://noticias.uol.com.br/album/album-do-dia/2015/04/30/imagens-do-dia---30-de-abril-de-2015.htm?abrefoto=35, skipping...
[ERROR - 2025-10-24 20:16:13,169 - Worker_3] Status code == 403 for http://robertosadovski.blogosfera.uol.com.br/2015/04/30/a-batalha-que-a-dc-parece-estar-perdendo-para-criar-seu-universo-no-cinema/, skipping...
[ERROR - 2025-10-24 20:16:17,381 - Worker_3] Status code == 403 for http://fernandorodrigues.blogosfera.uol.com.br/2015/04/30/videos-do-psdb-para-o-1o-de-maio-apontam-mentiras-de-dilma/, skipping...
[ERROR - 2025-10-24 20:16:21,615 - Worker_3] Status code == 403 for http://noticias.uol.com.br/midiaglobal/prospect/2015/04/30/antes-de-eleicao-partidos-ignoram-a-principal-mudanca-economica-no-reino-unido.htm, skipping...
[ERROR - 2025-10-24 20:16:21,709 - Worker_2] Status code == 403 for http://educacao.uol.com.br/noticias/bbc/2015/04/30/sangue-em-foto-viral-de-pm-apos-protesto-e-tinta-afirma-policia-do-pr.htm, skipping...
[ERROR - 2025-10-24 20:16:41,030 - Worker_3] Status code == 403 for http://economia.uol.com.br/blogs-e-colunas/coluna/reinaldo-polito/2015/04/30/obama-inova-usa-humorista-em-discurso-e-mostra-comunicacao-espetacular.htm, skipping...
[ERROR - 2025-10-24 20:17:02,102 - Worker_4] Status code == 403 for http://noticias.uol.com.br/meio-ambiente/album/2015/04/29/esta-aberta-a-temporada-de-reproducao-dos-pandas-na-china.htm?abrefoto=5, skipping...
[ERROR - 2025-10-24 20:17:06,283 - Worker_4] Status code == 403 for http://economia.uol.com.br/imposto-de-renda/noticias/redacao/2015/04/30/hoje-e-o-ultimo-dia-do-ir-2015-leia-20-respostas-que-ajudam-na-reta-final.htm, skipping...
[ERROR - 2025-10-24 20:17:12,280 - Worker_0] Status code == 403 for http://economia.uol.com.br/cotacoes/noticias/redacao/2015/04/30/acao-da-petrobras-salta-quase-50-em-abril-bovespa-subiu-10-no-mes.htm, skipping...
[ERROR - 2025-10-24 20:17:16,830 - Worker_0] Status code == 403 for http://blogdoboleiro.blogosfera.uol.com.br/2015/05/01/milton-cruz-decide-sozinho-perde-peso-e-diz-que-so-esta-tecnico-do-spfc/, skipping...
[ERROR - 2025-10-24 20:17:29,299 - Worker_0] Failed to connect with http://natelinha.ne10.uol.com.br/novelas/2015/05/01/alto-astral-apos-ser-preso-marcos-e-humilhado-e-apanha-de-laura-88460.php after 3 attempts, skipping...
[ERROR - 2025-10-24 20:17:32,440 - Worker_3] Status code == 404 for http://esporte.uol.com.br/f1/ultimas-noticias/2015/05/01/confira-tudo-o-que-voce-nao-sabia-sobre-a-morte-de-ayrton-senna.htm, skipping...
[ERROR - 2025-10-24 20:17:37,065 - Worker_3] Status code == 404 for http://esporte.uol.com.br/f1/ultimas-noticias/2015/05/01/21-anos-apos-morte-f-1-tem-novo-senna-que-sequer-viu-o-brasileiro-correr.htm, skipping...
[ERROR - 2025-10-24 20:17:40,114 - Worker_2] Status code == 403 for http://mauriciostycer.blogosfera.uol.com.br/2015/05/01/fatima-bernardes-completou-a-transicao-do-jornalismo-para-o-entretenimento/, skipping...
[ERROR - 2025-10-24 20:17:40,388 - Worker_0] Status code == 403 for http://noticias.uol.com.br/cotidiano/ultimas-noticias/2015/05/01/pode-entrar-sem-medo-saiba-como-estao-favelas-que-terao-1-upp-da-mare.htm, skipping...
[ERROR - 2025-10-24 20:17:54,359 - Worker_3] Status code == 403 for http://futebolemnumeros.blogosfera.uol.com.br/2015/05/01/palmeiras-tem-mais-vitorias-do-que-o-santos-na-vila-belmiro/, skipping...
[ERROR - 2025-10-24 20:17:54,990 - Worker_0] Status code == 403 for http://blogdosakamoto.blogosfera.uol.com.br/2015/05/01/primeiro-de-maio-da-chicago-de-1886-a-curitiba-de-2015/, skipping...
[ERROR - 2025-10-24 20:17:59,181 - Worker_0] Status code == 403 for http://noticias.uol.com.br/album/2015/04/30/40-anos-apos-guerra-vietna-ainda-sofre-efeitos-do-agente-laranja.htm?abrefoto=10, skipping...
[ERROR - 2025-10-24 20:18:00,901 - Worker_3] Status code == 403 for http://noticias.uol.com.br/midiaglobal/lemonde/2015/05/01/a-democracia-declina-enquanto-os-regimes-autoritarios-funcionam.htm, skipping...
[ERROR - 2025-10-24 20:18:04,922 - Worker_2] Status code == 403 for http://noticias.uol.com.br/album/album-do-dia/2015/04/30/imagens-do-dia---30-de-abril-de-2015.htm?abrefoto=27, skipping...
[ERROR - 2025-10-24 20:18:09,059 - Worker_2] Status code == 403 for http://noticias.uol.com.br/album/2015/01/05/charges-2015.htm?abrefoto=100, skipping...
[ERROR - 2025-10-24 20:18:10,068 - Worker_3] Status code == 403 for http://noticias.uol.com.br/ultimas-noticias/efe/2015/05/01/efeito-do-terremoto-e-de-partir-o-coracao-lamenta-subsecretaria-da-onu.htm, skipping...
[ERROR - 2025-10-24 20:18:31,990 - Worker_4] Status code == 403 for http://noticias.uol.com.br/ultimas-noticias/efe/2015/05/01/chile-adverte-que-erupcao-do-vulcao-calbuco-pode-durar-meses.htm, skipping...
[ERROR - 2025-10-24 20:18:33,001 - Worker_0] Status code == 403 for http://noticias.uol.com.br/internacional/ultimas-noticias/2015/05/01/brasileiro-entra-no-vigesimo-dia-de-greve-de-fome-em-presidio-na-palestina.htm, skipping...
[ERROR - 2025-10-24 20:18:41,918 - Worker_0] Status code == 403 for http://josecruz.blogosfera.uol.com.br/2015/05/sem-mudancas-mp-671-pode-prejudicar-clubes-e-atletas-junto-a-fifa/, skipping...
[ERROR - 2025-10-24 20:18:46,090 - Worker_0] Status code == 403 for http://noticias.uol.com.br/politica/ultimas-noticias/2015/05/01/temos-de-nos-acostumar-a-ouvir-as-vozes-das-ruas-afirma-dilma.htm, skipping...
[ERROR - 2025-10-24 20:18:52,499 - Worker_3] Status code == 403 for http://uolesporte.blogosfera.uol.com.br/2015/05/01/superluta-de-mayweather-e-pacquiao-tera-as-melhores-ring-girls-veja-fotos/, skipping...
[ERROR - 2025-10-24 20:19:15,888 - Worker_4] Status code == 403 for http://blogdoboleiro.blogosfera.uol.com.br/2015/05/01/olhos-abertos-e-ligado-juiz-da-final-nao-quer-saber-de-provocacoes/, skipping...
[ERROR - 2025-10-24 20:19:20,322 - Worker_4] Status code == 403 for http://colunaesplanada.blogosfera.uol.com.br/2015/05/01/governo-deve-r-15-bilhao-as-empreiteiras-do-minha-casa/, skipping...
[ERROR - 2025-10-24 20:19:21,085 - Worker_2] Status code == 403 for http://rodrigomattos.blogosfera.uol.com.br/2015/05/01/dividas-dos-grandes-clubes-atinge-r-5-bi-veja-ranking-dos-debitos/, skipping...
[ERROR - 2025-10-24 20:19:33,801 - Worker_2] Status code == 403 for http://fernandorodrigues.blogosfera.uol.com.br/2015/05/01/renan-calheiros-e-mais-perigoso-para-o-planalto-do-que-eduardo-cunha/, skipping...
[ERROR - 2025-10-24 20:19:51,436 - Worker_3] Status code == 403 for http://noticias.uol.com.br/tabloide/ultimas-noticias/tabloideanas/2015/05/02/cliente-generosa-da-gorjeta-us-2000-a-garconete-nos-eua.htm, skipping...
[ERROR - 2025-10-24 20:19:55,615 - Worker_3] Status code == 403 for http://uolesporte.blogosfera.uol.com.br/2015/05/02/ta-bombando-denilson-leva-rolinho-e-da-chilique-em-jogo-da-imprensa/, skipping...
[ERROR - 2025-10-24 20:19:59,792 - Worker_3] Status code == 403 for http://noticias.uol.com.br/midiaglobal/nytimes/2015/05/02/governo-separatista-reescreve-historia-da-fome-que-abalou-a-ucrania-em-1933.htm, skipping...
[ERROR - 2025-10-24 20:20:12,403 - Worker_4] Status code == 403 for http://omundoemmovimento.blogosfera.uol.com.br/2015/05/01/com-mais-um-mes-fraco-queda-de-vendas-atinge-184-no-ano/, skipping...
[ERROR - 2025-10-24 20:20:13,255 - Worker_0] Status code == 403 for http://noticias.uol.com.br/ultimas-noticias/efe/2015/05/02/exercito-israelense-dispersa-manifestacao-pela-liberdade-de-imprensa-em-belem.htm, skipping...
[ERROR - 2025-10-24 20:20:19,417 - Worker_4] Status code == 403 for http://noticias.uol.com.br/album/2015/05/01/veja-patrimonios-mundiais-que-resistiram-a-terremotos.htm?abrefoto=2, skipping...
[ERROR - 2025-10-24 20:20:23,562 - Worker_4] Status code == 403 for http://noticias.uol.com.br/cotidiano/ultimas-noticias/2015/05/01/pode-entrar-sem-medo-saiba-como-estao-favelas-que-terao-1-upp-da-mare.htm, skipping...
[ERROR - 2025-10-24 20:20:26,011 - Worker_2] Status code == 403 for http://cozinhasobpressao.blogosfera.uol.com.br/2015/05/02/segundo-episodio-traz-discussao-entre-chefs/, skipping...
[ERROR - 2025-10-24 20:20:29,669 - Worker_0] Status code == 403 for http://noticias.uol.com.br/album/2015/04/30/40-anos-apos-guerra-vietna-ainda-sofre-efeitos-do-agente-laranja.htm?abrefoto=10, skipping...
[ERROR - 2025-10-24 20:20:30,156 - Worker_2] Status code == 403 for http://noticias.uol.com.br/ultimas-noticias/agencia-estado/2015/05/02/cunha-deve-resistir-a-pressao-para-cpi-do-bndes.htm, skipping...
[ERROR - 2025-10-24 20:20:33,825 - Worker_0] Status code == 403 for http://noticias.uol.com.br/opiniao/coluna/2015/05/02/e-preciso-parar-de-dar-desconto-a-grandes-consumidores-de-agua.htm, skipping...
[ERROR - 2025-10-24 20:20:35,028 - Worker_1] Status code == 403 for http://rodrigomattos.blogosfera.uol.com.br/2015/05/02/cbf-quer-publico-diferente-com-jogo-as-11-horas-para-promover-brasileiro/, skipping...
[ERROR - 2025-10-24 20:20:38,279 - Worker_4] Status code == 403 for http://noticias.uol.com.br/ultimas-noticias/agencia-estado/2015/05/02/guarda-civil-bloqueia-ruas-da-cracolandia.htm, skipping...
[ERROR - 2025-10-24 20:20:39,310 - Worker_1] Status code == 404 for http://futebol.placar.esporte.uol.com.br/futebol/amistosos/2015/05/02/icasa-x-flamengo.htm, skipping...
[ERROR - 2025-10-24 20:20:42,596 - Worker_4] Status code == 403 for http://pvc.blogosfera.uol.com.br/2015/05/01/informacoes-e-palpites-das-finais-estaduais-no-rj-sp-rs-e-mg/, skipping...
[ERROR - 2025-10-24 20:20:55,948 - Worker_1] Status code == 403 for http://noticias.uol.com.br/ultimas-noticias/agencia-estado/2015/05/02/governo-lanca-campanha-em-defesa-do-ajuste-fiscal.htm, skipping...
[ERROR - 2025-10-24 20:21:01,349 - Worker_0] Status code == 403 for http://noticias.uol.com.br/ultimas-noticias/efe/2015/05/02/kerry-classifica-de-histeria-criticas-israelenses-a-acordo-com-ira.htm, skipping...
[ERROR - 2025-10-24 20:21:05,508 - Worker_0] Status code == 403 for http://noticias.uol.com.br/ultimas-noticias/reuters/2015/05/02/alemaes-nao-podem-virar-as-costas-a-passado-nazista-diz-merkel.htm, skipping...
[ERROR - 2025-10-24 20:21:09,872 - Worker_4] Status code == 403 for http://uolesporte.blogosfera.uol.com.br/2015/05/02/voce-trocaria-r-30-mil-para-conhecer-neymar-americana-disse-sim/, skipping...
[ERROR - 2025-10-24 20:21:14,080 - Worker_4] Status code == 403 for http://noticias.uol.com.br/ultimas-noticias/agencia-estado/2015/05/02/stf-autoriza-investigacao-de-kassab-sobre-controlar.htm, skipping...
[ERROR - 2025-10-24 20:21:14,083 - Worker_3] Status code == 403 for http://blogdoperrone.blogosfera.uol.com.br/2015/05/apos-bilionario-projeto-corintiano-rosenberg-busca-r-500-mil-para-lusa/, skipping...
[ERROR - 2025-10-24 20:21:16,491 - Worker_1] Failed to connect with http://natelinha.ne10.uol.com.br/mulher/2015/04/29/mantenha-o-ar-da-sua-casa-puro-atraves-das-plantas-88392.php after 3 attempts, skipping...
[ERROR - 2025-10-24 20:21:17,062 - Worker_2] Status code == 403 for http://cozinhasobpressao.blogosfera.uol.com.br/2015/05/01/veja-quem-sao-os-galas-e-as-gatas-desta-edicao/, skipping...
[ERROR - 2025-10-24 20:21:18,322 - Worker_4] Status code == 403 for http://blogdobaldini.blogosfera.uol.com.br/2015/05/02/de-la-hoya-mosley-hatton-cotto-marquez-analisam-maypac/, skipping...
[ERROR - 2025-10-24 20:21:20,644 - Worker_1] Status code == 403 for http://blogdobaldini.blogosfera.uol.com.br/2015/05/02/floyd-sr-melhor-desempenho-de-pacquiao-foi-quando-perdeu-por-nocaute/, skipping...
[ERROR - 2025-10-24 20:21:21,260 - Worker_2] Status code == 403 for http://noticias.uol.com.br/ultimas-noticias/agencia-estado/2015/05/02/cunhaajuste-fiscal-estara-na-pauta-semana-que-vem.htm, skipping...
[ERROR - 2025-10-24 20:21:22,537 - Worker_4] Status code == 403 for http://blogdoboleiro.blogosfera.uol.com.br/2015/05/02/palestras-e-curso-de-tecnico-as-opcoes-de-rogerio-ceni-quando-parar/, skipping...
[ERROR - 2025-10-24 20:21:25,413 - Worker_2] Status code == 403 for http://noticias.uol.com.br/tabloide/album/2015/01/05/os-recordes-e-tentativas-de-2015.htm?abrefoto=51, skipping...
[ERROR - 2025-10-24 20:21:32,075 - Worker_2] Status code == 403 for http://uolesporte.blogosfera.uol.com.br/2015/05/02/ta-bombando-denilson-leva-rolinho-e-da-chilique-em-jogo-da-imprensa/, skipping...
[ERROR - 2025-10-24 20:21:32,101 - Worker_4] Status code == 403 for http://josiasdesouza.blogosfera.uol.com.br/2015/05/02/briga-de-renan-com-dilma-e-enredo-de-intrigas/, skipping...
[ERROR - 2025-10-24 20:21:43,076 - Worker_1] Status code == 403 for http://mauriciostycer.blogosfera.uol.com.br/2015/05/03/livro-mostra-que-galvao-e-bom-de-papo-mas-nao-tem-nada-a-dizer/, skipping...
[ERROR - 2025-10-24 20:21:48,909 - Worker_2] Status code == 403 for http://pvc.blogosfera.uol.com.br/2015/05/03/tao-justo-quanto-o-titulo-do-chelsea-e-a-sacanagem-dos-rivais-ingleses/, skipping...
[ERROR - 2025-10-24 20:21:49,166 - Worker_3] Status code == 403 for http://noticias.uol.com.br/ultimas-noticias/efe/2015/05/03/unicef-alerta-sobre-risco-de-trafico-de-criancas-apos-terremoto-no-nepal.htm, skipping...
[ERROR - 2025-10-24 20:21:55,970 - Worker_3] Status code == 403 for http://noticias.uol.com.br/cotidiano/ultimas-noticias/2015/05/01/pode-entrar-sem-medo-saiba-como-estao-favelas-que-terao-1-upp-da-mare.htm, skipping...
[ERROR - 2025-10-24 20:21:57,334 - Worker_1] Status code == 403 for http://josiasdesouza.blogosfera.uol.com.br/2015/05/03/oposicao-usa-as-armas-do-pt-contra-os-petistas/, skipping...
[ERROR - 2025-10-24 20:21:59,247 - Worker_2] Failed to connect with http://tnh1.ne10.uol.com.br/noticia/geral/2015/05/03/322603/menina-ganha-na-justica-direito-de-viajar-de-aviao-para-conhecer-o-mar-em-maceio after 3 attempts, skipping...
[ERROR - 2025-10-24 20:21:59,648 - Worker_4] Status code == 403 for http://noticias.uol.com.br/cotidiano/ultimas-noticias/2015/05/03/motorista-bebado-invade-pista-contraria-e-mata-duas-pessoas-em-canoas-rs.htm, skipping...
[ERROR - 2025-10-24 20:22:01,566 - Worker_1] Status code == 403 for http://blogdobaldini.blogosfera.uol.com.br/2015/05/03/tecnico-de-manny-pacquiao-pede-revanche-nao-acredito/, skipping...
[ERROR - 2025-10-24 20:22:03,831 - Worker_4] Status code == 403 for http://noticias.uol.com.br/ultimas-noticias/bbc/2015/05/03/adolescente-hondurenha-da-dicas-de-como-ser-pobre-com-estilo.htm, skipping...
[ERROR - 2025-10-24 20:22:21,840 - Worker_1] Status code == 403 for http://uolesporte.blogosfera.uol.com.br/2015/05/03/jogador-colombiano-sofre-gravissima-lesao-no-joelho/, skipping...
[ERROR - 2025-10-24 20:22:27,980 - Worker_0] Status code == 403 for http://rodrigomattos.blogosfera.uol.com.br/2015/05/03/vasco-quebra-jejum-no-estadual-com-a-cara-de-doriva-nao-de-eurico/, skipping...
[ERROR - 2025-10-24 20:22:32,182 - Worker_0] Status code == 403 for http://noticias.uol.com.br/album/album-do-dia/2015/05/03/imagens-do-dia---3-de-maio-de-2015.htm?abrefoto=26, skipping...
[ERROR - 2025-10-24 20:22:38,124 - Worker_4] Status code == 403 for http://blogdojuca.uol.com.br/2015/05/que-sono-2/, skipping...
[ERROR - 2025-10-24 20:22:40,470 - Worker_1] Status code == 403 for http://noticias.uol.com.br/blogs-e-colunas/coluna/richard-branson/2015/05/03/flexibilidade-e-diversao-podem-torna-lo-um-empreendedor-melhor.htm, skipping...
[ERROR - 2025-10-24 20:22:49,241 - Worker_1] Status code == 403 for http://noticias.uol.com.br/opiniao/coluna/2015/05/03/arbitragem-e-nova-alternativa-para-resolver-conflitos-trabalhistas.htm, skipping...
[ERROR - 2025-10-24 20:22:51,543 - Worker_4] Status code == 403 for http://noticias.uol.com.br/ultimas-noticias/efe/2015/05/03/nepales-com-mais-de-100-anos-e-resgatado-vivo-uma-semana-depois-do-terremoto.htm, skipping...
[ERROR - 2025-10-24 20:22:55,696 - Worker_4] Status code == 403 for http://noticias.uol.com.br/midiaglobal/nytimes/2015/05/03/endividados-formados-em-direito-tem-dificuldades-para-entrar-no-mercado-de-trabalho-dos-eua.htm, skipping...
[ERROR - 2025-10-24 20:22:59,859 - Worker_4] Status code == 403 for http://noticias.uol.com.br/ultimas-noticias/agencia-estado/2015/05/03/professora-diz-ter-sido-vitima-de-racismo-em-sp.htm, skipping...
[ERROR - 2025-10-24 20:23:04,033 - Worker_4] Status code == 403 for http://noticias.uol.com.br/ultimas-noticias/efe/2015/05/03/em-encontro-com-idosos-na-italia-papa-brinca-estar-velho-e-doente.htm, skipping...
[ERROR - 2025-10-24 20:23:04,528 - Worker_1] Failed to connect with http://noticias.carsale.uol.com.br/blog/2015/04/30/caminhao-carregado-de-jeep-renegade-entala-em-viaduto-recife/ after 3 attempts, skipping...
[ERROR - 2025-10-24 20:23:08,721 - Worker_1] Status code == 403 for http://noticias.uol.com.br/album/2015/04/20/barcos-com-imigrantes-naufragam-no-mar-mediterraneo-em-2015.htm?abrefoto=52, skipping...
[ERROR - 2025-10-24 20:23:14,445 - Worker_3] Failed to connect with http://viagem.uol.com.br/album/2015/05/01/conheca-as-cidadezinhas-mais-lindas-do-mundo.htm?abrefoto=4 after 3 attempts, skipping...
[ERROR - 2025-10-24 20:23:42,418 - Worker_0] Status code == 403 for http://blogdobaldini.blogosfera.uol.com.br/2015/05/03/mayweather-ja-tem-proposta-para-lutar-em-wembley-duvido-de-novo/, skipping...
[ERROR - 2025-10-24 20:23:43,036 - Worker_1] Status code == 403 for http://blogdojuca.uol.com.br/2015/05/santos-21-vezes-campeao-com-justica/, skipping...
[ERROR - 2025-10-24 20:23:47,283 - Worker_1] Status code == 403 for http://blogdoboleiro.blogosfera.uol.com.br/2015/05/04/expulsos-e-sem-teve-no-doping-geuvanio-e-dudu-sofrem-durante-a-final/, skipping...
[ERROR - 2025-10-24 20:23:47,440 - Worker_0] Status code == 403 for http://tecnologia.uol.com.br/noticias/reuters/2015/05/04/justica-de-sao-paulo-extingue-acao-de-taxistas-contra-aplicativo-uber.htm, skipping...
[ERROR - 2025-10-24 20:23:51,605 - Worker_0] Status code == 403 for http://noticias.uol.com.br/ultimas-noticias/agencia-estado/2015/05/04/trf-confirma-condenacao-de-ivo-cassol-e-ressarcimento-de-r-15-mi.htm, skipping...
[ERROR - 2025-10-24 20:24:06,487 - Worker_1] Status code == 403 for http://noticias.uol.com.br/ultimas-noticias/agencia-estado/2015/05/04/conta-de-agua-em-sp-vai-subir-1524-em-junho.htm, skipping...
[ERROR - 2025-10-24 20:24:09,263 - Worker_4] Status code == 403 for http://tecnologia.uol.com.br/noticias/redacao/2015/05/04/justica-do-rio-de-janeiro-proibe-corte-da-internet-movel-ao-fim-de-franquia.htm, skipping...
[ERROR - 2025-10-24 20:24:13,436 - Worker_4] Status code == 403 for http://noticias.uol.com.br/ultimas-noticias/agencia-estado/2015/05/04/dilma-grava-para-dia-das-maes-em-redes-sociais.htm, skipping...
[ERROR - 2025-10-24 20:24:18,337 - Worker_4] Status code == 404 for http://esporte.uol.com.br/ultimas-noticias/2015/05/04/fisiculturista-que-sonhava-ser-hulk-quase-amputou-bracos-e-cogitou-suicidio.htm, skipping...
[ERROR - 2025-10-24 20:24:21,278 - Worker_1] Failed to connect with http://natelinha.ne10.uol.com.br/novelas/2015/05/04/alto-astral-marcos-aponta-arma-para-laura-e-a-sequestra-vagabunda-88539.php after 3 attempts, skipping...
[ERROR - 2025-10-24 20:24:22,601 - Worker_4] Status code == 403 for http://cozinhasobpressao.blogosfera.uol.com.br/2015/05/03/participantes-superam-medo-e-usam-ra-viva-em-prova/, skipping...
[ERROR - 2025-10-24 20:24:22,756 - Worker_3] Status code == 403 for http://blogdobaldini.blogosfera.uol.com.br/2015/05/04/conheca-o-mexicano-bonitao-substituto-de-maypac/, skipping...
[ERROR - 2025-10-24 20:24:24,402 - Worker_2] Status code == 404 for http://tvjornal.ne10.uol.com.br/noticia/programa/bronca-pesada/2015/05/04/patio-de-unidade-prisional-vira-ringue-de-batalha-de-facoes-no-curado-19095.php, skipping...
[ERROR - 2025-10-24 20:24:25,427 - Worker_1] Status code == 403 for http://noticias.uol.com.br/internacional/ultimas-noticias/le-monde/2015/05/04/depoimento-mirei-contra-civis-as-vezes-so-por-prazer-revela-soldado-israelense.htm, skipping...
[ERROR - 2025-10-24 20:24:26,757 - Worker_4] Status code == 403 for http://noticias.uol.com.br/saude/ultimas-noticias/redacao/2015/05/04/engenheiro-cria-cadeira-de-rodas-que-vira-triciclo-motorizado.htm, skipping...
[ERROR - 2025-10-24 20:24:29,664 - Worker_1] Status code == 403 for http://josiasdesouza.blogosfera.uol.com.br/2015/05/04/peca-em-suas-preces-vida-longa-para-pizzolato/, skipping...
[ERROR - 2025-10-24 20:24:42,028 - Worker_1] Failed to connect with http://natelinha.ne10.uol.com.br/novelas/2015/05/04/babilonia-beatriz-diz-que-ines-era-amante-de-cristovao-e-choca-diogo-88522.php after 3 attempts, skipping...
[ERROR - 2025-10-24 20:24:58,115 - Worker_3] Status code == 403 for http://abiliodiniz.blogosfera.uol.com.br/2015/05/04/fim-de-festa/, skipping...
[ERROR - 2025-10-24 20:24:58,793 - Worker_1] Status code == 403 for http://negociosdoesporte.blogosfera.uol.com.br/2015/05/04/estaduais-nao-sao-o-problema-mas-todo-o-restante/, skipping...
[ERROR - 2025-10-24 20:25:34,886 - Worker_1] Failed to connect with http://natelinha.ne10.uol.com.br/noticias/2015/05/04/bruno-gagliasso-faz-piada-e-coloca-gugu-entrevistando-beatriz-na-cadeia-88528.php after 3 attempts, skipping...
[ERROR - 2025-10-24 20:26:15,849 - Worker_3] Status code == 404 for http://entretenimento.band.uol.com.br/cqc/2015/video.asp?id=15462384&t=ronaldo-conta-que-chul%C3%A9-do-pai-espantou-gisele-e-que-cicarelli-destruiu-apartamento, skipping...
[ERROR - 2025-10-24 20:26:35,388 - Worker_3] Status code == 403 for http://educacao.uol.com.br/noticias/2015/05/05/em-assembleia-professores-do-pr-aprovam-continuidade-de-greve.htm, skipping...
[ERROR - 2025-10-24 20:26:44,844 - Worker_1] Status code == 403 for http://noticias.uol.com.br/ultimas-noticias/agencia-estado/2015/05/05/deputados-do-dem-protocolam-requerimento-para-convocar-lula-na-cpi-da-petrobras.htm, skipping...
[ERROR - 2025-10-24 20:26:50,685 - Worker_0] Status code == 403 for http://noticias.uol.com.br/ultimas-noticias/agencia-estado/2015/05/05/ana-alerta-para-ano-extremamente-grave-no-abastecimento-de-agua.htm, skipping...
[ERROR - 2025-10-24 20:26:51,492 - Worker_1] Status code == 403 for http://noticias.uol.com.br/midiaglobal/nytimes/2015/05/05/salas-de-yoga-oferecem-uma-pausa-tranquila-em-aeroportos-agitados.htm, skipping...
[ERROR - 2025-10-24 20:26:54,849 - Worker_0] Status code == 403 for http://noticias.uol.com.br/ultimas-noticias/bbc/2015/05/05/o-espanhol-que-se-dizia-sobrevivente-do-holocausto-mas-foi-desmascarado.htm, skipping...
[ERROR - 2025-10-24 20:26:55,988 - Worker_2] Status code == 403 for http://noticias.uol.com.br/ciencia/ultimas-noticias/afp/2015/05/05/latinos-tem-saude-melhor-do-que-maioria-branca-dos-eua-diz-estudo.htm, skipping...
[ERROR - 2025-10-24 20:27:08,981 - Worker_2] Status code == 403 for http://fernandorodrigues.blogosfera.uol.com.br/2015/05/05/presidente-do-hsbc-nao-esclarece-swissleaks-para-cpi-do-senado/, skipping...
[ERROR - 2025-10-24 20:27:10,331 - Worker_4] Status code == 403 for http://blogdoboleiro.blogosfera.uol.com.br/2015/05/05/miranda-dormiu-na-hora-da-convocacao-nao-tenho-idade-para-ficar-ansioso, skipping...
[ERROR - 2025-10-24 20:27:41,241 - Worker_0] Status code == 404 for http://entretenimento.band.uol.com.br/cqc/2015/video.asp?id=15462384, skipping...
[ERROR - 2025-10-24 20:28:01,408 - Worker_2] Status code == 403 for http://noticias.uol.com.br/blogs-e-colunas/coluna/paul-krugman/2015/05/05/raca-classe-e-negligencia.htm, skipping...
[ERROR - 2025-10-24 20:28:03,544 - Worker_1] Status code == 403 for http://blogdomenon.blogosfera.uol.com.br/2015/05/05/milton-cruz-pede-quatro-reforcos-para-o-brasileiro/, skipping...
[ERROR - 2025-10-24 20:28:05,570 - Worker_2] Status code == 403 for http://noticias.uol.com.br/infograficos/2015/05/04/guerrilha-de-tres-passos.htm, skipping...
[ERROR - 2025-10-24 20:28:07,801 - Worker_1] Status code == 403 for http://futebolemnumeros.blogosfera.uol.com.br/2015/05/05/selecao-de-dunga-e-a-com-mais-remanescentes-desde-1999/, skipping...
[ERROR - 2025-10-24 20:28:11,979 - Worker_1] Status code == 403 for http://noticias.uol.com.br/ultimas-noticias/agencia-estado/2015/05/05/justica-manda-devolver-r-157-mi-de-corrupcao-a-petrobras.htm, skipping...
[ERROR - 2025-10-24 20:28:16,914 - Worker_1] Status code == 404 for http://entretenimento.band.uol.com.br/cqc/2015/video.asp?id=15462419&t=vo-de-lucas-salles-ensina-neto-a-curtir-o-tomorrowland, skipping...
[ERROR - 2025-10-24 20:28:18,412 - Worker_4] Status code == 403 for http://fernandorodrigues.blogosfera.uol.com.br/2015/05/05/stf-tem-acao-sobe-fgts-mas-tendencia-e-esperar-decisao-do-congresso/, skipping...
[ERROR - 2025-10-24 20:28:20,071 - Worker_2] Status code == 403 for http://noticias.uol.com.br/politica/ultimas-noticias/2015/05/05/nao-existe-doacao-oficial-a-partido-no-brasil-diz-paulo-roberto-costa.htm, skipping...
[ERROR - 2025-10-24 20:28:20,857 - Worker_0] Status code == 403 for http://josiasdesouza.blogosfera.uol.com.br/2015/05/05/se-fosse-uma-empresa-o-pt-decretaria-falencia/, skipping...
[ERROR - 2025-10-24 20:28:24,982 - Worker_4] Status code == 403 for http://rodrigomattos.blogosfera.uol.com.br/2015/05/05/cbf-diz-que-clubes-entendem-desfalques-por-selecao-e-promete-compensacao/, skipping...
[ERROR - 2025-10-24 20:28:25,976 - Worker_1] Status code == 403 for http://noticias.uol.com.br/politica/ultimas-noticias/2015/05/05/costa-diz-que-teve-contato-com-renan-e-outros-parlamentares-em-situacoes-irregulares.htm, skipping...
[ERROR - 2025-10-24 20:28:26,950 - Worker_2] Status code == 404 for http://entretenimento.band.uol.com.br/cqc/2015/video.asp?id=15462414&t=top-five-tramontina-se-confunde-durante-noticia, skipping...
[ERROR - 2025-10-24 20:28:39,199 - Worker_4] Status code == 403 for http://petmoney.blogosfera.uol.com.br/2015/05/05/brasileiros-gastaram-r-167-bilhoes-com-bichos-de-estimacao-em-2014/, skipping...
[ERROR - 2025-10-24 20:28:51,099 - Worker_4] Status code == 403 for http://noticias.uol.com.br/ultimas-noticias/agencia-estado/2015/05/05/bancada-do-pt-decide-votar-a-favor-da-mp-665.htm, skipping...
[ERROR - 2025-10-24 20:29:06,987 - Worker_4] Status code == 500 for http://entretenimento.uol.com.br/noticias/afp/2015/05/05/pintura-egipcia-rara-de-3400-anos-vai-a-leilao-em-paris.htm, skipping...
[ERROR - 2025-10-24 20:29:11,243 - Worker_4] Status code == 403 for http://educacao.uol.com.br/noticias/2015/05/05/oab-pede-a-dilma-mais-recursos-para-o-fies.htm, skipping...
[ERROR - 2025-10-24 20:29:35,579 - Worker_0] Status code == 403 for http://noticias.uol.com.br/ultimas-noticias/agencia-estado/2015/05/06/nao-chego-a-ser-um-garoto-de-ipanema-diz-cervero-a-juiz-da-lava-jato.htm, skipping...
[ERROR - 2025-10-24 20:29:55,019 - Worker_4] Status code == 404 for http://blogs.ne10.uol.com.br/jamildo/2015/05/06/abandono-e-ferrugem-corroem-trem-2-da-refinaria-abreu-e-lima/, skipping...
[ERROR - 2025-10-24 20:30:01,632 - Worker_4] Status code == 403 for http://educacao.uol.com.br/noticias/agencia-estado/2015/05/06/alckmin-defende-corte-de-salario-para-professores-em-greve.htm, skipping...
[ERROR - 2025-10-24 20:30:05,837 - Worker_4] Status code == 403 for http://noticias.uol.com.br/opiniao/coluna/2015/05/06/transgenicos-nao-sao-risco-para-consumidor-ou-para-meio-ambiente.htm, skipping...
[ERROR - 2025-10-24 20:30:10,378 - Worker_4] Status code == 403 for http://noticias.uol.com.br/saude/ultimas-noticias/bbc/2015/05/01/troca-de-dietas-mostra-efeito-negativo-imediato-da-junk-food.htm, skipping...
[ERROR - 2025-10-24 20:30:16,930 - Worker_3] Status code == 403 for http://noticias.uol.com.br/midiaglobal/nytimes/2015/05/06/como-estar-a-frente-das-catastrofes-dos-terremotos.htm, skipping...
[ERROR - 2025-10-24 20:30:18,527 - Worker_1] Status code == 404 for http://jogos.uol.com.br/ultimas-noticias/2015/05/06/entenda-por-que-jogos-de-ps3-e-xbox-360-nao-funcionam-no-ps4-e-xone.htm, skipping...
[ERROR - 2025-10-24 20:30:19,172 - Worker_4] Status code == 403 for http://noticias.uol.com.br/politica/ultimas-noticias/2015/05/06/stf-manda-soltar-executivo-da-queiroz-galvao.htm, skipping...
[ERROR - 2025-10-24 20:30:21,492 - Worker_3] Status code == 403 for http://pvc.blogosfera.uol.com.br/2015/05/06/messi-arrebenta-neymar-marca-barcelona-esta-perto-de-final-contra-real/, skipping...
[ERROR - 2025-10-24 20:30:25,641 - Worker_3] Status code == 403 for http://noticias.uol.com.br/saude/ultimas-noticias/estado/2015/05/06/sofia-reage-a-infeccao-e-novo-intestino-funciona.htm, skipping...
[ERROR - 2025-10-24 20:30:27,841 - Worker_2] Status code == 403 for http://noticias.uol.com.br/album/album-do-dia/2015/05/06/imagens-do-dia---6-de-maio-de-2015.htm?abrefoto=38, skipping...
[ERROR - 2025-10-24 20:30:29,933 - Worker_3] Status code == 403 for http://educacao.uol.com.br/noticias/2015/05/06/estudantes-endividados-sem-o-fies-podem-recorrer-a-justica-diz-defensor.htm, skipping...
[ERROR - 2025-10-24 20:30:34,197 - Worker_3] Status code == 403 for http://uolesporte.blogosfera.uol.com.br/2015/05/06/uma-vez-imperador-sempre-imperador-a-ostentacao-de-adriano-no-instagram/, skipping...
[ERROR - 2025-10-24 20:30:47,739 - Worker_0] Status code == 404 for http://futebol.placar.esporte.uol.com.br/futebol/libertadores/2015/05/06/guarani-par-x-corinthians.htm, skipping...
[ERROR - 2025-10-24 20:30:55,149 - Worker_1] Status code == 403 for http://blogdojuca.uol.com.br/2015/05/messi-destroi-o-bayern/, skipping...
[ERROR - 2025-10-24 20:30:59,454 - Worker_1] Status code == 403 for http://blogdosakamoto.blogosfera.uol.com.br/2015/05/06/voce-e-contra-o-direito-ao-aborto-de-meninas-estupradas/, skipping...
[ERROR - 2025-10-24 20:31:00,938 - Worker_0] Status code == 403 for http://noticias.uol.com.br/ultimas-noticias/agencia-estado/2015/05/06/senado-aprova-pedido-de-investigacao-de-operacoes-do-bndes-desde-2007.htm, skipping...
[ERROR - 2025-10-24 20:31:10,702 - Worker_1] Status code == 403 for http://educacao.uol.com.br/noticias/2015/05/06/apos-fim-do-prazo-estudantes-que-nao-conseguiram-o-fies-acumulam-dividas.htm, skipping...
[ERROR - 2025-10-24 20:31:13,914 - Worker_4] Status code == 403 for http://educacao.uol.com.br/noticias/2015/05/06/idealizador-do-paranaprevidencia-critica-mudancas-feitas-por-richa.htm, skipping...
[ERROR - 2025-10-24 20:31:14,873 - Worker_1] Status code == 403 for http://noticias.uol.com.br/ultimas-noticias/deutschewelle/2015/05/05/noruega-e-o-melhor-lugar-para-ser-mae-diz-estudo.htm, skipping...
[ERROR - 2025-10-24 20:31:19,094 - Worker_1] Status code == 403 for http://blogdoboleiro.blogosfera.uol.com.br/2015/05/06/advogada-da-um-mes-para-santos-propor-solucao-e-pagar-divida-com-robinho/, skipping...
[ERROR - 2025-10-24 20:31:23,432 - Worker_1] Status code == 403 for http://rodrigomattos.blogosfera.uol.com.br/2015/05/06/alemanha-cai-aos-pes-de-messi-dez-meses-depois-da-copa/, skipping...
[ERROR - 2025-10-24 20:31:27,676 - Worker_1] Status code == 403 for http://futebolemnumeros.blogosfera.uol.com.br/2015/05/06/neymar-e-o-que-mais-apanha-na-liga-dos-campeoes/, skipping...
[ERROR - 2025-10-24 20:31:28,349 - Worker_4] Status code == 403 for http://noticias.uol.com.br/ultimas-noticias/agencia-estado/2015/05/06/preso-homem-que-esfaqueou-vitima-de-assalto-no-centro-do-rio.htm, skipping...
[ERROR - 2025-10-24 20:31:32,503 - Worker_4] Status code == 403 for http://noticias.uol.com.br/ultimas-noticias/reuters/2015/05/05/casal-condenado-por-fazer-sexo-em-praia-nos-eua-pode-pegar-ate-15-anos-de-prisao.htm, skipping...
[ERROR - 2025-10-24 20:31:46,680 - Worker_2] Status code == 403 for http://noticias.uol.com.br/ultimas-noticias/agencia-estado/2015/05/06/nenhuma-obra-da-sabesp-importante-sera-afetada-diz-alckmin.htm, skipping...
[ERROR - 2025-10-24 20:31:47,345 - Worker_0] Status code == 403 for http://noticias.uol.com.br/ultimas-noticias/agencia-estado/2015/05/06/pec-da-bengala-evita-aposentadoria-de-20-ministros-durante-governo-dilma.htm, skipping...
[ERROR - 2025-10-24 20:31:53,866 - Worker_0] Status code == 403 for http://noticias.uol.com.br/ultimas-noticias/agencia-estado/2015/05/07/nao-vejo-motivo-para-senado-rejeitar-nome-de-fachin-diz-cardozo.htm, skipping...
[ERROR - 2025-10-24 20:31:58,010 - Worker_0] Status code == 403 for http://noticias.uol.com.br/saude/ultimas-noticias/redacao/2015/05/07/quase-107-mil-pessoas-vivem-com-aids-em-sao-paulo-mostra-estudo.htm, skipping...
[ERROR - 2025-10-24 20:32:00,182 - Worker_3] Status code == 403 for http://noticias.uol.com.br/meio-ambiente/album/bbc/2015/05/07/gelo-e-deserto-a-beleza-da-costa-oeste-da-america-do-sul.htm?abrefoto=5, skipping...
[ERROR - 2025-10-24 20:32:04,466 - Worker_3] Status code == 403 for http://abiliodiniz.blogosfera.uol.com.br/2015/05/07/com-morumbi-lotado-sao-paulo-encontra-caminho/, skipping...
[ERROR - 2025-10-24 20:32:06,774 - Worker_0] Status code == 403 for http://rodrigomattos.blogosfera.uol.com.br/2015/05/07/fla-enfrenta-barreira-juridica-para-deixar-estadual-do-rio/, skipping...
[ERROR - 2025-10-24 20:32:10,944 - Worker_3] Status code == 403 for http://noticias.uol.com.br/ultimas-noticias/bbc/2015/05/07/boca-de-urna-aponta-conservadores-a-frente-na-gra-bretanha.htm, skipping...
[ERROR - 2025-10-24 20:32:15,762 - Worker_4] Status code == 403 for http://noticias.uol.com.br/cotidiano/ultimas-noticias/2015/05/07/barca-se-choca-em-pier-e-passageiros-ficam-presos-em-embarcacao-no-rio.htm, skipping...
[ERROR - 2025-10-24 20:32:19,938 - Worker_4] Status code == 403 for http://noticias.uol.com.br/ultimas-noticias/agencia-estado/2015/05/07/nota-tecnica-do-senado-diz-que-dupla-atividade-exercida-por-fachin-violou-a-lei.htm, skipping...
[ERROR - 2025-10-24 20:32:22,297 - Worker_0] Status code == 403 for http://noticias.uol.com.br/ultimas-noticias/agencia-estado/2015/05/07/greve-de-funcionarios-da-fundacao-casa-tem-30-de-adesao.htm, skipping...
[ERROR - 2025-10-24 20:32:23,535 - Worker_1] Status code == 403 for http://educacao.uol.com.br/noticias/2015/05/07/liminar-da-justica-proibe-desconto-dos-dias-parados-de-professores-em-greve.htm, skipping...
[ERROR - 2025-10-24 20:32:27,746 - Worker_1] Status code == 403 for http://noticias.uol.com.br/midiaglobal/lemonde/2015/05/07/lei-de-inteligencia-francesa-e-abusiva-e-ineficaz-opinam-especialistas.htm, skipping...
[ERROR - 2025-10-24 20:32:28,843 - Worker_0] Status code == 403 for http://noticias.uol.com.br/internacional/ultimas-noticias/2015/05/07/mulher-tenta-cruzar-fronteira-na-espanha-com-menino-escondido-em-mala.htm, skipping...
[ERROR - 2025-10-24 20:32:40,299 - Worker_2] Status code == 404 for http://guia.uol.com.br/album/2015/05/06/caes-viram-artistas-em-exposicao-de-quadros-feitos-em-chacoalhada.htm?abrefoto=1, skipping...
[ERROR - 2025-10-24 20:32:53,349 - Worker_0] Status code == 403 for http://noticias.uol.com.br/ultimas-noticias/agencia-estado/2015/05/07/conflito-na-cracolandia-deixa-tres-guardas-civis-feridos.htm, skipping...
[ERROR - 2025-10-24 20:32:59,806 - Worker_0] Status code == 403 for http://noticias.uol.com.br/ciencia/ultimas-noticias/redacao/2015/05/07/brasil-se-livra-da-rota-de-queda-da-nave-russa-progress.htm, skipping...
[ERROR - 2025-10-24 20:33:29,078 - Worker_0] Status code == 403 for http://noticias.uol.com.br/cotidiano/ultimas-noticias/2015/05/07/mega-sena-podera-pagar-r-2-milhoes-nesta-quinta-feira-veja-dezenas.htm, skipping...
[ERROR - 2025-10-24 20:33:31,395 - Worker_4] Status code == 404 for http://noticias.uol.com.br/ultimas-noticias/afp/2015/05/07/pentagono-ataque-no-texas-foi-inspirado-mas-nao-comandado-pelo-ei.htm, skipping...
[ERROR - 2025-10-24 20:33:33,463 - Worker_3] Status code == 403 for http://josiasdesouza.blogosfera.uol.com.br/2015/05/07/lula-conclui-pt-esta-sujeito-a-condicao-humana/, skipping...
[ERROR - 2025-10-24 20:33:37,920 - Worker_3] Status code == 403 for http://blogdoperrone.blogosfera.uol.com.br/2015/05/disputa-com-guarani-vale-para-corinthians-evitar-debandada-de-atletas/, skipping...
[ERROR - 2025-10-24 20:33:47,645 - Worker_3] Status code == 403 for http://blogdomariomagalhaes.blogosfera.uol.com.br/2015/05/07/a-verdadeira-derrota-de-dilma-e-do-pt/, skipping...
[ERROR - 2025-10-24 20:33:51,942 - Worker_3] Status code == 403 for http://uolesporte.blogosfera.uol.com.br/2015/05/07/ta-no-sangue-irmao-de-ronaldinho-gaucho-tambem-era-magico/, skipping...
[ERROR - 2025-10-24 20:34:09,583 - Worker_3] Status code == 403 for http://noticias.uol.com.br/ultimas-noticias/agencia-estado/2015/05/07/aqui-sao-cordeirinhos-la-eram-lobos-maus-diz-empreiteiro.htm, skipping...
[ERROR - 2025-10-24 20:34:15,179 - Worker_4] Status code == 403 for http://blogdoboleiro.blogosfera.uol.com.br/2015/05/07/palmeiras-vai-usar-estrategia-do-corinthians-para-tirar-dudu-de-pena-pesada/, skipping...
[ERROR - 2025-10-24 20:34:19,874 - Worker_4] Status code == 404 for http://esporte.uol.com.br/f1/ultimas-noticias/2015/05/07/alonso-afirma-que-mclaren-de-senna-e-prost-nao-e-mais-rapida-que-a-sua.htm, skipping...
[ERROR - 2025-10-24 20:35:12,405 - Worker_4] Status code == 403 for http://negociosdoesporte.blogosfera.uol.com.br/2015/05/08/a-concentracao-de-patrocinios-e-um-risco-ao-futebol/, skipping...
[ERROR - 2025-10-24 20:35:19,297 - Worker_1] Status code == 404 for http://viagem.uol.com.br/album/guia/2015/05/07/mergulho-no-sertao-conheca-atracoes-pelos-caminhos-do-rio-sao-francisco.htm?abrefoto=30, skipping...
[ERROR - 2025-10-24 20:35:20,477 - Worker_4] Status code == 403 for http://blogdomenon.blogosfera.uol.com.br/2015/05/08/sao-paulo-e-o-favorito-e-eu-tenho-a-formula-para-o-titulo/, skipping...
[ERROR - 2025-10-24 20:35:28,628 - Worker_0] Status code == 403 for http://blogdoico.blogosfera.uol.com.br/2015/05/08/belas-da-teve-espanhola-buscam-respeito-e-apostam-em-sucesso-de-alonso/, skipping...
[ERROR - 2025-10-24 20:35:32,899 - Worker_0] Status code == 403 for http://noticias.uol.com.br/ultimas-noticias/agencia-estado/2015/05/08/renan-nega-ter-falado-em-nova-sabatina-para-ministros-do-stf.htm, skipping...
[ERROR - 2025-10-24 20:35:38,290 - Worker_2] Status code == 403 for http://nagradedomma.blogosfera.uol.com.br/2015/05/08/imagens-ineditas-do-acidente-de-jones-mostram-carros-e-inspecao-policial/, skipping...
[ERROR - 2025-10-24 20:35:52,319 - Worker_2] Status code == 403 for http://josecruz.blogosfera.uol.com.br/2015/05/novos-tempos-na-cbf-comecam-com-criticas-a-liberdade-de-imprensa/, skipping...
[ERROR - 2025-10-24 20:35:53,563 - Worker_4] Status code == 403 for http://blogdosakamoto.blogosfera.uol.com.br/2015/05/08/havana-connection-recebe-laerte-para-discutir-o-humor-no-brasil/, skipping...
[ERROR - 2025-10-24 20:36:00,365 - Worker_4] Status code == 403 for http://noticias.uol.com.br/ultimas-noticias/bbc/2015/05/08/nao-dei-um-unico-tiro-mas-ajudei-na-vitoria-diz-ex-soldado-brasileiro-que-lutou-na-2-guerra.htm, skipping...
[ERROR - 2025-10-24 20:36:01,632 - Worker_0] Status code == 404 for http://futebol.placar.esporte.uol.com.br/futebol/serie-b/2015/05/08/parana-clube-x-ceara.htm, skipping...
[ERROR - 2025-10-24 20:36:04,596 - Worker_4] Status code == 403 for http://pvc.blogosfera.uol.com.br/2015/05/08/informacoes-e-palpites-da-primeira-rodada-do-brasileirao/, skipping...
[ERROR - 2025-10-24 20:36:05,836 - Worker_0] Status code == 403 for http://noticias.uol.com.br/ultimas-noticias/agencia-estado/2015/05/08/parecer-de-consultor-do-senado-sobre-fachin-e-opiniao-pessoal-diz-renan.htm, skipping...
[ERROR - 2025-10-24 20:36:12,801 - Worker_4] Status code == 404 for http://esporte.uol.com.br/futebol/campeonatos/brasileiro/serie-a/ultimas-noticias/2015/05/08/fla-sonha-com-libertadores-mas-nao-sabe-o-que-e-g-4-desde-2011.htm, skipping...
[ERROR - 2025-10-24 20:36:15,726 - Worker_3] Failed to connect with http://natelinha.ne10.uol.com.br/novelas/2015/05/08/babilonia-murilo-implora-para-voltar-com-alice-veja-resposta-88654.php after 3 attempts, skipping...
[ERROR - 2025-10-24 20:36:19,929 - Worker_3] Status code == 403 for http://noticias.uol.com.br/cotidiano/ultimas-noticias/2015/05/08/refens-sao-usados-como-escudo-durante-assalto-a-banco-no-para.htm, skipping...
[ERROR - 2025-10-24 20:36:21,938 - Worker_4] Status code == 403 for http://noticias.uol.com.br/ultimas-noticias/agencia-estado/2015/05/08/sanofi-oferecera-vacina-contra-dengue-no-inicio-de-2016.htm, skipping...
[ERROR - 2025-10-24 20:36:23,006 - Worker_0] Status code == 403 for http://noticias.uol.com.br/ultimas-noticias/redacao/2015/05/08/uol-reformula-area-de-comentarios-do-portal.htm, skipping...
[ERROR - 2025-10-24 20:36:24,088 - Worker_3] Status code == 403 for http://noticias.uol.com.br/saude/ultimas-noticias/redacao/2015/05/06/mae-sonhava-em-ter-menina-mas-teve-cinco-meninos-em-itapetininga-sp.htm, skipping...
[ERROR - 2025-10-24 20:36:28,242 - Worker_3] Status code == 403 for http://noticias.uol.com.br/ultimas-noticias/agencia-estado/2015/05/08/virus-chikungunya-semelhante-a-dengue-pode-chegar-ao-brasil-diz-ministro.htm, skipping...
[ERROR - 2025-10-24 20:36:29,496 - Worker_1] Status code == 403 for http://noticias.uol.com.br/ciencia/album/2015/05/05/parque-cretaceo-de-cal-orcko-revela-novas-pegadas-de-dinossauro.htm?abrefoto=8, skipping...
[ERROR - 2025-10-24 20:36:32,330 - Worker_0] Status code == 403 for http://noticias.uol.com.br/ultimas-noticias/agencia-estado/2015/05/08/82-dos-consumidores-reduziram-consumo-de-agua-em-abril-diz-sabesp.htm, skipping...
[ERROR - 2025-10-24 20:36:46,602 - Worker_3] Status code == 403 for http://noticias.uol.com.br/ultimas-noticias/agencia-estado/2015/05/08/chacina-de-13-pessoas-no-alemao-prescreve-e-autores-ficam-impunes.htm, skipping...
[ERROR - 2025-10-24 20:36:50,763 - Worker_3] Status code == 403 for http://noticias.uol.com.br/album/album-do-dia/2015/05/08/imagens-do-dia---8-de-maio-de-2015.htm?abrefoto=38, skipping...
[ERROR - 2025-10-24 20:36:53,670 - Worker_1] Status code == 403 for http://economia.uol.com.br/noticias/valor-online/2015/05/08/grupo-pao-de-acucar-vai-investir-r-100-milhoes-para-reformular-extra.htm, skipping...
[ERROR - 2025-10-24 20:36:54,912 - Worker_3] Status code == 403 for http://noticias.uol.com.br/internacional/ultimas-noticias/2015/05/06/espionagem-na-segunda-guerra-atrai-filmes-e-livros-mas-ainda-rende-misterio.htm, skipping...
[ERROR - 2025-10-24 20:36:58,035 - Worker_1] Status code == 403 for http://noticias.uol.com.br/ultimas-noticias/agencia-estado/2015/05/08/quem-vota-com-o-governo-tera-preferencia-no-2-escalao-diz-mercadante.htm, skipping...
[ERROR - 2025-10-24 20:36:59,337 - Worker_3] Status code == 403 for http://nilsonxavier.blogosfera.uol.com.br/2015/05/08/trama-simples-de-alto-astral-levanta-a-moral-do-horario-das-sete-da-globo/, skipping...
[ERROR - 2025-10-24 20:37:02,039 - Worker_0] Status code == 403 for http://noticias.uol.com.br/saude/ultimas-noticias/the-new-york-times/2015/05/08/ebola-se-instala-no-olho-de-medico-semanas-apos-tratamento-contra-o-virus.htm, skipping...
[ERROR - 2025-10-24 20:37:06,210 - Worker_0] Status code == 403 for http://noticias.uol.com.br/cotidiano/ultimas-noticias/2015/05/09/em-dois-dias-44-presos-fogem-por-tunel-em-presidio-com-58-internos-no-pa.htm, skipping...
[ERROR - 2025-10-24 20:37:07,515 - Worker_1] Status code == 403 for http://noticias.uol.com.br/meio-ambiente/ultimas-noticias/bbc/2015/05/09/artista-e-multado-por-tingir-geiser-de-rosa-na-islandia.htm, skipping...
[ERROR - 2025-10-24 20:37:11,159 - Worker_3] Status code == 403 for http://blogdoperrone.blogosfera.uol.com.br/2015/05/guerrero-ou-robinho-no-flamengo-dirigente-responde/, skipping...
[ERROR - 2025-10-24 20:37:19,116 - Worker_1] Status code == 403 for http://matias.blogosfera.uol.com.br/2015/05/09/j-j-abrams-pode-matar-jar-jar-binks-no-episodio-7-de-guerra-nas-estrelas/, skipping...
[ERROR - 2025-10-24 20:37:25,736 - Worker_1] Status code == 403 for http://blogdoico.blogosfera.uol.com.br/2015/05/09/acidente-de-fernando-alonso-continua-estranho-para-mim-diz-massa/, skipping...
[ERROR - 2025-10-24 20:37:33,089 - Worker_4] Status code == 403 for http://blogdoico.blogosfera.uol.com.br/2015/05/08/belas-da-teve-espanhola-buscam-respeito-e-apostam-em-sucesso-de-alonso/, skipping...
[ERROR - 2025-10-24 20:37:37,308 - Worker_4] Status code == 403 for http://noticias.uol.com.br/ultimas-noticias/redacao/2015/05/09/pm-agride-mulher-em-agencia-bancaria-em-sp-veja-videos-da-semana.htm, skipping...
[ERROR - 2025-10-24 20:37:43,762 - Worker_4] Status code == 403 for http://noticias.uol.com.br/ultimas-noticias/agencia-estado/2015/05/09/forca-tarefa-vai-repatriar-us-19-milhao-de-laranja-de-youssef.htm, skipping...
[ERROR - 2025-10-24 20:37:47,991 - Worker_4] Status code == 403 for http://rodrigomattos.blogosfera.uol.com.br/2015/05/09/palmeiras-preve-estadio-so-com-socios-torcedores-eles-ja-ocupam-70/, skipping...
[ERROR - 2025-10-24 20:37:52,162 - Worker_4] Status code == 403 for http://noticias.uol.com.br/midiaglobal/lemonde/2015/05/09/52-dos-franceses-sao-a-favor-da-volta-da-pena-de-morte.htm, skipping...
[ERROR - 2025-10-24 20:37:54,457 - Worker_1] Status code == 403 for http://noticias.uol.com.br/album/2015/05/09/conheca-o-circuito-das-artes-de-paraisopolis-em-sao-paulo.htm?abrefoto=7, skipping...
[ERROR - 2025-10-24 20:37:56,305 - Worker_4] Status code == 403 for http://noticias.uol.com.br/ultimas-noticias/bbc/2015/05/09/sem-netos-mulher-oferece-servicos-de-avo-adotiva-no-canada.htm, skipping...
[ERROR - 2025-10-24 20:38:00,729 - Worker_4] Status code == 403 for http://uolesporte.blogosfera.uol.com.br/2015/05/09/palmeirenses-se-irritam-com-cobertura-sobre-nome-do-estadio-no-brasileiro/, skipping...
[ERROR - 2025-10-24 20:38:00,926 - Worker_1] Status code == 403 for http://noticias.uol.com.br/blogs-e-colunas/coluna/paul-krugman/2015/05/09/irracionalidade-triunfou-nas-eleicoes-britanicas-antes-mesmo-da-votacao.htm, skipping...
[ERROR - 2025-10-24 20:38:05,456 - Worker_1] Status code == 403 for http://blogdosakamoto.blogosfera.uol.com.br/2015/05/09/zara-corta-oficinas-de-imigrantes-e-sera-multada-por-discriminacao/, skipping...
[ERROR - 2025-10-24 20:38:11,960 - Worker_1] Status code == 403 for http://noticias.uol.com.br/ultimas-noticias/afp/2015/05/09/ex-presidente-egipcio-mubarak-e-condenado-a-tres-anos-de-prisao-por-corrupcao.htm, skipping...
[ERROR - 2025-10-24 20:38:34,131 - Worker_3] Status code == 403 for http://noticias.uol.com.br/ultimas-noticias/agencia-estado/2015/05/09/movimentos-do-psdb-pedem-que-partido-reveja-indicacao-de-telhada-para-comissao.htm, skipping...
[ERROR - 2025-10-24 20:38:34,965 - Worker_1] Status code == 404 for http://esporte.uol.com.br/f1/ultimas-noticias/2015/05/09/apos-pior-classificacao-do-ano-massa-reconhece-erro-e-larga-em-nono.htm, skipping...
[ERROR - 2025-10-24 20:38:38,578 - Worker_3] Status code == 403 for http://fernandorodrigues.blogosfera.uol.com.br/2015/05/09/1-ano-depois-psdb-da-o-troco-ao-pt-e-usa-o-discurso-do-medo-na-tv/, skipping...
[ERROR - 2025-10-24 20:38:42,469 - Worker_4] Status code == 403 for http://uolesporte.blogosfera.uol.com.br/2015/05/09/mayweather-lanca-camiseta-nada-modesta-apos-vitoria-sobre-pacquiao/, skipping...
[ERROR - 2025-10-24 20:38:42,803 - Worker_3] Status code == 403 for http://noticias.uol.com.br/saude/ultimas-noticias/redacao/2015/05/09/papel-de-mae-a-luta-de-uma-voluntaria-para-nao-perder-criancas-para-a-aids.htm, skipping...
[ERROR - 2025-10-24 20:38:52,775 - Worker_4] Status code == 403 for http://noticias.uol.com.br/ultimas-noticias/efe/2015/05/09/preso-padrasto-acusado-de-engravidar-menina-de-10-anos-no-paraguai.htm, skipping...
[ERROR - 2025-10-24 20:38:57,107 - Worker_3] Status code == 403 for http://nagradedomma.blogosfera.uol.com.br/2015/05/09/bau-do-vale-tudo-protagonista-na-australia-destruiu-mandibula-de-gigante/, skipping...
[ERROR - 2025-10-24 20:39:01,301 - Worker_3] Status code == 403 for http://noticias.uol.com.br/album/album-do-dia/2015/05/09/imagens-do-dia---9-de-maio-de-2015.htm?abrefoto=28, skipping...
[ERROR - 2025-10-24 20:39:05,965 - Worker_3] Status code == 403 for http://tecnologia.uol.com.br/noticias/redacao/2015/05/01/whatsapp-aprenda-a-desativar-a-confirmacao-de-leitura-no-iphone.htm, skipping...
[ERROR - 2025-10-24 20:39:12,628 - Worker_3] Status code == 403 for http://blogdobaldini.blogosfera.uol.com.br/2015/05/09/mayweather-se-lutar-100-vezes-com-pacquiao-ganharei-100-vezes/, skipping...
[ERROR - 2025-10-24 20:39:19,878 - Worker_4] Status code == 403 for http://noticias.uol.com.br/ultimas-noticias/ansa/2015/05/10/estuprada-por-8-meses-jovem-indiana-e-queimada-viva.htm, skipping...
[ERROR - 2025-10-24 20:39:24,048 - Worker_4] Status code == 403 for http://noticias.uol.com.br/ultimas-noticias/bbc/2015/05/03/acapulco-de-paraiso-tropical-a-inferno-das-drogas.htm, skipping...
[ERROR - 2025-10-24 20:39:24,628 - Worker_3] Status code == 403 for http://noticias.uol.com.br/saude/ultimas-noticias/the-new-york-times/2015/05/08/ebola-se-instala-no-olho-de-medico-semanas-apos-tratamento-contra-o-virus.htm, skipping...
[ERROR - 2025-10-24 20:39:28,221 - Worker_4] Status code == 403 for http://noticias.uol.com.br/midiaglobal/nytimes/2015/05/10/reserva-indigena-dos-eua-vive-crise-de-suicidios-entre-jovens.htm, skipping...
[ERROR - 2025-10-24 20:39:29,282 - Worker_1] Status code == 403 for http://blogdoperrone.blogosfera.uol.com.br/2015/05/campanha-por-mata-mata-e-arbitros-pressionados-os-desafios-do-brasileirao/, skipping...
[ERROR - 2025-10-24 20:39:37,568 - Worker_2] Status code == 403 for http://josiasdesouza.blogosfera.uol.com.br/2015/05/10/pmdb-ameaca-trocar-relator-da-reforma-politica/, skipping...
[ERROR - 2025-10-24 20:39:37,933 - Worker_4] Status code == 403 for http://uolesportevetv.blogosfera.uol.com.br/2015/05/10/juca-lista-os-grandes-narradores-que-viu-passar-na-tv-brasileira/, skipping...
[ERROR - 2025-10-24 20:39:38,291 - Worker_1] Status code == 403 for http://noticias.uol.com.br/ciencia/ultimas-noticias/redacao/2015/05/09/pesquisadores-brasileiros-inventam-plastico-comestivel-feito-de-frutas.htm, skipping...
[ERROR - 2025-10-24 20:39:39,202 - Worker_0] Status code == 403 for http://uolesporte.blogosfera.uol.com.br/2015/05/10/olha-o-que-ele-fez-neymar-esbanja-habilidade-ate-para-salvar-lateral/, skipping...
[ERROR - 2025-10-24 20:39:41,762 - Worker_2] Status code == 403 for http://uolesporte.blogosfera.uol.com.br/2015/05/10/nocaute-arrasador-deixa-americano-desacordado/, skipping...
[ERROR - 2025-10-24 20:39:43,484 - Worker_0] Status code == 403 for http://pvc.blogosfera.uol.com.br/2015/05/10/palmeiras-e-w-torre-unem-se-contra-abuso-do-contrato-de-tv/, skipping...
[ERROR - 2025-10-24 20:39:49,047 - Worker_3] Status code == 403 for http://noticias.uol.com.br/album/album-do-dia/2015/05/10/imagens-do-dia---10-de-maio-de-2015.htm?abrefoto=31, skipping...
[ERROR - 2025-10-24 20:39:53,065 - Worker_4] Status code == 403 for http://noticias.uol.com.br/album/album-do-dia/2015/05/10/imagens-do-dia---10-de-maio-de-2015.htm?abrefoto=42, skipping...
[ERROR - 2025-10-24 20:39:53,218 - Worker_3] Status code == 403 for http://noticias.uol.com.br/album/album-do-dia/2015/05/10/imagens-do-dia---10-de-maio-de-2015.htm?abrefoto=10, skipping...
[ERROR - 2025-10-24 20:40:04,779 - Worker_1] Status code == 403 for http://noticias.uol.com.br/ultimas-noticias/bbc/2015/05/10/familia-de-ursos-persegue-turistas-nos-estados-unidos.htm, skipping...
[ERROR - 2025-10-24 20:40:06,935 - Worker_3] Status code == 403 for http://noticias.uol.com.br/ultimas-noticias/afp/2015/05/10/mujica-descarta-depor-no-senado-brasileiro-sobre-mensalao.htm, skipping...
[ERROR - 2025-10-24 20:40:07,728 - Worker_0] Status code == 403 for http://noticias.uol.com.br/ultimas-noticias/efe/2015/05/10/brasileiro-e-preso-ao-tentar-entrar-com-36kg-de-cocaina-no-egito.htm, skipping...
[ERROR - 2025-10-24 20:40:11,094 - Worker_3] Status code == 403 for http://noticias.uol.com.br/cotidiano/ultimas-noticias/2015/05/10/pernambuco-tem-primeiro-dessalinizador-solar-coletivo-da-america-latina.htm, skipping...
[ERROR - 2025-10-24 20:40:15,256 - Worker_3] Status code == 403 for http://noticias.uol.com.br/politica/ultimas-noticias/2015/05/10/senador-luiz-henrique-da-silveira-morre-em-joinville.htm, skipping...
[ERROR - 2025-10-24 20:40:19,413 - Worker_3] Status code == 403 for http://noticias.uol.com.br/ultimas-noticias/agencia-estado/2015/05/10/dilma-lamenta-morte-do-senador-luiz-henrique.htm, skipping...
[ERROR - 2025-10-24 20:40:26,771 - Worker_2] Status code == 404 for http://esporte.uol.com.br/f1/ultimas-noticias/2015/05/10/assessora-de-schumacher-reaparece-e-revela-melhora-do-ex-piloto-alemao.htm, skipping...
[ERROR - 2025-10-24 20:40:28,171 - Worker_0] Status code == 403 for http://noticias.uol.com.br/ultimas-noticias/agencia-estado/2015/05/10/tiroteio-no-morro-da-coroa-neste-domingo-deixa-2-mortos.htm, skipping...
[ERROR - 2025-10-24 20:40:32,522 - Worker_0] Status code == 403 for http://rodrigomattos.blogosfera.uol.com.br/2015/05/10/cbf-quer-criar-padrao-de-qualidade-para-campos-do-brasileiro/, skipping...
[ERROR - 2025-10-24 20:40:36,444 - Worker_4] Status code == 403 for http://colunaesplanada.blogosfera.uol.com.br/2015/05/10/bancada-do-psdb-cresce-no-senado-com-morte-de-luiz-henrique/, skipping...
[ERROR - 2025-10-24 20:40:40,632 - Worker_4] Status code == 403 for http://noticias.uol.com.br/ultimas-noticias/bbc/2015/05/10/analise-visita-de-raul-castro-ao-vaticano-e-nova-vitoria-de-francisco.htm, skipping...
[ERROR - 2025-10-24 20:40:42,618 - Worker_0] Failed to connect with http://natelinha.ne10.uol.com.br/noticias/2015/05/09/audio-vaza-e-cesar-tralli-ironiza-corintiano-gente-boa-veja-o-video-88720.php after 3 attempts, skipping...
[ERROR - 2025-10-24 20:40:44,224 - Worker_2] Status code == 403 for http://blogdosakamoto.blogosfera.uol.com.br/2015/05/10/o-poder-publico-tem-uma-duvida-travesti-e-gente/, skipping...
[ERROR - 2025-10-24 20:40:46,801 - Worker_0] Status code == 403 for http://noticias.uol.com.br/ultimas-noticias/agencia-estado/2015/05/10/temer-presta-homenagem-a-ex-ministro-mendes-ribeiro-em-porto-alegre.htm, skipping...
[ERROR - 2025-10-24 20:40:48,457 - Worker_2] Status code == 403 for http://blogdomenon.blogosfera.uol.com.br/2015/05/10/palmeiras-precisa-de-um-centroavante-e-jo-esta-renascendo/, skipping...
[ERROR - 2025-10-24 20:40:49,687 - Worker_4] Status code == 403 for http://noticias.uol.com.br/ultimas-noticias/agencia-estado/2015/05/10/tempestade-causa-estragos-no-interior-de-sp-e-deixa-capital-em-estado-de-atencao.htm, skipping...
[ERROR - 2025-10-24 20:40:52,622 - Worker_2] Status code == 403 for http://noticias.uol.com.br/ultimas-noticias/bbc/2015/05/11/egito-aprova-planos-para-reerguer-farol-de-alexandria.htm, skipping...
[ERROR - 2025-10-24 20:40:55,430 - Worker_0] Status code == 403 for http://noticias.uol.com.br/politica/ultimas-noticias/2015/05/11/petrobras-recebe-r-157-milhoes-desviados-por-pedro-barusco.htm, skipping...
[ERROR - 2025-10-24 20:41:00,952 - Worker_4] Status code == 403 for http://noticias.uol.com.br/cotidiano/ultimas-noticias/2015/05/11/no-rio-coracoes-sao-pendurados-em-arvore-do-aterro-do-flamengo.htm, skipping...
[ERROR - 2025-10-24 20:41:22,642 - Worker_1] Status code == 403 for http://blogdoboleiro.blogosfera.uol.com.br/2015/05/11/ganso-admite-sondagem-do-flamengo-e-diz-aos-criticos-estou-jogando-bem/, skipping...
[ERROR - 2025-10-24 20:41:26,899 - Worker_1] Status code == 403 for http://uolesporte.blogosfera.uol.com.br/2015/05/10/olha-o-que-ele-fez-neymar-esbanja-habilidade-ate-para-salvar-lateral/, skipping...
[ERROR - 2025-10-24 20:41:33,987 - Worker_1] Status code == 403 for http://negociosdoesporte.blogosfera.uol.com.br/2015/05/11/o-curioso-caso-de-voce-sabe-quem-parque/, skipping...
[ERROR - 2025-10-24 20:41:34,771 - Worker_3] Status code == 403 for http://blogdobaldini.blogosfera.uol.com.br/2015/05/11/quem-e-chael-sonnen-ah-mais-um-cheirador-de-virilhas/, skipping...
[ERROR - 2025-10-24 20:41:41,266 - Worker_3] Status code == 403 for http://uolesporte.blogosfera.uol.com.br/2015/05/11/e-o-fair-play-goleira-foi-ajudar-colega-e-acabou-levando-o-gol/, skipping...
[ERROR - 2025-10-24 20:41:41,660 - Worker_4] Status code == 403 for http://paginacinco.blogosfera.uol.com.br/2015/05/11/livro-mais-polemico-do-ano-novo-de-houellebecq-e-atual-nao-visionario/, skipping...
[ERROR - 2025-10-24 20:41:45,859 - Worker_4] Status code == 403 for http://noticias.uol.com.br/midiaglobal/nytimes/2015/05/11/freiras-intercedem-por-vitimas-do-trafico-sexual-na-italia.htm, skipping...
[ERROR - 2025-10-24 20:41:58,633 - Worker_2] Status code == 403 for http://blogdoico.blogosfera.uol.com.br/2015/05/11/uma-mclaren-patetica-dentro-e-fora-das-pistas/, skipping...
[ERROR - 2025-10-24 20:42:05,105 - Worker_4] Status code == 403 for http://noticias.uol.com.br/ultimas-noticias/agencia-estado/2015/05/11/pmdb-tende-a-votar-com-o-governo-na-apreciacao-da-mp-664-diz-picciani.htm, skipping...
[ERROR - 2025-10-24 20:42:05,503 - Worker_1] Status code == 403 for http://noticias.uol.com.br/ultimas-noticias/agencia-estado/2015/05/11/janot-fala-em-pressao-e-diz-que-investigacao-da-lava-jato-e-impessoal.htm, skipping...
[ERROR - 2025-10-24 20:42:09,340 - Worker_4] Status code == 403 for http://andreoli.blogosfera.uol.com.br/2015/05/11/tite-ajudou-pastor-a-ser-curado/, skipping...
[ERROR - 2025-10-24 20:42:09,728 - Worker_1] Status code == 403 for http://noticias.uol.com.br/internacional/ultimas-noticias/2015/05/11/obama-mentiu-sobre-operacao-que-matou-bin-laden-diz-jornalista-casa-branca-nega.htm, skipping...
[ERROR - 2025-10-24 20:42:09,848 - Worker_0] Status code == 403 for http://colunaesplanada.blogosfera.uol.com.br/2015/05/11/com-pec-da-bengala-cunha-enterra-sonhos-de-cardozo-janot-e-adams-no-stf/, skipping...
[ERROR - 2025-10-24 20:42:21,757 - Worker_4] Failed to connect with http://natelinha.ne10.uol.com.br/noticias/2015/05/11/faustao-deixa-bruna-marquezine-sem-graca-ao-dizer-nao-era-tao-bonita-88760.php after 3 attempts, skipping...
[ERROR - 2025-10-24 20:42:29,238 - Worker_0] Status code == 403 for http://educacao.uol.com.br/noticias/agencia-estado/2015/05/11/unidades-da-ufrj-suspendem-atividades-por-atrasos-em-pagamento-de-terceiros.htm, skipping...
[ERROR - 2025-10-24 20:42:30,280 - Worker_1] Failed to connect with http://natelinha.ne10.uol.com.br/novelas/2015/05/11/apos-quase-ser-estuprada-por-guto-lais-ameaca-denuncialo-a-policia-88770.php after 3 attempts, skipping...
[ERROR - 2025-10-24 20:42:33,431 - Worker_0] Status code == 403 for http://noticias.uol.com.br/ciencia/ultimas-noticias/bbc/2015/05/11/pesquisadores-revelam-escandalo-com-mumias-vazias-no-egito.htm, skipping...
[ERROR - 2025-10-24 20:42:34,767 - Worker_1] Status code == 403 for http://tecnologia.uol.com.br/noticias/redacao/2015/05/11/apesar-de-pioneirismo-com-marco-civil-brasil-peca-na-protecao-de-dados.htm, skipping...
[ERROR - 2025-10-24 20:42:37,636 - Worker_0] Status code == 403 for http://noticias.uol.com.br/internacional/ultimas-noticias/2015/05/11/pesadelos-de-veteranos-do-vietna-podem-desvendar-ligacao-com-alzheimer.htm, skipping...
[ERROR - 2025-10-24 20:42:42,628 - Worker_2] Status code == 403 for http://noticias.uol.com.br/ultimas-noticias/agencia-estado/2015/05/11/areas-com-upp-tiveram-queda-de-homicidios-mostra-pesquisa.htm, skipping...
[ERROR - 2025-10-24 20:42:44,834 - Worker_1] Status code == 403 for http://noticias.uol.com.br/ultimas-noticias/agencia-estado/2015/05/11/janot-agiu-comigo-sim-com-espirito-pessoal-diz-eduardo-cunha.htm, skipping...
[ERROR - 2025-10-24 20:42:49,004 - Worker_1] Status code == 403 for http://noticias.uol.com.br/ultimas-noticias/agencia-estado/2015/05/12/mae-de-bernardo-sacou-r-55-mil-na-vespera-da-morte-diz-familia.htm, skipping...
[ERROR - 2025-10-24 20:42:54,443 - Worker_2] Status code == 403 for http://blogdomenon.blogosfera.uol.com.br/2015/05/12/viralatismo-nao-respeita-nem-pele-e-muita-ignorancia/, skipping...
[ERROR - 2025-10-24 20:42:58,636 - Worker_2] Status code == 403 for http://noticias.uol.com.br/tabloide/ultimas-noticias/tabloideanas/2015/05/12/mae-diz-que-filho-pequeno-foi-ferido-por-abraco-de-urso-de-plutao-na-disneyland.htm, skipping...
[ERROR - 2025-10-24 20:43:02,804 - Worker_2] Status code == 403 for http://noticias.uol.com.br/opiniao/coluna/2015/05/12/ja-que-falhou-em-conter-epidemia-da-dengue-governo-deve-garantir-diagnostico.htm, skipping...
[ERROR - 2025-10-24 20:43:04,242 - Worker_3] Status code == 403 for http://blogdosakamoto.blogosfera.uol.com.br/2015/05/12/o-brasil-e-de-paz-esses-esquerdistas-e-que-tem-que-morrer/, skipping...
[ERROR - 2025-10-24 20:43:12,232 - Worker_2] Status code == 403 for http://noticias.uol.com.br/internacional/ultimas-noticias/2015/05/12/idoso-de-94-anos-termina-faculdade-depois-de-comeca-la-75-anos-atras.htm, skipping...
[ERROR - 2025-10-24 20:43:19,047 - Worker_2] Status code == 403 for http://noticias.uol.com.br/cotidiano/ultimas-noticias/2015/05/12/fim-do-misterio-coracoes-em-arvore-no-rio-eram-para-trabalho-universitario.htm, skipping...
[ERROR - 2025-10-24 20:43:23,394 - Worker_2] Status code == 403 for http://nagradedomma.blogosfera.uol.com.br/2015/05/12/nao-basta-ser-fortao-saiba-como-belfort-malha-a-mente-para-bater-weidman/, skipping...
[ERROR - 2025-10-24 20:43:25,047 - Worker_3] Status code == 403 for http://noticias.uol.com.br/ultimas-noticias/agencia-estado/2015/05/12/dilma-minha-casa-minha-vida-nao-vai-parar-por-conta-do-ajuste-fiscal.htm, skipping...
[ERROR - 2025-10-24 20:43:27,595 - Worker_2] Status code == 403 for http://noticias.uol.com.br/ultimas-noticias/agencia-estado/2015/05/12/renan-anuncia-que-nome-de-fachin-sera-levado-a-plenario-na-proxima-terca.htm, skipping...
[ERROR - 2025-10-24 20:43:34,333 - Worker_2] Status code == 403 for http://noticias.uol.com.br/politica/ultimas-noticias/2015/05/12/em-sabatina-fachin-diz-ser-contra-a-legalizacao-do-aborto.htm, skipping...
[ERROR - 2025-10-24 20:43:37,704 - Worker_3] Status code == 403 for http://noticias.uol.com.br/ultimas-noticias/agencia-estado/2015/05/12/justica-cancela-indenizacao-a-familia-de-carlos-lamarca.htm, skipping...
[ERROR - 2025-10-24 20:43:49,875 - Worker_4] Status code == 404 for http://entretenimento.band.uol.com.br/cqc/2015/video.asp?id=15470102&t=daniella-cicarelli-explica-quebra-quebra-na-casa-de-ronaldo, skipping...
[ERROR - 2025-10-24 20:44:00,071 - Worker_3] Status code == 403 for http://blogdojuliogomes.blogosfera.uol.com.br/2015/05/12/o-novo-barca-pecas-perfeitas-e-um-neymar-que-finaliza-nao-enfileira/, skipping...
[ERROR - 2025-10-24 20:44:02,215 - Worker_4] Status code == 403 for http://fastfut.blogosfera.uol.com.br/2015/05/12/real-e-juve-benzema-100-pogba-treina-nomalmente/, skipping...
[ERROR - 2025-10-24 20:44:11,585 - Worker_4] Status code == 403 for http://blogdobaldini.blogosfera.uol.com.br/2015/05/12/popo-prefere-titulo-latino-ao-cinturao-da-wbf-boa-escolha/, skipping...
[ERROR - 2025-10-24 20:44:13,803 - Worker_1] Status code == 403 for http://economia.uol.com.br/empregos-e-carreiras/noticias/redacao/2015/05/12/gm-demite-150-funcionarios-em-sp-diz-sindicato-greve-nao-esta-descartada.htm, skipping...
[ERROR - 2025-10-24 20:44:14,379 - Worker_2] Status code == 403 for http://matias.blogosfera.uol.com.br/2015/05/12/sweet-child-omine-dos-gunsnroses-e-um-plagio/, skipping...
[ERROR - 2025-10-24 20:44:14,963 - Worker_0] Failed to connect with http://esporte.uol.com.br/surfe/ultimas-noticias/2015/05/12/veja-como-o-assedio-atrapalha-gabriel-medina-em-etapa-do-mundial-no-rio.htm after 3 attempts, skipping...
[ERROR - 2025-10-24 20:44:25,093 - Worker_0] Failed to connect with http://natelinha.ne10.uol.com.br/novelas/2015/05/11/apos-quase-ser-estuprada-por-guto-lais-ameaca-denuncialo-a-policia-88770.php after 3 attempts, skipping...
[ERROR - 2025-10-24 20:44:32,640 - Worker_0] Status code == 403 for http://economia.uol.com.br/noticias/reuters/2015/05/12/governo-tem-condicoes-de-lancar-pacote-de-concessoes-nas-proximas-semanas-diz-dilma.htm, skipping...
[ERROR - 2025-10-24 20:44:36,629 - Worker_2] Status code == 404 for http://esporte.uol.com.br/f1/ultimas-noticias/2015/05/12/nao-e-so-o-motor-cinco-motivos-para-o-sofrimento-da-mclaren-em-2015.htm, skipping...
[ERROR - 2025-10-24 20:44:37,233 - Worker_0] Status code == 403 for http://nagradedomma.blogosfera.uol.com.br/2015/05/13/top-5-os-cards-mais-empolgantes-da-historia-do-ufc/, skipping...
[ERROR - 2025-10-24 20:44:41,058 - Worker_3] Status code == 403 for http://noticias.uol.com.br/ultimas-noticias/agencia-estado/2015/05/13/eu-me-sinto-enganado-diz-engenheiro-de-obra-da-replan.htm, skipping...
[ERROR - 2025-10-24 20:44:41,078 - Worker_2] Status code == 403 for http://josecruz.blogosfera.uol.com.br/2015/05/quem-ampara-o-atleta-olimpico/, skipping...
[ERROR - 2025-10-24 20:44:41,408 - Worker_0] Status code == 403 for http://noticias.uol.com.br/ultimas-noticias/bbc/2015/05/13/ministro-da-defesa-da-coreia-do-norte-e-executado-com-tiro-antiaereo.htm, skipping...
[ERROR - 2025-10-24 20:44:45,229 - Worker_2] Status code == 403 for http://noticias.uol.com.br/ultimas-noticias/reuters/2015/05/13/procurador-classifica-autor-de-atentado-em-boston-de-terrorista-e-pede-pena-de-morte.htm, skipping...
[ERROR - 2025-10-24 20:44:49,415 - Worker_2] Status code == 403 for http://economia.uol.com.br/blogs-e-colunas/coluna/reinaldo-polito/2015/05/13/quer-fazer-algem-mudar-de-ideia-pague-o-almoco-e-fale-enquanto-ele-come.htm, skipping...
[ERROR - 2025-10-24 20:45:00,898 - Worker_4] Status code == 403 for http://noticias.uol.com.br/midiaglobal/elpais/2015/05/13/estudo-compila-base-de-dados-de-cadaveres-encontrados-no-mediterraneo.htm, skipping...
[ERROR - 2025-10-24 20:45:16,296 - Worker_2] Status code == 403 for http://josiasdesouza.blogosfera.uol.com.br/2015/05/13/ministro-diz-que-mec-excluira-do-fies-instituicoes-que-abusarem-no-reajuste/, skipping...
[ERROR - 2025-10-24 20:45:18,081 - Worker_1] Status code == 403 for http://noticias.uol.com.br/saude/ultimas-noticias/redacao/2015/05/13/medicos-retiram-prego-de-olho-de-homem-de-27-anos.htm, skipping...
[ERROR - 2025-10-24 20:45:20,636 - Worker_2] Status code == 403 for http://educacao.uol.com.br/noticias/2015/05/13/de-zumbi-heroi-a-origem-da-feijoada-7-mitos-sobre-a-escravidao-no-brasil.htm, skipping...
[ERROR - 2025-10-24 20:45:24,896 - Worker_1] Status code == 403 for http://noticias.uol.com.br/internacional/ultimas-noticias/2015/05/13/excesso-de-velocidade-pode-ter-provocado-acidente-de-trem-na-filadelfia.htm, skipping...
[ERROR - 2025-10-24 20:46:27,448 - Worker_4] Status code == 403 for http://noticias.uol.com.br/ultimas-noticias/agencia-estado/2015/05/13/collor-entra-com-quatro-representacoes-contra-janot-no-senado.htm, skipping...
[ERROR - 2025-10-24 20:46:31,611 - Worker_4] Status code == 403 for http://noticias.uol.com.br/ultimas-noticias/agencia-estado/2015/05/13/ricardo-pessoa-cita-nome-de-ministro-lobao-a-investigadores-da-lava-jato.htm, skipping...
[ERROR - 2025-10-24 20:46:39,984 - Worker_0] Status code == 403 for http://noticias.uol.com.br/blogs-e-colunas/coluna/richard-branson/2015/05/13/empresarios-sao-natos-nao-feitos.htm, skipping...
[ERROR - 2025-10-24 20:46:46,950 - Worker_4] Status code == 404 for http://futebol.placar.esporte.uol.com.br/futebol/copa-do-brasil/2015/05/13/crb-x-gremio.htm, skipping...
[ERROR - 2025-10-24 20:46:54,298 - Worker_1] Status code == 403 for http://blogdojuca.uol.com.br/2015/05/messi-ou-maradona/, skipping...
[ERROR - 2025-10-24 20:46:56,680 - Worker_4] Status code == 403 for http://noticias.uol.com.br/cotidiano/ultimas-noticias/2015/05/13/policia-acha-bebe-de-casal-acusado-de-ja-ter-matado-outra-crianca-em-mg.htm, skipping...
[ERROR - 2025-10-24 20:46:58,466 - Worker_1] Status code == 403 for http://noticias.uol.com.br/ultimas-noticias/valor/2015/05/13/dono-da-utc-cita-pelo-menos-cinco-parlamentares-em-delacao-premiada.htm, skipping...
[ERROR - 2025-10-24 20:47:02,646 - Worker_1] Status code == 403 for http://noticias.uol.com.br/opiniao/coluna/2015/05/13/crack-e-bode-expiatorio-da-exclusao-social.htm, skipping...
[ERROR - 2025-10-24 20:47:06,823 - Worker_1] Status code == 403 for http://noticias.uol.com.br/cotidiano/ultimas-noticias/2015/05/13/santa-catarina-enfrenta-greves-em-educacao-saude-e-justica.htm, skipping...
[ERROR - 2025-10-24 20:47:11,386 - Worker_2] Status code == 403 for http://blogdoico.blogosfera.uol.com.br/2015/05/13/lewis-hamilton-ganhara-bem-no-novo-contrato-mas-nao-tanto-quanto-voce-le/, skipping...
[ERROR - 2025-10-24 20:47:12,410 - Worker_4] Status code == 403 for http://noticias.uol.com.br/ciencia/ultimas-noticias/bbc/2015/05/13/como-os-astronautas-vao-ao-banheiro.htm, skipping...
[ERROR - 2025-10-24 20:47:16,573 - Worker_4] Status code == 403 for http://noticias.uol.com.br/cotidiano/ultimas-noticias/2015/05/13/beira-mar-nega-lideranca-do-cv-na-rua-eu-era-um-comerciante-independente.htm, skipping...
[ERROR - 2025-10-24 20:47:22,897 - Worker_2] Status code == 403 for http://robertosadovski.blogosfera.uol.com.br/2015/05/13/mad-max-estrada-da-furia-deixa-a-coisa-feia-para-o-resto-do-cinema-de-acao/, skipping...
[ERROR - 2025-10-24 20:47:23,136 - Worker_4] Status code == 403 for http://noticias.uol.com.br/ultimas-noticias/agencia-estado/2015/05/13/haddad-quer-cassar-licenca-de-empresa-que-usa-mao-de-obra-escrava.htm, skipping...
[ERROR - 2025-10-24 20:47:27,345 - Worker_4] Status code == 403 for http://negociosdoesporte.blogosfera.uol.com.br/2015/05/14/juventus-e-corinthians-a-interferencia-da-gestao-no-campo/, skipping...
[ERROR - 2025-10-24 20:47:29,919 - Worker_3] Status code == 404 for http://tenisbrasil.uol.com.br/blogs/index.php/2015/05/14/boa-derrota/, skipping...
[ERROR - 2025-10-24 20:47:31,555 - Worker_4] Status code == 403 for http://noticias.uol.com.br/politica/ultimas-noticias/2015/05/14/tarso-volta-a-criticar-pt-e-diz-que-fara-frente-de-esquerda-no-rio-em-2016.htm, skipping...
[ERROR - 2025-10-24 20:47:48,358 - Worker_4] Status code == 403 for http://josiasdesouza.blogosfera.uol.com.br/2015/05/13/ministro-diz-que-mec-excluira-do-fies-instituicoes-que-abusarem-no-reajuste/, skipping...
[ERROR - 2025-10-24 20:47:56,841 - Worker_1] Status code == 403 for http://balanacesta.blogosfera.uol.com.br/2015/05/14/flamengo-pode-chegar-a-3a-final-seguida-do-nbb-e-manter-100-da-era-neto/, skipping...
[ERROR - 2025-10-24 20:48:00,622 - Worker_3] Status code == 403 for http://educacao.uol.com.br/noticias/agencia-estado/2015/05/14/alunos-ocupam-reitoria-da-universidade-federal-do-rio.htm, skipping...
[ERROR - 2025-10-24 20:48:04,405 - Worker_4] Status code == 403 for http://educacao.uol.com.br/noticias/2015/05/13/de-zumbi-heroi-a-origem-da-feijoada-7-mitos-sobre-a-escravidao-no-brasil.htm, skipping...
[ERROR - 2025-10-24 20:48:09,669 - Worker_3] Status code == 403 for http://futebolemnumeros.blogosfera.uol.com.br/2015/05/14/em-20-disputas-por-penaltis-ceni-ganhou-12-mas-perdeu-ultimas-quatro/, skipping...
[ERROR - 2025-10-24 20:48:15,685 - Worker_0] Status code == 403 for http://radiouol.blogosfera.uol.com.br/2015/05/13/6553/, skipping...
[ERROR - 2025-10-24 20:48:21,295 - Worker_4] Failed to connect with http://tnh1.ne10.uol.com.br/noticia/geral/2015/05/13/323244/como-assim-participante-do-lata-velha-em-coruripe-recebe-dois-carros after 3 attempts, skipping...
[ERROR - 2025-10-24 20:48:31,274 - Worker_4] Status code == 403 for http://educacao.uol.com.br/noticias/2015/05/14/provas-do-enem-2015-irao-acontecer-nos-dias-24-e-25-de-outubro.htm, skipping...
[ERROR - 2025-10-24 20:49:01,696 - Worker_2] Status code == 403 for http://educacao.uol.com.br/noticias/2015/05/14/alunos-colocam-hino-de-time-e-mensagem-de-aniversario-em-redacao-do-enem.htm, skipping...
[ERROR - 2025-10-24 20:49:05,870 - Worker_2] Status code == 403 for http://educacao.uol.com.br/noticias/2015/05/14/governo-do-pr-anuncia-reajuste-de-5-e-encerra-negociacoes-com-professores.htm, skipping...
[ERROR - 2025-10-24 20:49:09,136 - Worker_1] Status code == 403 for http://uolesporte.blogosfera.uol.com.br/2015/05/14/neymar-aparece-de-ferrari-no-treino-do-barca-e-quase-atropela-fas/, skipping...
[ERROR - 2025-10-24 20:49:12,355 - Worker_2] Status code == 403 for http://noticias.uol.com.br/ultimas-noticias/agencia-estado/2015/05/14/pt-quer-convocar-aecio-e-agripino-na-cpi-da-petrobras.htm, skipping...
[ERROR - 2025-10-24 20:49:16,544 - Worker_2] Status code == 403 for http://noticias.uol.com.br/ultimas-noticias/reuters/2015/05/14/italia-diz-ter-resgatado-3600-imigrantes-em-dois-dias.htm, skipping...
[ERROR - 2025-10-24 20:49:18,701 - Worker_1] Status code == 403 for http://noticias.uol.com.br/cotidiano/ultimas-noticias/2015/05/14/moradores-de-area-rural-em-sp-exigem-linha-de-onibus.htm, skipping...
[ERROR - 2025-10-24 20:49:22,868 - Worker_1] Status code == 403 for http://noticias.uol.com.br/ultimas-noticias/agencia-estado/2015/05/14/cunha-condiciona-reforma-politica-ao-distritao.htm, skipping...
[ERROR - 2025-10-24 20:49:29,400 - Worker_1] Status code == 403 for http://noticias.uol.com.br/politica/ultimas-noticias/2015/05/14/mpf-denuncia-quatro-ex-deputados-na-lava-jato.htm, skipping...
[ERROR - 2025-10-24 20:49:33,563 - Worker_1] Status code == 403 for http://noticias.uol.com.br/cotidiano/ultimas-noticias/2015/05/14/comovidos-policiais-pagam-fianca-de-ladrao-e-fazem-compras-para-ele-no-df.htm, skipping...
[ERROR - 2025-10-24 20:49:37,725 - Worker_1] Status code == 403 for http://noticias.uol.com.br/album/album-do-dia/2015/05/14/imagens-do-dia---14-de-maio-de-2015.htm?abrefoto=58, skipping...
[ERROR - 2025-10-24 20:49:41,955 - Worker_1] Status code == 403 for http://fernandorodrigues.blogosfera.uol.com.br/2015/05/15/dilma-reune-ministros-domingo-para-cortar-ate-r-80-bilhoes-no-orcamento/, skipping...
[ERROR - 2025-10-24 20:49:45,586 - Worker_4] Status code == 403 for http://blogdoico.blogosfera.uol.com.br/2015/05/15/williams-deveria-renovar-com-felipe-massa-midia-estrangeira-acha-que-sim/, skipping...
[ERROR - 2025-10-24 20:49:49,751 - Worker_4] Status code == 403 for http://noticias.uol.com.br/cotidiano/ultimas-noticias/2015/05/15/apos-prisao-e-ajuda-de-policiais-eletricista-diz-que-sonha-em-trabalhar.htm, skipping...
[ERROR - 2025-10-24 20:49:53,999 - Worker_4] Status code == 403 for http://educacao.uol.com.br/noticias/2015/05/12/professor-acalma-bebe-de-aluna-durante-a-aula-em-israel.htm, skipping...
[ERROR - 2025-10-24 20:49:55,779 - Worker_1] Status code == 403 for http://noticias.uol.com.br/saude/ultimas-noticias/redacao/2015/05/14/medico-jordaniano-esquece-celular-no-abdome-de-paciente-apos-cesariana.htm, skipping...
[ERROR - 2025-10-24 20:50:07,446 - Worker_4] Status code == 403 for http://josiasdesouza.blogosfera.uol.com.br/2015/05/13/ministro-diz-que-mec-excluira-do-fies-instituicoes-que-abusarem-no-reajuste/, skipping...
[ERROR - 2025-10-24 20:50:11,706 - Worker_4] Status code == 403 for http://nagradedomma.blogosfera.uol.com.br/2015/05/15/final-do-tuf-muda-para-miami-lyoto-faz-luta-principal-contra-6o-do-ranking/, skipping...
[ERROR - 2025-10-24 20:50:20,824 - Worker_4] Status code == 403 for http://noticias.uol.com.br/album/album-do-dia/2015/05/15/imagens-do-dia---15-de-maio-de-2015.htm?abrefoto=8, skipping...
[ERROR - 2025-10-24 20:50:31,830 - Worker_4] Status code == 403 for http://noticias.uol.com.br/ultimas-noticias/afp/2015/05/15/golpistas-do-burundi-anunciam-rendicao.htm, skipping...
[ERROR - 2025-10-24 20:50:41,352 - Worker_4] Status code == 404 for http://esporte.uol.com.br/f1/ultimas-noticias/2015/05/15/assassino-sorridente-daniel-ricciardo-se-diz-duas-pessoas-diferentes.htm, skipping...
[ERROR - 2025-10-24 20:50:41,733 - Worker_2] Status code == 403 for http://noticias.uol.com.br/ultimas-noticias/reuters/2015/05/15/helicoptero-dos-eua-e-encontrado-destruido-e-sem-sobreviventes-diz-ministro-do-nepal.htm, skipping...
[ERROR - 2025-10-24 20:50:44,901 - Worker_0] Status code == 403 for http://noticias.uol.com.br/opiniao/coluna/2015/05/15/longe-de-ser-obsoleta-lei-rouanet-democratiza-apoio-a-cultura.htm, skipping...
[ERROR - 2025-10-24 20:50:48,334 - Worker_2] Status code == 403 for http://noticias.uol.com.br/ultimas-noticias/agencia-estado/2015/05/15/vitima-de-abdelmassih-e-confrontada-por-parente-do-ex-medico.htm, skipping...
[ERROR - 2025-10-24 20:50:49,066 - Worker_0] Status code == 403 for http://noticias.uol.com.br/midiaglobal/lemonde/2015/05/14/opiniao-reino-unido-quer-sair-da-uniao-europeia-mas-realidade-nao-e-tao-simples.htm, skipping...
[ERROR - 2025-10-24 20:50:54,890 - Worker_2] Status code == 403 for http://noticias.uol.com.br/ultimas-noticias/afp/2015/05/15/indonesia-resgata-centenas-de-imigrantes-em-meio-a-pingue-pongue-humano.htm#fotoNav=22, skipping...
[ERROR - 2025-10-24 20:50:59,806 - Worker_2] Status code == 404 for http://esporte.uol.com.br/f1/ultimas-noticias/2015/05/15/enquanto-chefes-definem-o-futuro-da-f-1-pilotos-revelam-o-que-mudariam.htm, skipping...
[ERROR - 2025-10-24 20:51:04,110 - Worker_2] Status code == 403 for http://blogdoperrone.blogosfera.uol.com.br/2015/05/diretoria-do-corinthians-debate-expulsoes-e-apagao-com-tite/, skipping...
[ERROR - 2025-10-24 20:51:12,795 - Worker_0] Status code == 403 for http://noticias.uol.com.br/cotidiano/ultimas-noticias/2015/05/14/moradores-de-area-rural-em-sp-exigem-linha-de-onibus.htm, skipping...
[ERROR - 2025-10-24 20:51:16,458 - Worker_1] Status code == 403 for http://josiasdesouza.blogosfera.uol.com.br/2015/05/15/pdt-e-infiel-a-dilma-mas-quer-manter-ministerio/, skipping...
[ERROR - 2025-10-24 20:51:20,653 - Worker_1] Status code == 403 for http://noticias.uol.com.br/album/2015/05/15/bichos-da-semana.htm?abrefoto=9, skipping...
[ERROR - 2025-10-24 20:51:24,198 - Worker_0] Status code == 403 for http://noticias.uol.com.br/politica/ultimas-noticias/2015/05/14/mpf-denuncia-quatro-ex-deputados-na-lava-jato.htm, skipping...
[ERROR - 2025-10-24 20:51:28,170 - Worker_2] Status code == 403 for http://blogdosakamoto.blogosfera.uol.com.br/2015/05/15/quem-furta-bife-pao-de-queijo-ou-xampu-deve-ir-para-a-cadeia/, skipping...
[ERROR - 2025-10-24 20:51:28,394 - Worker_0] Status code == 403 for http://noticias.uol.com.br/midiaglobal/nytimes/2015/05/16/guerra-no-iraque-assombra-potencial-candidatura-de-bush-assim-como-a-de-clinton-em-2008.htm, skipping...
[ERROR - 2025-10-24 20:51:34,903 - Worker_0] Status code == 403 for http://noticias.uol.com.br/ultimas-noticias/bbc/2015/05/16/campanha-que-pede-beatificacao-de-gaudi-avanca.htm, skipping...
[ERROR - 2025-10-24 20:51:34,940 - Worker_1] Status code == 403 for http://noticias.uol.com.br/album/album-do-dia/2015/05/16/imagens-do-dia---16-de-maio-de-2015.htm?abrefoto=23, skipping...
[ERROR - 2025-10-24 20:51:43,891 - Worker_1] Status code == 403 for http://noticias.uol.com.br/internacional/ultimas-noticias/2015/05/16/eua-dizem-ter-matado-lider-do-ei-na-siria.htm, skipping...
[ERROR - 2025-10-24 20:51:43,945 - Worker_0] Status code == 403 for http://noticias.uol.com.br/ultimas-noticias/redacao/2015/05/16/policia-liberta-e-ajuda-homem-que-roubou-comida-veja-destaques-em-video.htm, skipping...
[ERROR - 2025-10-24 20:51:47,270 - Worker_2] Status code == 403 for http://josiasdesouza.blogosfera.uol.com.br/2015/05/13/ministro-diz-que-mec-excluira-do-fies-instituicoes-que-abusarem-no-reajuste/, skipping...
[ERROR - 2025-10-24 20:51:53,990 - Worker_1] Status code == 403 for http://noticias.uol.com.br/ultimas-noticias/agencia-estado/2015/05/16/procuradores-pedem-que-cervero-devolva-r-25-mi.htm, skipping...
[ERROR - 2025-10-24 20:51:54,252 - Worker_4] Status code == 403 for http://noticias.uol.com.br/album/album-do-dia/2015/05/16/imagens-do-dia---16-de-maio-de-2015.htm?abrefoto=54, skipping...
[ERROR - 2025-10-24 20:51:57,637 - Worker_0] Status code == 403 for http://noticias.uol.com.br/ultimas-noticias/bbc/2015/05/16/o-que-acontecera-com-o-autor-do-atentado-em-boston-apos-a-sentenca.htm, skipping...
[ERROR - 2025-10-24 20:51:58,153 - Worker_1] Status code == 403 for http://noticias.uol.com.br/ultimas-noticias/afp/2015/05/16/franca-se-opoe-ao-estabelecimento-de-quotas-de-imigrantes-na-ue.htm, skipping...
[ERROR - 2025-10-24 20:51:58,456 - Worker_4] Status code == 403 for http://blogdoperrone.blogosfera.uol.com.br/2015/05/investigacao-sobre-bens-de-andres-vai-para-procuradoria-geral-da-republica/, skipping...
[ERROR - 2025-10-24 20:52:02,338 - Worker_3] Status code == 403 for http://saqueevoleio.blogosfera.uol.com.br/2015/05/16/teliana-atira-raquete-sem-querer-e-e-desclassificada/, skipping...
[ERROR - 2025-10-24 20:52:02,598 - Worker_4] Status code == 403 for http://noticias.uol.com.br/album/album-do-dia/2015/05/16/imagens-do-dia---16-de-maio-de-2015.htm?abrefoto=51, skipping...
[ERROR - 2025-10-24 20:52:04,640 - Worker_1] Status code == 403 for http://uolesportevetv.blogosfera.uol.com.br/2015/05/16/ex-musa-do-globo-esporte-nega-rotulo-e-comemora-retorno-a-tv/, skipping...
[ERROR - 2025-10-24 20:52:08,875 - Worker_3] Status code == 403 for http://uolesporte.blogosfera.uol.com.br/2015/05/16/dupla-do-gremio-transforma-rebote-simples-em-gol-contra-improvavel-veja/, skipping...
[ERROR - 2025-10-24 20:52:11,158 - Worker_1] Status code == 403 for http://nilsonxavier.blogosfera.uol.com.br/2015/05/16/inesquecivel-como-vovo-elias-gleizer-tambem-viveu-varios-padres-em-novelas/, skipping...
[ERROR - 2025-10-24 20:52:13,076 - Worker_3] Status code == 403 for http://uolesporte.blogosfera.uol.com.br/2015/05/16/ta-bombando-jogador-ingles-ostenta-na-hora-errada-e-a-ferrari-de-neymar, skipping...
[ERROR - 2025-10-24 20:52:17,097 - Worker_4] Status code == 403 for http://noticias.uol.com.br/ciencia/ultimas-noticias/bbc/2015/05/16/como-tirar-aquela-musica-grudenta-da-cabeca.htm, skipping...
[ERROR - 2025-10-24 20:52:19,746 - Worker_3] Status code == 403 for http://blogdoboleiro.blogosfera.uol.com.br/2015/05/16/mordida-de-cachorro-heroi-dos-andes-livro-conta-historias-da-libertadores/, skipping...
[ERROR - 2025-10-24 20:52:24,453 - Worker_2] Status code == 403 for http://noticias.uol.com.br/cotidiano/ultimas-noticias/2015/05/14/moradores-de-area-rural-em-sp-exigem-linha-de-onibus.htm, skipping...
[ERROR - 2025-10-24 20:52:28,912 - Worker_3] Status code == 403 for http://noticias.uol.com.br/album/album-do-dia/2015/05/15/imagens-do-dia---15-de-maio-de-2015.htm?abrefoto=45?abrefoto=45, skipping...
[ERROR - 2025-10-24 20:52:33,126 - Worker_3] Status code == 403 for http://noticias.uol.com.br/meio-ambiente/album/2015/05/15/da-bolivia-a-turquia-as-mais-incriveis-paisagens-da-terra.htm?abrefoto=1, skipping...
[ERROR - 2025-10-24 20:52:40,051 - Worker_3] Status code == 403 for http://blogdosakamoto.blogosfera.uol.com.br/2015/05/16/o-brasil-deveria-comercializar-o-que-tem-de-melhor-o-seu-povo/, skipping...
[ERROR - 2025-10-24 20:52:41,157 - Worker_1] Status code == 403 for http://noticias.uol.com.br/cotidiano/ultimas-noticias/2015/05/16/suspeito-por-assassinato-de-adolescente-em-sc-e-preso.htm, skipping...
[ERROR - 2025-10-24 20:52:45,379 - Worker_1] Status code == 403 for http://blogdoperrone.blogosfera.uol.com.br/2015/05/voce-nunca-mais-vai-ver-as-convocacoes-da-selecao-com-os-mesmos-olhos/, skipping...
[ERROR - 2025-10-24 20:53:31,980 - Worker_2] Status code == 404 for http://futebol.placar.esporte.uol.com.br/futebol/brasileirao/2015/05/17/ponte-preta-x-sao-paulo.htm, skipping...
[ERROR - 2025-10-24 20:53:39,117 - Worker_0] Status code == 403 for http://uolesporte.blogosfera.uol.com.br/2015/05/17/messi-se-recusa-a-dar-autografo-para-idoso-e-barcelona-posta-o-video/, skipping...
[ERROR - 2025-10-24 20:53:41,559 - Worker_1] Status code == 403 for http://josiasdesouza.blogosfera.uol.com.br/2015/05/13/ministro-diz-que-mec-excluira-do-fies-instituicoes-que-abusarem-no-reajuste/, skipping...
[ERROR - 2025-10-24 20:53:42,082 - Worker_2] Failed to connect with http://natelinha.ne10.uol.com.br/noticias/2015/05/17/segunda-apresentadora-mais-antiga-da-globo-deixa-programa-confira-88962.php after 3 attempts, skipping...
[ERROR - 2025-10-24 20:53:43,356 - Worker_0] Status code == 403 for http://cozinhasobpressao.blogosfera.uol.com.br/2015/05/17/igor-martins-nao-achei-justa-a-minha-eliminacao/, skipping...
[ERROR - 2025-10-24 20:53:47,611 - Worker_0] Status code == 403 for http://matias.blogosfera.uol.com.br/2015/05/17/rock-in-rio-quer-ser-uma-experiencia-como-a-da-disney/, skipping...
[ERROR - 2025-10-24 20:53:57,652 - Worker_0] Failed to connect with http://natelinha.ne10.uol.com.br/resumos/2015/05/16/sete-vidas-miguel-confessa-estar-arrasado-por-nao-poder-ficar-com-ligia-88958.php after 3 attempts, skipping...
[ERROR - 2025-10-24 20:54:25,679 - Worker_1] Status code == 403 for http://nagradedomma.blogosfera.uol.com.br/2015/05/17/bau-weidman-venceu-homem-ambulancia-com-previa-do-que-faria-em-anderson/, skipping...
[ERROR - 2025-10-24 20:54:29,856 - Worker_1] Status code == 403 for http://noticias.uol.com.br/tabloide/album/2015/01/05/os-recordes-e-tentativas-de-2015.htm?abrefoto=65, skipping...
[ERROR - 2025-10-24 20:54:32,153 - Worker_3] Status code == 404 for http://mulher.uol.com.br/comportamento/album/2015/05/14/saiba-o-que-empresas-como-o-google-esperam-do-candidato-na-entrevista.htm, skipping...
[ERROR - 2025-10-24 20:54:36,322 - Worker_3] Status code == 403 for http://noticias.uol.com.br/cotidiano/ultimas-noticias/2015/05/14/moradores-de-area-rural-em-sp-exigem-linha-de-onibus.htm, skipping...
[ERROR - 2025-10-24 20:54:40,523 - Worker_3] Status code == 403 for http://josiasdesouza.blogosfera.uol.com.br/2015/05/17/juiz-popular-e-trabalhador-faminto-sao-manifestacoes-de-um-brasil-arcaico/, skipping...
[ERROR - 2025-10-24 20:54:41,034 - Worker_1] Status code == 403 for http://rodrigomattos.blogosfera.uol.com.br/2015/05/17/ficou-barato-para-o-boca-mas-eliminacao-e-um-avanco-da-conmebol/, skipping...
[ERROR - 2025-10-24 20:54:44,667 - Worker_3] Status code == 403 for http://uolesporte.blogosfera.uol.com.br/2015/05/17/duzia-de-traicoes-teria-causado-termino-do-namoro-de-cristiano-ronaldo/, skipping...
[ERROR - 2025-10-24 20:54:50,352 - Worker_1] Status code == 403 for http://uolesporte.blogosfera.uol.com.br/2015/05/17/saudades-de-bebeto-e-romario-eles-se-reencontraram-em-evento-religioso/, skipping...
[ERROR - 2025-10-24 20:54:52,472 - Worker_2] Status code == 403 for http://noticias.uol.com.br/album/album-do-dia/2015/05/18/imagens-do-dia---18-de-maio-de-2015.htm?abrefoto=56, skipping...
[ERROR - 2025-10-24 20:55:00,347 - Worker_3] Failed to connect with http://natelinha.ne10.uol.com.br/noticias/2015/05/18/ator-do-sbt-e-assaltado-e-ladrao-diz-seu-patrao-joga-dinheiro-pro-alto-88971.php after 3 attempts, skipping...
[ERROR - 2025-10-24 20:55:04,621 - Worker_3] Status code == 403 for http://blogdobaldini.blogosfera.uol.com.br/2015/05/18/floyd-mayweather-ganha-us-500-mil-em-apostas-no-fim-de-semana/, skipping...
[ERROR - 2025-10-24 20:55:08,771 - Worker_0] Status code == 403 for http://josecruz.blogosfera.uol.com.br/2015/05/a-inseguranca-explicita-dos-estadios-brasileiros/, skipping...
[ERROR - 2025-10-24 20:55:17,858 - Worker_4] Status code == 403 for http://educacao.uol.com.br/noticias/2015/05/18/governo-do-pr-corta-ponto-mas-professora-diz-que-vai-continuar-em-greve.htm, skipping...
[ERROR - 2025-10-24 20:55:18,881 - Worker_0] Failed to connect with http://noticias.carsale.uol.com.br/ultimas/2015/05/18/confira-lista-dos-10-carros-mais-baratos-brasil/ after 3 attempts, skipping...
[ERROR - 2025-10-24 20:55:19,414 - Worker_3] Failed to connect with http://natelinha.ne10.uol.com.br/noticias/2015/05/17/segunda-apresentadora-mais-antiga-da-globo-deixa-programa-confira-88962.php after 3 attempts, skipping...
[ERROR - 2025-10-24 20:55:22,037 - Worker_4] Status code == 403 for http://noticias.uol.com.br/ultimas-noticias/agencia-estado/2015/05/18/planejamento-diz-que-ajustou-estimativa-de-receita-para-manter-equilibrio.htm, skipping...
[ERROR - 2025-10-24 20:55:23,557 - Worker_3] Status code == 403 for http://noticias.uol.com.br/politica/ultimas-noticias/2015/05/18/justica-aceita-denuncia-contra-ex-deputados-envolvidos-na-lava-jato.htm, skipping...
[ERROR - 2025-10-24 20:55:26,192 - Worker_4] Status code == 403 for http://noticias.uol.com.br/album/album-do-dia/2015/05/18/imagens-do-dia---18-de-maio-de-2015.htm?abrefoto=35, skipping...
[ERROR - 2025-10-24 20:55:27,793 - Worker_0] Status code == 403 for http://josiasdesouza.blogosfera.uol.com.br/2015/05/18/aecio-se-acerta-com-alckmin-e-tucanos-postergam-a-disputa-pela-vaga-de-2018/, skipping...
[ERROR - 2025-10-24 20:55:33,119 - Worker_3] Status code == 403 for http://noticias.uol.com.br/ultimas-noticias/bbc/2015/05/18/apos-42-anos-em-coma-morre-indiana-que-gerou-debate-sobre-eutanasia.htm, skipping...
[ERROR - 2025-10-24 20:55:37,088 - Worker_0] Status code == 403 for http://blogdoico.blogosfera.uol.com.br/2015/05/18/novas-regras-vao-afundar-a-formula-1-ainda-mais/, skipping...
[ERROR - 2025-10-24 20:55:37,342 - Worker_3] Status code == 403 for http://noticias.uol.com.br/cotidiano/ultimas-noticias/2015/05/18/vigilancia-sanitaria-encontra-coliformes-fecais-em-pasteis-no-rio.htm, skipping...
[ERROR - 2025-10-24 20:55:41,494 - Worker_3] Status code == 403 for http://noticias.uol.com.br/blogs-e-colunas/coluna/paul-krugman/2015/05/18/invadir-o-iraque-nao-foi-apenas-um-erro-foi-tambem-um-crime.htm, skipping...
[ERROR - 2025-10-24 20:55:42,042 - Worker_4] Status code == 403 for http://noticias.uol.com.br/midiaglobal/nytimes/2015/05/18/universidade-de-columbia-examina-suas-antigas-ligacoes-com-a-escravidao.htm, skipping...
[ERROR - 2025-10-24 20:55:45,694 - Worker_3] Status code == 403 for http://noticias.uol.com.br/ciencia/ultimas-noticias/bbc/2015/05/16/tecnologia-deixa-humanos-com-atencao-mais-curta-que-de-peixinho-dourado-diz-pesquisa.htm, skipping...
[ERROR - 2025-10-24 20:55:47,619 - Worker_1] Status code == 403 for http://noticias.uol.com.br/ultimas-noticias/agencia-estado/2015/05/18/teori-zavascki-autoriza-quebra-de-sigilo-bancario-e-fiscal-de-collor.htm, skipping...
[ERROR - 2025-10-24 20:55:48,267 - Worker_0] Status code == 403 for http://economia.uol.com.br/noticias/redacao/2015/05/18/governo-suspende-a-venda-de-87-planos-de-saude-de-22-operadoras.htm, skipping...
[ERROR - 2025-10-24 20:55:51,852 - Worker_1] Status code == 403 for http://todosabordo.blogosfera.uol.com.br/2015/05/18/jato-executivo-da-embraer-bate-quatro-recordes-mundiais-de-velocidade/, skipping...
[ERROR - 2025-10-24 20:55:56,056 - Worker_1] Status code == 403 for http://noticias.uol.com.br/ultimas-noticias/agencia-estado/2015/05/18/estado-perde-arrecadacao-e-gestao-alckmin-reduz-investimentos-em-37.htm, skipping...
[ERROR - 2025-10-24 20:55:58,631 - Worker_3] Failed to connect with http://sensacionalista.uol.com.br/2015/05/18/apenas-03-das-pessoas-notam-quando-jacares-ha-alguma-palavra-estranha-num-texto/ after 3 attempts, skipping...
[ERROR - 2025-10-24 20:56:00,378 - Worker_1] Status code == 403 for http://blogdomariomagalhaes.blogosfera.uol.com.br/2015/05/18/cartola-da-cbf-ataca-juca-kfouri-insulta-o-jornalismo-e-exibe-intolerancia/, skipping...
[ERROR - 2025-10-24 20:56:05,056 - Worker_3] Status code == 403 for http://noticias.uol.com.br/saude/ultimas-noticias/redacao/2015/05/18/mae-e-mantida-viva-por-54-dias-para-que-bebe-seja-salvo-nos-eua.htm, skipping...
[ERROR - 2025-10-24 20:56:07,239 - Worker_0] Status code == 404 for http://revistacult.uol.com.br/home/2015/05/a-vocacao-literaria-de-frei-betto/, skipping...
[ERROR - 2025-10-24 20:56:12,056 - Worker_1] Status code == 403 for http://noticias.uol.com.br/ultimas-noticias/bbc/2015/05/19/a-polemica-ferrovia-que-a-china-quer-construir-na-america-do-sul.htm, skipping...
[ERROR - 2025-10-24 20:56:16,086 - Worker_0] Status code == 403 for http://negociosdoesporte.blogosfera.uol.com.br/2015/05/18/nada-mais-normal-que-o-contrato-da-cbf-com-a-ise/, skipping...
[ERROR - 2025-10-24 20:56:16,393 - Worker_2] Status code == 403 for http://blogdobaldini.blogosfera.uol.com.br/2015/05/19/esquiva-falcao-pede-rivais-duros-e-quer-a-ultima-luta-do-ano-no-brasil/, skipping...
[ERROR - 2025-10-24 20:56:18,821 - Worker_4] Status code == 403 for http://economia.uol.com.br/empreendedorismo/noticias/redacao/2015/05/19/avianca-comecou-com-2-avioes-dados-por-cliente-devedor-diz-dono-da-empresa.htm, skipping...
[ERROR - 2025-10-24 20:56:20,251 - Worker_0] Status code == 403 for http://noticias.uol.com.br/cotidiano/ultimas-noticias/2015/05/19/caminhoneiro-grava-pms-cobrando-r-200-de-propina-em-estrada-no-rio.htm, skipping...
[ERROR - 2025-10-24 20:56:20,553 - Worker_2] Status code == 403 for http://noticias.uol.com.br/ultimas-noticias/agencia-estado/2015/05/19/executivo-da-camargo-diz-que-utc-e-odebrecht-tambem-pagaram-propina.htm, skipping...
[ERROR - 2025-10-24 20:56:24,519 - Worker_0] Status code == 403 for http://educacao.uol.com.br/noticias/2015/05/19/nenhuma-mulher-deveria-passar-por-isso-diz-mae-de-aluna-estuprada.htm, skipping...
[ERROR - 2025-10-24 20:56:25,407 - Worker_4] Status code == 403 for http://noticias.uol.com.br/cotidiano/ultimas-noticias/2015/05/19/hospital-de-sp-tera-de-indenizar-familias-em-r-210-mil-por-troca-de-bebes.htm, skipping...
[ERROR - 2025-10-24 20:56:29,690 - Worker_4] Status code == 403 for http://futebolemnumeros.blogosfera.uol.com.br/2015/05/19/daniel-alves-brasileiro-com-mais-titulos-espanhois/, skipping...
[ERROR - 2025-10-24 20:56:33,865 - Worker_4] Status code == 403 for http://economia.uol.com.br/noticias/bloomberg/2015/05/19/memorando-sobre-higiene-pessoal-complica-venda-do-hsbc-no-brasil.htm, skipping...
[ERROR - 2025-10-24 20:56:34,610 - Worker_0] Failed to connect with http://natelinha.ne10.uol.com.br/celebridades/2015/05/18/belo-chama-atencao-na-web-ao-divulgar-foto-bastante-musculoso-88999.php after 3 attempts, skipping...
[ERROR - 2025-10-24 20:56:38,796 - Worker_0] Status code == 403 for http://noticias.uol.com.br/opiniao/coluna/2015/05/19/fortes-indicios-de-abuso-desmantelam-a-imagem-do-carf.htm, skipping...
[ERROR - 2025-10-24 20:56:45,371 - Worker_0] Status code == 403 for http://economia.uol.com.br/noticias/reuters/2015/05/19/embraer-vende-jato-executivo-legacy-500-para-companhia-aerea-do-libano.htm, skipping...
[ERROR - 2025-10-24 20:56:47,658 - Worker_4] Status code == 403 for http://blogdomenon.blogosfera.uol.com.br/2015/05/19/aidar-nao-se-mexe-e-o-ano-vai-se-perdendo/, skipping...
[ERROR - 2025-10-24 20:56:54,144 - Worker_4] Status code == 403 for http://noticias.uol.com.br/midiaglobal/elpais/2015/05/19/escandalo-de-espionagem-ameaca-a-credibilidade-de-merkel.htm, skipping...
[ERROR - 2025-10-24 20:56:58,315 - Worker_4] Status code == 403 for http://noticias.uol.com.br/ultimas-noticias/agencia-estado/2015/05/19/renan-diz-que-senado-votara-indicacao-de-fachin-antes-de-mps.htm, skipping...
[ERROR - 2025-10-24 20:57:00,368 - Worker_0] Failed to connect with http://noticias.carsale.uol.com.br/ultimas/2015/05/18/conheca-as-seis-geracoes-do-chevrolet-camaro-em-20-fotos/ after 3 attempts, skipping...
[ERROR - 2025-10-24 20:57:02,587 - Worker_4] Status code == 403 for http://josiasdesouza.blogosfera.uol.com.br/2015/05/19/deputado-acusa-eduardo-cunha-de-vetar-divulgacao-de-seminario-gay-na-camara/, skipping...
[ERROR - 2025-10-24 20:57:04,537 - Worker_0] Status code == 403 for http://noticias.uol.com.br/internacional/ultimas-noticias/le-monde/2015/05/19/contra-cirurgias-iranianas-fazem-campanha-na-internet-exibindo-nariz-natural.htm, skipping...
[ERROR - 2025-10-24 20:57:08,697 - Worker_0] Status code == 403 for http://noticias.uol.com.br/ultimas-noticias/agencia-estado/2015/05/19/sartori-diz-que-nao-esconde-situacao-do-rs-e-estima-deficit-de-r-54-bi-em-2015.htm, skipping...
[ERROR - 2025-10-24 20:57:25,701 - Worker_1] Status code == 404 for http://esporte.uol.com.br/radicais/ultimas-noticias/2015/05/19/brasileira-mais-jovem-no-everest-agora-sobe-montanhas-para-ajudar-no-nepal.htm, skipping...
[ERROR - 2025-10-24 20:57:36,881 - Worker_3] Status code == 403 for http://nagradedomma.blogosfera.uol.com.br/2015/05/19/por-que-o-ufc-187-e-tao-importante-para-o-ultimate-2/, skipping...
[ERROR - 2025-10-24 20:57:43,943 - Worker_4] Status code == 403 for http://nagradedomma.blogosfera.uol.com.br/2015/05/19/weidman-x-belfort-para-enterrar-o-cliche-do-duelo-de-geracoes/, skipping...
[ERROR - 2025-10-24 20:57:46,564 - Worker_1] Status code == 403 for http://noticias.uol.com.br/ultimas-noticias/agencia-estado/2015/05/19/governo-espera-presenca-de-77-senadores-para-aprovar-fachin-diz-pimentel.htm, skipping...
[ERROR - 2025-10-24 20:57:50,173 - Worker_2] Status code == 403 for http://noticias.uol.com.br/cotidiano/ultimas-noticias/2015/05/19/jornalista-que-mantinha-blog-de-noticias-em-minas-gerais-e-decapitado.htm, skipping...
[ERROR - 2025-10-24 20:57:50,737 - Worker_1] Status code == 403 for http://noticias.uol.com.br/ultimas-noticias/agencia-estado/2015/05/19/justica-condena-sete-da-mafia-das-sanguessugas-por-desvios.htm, skipping...
[ERROR - 2025-10-24 20:57:52,734 - Worker_0] Status code == 403 for http://noticias.uol.com.br/ultimas-noticias/agencia-estado/2015/05/19/alvo-da-lava-jato-collor-se-livra-de-inquerito-por-falsidade-ideologica-no-stf.htm, skipping...
[ERROR - 2025-10-24 20:57:53,061 - Worker_4] Status code == 403 for http://noticias.uol.com.br/ultimas-noticias/bbc/2015/05/19/crianca-de-tres-anos-faz-sucesso-como-dj-na-africa-do-sul.htm, skipping...
[ERROR - 2025-10-24 20:57:57,110 - Worker_0] Status code == 404 for http://revistacult.uol.com.br/home/2015/05/a-vocacao-literaria-de-frei-betto/, skipping...
[ERROR - 2025-10-24 20:58:03,864 - Worker_3] Status code == 403 for http://noticias.uol.com.br/politica/ultimas-noticias/2015/05/20/apos-ameaca-de-prisao-empresario-diz-que-vai-depor-na-cpi-da-petrobras.htm, skipping...
[ERROR - 2025-10-24 20:58:11,311 - Worker_0] Status code == 403 for http://nagradedomma.blogosfera.uol.com.br/2015/05/20/top-5-belfort-esta-na-lista-dos-melhores-chutadores-do-ufc/, skipping...
[ERROR - 2025-10-24 20:58:18,070 - Worker_0] Status code == 403 for http://noticias.uol.com.br/cotidiano/ultimas-noticias/2015/05/20/ministro-do-stf-arquiva-inquerito-contra-marco-feliciano-por-discriminacao.htm, skipping...
[ERROR - 2025-10-24 20:58:22,318 - Worker_0] Status code == 403 for http://blogdoboleiro.blogosfera.uol.com.br/2015/05/20/kevin-prince-boateng-no-flamengo-ele-ate-pediu-e-4-milhoes-por-um-ano/, skipping...
[ERROR - 2025-10-24 20:58:26,720 - Worker_0] Status code == 403 for http://uolesportevetv.blogosfera.uol.com.br/2015/05/20/comentarista-diz-que-deixou-sportv-por-nao-aceitar-pedidos-de-moderacao/, skipping...
[ERROR - 2025-10-24 20:58:30,064 - Worker_2] Status code == 403 for http://educacao.uol.com.br/noticias/2015/05/20/stj-autoriza-corte-de-ponto-de-professores-grevistas-em-sao-paulo.htm, skipping...
[ERROR - 2025-10-24 20:58:30,867 - Worker_0] Status code == 403 for http://educacao.uol.com.br/noticias/agencia-estado/2015/05/20/menina-estuprada-por-3-em-escola-pediu-desculpa-para-a-mae.htm, skipping...
[ERROR - 2025-10-24 20:58:35,133 - Worker_4] Status code == 403 for http://noticias.uol.com.br/opiniao/coluna/2015/05/20/com-crise-nao-e-hora-de-contrair-dividas-nem-comprar-bens-duraveis.htm, skipping...
[ERROR - 2025-10-24 20:58:36,655 - Worker_1] Status code == 403 for http://noticias.uol.com.br/ultimas-noticias/bbc/2015/05/20/em-6-questoes-entenda-como-o-stf-virou-protagonista-no-brasil-na-ultima-decada.htm, skipping...
[ERROR - 2025-10-24 20:58:42,229 - Worker_0] Status code == 403 for http://noticias.uol.com.br/saude/ultimas-noticias/redacao/2015/05/20/bebe-sofre-corte-na-cabeca-durante-parto-em-ilheus-ba.htm, skipping...
[ERROR - 2025-10-24 20:58:42,235 - Worker_2] Status code == 403 for http://noticias.uol.com.br/ciencia/ultimas-noticias/bbc/2015/05/20/cientistas-criam-morfina-caseira-a-partir-da-fabricacao-da-cerveja.htm, skipping...
[ERROR - 2025-10-24 20:58:42,908 - Worker_4] Status code == 404 for http://entretenimento.band.uol.com.br/masterchef/2015/videos/audicoes/15478754/hamburguer-mineiro-com-pure-de-banana-surpreende-jurados.html, skipping...
[ERROR - 2025-10-24 20:58:46,457 - Worker_1] Status code == 403 for http://josecruz.blogosfera.uol.com.br/2015/05/orcamento-do-esporte-podera-perder-r-400-milhoes/, skipping...
[ERROR - 2025-10-24 20:58:49,016 - Worker_0] Status code == 403 for http://noticias.uol.com.br/ultimas-noticias/ansa/2015/05/20/freira-argentina-ativista-irrita-o-vaticano.htm, skipping...
[ERROR - 2025-10-24 20:58:51,764 - Worker_2] Status code == 403 for http://noticias.uol.com.br/saude/ultimas-noticias/redacao/2015/05/20/bebe-sofia-deve-ir-para-casa-nas-proximas-semanas.htm, skipping...
[ERROR - 2025-10-24 20:58:56,414 - Worker_2] Status code == 403 for http://uolesporte.blogosfera.uol.com.br/2015/05/20/loira-fotografada-com-neymar-e-blogueira-de-moda-gaucha/, skipping...
[ERROR - 2025-10-24 20:58:58,259 - Worker_0] Status code == 403 for http://blogdoico.blogosfera.uol.com.br/2015/05/20/espaco-ganho-na-mercedes-por-hamilton-vale-mais-que-contrato-milionario/, skipping...
[ERROR - 2025-10-24 20:59:02,323 - Worker_1] Status code == 403 for http://noticias.uol.com.br/politica/ultimas-noticias/2015/05/20/cpi-vai-pedir-a-exumacao-do-corpo-de-janene-morto-em-2010.htm, skipping...
[ERROR - 2025-10-24 20:59:04,965 - Worker_0] Status code == 403 for http://noticias.uol.com.br/ultimas-noticias/afp/2015/05/20/eua-estao-dispostos-a-receber-parte-dos-migrantes-a-deriva-na-asia.htm, skipping...
[ERROR - 2025-10-24 20:59:05,128 - Worker_2] Status code == 403 for http://noticias.uol.com.br/ultimas-noticias/agencia-estado/2015/05/20/assassinato-de-medico-na-lagoa-teria-ocorrido-em-troca-de-turno-de-policiais.htm, skipping...
[ERROR - 2025-10-24 20:59:06,658 - Worker_1] Status code == 403 for http://blogdomariomagalhaes.blogosfera.uol.com.br/2015/05/20/se-vale-o-programa-na-tv-o-psdb-aposta-em-2018-e-nao-no-impeachment/, skipping...
[ERROR - 2025-10-24 20:59:09,220 - Worker_0] Status code == 403 for http://pvc.blogosfera.uol.com.br/2015/05/20/juan-carlos-osorio-pode-aceitar-sao-paulo-mas-cruz-azul-paga-mais-caro/, skipping...
[ERROR - 2025-10-24 20:59:13,410 - Worker_1] Status code == 403 for http://noticias.uol.com.br/ultimas-noticias/agencia-estado/2015/05/20/avancini-diz-que-se-arrepende-de-ter-participado-do-esquema-na-petrobras.htm, skipping...
[ERROR - 2025-10-24 20:59:14,925 - Worker_2] Status code == 403 for http://blogdosakamoto.blogosfera.uol.com.br/2015/05/20/o-stalker-ideologico-e-o-iminente-golpe-comunista-no-brasil/, skipping...
[ERROR - 2025-10-24 20:59:20,335 - Worker_1] Status code == 403 for http://fernandorodrigues.blogosfera.uol.com.br/2015/05/20/incomodado-levy-quer-evitar-imagem-de-resolvedor-geral-no-governo/, skipping...
[ERROR - 2025-10-24 20:59:24,248 - Worker_2] Status code == 403 for http://noticias.uol.com.br/cotidiano/ultimas-noticias/2015/05/20/mulher-morre-soterrada-apos-deslizamento-em-salvador-ja-sao-21-mortos.htm, skipping...
[ERROR - 2025-10-24 20:59:41,256 - Worker_4] Failed to connect with http://esporte.uol.com.br/futebol/ultimas-noticias/2015/05/20/juventus-conquista-copa-da-italia-na-prorrogacao-e-sonha-com-triplice-coroa.htm after 3 attempts, skipping...
[ERROR - 2025-10-24 20:59:47,022 - Worker_0] Status code == 403 for http://noticias.uol.com.br/cotidiano/ultimas-noticias/2015/05/21/ex-catadora-que-devolveu-dinheiro-de-hospital-achado-no-lixo-vira-modelo.htm, skipping...
[ERROR - 2025-10-24 20:59:50,648 - Worker_4] Status code == 403 for http://noticias.uol.com.br/politica/ultimas-noticias/2015/05/21/justica-do-ma-afasta-do-cargo-e-determina-que-deputado-devolva-r-115-mi.htm, skipping...
[ERROR - 2025-10-24 20:59:53,515 - Worker_0] Status code == 403 for http://noticias.uol.com.br/internacional/ultimas-noticias/2015/05/21/conheca-13-coisas-que-voce-faz-todo-dia-e-sao-ilegais-na-coreia-do-norte.htm, skipping...
[ERROR - 2025-10-24 21:00:05,297 - Worker_0] Status code == 403 for http://companhiadeviagem.blogosfera.uol.com.br/2015/05/20/conheca-os-hoteis-mais-excentricos-da-patagonia-chilena/, skipping...
[ERROR - 2025-10-24 21:00:05,447 - Worker_3] Status code == 403 for http://noticias.uol.com.br/ultimas-noticias/agencia-estado/2015/05/21/stf-veta-nova-sabatina-para-ministros-que-quiserem-se-aposentar-aos-75-anos.htm, skipping...
[ERROR - 2025-10-24 21:00:09,509 - Worker_0] Status code == 403 for http://noticias.uol.com.br/album/album-do-dia/2015/05/21/imagens-do-dia---21-de-maio-de-2015.htm?abrefoto=46, skipping...
[ERROR - 2025-10-24 21:00:09,606 - Worker_3] Status code == 403 for http://noticias.uol.com.br/cotidiano/ultimas-noticias/2015/05/21/paciente-com-cancer-terminal-realiza-o-sonho-de-se-casar-em-mg.htm, skipping...
[ERROR - 2025-10-24 21:00:13,680 - Worker_0] Status code == 403 for http://noticias.uol.com.br/midiaglobal/nytimes/2015/05/21/de-longe-snowden-ve-algumas-vitorias.htm, skipping...
[ERROR - 2025-10-24 21:00:14,072 - Worker_3] Status code == 403 for http://uolesporte.blogosfera.uol.com.br/2015/05/21/neymar-vai-usar-chuteira-de-cano-alto-veja-fotos/, skipping...
[ERROR - 2025-10-24 21:00:17,852 - Worker_0] Status code == 403 for http://noticias.uol.com.br/cotidiano/ultimas-noticias/2015/05/21/apos-assalto-asilo-de-sp-faz-campanha-para-arrecadar-doacoes.htm, skipping...
[ERROR - 2025-10-24 21:00:18,239 - Worker_3] Status code == 403 for http://noticias.uol.com.br/opiniao/coluna/2015/05/21/crise-constrange-itamaraty-diante-de-autoridades-estrangeiras.htm, skipping...
[ERROR - 2025-10-24 21:00:22,091 - Worker_0] Status code == 403 for http://noticias.uol.com.br/ultimas-noticias/bbc/2015/05/21/corpo-de-montanhista-desaparecido-apos-avalanche-e-identificado-42-anos-depois.htm, skipping...
[ERROR - 2025-10-24 21:00:33,174 - Worker_1] Status code == 403 for http://educacao.uol.com.br/noticias/2015/05/21/docentes-de-universidades-federais-do-rio-aprovam-greve-para-semana-que-vem.htm, skipping...
[ERROR - 2025-10-24 21:00:40,755 - Worker_2] Status code == 403 for http://noticias.uol.com.br/saude/ultimas-noticias/estado/2015/05/21/capital-paulista-registra-mais-cinco-mortes-por-dengue.htm, skipping...
[ERROR - 2025-10-24 21:00:44,910 - Worker_2] Status code == 403 for http://educacao.uol.com.br/noticias/2015/05/21/por-causa-da-greve-professor-do-pr-da-aulas-pelo-facebook.htm, skipping...
[ERROR - 2025-10-24 21:00:49,356 - Worker_2] Status code == 403 for http://noticias.uol.com.br/saude/ultimas-noticias/redacao/2015/05/21/governo-atrasa-entrega-de-remedio-e-mae-fica-endividada.htm, skipping...
[ERROR - 2025-10-24 21:00:52,255 - Worker_4] Status code == 403 for http://futebolemnumeros.blogosfera.uol.com.br/2015/05/21/clubes-do-rio-sao-os-que-mais-trocam-de-tecnicos-no-seculo/, skipping...
[ERROR - 2025-10-24 21:00:56,679 - Worker_4] Status code == 404 for http://futebol.placar.esporte.uol.com.br/futebol/libertadores/2015/05/21/guarani-par-x-racing-club.htm, skipping...
[ERROR - 2025-10-24 21:00:57,396 - Worker_2] Status code == 404 for http://esporte.uol.com.br/mma/ultimas-noticias/2015/05/21/belfort-e-weidman-fazem-encarada-tensa-a-2-dias-da-luta-pelo-titulo-do-ufc.htm, skipping...
[ERROR - 2025-10-24 21:00:58,867 - Worker_1] Status code == 403 for http://fernandorodrigues.blogosfera.uol.com.br/2015/05/21/ha-um-complo-do-pt-para-desviar-foco-da-lava-jato-diz-tucano-beto-richa/, skipping...
[ERROR - 2025-10-24 21:01:05,421 - Worker_1] Status code == 403 for http://blogdomenon.blogosfera.uol.com.br/2015/05/21/osorio-e-otima-aposta-do-sao-paulo/, skipping...
[ERROR - 2025-10-24 21:01:10,636 - Worker_4] Status code == 403 for http://economia.uol.com.br/noticias/bloomberg/2015/05/21/magnata-chines-acaba-de-perder-uma-fortuna-mas-nao-se-importa-com-isso.htm, skipping...
[ERROR - 2025-10-24 21:01:11,824 - Worker_2] Status code == 403 for http://uolesporte.blogosfera.uol.com.br/2015/05/20/loira-fotografada-com-neymar-e-blogueira-de-moda-gaucha/, skipping...
[ERROR - 2025-10-24 21:01:15,998 - Worker_2] Status code == 403 for http://noticias.uol.com.br/album/album-do-dia/2015/05/21/imagens-do-dia---21-de-maio-de-2015.htm?abrefoto=45, skipping...
[ERROR - 2025-10-24 21:01:31,118 - Worker_3] Status code == 403 for http://rodrigomattos.blogosfera.uol.com.br/2015/05/21/odebrecht-ve-acerto-do-maracana-por-dias-mas-tera-de-lidar-com-fla/, skipping...
[ERROR - 2025-10-24 21:01:52,888 - Worker_0] Status code == 403 for http://andreoli.blogosfera.uol.com.br/2015/05/21/cena-inusitada-em-roland-garros/, skipping...
[ERROR - 2025-10-24 21:02:07,044 - Worker_3] Failed to connect with http://procurasecachorro.uol.com.br/blog/2015/05/21/enfermeira-que-espancou-yorkshire-ate-a-morte-e-condenada/ after 3 attempts, skipping...
[ERROR - 2025-10-24 21:02:15,067 - Worker_1] Status code == 403 for http://nagradedomma.blogosfera.uol.com.br/2015/05/21/johnson-ou-cormier-ufc-saira-vitorioso-de-qualquer-jeito-com-novo-campeao/, skipping...
[ERROR - 2025-10-24 21:02:26,625 - Worker_1] Status code == 403 for http://blogdoico.blogosfera.uol.com.br/2015/05/22/o-fenomeno-max-verstappen-vai-mostrando-seu-potencial/, skipping...
[ERROR - 2025-10-24 21:02:33,787 - Worker_3] Failed to connect with http://natelinha.ne10.uol.com.br/noticias/2015/05/22/ratinho-comemora-lideranca-e-revive-danca-do-primeiro-lugar-veja-video-89126.php after 3 attempts, skipping...
[ERROR - 2025-10-24 21:02:37,989 - Worker_3] Status code == 403 for http://noticias.uol.com.br/ultimas-noticias/agencia-estado/2015/05/22/fotografo-vitima-de-assalto-em-abril-reconhece-menor-suspeito-de-matar-medico.htm, skipping...
[ERROR - 2025-10-24 21:02:46,487 - Worker_0] Status code == 403 for http://educacao.uol.com.br/noticias/2015/05/22/docentes-da-rede-estadual-de-sp-mantem-greve-de-mais-de-70-dias.htm, skipping...
[ERROR - 2025-10-24 21:02:52,010 - Worker_3] Status code == 403 for http://blogdoperrone.blogosfera.uol.com.br/2015/05/aidar-agora-manda-mais-no-futebol-veja-o-que-muda-no-sao-paulo/, skipping...
[ERROR - 2025-10-24 21:03:34,712 - Worker_2] Status code == 500 for http://noticias.uol.com.br/midiaglobal/lemonde/2015/05/22/ministra-do-meio-ambiente-sai-em-socorro-das-abelhas-na-franca.htm, skipping...
[ERROR - 2025-10-24 21:03:39,624 - Worker_0] Status code == 403 for http://nagradedomma.blogosfera.uol.com.br/2015/05/22/ufc-lanca-mais-cara-e-ambiciosa-campanha-de-marketing-para-aldo-x-conor/, skipping...
[ERROR - 2025-10-24 21:03:40,680 - Worker_3] Status code == 403 for http://radiouol.blogosfera.uol.com.br/2015/05/22/relembre-os-maiores-escandalos-vexames-e-polemicas-das-boy-bands/, skipping...
[ERROR - 2025-10-24 21:03:56,869 - Worker_3] Status code == 403 for http://educacao.uol.com.br/noticias/agencia-estado/2015/05/22/em-plano-estadual-de-educacao-sp-propoe-alfabetizacao-ate-o-2-ano.htm, skipping...
[ERROR - 2025-10-24 21:04:04,462 - Worker_1] Status code == 403 for http://blogdoboleiro.blogosfera.uol.com.br/2015/05/22/de-olho-em-guerrero-palmeiras-garante-que-nao-assediou-jogador/, skipping...
[ERROR - 2025-10-24 21:04:13,897 - Worker_2] Status code == 403 for http://educacao.uol.com.br/noticias/2015/05/22/aluno-da-ufma-e-condenado-a-pagar-r-7-mil-a-professor-vitima-de-homofobia.htm, skipping...
[ERROR - 2025-10-24 21:04:15,965 - Worker_0] Status code == 403 for http://fernandorodrigues.blogosfera.uol.com.br/2015/05/22/joaquim-levy-se-desentende-com-nelson-barbosa/, skipping...
[ERROR - 2025-10-24 21:04:28,441 - Worker_0] Status code == 404 for http://entretenimento.band.uol.com.br/masterchef/2015/noticias/100000752524/filha-de-oscar-maroni-diz-que-pai-abandonou-menage-para-assisti-la.html, skipping...
[ERROR - 2025-10-24 21:04:28,597 - Worker_4] Status code == 403 for http://noticias.uol.com.br/ultimas-noticias/afp/2015/05/22/homem-ajuda-mulher-a-estacionar-e-morre-atropelado-na-argentina.htm, skipping...
[ERROR - 2025-10-24 21:04:29,602 - Worker_3] Status code == 403 for http://noticias.uol.com.br/saude/ultimas-noticias/redacao/2015/05/22/aedes-aegypt-pode-transmitir-diferentes-virus-inclusive-febre-amarela.htm, skipping...
[ERROR - 2025-10-24 21:04:32,858 - Worker_4] Status code == 403 for http://fernandorodrigues.blogosfera.uol.com.br/2015/05/21/ha-um-complo-do-pt-para-desviar-foco-da-lava-jato-diz-tucano-beto-richa/, skipping...
[ERROR - 2025-10-24 21:04:36,312 - Worker_3] Status code == 403 for http://noticias.uol.com.br/saude/ultimas-noticias/redacao/2015/05/22/boneco-ajuda-medicos-a-treinar-exame-de-toque-e-ele-fala.htm, skipping...
[ERROR - 2025-10-24 21:04:37,132 - Worker_4] Status code == 403 for http://rodrigomattos.blogosfera.uol.com.br/2015/05/23/corinthians-tem-situacao-financeira-pior-do-que-na-gestao-dualib/, skipping...
[ERROR - 2025-10-24 21:04:40,466 - Worker_3] Status code == 403 for http://educacao.uol.com.br/noticias/2015/05/22/biblioteca-a-beira-mar-oferece-leitura-gratuita-na-praia-da-pipa-rn.htm, skipping...
[ERROR - 2025-10-24 21:04:44,691 - Worker_3] Status code == 403 for http://saqueevoleio.blogosfera.uol.com.br/2015/05/23/como-bellucci-faz-sua-mare-mudar/, skipping...
[ERROR - 2025-10-24 21:04:49,528 - Worker_4] Failed to connect with http://flaviogomes.grandepremio.uol.com.br/2015/05/miraboas-3/ after 3 attempts, skipping...
[ERROR - 2025-10-24 21:04:52,938 - Worker_2] Status code == 403 for http://noticias.uol.com.br/ultimas-noticias/agencia-estado/2015/05/23/petistas-reclamam-de-plano-levy-em-congresso-do-partido-em-sp.htm, skipping...
[ERROR - 2025-10-24 21:04:53,817 - Worker_4] Status code == 403 for http://josecruz.blogosfera.uol.com.br/2015/05/o-legado-olimpico-de-2016-na-visao-de-um-especialista/, skipping...
[ERROR - 2025-10-24 21:04:55,695 - Worker_3] Status code == 403 for http://noticias.uol.com.br/album/album-do-dia/2015/05/23/imagens-do-dia---23-de-maio-de-2015.htm?abrefoto=40, skipping...
[ERROR - 2025-10-24 21:05:08,027 - Worker_3] Status code == 403 for http://noticias.uol.com.br/midiaglobal/nytimes/2015/05/24/parque-serve-de-refugio-verde-para-novaiorquinos-descontentes.htm, skipping...
[ERROR - 2025-10-24 21:05:12,250 - Worker_3] Status code == 403 for http://noticias.uol.com.br/internacional/ultimas-noticias/the-new-york-times/2015/05/24/maconha-em-pirulitos-e-marshmallows-vira-novo-desafio-para-policia-dos-eua.htm, skipping...
[ERROR - 2025-10-24 21:05:13,778 - Worker_2] Status code == 403 for http://colunaesplanada.blogosfera.uol.com.br/2015/05/24/sem-cortes-fazenda-vai-pagar-r-14-milhao-de-aluguel-para-procuradoria/, skipping...
[ERROR - 2025-10-24 21:05:16,508 - Worker_3] Status code == 403 for http://petmoney.blogosfera.uol.com.br/2015/05/21/empresa-japonesa-cria-blusa-com-bolso-de-canguru-para-guardar-gato-ou-cao/, skipping...
[ERROR - 2025-10-24 21:05:20,281 - Worker_2] Status code == 403 for http://noticias.uol.com.br/cotidiano/ultimas-noticias/2015/05/22/maioridade-penal-ha-diferenca-entre-adolescentes-de-16-17-e-18-anos.htm, skipping...
[ERROR - 2025-10-24 21:05:21,524 - Worker_4] Status code == 403 for http://nagradedomma.blogosfera.uol.com.br/2015/05/24/anderson-publica-video-de-treino-e-jacare-critica-jiu-jitsu-de-belfort/, skipping...
[ERROR - 2025-10-24 21:05:24,572 - Worker_2] Status code == 502 for http://noticias.band.uol.com.br/brasilurgente/video/2015/05/23/15482940/balao-pega-fogo-no-ceu-de-sao-paulo.html, skipping...
[ERROR - 2025-10-24 21:05:28,990 - Worker_2] Status code == 403 for http://noticias.uol.com.br/ultimas-noticias/efe/2015/05/24/colegios-eleitorais-abrem-para-pleito-municipal-e-regional-na-espanha.htm, skipping...
[ERROR - 2025-10-24 21:05:29,981 - Worker_3] Status code == 403 for http://noticias.uol.com.br/ultimas-noticias/agencia-estado/2015/05/23/menino-morre-atropelado-apos-salvar-irma-em-piracicaba-sp.htm, skipping...
[ERROR - 2025-10-24 21:05:38,194 - Worker_2] Status code == 403 for http://noticias.uol.com.br/ultimas-noticias/bbc/2015/05/22/fotografo-transforma-soldados-em-brinquedos-no-deserto.htm, skipping...
[ERROR - 2025-10-24 21:05:40,987 - Worker_4] Status code == 403 for http://mauriciostycer.blogosfera.uol.com.br/2015/05/23/com-fotos-e-video-filhas-reforcam-a-mitologia-sobre-silvio-santos/, skipping...
[ERROR - 2025-10-24 21:05:43,983 - Worker_3] Status code == 403 for http://fernandorodrigues.blogosfera.uol.com.br/2015/05/21/ha-um-complo-do-pt-para-desviar-foco-da-lava-jato-diz-tucano-beto-richa/, skipping...
[ERROR - 2025-10-24 21:05:48,188 - Worker_3] Status code == 502 for http://www1.folha.uol.com.br/ilustrada/2015/05/1633059-morre-o-escritor-historiador-e-politico-colombiano-otto-morales-benitez.shtml, skipping...
[ERROR - 2025-10-24 21:05:52,928 - Worker_4] Status code == 502 for http://www1.folha.uol.com.br/colunas/helioschwartsman/2015/05/1632922-reacao-irracional.shtml, skipping...
[ERROR - 2025-10-24 21:05:54,733 - Worker_3] Status code == 403 for http://saqueevoleio.blogosfera.uol.com.br/2015/05/23/como-bellucci-faz-sua-mare-mudar/, skipping...
[ERROR - 2025-10-24 21:06:03,420 - Worker_3] Status code == 403 for http://noticias.uol.com.br/ultimas-noticias/agencia-estado/2015/05/24/crise-afeta-usp-e-curso-precisa-de-docente-emprestado.htm, skipping...
[ERROR - 2025-10-24 21:06:08,235 - Worker_3] Status code == 403 for http://cornetafc.blogosfera.uol.com.br/2015/05/24/internautas-zoam-belfort-e-lembram-alemanha-todo-dia-um-7-a-1-diferente/, skipping...
[ERROR - 2025-10-24 21:06:17,290 - Worker_2] Status code == 404 for http://esporte.band.uol.com.br/velocidade/formula-indy/2015/aovivo/, skipping...
[ERROR - 2025-10-24 21:06:21,942 - Worker_2] Status code == 404 for http://esporte.uol.com.br/f1/ultimas-noticias/2015/05/24/gp-de-monaco-de-formula-1.htm, skipping...
[ERROR - 2025-10-24 21:06:50,457 - Worker_0] Status code == 404 for http://esporte.uol.com.br/f1/ultimas-noticias/2015/05/24/mclaren-sai-da-fila-e-pontua-pela-1-vez-mas-inferno-de-alonso-continua.htm, skipping...
[ERROR - 2025-10-24 21:06:59,031 - Worker_0] Status code == 403 for http://nagradedomma.blogosfera.uol.com.br/2015/05/24/belfort-evita-usar-lesao-como-desculpa-e-admite-erros-em-seu-jogo/, skipping...
[ERROR - 2025-10-24 21:07:03,374 - Worker_0] Status code == 403 for http://abiliodiniz.blogosfera.uol.com.br/2015/05/24/sera-que-o-problema-e-o-tecnico/, skipping...
[ERROR - 2025-10-24 21:07:11,650 - Worker_4] Failed to connect with http://natelinha.ne10.uol.com.br/resumos/2015/05/24/malhacao-joaquina-ataca-de-livia-marini-e-saca-seringa-da-bolsa-89180.php after 3 attempts, skipping...
[ERROR - 2025-10-24 21:07:12,997 - Worker_2] Status code == 403 for http://blogdosakamoto.blogosfera.uol.com.br/2015/05/23/se-o-referendo-da-irlanda-fosse-no-brasil-o-resultado-provocaria-vergonha/, skipping...
[ERROR - 2025-10-24 21:07:17,501 - Worker_2] Status code == 403 for http://radiouol.blogosfera.uol.com.br/2015/05/22/listamos-musicas-da-epoca-para-cada-estilo-dos-anos-90-que-voltou-a-moda/, skipping...
[ERROR - 2025-10-24 21:07:18,356 - Worker_4] Status code == 403 for http://blogdoperrone.blogosfera.uol.com.br/2015/05/gasto-com-cristian-daria-para-corinthians-segurar-guerrero/, skipping...
[ERROR - 2025-10-24 21:07:26,222 - Worker_1] Status code == 403 for http://rodrigomattos.blogosfera.uol.com.br/2015/05/24/governo-e-prefeitura-batem-cabeca-e-atrasam-legado-do-parque-olimpico/, skipping...
[ERROR - 2025-10-24 21:07:29,917 - Worker_2] Status code == 403 for http://noticias.uol.com.br/album/album-do-dia/2015/05/24/imagens-do-dia---24-de-maio-de-2015.htm?abrefoto=34, skipping...
[ERROR - 2025-10-24 21:07:30,506 - Worker_1] Status code == 403 for http://fernandorodrigues.blogosfera.uol.com.br/2015/05/21/ha-um-complo-do-pt-para-desviar-foco-da-lava-jato-diz-tucano-beto-richa/, skipping...
[ERROR - 2025-10-24 21:07:37,959 - Worker_1] Status code == 403 for http://josiasdesouza.blogosfera.uol.com.br/2015/05/24/cunha-quer-criminalizar-porte-de-armas-brancas/, skipping...
[ERROR - 2025-10-24 21:07:44,777 - Worker_3] Failed to connect with http://esporte.uol.com.br/f1/ultimas-noticias/2015/05/24/apos-toque-na-primeira-volta-massa-tem-pior-corrida-desde-julho.htm after 3 attempts, skipping...
[ERROR - 2025-10-24 21:08:02,346 - Worker_4] Status code == 403 for http://nagradedomma.blogosfera.uol.com.br/2015/05/24/a-queda-e-o-castigo-assista-a-como-weidman-derrotou-belfort-no-ufc-187/, skipping...
[ERROR - 2025-10-24 21:08:13,260 - Worker_0] Status code == 403 for http://educacao.uol.com.br/colunas/guilherme-cabral/2015/05/25/a-escola-e-a-violencia-alem-do-olho-por-olho-dente-por-dente.htm, skipping...
[ERROR - 2025-10-24 21:08:31,222 - Worker_0] Status code == 403 for http://pvc.blogosfera.uol.com.br/2015/05/25/eduardo-bandeira-reforcos-nao-mudam-politica-de-responsabilidade/, skipping...
[ERROR - 2025-10-24 21:08:41,232 - Worker_0] Status code == 403 for http://educacao.uol.com.br/noticias/2015/05/25/estudantes-relatam-problemas-para-fazer-inscricao-do-enem-2015.htm, skipping...
[ERROR - 2025-10-24 21:08:41,925 - Worker_1] Status code == 403 for http://educacao.uol.com.br/noticias/2015/05/25/enem-2015-registra-410-mil-candidatos-inscritos-em-9-horas.htm, skipping...
[ERROR - 2025-10-24 21:08:47,966 - Worker_0] Status code == 403 for http://mauriciostycer.blogosfera.uol.com.br/2015/05/25/detetive-ve-tv-i-love-paraisopolis-esquece-fundo-falso-e-mostra-estudio/, skipping...
[ERROR - 2025-10-24 21:08:53,973 - Worker_4] Status code == 403 for http://noticias.uol.com.br/cotidiano/ultimas-noticias/2015/05/25/fracassam-tentativas-de-acordo-para-evitar-greves-no-metro-de-sp-e-na-cptm.htm, skipping...
[ERROR - 2025-10-24 21:08:54,158 - Worker_1] Status code == 403 for http://noticias.uol.com.br/cotidiano/ultimas-noticias/2015/05/25/populacao-aguarda-energia-eletrica-ha-meio-seculo-no-piaui.htm, skipping...
[ERROR - 2025-10-24 21:08:58,324 - Worker_1] Status code == 403 for http://noticias.uol.com.br/politica/ultimas-noticias/2015/05/25/juristas-e-professores-protocolam-pedido-de-impeachment-de-beto-richa.htm, skipping...
[ERROR - 2025-10-24 21:09:00,507 - Worker_4] Status code == 403 for http://noticias.uol.com.br/saude/ultimas-noticias/redacao/2015/05/25/nao-adianta-apontar-culpados-para-a-dengue-afirma-david-uip-no-roda-viva.htm, skipping...
[ERROR - 2025-10-24 21:09:04,170 - Worker_3] Status code == 403 for http://noticias.uol.com.br/ultimas-noticias/agencia-estado/2015/05/25/adolescente-suspeito-de-matar-medico-na-lagoa-e-internado-provisoriamente.htm, skipping...
[ERROR - 2025-10-24 21:09:13,817 - Worker_1] Status code == 403 for http://noticias.uol.com.br/ultimas-noticias/agencia-estado/2015/05/25/vaccari-diz-que-r-583-mil-na-conta-da-mulher-teve-origem-em-seus-salarios.htm, skipping...
[ERROR - 2025-10-24 21:09:17,299 - Worker_4] Status code == 403 for http://noticias.uol.com.br/ultimas-noticias/agencia-estado/2015/05/25/pt-quer-novas-taxas-sobre-lucro-e-fortuna.htm, skipping...
[ERROR - 2025-10-24 21:09:18,069 - Worker_1] Status code == 403 for http://futebolemnumeros.blogosfera.uol.com.br/2015/05/25/alemanha-tem-maior-media-de-publico-na-europa/, skipping...
[ERROR - 2025-10-24 21:09:22,254 - Worker_1] Status code == 403 for http://noticias.uol.com.br/ultimas-noticias/agencia-estado/2015/05/25/repasse-de-verbas-da-uniao-a-municipios-e-tema-da-marcha-de-prefeitos-em-brasilia.htm, skipping...
[ERROR - 2025-10-24 21:09:26,422 - Worker_1] Status code == 403 for http://noticias.uol.com.br/cotidiano/ultimas-noticias/2015/05/25/porca-divide-apartamento-em-itu-sp-com-gatos-e-ganha-ate-protetor-solar.htm, skipping...
[ERROR - 2025-10-24 21:09:26,893 - Worker_0] Status code == 403 for http://educacao.uol.com.br/noticias/2015/05/25/ministerio-da-educacao-desvincula-74-instituicoes-do-prouni.htm, skipping...
[ERROR - 2025-10-24 21:09:32,148 - Worker_4] Status code == 403 for http://blogdomenon.blogosfera.uol.com.br/2015/05/25/luxemburgo-felipao-e-muricy-a-queda-dos-gigantes/, skipping...
[ERROR - 2025-10-24 21:09:36,400 - Worker_0] Status code == 403 for http://noticias.uol.com.br/album/2015/05/25/fa-de-star-trek-constroi-predio-com-formato-da-nave-enterprise.htm?abrefoto=1, skipping...
[ERROR - 2025-10-24 21:09:40,594 - Worker_0] Status code == 403 for http://noticias.uol.com.br/politica/ultimas-noticias/2015/05/25/reforma-politica-deve-ser-votada-diretamente-no-plenario-da-camara.htm, skipping...
[ERROR - 2025-10-24 21:09:48,272 - Worker_1] Status code == 403 for http://educacao.uol.com.br/noticias/2015/05/25/mec-pagou-bolsa-do-prouni-a-mortos-e-a-alunos-de-alta-renda--diz-auditoria.htm, skipping...
[ERROR - 2025-10-24 21:09:52,071 - Worker_3] Status code == 403 for http://noticias.uol.com.br/internacional/ultimas-noticias/2015/05/25/apos-mais-de-quatro-decadas-mae-e-filho-se-reencontram-no-chile.htm, skipping...
[ERROR - 2025-10-24 21:09:52,452 - Worker_1] Status code == 403 for http://noticias.uol.com.br/ultimas-noticias/agencia-estado/2015/05/25/corte-no-orcamento-nao-comprometera-programas-diz-ministro-da-saude.htm, skipping...
[ERROR - 2025-10-24 21:09:53,073 - Worker_0] Failed to connect with http://natelinha.ne10.uol.com.br/noticias/2015/05/25/melhor-pra-voce-estreia-com-grande-cenario-selinho-e-gafe-de-reporter-89215.php after 3 attempts, skipping...
[ERROR - 2025-10-24 21:09:56,771 - Worker_3] Status code == 403 for http://pvc.blogosfera.uol.com.br/2015/05/25/luxemburgo-lamenta-e-diz-ter-sido-correto-com-o-flamengo-entenda-a-queda/, skipping...
[ERROR - 2025-10-24 21:09:57,234 - Worker_0] Status code == 403 for http://noticias.uol.com.br/internacional/ultimas-noticias/2015/05/25/o-que-o-brasil-pode-copiar-e-nao-deve-imitar-da-seca-california.htm, skipping...
[ERROR - 2025-10-24 21:10:01,010 - Worker_3] Status code == 403 for http://fernandorodrigues.blogosfera.uol.com.br/2015/05/26/entenda-o-que-e-esse-tal-de-distritao-156/, skipping...
[ERROR - 2025-10-24 21:10:07,291 - Worker_0] Failed to connect with http://natelinha.ne10.uol.com.br/novelas/2015/05/26/vinicius-encontra-luis-de-cueca-na-cama-de-regina-saiba-como-sera-a-cena-89259.php after 3 attempts, skipping...
[ERROR - 2025-10-24 21:10:07,759 - Worker_3] Status code == 403 for http://educacao.uol.com.br/noticias/agencia-estado/2015/05/26/maior-parte-da-usp-decide-usar-enem-como-alternativa-a-fuvest.htm, skipping...
[ERROR - 2025-10-24 21:10:16,639 - Worker_3] Status code == 403 for http://uolesporte.blogosfera.uol.com.br/2015/05/26/cara-de-mau-nao-weidman-queria-ir-ao-banheiro-antes-de-enfrentar-belfort/, skipping...
[ERROR - 2025-10-24 21:10:28,998 - Worker_2] Failed to connect with http://blogjp.jovempan.uol.com.br/nilsoncesar/2015/05/corinthians-sofrera-grandes-mudancas-projeto-economia-em-acao/ after 3 attempts, skipping...
[ERROR - 2025-10-24 21:10:39,614 - Worker_4] Status code == 403 for http://noticias.uol.com.br/ultimas-noticias/agencia-estado/2015/05/26/homem-devera-pagar-pensao-vitalicia-por-infectar-ex-namorada-com-hiv.htm, skipping...
[ERROR - 2025-10-24 21:11:25,797 - Worker_3] Status code == 403 for http://blogdosakamoto.blogosfera.uol.com.br/2015/05/26/nesta-noite-sonhei-que-eduardo-cunha-sequestrava-meu-busao/, skipping...
[ERROR - 2025-10-24 21:11:27,154 - Worker_0] Status code == 403 for http://blogdomariomagalhaes.blogosfera.uol.com.br/2015/05/26/fla-e-erro-comparar-demissao-de-vanderlei-luxemburgo-a-de-jayme-de-almeida/, skipping...
[ERROR - 2025-10-24 21:11:43,714 - Worker_2] Status code == 403 for http://rodrigomattos.blogosfera.uol.com.br/2015/05/26/so-pode-reclamar-com-juizes-por-10-segundos-diz-diretor-da-cbf/, skipping...
[ERROR - 2025-10-24 21:11:49,396 - Worker_1] Status code == 403 for http://blogdoperrone.blogosfera.uol.com.br/2015/05/esperanca-do-corinthians-e-vender-elias-para-exterior-apos-copa-america/, skipping...
[ERROR - 2025-10-24 21:11:55,935 - Worker_3] Status code == 403 for http://educacao.uol.com.br/noticias/agencia-estado/2015/05/26/a-partir-de-2016-inscricao-no-fies-dependera-exclusivamente-do-enem.htm, skipping...
[ERROR - 2025-10-24 21:12:02,513 - Worker_0] Status code == 403 for http://educacao.uol.com.br/noticias/2015/05/26/pronatec-e-ciencia-sem-fronteiras-sofrerao-cortes-este-ano-diz-mec.htm, skipping...
[ERROR - 2025-10-24 21:12:06,693 - Worker_0] Status code == 403 for http://noticias.uol.com.br/politica/ultimas-noticias/2015/05/26/juiz-moro-condena-cervero-a-cinco-anos-de-prisao-em-acao-da-lava-jato.htm, skipping...
[ERROR - 2025-10-24 21:12:15,714 - Worker_3] Status code == 403 for http://noticias.uol.com.br/ultimas-noticias/bbc/2015/05/26/jurista-do-psdb-diz-que-estrategia-mudou-mas-fim-e-o-mesmo-tirar-dilma.htm, skipping...
[ERROR - 2025-10-24 21:12:23,115 - Worker_1] Status code == 403 for http://economia.uol.com.br/noticias/redacao/2015/05/27/senado-aprova-mudanca-no-fator-previdenciario-e-na-pensao-por-morte.htm, skipping...
[ERROR - 2025-10-24 21:12:27,608 - Worker_1] Status code == 403 for http://uolesporte.blogosfera.uol.com.br/2015/05/27/foto-de-suposta-nova-camisa-do-palmeiras-circula-na-internet/, skipping...
[ERROR - 2025-10-24 21:12:32,053 - Worker_1] Status code == 403 for http://paginacinco.blogosfera.uol.com.br/2015/05/27/em-lancamentos-sherlock-holmes-vai-ao-japao-e-jack-o-estripador-aos-eua/, skipping...
[ERROR - 2025-10-24 21:12:41,521 - Worker_1] Status code == 403 for http://noticias.uol.com.br/ultimas-noticias/afp/2015/05/27/menina-de-11-anos-estuprada-e-vendida-na-espanha-e-resgatada.htm, skipping...
[ERROR - 2025-10-24 21:12:42,237 - Worker_0] Status code == 403 for http://josiasdesouza.blogosfera.uol.com.br/2015/05/27/oposicao-entregou-a-vitoria-a-dilma-no-senado/, skipping...
[ERROR - 2025-10-24 21:12:46,465 - Worker_0] Status code == 403 for http://blogdomariomagalhaes.blogosfera.uol.com.br/2015/05/27/surpreendente-prisao-de-marin-soa-como-transmissao-de-invasao-alienigena/, skipping...
[ERROR - 2025-10-24 21:12:53,892 - Worker_2] Status code == 403 for http://noticias.uol.com.br/cotidiano/ultimas-noticias/2015/05/27/na-camara-amado-batista-defende-tapas-em-criancas-e-distribui-autografos.htm, skipping...
[ERROR - 2025-10-24 21:12:58,053 - Worker_2] Status code == 403 for http://noticias.uol.com.br/ultimas-noticias/agencia-estado/2015/05/27/marta-e-renan-comemoram-decisao-do-stf-que-nao-pune-senador-que-mudar-de-partido.htm, skipping...
[ERROR - 2025-10-24 21:12:59,398 - Worker_0] Status code == 403 for http://noticias.uol.com.br/ciencia/ultimas-noticias/efe/2015/05/27/cientistas-desenvolvem-anticorpo-artificial-para-combater-leucemia.htm, skipping...
[ERROR - 2025-10-24 21:13:02,305 - Worker_1] Failed to connect with http://natelinha.ne10.uol.com.br/novelas/2015/05/27/babilonia-beatriz-descobre-romance-entre-evandro-e-alice-saiba-como-89292.php after 3 attempts, skipping...
[ERROR - 2025-10-24 21:13:04,785 - Worker_2] Status code == 403 for http://noticias.uol.com.br/politica/ultimas-noticias/2015/05/27/policia-diz-que-vice-assumiu-ter-mandado-matar-prefeito-em-mg-defesa-nega.htm, skipping...
[ERROR - 2025-10-24 21:13:09,540 - Worker_0] Failed to connect with http://sensacionalista.uol.com.br/2015/05/27/esquecida-pelo-publico-ex-bbb-esta-desaparecendo-aos-poucos/ after 3 attempts, skipping...
[ERROR - 2025-10-24 21:13:19,010 - Worker_0] Status code == 403 for http://futebolemnumeros.blogosfera.uol.com.br/2015/05/27/brasileirao-tem-pior-inicio-de-visitantes-desde-2003/, skipping...
[ERROR - 2025-10-24 21:13:23,229 - Worker_0] Status code == 403 for http://rodrigomattos.blogosfera.uol.com.br/2015/05/27/so-contrato-da-nike-gerou-r-12-mi-para-teixeira-indica-policia-dos-eua/, skipping...
[ERROR - 2025-10-24 21:13:25,037 - Worker_1] Status code == 403 for http://blogdoboleiro.blogosfera.uol.com.br/2015/05/27/feliz-sem-dor-muricy-ramalho-vai-a-italia-nao-vou-fazer-p-nenhuma/, skipping...
[ERROR - 2025-10-24 21:14:24,930 - Worker_0] Status code == 403 for http://uolesportevetv.blogosfera.uol.com.br/2015/05/27/record-enxuga-equipe-e-pan-de-2015-vai-ser-maior-na-tv-fechada/, skipping...
[ERROR - 2025-10-24 21:14:30,542 - Worker_2] Status code == 403 for http://pvc.blogosfera.uol.com.br/2015/05/27/caso-marin-ou-brasil-acaba-com-corrupcao-ou-corrupcao-acaba-com-brasil/, skipping...
[ERROR - 2025-10-24 21:14:37,084 - Worker_4] Failed to connect with http://especiais.ne10.uol.com.br/fernandodenoronha/2015/05/24/do-semiarido-mocos-fizeram-de-noronha-a-propria-casa/ after 3 attempts, skipping...
[ERROR - 2025-10-24 21:14:38,487 - Worker_3] Status code == 404 for http://mulher.uol.com.br/casa-e-decoracao/album/2015/05/27/bancadas-molhaveis-veja-alternativas-belas-resistentes-e-faceis-de-limpar.htm?abrefoto=5, skipping...
[ERROR - 2025-10-24 21:14:39,859 - Worker_0] Status code == 403 for http://educacao.uol.com.br/noticias/agencia-estado/2015/05/27/stf-decide-que-exigencias-do-fies-valem-para-novos-contratos.htm, skipping...
[ERROR - 2025-10-24 21:14:40,571 - Worker_1] Status code == 403 for http://blogdosakamoto.blogosfera.uol.com.br/2015/05/27/presidente-joaquim-levy-maltrata-o-povo-sua-assessora-dilma-concorda/, skipping...
[ERROR - 2025-10-24 21:14:41,268 - Worker_4] Status code == 403 for http://noticias.uol.com.br/opiniao/coluna/2015/05/27/identificar-transgenico-da-ao-consumidor-poder-de-escolha.htm, skipping...
[ERROR - 2025-10-24 21:14:41,741 - Worker_2] Status code == 403 for http://noticias.uol.com.br/midiaglobal/lemonde/2015/05/27/irlanda-da-mais-do-que-exemplo-ao-aprovar-casamento-gay.htm, skipping...
[ERROR - 2025-10-24 21:14:43,010 - Worker_3] Status code == 403 for http://fernandorodrigues.blogosfera.uol.com.br/2015/05/27/senador-que-trocar-de-partido-nao-perde-o-mandato-afirma-stf/, skipping...
[ERROR - 2025-10-24 21:14:51,155 - Worker_2] Status code == 403 for http://noticias.uol.com.br/cotidiano/ultimas-noticias/2015/05/28/pf-prende-no-rn-fugitivo-da-interpol-que-lesou-28-mil-pessoas-na-colombia.htm, skipping...
[ERROR - 2025-10-24 21:14:51,715 - Worker_0] Status code == 403 for http://noticias.uol.com.br/midiaglobal/lemonde/2015/05/28/islamitas-e-esquerda-egipcia-sao-prejudicados-pelo-governo-e-devem-dialogar.htm, skipping...
[ERROR - 2025-10-24 21:14:54,583 - Worker_3] Status code == 403 for http://blogdobaldini.blogosfera.uol.com.br/2015/05/28/se-popo-tivesse-a-atitude-de-hoje-ha-10-anos-teria-derrotado-maypac/, skipping...
[ERROR - 2025-10-24 21:14:55,871 - Worker_0] Status code == 403 for http://noticias.uol.com.br/internacional/ultimas-noticias/2015/05/28/policiais-dos-eua-fizeram-foto-com-preso-como-se-ele-tivesse-sido-cacado.htm, skipping...
[ERROR - 2025-10-24 21:14:58,944 - Worker_4] Status code == 403 for http://noticias.uol.com.br/blogs-e-colunas/coluna/thomas-friedman/2015/05/28/nos-destrocos-das-guerras-arabes-retornam-as-identidades-triblistas.htm, skipping...
[ERROR - 2025-10-24 21:15:00,271 - Worker_0] Status code == 403 for http://blogdosakamoto.blogosfera.uol.com.br/2015/05/28/por-uma-lei-que-obrigue-politicos-a-vestirem-seus-doadores-de-campanha/, skipping...
[ERROR - 2025-10-24 21:15:01,545 - Worker_1] Failed to connect with http://sensacionalista.uol.com.br/2015/05/27/esquecida-pelo-publico-ex-bbb-esta-desaparecendo-aos-poucos/ after 3 attempts, skipping...
[ERROR - 2025-10-24 21:15:03,157 - Worker_4] Status code == 403 for http://economia.uol.com.br/noticias/reuters/2015/05/28/grupo-schahin-pretende-processar-petrobras-por-rescisao-de-contratos-de-sondas.htm, skipping...
[ERROR - 2025-10-24 21:15:04,078 - Worker_3] Status code == 403 for http://educacao.uol.com.br/noticias/agencia-estado/2015/05/26/vestibular-da-unicamp-tera-bonus-maior-para-aluno-da-rede-publica.htm, skipping...
[ERROR - 2025-10-24 21:15:05,770 - Worker_1] Status code == 403 for http://rodrigomattos.blogosfera.uol.com.br/2015/05/28/ex-chefao-da-conmebol-exigiu-e-embolsou-lucros-da-libertadores/, skipping...
[ERROR - 2025-10-24 21:15:08,219 - Worker_3] Status code == 403 for http://noticias.uol.com.br/album/album-do-dia/2015/05/28/imagens-do-dia---28-de-maio-de-2015.htm?abrefoto=28, skipping...
[ERROR - 2025-10-24 21:15:09,798 - Worker_0] Status code == 403 for http://noticias.uol.com.br/ultimas-noticias/agencia-estado/2015/05/28/justica-abre-primeira-acao-de-improbidade-da-lava-jato.htm, skipping...
[ERROR - 2025-10-24 21:15:12,395 - Worker_3] Status code == 403 for http://noticias.uol.com.br/tabloide/ultimas-noticias/tabloideanas/2015/05/28/cidade-na-inglaterra-proibe-biquini-do-borat-e-melhora-imagem-turistica.htm, skipping...
[ERROR - 2025-10-24 21:15:15,841 - Worker_1] Status code == 403 for http://tecnologia.uol.com.br/noticias/redacao/2015/05/28/lg-traz-smartphone-topo-de-linha-g4-ao-brasil-por-a-partir-de-r-2999.htm, skipping...
[ERROR - 2025-10-24 21:15:20,478 - Worker_1] Status code == 403 for http://blogdoico.blogosfera.uol.com.br/2015/05/28/apos-fifa-f-1-pode-ser-o-palco-do-proximo-terremoto-no-esporte/, skipping...
[ERROR - 2025-10-24 21:15:21,907 - Worker_3] Status code == 403 for http://nagradedomma.blogosfera.uol.com.br/2015/05/28/saiba-por-que-ronda-rousey-esta-possessa-com-uma-provocacao-pesada-de-bethe/, skipping...
[ERROR - 2025-10-24 21:15:24,010 - Worker_0] Status code == 403 for http://rodrigomattos.blogosfera.uol.com.br/2015/05/28/conta-da-fifa-foi-usada-em-pagamento-de-propina-diz-investigacao-dos-eua/, skipping...
[ERROR - 2025-10-24 21:15:25,347 - Worker_1] Status code == 403 for http://radiouol.blogosfera.uol.com.br/2015/05/27/john-fogerty-70-anos-entenda-o-creedence-clearwater-revival-em-7-musicas/, skipping...
[ERROR - 2025-10-24 21:15:26,611 - Worker_3] Status code == 403 for http://tecnologia.uol.com.br/noticias/redacao/2015/05/28/apos-assediar-cliente-por-whatsapp-funcionario-da-net-e-demitido.htm, skipping...
[ERROR - 2025-10-24 21:15:28,249 - Worker_0] Status code == 403 for http://educacao.uol.com.br/noticias/bbc/2015/05/28/professora-vitima-de-agressao-em-minas-gerais-sera-transferida.htm, skipping...
[ERROR - 2025-10-24 21:15:30,793 - Worker_3] Status code == 403 for http://noticias.uol.com.br/ultimas-noticias/agencia-estado/2015/05/28/empresas-terao-de-indenizar-em-r-300-mil-funcionaria-atacada-por-onca.htm, skipping...
[ERROR - 2025-10-24 21:15:47,212 - Worker_3] Status code == 403 for http://noticias.uol.com.br/ultimas-noticias/ansa/2015/05/28/garotas-britanicas-que-se-uniram-ao-ei-contatam-os-pais.htm, skipping...
[ERROR - 2025-10-24 21:16:25,538 - Worker_4] Status code == 403 for http://noticias.uol.com.br/internacional/ultimas-noticias/the-new-york-times/2015/05/28/imigrantes-resgatados-no-mar-enfrentam-incerteza-nos-campos-indonesios.htm, skipping...
[ERROR - 2025-10-24 21:16:40,927 - Worker_3] Status code == 403 for http://blogdomenon.blogosfera.uol.com.br/2015/05/28/avanti-cobra-ingresso-de-maria-eduarda-ela-tem-seis-meses/, skipping...
[ERROR - 2025-10-24 21:16:46,163 - Worker_0] Status code == 403 for http://noticias.uol.com.br/album/2015/05/28/desfile-inclusivo-apresenta-moda-adaptada-a-pessoas-com-deficiencia.htm?abrefoto=5, skipping...
[ERROR - 2025-10-24 21:16:47,821 - Worker_3] Status code == 403 for http://educacao.uol.com.br/noticias/agencia-estado/2015/05/28/greve-atinge-39-universidades-federais.htm, skipping...
[ERROR - 2025-10-24 21:16:56,132 - Worker_0] Status code == 403 for http://uolesportevetv.blogosfera.uol.com.br/2015/05/29/casagrande-sofre-infarto-e-esta-internado-na-uti/, skipping...
[ERROR - 2025-10-24 21:17:00,728 - Worker_0] Status code == 403 for http://pvc.blogosfera.uol.com.br/2015/05/29/o-que-se-espreme-da-entrevista-coletiva-do-presidente-da-cbf/, skipping...
[ERROR - 2025-10-24 21:17:04,861 - Worker_3] Status code == 403 for http://educacao.uol.com.br/noticias/agencia-estado/2015/05/29/governo-liberou-r-11-bilhao-para-regularizar-atrasos-do-fies.htm, skipping...
[ERROR - 2025-10-24 21:17:11,635 - Worker_3] Status code == 403 for http://noticias.uol.com.br/politica/ultimas-noticias/2015/05/29/pf-prende-empresario-ligado-ao-pt-em-operacao-contra-lavagem-de-dinheiro.htm, skipping...
[ERROR - 2025-10-24 21:17:11,720 - Worker_4] Status code == 403 for http://noticias.uol.com.br/opiniao/coluna/2015/05/29/nao-podemos-usar-fidelidade-de-caes-para-trata-los-como-armas.htm, skipping...
[ERROR - 2025-10-24 21:17:13,062 - Worker_1] Failed to connect with http://blogjp.jovempan.uol.com.br/nilsoncesar/2015/05/voce-apostaria-que-o-palmeiras-vai-eliminar-o-asa-de-arapiraca-na-copa-do-brasil/ after 3 attempts, skipping...
[ERROR - 2025-10-24 21:17:15,868 - Worker_3] Status code == 403 for http://noticias.uol.com.br/ultimas-noticias/agencia-estado/2015/05/29/cunha-quer-tornar-mais-rigido-o-acesso-de-nanicos-ao-fundo-partidario.htm, skipping...
[ERROR - 2025-10-24 21:17:20,946 - Worker_3] Status code == 404 for http://entretenimento.band.uol.com.br/masterchef/2015/videos/ultimos-videos/15489702/veja-a-abertura-da-nova-temporada-de-masterchef-brasil.html, skipping...
[ERROR - 2025-10-24 21:17:22,413 - Worker_1] Status code == 403 for http://uolesporte.blogosfera.uol.com.br/2015/05/29/cristiano-ronaldo-traiu-namorada-com-brasileira-e-ex-de-puyol-diz-jornal, skipping...
[ERROR - 2025-10-24 21:17:25,242 - Worker_3] Status code == 403 for http://balanacesta.blogosfera.uol.com.br/2015/05/29/flamengo-pode-se-tornar-maior-campeao-do-nbb-amanha/, skipping...
[ERROR - 2025-10-24 21:17:34,204 - Worker_1] Status code == 403 for http://educacao.uol.com.br/noticias/2015/05/29/professores-da-rede-estadual-de-sp-mantem-greve.htm, skipping...
[ERROR - 2025-10-24 21:17:43,778 - Worker_4] Status code == 404 for http://cenapop.virgula.uol.com.br/2015/05/28/83430-atriz-de-mad-max-estrada-da-furia-e-transformers-posa-para-ensaio-incrivel-para-revista-francesa, skipping...
[ERROR - 2025-10-24 21:17:50,267 - Worker_1] Status code == 403 for http://noticias.uol.com.br/saude/ultimas-noticias/the-new-york-times/2015/05/29/os-perigos-relacionados-ao-uso-de-antibioticos.htm, skipping...
[ERROR - 2025-10-24 21:17:55,777 - Worker_2] Status code == 403 for http://futebolemnumeros.blogosfera.uol.com.br/2015/05/29/neymar-pode-ser-artilheiro-pela-quinta-vez/, skipping...
[ERROR - 2025-10-24 21:17:59,638 - Worker_1] Status code == 403 for http://noticias.uol.com.br/cotidiano/ultimas-noticias/2015/05/29/morador-de-rua-resgata-cachorrinha-no-lixo-no-rio-e-a-leva-ao-veterinario.htm, skipping...
[ERROR - 2025-10-24 21:17:59,934 - Worker_2] Status code == 403 for http://noticias.uol.com.br/ultimas-noticias/afp/2015/05/29/guarda-costeira-resgata-mais-de-3-mil-migrantes-e-17-corpos-no-mediterraneo.htm, skipping...
[ERROR - 2025-10-24 21:18:04,159 - Worker_2] Status code == 403 for http://fernandorodrigues.blogosfera.uol.com.br/2015/05/29/documento-mostra-que-mulher-de-pimentel-voou-em-jatinho-com-bene/, skipping...
[ERROR - 2025-10-24 21:18:13,509 - Worker_1] Status code == 403 for http://blogdoavallone.blogosfera.uol.com.br/2015/05/29/o-mercado-da-bola-e-a-bolsa-de-apostas-da-fifa/, skipping...
[ERROR - 2025-10-24 21:18:15,748 - Worker_2] Status code == 403 for http://noticias.uol.com.br/midiaglobal/lemonde/2015/05/29/israel-e-as-quatro-verdades-de-obama.htm, skipping...
[ERROR - 2025-10-24 21:18:24,967 - Worker_2] Status code == 403 for http://noticias.uol.com.br/saude/ultimas-noticias/redacao/2015/05/29/anvisa-suspende-lotes-do-anti-inflamatorio-ibuprofeno-da-natulab.htm, skipping...
[ERROR - 2025-10-24 21:18:31,024 - Worker_4] Status code == 403 for http://noticias.uol.com.br/internacional/ultimas-noticias/2015/05/29/multidao-levanta-onibus-para-soltar-ciclista-atropelado-na-inglaterra.htm, skipping...
[ERROR - 2025-10-24 21:18:44,697 - Worker_0] Failed to connect with http://esporte.uol.com.br/futebol/ultimas-noticias/2015/05/29/blatter-supera-escandalo-de-corrupcao-e-e-reeleito-presidente-da-fifa.htm after 3 attempts, skipping...
[ERROR - 2025-10-24 21:19:06,870 - Worker_3] Status code == 403 for http://rodrigomattos.blogosfera.uol.com.br/2015/05/29/clubes-tem-direito-a-recuperar-propina-de-marin-nos-eua-e-vao-estudar-caso/, skipping...
[ERROR - 2025-10-24 21:19:10,310 - Worker_1] Status code == 403 for http://blogdomariomagalhaes.blogosfera.uol.com.br/2015/05/29/bebeto-propos-medalha-ao-imprescindivel-marin/, skipping...
[ERROR - 2025-10-24 21:19:28,461 - Worker_0] Status code == 403 for http://noticias.uol.com.br/ultimas-noticias/agencia-estado/2015/05/30/jovem-de-18-anos-e-esfaqueado-dentro-de-trem-no-rio.htm, skipping...
[ERROR - 2025-10-24 21:19:59,161 - Worker_1] Status code == 403 for http://uolesporte.blogosfera.uol.com.br/2015/05/30/daniel-alves-ousa-no-cabelo-e-quase-quebra-a-internet/, skipping...
[ERROR - 2025-10-24 21:20:03,354 - Worker_1] Status code == 403 for http://noticias.uol.com.br/ultimas-noticias/redacao/2015/05/30/deputado-assiste-a-video-porno-em-sessao-na-camara-veja-videos-da-semana.htm, skipping...
[ERROR - 2025-10-24 21:20:05,107 - Worker_2] Status code == 403 for http://noticias.uol.com.br/ultimas-noticias/agencia-estado/2015/05/30/empresario-suspeito-de-desvio-de-recursos-para-o-pt-mentiu-em-depoimentos-a-pf.htm, skipping...
[ERROR - 2025-10-24 21:20:10,463 - Worker_1] Status code == 403 for http://noticias.uol.com.br/cotidiano/ultimas-noticias/2015/05/30/mega-sena-pode-pagar-r-12-milhoes-hoje-veja-as-dezenas.htm, skipping...
[ERROR - 2025-10-24 21:20:14,678 - Worker_1] Status code == 403 for http://mauriciostycer.blogosfera.uol.com.br/2015/05/30/novo-zorra-mostra-por-que-tiraram-valeria-e-janete-do-ar/, skipping...
[ERROR - 2025-10-24 21:20:24,761 - Worker_1] Failed to connect with http://blogdobirner.virgula.uol.com.br/2015/05/29/guerrero-precisa-de-cristovao-borges-para-brilhar/ after 3 attempts, skipping...
[ERROR - 2025-10-24 21:20:29,117 - Worker_1] Status code == 403 for http://noticias.uol.com.br/politica/ultimas-noticias/2015/05/30/presidente-diz-que-cpi-e-mais-do-mesmo-mas-defende-investigacao-na-petrobras.htm, skipping...
[ERROR - 2025-10-24 21:20:34,493 - Worker_2] Status code == 403 for http://noticias.uol.com.br/album/2015/02/24/cheia-de-rios-deixa-cidades-em-estado-de-calamidade-no-norte-do-pais.htm?abrefoto=130, skipping...
[ERROR - 2025-10-24 21:20:38,822 - Worker_2] Status code == 403 for http://balanacesta.blogosfera.uol.com.br/2015/05/30/flamengo-domina-de-novo-vence-bauru-e-conquista-quarto-titulo-do-nbb/, skipping...
[ERROR - 2025-10-24 21:20:48,928 - Worker_2] Failed to connect with http://natelinha.ne10.uol.com.br/noticias/2015/05/30/redetv-e-condenada-a-pagar-r-300-mil-para-homem-acusado-de-estupro-89383.php after 3 attempts, skipping...
[ERROR - 2025-10-24 21:20:53,142 - Worker_2] Status code == 403 for http://uolesporte.blogosfera.uol.com.br/2015/05/30/ta-bombando-cochilo-de-goleiro-e-brasileiros-na-europa-sao-destaques/, skipping...
[ERROR - 2025-10-24 21:20:54,735 - Worker_4] Status code == 404 for http://noticias.uol.com.br/ultimas-noticias/afp/2015/05/30/eua-e-ira-negociam-programa-nuclear-a-um-mes-da-data-limite.htm, skipping...
[ERROR - 2025-10-24 21:21:03,383 - Worker_1] Status code == 403 for http://blogdojuca.uol.com.br/2015/05/estas-marcas-sao-socias-da-cbf-voce-associaria-o-seu-nome/, skipping...
[ERROR - 2025-10-24 21:21:13,520 - Worker_0] Status code == 403 for http://blogmiltonneves.bol.uol.com.br/blog/2015/05/30/pior-do-que-o-7-a-1-da-copa-e-o-suico-171-de-2015/, skipping...
[ERROR - 2025-10-24 21:21:18,245 - Worker_2] Status code == 403 for http://blogdosakamoto.blogosfera.uol.com.br/2015/05/30/morreram-mais-tres-operarios-sem-problema-e-so-repor/, skipping...
[ERROR - 2025-10-24 21:21:42,421 - Worker_1] Status code == 403 for http://uolesporte.blogosfera.uol.com.br/2015/05/31/daniel-alves-posta-fotos-e-fas-elogiam-fim-de-corte-de-cabelo-ousado/, skipping...
[ERROR - 2025-10-24 21:21:46,678 - Worker_1] Status code == 403 for http://rodrigomattos.blogosfera.uol.com.br/2015/05/31/acusado-de-crimes-graves-marin-enfrentara-juiz-que-atuou-contra-terrorista/, skipping...
[ERROR - 2025-10-24 21:21:51,513 - Worker_4] Status code == 403 for http://blogdojuca.uol.com.br/2015/05/promiscuidade/, skipping...
[ERROR - 2025-10-24 21:21:58,402 - Worker_1] Status code == 403 for http://noticias.uol.com.br/ultimas-noticias/agencia-estado/2015/05/31/mario-covas-neto-e-eleito-presidente-do-diretorio-municipal-do-psdb-de-sp.htm, skipping...
[ERROR - 2025-10-24 21:21:59,873 - Worker_2] Status code == 403 for http://noticias.uol.com.br/cotidiano/ultimas-noticias/2015/05/31/sobrevivente-de-acidente-em-belo-monte-continua-internado.htm, skipping...
[ERROR - 2025-10-24 21:22:01,143 - Worker_4] Status code == 403 for http://matias.blogosfera.uol.com.br/2015/05/31/kung-fury-apertem-os-cintos-que-e-como-se-tarantino-fosse-para-os-anos-80/, skipping...
[ERROR - 2025-10-24 21:22:02,569 - Worker_1] Status code == 403 for http://noticias.uol.com.br/ultimas-noticias/bbc/2015/05/31/apos-apelo-na-internet-britanica-recebe-16-mil-cartoes-de-aniversario-ao-completar-100-anos.htm, skipping...
[ERROR - 2025-10-24 21:22:04,031 - Worker_2] Status code == 403 for http://noticias.uol.com.br/ultimas-noticias/agencia-estado/2015/05/31/tia-de-jovem-esfaqueado-em-trem-no-rio-diz-que-ele-nao-morreu-por-um-milimetro.htm, skipping...
[ERROR - 2025-10-24 21:22:05,311 - Worker_4] Status code == 403 for http://noticias.uol.com.br/saude/ultimas-noticias/redacao/2015/05/30/imunoterapia-e-apontada-como-opcao-para-tratamento-de-canceres-dificeis.htm, skipping...
[ERROR - 2025-10-24 21:22:08,315 - Worker_2] Status code == 403 for http://mauriciostycer.blogosfera.uol.com.br/2015/05/30/novo-zorra-mostra-por-que-tiraram-valeria-e-janete-do-ar/, skipping...
[ERROR - 2025-10-24 21:22:14,830 - Worker_2] Status code == 403 for http://noticias.uol.com.br/midiaglobal/derspiegel/2015/05/31/escandalo-de-tortura-abala-policia-alema.htm, skipping...
[ERROR - 2025-10-24 21:22:18,231 - Worker_3] Status code == 403 for http://blogdojuca.uol.com.br/2015/05/simples-assim-2/, skipping...
[ERROR - 2025-10-24 21:22:22,572 - Worker_4] Status code == 403 for http://noticias.uol.com.br/tabloide/album/2015/01/05/os-recordes-e-tentativas-de-2015.htm?abrefoto=75, skipping...
[ERROR - 2025-10-24 21:22:24,491 - Worker_1] Status code == 403 for http://noticias.uol.com.br/ultimas-noticias/agencia-estado/2015/05/31/rede-deve-estrear-com-menos-verba-que-pco.htm, skipping...
[ERROR - 2025-10-24 21:22:25,829 - Worker_3] Status code == 403 for http://noticias.uol.com.br/saude/ultimas-noticias/redacao/2015/05/31/novas-drogas-para-tratar-canceres-de-sangue-obtem-resultados-surpreendentes.htm, skipping...
[ERROR - 2025-10-24 21:22:32,825 - Worker_3] Status code == 403 for http://noticias.uol.com.br/ultimas-noticias/afp/2015/05/31/vinte-e-sete-mortos-a-maioria-criancas-em-incendio-em-hospital-da-siria.htm, skipping...
[ERROR - 2025-10-24 21:22:42,803 - Worker_3] Status code == 403 for http://josiasdesouza.blogosfera.uol.com.br/2015/05/31/dilma-da-pedaladas-nos-arredores-do-alvorada/, skipping...
[ERROR - 2025-10-24 21:22:44,871 - Worker_1] Failed to connect with http://victormartins.grandepremio.uol.com.br/2015/05/30/qual-sera-a-nova-equipe-da-f1/ after 3 attempts, skipping...
[ERROR - 2025-10-24 21:22:48,983 - Worker_1] Status code == 403 for http://noticias.uol.com.br/ultimas-noticias/agencia-estado/2015/05/31/deputados-preveem-dificuldade-de-aprovar-doacao-empresarial-em-votacao-de-2turno.htm, skipping...
[ERROR - 2025-10-24 21:22:50,082 - Worker_4] Status code == 403 for http://nagradedomma.blogosfera.uol.com.br/2015/05/31/condit-x-pitbull-a-cotovelada-e-o-nariz-quebrado-em-detalhes/, skipping...
[ERROR - 2025-10-24 21:22:53,742 - Worker_2] Status code == 403 for http://blogdojuca.uol.com.br/2015/05/a-infeliz-estreia-de-cristovao-borges/, skipping...
[ERROR - 2025-10-24 21:22:58,173 - Worker_2] Status code == 403 for http://blogdobaldini.blogosfera.uol.com.br/2015/05/31/maypac-com-30-mil-assinaturas-vendidas-ppv-no-brasil-foi-um-sucesso/, skipping...
[ERROR - 2025-10-24 21:22:59,428 - Worker_3] Status code == 403 for http://abiliodiniz.blogosfera.uol.com.br/2015/05/31/sao-paulo-poderia-ter-vencido-o-inter/, skipping...
[INFO - 2025-10-24 21:23:23,651 - MainThread] Processed 2216 links - 1405/2216 succeeded (63.4%).
[INFO - 2025-10-24 21:23:23,651 - MainThread] Total time taken to complete: 68min
