[INFO - 2025-10-24 21:45:49,721 - MainThread] 2043 links from 'out/uol_links/2015/6-2015.txt'.
[ERROR - 2025-10-24 21:45:49,908 - Worker_1] Status code == 403 for http://noticias.uol.com.br/ultimas-noticias/bbc/2015/06/01/na-turquia-partido-de-gays-curdos-e-mulheres-tenta-mudar-jogo-politico.htm, skipping...
[ERROR - 2025-10-24 21:45:49,918 - Worker_0] Status code == 403 for http://noticias.uol.com.br/ultimas-noticias/agencia-estado/2015/06/01/lider-do-governo-diz-que-maioridade-nao-pode-ser-votada-a-queima-roupa.htm, skipping...
[ERROR - 2025-10-24 21:45:53,142 - Worker_3] Status code == 403 for http://noticias.uol.com.br/ultimas-noticias/agencia-estado/2015/06/01/lava-jato-pede-condenacao-de-ex-executivos-da-camargo-correa.htm, skipping...
[ERROR - 2025-10-24 21:45:54,077 - Worker_0] Status code == 403 for http://noticias.uol.com.br/album/album-do-dia/2015/06/01/imagens-do-dia---1-de-junho-de-2015.htm?abrefoto=23, skipping...
[ERROR - 2025-10-24 21:45:54,765 - Worker_4] Status code == 403 for http://noticias.uol.com.br/ultimas-noticias/agencia-estado/2015/06/01/pais-deverao-pagar-tratamento-para-crianca-devolvida-para-adocao.htm, skipping...
[ERROR - 2025-10-24 21:45:55,688 - Worker_2] Status code == 403 for http://noticias.uol.com.br/blogs-e-colunas/coluna/paul-krugman/2015/06/01/aquela-sensacao-de-1914.htm, skipping...
[ERROR - 2025-10-24 21:45:58,328 - Worker_0] Status code == 403 for http://blogdoperrone.blogosfera.uol.com.br/2015/06/tenho-honra-em-trabalhar-na-cbf-diz-marco-aurelio-cunha/, skipping...
[ERROR - 2025-10-24 21:46:02,685 - Worker_2] Status code == 403 for http://noticias.uol.com.br/ultimas-noticias/agencia-estado/2015/06/01/aldo-rebelo-diz-que-ajuste-no-orcamento-e-contingencia-da-vida.htm, skipping...
[ERROR - 2025-10-24 21:46:07,765 - Worker_0] Status code == 403 for http://noticias.uol.com.br/politica/ultimas-noticias/2015/06/01/stf-vai-julgar-legalidade-de-doacoes-de-empresas-a-partidos-politicos.htm, skipping...
[ERROR - 2025-10-24 21:46:14,391 - Worker_0] Status code == 403 for http://noticias.uol.com.br/ultimas-noticias/agencia-estado/2015/06/01/governo-deveria-ter-montado-grupo-sobre-maioridade-ha-22-anos-diz-cunha.htm, skipping...
[ERROR - 2025-10-24 21:46:16,787 - Worker_2] Status code == 403 for http://noticias.uol.com.br/ultimas-noticias/bbc/2015/06/01/no-japao-terra-dos-meus-pais-descobri-que-sou-100-brasileiro.htm, skipping...
[ERROR - 2025-10-24 21:46:29,229 - Worker_2] Status code == 403 for http://blogdomariomagalhaes.blogosfera.uol.com.br/2015/06/01/eduardo-cunha-e-pt-brigam-na-camara-mas-dividirao-palanque-no-rio-em-2016/, skipping...
[ERROR - 2025-10-24 21:46:41,164 - Worker_2] Status code == 403 for http://noticias.uol.com.br/ciencia/ultimas-noticias/efe/2015/06/01/estudo-revela-1-caso-de-reproducao-sem-sexo-em-vertebrados-fora-de-cativeiro.htm, skipping...
[ERROR - 2025-10-24 21:46:45,341 - Worker_2] Status code == 403 for http://economia.uol.com.br/noticias/infomoney/2015/05/14/a-grana-esta-curta-veja-10-maneiras-de-conseguir-uma-renda-extra.htm, skipping...
[ERROR - 2025-10-24 21:46:45,613 - Worker_3] Status code == 403 for http://economia.uol.com.br/noticias/reuters/2015/06/01/azul-desiste-de-ipo-pela-terceira-vez.htm, skipping...
[ERROR - 2025-10-24 21:46:51,761 - Worker_2] Status code == 403 for http://noticias.uol.com.br/internacional/ultimas-noticias/2015/06/01/barco-com-mais-de-400-pessoas-afunda-na-china.htm, skipping...
[ERROR - 2025-10-24 21:46:54,967 - Worker_3] Status code == 403 for http://noticias.uol.com.br/ciencia/ultimas-noticias/redacao/2015/05/21/veja-as-15-maiores-descobertas-cientificas-da-ultima-decada.htm, skipping...
[ERROR - 2025-10-24 21:46:55,925 - Worker_2] Status code == 403 for http://noticias.uol.com.br/ultimas-noticias/agencia-estado/2015/06/01/foram-gananciosos-diz-procuradoria-sobre-empreiteiros-da-lava-jato.htm, skipping...
[ERROR - 2025-10-24 21:46:59,129 - Worker_3] Status code == 403 for http://noticias.uol.com.br/ultimas-noticias/agencia-estado/2015/06/01/maioridade-penal-e-pauta-da-sociedade-diz-cunha.htm, skipping...
[ERROR - 2025-10-24 21:47:04,496 - Worker_4] Status code == 403 for http://economia.uol.com.br/noticias/redacao/2015/06/01/brasil-cobra-imposto-caro-mas-e-o-que-da-menos-retorno-a-populacao.htm, skipping...
[ERROR - 2025-10-24 21:47:08,681 - Worker_4] Status code == 403 for http://noticias.uol.com.br/cotidiano/ultimas-noticias/2015/06/01/funcionarios-do-metro-de-sp-rejeitam-greve-prevista-para-esta-terca-feira.htm, skipping...
[ERROR - 2025-10-24 21:47:11,764 - Worker_2] Status code == 403 for http://noticias.uol.com.br/ultimas-noticias/bbc/2015/06/01/gritava-por-socorro-e-pedia-a-minha-mae-diz-adolescente-torturado-pelo-ei.htm, skipping...
[ERROR - 2025-10-24 21:47:17,080 - Worker_0] Status code == 403 for http://noticias.uol.com.br/ultimas-noticias/agencia-estado/2015/06/01/alckmin-apoia-aecio-a-frente-do-psdb.htm, skipping...
[ERROR - 2025-10-24 21:47:19,907 - Worker_4] Status code == 403 for http://economia.uol.com.br/empreendedorismo/noticias/redacao/2015/06/01/ex-manicure-fez-pirulito-teve-pizzaria-e-fatura-r-15-mi-com-sobrancelha.htm, skipping...
[ERROR - 2025-10-24 21:47:23,615 - Worker_0] Status code == 403 for http://noticias.uol.com.br/midiaglobal/nytimes/2015/06/01/milionario-transforma-comunidade-na-florida-investindo-na-educacao.htm, skipping...
[ERROR - 2025-10-24 21:47:23,901 - Worker_1] Failed to connect with http://esporte.uol.com.br/futebol/ultimas-noticias/2015/06/01/neymar-pode-ser-o-melhor-do-mundo-diz-lionel-messi.htm after 3 attempts, skipping...
[ERROR - 2025-10-24 21:47:27,645 - Worker_2] Status code == 403 for http://noticias.uol.com.br/ultimas-noticias/agencia-estado/2015/06/01/psdb-mg-quer-que-mp-investigue-uso-de-aeronave-em-campanha-de-pimentel.htm, skipping...
[ERROR - 2025-10-24 21:47:28,386 - Worker_0] Status code == 403 for http://tecnologia.uol.com.br/album/2015/06/01/baixe-papeis-de-parede-com-calendario-do-mes-de-junho.htm?abrefoto=14, skipping...
[ERROR - 2025-10-24 21:47:29,991 - Worker_4] Failed to connect with http://motordream.bol.uol.com.br/noticias/ver/2015/05/29/teste-jaguar-xe-de-garras-bem-afiadas after 3 attempts, skipping...
[ERROR - 2025-10-24 21:47:32,579 - Worker_0] Status code == 403 for http://noticias.uol.com.br/ciencia/album/2015/06/02/veja-imagens-de-ciencia-do-mes-junho2015.htm?abrefoto=5, skipping...
[ERROR - 2025-10-24 21:47:34,152 - Worker_4] Status code == 403 for http://noticias.uol.com.br/ultimas-noticias/efe/2015/06/02/missil-que-teria-atingido-voo-da-malaysia-nao-e-fabricado-desde-1995.htm, skipping...
[ERROR - 2025-10-24 21:47:38,657 - Worker_4] Status code == 403 for http://rodrigomattos.blogosfera.uol.com.br/2015/06/02/blatter-sai-quando-a-investigacao-dos-eua-fechou-cerco-sobre-ele/, skipping...
[ERROR - 2025-10-24 21:47:40,046 - Worker_1] Status code == 403 for http://noticias.uol.com.br/ultimas-noticias/afp/2015/06/02/justica-de-quebec-condena-empresas-de-tabaco-a-pagar-us-123-bi-a-fumantes.htm, skipping...
[ERROR - 2025-10-24 21:47:41,059 - Worker_3] Status code == 404 for http://esporte.uol.com.br/f1/ultimas-noticias/2015/06/01/o-dia-em-que-ayrton-senna-bateu-e-disse-que-o-muro-tinha-mudado-de-lugar.htm, skipping...
[ERROR - 2025-10-24 21:47:42,580 - Worker_2] Status code == 403 for http://noticias.uol.com.br/album/2015/06/02/franceses-usam-trajes-de-epoca-em-festival-no-palacio-de-versalhes.htm?abrefoto=1, skipping...
[ERROR - 2025-10-24 21:47:42,930 - Worker_4] Status code == 403 for http://educacao.uol.com.br/noticias/agencia-estado/2015/06/02/fundacao-quer-pagar-us-1-milhao-a-melhor-professor-do-mundo.htm, skipping...
[ERROR - 2025-10-24 21:47:44,532 - Worker_1] Status code == 403 for http://nagradedomma.blogosfera.uol.com.br/2015/06/02/campeao-de-gps-do-ufc-admite-uso-pesado-de-doping/, skipping...
[ERROR - 2025-10-24 21:47:45,231 - Worker_3] Status code == 403 for http://educacao.uol.com.br/noticias/2015/06/02/enem-2015-chega-a-46-milhoes-de-inscritos-cadastro-termina-sexta.htm, skipping...
[ERROR - 2025-10-24 21:47:51,873 - Worker_4] Status code == 403 for http://noticias.uol.com.br/ultimas-noticias/agencia-estado/2015/06/02/dono-da-utc-e-executivo-da-odebrecht-lideram-organizacao-criminosa-diz-mpf.htm, skipping...
[ERROR - 2025-10-24 21:47:52,299 - Worker_3] Status code == 403 for http://fernandorodrigues.blogosfera.uol.com.br/2015/06/02/estamos-tentando-colar-os-pedacos-que-restam-do-carf-diz-chefe-do-orgao/, skipping...
[ERROR - 2025-10-24 21:47:59,392 - Worker_2] Status code == 403 for http://noticias.uol.com.br/ultimas-noticias/bbc/2015/06/02/pais-fumantes-perdem-guarda-de-filho-de-2-anos.htm, skipping...
[ERROR - 2025-10-24 21:48:01,891 - Worker_1] Status code == 403 for http://economia.uol.com.br/empregos-e-carreiras/noticias/redacao/2015/06/02/moradores-de-rua-passam-em-concurso-publico-em-belo-horizonte.htm, skipping...
[ERROR - 2025-10-24 21:48:07,252 - Worker_3] Status code == 403 for http://noticias.uol.com.br/opiniao/coluna/2015/06/02/governo-da-folego-a-criminalidade-ao-ignorar-seguranca-de-fronteiras.htm, skipping...
[ERROR - 2025-10-24 21:48:11,243 - Worker_4] Status code == 403 for http://economia.uol.com.br/noticias/reuters/2015/06/02/bndes-passa-a-publicar-dados-sobre-emprestimos.htm, skipping...
[ERROR - 2025-10-24 21:48:11,415 - Worker_3] Status code == 403 for http://noticias.uol.com.br/midiaglobal/lemonde/2015/06/02/o-imigrante-e-invisivel-nas-sociedades-que-vivem-com-pressa.htm, skipping...
[ERROR - 2025-10-24 21:48:20,900 - Worker_2] Status code == 403 for http://noticias.uol.com.br/cotidiano/ultimas-noticias/2015/06/02/ferroviarios-de-sp-rejeitam-propostas-e-iniciam-greve-nesta-quarta-feira.htm, skipping...
[ERROR - 2025-10-24 21:48:24,870 - Worker_4] Status code == 403 for http://josecruz.blogosfera.uol.com.br/2015/06/com-apenas-tres-federacoes-filiadas-confederacao-de-esgrima-tem-duas-sedes/, skipping...
[ERROR - 2025-10-24 21:48:25,131 - Worker_2] Status code == 403 for http://economia.uol.com.br/empregos-e-carreiras/noticias/redacao/2015/06/02/ele-virou-presidente-da-bombril-aos-36-anos-e-da-4-dicas-para-o-sucesso.htm, skipping...
[ERROR - 2025-10-24 21:48:31,898 - Worker_0] Status code == 500 for http://vestibular.uol.com.br/noticias/redacao/2015/06/02/unicamp-divulga-lista-de-livros-para-o-vestibular-2017.htm, skipping...
[ERROR - 2025-10-24 21:48:34,675 - Worker_3] Status code == 403 for http://noticias.uol.com.br/ultimas-noticias/agencia-estado/2015/06/02/tribunal-de-contas-manda-prefeitura-do-rio-reduzir-preco-do-onibus-em-13-centavos.htm, skipping...
[ERROR - 2025-10-24 21:48:36,557 - Worker_4] Status code == 403 for http://noticias.uol.com.br/cotidiano/ultimas-noticias/2015/06/02/mae-do-menino-eduardo-faz-video-cobrando-justica-pela-morte-do-filho.htm, skipping...
[ERROR - 2025-10-24 21:48:38,481 - Worker_1] Status code == 403 for http://blogdojuca.uol.com.br/2015/06/parreira-da-uva-rinaldi-da-o-que/, skipping...
[ERROR - 2025-10-24 21:48:38,888 - Worker_3] Status code == 403 for http://economia.uol.com.br/noticias/redacao/2015/06/02/conselho-de-publicidade-vai-analisar-campanha-do-boticario-com-casais-gays.htm, skipping...
[ERROR - 2025-10-24 21:48:42,808 - Worker_1] Status code == 403 for http://blogdomenon.blogosfera.uol.com.br/2015/06/02/neymar-rasga-a-biblia-dos-botinudos-e-perebas/, skipping...
[ERROR - 2025-10-24 21:48:43,472 - Worker_4] Status code == 403 for http://pvc.blogosfera.uol.com.br/2015/06/02/final-da-champions-juve-pode-ser-campea-sem-brasileiro-depois-de-dez-anos/, skipping...
[ERROR - 2025-10-24 21:48:45,420 - Worker_2] Status code == 403 for http://noticias.uol.com.br/ciencia/ultimas-noticias/redacao/2015/06/02/clique-ciencia-por-que-temos-mais-pelos-em-certas-partes-do-corpo.htm, skipping...
[ERROR - 2025-10-24 21:48:50,479 - Worker_3] Status code == 403 for http://noticias.uol.com.br/ultimas-noticias/agencia-estado/2015/06/03/empresa-diz-que-relatorio-da-fab-sobre-queda-de-helicopetro-causa-estranheza.htm, skipping...
[ERROR - 2025-10-24 21:48:51,616 - Worker_1] Status code == 403 for http://noticias.uol.com.br/cotidiano/ultimas-noticias/2015/06/03/surpresos-pais-e-vitima-da-kiss-dizem-que-esperavam-mais-da-justica.htm, skipping...
[ERROR - 2025-10-24 21:48:54,765 - Worker_2] Status code == 403 for http://noticias.uol.com.br/cotidiano/ultimas-noticias/2015/06/03/mesmo-apos-aborto-bancaria-e-proibida-de-deixar-trabalho-em-agencia-no-to.htm, skipping...
[ERROR - 2025-10-24 21:48:56,489 - Worker_4] Status code == 404 for http://futebol.placar.esporte.uol.com.br/futebol/brasileirao/2015/06/03/atletico-pr-x-figueirense.htm, skipping...
[ERROR - 2025-10-24 21:49:00,643 - Worker_4] Status code == 403 for http://noticias.uol.com.br/cotidiano/ultimas-noticias/2015/06/03/transito-fica-acima-da-media-em-paralisacao-de-trem-e-saida-para-feriado.htm, skipping...
[ERROR - 2025-10-24 21:49:03,537 - Worker_0] Status code == 403 for http://noticias.uol.com.br/ao-vivo/2015/06/02/greve-da-cptm-atinge-milhoes-de-usuarios-em-sao-paulo.htm, skipping...
[ERROR - 2025-10-24 21:49:07,908 - Worker_4] Status code == 404 for http://entretenimento.band.uol.com.br/masterchef/2015/noticias/100000754508/galinhas-foram-abatidas-1-hora-antes-da-prova.html, skipping...
[ERROR - 2025-10-24 21:49:37,119 - Worker_3] Status code == 403 for http://uolesporte.blogosfera.uol.com.br/2015/06/03/barcelona-projeta-mosaico-gigante-para-final-da-liga-dos-campeoes/, skipping...
[ERROR - 2025-10-24 21:49:48,063 - Worker_0] Status code == 403 for http://nagradedomma.blogosfera.uol.com.br/2015/06/03/vai-pra-cuba-se-depender-do-ufc-e-questao-de-tempo-para-um-evento-por-la/, skipping...
[ERROR - 2025-10-24 21:50:00,746 - Worker_0] Status code == 403 for http://noticias.uol.com.br/album/olho-magico/2015/06/02/olho-magico.htm?abrefoto=5, skipping...
[ERROR - 2025-10-24 21:50:05,931 - Worker_1] Status code == 403 for http://noticias.uol.com.br/saude/ultimas-noticias/redacao/2015/06/03/bebida-alcoolica-corta-o-efeito-dos-analgesicos-veja-mitos-e-verdades.htm, skipping...
[ERROR - 2025-10-24 21:50:20,095 - Worker_4] Status code == 403 for http://noticias.uol.com.br/ciencia/ultimas-noticias/afp/2015/06/03/perola-natural-de-2000-anos-e-encontrada-na-australia.htm, skipping...
[ERROR - 2025-10-24 21:50:22,401 - Worker_1] Status code == 403 for http://doutorjairo.blogosfera.uol.com.br/2015/06/03/homem-e-mais-propenso-a-trair-se-a-mulher-e-quem-sustenta-a-casa/, skipping...
[ERROR - 2025-10-24 21:50:29,919 - Worker_1] Status code == 403 for http://noticias.uol.com.br/ultimas-noticias/agencia-estado/2015/06/03/policia-quer-descobrir-motorista-que-levou-menores-que-mataram-medico-ate-a-lagoa.htm, skipping...
[ERROR - 2025-10-24 21:50:34,067 - Worker_1] Status code == 403 for http://noticias.uol.com.br/cotidiano/ultimas-noticias/2015/06/03/mega-sena-acumulada-pode-pagar-r-34-milhoes-veja-as-seis-dezenas.htm, skipping...
[ERROR - 2025-10-24 21:50:53,530 - Worker_1] Status code == 403 for http://educacao.uol.com.br/noticias/2015/06/03/editora-e-condenada-por-publicar-site-pornografico-em-livro-didatico-comente.htm, skipping...
[ERROR - 2025-10-24 21:50:57,730 - Worker_1] Status code == 403 for http://noticias.uol.com.br/midiaglobal/the-international-new-york-times/2015/06/03/como-o-qatar-usou-e-abusou-de-seus-jornalistas-da-al-jazeera.htm, skipping...
[ERROR - 2025-10-24 21:50:59,046 - Worker_4] Status code == 403 for http://abiliodiniz.blogosfera.uol.com.br/2015/06/02/a-nossa-parte-no-escandalo-da-fifa/, skipping...
[ERROR - 2025-10-24 21:51:01,883 - Worker_1] Status code == 403 for http://noticias.uol.com.br/ultimas-noticias/agencia-estado/2015/06/03/comissao-aprova-convite-para-mujica-falar-sobre-suposta-confissao-de-lula.htm, skipping...
[ERROR - 2025-10-24 21:51:03,204 - Worker_4] Status code == 403 for http://noticias.uol.com.br/cotidiano/ultimas-noticias/2015/06/03/ferroviarios-suspendem-greve-mas-falam-em-nova-paralisacao-semana-que-vem.htm, skipping...
[ERROR - 2025-10-24 21:51:07,383 - Worker_4] Status code == 403 for http://noticias.uol.com.br/ultimas-noticias/agencia-estado/2015/06/03/stj-autoriza-quebra-de-sigilo-telefonico-de-cabral-e-pezao.htm, skipping...
[ERROR - 2025-10-24 21:51:13,476 - Worker_1] Status code == 403 for http://noticias.uol.com.br/cotidiano/ultimas-noticias/2015/06/03/entre-suspeitos-de-matar-ciclista-nao-ha-nenhum-inocente-afirma-pezao.htm, skipping...
[ERROR - 2025-10-24 21:51:53,631 - Worker_4] Status code == 403 for http://uolesportevetv.blogosfera.uol.com.br/2015/06/03/leifert-abre-caixa-misteriosa-e-mostra-nova-camisa-do-palmeiras-na-globo/, skipping...
[ERROR - 2025-10-24 21:52:01,077 - Worker_4] Status code == 404 for http://entretenimento.band.uol.com.br/masterchef/2015/noticias/100000754522/candidatas-comentam-eliminacao-do-masterchef.html, skipping...
[ERROR - 2025-10-24 21:52:11,357 - Worker_0] Status code == 403 for http://noticias.uol.com.br/album/album-do-dia/2015/06/02/imagens-do-dia---2-de-junho-de-2015.htm?abrefoto=7, skipping...
[ERROR - 2025-10-24 21:52:14,677 - Worker_1] Status code == 403 for http://noticias.uol.com.br/ultimas-noticias/efe/2015/06/04/perry-diz-que-disputa-presidencia-para-projetar-de-novo-a-forca-dos-eua.htm, skipping...
[ERROR - 2025-10-24 21:52:18,366 - Worker_3] Failed to connect with http://portalcorreio.uol.com.br/noticias/saude/geral/2015/06/03/NWS,260025,42,419,NOTICIAS,2190-TRAVESTI-MORRE-APOS-FAZER-APLICACAO-SILICONE-INDUSTRIAL-AUMENTAR-BUMBUM-JOAO-PESSOA.aspx after 3 attempts, skipping...
[ERROR - 2025-10-24 21:52:18,843 - Worker_1] Status code == 403 for http://noticias.uol.com.br/opiniao/coluna/2015/06/04/maior-problema-da-saude-esta-no-desperdicio-de-recursos.htm, skipping...
[ERROR - 2025-10-24 21:52:22,666 - Worker_3] Status code == 403 for http://reginanavarro.blogosfera.uol.com.br/2015/06/04/nao-aguento-mais-a-cobranca-para-casar-e-ter-filhos-o-que-voce-faria/, skipping...
[ERROR - 2025-10-24 21:52:37,224 - Worker_1] Status code == 403 for http://noticias.uol.com.br/midiaglobal/prospect/2015/06/04/a-batalha-de-baltimore-antiga-capital-da-heroina-dos-eua.htm, skipping...
[ERROR - 2025-10-24 21:52:46,639 - Worker_1] Status code == 404 for http://futebol.placar.esporte.uol.com.br/futebol/brasileirao/2015/06/04/sport-x-goias.htm, skipping...
[ERROR - 2025-10-24 21:53:00,311 - Worker_2] Status code == 403 for http://todosabordo.blogosfera.uol.com.br/2015/06/03/airbus-exibe-prototipo-de-helicoptero-mais-leve-e-menos-barulhento/, skipping...
[ERROR - 2025-10-24 21:53:04,193 - Worker_3] Status code == 403 for http://josecruz.blogosfera.uol.com.br/2015/06/futuro-de-quatro-cts-de-atletismo-depende-do-ministerio-do-esporte/, skipping...
[ERROR - 2025-10-24 21:53:30,630 - Worker_0] Status code == 403 for http://noticias.uol.com.br/ultimas-noticias/agencia-estado/2015/06/04/luta-da-menina-sofia-pela-vida-e-contada-em-livro.htm, skipping...
[ERROR - 2025-10-24 21:53:45,127 - Worker_2] Status code == 403 for http://blogdojuca.uol.com.br/2015/06/o-melhor-jogo-do-brasileirao/, skipping...
[ERROR - 2025-10-24 21:54:35,406 - Worker_1] Failed to connect with http://natelinha.ne10.uol.com.br/mulher/2015/05/31/cafe-preto-pode-fazer-voce-perder-ate-4-kg-por-semana-89419.php after 3 attempts, skipping...
[ERROR - 2025-10-24 21:54:35,766 - Worker_3] Failed to connect with http://natelinha.ne10.uol.com.br/mulher/2015/06/03/alimentos-utilizados-no-tratamento-dos-cabelos-89520.php after 3 attempts, skipping...
[ERROR - 2025-10-24 21:54:40,037 - Worker_3] Status code == 403 for http://noticias.uol.com.br/album/2015/06/04/cidades-brasileiras-celebram-corpus-christi-com-tradicionais-tapetes-de-rua.htm?abrefoto=36, skipping...
[ERROR - 2025-10-24 21:54:42,185 - Worker_1] Status code == 403 for http://nagradedomma.blogosfera.uol.com.br/2015/06/04/brasil-fica-fora-de-disputa-do-cinturao-dos-medios-do-ufc-depois-de-9-anos/, skipping...
[ERROR - 2025-10-24 21:55:19,628 - Worker_0] Status code == 403 for http://futebolemnumeros.blogosfera.uol.com.br/2015/06/04/brasil-tem-a-selecao-jovem-da-copa-america/, skipping...
[ERROR - 2025-10-24 21:55:31,872 - Worker_2] Status code == 403 for http://balanacesta.blogosfera.uol.com.br/2015/06/05/warriors-vencem-cavs-e-abrem-1-0-mesmo-com-jogo-monstruoso-de-lebron/, skipping...
[ERROR - 2025-10-24 21:56:00,240 - Worker_1] Status code == 403 for http://noticias.uol.com.br/album/album-do-dia/2015/06/05/imagens-do-dia---5-de-junho-de-2015.htm?abrefoto=26, skipping...
[ERROR - 2025-10-24 21:56:02,205 - Worker_4] Status code == 403 for http://noticias.uol.com.br/saude/ultimas-noticias/bbc/2015/06/05/apos-cirurgias-menino-ganha-orelhas-e-usa-oculos-escuros-pela-1-vez.htm, skipping...
[ERROR - 2025-10-24 21:56:04,228 - Worker_3] Status code == 403 for http://noticias.uol.com.br/politica/ultimas-noticias/2015/06/05/pelo-menos-11-escandalos-de-corrupcao-sacudiram-pais-desde-mensalao-relembre.htm, skipping...
[ERROR - 2025-10-24 21:56:04,413 - Worker_1] Status code == 403 for http://noticias.uol.com.br/ultimas-noticias/bbc/2015/06/04/concentracao-de-brasileiros-em-cidade-japonesa-vira-atracao-turistica.htm, skipping...
[ERROR - 2025-10-24 21:56:10,802 - Worker_2] Status code == 403 for http://pvc.blogosfera.uol.com.br/2015/06/04/com-sorte-e-competencia-diego-aguirre-transforma-o-inter-nas-alteracoes/, skipping...
[ERROR - 2025-10-24 21:56:13,119 - Worker_3] Status code == 403 for http://blogdoavallone.blogosfera.uol.com.br/2015/06/05/o-palmeiras-nao-soube-chutar-a-gol/, skipping...
[ERROR - 2025-10-24 21:56:14,549 - Worker_1] Failed to connect with http://noticias.carsale.uol.com.br/ultimas/2015/06/04/chines-compra-carro-de-luxo-com-quatro-toneladas-de-moedas/ after 3 attempts, skipping...
[ERROR - 2025-10-24 21:56:16,434 - Worker_0] Status code == 403 for http://josiasdesouza.blogosfera.uol.com.br/2015/06/05/nomeacao-para-itaipu-rendera-punicao-no-psb/, skipping...
[ERROR - 2025-10-24 21:56:18,565 - Worker_3] Status code == 404 for http://noticias.ne10.uol.com.br/interior/sertao/noticia/2015/06/04/maior-bebe-do-brasil-tem-peso-de-crianca-de-2-anos-e-e-saudavel-550256.php, skipping...
[ERROR - 2025-10-24 21:56:23,284 - Worker_2] Failed to connect with http://natelinha.ne10.uol.com.br/mulher/2015/05/05/pasta-de-dente-ajuda-a-limpar-esmalte-escuro-da-unha-88567.php after 3 attempts, skipping...
[ERROR - 2025-10-24 21:56:26,447 - Worker_1] Status code == 403 for http://noticias.uol.com.br/saude/ultimas-noticias/redacao/2015/06/05/campinas-sp-enfrenta-pior-epidemia-de-dengue-da-historia.htm, skipping...
[ERROR - 2025-10-24 21:56:30,608 - Worker_1] Status code == 403 for http://noticias.uol.com.br/ultimas-noticias/efe/2015/06/05/pentagono-descobre-e-bombardeia-quartel-do-ei-apos-selfie-de-jihadista.htm, skipping...
[ERROR - 2025-10-24 21:56:30,620 - Worker_3] Status code == 403 for http://noticias.uol.com.br/ultimas-noticias/reuters/2015/06/05/terremoto-deixa-mais-de-130-alpinistas-isolados-em-montanha-da-malasia.htm, skipping...
[ERROR - 2025-10-24 21:56:32,070 - Worker_2] Status code == 403 for http://noticias.uol.com.br/saude/ultimas-noticias/the-new-york-times/2015/06/05/e-melhor-passar-o-fio-dental-antes-ou-depois-da-escovacao.htm, skipping...
[ERROR - 2025-10-24 21:56:40,719 - Worker_1] Status code == 403 for http://noticias.uol.com.br/politica/ultimas-noticias/2015/06/05/veja-cinco-importantes-medidas-anticorrupcao-desde-o-mensalao.htm, skipping...
[ERROR - 2025-10-24 21:56:42,662 - Worker_0] Status code == 403 for http://noticias.uol.com.br/midiaglobal/lemonde/2015/06/05/imigrantes-clandestinos-nos-eua-temem-efeitos-da-resistencia-republicana.htm, skipping...
[ERROR - 2025-10-24 21:56:44,901 - Worker_1] Status code == 403 for http://noticias.uol.com.br/cotidiano/ultimas-noticias/2015/06/05/sao-paulo-lidera-em-numero-de-unioes-estaveis-homoafetivas.htm, skipping...
[ERROR - 2025-10-24 21:56:46,017 - Worker_4] Status code == 403 for http://educacao.uol.com.br/noticias/2015/06/05/enem-2015-tem-67-milhoes-de-inscritos-prazo-termina-nesta-6-as-23h59.htm, skipping...
[ERROR - 2025-10-24 21:56:46,524 - Worker_3] Status code == 403 for http://rodrigomattos.blogosfera.uol.com.br/2015/06/05/cbf-exclui-clubes-de-mudancas-na-eleicao-e-mantem-poder-com-federacoes/, skipping...
[ERROR - 2025-10-24 21:56:46,832 - Worker_0] Status code == 403 for http://noticias.uol.com.br/politica/ultimas-noticias/2015/06/05/dez-anos-depois-relembre-o-caso-mensalao.htm, skipping...
[ERROR - 2025-10-24 21:56:50,534 - Worker_4] Status code == 403 for http://radiouol.blogosfera.uol.com.br/2015/06/05/conheca-os-discos-mais-vendidos-dos-ultimos-10-anos-em-meio-a-crise-dos-cds/, skipping...
[ERROR - 2025-10-24 21:56:51,509 - Worker_1] Status code == 403 for http://blogdobaldini.blogosfera.uol.com.br/2015/06/05/se-eu-voltar-a-lutar-quero-enfrentar-triplo-g-disse-oscar-de-la-hoya/, skipping...
[ERROR - 2025-10-24 21:56:54,305 - Worker_0] Status code == 404 for http://esporte.uol.com.br/f1/ultimas-noticias/2015/06/06/na-pole-hamilton-espera-deixar-erros-de-lado-para-vencer-no-canada.htm, skipping...
[ERROR - 2025-10-24 21:56:55,678 - Worker_1] Status code == 403 for http://noticias.uol.com.br/ultimas-noticias/agencia-estado/2015/06/06/planalto-ja-age-para-reduzir-pressao-de-estados-e-municipios.htm, skipping...
[ERROR - 2025-10-24 21:56:58,516 - Worker_3] Status code == 403 for http://noticias.uol.com.br/ciencia/ultimas-noticias/afp/2015/06/05/descoberta-nova-especie-de-dinossauro-com-chifres.htm, skipping...
[ERROR - 2025-10-24 21:56:59,299 - Worker_4] Status code == 403 for http://noticias.uol.com.br/ciencia/ultimas-noticias/the-new-york-times/2015/06/06/novas-mesas-de-trabalho-monitoram-movimentos-e-fazem-usuario-ficar-de-pe.htm, skipping...
[ERROR - 2025-10-24 21:57:00,824 - Worker_2] Status code == 403 for http://noticias.uol.com.br/ultimas-noticias/efe/2015/06/06/justica-paraguaia-condena-7-brasileiros-por-trafico-e-roubo.htm, skipping...
[ERROR - 2025-10-24 21:57:01,267 - Worker_0] Status code == 404 for http://esporte.uol.com.br/f1/ultimas-noticias/2015/06/06/nem-terceiro-lugar-anima-raikkonen-estou-desapontado-com-a-equipe.htm, skipping...
[ERROR - 2025-10-24 21:57:02,129 - Worker_1] Status code == 403 for http://noticias.uol.com.br/ultimas-noticias/efe/2015/06/06/obama-faz-discurso-emocionado-no-funeral-do-filho-do-vice-presidente-dos-eua.htm, skipping...
[ERROR - 2025-10-24 21:57:05,418 - Worker_2] Status code == 403 for http://tecnologia.uol.com.br/noticias/redacao/2015/06/05/premie-indiano-aparece-em-busca-por-top-10-criminosos-google-se-desculpa.htm, skipping...
[ERROR - 2025-10-24 21:57:07,788 - Worker_0] Status code == 403 for http://noticias.uol.com.br/saude/ultimas-noticias/afp/2015/06/06/novos-exames-de-sangue-podem-revelar-infeccoes-virais-do-passado.htm, skipping...
[ERROR - 2025-10-24 21:57:08,330 - Worker_3] Status code == 403 for http://noticias.uol.com.br/ultimas-noticias/agencia-estado/2015/06/06/auditoria-indica-reuniao-de-costa-e-lula-sobre-pasadena.htm, skipping...
[ERROR - 2025-10-24 21:57:11,623 - Worker_1] Status code == 404 for http://esporte.uol.com.br/f1/ultimas-noticias/2015/06/06/nasr-admite-erro-por-batida-e-se-diz-no-lucro-com-14-lugar-no-grid.htm, skipping...
[ERROR - 2025-10-24 21:57:15,952 - Worker_4] Status code == 403 for http://noticias.uol.com.br/midiaglobal/lemonde/2015/06/06/em-meio-a-degelo-com-eua-oposicao-cubana-enfrenta-dilemas.htm, skipping...
[ERROR - 2025-10-24 21:57:24,776 - Worker_4] Status code == 403 for http://noticias.uol.com.br/meio-ambiente/ultimas-noticias/redacao/2015/06/05/maceio-tem-80-das-praias-poluidas-mpf-investiga-despejo-de-esgoto.htm, skipping...
[ERROR - 2025-10-24 21:57:33,919 - Worker_2] Status code == 403 for http://noticias.uol.com.br/ultimas-noticias/redacao/2015/06/06/paciente-toca-violao-durante-cirurgia-no-cerebro-veja-videos-da-semana.htm, skipping...
[ERROR - 2025-10-24 21:57:33,972 - Worker_1] Failed to connect with http://noticias.carsale.uol.com.br/ultimas/2015/06/02/top-10-os-carros-mais-caros-fabricados-no-brasil/ after 3 attempts, skipping...
[ERROR - 2025-10-24 21:57:59,046 - Worker_4] Status code == 403 for http://blogdojuca.uol.com.br/2015/06/clubes-ou-bananas/, skipping...
[ERROR - 2025-10-24 21:58:03,553 - Worker_4] Status code == 403 for http://balanacesta.blogosfera.uol.com.br/2015/06/06/cavs-perdem-kyrie-irving-e-agora-ha-solucao-na-final-contra-o-warriors/, skipping...
[ERROR - 2025-10-24 21:58:07,792 - Worker_4] Status code == 403 for http://noticias.uol.com.br/meio-ambiente/ultimas-noticias/redacao/2015/06/06/merkel-quer-que-g7-se-comprometa-com-meta-de-aquecimento-global.htm, skipping...
[ERROR - 2025-10-24 21:58:11,829 - Worker_1] Status code == 404 for http://esporte.uol.com.br/f1/ultimas-noticias/2015/06/06/massa-revela-quebra-inedita-e-acerta-placar-da-final-da-champions.htm, skipping...
[ERROR - 2025-10-24 21:58:16,679 - Worker_4] Status code == 403 for http://noticias.uol.com.br/cotidiano/ultimas-noticias/2015/06/06/mega-sena-pode-pagar-r-42-milhoes-confira-as-dezenas-sorteadas.htm, skipping...
[ERROR - 2025-10-24 21:58:20,090 - Worker_0] Status code == 403 for http://tecnologia.uol.com.br/album/2015/06/06/no-instagram-medico-sirio-ressalta-poder-e-beleza-artistica-das-maos.htm?abrefoto=18, skipping...
[ERROR - 2025-10-24 21:58:23,152 - Worker_4] Status code == 403 for http://noticias.uol.com.br//album/album-do-dia/2015/06/07/imagens-do-dia---7-de-junho-de-2015.htm?abrefoto=12, skipping...
[ERROR - 2025-10-24 21:58:27,541 - Worker_4] Status code == 403 for http://futebolemnumeros.blogosfera.uol.com.br/2015/06/07/barcelona-de-luis-enrique-supera-o-de-guardiola-de-2009/, skipping...
[ERROR - 2025-10-24 21:58:34,099 - Worker_4] Status code == 403 for http://josiasdesouza.blogosfera.uol.com.br/2015/06/07/nova-missao-de-cunha-a-paz-no-oriente-medio/, skipping...
[ERROR - 2025-10-24 21:58:49,218 - Worker_3] Status code == 403 for http://radiouol.blogosfera.uol.com.br/2015/06/05/in-edit-radio-show-destaca-os-melhores-personagens-de-documentarios/, skipping...
[ERROR - 2025-10-24 21:59:08,785 - Worker_4] Status code == 404 for http://esporte.uol.com.br/f1/ultimas-noticias/2015/06/07/alonso-se-irrita-com-mclaren-e-discute-com-engenheiro-parecemos-amadores.htm, skipping...
[ERROR - 2025-10-24 21:59:28,875 - Worker_1] Status code == 403 for http://nagradedomma.blogosfera.uol.com.br/2015/06/07/nao-foi-so-o-vovo-ufc-teve-nocaute-em-21s-e-pesados-arrasadores-veja/, skipping...
[ERROR - 2025-10-24 21:59:33,117 - Worker_1] Status code == 403 for http://uolesporte.blogosfera.uol.com.br/2015/06/07/mayweather-usa-maos-rapidas-para-atirar-us-35-mil-em-strippers/, skipping...
[ERROR - 2025-10-24 21:59:37,363 - Worker_1] Status code == 403 for http://matias.blogosfera.uol.com.br/2015/06/07/aos-30-anos-os-goonies-nao-vao-morrer-tao-cedo-mesmo-sem-continuacao/, skipping...
[ERROR - 2025-10-24 21:59:43,025 - Worker_4] Status code == 403 for http://blogdojuca.uol.com.br/2015/06/mexico-b-nao-foi-pareo-para-a-selecao-sem-neymar/, skipping...
[ERROR - 2025-10-24 21:59:43,202 - Worker_3] Status code == 403 for http://economia.uol.com.br/noticias/redacao/2015/06/07/receita-libera-consulta-a-primeiro-lote-de-restituicoes-nesta-segunda-feira.htm, skipping...
[ERROR - 2025-10-24 21:59:45,120 - Worker_0] Status code == 403 for http://noticias.uol.com.br/ultimas-noticias/efe/2015/06/07/pais-de-43-desaparecidos-no-mexico-comecam-a-destruir-urnas-antes-de-eleicoes.htm, skipping...
[ERROR - 2025-10-24 21:59:57,029 - Worker_4] Status code == 404 for http://futebol.placar.esporte.uol.com.br/futebol/brasileirao/2015/06/07/fluminense-x-sport.htm, skipping...
[ERROR - 2025-10-24 22:00:14,907 - Worker_2] Status code == 404 for http://mulher.uol.com.br/gravidez-e-filhos/album/2015/06/07/batata-yacon-e-gengibre-turbinam-imunidade-da-gravida-veja-mais-alimentos.htm?abrefoto=2, skipping...
[ERROR - 2025-10-24 22:00:31,658 - Worker_4] Status code == 404 for http://esporte.uol.com.br/f1/ultimas-noticias/2015/06/07/hamilton-afasta-fantasma-de-monaco-com-vitoria-no-canada-precisava-disso.htm, skipping...
[ERROR - 2025-10-24 22:01:04,406 - Worker_0] Status code == 403 for http://noticias.uol.com.br/cotidiano/ultimas-noticias/2015/06/07/em-clima-de-carnaval-parada-gay-toma-ruas-de-sao-paulo-e-critica-cunha.htm, skipping...
[ERROR - 2025-10-24 22:01:10,812 - Worker_4] Status code == 403 for http://noticias.uol.com.br/ultimas-noticias/agencia-estado/2015/06/07/camara-tem-maior-ativismo-legislativo-em-20-anos.htm, skipping...
[ERROR - 2025-10-24 22:01:32,985 - Worker_2] Status code == 404 for http://esporte.uol.com.br/f1/ultimas-noticias/2015/06/07/gp-do-canada.htm, skipping...
[ERROR - 2025-10-24 22:01:37,483 - Worker_2] Status code == 403 for http://uolesportevetv.blogosfera.uol.com.br/2015/06/07/belfort-admite-que-feiticeira-foi-mais-agressiva-que-ele-na-conquista/, skipping...
[ERROR - 2025-10-24 22:01:41,751 - Worker_2] Status code == 403 for http://josecruz.blogosfera.uol.com.br/2015/06/as-suspeitas-relacoes-do-esporte-com-os-poderes-da-republica/, skipping...
[ERROR - 2025-10-24 22:01:52,806 - Worker_3] Status code == 404 for http://esporte.uol.com.br/f1/ultimas-noticias/2015/06/07/com-punicao-tripla-e-regras-confusas-grid-do-gp-do-canada-vira-bagunca.htm, skipping...
[ERROR - 2025-10-24 22:01:55,785 - Worker_4] Status code == 403 for http://uolesportevetv.blogosfera.uol.com.br/2015/06/08/falhas-tecnicas-tiram-renato-mauricio-prado-do-serio-em-programa/, skipping...
[ERROR - 2025-10-24 22:02:18,631 - Worker_3] Status code == 403 for http://blogdomenon.blogosfera.uol.com.br/2015/06/08/oswaldo-e-marcelo-fernandes-podem-cair-nao-e-pecado/, skipping...
[ERROR - 2025-10-24 22:02:22,894 - Worker_3] Status code == 403 for http://blogdoico.blogosfera.uol.com.br/2015/06/08/festas-exclusivas-da-f1-tem-pilotos-astros-do-cinema-e-dancarinas-exoticas/, skipping...
[ERROR - 2025-10-24 22:02:56,777 - Worker_2] Status code == 403 for http://noticias.uol.com.br/ultimas-noticias/agencia-estado/2015/06/08/lula-age-para-pt-trocar-criticas-a-levy-por-esperanca-no-pais.htm, skipping...
[ERROR - 2025-10-24 22:03:00,960 - Worker_2] Status code == 403 for http://noticias.uol.com.br/cotidiano/ultimas-noticias/2015/06/08/em-video-policial-discute-e-aponta-arma-para-clientes-de-boate-em-mg.htm, skipping...
[ERROR - 2025-10-24 22:03:03,324 - Worker_3] Status code == 403 for http://tecnologia.uol.com.br/noticias/redacao/2015/06/08/ideia-do-pendrive-surgiu-apos-falta-de-copia-de-apresentacao-diz-inventor.htm, skipping...
[ERROR - 2025-10-24 22:03:05,712 - Worker_0] Status code == 403 for http://fernandorodrigues.blogosfera.uol.com.br/2015/06/08/dilma-acusou-mas-quem-tira-comida-do-trabalhador-e-ela-diz-marina/, skipping...
[ERROR - 2025-10-24 22:03:07,207 - Worker_4] Status code == 403 for http://noticias.uol.com.br/cotidiano/ultimas-noticias/2015/06/08/suspeitos-de-assalto-morrem-afogados-durante-fuga-em-canoa-na-bahia.htm, skipping...
[ERROR - 2025-10-24 22:03:09,876 - Worker_0] Status code == 403 for http://noticias.uol.com.br/saude/ultimas-noticias/reuters/2015/06/08/em-campanha-sobre-paralisia-cerebral-menino-de-15-anos-percorre-92-km-com-irmao-nas-costas.htm, skipping...
[ERROR - 2025-10-24 22:03:11,366 - Worker_4] Status code == 403 for http://noticias.uol.com.br/saude/ultimas-noticias/bbc/2015/06/08/polemica-de-medicos-latinos-cochilando-reflete-realidade-de-hospitais-no-brasil.htm, skipping...
[ERROR - 2025-10-24 22:03:12,255 - Worker_3] Status code == 403 for http://noticias.uol.com.br/ultimas-noticias/reuters/2015/06/08/russia-rejeita-relatorio-anual-da-aiea-e-reafirma-anexacao-da-crimeia.htm, skipping...
[ERROR - 2025-10-24 22:03:15,515 - Worker_4] Status code == 403 for http://noticias.uol.com.br/album/2015/06/02/navio-naufraga-com-mais-de-450-pessoas-a-bordo-na-china.htm?abrefoto=44, skipping...
[ERROR - 2025-10-24 22:03:19,667 - Worker_4] Status code == 403 for http://noticias.uol.com.br/midiaglobal/lemonde/2015/06/08/por-dentro-da-selva-das-resenhas-falsas-na-internet.htm, skipping...
[ERROR - 2025-10-24 22:03:21,681 - Worker_3] Status code == 403 for http://brasilianismo.blogosfera.uol.com.br/2015/06/08/bilionario-e-ex-lemann-e-eike-representam-flutuacao-economica-do-brasil/, skipping...
[ERROR - 2025-10-24 22:03:26,049 - Worker_3] Status code == 403 for http://saqueevoleio.blogosfera.uol.com.br/2015/06/08/wawrinka-um-marawilhoso-wilao/, skipping...
[ERROR - 2025-10-24 22:03:30,167 - Worker_2] Status code == 403 for http://noticias.uol.com.br/politica/ultimas-noticias/2015/06/08/pgr-pede-ao-supremo-fim-do-pagamento-de-pensao-a-ex-governadores-da-bahia.htm, skipping...
[ERROR - 2025-10-24 22:03:30,406 - Worker_3] Status code == 403 for http://mauriciostycer.blogosfera.uol.com.br/2015/06/08/mariana-godoy-entrevista-ainda-nao-conseguiu-deslanchar/, skipping...
[ERROR - 2025-10-24 22:03:34,308 - Worker_2] Status code == 403 for http://noticias.uol.com.br/ultimas-noticias/agencia-estado/2015/06/08/a-imprensa-francesa-dilma-diz-que-nenhum-indicio-a-envolve-na-lava-jato.htm, skipping...
[ERROR - 2025-10-24 22:03:36,883 - Worker_3] Status code == 403 for http://noticias.uol.com.br/ultimas-noticias/afp/2015/06/08/voar-nunca-foi-tao-seguro-garante-diretor-da-iata.htm, skipping...
[ERROR - 2025-10-24 22:03:38,546 - Worker_2] Status code == 403 for http://uolesporte.blogosfera.uol.com.br/2015/06/08/alcool-xavi-se-irrita-na-festa-do-barca-e-da-empurrao-rispido-em-neymar/, skipping...
[ERROR - 2025-10-24 22:03:45,847 - Worker_1] Status code == 403 for http://noticias.uol.com.br/ultimas-noticias/agencia-estado/2015/06/08/alckmin-cria-agenda-nacional-propria-no-segundo-mandato.htm, skipping...
[ERROR - 2025-10-24 22:03:47,787 - Worker_2] Status code == 403 for http://noticias.uol.com.br/album/2015/06/08/desligou-no-feriado-veja-o-que-foi-noticia.htm?abrefoto=13, skipping...
[ERROR - 2025-10-24 22:03:51,951 - Worker_2] Status code == 403 for http://noticias.uol.com.br/album/album-do-dia/2015/06/08/imagens-do-dia---8-de-junho-de-2015.htm?abrefoto=57, skipping...
[ERROR - 2025-10-24 22:03:58,555 - Worker_2] Status code == 403 for http://blogdomariomagalhaes.blogosfera.uol.com.br/2015/06/08/era-messi/, skipping...
[ERROR - 2025-10-24 22:04:02,714 - Worker_2] Status code == 403 for http://noticias.uol.com.br/album/album-do-dia/2015/06/08/imagens-do-dia---8-de-junho-de-2015.htm?abrefoto=30, skipping...
[ERROR - 2025-10-24 22:04:06,905 - Worker_2] Status code == 403 for http://noticias.uol.com.br/album/album-do-dia/2015/06/08/imagens-do-dia---8-de-junho-de-2015.htm?abrefoto=45, skipping...
[ERROR - 2025-10-24 22:04:08,193 - Worker_3] Status code == 403 for http://pvc.blogosfera.uol.com.br/2015/06/08/palmeiras-deve-definir-saida-de-oswaldo-antes-do-jogo-contra-o-fluminense/, skipping...
[ERROR - 2025-10-24 22:04:13,689 - Worker_2] Status code == 403 for http://nagradedomma.blogosfera.uol.com.br/2015/06/09/nao-acabou-belfort-diz-que-ufc-ainda-o-quer-na-briga-pelo-cinturao/, skipping...
[ERROR - 2025-10-24 22:04:17,856 - Worker_2] Status code == 403 for http://noticias.uol.com.br/ultimas-noticias/agencia-estado/2015/06/09/onibus-ja-rodam-como-antes-das-faixas-exclusivas-em-sp.htm, skipping...
[ERROR - 2025-10-24 22:04:19,456 - Worker_0] Status code == 403 for http://noticias.uol.com.br/opiniao/coluna/2015/06/09/santas-casas-estao-se-esforcando-para-nao-fechar-as-portas.htm, skipping...
[ERROR - 2025-10-24 22:04:22,052 - Worker_2] Status code == 403 for http://noticias.uol.com.br/midiaglobal/nytimes/2015/06/09/reality-show-tcheco-transforma-em-jogo-a-vida-sob-dominio-nazista.htm, skipping...
[ERROR - 2025-10-24 22:04:29,262 - Worker_1] Status code == 403 for http://blogdomenon.blogosfera.uol.com.br/2015/06/09/corinthians-x-joinville-teve-o-pior-ibope-do-brasileiro/, skipping...
[ERROR - 2025-10-24 22:04:31,964 - Worker_0] Status code == 403 for http://dralexandrefaisal.blogosfera.uol.com.br/2015/05/15/terapia-de-reposicao-hormonal-aumenta-em-40-risco-de-cancer-de-ovario/, skipping...
[ERROR - 2025-10-24 22:04:33,186 - Worker_2] Status code == 403 for http://noticias.uol.com.br/saude/ultimas-noticias/redacao/2015/06/09/menina-que-nasceu-sem-nariz-vai-receber-implante-feito-por-impressora-3d.htm, skipping...
[ERROR - 2025-10-24 22:04:40,913 - Worker_1] Status code == 403 for http://futebolemnumeros.blogosfera.uol.com.br/2015/06/09/neymar-e-messi-valem-mais-do-que-8-selecoes-da-copa-america/, skipping...
[ERROR - 2025-10-24 22:04:43,548 - Worker_4] Failed to connect with http://natelinha.ne10.uol.com.br/novelas/2015/06/09/globo-muda-grade-e-exibira-verdades-secretas-apos-babilonia-esta-semana-89690.php after 3 attempts, skipping...
[ERROR - 2025-10-24 22:04:47,693 - Worker_4] Status code == 403 for http://noticias.uol.com.br/saude/ultimas-noticias/redacao/2015/06/09/superbacteria-provoca-duas-mortes-em-hospital-de-sergipe.htm, skipping...
[ERROR - 2025-10-24 22:04:48,015 - Worker_0] Status code == 403 for http://noticias.uol.com.br/cotidiano/ultimas-noticias/2015/06/09/no-rio-ex-pm-acusado-de-matar-menino-joao-roberto-tera-novo-julgamento.htm, skipping...
[ERROR - 2025-10-24 22:04:48,213 - Worker_3] Status code == 500 for http://cinema.uol.com.br/noticias/redacao/2015/06/09/jackman-decidiu-deixar-o-papel-de-wolverine-apos-conselho-de-jerry-seinfeld.htm, skipping...
[ERROR - 2025-10-24 22:04:51,856 - Worker_4] Status code == 403 for http://noticias.uol.com.br/cotidiano/ultimas-noticias/2015/06/09/rj-suspeito-de-agressao-em-festa-sera-indiciado-por-tentativa-de-homicidio.htm, skipping...
[ERROR - 2025-10-24 22:04:52,558 - Worker_3] Status code == 404 for http://futebol.placar.esporte.uol.com.br/futebol/copa-do-mundo-feminina/2015/06/09/brasil-f-x-coreia-do-sul.htm, skipping...
[ERROR - 2025-10-24 22:04:54,818 - Worker_0] Status code == 403 for http://blogdosakamoto.blogosfera.uol.com.br/2015/06/09/veja-o-lado-positivo-agora-sabemos-quem-e-racista-machista-homofobico/, skipping...
[ERROR - 2025-10-24 22:04:56,033 - Worker_4] Status code == 403 for http://noticias.uol.com.br/album/2015/05/26/onda-de-calor-deixa-mais-de-800-mortos-na-india.htm?abrefoto=39, skipping...
[ERROR - 2025-10-24 22:04:56,667 - Worker_2] Status code == 403 for http://noticias.uol.com.br/ultimas-noticias/agencia-estado/2015/06/09/relator-protocola-parecer-que-propoe-reducao-da-maioridade-penal.htm, skipping...
[ERROR - 2025-10-24 22:04:59,618 - Worker_3] Status code == 403 for http://noticias.uol.com.br/ultimas-noticias/agencia-estado/2015/06/09/ccj-da-camara-aprova-projeto-que-proibe-uso-de-animais-em-filmes-pornograficos.htm, skipping...
[ERROR - 2025-10-24 22:05:03,883 - Worker_3] Status code == 403 for http://noticias.uol.com.br/politica/ultimas-noticias/2015/06/09/apos-delacao-cpi-quer-retencao-de-passaporte-para-garantir-depoimento-de-lobista.htm, skipping...
[ERROR - 2025-10-24 22:05:04,425 - Worker_4] Status code == 404 for http://esporte.uol.com.br/f1/ultimas-noticias/2015/06/09/alonso-faz-sua-pior-temporada-na-f1-desde-a-epoca-da-minardi.htm, skipping...
[ERROR - 2025-10-24 22:05:06,144 - Worker_0] Status code == 403 for http://noticias.uol.com.br/ultimas-noticias/agencia-estado/2015/06/09/pf-pede-a-bendine-informacoes-sobre-navios-sonda-no-golfo-do-mexico.htm, skipping...
[ERROR - 2025-10-24 22:05:10,315 - Worker_0] Status code == 403 for http://noticias.uol.com.br/ultimas-noticias/bbc/2015/06/09/conheca-a-1-igreja-da-maconha-reconhecida-pelo-estado-e-com-isencao-fiscal.htm, skipping...
[ERROR - 2025-10-24 22:05:10,581 - Worker_3] Status code == 403 for http://noticias.uol.com.br/internacional/ultimas-noticias/el-pais/2015/06/09/apos-incidentes-andarilhos-percorrem-caminho-de-santiago-com-temor.htm, skipping...
[ERROR - 2025-10-24 22:05:17,445 - Worker_3] Status code == 403 for http://noticias.uol.com.br/ultimas-noticias/agencia-estado/2015/06/09/governo-aceita-modificacoes-no-estatuto-da-crianca-e-do-adolescente.htm, skipping...
[ERROR - 2025-10-24 22:05:21,726 - Worker_3] Status code == 403 for http://blogdoboleiro.blogosfera.uol.com.br/2015/06/09/668/, skipping...
[ERROR - 2025-10-24 22:05:28,090 - Worker_2] Status code == 403 for http://noticias.uol.com.br/ciencia/album/2015/06/02/veja-imagens-de-ciencia-do-mes-junho2015.htm?abrefoto=22, skipping...
[ERROR - 2025-10-24 22:05:31,357 - Worker_0] Status code == 403 for http://blogdoperrone.blogosfera.uol.com.br/2015/06/pressionado-nobre-demite-em-media-um-tecnico-a-cada-tres-meses-em-um-ano/, skipping...
[ERROR - 2025-10-24 22:05:32,292 - Worker_2] Status code == 403 for http://noticias.uol.com.br/cotidiano/ultimas-noticias/2015/06/09/sindicato-aguardara-audiencia-para-decidir-volta-da-greve-de-trem-em-sp.htm, skipping...
[ERROR - 2025-10-24 22:05:43,187 - Worker_0] Status code == 403 for http://uolesportevetv.blogosfera.uol.com.br/2015/06/09/sem-globo-para-assistir-a-luta-de-cinturao-de-werdum-sera-preciso-pagar/, skipping...
[ERROR - 2025-10-24 22:05:43,706 - Worker_2] Status code == 403 for http://mauriciostycer.blogosfera.uol.com.br/2015/06/09/o-brasil-tem-um-novo-assunto-para-as-proximas-semanas/, skipping...
[ERROR - 2025-10-24 22:06:18,290 - Worker_4] Status code == 403 for http://josiasdesouza.blogosfera.uol.com.br/2015/06/10/ao-liberar-biografias-stf-da-licao-ao-congresso/, skipping...
[ERROR - 2025-10-24 22:06:26,712 - Worker_0] Status code == 403 for http://noticias.uol.com.br/ultimas-noticias/agencia-estado/2015/06/10/deputada-pedira-na-cpi-quebra-de-sigilos-do-instituto-e-de-empresa-de-lula.htm, skipping...
[ERROR - 2025-10-24 22:06:30,876 - Worker_0] Status code == 403 for http://noticias.uol.com.br/cotidiano/ultimas-noticias/2015/06/10/alerj-aprova-lei-que-proibe-porte-de-armas-brancas-no-rj.htm, skipping...
[ERROR - 2025-10-24 22:06:41,892 - Worker_0] Status code == 403 for http://noticias.uol.com.br/ultimas-noticias/agencia-estado/2015/06/10/defensoria-pede-r-1-mi-e-pensao-vitalicia-para-familia-de-pichador-morto-por-pms.htm, skipping...
[ERROR - 2025-10-24 22:06:50,687 - Worker_0] Status code == 403 for http://noticias.uol.com.br/ultimas-noticias/agencia-estado/2015/06/10/area-de-r-1-bilhao-na-zona-oeste-do-rio-e-alvo-de-disputa.htm, skipping...
[ERROR - 2025-10-24 22:06:53,611 - Worker_4] Status code == 403 for http://noticias.uol.com.br/ultimas-noticias/agencia-estado/2015/06/10/policia-procura-suspeito-de-jogar-acido-em-rosto-de-modelo-no-interior-de-sp.htm, skipping...
[ERROR - 2025-10-24 22:06:59,357 - Worker_0] Status code == 403 for http://noticias.uol.com.br/ultimas-noticias/agencia-estado/2015/06/10/gerente-diz-que-obra-de-unidade-do-comperj-foi-feita-com-dispensa-de-licitacao.htm, skipping...
[ERROR - 2025-10-24 22:07:05,975 - Worker_0] Status code == 403 for http://noticias.uol.com.br/ultimas-noticias/bbc/2015/06/10/por-que-querem-na-california-que-atores-pornos-usem-oculos.htm, skipping...
[ERROR - 2025-10-24 22:07:14,745 - Worker_3] Status code == 403 for http://pvc.blogosfera.uol.com.br/2015/06/10/a-incrivel-diferenca-de-tempo-para-montar-o-time-no-brasil-e-na-europa/, skipping...
[ERROR - 2025-10-24 22:07:17,916 - Worker_0] Status code == 403 for http://blogdomariomagalhaes.blogosfera.uol.com.br/2015/06/10/alo-stf-quem-gosta-de-censura-e-ditadura-censura-nunca-mais-biografias/, skipping...
[ERROR - 2025-10-24 22:07:19,123 - Worker_3] Status code == 403 for http://pvc.blogosfera.uol.com.br/2015/06/10/marcelo-oliveira-e-o-novo-tecnico-do-palmeiras-e-se-apresenta-na-sexta/, skipping...
[ERROR - 2025-10-24 22:07:26,878 - Worker_0] Status code == 403 for http://noticias.uol.com.br/cotidiano/ultimas-noticias/2015/06/10/video-registra-caes-sendo-maltratados-apos-serem-pegos-por-carrocinha-na-ba.htm, skipping...
[ERROR - 2025-10-24 22:07:31,538 - Worker_0] Status code == 404 for http://cenapop.virgula.uol.com.br/2015/06/10/84503-vip-libera-making-of-do-ensaio-sensual-de-maria-casadevall/, skipping...
[ERROR - 2025-10-24 22:07:37,238 - Worker_1] Status code == 403 for http://noticias.uol.com.br/cotidiano/ultimas-noticias/2015/06/10/policia-indicia-lider-do-pcc-em-ribeirao-por-matar-3-em-tribunal-do-crime.htm, skipping...
[ERROR - 2025-10-24 22:07:38,724 - Worker_3] Status code == 403 for http://noticias.uol.com.br/ultimas-noticias/agencia-estado/2015/06/10/novo-anhembi-custara-ate-r-2-bilhoes-e-pode-ser-24h.htm, skipping...
[ERROR - 2025-10-24 22:07:41,390 - Worker_1] Status code == 403 for http://noticias.uol.com.br/midiaglobal/nytimes/2015/06/10/a-heroina-nao-precisa-matar.htm, skipping...
[ERROR - 2025-10-24 22:07:52,914 - Worker_1] Status code == 403 for http://noticias.uol.com.br/cotidiano/ultimas-noticias/2015/06/10/greve-de-onibus-em-belo-horizonte-e-suspensa-por-24-horas-para-negociacao.htm, skipping...
[ERROR - 2025-10-24 22:08:05,318 - Worker_3] Status code == 404 for http://guia.uol.com.br/sao-paulo/passeios/noticias/2015/06/10/comic-con-experience-2015-tem-ingressos-a-partir-de-r-6999.htm, skipping...
[ERROR - 2025-10-24 22:08:09,605 - Worker_3] Status code == 403 for http://noticias.uol.com.br/ciencia/ultimas-noticias/efe/2015/06/11/nave-soyuz-aterrissa-no-cazaquistao.htm, skipping...
[ERROR - 2025-10-24 22:08:09,607 - Worker_2] Failed to connect with http://natelinha.ne10.uol.com.br/novelas/2015/06/11/verdades-grazi-massafera-se-transforma-e-choca-em-teste-para-fase-drogada-89754.php after 3 attempts, skipping...
[ERROR - 2025-10-24 22:08:13,854 - Worker_2] Status code == 403 for http://economia.uol.com.br/cotacoes/noticias/redacao/2015/06/11/bovespa-fecha-em-queda-de-035-puxada-por-acoes-do-bb-e-do-itau.htm, skipping...
[ERROR - 2025-10-24 22:08:15,616 - Worker_1] Status code == 403 for http://economia.uol.com.br/empregos-e-carreiras/noticias/redacao/2015/06/11/agua-morna-com-limao-e-musica-5-dicas-para-um-dia-de-trabalho-produtivo.htm, skipping...
[ERROR - 2025-10-24 22:08:19,870 - Worker_1] Status code == 403 for http://noticias.uol.com.br/ultimas-noticias/agencia-estado/2015/06/11/tentei-conciliar-com-posicao-do-senado-afirma-cunha-sobre-reforma-politica.htm, skipping...
[ERROR - 2025-10-24 22:08:20,788 - Worker_3] Status code == 403 for http://noticias.uol.com.br/cotidiano/ultimas-noticias/2015/06/10/quem-sao-os-4-jovens-acusados-de-estupro-coletivo-no-piaui.htm, skipping...
[ERROR - 2025-10-24 22:08:25,039 - Worker_3] Status code == 403 for http://omundoemmovimento.blogosfera.uol.com.br/2015/06/11/a-hora-do-vale-tudo/, skipping...
[ERROR - 2025-10-24 22:08:34,308 - Worker_1] Status code == 403 for http://noticias.uol.com.br/ultimas-noticias/agencia-estado/2015/06/11/aumentos-do-judiciario-gerariam-gasto-de-quase-r-25-bi-diz-ministro-barbosa.htm, skipping...
[ERROR - 2025-10-24 22:08:38,510 - Worker_1] Status code == 403 for http://noticias.uol.com.br/politica/ultimas-noticias/2015/06/11/camara-aprova-reducao-de-idade-para-candidatos-a-deputado.htm, skipping...
[ERROR - 2025-10-24 22:08:39,177 - Worker_3] Status code == 403 for http://noticias.uol.com.br/cotidiano/ultimas-noticias/2015/06/11/grupo-no-interior-de-sp-da-multa-moral-a-quem-estaciona-em-vaga-reservada.htm, skipping...
[ERROR - 2025-10-24 22:08:46,692 - Worker_0] Status code == 403 for http://noticias.uol.com.br/midiaglobal/the-international-new-york-times/2015/06/11/estudantes-se-organizam-e-fiscalizam-eleicoes-parlamentares-na-turquia.htm, skipping...
[ERROR - 2025-10-24 22:08:50,957 - Worker_0] Status code == 403 for http://blogdomenon.blogosfera.uol.com.br/2015/06/10/santos-joga-bem-faz-dois-gols-e-continua-rebaixado/, skipping...
[ERROR - 2025-10-24 22:08:54,401 - Worker_1] Status code == 403 for http://nagradedomma.blogosfera.uol.com.br/2015/06/11/ingressos-para-defesa-de-titulo-de-ronda-no-rio-vao-de-r-14750-a-r-2000/, skipping...
[ERROR - 2025-10-24 22:08:57,436 - Worker_0] Status code == 403 for http://noticias.uol.com.br/album/2015/06/11/jovens-aderem-a-mania-dos-jogos-vorazes-no-japao.htm?abrefoto=10, skipping...
[ERROR - 2025-10-24 22:08:58,659 - Worker_1] Status code == 403 for http://fastfut.blogosfera.uol.com.br/2015/06/11/estados-unidos-o-pais-do-futebol/, skipping...
[ERROR - 2025-10-24 22:08:59,790 - Worker_2] Status code == 403 for http://blogdojuca.uol.com.br/2015/06/e-honduras-endureceu/, skipping...
[ERROR - 2025-10-24 22:09:04,052 - Worker_0] Status code == 403 for http://noticias.uol.com.br/ultimas-noticias/reuters/2015/06/11/apaixonada-funcionaria-de-prisao-havia-concordado-em-dirigir-carro-de-fuga-de-detentos-em-ny.htm, skipping...
[ERROR - 2025-10-24 22:09:20,788 - Worker_4] Status code == 403 for http://uolesportevetv.blogosfera.uol.com.br/2015/06/11/selecao-de-volei-ja-fugiu-da-concentracao-para-ir-a-show-do-biquini-cavadao/, skipping...
[ERROR - 2025-10-24 22:09:47,664 - Worker_1] Status code == 403 for http://noticias.uol.com.br/saude/ultimas-noticias/redacao/2015/06/09/pais-faz-acordo-para-treinar-medicos-para-cirurgias-como-a-da-bebe-sofia.htm, skipping...
[ERROR - 2025-10-24 22:09:50,276 - Worker_0] Status code == 403 for http://educacao.uol.com.br/noticias/agencia-estado/2015/06/11/receita-investiga-sonegacao-de-r-100-mi-em-escolas-de-sao-paulo.htm, skipping...
[ERROR - 2025-10-24 22:09:54,016 - Worker_3] Status code == 403 for http://blogdosakamoto.blogosfera.uol.com.br/2015/06/10/o-congresso-nacional-tem-dono-e-definitivamente-nao-e-o-povo/, skipping...
[ERROR - 2025-10-24 22:09:54,986 - Worker_4] Status code == 403 for http://blogdojuca.uol.com.br/2015/06/o-golpe-da-bancada-da-bola/, skipping...
[ERROR - 2025-10-24 22:09:56,561 - Worker_1] Status code == 403 for http://balanacesta.blogosfera.uol.com.br/2015/06/11/com-8-1-em-casa-no-playoff-cavs-jogam-para-ficar-a-uma-vitoria-do-titulo/, skipping...
[ERROR - 2025-10-24 22:09:59,764 - Worker_2] Status code == 403 for http://educacao.uol.com.br/noticias/2015/06/11/greve-de-docentes-paralisa-25-das-63-universidades-federais-diz-sindicato.htm, skipping...
[ERROR - 2025-10-24 22:10:00,823 - Worker_1] Status code == 403 for http://fernandorodrigues.blogosfera.uol.com.br/2015/06/11/governo-volta-a-discutir-repatriacao-recursos-de-brasileiros-no-exterior/, skipping...
[ERROR - 2025-10-24 22:10:04,000 - Worker_2] Status code == 403 for http://reginanavarro.blogosfera.uol.com.br/2015/06/11/meu-marido-rasgou-minha-roupa-e-me-obrigou-a-transar-com-ele/, skipping...
[ERROR - 2025-10-24 22:10:10,375 - Worker_3] Status code == 403 for http://tablog.blogosfera.uol.com.br/2015/06/da-serie-entope-arteria-pizza-de-cachorro-quente-chega-aos-eua/, skipping...
[ERROR - 2025-10-24 22:10:16,608 - Worker_4] Status code == 403 for http://pvc.blogosfera.uol.com.br/2015/06/12/a-tabela-e-um-problema-extra-para-a-selecao-brasileira-na-copa-america/, skipping...
[ERROR - 2025-10-24 22:10:23,687 - Worker_4] Status code == 403 for http://blogdomariomagalhaes.blogosfera.uol.com.br/2015/06/12/governo-do-rj-torna-permanente-o-atraso-nas-bolsas-para-pesquisadores/, skipping...
[ERROR - 2025-10-24 22:10:25,803 - Worker_1] Status code == 403 for http://futebolemnumeros.blogosfera.uol.com.br/2015/06/12/so-um-time-foi-campeao-trocando-de-tecnico-ate-a-7a-rodada-desde-2003/, skipping...
[ERROR - 2025-10-24 22:10:32,424 - Worker_1] Status code == 403 for http://blogdoico.blogosfera.uol.com.br/2015/06/12/filho-de-massa-ja-anda-de-kart-mas-pode-virar-jogador-de-futebol/, skipping...
[ERROR - 2025-10-24 22:10:37,962 - Worker_4] Status code == 403 for http://andreoli.blogosfera.uol.com.br/2015/06/12/o-dia-das-namoradas-de-renato-gaucho/, skipping...
[ERROR - 2025-10-24 22:11:02,596 - Worker_2] Status code == 403 for http://noticias.uol.com.br/ultimas-noticias/agencia-estado/2015/06/12/tesoureiro-do-pt-defende-liberar-diretorios-a-receber-doacoes-de-empresas.htm, skipping...
[ERROR - 2025-10-24 22:11:04,202 - Worker_0] Status code == 403 for http://noticias.uol.com.br/cotidiano/ultimas-noticias/2015/06/10/quem-sao-os-4-jovens-acusados-de-estupro-coletivo-no-piaui.htm, skipping...
[ERROR - 2025-10-24 22:11:08,496 - Worker_0] Status code == 403 for http://educacao.uol.com.br/noticias/2015/06/10/de-feia-a-rainha-do-baile-estudante-negra-reage-a-bullying-com-vestido.htm, skipping...
[ERROR - 2025-10-24 22:11:09,525 - Worker_2] Status code == 403 for http://tecnologia.uol.com.br/noticias/redacao/2015/06/12/whatsapp-e-o-principal-meio-de-comunicacao-de-75-dos-casais-brasileiros.htm, skipping...
[ERROR - 2025-10-24 22:11:16,025 - Worker_2] Status code == 403 for http://noticias.uol.com.br/ultimas-noticias/agencia-estado/2015/06/12/itamaraty-vai-liberar-acesso-a-documentos-sobre-lula-e-odebrecht.htm, skipping...
[ERROR - 2025-10-24 22:11:24,744 - Worker_0] Status code == 403 for http://noticias.uol.com.br/ultimas-noticias/agencia-estado/2015/06/12/advogado-se-apresenta-como-testemunha-de-1-menor-apreendido-por-morte-de-medico.htm, skipping...
[ERROR - 2025-10-24 22:11:28,307 - Worker_2] Status code == 500 for http://entretenimento.uol.com.br/noticias/redacao/2015/06/12/virada-cultural-2015.htm, skipping...
[ERROR - 2025-10-24 22:11:28,921 - Worker_0] Status code == 403 for http://noticias.uol.com.br/ultimas-noticias/agencia-estado/2015/06/12/seguranca-do-rio-tera-verba-privada-ate-2018.htm, skipping...
[ERROR - 2025-10-24 22:11:35,588 - Worker_0] Status code == 403 for http://nagradedomma.blogosfera.uol.com.br/2015/06/12/antidoping-vira-crise-diplomatica-e-aldo-volta-a-colher-amostra-para-teste/, skipping...
[ERROR - 2025-10-24 22:11:37,079 - Worker_2] Status code == 403 for http://educacao.uol.com.br/noticias/2015/06/12/apos-mais-de-90-dias-professores-da-rede-estadual-de-sp-suspendem-greve.htm, skipping...
[ERROR - 2025-10-24 22:11:42,097 - Worker_0] Status code == 403 for http://noticias.uol.com.br/internacional/ultimas-noticias/2015/06/12/ativista-dos-direitos-civis-nos-eua-e-acusada-de-fingir-ser-afro-americana.htm, skipping...
[ERROR - 2025-10-24 22:11:46,625 - Worker_0] Status code == 403 for http://tecnologia.uol.com.br/noticias/reuters/2015/06/12/governo-reduzira-metas-do-programa-banda-larga-para-todos-diz-fonte.htm, skipping...
[ERROR - 2025-10-24 22:11:50,366 - Worker_1] Status code == 403 for http://noticias.uol.com.br/ultimas-noticias/agencia-estado/2015/06/12/governo-do-rio-paga-indenizacao-aos-pais-de-menino-morto-no-alemao.htm, skipping...
[ERROR - 2025-10-24 22:11:55,451 - Worker_0] Status code == 403 for http://noticias.uol.com.br/midiaglobal/elpais/2015/06/12/videos-de-celular-transformam-o-debate-racial-nos-estados-unidos.htm, skipping...
[ERROR - 2025-10-24 22:12:36,803 - Worker_0] Status code == 403 for http://blogdoperrone.blogosfera.uol.com.br/2015/06/empresa-envolvida-em-investigacao-sobre-felipao-recebe-pela-imagem-de-pato/, skipping...
[ERROR - 2025-10-24 22:12:46,535 - Worker_2] Status code == 403 for http://blogdoboleiro.blogosfera.uol.com.br/2015/06/12/presidente-do-santos-nega-vinda-de-oswaldo-de-oliveira-e-garante-marcelo/, skipping...
[ERROR - 2025-10-24 22:12:56,503 - Worker_0] Failed to connect with http://natelinha.ne10.uol.com.br/novelas/2015/06/12/verdades-secretas-novos-atores-vao-tirar-a-roupa-saiba-quem-sao-89773.php after 3 attempts, skipping...
[ERROR - 2025-10-24 22:12:58,275 - Worker_2] Status code == 403 for http://noticias.uol.com.br/saude/ultimas-noticias/reuters/2015/06/12/coreia-do-sul-isola-dois-hospitais-por-surto-de-mers.htm, skipping...
[ERROR - 2025-10-24 22:13:07,651 - Worker_2] Status code == 404 for http://futebol.placar.esporte.uol.com.br/futebol/brasileirao/2015/06/13/vasco-x-cruzeiro.htm, skipping...
[ERROR - 2025-10-24 22:13:08,029 - Worker_4] Status code == 403 for http://noticias.uol.com.br/album/album-do-dia/2015/06/13/imagens-do-dia---13-de-junho-de-2015.htm?abrefoto=38, skipping...
[ERROR - 2025-10-24 22:13:12,200 - Worker_4] Status code == 403 for http://noticias.uol.com.br/album/2015/01/02/olho-magico-2015.htm?fotoNavId=pr96994e704cf9b24eaacf3478e733cd20150611, skipping...
[ERROR - 2025-10-24 22:13:25,760 - Worker_3] Status code == 403 for http://tecnologia.uol.com.br/noticias/redacao/2015/06/13/apos-tour-pelo-mundo-puxado-por-namorada-fotografo-pop-do-instagram-casa.htm, skipping...
[ERROR - 2025-10-24 22:13:28,027 - Worker_4] Status code == 403 for http://noticias.uol.com.br/album/album-do-dia/2015/06/13/imagens-do-dia---13-de-junho-de-2015.htm?abrefoto=40, skipping...
[ERROR - 2025-10-24 22:13:34,389 - Worker_1] Status code == 403 for http://blogdojuca.uol.com.br/2015/06/o-brasil-esta-atras-do-paraguai-no-combate-a-corrupcao-no-futebol/, skipping...
[ERROR - 2025-10-24 22:13:35,210 - Worker_0] Status code == 403 for http://noticias.uol.com.br/album/bbc/2015/06/12/fotos-mostram-a-poesia-da-relacao-entre-homem-e-fenomenos-naturais.htm?abrefoto=2, skipping...
[ERROR - 2025-10-24 22:13:37,257 - Worker_4] Status code == 403 for http://uolesporte.blogosfera.uol.com.br/2015/06/13/galvao-e-ronaldo-levam-susto-durante-voo-no-chile/, skipping...
[ERROR - 2025-10-24 22:13:41,785 - Worker_0] Status code == 403 for http://noticias.uol.com.br/cotidiano/ultimas-noticias/2015/06/13/delegado-e-investigado-por-promover-mma-entre-presos-em-delegacia.htm, skipping...
[ERROR - 2025-10-24 22:13:43,759 - Worker_4] Status code == 403 for http://uolesporte.blogosfera.uol.com.br/2015/06/13/ex-de-cristiano-ronaldo-posa-sensual-em-propaganda-da-nike/, skipping...
[ERROR - 2025-10-24 22:13:48,688 - Worker_0] Status code == 403 for http://futebolemnumeros.blogosfera.uol.com.br/2015/06/13/brasil-nao-perde-para-o-peru-ha-30-anos/, skipping...
[ERROR - 2025-10-24 22:14:10,395 - Worker_4] Status code == 403 for http://josiasdesouza.blogosfera.uol.com.br/2015/06/13/no-jo-dilma-atinge-nirvana-autocongratulatorio/, skipping...
[ERROR - 2025-10-24 22:14:19,527 - Worker_3] Status code == 403 for http://mauriciostycer.blogosfera.uol.com.br/2015/06/13/sou-petista-de-raiz-brinca-jo-sobre-entrevista-historica-com-dilma/, skipping...
[ERROR - 2025-10-24 22:14:25,906 - Worker_1] Status code == 403 for http://noticias.uol.com.br/politica/ultimas-noticias/2015/06/13/em-entrevista-amena-a-jo-soares-dilma-defende-ajuste-fiscal-e-programas-socias.htm, skipping...
[ERROR - 2025-10-24 22:14:45,418 - Worker_1] Failed to connect with http://sensacionalista.uol.com.br/2015/06/14/gritos-de-toca-no-neymar-ja-superam-os-de-toca-raul-entre-brasileiros/ after 3 attempts, skipping...
[ERROR - 2025-10-24 22:14:46,554 - Worker_3] Status code == 403 for http://mauriciostycer.blogosfera.uol.com.br/2015/06/14/erros-de-continuidade-nao-mudam-a-vida-do-leitor-mas-divertem/, skipping...
[ERROR - 2025-10-24 22:15:02,025 - Worker_1] Status code == 403 for http://uolesportevetv.blogosfera.uol.com.br/2015/06/14/ronaldo-aponta-suspenso-suarez-como-possivel-cara-da-copa-america/, skipping...
[ERROR - 2025-10-24 22:15:11,621 - Worker_1] Status code == 403 for http://radiouol.blogosfera.uol.com.br/2015/06/12/in-edit-radio-show-destaca-documentarios-internacionais-do-festival/, skipping...
[ERROR - 2025-10-24 22:15:23,146 - Worker_1] Status code == 403 for http://nagradedomma.blogosfera.uol.com.br/2015/06/14/werdum-lava-a-alma-de-brasileiros-com-surra-e-atuacao-de-gala/, skipping...
[ERROR - 2025-10-24 22:15:29,568 - Worker_4] Failed to connect with http://esporte.uol.com.br/tenis/ultimas-noticias/2015/06/14/nadal-bate-servio-e-leva-taca-primeira-taca-na-grama-em-cinco-anos.htm after 3 attempts, skipping...
[ERROR - 2025-10-24 22:15:34,040 - Worker_4] Status code == 403 for http://blogdomariomagalhaes.blogosfera.uol.com.br/2015/06/14/fantasma-e-o-neymar-nao-o-7-a-1/, skipping...
[ERROR - 2025-10-24 22:15:44,287 - Worker_1] Status code == 403 for http://uolesportevetv.blogosfera.uol.com.br/2015/06/14/guga-ficou-com-lagrimas-nos-olhos-ao-entregar-trofeu-roland-garros/, skipping...
[ERROR - 2025-10-24 22:15:45,802 - Worker_4] Status code == 403 for http://noticias.uol.com.br/ciencia/ultimas-noticias/afp/2015/06/14/robo-philae-acorda-sobre-o-cometa-chury.htm, skipping...
[ERROR - 2025-10-24 22:15:48,766 - Worker_1] Status code == 403 for http://blogdomenon.blogosfera.uol.com.br/2015/06/14/e-dificil-torcer-para-a-selecao-brasileira/, skipping...
[ERROR - 2025-10-24 22:15:50,093 - Worker_4] Status code == 403 for http://blogdosakamoto.blogosfera.uol.com.br/2015/06/14/voce-e-violento-de-nascenca-ou-foi-doutrinado-nas-redes-sociais/, skipping...
[ERROR - 2025-10-24 22:15:52,995 - Worker_1] Status code == 403 for http://blogdoboleiro.blogosfera.uol.com.br/2015/06/14/incitacao-a-violencia-stjd-estuda-se-acusa-corinthians-por-frase-no-placar/, skipping...
[ERROR - 2025-10-24 22:15:54,263 - Worker_4] Status code == 403 for http://noticias.uol.com.br/ultimas-noticias/bbc/2015/06/14/conheca-o-drama-das-criancas-arrancadas-das-familias-em-experimento-social-na-dinamarca.htm, skipping...
[ERROR - 2025-10-24 22:15:58,536 - Worker_4] Status code == 403 for http://uolesporte.blogosfera.uol.com.br/2015/06/14/trio-msn-jogadores-da-base-do-barcelona-dao-show-de-golacos/, skipping...
[ERROR - 2025-10-24 22:16:03,890 - Worker_3] Status code == 403 for http://blogdojuca.uol.com.br/2015/06/o-respeito-voltou-so-na-cabeca-de-eurico-miranda/, skipping...
[ERROR - 2025-10-24 22:16:14,187 - Worker_3] Status code == 403 for http://nagradedomma.blogosfera.uol.com.br/2015/06/14/werdum-toma-mais-golpes-mas-energia-e-precisao-definem-conquista-do-titulo/, skipping...
[ERROR - 2025-10-24 22:16:18,374 - Worker_3] Status code == 403 for http://noticias.uol.com.br/ultimas-noticias/afp/2015/06/14/americana-que-tentava-cruzar-o-pacifico-a-remo-e-resgatada-no-japao.htm, skipping...
[ERROR - 2025-10-24 22:16:21,250 - Worker_1] Status code == 403 for http://noticias.uol.com.br/ultimas-noticias/efe/2015/06/14/egito-ordena-julgamento-militar-a-58-acusados-de-terrorismo.htm, skipping...
[ERROR - 2025-10-24 22:16:22,524 - Worker_3] Status code == 403 for http://noticias.uol.com.br/album/2015/06/14/castelo-do-piaui-tem-rotina-de-luto-e-medo-apos-estupro-coletivo.htm, skipping...
[ERROR - 2025-10-24 22:16:26,499 - Worker_2] Status code == 403 for http://noticias.uol.com.br/midiaglobal/the-international-new-york-times/2015/06/15/lideres-militares-de-putin-saem-do-controle.htm, skipping...
[ERROR - 2025-10-24 22:16:31,246 - Worker_2] Status code == 403 for http://tecnologia.uol.com.br/noticias/redacao/2015/06/15/lider-na-china-xiaomi-marca-evento-para-detalhar-atividades-no-brasil.htm, skipping...
[ERROR - 2025-10-24 22:16:31,721 - Worker_3] Status code == 403 for http://noticias.uol.com.br/ultimas-noticias/reuters/2015/06/15/exclusivo-russia-e-eua-competem-por-parceria-espacial-com-brasil.htm, skipping...
[ERROR - 2025-10-24 22:16:35,621 - Worker_4] Status code == 403 for http://blogdosakamoto.blogosfera.uol.com.br/2015/06/15/a-cruz-a-transexual-e-a-volta-triunfante-das-fogueiras-da-inquisicao/, skipping...
[ERROR - 2025-10-24 22:16:40,136 - Worker_2] Status code == 403 for http://noticias.uol.com.br/ultimas-noticias/bbc/2015/06/15/atentado-suicida-de-britanico-de-17-anos-no-iraque-deixa-cidade-natal-em-choque.htm, skipping...
[ERROR - 2025-10-24 22:16:45,878 - Worker_3] Status code == 403 for http://noticias.uol.com.br/ultimas-noticias/efe/2015/06/14/antiga-residencia-de-al-capone-em-miami-beach-e-colocada-para-aluguel.htm, skipping...
[ERROR - 2025-10-24 22:17:02,145 - Worker_4] Status code == 403 for http://educacao.uol.com.br/colunas/guilherme-cabral/2015/06/15/terceirizacao-da-educacao-por-mais-lucro-a-empresa-educacional.htm, skipping...
[ERROR - 2025-10-24 22:17:02,384 - Worker_3] Status code == 500 for http://musica.uol.com.br/noticias/redacao/2015/06/15/ed-sheeran-sobe-em-palco-de-shopping-no-canada-para-cantar-com-fa.htm, skipping...
[ERROR - 2025-10-24 22:17:15,629 - Worker_1] Status code == 403 for http://noticias.uol.com.br/ultimas-noticias/agencia-estado/2015/06/15/problemas-tecnicos-atrasam-emissao-de-vistos-para-os-eua.htm, skipping...
[ERROR - 2025-10-24 22:17:19,964 - Worker_1] Status code == 403 for http://josecruz.blogosfera.uol.com.br/2015/06/dia-triste-na-historia-do-futebol/, skipping...
[ERROR - 2025-10-24 22:17:41,421 - Worker_3] Status code == 403 for http://noticias.uol.com.br/ultimas-noticias/agencia-estado/2015/06/15/gasto-extra-do-governo-com-aposentadorias-pode-ser-de-r-185-bi-ate-2030.htm, skipping...
[ERROR - 2025-10-24 22:17:41,454 - Worker_0] Status code == 403 for http://economia.uol.com.br/noticias/valor-online/2015/06/15/balanca-comercial-reverte-resultado-no-ano-e-passa-a-ter-superavit.htm, skipping...
[ERROR - 2025-10-24 22:17:45,607 - Worker_3] Status code == 403 for http://noticias.uol.com.br/cotidiano/ultimas-noticias/2015/06/15/mp-apresenta-acusacao-contra-suspeito-de-estupro-coletivo-no-piaui.htm, skipping...
[ERROR - 2025-10-24 22:17:53,978 - Worker_1] Status code == 404 for http://esporte.uol.com.br/f1/ultimas-noticias/2015/06/15/carros-de-piquet-e-senna-eram-mais-dificeis-de-pilotar-diz-engenheiro.htm, skipping...
[ERROR - 2025-10-24 22:17:55,749 - Worker_0] Status code == 403 for http://economia.uol.com.br/noticias/reuters/2015/06/15/embraer-obtem-50-pedidos-firmes-avaliados-em-us26-bi.htm, skipping...
[ERROR - 2025-10-24 22:18:03,750 - Worker_3] Status code == 403 for http://economia.uol.com.br/noticias/bbc/2015/06/15/de-crianca-abandonada-a-multimilionario-a-historia-do-beduino-orfao-que-virou-empreendedor-do-ano.htm, skipping...
[ERROR - 2025-10-24 22:18:09,025 - Worker_2] Status code == 403 for http://josiasdesouza.blogosfera.uol.com.br/2015/06/15/cunha-e-renan-viram-cabos-eleitorais-de-janot/, skipping...
[ERROR - 2025-10-24 22:18:09,365 - Worker_0] Status code == 403 for http://economia.uol.com.br/noticias/reuters/2015/06/15/embraer-fecha-contrato-com-mali-para-aquisicao-de-6-a-29-super-tucano.htm, skipping...
[ERROR - 2025-10-24 22:18:34,160 - Worker_2] Status code == 403 for http://economia.uol.com.br/noticias/valor-online/2015/06/16/vendas-de-veiculos-sobem-em-abril-apos-quatro-quedas-consecutivas.htm, skipping...
[ERROR - 2025-10-24 22:18:40,975 - Worker_4] Status code == 403 for http://economia.uol.com.br/empregos-e-carreiras/noticias/redacao/2015/06/16/salario-das-mulheres-era-r-479-menor-do-que-o-de-homens-em-2013-diz-ibge.htm, skipping...
[ERROR - 2025-10-24 22:19:01,041 - Worker_4] Status code == 403 for http://noticias.uol.com.br/opiniao/coluna/2015/06/16/regulamentacao-da-terceirizacao-nao-pode-ser-feita-as-pressas.htm, skipping...
[ERROR - 2025-10-24 22:19:05,325 - Worker_4] Status code == 403 for http://nagradedomma.blogosfera.uol.com.br/2015/06/16/por-que-fabricio-werdum-e-o-maior-peso-pesado-da-historia-do-mma/, skipping...
[ERROR - 2025-10-24 22:19:06,710 - Worker_1] Status code == 403 for http://colunaesplanada.blogosfera.uol.com.br/2015/06/16/no-ostracismo-sarney-bate-as-portas-com-lista-de-apadrinhados/, skipping...
[ERROR - 2025-10-24 22:19:16,724 - Worker_4] Status code == 403 for http://noticias.uol.com.br/ultimas-noticias/agencia-estado/2015/06/16/prefeitura-estuda-fechar-avenida-paulista-aos-domingos.htm, skipping...
[ERROR - 2025-10-24 22:19:17,740 - Worker_3] Status code == 403 for http://noticias.uol.com.br/politica/ultimas-noticias/2015/06/16/apos-posse-fachin-diz-que-atuara-no-stf-combinando-emocao-com-missao.htm, skipping...
[ERROR - 2025-10-24 22:19:20,283 - Worker_2] Status code == 403 for http://blogdojuca.uol.com.br/2015/06/a-traffic-de-j-hawilla-uma-velha-conhecida/, skipping...
[ERROR - 2025-10-24 22:19:21,878 - Worker_3] Status code == 403 for http://noticias.uol.com.br/ultimas-noticias/agencia-estado/2015/06/16/parlamentares-do-pt-obstruem-sessao-da-cpi-da-petrobras-apos-bronca-de-lula.htm, skipping...
[ERROR - 2025-10-24 22:19:26,057 - Worker_3] Status code == 403 for http://noticias.uol.com.br/ultimas-noticias/agencia-estado/2015/06/16/lider-do-pt-defende-que-dilma-nao-vete-fim-do-fator-previdenciario.htm, skipping...
[ERROR - 2025-10-24 22:19:29,320 - Worker_2] Status code == 403 for http://josiasdesouza.blogosfera.uol.com.br/2015/06/16/presenca-de-investigados-tisna-posse-de-fachin/, skipping...
[ERROR - 2025-10-24 22:19:51,444 - Worker_1] Status code == 404 for http://esporte.band.uol.com.br/osdonosdabola/videos/2015/06/16/15508278/wilson-mano-e-dono-de-postos-de-gasolina.html, skipping...
[ERROR - 2025-10-24 22:19:52,508 - Worker_2] Status code == 403 for http://noticias.uol.com.br/cotidiano/ultimas-noticias/2015/06/16/trafego-no-metro-do-rio-e-interrompido-e-passageiros-ficam-presos-em-trens.htm, skipping...
[ERROR - 2025-10-24 22:19:56,659 - Worker_2] Status code == 403 for http://noticias.uol.com.br/tabloide/ultimas-noticias/tabloideanas/2015/06/16/na-inglaterra-gravida-nao-consegue-parar-de-comer-sabonete.htm, skipping...
[ERROR - 2025-10-24 22:19:59,299 - Worker_3] Status code == 403 for http://noticias.uol.com.br/ultimas-noticias/reuters/2015/06/16/governo-esta-confiante-na-aprovacao-de-suas-contas-diz-nelson-barbosa.htm, skipping...
[ERROR - 2025-10-24 22:20:00,633 - Worker_1] Status code == 403 for http://uolesportevetv.blogosfera.uol.com.br/2015/06/16/globo-cancela-jo-e-serie-para-mostrar-ao-vivo-brasil-na-semifinal-do-sub-20/, skipping...
[ERROR - 2025-10-24 22:20:00,826 - Worker_2] Status code == 403 for http://noticias.uol.com.br/ciencia/album/2015/06/02/veja-imagens-de-ciencia-do-mes-junho2015.htm?abrefoto=43, skipping...
[ERROR - 2025-10-24 22:20:03,527 - Worker_3] Status code == 403 for http://paginacinco.blogosfera.uol.com.br/2015/06/16/junto-de-quarto-filme-livro-que-originou-jurassic-park-ganha-nova-edicao/, skipping...
[ERROR - 2025-10-24 22:20:05,004 - Worker_2] Status code == 403 for http://noticias.uol.com.br/ultimas-noticias/agencia-estado/2015/06/16/relator-descarta-aprovacao-com-ressalvas-das-contas-do-governo.htm, skipping...
[ERROR - 2025-10-24 22:20:09,239 - Worker_2] Status code == 403 for http://blogdoboleiro.blogosfera.uol.com.br/2015/06/16/promotor-vai-intimar-ex-presidente-da-lusa-para-explicar-suborno-e-senador/, skipping...
[ERROR - 2025-10-24 22:20:10,451 - Worker_3] Status code == 404 for http://futebol.placar.esporte.uol.com.br/futebol/copa-america/2015/06/16/argentina-x-uruguai.htm, skipping...
[ERROR - 2025-10-24 22:20:11,626 - Worker_1] Status code == 403 for http://noticias.uol.com.br/cotidiano/ultimas-noticias/2015/06/16/nao-classifico-as-pessoas-diz-criador-da-iniciativa-jesuscuraahomofobia.htm, skipping...
[ERROR - 2025-10-24 22:20:17,940 - Worker_2] Status code == 403 for http://josiasdesouza.blogosfera.uol.com.br/2015/06/16/aposentadoria-renan-marca-sessao-da-derrubada-do-veto-antes-que-dilma-vete/, skipping...
[ERROR - 2025-10-24 22:20:20,419 - Worker_3] Status code == 404 for http://esporte.uol.com.br/futebol/campeonatos/brasileiro/serie-a/ultimas-noticias/2015/06/16/goleiro-do-fla-se-machuca-e-deixa-treino-carregado-direto-para-hospital.htm, skipping...
[ERROR - 2025-10-24 22:20:20,473 - Worker_1] Status code == 403 for http://andreoli.blogosfera.uol.com.br/2015/06/16/cantor-simoninha-fala-da-atual-fase-do-verdao-e-dos-escandalos-no-futebol/, skipping...
[ERROR - 2025-10-24 22:20:24,618 - Worker_3] Status code == 403 for http://noticias.uol.com.br/album/album-do-dia/2015/06/16/imagens-do-dia---16-de-junho-de-2015.htm?abrefoto=46, skipping...
[ERROR - 2025-10-24 22:20:31,442 - Worker_3] Status code == 403 for http://noticias.uol.com.br/midiaglobal/lemonde/2015/06/16/a-crise-europeia-da-imigracao-chega-a-franca.htm, skipping...
[ERROR - 2025-10-24 22:20:35,629 - Worker_3] Status code == 403 for http://noticias.uol.com.br/ultimas-noticias/agencia-estado/2015/06/16/dilma-discutira-fator-previdenciario-com-senadores-em-jantar-no-alvorada.htm, skipping...
[ERROR - 2025-10-24 22:20:39,912 - Worker_2] Status code == 403 for http://josiasdesouza.blogosfera.uol.com.br/2015/06/17/prazo-que-o-tcu-deu-a-dilma-e-inconstitucional/, skipping...
[ERROR - 2025-10-24 22:20:46,637 - Worker_2] Status code == 403 for http://noticias.uol.com.br/ultimas-noticias/agencia-estado/2015/06/17/dilma-sanciona-com-dois-vetos-mp-665-que-limita-acesso-ao-seguro-desemprego.htm, skipping...
[ERROR - 2025-10-24 22:20:50,886 - Worker_2] Status code == 403 for http://uolesporte.blogosfera.uol.com.br/2015/06/17/ela-e-noiva-de-xodo-de-dunga-e-uma-foto-sua-ja-foi-parar-na-justica/, skipping...
[ERROR - 2025-10-24 22:20:51,431 - Worker_4] Status code == 403 for http://blogdomariomagalhaes.blogosfera.uol.com.br/2015/06/17/passo-o-ponto-em-menos-de-um-mes-3a-livraria-do-rio-anuncia-fechamento/, skipping...
[ERROR - 2025-10-24 22:21:23,602 - Worker_3] Failed to connect with http://natelinha.ne10.uol.com.br/mulher/2015/06/07/exercicios-que-mantem-seus-bracos-definidos-89619.php after 3 attempts, skipping...
[ERROR - 2025-10-24 22:21:30,527 - Worker_0] Status code == 403 for http://rodrigomattos.blogosfera.uol.com.br/2015/06/17/futebol-brasileiro-transforma-prisao-de-marin-em-novo-apagao/, skipping...
[ERROR - 2025-10-24 22:21:39,595 - Worker_4] Status code == 403 for http://noticias.uol.com.br/cotidiano/ultimas-noticias/2015/06/17/sob-protesto-e-forte-seguranca-comissao-aprova-reducao-da-maioridade-penal.htm, skipping...
[ERROR - 2025-10-24 22:21:39,600 - Worker_0] Status code == 403 for http://noticias.uol.com.br/ultimas-noticias/agencia-estado/2015/06/17/estudante-tem-braco-amputado-apos-fugir-de-assalto-dentro-de-trem-no-rio.htm, skipping...
[ERROR - 2025-10-24 22:21:43,785 - Worker_4] Status code == 404 for http://noticias.uol.com.br/ultimas-noticias/afp/2015/06/17/crise-de-migrantes-hungria-fecha-fronteira-e-servia-reage.htm, skipping...
[ERROR - 2025-10-24 22:21:52,799 - Worker_4] Status code == 403 for http://blogdoico.blogosfera.uol.com.br/2015/06/17/daniel-ricciardo-esta-perdendo-o-sorriso/, skipping...
[ERROR - 2025-10-24 22:21:58,264 - Worker_1] Status code == 403 for http://blogdojuca.uol.com.br/2015/06/do-deputado-sanchez-panca/, skipping...
[ERROR - 2025-10-24 22:22:20,168 - Worker_1] Failed to connect with http://sensacionalista.uol.com.br/2015/06/17/noticia-de-que-nutella-destroi-o-meio-ambiente-faz-mulher-devorar-pote-de-nutella/ after 3 attempts, skipping...
[ERROR - 2025-10-24 22:22:31,967 - Worker_1] Status code == 403 for http://nagradedomma.blogosfera.uol.com.br/2015/06/17/revanche-a-vista-qual-e-a-situacao-dos-possiveis-rivais-de-werdum/, skipping...
[ERROR - 2025-10-24 22:22:36,357 - Worker_1] Status code == 403 for http://blogdosakamoto.blogosfera.uol.com.br/2015/06/17/reducao-da-maioridade-penal-no-filho-dos-outros-e-refresco/, skipping...
[ERROR - 2025-10-24 22:22:44,042 - Worker_3] Status code == 403 for http://noticias.uol.com.br/ultimas-noticias/agencia-estado/2015/06/18/haddad-veta-lei-que-proibia-uso-de-mascaras-em-predios-municipais.htm, skipping...
[ERROR - 2025-10-24 22:22:50,235 - Worker_2] Status code == 403 for http://educacao.uol.com.br/noticias/2015/06/18/professores-da-rede-estadual-de-sergipe-poem-fim-a-greve-de-um-mes.htm, skipping...
[ERROR - 2025-10-24 22:22:53,002 - Worker_0] Status code == 403 for http://blogdosakamoto.blogosfera.uol.com.br/2015/06/18/apos-votarem-pelo-retorno-da-monarquia-deputados-fazem-festa-no-congresso/, skipping...
[ERROR - 2025-10-24 22:22:59,115 - Worker_2] Status code == 403 for http://noticias.uol.com.br/midiaglobal/lemonde/2015/06/18/escritor-faz-apelo-contra-uso-de-veu-no-egito-e-causa-polemica.htm, skipping...
[ERROR - 2025-10-24 22:23:09,610 - Worker_0] Status code == 403 for http://noticias.uol.com.br/saude/ultimas-noticias/the-new-york-times/2015/06/16/homem-que-pesava-445-quilos-se-adapta-apos-retirar-excesso-de-pele.htm, skipping...
[ERROR - 2025-10-24 22:23:16,106 - Worker_0] Status code == 403 for http://noticias.uol.com.br/ultimas-noticias/agencia-estado/2015/06/18/promotoria-entra-com-65-acoes-por-irregularidades-em-obras-no-tocantins.htm, skipping...
[ERROR - 2025-10-24 22:23:26,069 - Worker_0] Status code == 403 for http://noticias.uol.com.br/politica/ultimas-noticias/2015/06/18/advogado-de-investigado-na-lava-jato-concorrera-a-vaga-no-tse.htm, skipping...
[ERROR - 2025-10-24 22:23:29,033 - Worker_4] Status code == 403 for http://josecruz.blogosfera.uol.com.br/2015/06/romario-no-ataque-contra-a-retranca-da-cpi/, skipping...
[ERROR - 2025-10-24 22:23:33,191 - Worker_4] Status code == 403 for http://noticias.uol.com.br/ultimas-noticias/reuters/2015/06/18/senadores-decidem-voltar-ao-brasil-apos-serem-hostilizados-na-venezuela.htm, skipping...
[ERROR - 2025-10-24 22:23:47,989 - Worker_4] Status code == 403 for http://fastfut.blogosfera.uol.com.br/2015/06/18/as-cabecadas-de-neymar-brigas-e-sonegacao/, skipping...
[ERROR - 2025-10-24 22:23:50,122 - Worker_0] Status code == 403 for http://noticias.uol.com.br/album/album-do-dia/2015/06/18/imagens-do-dia---18-de-junho-de-2015.htm?abrefoto=45, skipping...
[ERROR - 2025-10-24 22:23:52,219 - Worker_4] Status code == 403 for http://balanacesta.blogosfera.uol.com.br/2015/06/18/nao-criemos-panico-o-cleveland-foi-ao-maximo-que-poderia/, skipping...
[ERROR - 2025-10-24 22:24:00,164 - Worker_0] Status code == 403 for http://blogdomariomagalhaes.blogosfera.uol.com.br/2015/06/18/neymar-nao-e-problema-e-salvacao/, skipping...
[ERROR - 2025-10-24 22:24:04,402 - Worker_0] Status code == 403 for http://blogdoboleiro.blogosfera.uol.com.br/2015/06/18/fabio-santos-inicia-conversa-com-mexicanos-tite-fica-irritado-com-venda/, skipping...
[ERROR - 2025-10-24 22:24:07,577 - Worker_2] Status code == 404 for http://entretenimento.band.uol.com.br/masterchef/2015/noticias/100000757021/cristiano-dispara-contra-iranete-ela-me-traiu-foi-falsa.html, skipping...
[ERROR - 2025-10-24 22:24:17,989 - Worker_4] Status code == 403 for http://nagradedomma.blogosfera.uol.com.br/2015/06/18/dana-avisa-que-proximo-rival-de-werdum-sera-arlovski-ou-miocic/, skipping...
[ERROR - 2025-10-24 22:24:20,066 - Worker_2] Status code == 403 for http://josiasdesouza.blogosfera.uol.com.br/2015/06/18/fracassada-a-missao-de-senadores-na-venezuela-foi-um-retumbante-sucesso/, skipping...
[ERROR - 2025-10-24 22:24:20,392 - Worker_3] Status code == 404 for http://futebol.placar.esporte.uol.com.br/futebol/copa-america/2015/06/18/peru-x-venezuela.htm, skipping...
[ERROR - 2025-10-24 22:24:21,221 - Worker_0] Status code == 403 for http://noticias.uol.com.br/blogs-e-colunas/coluna/thomas-friedman/2015/06/18/nenhuma-das-respostas-anteriores.htm, skipping...
[ERROR - 2025-10-24 22:24:24,656 - Worker_3] Status code == 403 for http://blogdoperrone.blogosfera.uol.com.br/2015/06/saiba-como-juiz-derrubou-argumentos-de-pato-em-processo/, skipping...
[ERROR - 2025-10-24 22:24:29,569 - Worker_4] Status code == 403 for http://noticias.uol.com.br/ultimas-noticias/afp/2015/06/18/carros-serao-proibidos-de-circular-no-central-park-de-nova-york.htm, skipping...
[ERROR - 2025-10-24 22:24:41,011 - Worker_0] Status code == 403 for http://noticias.uol.com.br/internacional/ultimas-noticias/2015/06/18/saiba-quem-sao-as-nove-vitimas-do-massacre-em-igreja-dos-eua.htm, skipping...
[ERROR - 2025-10-24 22:24:44,403 - Worker_4] Failed to connect with http://natelinha.ne10.uol.com.br/novelas/2015/06/18/diogo-sofre-acidente-ao-saltar-de-trampolim-beatriz-se-desespera-89968.php after 3 attempts, skipping...
[ERROR - 2025-10-24 22:24:48,654 - Worker_4] Status code == 403 for http://educacao.uol.com.br/noticias/2015/06/18/napoleao-6-curiosidades-e-lendas-sobre-essa-personalidade-historica.htm, skipping...
[ERROR - 2025-10-24 22:24:51,315 - Worker_2] Status code == 403 for http://noticias.uol.com.br/ultimas-noticias/agencia-estado/2015/06/19/delator-indica-que-odebrecht-sabia-de-propina-para-eduardo-campos.htm, skipping...
[ERROR - 2025-10-24 22:24:57,773 - Worker_2] Status code == 403 for http://educacao.uol.com.br/noticias/2015/06/19/professora-mexicana-punida-por-ensinar-alunos-a-beber-tequila.htm, skipping...
[ERROR - 2025-10-24 22:25:03,499 - Worker_4] Status code == 403 for http://noticias.uol.com.br/politica/ultimas-noticias/2015/06/19/presidente-da-andrade-gutierrez-entra-com-pedido-de-liberdade.htm, skipping...
[ERROR - 2025-10-24 22:25:04,510 - Worker_1] Status code == 403 for http://economia.uol.com.br/noticias/reuters/2015/06/19/ipca-15-e-ibc-br-mostram-economia-fragil-e-colocam-alerta-sobre-recuperacao-em-2016.htm, skipping...
[ERROR - 2025-10-24 22:25:06,787 - Worker_2] Status code == 403 for http://noticias.uol.com.br/ultimas-noticias/agencia-estado/2015/06/19/em-nota-arno-augustin-assume-responsabilidade-por-liberar-recursos-do-orcamento.htm, skipping...
[ERROR - 2025-10-24 22:25:07,912 - Worker_4] Status code == 403 for http://blogdoperrone.blogosfera.uol.com.br/2015/06/empresa-do-chefe-da-delegacao-da-selecao-organiza-pelada-no-allianz-parque/, skipping...
[ERROR - 2025-10-24 22:25:08,662 - Worker_1] Status code == 403 for http://josiasdesouza.blogosfera.uol.com.br/2015/06/19/por-ordem-do-itamaraty-embaixador-nao-acompanhou-os-senadores-em-caracas/, skipping...
[ERROR - 2025-10-24 22:25:17,311 - Worker_4] Status code == 403 for http://noticias.uol.com.br/ultimas-noticias/agencia-estado/2015/06/19/mais-veiculos-e-uso-de-termicas-elevam-poluicao-em-sp-aponta-ibge.htm, skipping...
[ERROR - 2025-10-24 22:25:20,948 - Worker_2] Status code == 403 for http://economia.uol.com.br/noticias/redacao/2015/06/19/conselho-de-publicidade-manda-itaipava-suspender-propagada-sensual-demais.htm, skipping...
[ERROR - 2025-10-24 22:25:21,574 - Worker_4] Status code == 403 for http://blogdoico.blogosfera.uol.com.br/2015/06/19/red-bull-pode-mesmo-sair-da-f-1-para-compra-la-depois/, skipping...
[ERROR - 2025-10-24 22:25:26,470 - Worker_1] Status code == 403 for http://noticias.uol.com.br/ultimas-noticias/afp/2015/06/19/fundador-do-wikileaks-completa-3-anos-refugiado-em-embaixada-em-londres.htm, skipping...
[ERROR - 2025-10-24 22:25:28,332 - Worker_4] Status code == 403 for http://blogdoboleiro.blogosfera.uol.com.br/2015/06/19/danilo-ja-decidiu-nao-vai-renovar-contrato-com-o-corinthians/, skipping...
[ERROR - 2025-10-24 22:25:28,568 - Worker_0] Status code == 403 for http://noticias.uol.com.br/politica/ultimas-noticias/2015/06/19/por-hipoglicemia-defesa-de-presidente-da-odebrecht-pede-dieta-na-prisao.htm, skipping...
[ERROR - 2025-10-24 22:25:30,442 - Worker_2] Status code == 403 for http://economia.uol.com.br/empregos-e-carreiras/noticias/redacao/2015/06/19/pais-fecha-1156-mil-vagas-com-carteira-assinada-e-o-pior-maio-desde-1992.htm, skipping...
[ERROR - 2025-10-24 22:25:32,763 - Worker_0] Status code == 403 for http://noticias.uol.com.br/ultimas-noticias/agencia-estado/2015/06/19/morte-de-medium-e-considerada-um-misterio-por-companheiros-de-centro-espirita.htm, skipping...
[ERROR - 2025-10-24 22:25:37,182 - Worker_4] Status code == 403 for http://noticias.uol.com.br/ultimas-noticias/agencia-estado/2015/06/19/braskem-confirma-que-pf-cumpre-mandado-de-busca-e-apreensao-em-sua-sede.htm, skipping...
[ERROR - 2025-10-24 22:25:46,442 - Worker_1] Status code == 403 for http://noticias.uol.com.br/cotidiano/ultimas-noticias/2015/06/19/casas-doadas-a-vitimas-da-cheia-em-al-e-pe-viram-igreja-bar-e-boca-de-fumo.htm, skipping...
[ERROR - 2025-10-24 22:25:54,224 - Worker_4] Status code == 403 for http://noticias.uol.com.br/ultimas-noticias/agencia-estado/2015/06/19/marcelo-odebrecht-ficou-completamente-chocado-diz-fonte-ligada-a-empresa.htm, skipping...
[ERROR - 2025-10-24 22:25:58,516 - Worker_4] Status code == 403 for http://tablog.blogosfera.uol.com.br/2015/06/fotos-de-time-de-beisebol-so-de-meninas-inspiradas-em-frozen-bombam/, skipping...
[ERROR - 2025-10-24 22:25:59,459 - Worker_2] Status code == 403 for http://noticias.uol.com.br/album/2015/06/18/desemprego-faz-agricultores-e-homens-formados-se-arriscarem-em-pedreiras-do-egito.htm?abrefoto=10, skipping...
[ERROR - 2025-10-24 22:26:03,695 - Worker_2] Status code == 403 for http://educacao.uol.com.br/noticias/agencia-estado/2015/06/19/ufrj-cria-site-de-pre-matricula-para-sisu-em-resposta-a-boicote.htm, skipping...
[ERROR - 2025-10-24 22:26:12,953 - Worker_2] Status code == 403 for http://noticias.uol.com.br/cotidiano/ultimas-noticias/2015/06/19/tumulo-do-medium-chico-xavier-em-uberaba-mg-e-danificado.htm, skipping...
[ERROR - 2025-10-24 22:26:40,314 - Worker_3] Status code == 403 for http://noticias.uol.com.br/meio-ambiente/ultimas-noticias/redacao/2015/06/19/em-16-anos-desmatamento-da-amazonia-legal-foi-quase-do-tamanho-de-sp.htm, skipping...
[ERROR - 2025-10-24 22:26:48,958 - Worker_0] Status code == 403 for http://noticias.uol.com.br/ultimas-noticias/agencia-estado/2015/06/19/uso-de-agrotoxicos-no-brasil-mais-que-dobra-entre-2000-e-2012.htm, skipping...
[ERROR - 2025-10-24 22:26:49,838 - Worker_3] Status code == 403 for http://noticias.uol.com.br/midiaglobal/elpais/2015/06/19/a-crise-da-agua-no-ganges.htm, skipping...
[ERROR - 2025-10-24 22:26:53,399 - Worker_0] Status code == 403 for http://paginacinco.blogosfera.uol.com.br/2015/06/19/a-carta-de-mario-de-andrade-preconceitos-e-os-genios-gays-da-literatura/, skipping...
[ERROR - 2025-10-24 22:26:54,772 - Worker_4] Status code == 404 for http://futebol.placar.esporte.uol.com.br/futebol/brasileirao/2015/06/20/gremio-x-palmeiras.htm, skipping...
[ERROR - 2025-10-24 22:26:57,925 - Worker_0] Status code == 403 for http://uolesporte.blogosfera.uol.com.br/2015/06/20/ta-bombando-aguero-da-jeito-curioso-de-usar-o-twitter-e-continuar-jogando/, skipping...
[ERROR - 2025-10-24 22:26:59,017 - Worker_4] Status code == 403 for http://pvc.blogosfera.uol.com.br/2015/06/20/na-selecao-de-homens-que-dunga-deseja-o-tecnico-demonstrou-maturidade/, skipping...
[ERROR - 2025-10-24 22:26:59,309 - Worker_3] Status code == 403 for http://reginanavarro.blogosfera.uol.com.br/2015/06/20/filhos-de-pais-separados/, skipping...
[ERROR - 2025-10-24 22:27:03,560 - Worker_3] Status code == 403 for http://uolesportevetv.blogosfera.uol.com.br/2015/06/20/na-volta-aos-comentarios-na-tv-casagrande-critica-falta-de-ousadia-de-tite/, skipping...
[ERROR - 2025-10-24 22:27:07,887 - Worker_3] Status code == 403 for http://josiasdesouza.blogosfera.uol.com.br/2015/06/20/brasilia-vive-psicose-do-periodo-pos-odebrecht/, skipping...
[ERROR - 2025-10-24 22:27:12,139 - Worker_4] Status code == 403 for http://noticias.uol.com.br/ultimas-noticias/agencia-estado/2015/06/20/cardozo-descarta-preocupacao-de-que-investigacoes-cheguem-ao-planalto.htm, skipping...
[ERROR - 2025-10-24 22:27:13,421 - Worker_1] Status code == 403 for http://blogdojuca.uol.com.br/2015/06/absurdo-brasil-pega-venezuela-sabendo-do-que-precisa/, skipping...
[ERROR - 2025-10-24 22:27:25,149 - Worker_2] Status code == 403 for http://todosabordo.blogosfera.uol.com.br/2015/06/19/companhia-sorteia-100-milhoes-de-milhas-ate-o-fim-das-ferias-de-julho/, skipping...
[ERROR - 2025-10-24 22:27:27,528 - Worker_0] Status code == 403 for http://blogdoperrone.blogosfera.uol.com.br/2015/06/corinthians-em-alerta-executivo-preso-e-amigo-de-andres-e-ajudou-na-arena/, skipping...
[ERROR - 2025-10-24 22:27:37,009 - Worker_0] Status code == 403 for http://fernandorodrigues.blogosfera.uol.com.br/2015/06/20/no-sudeste-taxa-de-inflacao-ja-e-maior-que-a-de-aprovacao-de-dilma/, skipping...
[ERROR - 2025-10-24 22:27:43,057 - Worker_4] Failed to connect with http://natelinha.ne10.uol.com.br/novelas/2015/06/20/verdades-estilista-frances-ney-latorraca-transa-com-reynaldo-gianecchini-90047.php after 3 attempts, skipping...
[ERROR - 2025-10-24 22:27:48,940 - Worker_0] Status code == 403 for http://noticias.uol.com.br/saude/ultimas-noticias/estado/2015/06/20/hospital-sao-paulo-retomara-internacoes-nao-emergenciais.htm, skipping...
[ERROR - 2025-10-24 22:27:53,092 - Worker_4] Status code == 403 for http://uolesportevetv.blogosfera.uol.com.br/2015/06/19/apresentadora-que-ficou-nua-na-tv-desafia-neymar-e-cia-me-motivem, skipping...
[ERROR - 2025-10-24 22:27:57,268 - Worker_4] Status code == 403 for http://noticias.uol.com.br/blogs-e-colunas/coluna/paul-krugman/2015/06/20/vodu-ao-estilo-de-jeb-bush.htm, skipping...
[ERROR - 2025-10-24 22:27:58,060 - Worker_0] Status code == 403 for http://noticias.uol.com.br/ultimas-noticias/agencia-estado/2015/06/20/policiais-acusados-de-sequestrar-enteado-de-marcola-sao-condenados-a-22-anos.htm, skipping...
[ERROR - 2025-10-24 22:28:10,034 - Worker_4] Status code == 500 for http://entretenimento.uol.com.br/noticias/redacao/2015/06/20/show-de-jerry-adriani-abre-virada-em-clima-familiar-no-palco-sao-joao.htm, skipping...
[ERROR - 2025-10-24 22:28:12,704 - Worker_2] Status code == 404 for http://jogos.uol.com.br/ultimas-noticias/2015/06/19/com-overdose-retro-e3-mostra-cautela-dos-games-para-apostar-em-novidades.htm, skipping...
[ERROR - 2025-10-24 22:28:14,206 - Worker_4] Status code == 403 for http://noticias.uol.com.br/saude/ultimas-noticias/redacao/2015/06/20/se-nao-tiver-dinheiro-ate-novembro-a-santa-casa-fecha-diz-novo-gestor.htm, skipping...
[ERROR - 2025-10-24 22:28:21,283 - Worker_4] Status code == 403 for http://mauriciostycer.blogosfera.uol.com.br/2015/06/19/detetive-ve-uma-folha-de-papel-esquecida-em-sofa-de-babilonia/, skipping...
[ERROR - 2025-10-24 22:28:25,273 - Worker_2] Status code == 403 for http://noticias.uol.com.br/midiaglobal/nytimes/2015/06/20/feira-de-maconha-e-realizada-em-nova-york-onde-produto-e-quase-ilegal.htm, skipping...
[ERROR - 2025-10-24 22:28:37,143 - Worker_0] Status code == 403 for http://rodrigomattos.blogosfera.uol.com.br/2015/06/20/odebrecht-quer-isolar-maracana-e-itaquerao-do-efeito-da-prisao-de-seu-dono/, skipping...
[ERROR - 2025-10-24 22:28:55,866 - Worker_4] Status code == 404 for http://esporte.uol.com.br/f1/ultimas-noticias/2015/06/20/hamilton-faz-a-pole-para-o-gp-da-austria-massa-larga-na-4-colocacao.htm#fotoNav=5, skipping...
[ERROR - 2025-10-24 22:28:58,194 - Worker_3] Status code == 403 for http://noticias.uol.com.br/ultimas-noticias/afp/2015/06/20/atirador-de-charleston-teria-escrito-manifesto-em-pagina-da-internet.htm, skipping...
[ERROR - 2025-10-24 22:29:02,786 - Worker_3] Status code == 403 for http://tecnologia.uol.com.br/noticias/bbc/2015/06/20/6-mitos-sobre-as-melhores-maneiras-de-carregar-o-celular.htm, skipping...
[ERROR - 2025-10-24 22:29:04,642 - Worker_2] Status code == 403 for http://blogdojuca.uol.com.br/2015/06/ricardo-oliveira-e-o-cara/, skipping...
[ERROR - 2025-10-24 22:29:07,069 - Worker_3] Status code == 403 for http://uolentretenimento.blogosfera.uol.com.br/2015/06/20/virada-2015-comeca-com-transito-e-metro-tranquilos/, skipping...
[ERROR - 2025-10-24 22:29:48,900 - Worker_0] Status code == 403 for http://fernandorodrigues.blogosfera.uol.com.br/2015/06/20/lula-reconhece-que-dilma-mentiu-na-campanha-de-2014/, skipping...
[ERROR - 2025-10-24 22:29:53,824 - Worker_1] Status code == 403 for http://noticias.uol.com.br/ultimas-noticias/ansa/2015/06/20/paraquedista-sobrevive-apos-ser-ajudado-por-colega-no-ar.htm, skipping...
[ERROR - 2025-10-24 22:29:58,064 - Worker_1] Status code == 403 for http://uolentretenimento.blogosfera.uol.com.br/2015/06/21/grupo-leva-faixa-contra-a-reducao-da-maioridade-penal-para-virada/, skipping...
[ERROR - 2025-10-24 22:30:43,947 - Worker_2] Status code == 403 for http://josiasdesouza.blogosfera.uol.com.br/2015/06/21/ruina-de-dilma-faz-de-2018-jogo-sem-favoritos/, skipping...
[ERROR - 2025-10-24 22:31:06,866 - Worker_0] Failed to connect with http://natelinha.ne10.uol.com.br/novelas/2015/06/21/evandro-descobre-que-beatriz-e-culpada-pelo-assassinato-de-cristovao-90064.php after 3 attempts, skipping...
[ERROR - 2025-10-24 22:31:17,931 - Worker_3] Status code == 403 for http://noticias.uol.com.br/album/2015/06/21/imagens-da-semana.htm?abrefoto=3, skipping...
[ERROR - 2025-10-24 22:31:21,157 - Worker_4] Status code == 404 for http://esporte.uol.com.br/f1/ultimas-noticias/2015/06/21/vencedor-na-austria-rosberg-revela-preocupacao-com-pneus.htm, skipping...
[ERROR - 2025-10-24 22:31:25,304 - Worker_4] Status code == 403 for http://noticias.uol.com.br/cotidiano/ultimas-noticias/2015/06/21/stf-vai-decidir-sobre-absolvicao-para-quem-volta-a-cometer-crimes-leves.htm, skipping...
[ERROR - 2025-10-24 22:31:56,399 - Worker_2] Status code == 403 for http://noticias.uol.com.br/ultimas-noticias/bbc/2015/06/21/polemico-festival-chines-celebra-o-verao-comendo-10-mil-cachorros.htm, skipping...
[ERROR - 2025-10-24 22:31:59,483 - Worker_3] Status code == 403 for http://noticias.uol.com.br/midiaglobal/nytimes/2015/06/21/a-hipocrisia-da-africa-do-sul-em-relacao-aos-direitos-humanos.htm, skipping...
[ERROR - 2025-10-24 22:32:03,668 - Worker_3] Status code == 403 for http://noticias.uol.com.br/saude/ultimas-noticias/redacao/2015/06/21/o-gato-nao-e-o-vilao-da-toxoplasmose-diz-infectologista.htm, skipping...
[ERROR - 2025-10-24 22:32:07,499 - Worker_4] Status code == 403 for http://educacao.uol.com.br/noticias/2015/06/21/mec-divulga-amanha-resultado-do-prouni.htm, skipping...
[ERROR - 2025-10-24 22:32:10,720 - Worker_1] Status code == 403 for http://noticias.uol.com.br/internacional/ultimas-noticias/the-new-york-times/2015/06/21/baladas-silenciosas-permitem-que-voce-dance-no-seu-proprio-ritmo.htm, skipping...
[ERROR - 2025-10-24 22:32:11,663 - Worker_4] Status code == 403 for http://noticias.uol.com.br/ultimas-noticias/bbc/2015/06/21/proibicao-as-drogas-criara-novos-pablos-escobares-diz-filho-do-traficante.htm, skipping...
[ERROR - 2025-10-24 22:32:30,669 - Worker_2] Status code == 403 for http://blogdojuca.uol.com.br/2015/06/sport-comemora-castigo-do-avai-no-sao-paulo/, skipping...
[ERROR - 2025-10-24 22:32:31,196 - Worker_0] Status code == 403 for http://noticias.uol.com.br/ultimas-noticias/agencia-estado/2015/06/21/rejeicao-de-contas-pelo-tcu-pode-abrir-precedente-de-acoes-contra-dilma.htm, skipping...
[ERROR - 2025-10-24 22:32:35,338 - Worker_0] Status code == 403 for http://noticias.uol.com.br/ultimas-noticias/agencia-estado/2015/06/21/herdeiros-de-ex-prefeito-sao-condenados-por-improbidade-do-pai.htm, skipping...
[ERROR - 2025-10-24 22:32:39,695 - Worker_0] Status code == 403 for http://blogdoavallone.blogosfera.uol.com.br/2015/06/21/a-estreia-de-marcelo-oliveira-derrota-ricardo-oliveira-a-vitoria-de-quem-sabe/, skipping...
[ERROR - 2025-10-24 22:32:43,919 - Worker_0] Status code == 403 for http://blogdosakamoto.blogosfera.uol.com.br/2015/06/21/como-produzir-noticias-falsas-e-fazer-sucesso-na-internet/, skipping...
[ERROR - 2025-10-24 22:32:50,842 - Worker_4] Status code == 403 for http://blogdomenon.blogosfera.uol.com.br/2015/06/21/osorio-erra-e-o-sao-paulo-perde-dois-pontos/, skipping...
[ERROR - 2025-10-24 22:32:55,204 - Worker_1] Status code == 403 for http://noticias.uol.com.br/album/2015/06/21/dia-internacional-da-yoga-e-criado-com-praticas-em-todo-o-mundo.htm?abrefoto=1, skipping...
[ERROR - 2025-10-24 22:33:40,010 - Worker_4] Status code == 403 for http://blogdoico.blogosfera.uol.com.br/2015/06/21/rosberg-colhe-os-frutos-de-sua-persistencia-e-mantem-pressao-sobre-hamilton/, skipping...
[ERROR - 2025-10-24 22:33:47,037 - Worker_4] Status code == 403 for http://tecnologia.uol.com.br/noticias/bbc/2015/06/20/6-mitos-sobre-as-melhores-maneiras-de-carregar-o-celular.htm, skipping...
[ERROR - 2025-10-24 22:33:50,522 - Worker_1] Status code == 403 for http://noticias.uol.com.br/ultimas-noticias/agencia-estado/2015/06/22/operador-do-pmdb-pediu-doacao-segundo-presidente-da-andrade-gutierrez.htm, skipping...
[ERROR - 2025-10-24 22:33:51,209 - Worker_4] Status code == 403 for http://noticias.uol.com.br/ultimas-noticias/agencia-estado/2015/06/22/cpi-quer-votar-convocacao-de-executivos-da-odebrecht-e-andrade-gutierrez.htm, skipping...
[ERROR - 2025-10-24 22:33:52,935 - Worker_3] Status code == 403 for http://economia.uol.com.br/noticias/reuters/2015/06/22/grecia-apresenta-novo-plano-para-evitar-calote-e-credores-veem-alguma-esperanca.htm, skipping...
[ERROR - 2025-10-24 22:33:54,659 - Worker_1] Status code == 403 for http://noticias.uol.com.br/cotidiano/ultimas-noticias/2015/06/22/festa-comemora-buraco-em-trecho-da-br-101-danificado-ha-um-ano-em-sergipe.htm, skipping...
[ERROR - 2025-10-24 22:33:55,358 - Worker_4] Status code == 403 for http://noticias.uol.com.br/album/album-do-dia/2015/06/22/imagens-do-dia---22-de-junho-de-2015.htm?abrefoto=32, skipping...
[ERROR - 2025-10-24 22:33:59,841 - Worker_3] Status code == 403 for http://mauriciostycer.blogosfera.uol.com.br/2015/06/22/a-audiencia-foi-descartavel-mas-a-imagem-e-para-sempre/, skipping...
[ERROR - 2025-10-24 22:34:00,299 - Worker_2] Status code == 403 for http://educacao.uol.com.br/noticias/agencia-estado/2015/06/22/para-especialistas-coaching-nao-pode-atrapalhar-brincadeira-das-criancas.htm, skipping...
[ERROR - 2025-10-24 22:34:01,381 - Worker_0] Status code == 403 for http://nagradedomma.blogosfera.uol.com.br/2015/06/22/aos-48-royce-gracie-cogita-retorno-para-3a-luta-com-seu-arquirrival/, skipping...
[ERROR - 2025-10-24 22:34:01,979 - Worker_4] Status code == 403 for http://economia.uol.com.br/noticias/bbc/2015/06/22/nova-proposta-grega-resolvera-impasse-com-credores-afirma-ministro.htm, skipping...
[ERROR - 2025-10-24 22:34:04,299 - Worker_1] Status code == 403 for http://futebolemnumeros.blogosfera.uol.com.br/2015/06/22/jogos-das-11h-tem-maior-media-de-publico-do-brasileirao/, skipping...
[ERROR - 2025-10-24 22:34:04,593 - Worker_2] Status code == 403 for http://pvc.blogosfera.uol.com.br/2015/06/22/nao-vai-haver-recurso-e-neymar-vai-embora-segunda-feira-por-que/, skipping...
[ERROR - 2025-10-24 22:34:14,167 - Worker_1] Status code == 403 for http://noticias.uol.com.br/midiaglobal/nytimes/2015/06/22/seca-no-colorado-eua-gera-disputa-pelos-pingos-da-chuva.htm, skipping...
[ERROR - 2025-10-24 22:34:21,746 - Worker_3] Status code == 403 for http://noticias.uol.com.br/ultimas-noticias/agencia-estado/2015/06/22/executivo-da-odebrecht-diz-que-se-reuniu-com-carregador-de-malas-de-doleiro.htm, skipping...
[ERROR - 2025-10-24 22:34:28,005 - Worker_2] Status code == 403 for http://blogdosakamoto.blogosfera.uol.com.br/2015/06/22/a-esquerda-e-maior-que-partidos-politicos/, skipping...
[ERROR - 2025-10-24 22:34:37,003 - Worker_1] Status code == 403 for http://noticias.uol.com.br/cotidiano/ultimas-noticias/2015/06/22/em-primeira-instancia-justica-anula-aumento-da-tarifa-de-onibus-no-rio.htm, skipping...
[ERROR - 2025-10-24 22:34:38,034 - Worker_3] Status code == 403 for http://noticias.uol.com.br/ultimas-noticias/afp/2015/06/22/governadora-da-carolina-do-sul-manda-retirar-bandeira-confederada.htm, skipping...
[ERROR - 2025-10-24 22:34:45,726 - Worker_1] Status code == 403 for http://rodrigomattos.blogosfera.uol.com.br/2015/06/22/vasco-faz-5a-pior-campanha-da-historia-do-brasileiro-mas-ha-salvacao/, skipping...
[ERROR - 2025-10-24 22:34:54,930 - Worker_3] Status code == 403 for http://noticias.uol.com.br/album/album-do-dia/2015/06/22/imagens-do-dia---22-de-junho-de-2015.htm?abrefoto=33, skipping...
[ERROR - 2025-10-24 22:34:59,077 - Worker_3] Status code == 403 for http://noticias.uol.com.br/album/2015/06/22/festival-chines-tem-carne-de-cachorro-como-principal-atracao.htm?abrefoto=3, skipping...
[ERROR - 2025-10-24 22:34:59,705 - Worker_1] Status code == 403 for http://educacao.uol.com.br/noticias/2015/06/22/escola-ameaca-cortar-bolsa-familia-de-aluno-que-faltar-a-desfile-da-cidade.htm, skipping...
[ERROR - 2025-10-24 22:35:03,456 - Worker_3] Status code == 403 for http://educacao.uol.com.br/noticias/2015/06/22/resultado-preliminar-do-enem-2014-por-escola-sai-em-9-de-julho.htm, skipping...
[ERROR - 2025-10-24 22:35:03,880 - Worker_1] Status code == 403 for http://noticias.uol.com.br/blogs-e-colunas/coluna/luiz-felipe-alencastro/2015/06/22/waterloo-a-batalha-continua.htm, skipping...
[ERROR - 2025-10-24 22:35:10,380 - Worker_1] Status code == 403 for http://educacao.uol.com.br/noticias/agencia-estado/2015/06/22/pais-buscam-coaching-ate-para-criancas-de-apenas-dois-anos.htm, skipping...
[ERROR - 2025-10-24 22:35:15,394 - Worker_2] Status code == 403 for http://blogdojuca.uol.com.br/2015/06/amarilla-leva-o-vermelho-e-tarde-e-e-pouco/, skipping...
[ERROR - 2025-10-24 22:35:19,665 - Worker_2] Status code == 403 for http://uolesporte.blogosfera.uol.com.br/2015/06/22/10-lesoes-impressionantes-no-futebol-tirem-as-criancas-da-sala/, skipping...
[ERROR - 2025-10-24 22:35:20,125 - Worker_1] Status code == 403 for http://mauriciostycer.blogosfera.uol.com.br/2015/06/22/parodia-do-masterchef-expoe-a-falta-de-ideias-do-panico/, skipping...
[ERROR - 2025-10-24 22:35:21,065 - Worker_4] Status code == 403 for http://cozinhasobpressao.blogosfera.uol.com.br/2015/06/22/participante-passa-mal-durante-apos-a-eliminacao/, skipping...
[ERROR - 2025-10-24 22:35:21,903 - Worker_3] Status code == 403 for http://noticias.uol.com.br/tabloide/album/2015/01/05/os-recordes-e-tentativas-de-2015.htm?abrefoto=85, skipping...
[ERROR - 2025-10-24 22:35:25,277 - Worker_4] Status code == 403 for http://educacao.uol.com.br/album/2015/06/16/conheca-curiosidades-sobre-a-festa-junina.htm?abrefoto=1, skipping...
[ERROR - 2025-10-24 22:35:26,613 - Worker_1] Status code == 403 for http://noticias.uol.com.br/meio-ambiente/ultimas-noticias/redacao/2015/06/23/itaipu-faz-voo-inaugural-de-primeiro-aviao-eletrico-da-america-latina.htm, skipping...
[ERROR - 2025-10-24 22:35:29,439 - Worker_4] Status code == 403 for http://noticias.uol.com.br/meio-ambiente/album/2015/01/06/veja-imagens-de-meio-ambiente-2015.htm?abrefoto=171, skipping...
[ERROR - 2025-10-24 22:35:35,570 - Worker_1] Status code == 403 for http://blogdomenon.blogosfera.uol.com.br/2015/06/23/luxemburgo-eurico-pega-mata-esfola/, skipping...
[ERROR - 2025-10-24 22:35:36,008 - Worker_4] Status code == 403 for http://educacao.uol.com.br/noticias/agencia-estado/2015/06/23/professores-aprovam-indicativo-de-greve-em-11-universidades-federais.htm, skipping...
[ERROR - 2025-10-24 22:35:40,517 - Worker_4] Status code == 403 for http://blogdoboleiro.blogosfera.uol.com.br/2015/06/23/valdivia-continuar-no-palmeiras-investidor-acha-mais-facil-ganhar-na-mega/, skipping...
[ERROR - 2025-10-24 22:35:41,476 - Worker_2] Status code == 403 for http://economia.uol.com.br/noticias/redacao/2015/06/23/texas-abre-escritorio-para-quem-pode-investir-us-500-mil-e-quer-green-card.htm, skipping...
[ERROR - 2025-10-24 22:35:42,453 - Worker_3] Status code == 403 for http://noticias.uol.com.br/ultimas-noticias/bbc/2015/06/23/britanicas-oferecem-sexo-em-troca-de-ajuda-para-pagar-universidade.htm, skipping...
[ERROR - 2025-10-24 22:35:44,494 - Worker_1] Status code == 403 for http://economia.uol.com.br/noticias/afp/2015/06/23/gm-registra-117-mortos-por-defeito-em-ignicao.htm, skipping...
[ERROR - 2025-10-24 22:35:44,706 - Worker_4] Status code == 403 for http://noticias.uol.com.br/ultimas-noticias/reuters/2015/06/23/lula-nao-e-investigado-da-lava-jato-neste-momento-diz-procurador-do-mpf.htm, skipping...
[ERROR - 2025-10-24 22:35:46,622 - Worker_3] Status code == 403 for http://noticias.uol.com.br/tabloide/album/2015/02/12/curiosidades-made-in-china.htm?abrefoto=89, skipping...
[ERROR - 2025-10-24 22:35:49,114 - Worker_4] Status code == 403 for http://rodrigomattos.blogosfera.uol.com.br/2015/06/23/corinthians-tem-caminho-dificil-para-cobrar-conmebol-por-amarilla/, skipping...
[ERROR - 2025-10-24 22:35:53,270 - Worker_4] Status code == 403 for http://noticias.uol.com.br/cotidiano/ultimas-noticias/2015/06/23/familia-de-amarildo-teme-que-envolvimento-de-bope-no-caso-gere-retaliacao.htm, skipping...
[ERROR - 2025-10-24 22:35:53,634 - Worker_1] Status code == 403 for http://noticias.uol.com.br/album/album-do-dia/2015/06/23/imagens-do-dia---23-de-junho-de-2015.htm?abrefoto=50, skipping...
[ERROR - 2025-10-24 22:35:55,407 - Worker_3] Status code == 403 for http://noticias.uol.com.br/internacional/ultimas-noticias/2015/06/23/video-com-esquilo-tentando-ajudar-companheiro-atropelado-viraliza-na-web.htm, skipping...
[ERROR - 2025-10-24 22:35:57,781 - Worker_1] Status code == 403 for http://noticias.uol.com.br/ultimas-noticias/agencia-estado/2015/06/23/levantamento-aponta-que-56-dos-presos-no-brasil-sao-jovens.htm, skipping...
[ERROR - 2025-10-24 22:35:59,609 - Worker_3] Status code == 403 for http://pvc.blogosfera.uol.com.br/2015/06/23/gilmar-rinaldi-confundido-toninho-cerezo-entra-na-copa-america-por-um-dia/, skipping...
[ERROR - 2025-10-24 22:36:01,938 - Worker_1] Status code == 403 for http://noticias.uol.com.br/politica/ultimas-noticias/2015/06/23/todo-mundo-tem-o-direito-de-criticar-ainda-mais-o-lula-diz-dilma.htm, skipping...
[ERROR - 2025-10-24 22:36:03,771 - Worker_3] Status code == 403 for http://noticias.uol.com.br/saude/ultimas-noticias/bbc/2015/06/22/idosa-descobre-que-carrega-feto-calcificado-ha-mais-de-60-anos.htm, skipping...
[ERROR - 2025-10-24 22:36:08,421 - Worker_1] Status code == 403 for http://noticias.uol.com.br/ultimas-noticias/agencia-estado/2015/06/23/jose-guimaraes-minimiza-fala-de-lula-diz-que-economia-determinara-eleicoes.htm, skipping...
[ERROR - 2025-10-24 22:36:12,659 - Worker_1] Status code == 403 for http://noticias.uol.com.br/ciencia/album/2015/06/02/veja-imagens-de-ciencia-do-mes-junho2015.htm?abrefoto=55, skipping...
[ERROR - 2025-10-24 22:36:16,916 - Worker_1] Status code == 403 for http://economia.uol.com.br/noticias/estadao-conteudo/2015/06/23/odebrecht-ja-sofre-efeitos-no-mercado-de-acoes.htm, skipping...
[ERROR - 2025-10-24 22:36:22,285 - Worker_3] Status code == 403 for http://noticias.uol.com.br/ultimas-noticias/agencia-estado/2015/06/23/operacao-lava-jato-norteara-escolha-do-proximo-procurador-geral-da-republica.htm, skipping...
[ERROR - 2025-10-24 22:36:24,822 - Worker_2] Status code == 403 for http://nagradedomma.blogosfera.uol.com.br/2015/06/23/sem-medo-de-dar-vexame-bellator-pressiona-ufc-ao-pensar-fora-da-caixinha/, skipping...
[ERROR - 2025-10-24 22:36:26,449 - Worker_3] Status code == 403 for http://noticias.uol.com.br/midiaglobal/nytimes/2015/06/23/uma-chuva-de-bombas-nas-montanhas-de-nuba.htm, skipping...
[ERROR - 2025-10-24 22:36:42,920 - Worker_4] Status code == 403 for http://noticias.uol.com.br/cotidiano/ultimas-noticias/2015/06/23/espuma-de-poluicao-do-tiete-invade-ruas-de-pirapora-do-bom-jesus-sp.htm, skipping...
[ERROR - 2025-10-24 22:36:49,453 - Worker_1] Status code == 403 for http://balanacesta.blogosfera.uol.com.br/2015/06/23/analise-do-balanco-financeiro-da-cbb-divida-aumenta-para-r-13mi-em-2014/, skipping...
[ERROR - 2025-10-24 22:36:50,854 - Worker_3] Status code == 403 for http://noticias.uol.com.br/cotidiano/ultimas-noticias/2015/06/23/homem-que-furtou-carne-para-comer-comemora-emprego-carro-e-geladeira-cheia.htm, skipping...
[ERROR - 2025-10-24 22:36:51,649 - Worker_0] Status code == 403 for http://noticias.uol.com.br/saude/ultimas-noticias/bbc/2015/06/23/jeans-apertado-pode-danificar-musculos-e-nervos-alerta-estudo.htm, skipping...
[ERROR - 2025-10-24 22:36:53,656 - Worker_1] Status code == 403 for http://noticias.uol.com.br/cotidiano/ultimas-noticias/2015/06/23/brasil-registra-35-ocorrencias-de-raio-laser-por-dia-contra-avioes-em-2014.htm, skipping...
[ERROR - 2025-10-24 22:36:55,185 - Worker_3] Status code == 403 for http://fernandorodrigues.blogosfera.uol.com.br/2015/06/23/steinbruch-e-rabinovich-se-negam-a-prestar-informacoes-a-cpi-do-hsbc/, skipping...
[ERROR - 2025-10-24 22:37:02,722 - Worker_1] Status code == 403 for http://noticias.uol.com.br/ultimas-noticias/bbc/2015/06/24/exercito-dos-eua-terao-motos-aereas-no-estilo-guerra-nas-estrelas.htm, skipping...
[ERROR - 2025-10-24 22:37:04,109 - Worker_0] Failed to connect with http://sensacionalista.uol.com.br/2015/06/23/publico-se-choca-ao-saber-que-xuxa-e-humana-e-envelhece/ after 3 attempts, skipping...
[ERROR - 2025-10-24 22:37:04,317 - Worker_3] Status code == 403 for http://noticias.uol.com.br/cotidiano/ultimas-noticias/2015/06/24/apostas-de-df-mg-pb-pr-e-sp-dividem-r-129-milhoes-da-quina-de-sao-joao.htm, skipping...
[ERROR - 2025-10-24 22:37:11,534 - Worker_0] Status code == 403 for http://noticias.uol.com.br/cotidiano/ultimas-noticias/2015/06/24/pm-de-penapolis-sp-interrompe-ronda-para-alimentar-cao-faminto-veja-foto.htm, skipping...
[ERROR - 2025-10-24 22:37:11,645 - Worker_1] Status code == 403 for http://educacao.uol.com.br/noticias/2015/06/24/escola-cria-polemica-ao-pintar-criancas-de-preto-em-mg.htm, skipping...
[ERROR - 2025-10-24 22:37:13,933 - Worker_3] Status code == 403 for http://blogdosakamoto.blogosfera.uol.com.br/2015/06/24/reduzir-a-maioridade-ou-proibir-helicopteros-em-perseguicoes-policiais/, skipping...
[ERROR - 2025-10-24 22:37:20,788 - Worker_1] Status code == 403 for http://noticias.uol.com.br/ultimas-noticias/bbc/2015/06/24/dizem-que-deveriamos-viver-na-floresta-familia-lobo-relata-drama-em-documentario.htm, skipping...
[ERROR - 2025-10-24 22:37:20,952 - Worker_0] Status code == 403 for http://noticias.uol.com.br/ultimas-noticias/bbc/2015/06/22/jovem-niteroiense-faz-sucesso-no-youtube-quebrando-tabus-sobre-corpo-feminino.htm, skipping...
[ERROR - 2025-10-24 22:37:24,960 - Worker_1] Status code == 403 for http://noticias.uol.com.br/politica/ultimas-noticias/2015/06/24/ela-nao-me-pediu-conselhos-diz-sarney-sobre-queda-de-popularidade-de-dilma.htm, skipping...
[ERROR - 2025-10-24 22:37:25,208 - Worker_0] Status code == 403 for http://uolesporte.blogosfera.uol.com.br/2015/06/24/garotinho-chora-ao-conhecer-james-rodriguez-na-copa-america/, skipping...
[ERROR - 2025-10-24 22:37:29,146 - Worker_1] Status code == 403 for http://uolesporte.blogosfera.uol.com.br/2015/06/24/mao-boba-de-chileno-pode-ter-gerado-revolta-de-cavani/, skipping...
[ERROR - 2025-10-24 22:37:34,988 - Worker_2] Status code == 403 for http://noticias.uol.com.br/midiaglobal/nytimes/2015/06/24/discussoes-sobre-relacoes-raciais-ajudam-a-definir-campanha-de-clinton.htm, skipping...
[ERROR - 2025-10-24 22:37:43,727 - Worker_1] Failed to connect with http://natelinha.ne10.uol.com.br/novelas/2015/06/24/regina-muda-visual-e-transa-pela-primeira-vez-com-carlos-alberto-90140.php after 3 attempts, skipping...
[ERROR - 2025-10-24 22:37:47,931 - Worker_1] Status code == 403 for http://noticias.uol.com.br/ultimas-noticias/valor/2015/06/24/ministerio-publico-denuncia-sete-por-morte-de-fiel-filho-na-ditadura.htm, skipping...
[ERROR - 2025-10-24 22:37:52,170 - Worker_1] Status code == 403 for http://noticias.uol.com.br/ultimas-noticias/agencia-estado/2015/06/24/odebrecht-nao-quer-reconhecer-sua-responsabilidade-diz-moro.htm, skipping...
[ERROR - 2025-10-24 22:37:56,337 - Worker_1] Status code == 403 for http://noticias.uol.com.br/cotidiano/ultimas-noticias/2015/06/24/policial-que-atirou-em-jovens-caidos-no-chao-e-preso-em-sp.htm, skipping...
[ERROR - 2025-10-24 22:38:07,359 - Worker_4] Status code == 403 for http://noticias.uol.com.br/politica/ultimas-noticias/2015/06/24/na-camara-pastor-critica-psicologos-e-deputado-sugere-bolsa-ex-gay.htm, skipping...
[ERROR - 2025-10-24 22:38:09,326 - Worker_2] Status code == 403 for http://blogdojuca.uol.com.br/2015/06/movimento-por-um-futebol-melhor-chega-a-um-milhao-de-socios-torcedores/, skipping...
[ERROR - 2025-10-24 22:38:15,882 - Worker_2] Status code == 403 for http://noticias.uol.com.br/ultimas-noticias/agencia-estado/2015/06/24/chega-a-ser-infantil-a-acusacao-da-pf-diz-advogado-sobre-bilhete-de-odebrecht.htm, skipping...
[ERROR - 2025-10-24 22:38:15,946 - Worker_4] Status code == 403 for http://noticias.uol.com.br/ultimas-noticias/efe/2015/06/24/mae-e-filho-sobrevivem-cinco-dias-na-selva-colombiana-apos-acidente-aereo.htm, skipping...
[ERROR - 2025-10-24 22:38:20,114 - Worker_4] Status code == 403 for http://noticias.uol.com.br/ultimas-noticias/ansa/2015/06/24/jihadistas-divulgam-fotos-de-supostas-moedas-do-ei.htm, skipping...
[ERROR - 2025-10-24 22:38:20,696 - Worker_2] Status code == 404 for http://entretenimento.band.uol.com.br/masterchef/2015/noticias/100000758142/band-masterchef-ganha-memes-nas-redes.html, skipping...
[ERROR - 2025-10-24 22:38:26,058 - Worker_3] Status code == 403 for http://noticias.uol.com.br/ultimas-noticias/agencia-estado/2015/06/24/justica-abre-acao-contra-executivos-por-cartel-no-metro-de-sao-paulo.htm, skipping...
[ERROR - 2025-10-24 22:38:34,828 - Worker_1] Status code == 403 for http://noticias.uol.com.br/cotidiano/ultimas-noticias/2015/06/24/aposta-de-sao-paulo-leva-r-407-milhoes-da-mega-sena-veja-os-numeros.htm, skipping...
[ERROR - 2025-10-24 22:38:35,010 - Worker_3] Status code == 403 for http://josecruz.blogosfera.uol.com.br/2015/06/mesmo-sem-credibilidade-basquete-tem-apoio-do-governo-para-novo-patrocinio/, skipping...
[ERROR - 2025-10-24 22:38:43,964 - Worker_1] Status code == 403 for http://blogdoperrone.blogosfera.uol.com.br/2015/06/procurador-geral-da-republica-investiga-se-andres-cometeu-crime-tributario/, skipping...
[ERROR - 2025-10-24 22:38:58,048 - Worker_0] Status code == 403 for http://educacao.uol.com.br/noticias/2015/06/24/apos-um-ano-em-vigor-ministro-da-educacao-minimiza-fracasso-do-pne.htm, skipping...
[ERROR - 2025-10-24 22:39:02,232 - Worker_0] Status code == 403 for http://noticias.uol.com.br/saude/ultimas-noticias/redacao/2015/06/24/rotulos-terao-que-informar-sobre-alimentos-que-causam-alergia.htm, skipping...
[ERROR - 2025-10-24 22:39:10,072 - Worker_1] Status code == 403 for http://noticias.uol.com.br/ultimas-noticias/agencia-estado/2015/06/25/buscas-em-escritorio-de-pimentel-sao-arbitrarias-diz-governo-de-mg.htm, skipping...
[ERROR - 2025-10-24 22:39:14,283 - Worker_1] Status code == 403 for http://economia.uol.com.br/empregos-e-carreiras/noticias/redacao/2015/06/25/candidatos-teriam-pago-r-3-mil-por-vaga-no-servico-publico-em-sao-paulo.htm, skipping...
[ERROR - 2025-10-24 22:39:18,317 - Worker_3] Status code == 403 for http://economia.uol.com.br/noticias/redacao/2015/06/25/tpm-mimimi-cerveja-sensual-e-esmalte-machista-relembre-anuncios-polemicos.htm, skipping...
[ERROR - 2025-10-24 22:39:19,712 - Worker_0] Status code == 403 for http://noticias.uol.com.br/ciencia/ultimas-noticias/redacao/2015/06/25/moto-que-anda-ate-com-agua-do-tiete-faz-500-km-por-litro.htm, skipping...
[ERROR - 2025-10-24 22:39:22,746 - Worker_3] Status code == 403 for http://uoltecnologia.blogosfera.uol.com.br/2015/06/25/site-de-hospedagem-aluga-casa-de-1-metro-quadrado-por-um-euro-em-berlim/, skipping...
[ERROR - 2025-10-24 22:39:23,880 - Worker_0] Status code == 403 for http://noticias.uol.com.br/album/album-do-dia/2015/06/25/imagens-do-dia---25-de-junho-de-2015.htm?abrefoto=42, skipping...
[ERROR - 2025-10-24 22:39:25,315 - Worker_1] Status code == 403 for http://tecnologia.uol.com.br/noticias/redacao/2015/06/25/resistente-a-agua-sony-xperia-m4-aqua-chega-ao-brasil-por-r-1499.htm, skipping...
[ERROR - 2025-10-24 22:39:26,909 - Worker_3] Status code == 403 for http://noticias.uol.com.br/cotidiano/ultimas-noticias/2015/06/25/menina-de-quatro-anos-morre-apos-rotina-de-tortura-e-abuso-sexual-no-rs.htm, skipping...
[ERROR - 2025-10-24 22:39:27,762 - Worker_4] Status code == 403 for http://tecnologia.uol.com.br/noticias/reuters/2015/06/25/stj-suspende-acoes-coletivas-contra-corte-de-internet-da-oi.htm, skipping...
[ERROR - 2025-10-24 22:39:35,590 - Worker_3] Status code == 403 for http://noticias.uol.com.br/ultimas-noticias/reuters/2015/06/25/russia-esta-brincando-com-fogo-em-questao-de-armas-nucleares-diz-pentagono.htm, skipping...
[ERROR - 2025-10-24 22:39:39,942 - Worker_4] Status code == 403 for http://josecruz.blogosfera.uol.com.br/2015/06/diesporte-como-onde-e-porque-nao-se-pratica-esporte-no-brasil/, skipping...
[ERROR - 2025-10-24 22:39:42,336 - Worker_3] Status code == 403 for http://blogdoperrone.blogosfera.uol.com.br/2015/06/teste-mostra-iluminacao-na-arena-corinthians-menos-potente-do-que-prometida/, skipping...
[ERROR - 2025-10-24 22:39:51,712 - Worker_4] Status code == 403 for http://noticias.uol.com.br/ciencia/ultimas-noticias/bbc/2015/06/25/as-formigas-prateadas-capazes-de-resistir-a-temperaturas-de-70c.htm, skipping...
[ERROR - 2025-10-24 22:39:52,020 - Worker_2] Status code == 403 for http://noticias.uol.com.br/album/2015/06/25/mtst-protesta-contra-governo-e-pede-mais-moradias-em-sp.htm?abrefotoNav=5#fotoNav=5, skipping...
[ERROR - 2025-10-24 22:40:09,657 - Worker_3] Status code == 403 for http://noticias.uol.com.br/politica/ultimas-noticias/2015/06/25/procurador-geral-da-republica-defende-que-homofobia-vire-crime-de-racismo.htm, skipping...
[ERROR - 2025-10-24 22:40:25,422 - Worker_0] Failed to connect with http://esporte.uol.com.br/futebol/ultimas-noticias/2015/06/25/sem-liminar-pato-entra-em-acordo-com-corinthians-e-retira-processo.htm after 3 attempts, skipping...
[ERROR - 2025-10-24 22:40:25,913 - Worker_4] Status code == 403 for http://doutorjairo.blogosfera.uol.com.br/2015/06/23/produtos-fitness-podem-fazer-voce-comer-mais-e-malhar-menos/, skipping...
[ERROR - 2025-10-24 22:40:29,709 - Worker_0] Status code == 403 for http://balanacesta.blogosfera.uol.com.br/2015/06/25/especialista-afirma-gestao-financeira-deixa-a-desejar-e-cbb-esta-falida/, skipping...
[ERROR - 2025-10-24 22:40:30,833 - Worker_2] Status code == 403 for http://pvc.blogosfera.uol.com.br/2015/06/25/chance-e-minima-de-neymar-perder-bracadeira-de-capitao-no-retorno-a-selecao/, skipping...
[ERROR - 2025-10-24 22:40:32,478 - Worker_3] Status code == 404 for http://esporte.uol.com.br/f1/ultimas-noticias/2015/06/25/caladao-no-paddock-russo-toma-vodca-no-gargalo-e-tem-namorada-secreta.htm, skipping...
[ERROR - 2025-10-24 22:40:36,291 - Worker_0] Status code == 403 for http://noticias.uol.com.br/cotidiano/ultimas-noticias/2015/06/25/hospital-no-rs-impede-mae-de-acompanhar-tratamento-de-filha-de-2-anos.htm, skipping...
[ERROR - 2025-10-24 22:40:39,652 - Worker_4] Status code == 403 for http://blogdosakamoto.blogosfera.uol.com.br/2015/06/25/divulgue-depois-apure-o-erro-agora-e-etapa-do-processo-jornalistico/, skipping...
[ERROR - 2025-10-24 22:40:40,237 - Worker_2] Status code == 403 for http://noticias.uol.com.br/saude/ultimas-noticias/redacao/2015/06/25/xixi-e-a-causa-dos-olhos-vermelhos-pos-piscina-informa-orgao-dos-eua.htm, skipping...
[ERROR - 2025-10-24 22:40:44,511 - Worker_2] Status code == 403 for http://josiasdesouza.blogosfera.uol.com.br/2015/06/25/votacoes-do-congresso-viram-bale-de-elefantes/, skipping...
[ERROR - 2025-10-24 22:40:51,324 - Worker_2] Status code == 403 for http://noticias.uol.com.br/cotidiano/ultimas-noticias/2015/06/25/preso-comanda-trafico-de-drogas-e-armas-usando-whatsapp-no-rn.htm, skipping...
[ERROR - 2025-10-24 22:40:55,496 - Worker_2] Status code == 403 for http://noticias.uol.com.br/midiaglobal/elpais/2015/06/25/novos-servicos-oferecem-periodo-de-desconexao-para-viciados-em-celular.htm, skipping...
[ERROR - 2025-10-24 22:41:02,208 - Worker_2] Status code == 403 for http://noticias.uol.com.br/ultimas-noticias/bbc/2015/06/26/ele-levou-tres-tiros-por-mim-conta-noiva-de-uma-das-vitimas-na-tunisia.htm, skipping...
[ERROR - 2025-10-24 22:41:06,537 - Worker_2] Status code == 403 for http://economia.uol.com.br/noticias/redacao/2015/06/26/conselho-de-administracao-autoriza-venda-de-acoes-da-caixa-seguridade.htm, skipping...
[ERROR - 2025-10-24 22:41:15,378 - Worker_1] Status code == 403 for http://educacao.uol.com.br/noticias/2015/06/24/apos-um-ano-em-vigor-ministro-da-educacao-minimiza-fracasso-do-pne.htm, skipping...
[ERROR - 2025-10-24 22:41:15,853 - Worker_2] Status code == 403 for http://josiasdesouza.blogosfera.uol.com.br/2015/06/26/delator-da-utc-diz-ter-dado-verba-a-18-personagens-entre-eles-lula-e-dilma/, skipping...
[ERROR - 2025-10-24 22:41:23,131 - Worker_0] Status code == 403 for http://noticias.uol.com.br/saude/ultimas-noticias/redacao/2015/06/25/xixi-e-a-causa-dos-olhos-vermelhos-pos-piscina-informa-orgao-dos-eua.htm, skipping...
[ERROR - 2025-10-24 22:41:24,607 - Worker_1] Status code == 403 for http://noticias.uol.com.br/album/2015/06/26/gays-se-casam-nos-estados-unidos-apos-a-legalizacao.htm?abrefoto=1, skipping...
[ERROR - 2025-10-24 22:41:27,368 - Worker_0] Status code == 403 for http://futebolemnumeros.blogosfera.uol.com.br/2015/06/26/noite-de-recordes-para-guerrero-na-copa-america/, skipping...
[ERROR - 2025-10-24 22:41:28,755 - Worker_1] Status code == 403 for http://noticias.uol.com.br/midiaglobal/nytimes/2015/06/26/opiniao-derrubar-a-bandeira-confederada-deve-ser-apenas-o-comeco.htm, skipping...
[ERROR - 2025-10-24 22:41:32,925 - Worker_1] Status code == 403 for http://noticias.uol.com.br/album/2015/06/24/ranking-de-2015-lista-as-cidades-do-mundo-mais-amigaveis-aos-ciclistas.htm?abrefoto=2, skipping...
[ERROR - 2025-10-24 22:41:33,883 - Worker_0] Status code == 403 for http://noticias.uol.com.br/ultimas-noticias/reuters/2015/06/26/eua-dizem-nao-ter-evidencia-de-que-ataques-em-tunisia-franca-e-kuweit-foram-coordenados.htm, skipping...
[ERROR - 2025-10-24 22:41:37,101 - Worker_1] Status code == 403 for http://noticias.uol.com.br/ultimas-noticias/agencia-estado/2015/06/26/ex-presidente-da-utc-diz-que-repassou-r-36-mi-ao-tesoureiros-de-dilma.htm, skipping...
[ERROR - 2025-10-24 22:41:38,129 - Worker_0] Status code == 403 for http://rodrigomattos.blogosfera.uol.com.br/2015/06/26/rio-2016-preve-maracana-fechado-so-por-seis-meses-para-poupar-futebol/, skipping...
[ERROR - 2025-10-24 22:41:39,909 - Worker_3] Status code == 403 for http://blogdojuca.uol.com.br/2015/06/a-melhor-imagem-de-valdivia/, skipping...
[ERROR - 2025-10-24 22:41:42,322 - Worker_0] Status code == 403 for http://mauriciostycer.blogosfera.uol.com.br/2015/06/26/conheca-cinco-tendencias-da-televisao-no-mundo/, skipping...
[ERROR - 2025-10-24 22:41:46,137 - Worker_1] Status code == 403 for http://blogdoboleiro.blogosfera.uol.com.br/2015/06/26/estrela-internacional-roberto-firmino-ja-foi-dispensado-pelo-sao-paulo/, skipping...
[ERROR - 2025-10-24 22:41:50,381 - Worker_1] Status code == 403 for http://noticias.uol.com.br/meio-ambiente/ultimas-noticias/bbc/2015/06/26/ambientalistas-tatuam-jabuti-raro-para-coibir-acao-de-traficantes.htm, skipping...
[ERROR - 2025-10-24 22:41:53,944 - Worker_0] Status code == 403 for http://noticias.uol.com.br/ultimas-noticias/agencia-estado/2015/06/26/governo-vai-recorrer-se-pec-da-maioridade-penal-passar-diz-ministro.htm, skipping...
[ERROR - 2025-10-24 22:41:54,369 - Worker_2] Status code == 403 for http://noticias.uol.com.br/ciencia/ultimas-noticias/bbc/2015/06/26/video-capta-redemoinho-capaz-de-engolir-barco-em-lago-nos-eua.htm, skipping...
[ERROR - 2025-10-24 22:41:54,651 - Worker_1] Status code == 403 for http://educacao.uol.com.br/noticias/2015/06/26/fies-vai-adotar-limite-de-renda-per-capta-de-25-salarios-minimos.htm, skipping...
[ERROR - 2025-10-24 22:41:58,360 - Worker_0] Status code == 403 for http://radiouol.blogosfera.uol.com.br/2015/06/25/madonna-e-taylor-lancam-clipes-bombasticos-colocamos-as-divas-lado-a-lado/, skipping...
[ERROR - 2025-10-24 22:42:04,942 - Worker_0] Status code == 403 for http://uolesportevetv.blogosfera.uol.com.br/2015/06/26/globo-transmite-ao-vivo-sabado-luta-de-machida-no-baguncado-ufc-de-miami/, skipping...
[ERROR - 2025-10-24 22:42:09,140 - Worker_0] Status code == 403 for http://noticias.uol.com.br/ultimas-noticias/afp/2015/06/26/grandes-datas-na-conquista-do-casamento-gay-nos-eua.htm, skipping...
[ERROR - 2025-10-24 22:42:09,890 - Worker_1] Status code == 403 for http://maesdepeito.blogosfera.uol.com.br/2015/06/26/creches-impedem-maes-de-levar-leite-materno-para-os-filhos/, skipping...
[ERROR - 2025-10-24 22:42:15,045 - Worker_3] Status code == 403 for http://tecnologia.uol.com.br/noticias/redacao/2015/06/26/facebook-permite-colocar-cores-de-causa-gay-em-foto-de-perfil.htm, skipping...
[ERROR - 2025-10-24 22:42:19,965 - Worker_1] Status code == 403 for http://educacao.uol.com.br/noticias/2015/06/26/professores-usam-canoa-para-chegar-a-escola-em-povoado-no-maranhao.htm, skipping...
[ERROR - 2025-10-24 22:42:21,009 - Worker_0] Status code == 403 for http://uolesporte.blogosfera.uol.com.br/2015/06/26/goleiro-comemora-bebendo-cerveja-com-torcedores-na-arquibancada/, skipping...
[ERROR - 2025-10-24 22:42:21,573 - Worker_3] Status code == 403 for http://educacao.uol.com.br/noticias/2015/06/26/sisutec-inscricao-para-curso-tecnico-gratuito-comeca-na-segunda.htm, skipping...
[ERROR - 2025-10-24 22:42:25,295 - Worker_0] Status code == 403 for http://noticias.uol.com.br/tabloide/album/2015/01/05/os-recordes-e-tentativas-de-2015.htm?abrefoto=87, skipping...
[ERROR - 2025-10-24 22:42:25,741 - Worker_3] Status code == 403 for http://noticias.uol.com.br/ultimas-noticias/afp/2015/06/26/a-decapitacao-arma-psicologica-dos-islamitas.htm, skipping...
[ERROR - 2025-10-24 22:42:28,699 - Worker_1] Status code == 403 for http://noticias.uol.com.br/meio-ambiente/ultimas-noticias/redacao/2015/06/26/universidade-baiana-reproduz-joaninhas-em-laboratorio-para-combater-pragas.htm, skipping...
[ERROR - 2025-10-24 22:42:31,792 - Worker_4] Status code == 403 for http://balanacesta.blogosfera.uol.com.br/2015/06/26/cbb-novamente-ignora-questionamentos-sobre-dividas-da-entidade/, skipping...
[ERROR - 2025-10-24 22:42:33,023 - Worker_3] Status code == 403 for http://noticias.uol.com.br/tabloide/ultimas-noticias/2015/06/27/e-hoje-mister-brasil-e-miss-mundo-brasil-2015-serao-eleitos-uol-transmite.htm, skipping...
[ERROR - 2025-10-24 22:42:35,971 - Worker_4] Status code == 403 for http://noticias.uol.com.br/ultimas-noticias/bbc/2015/06/27/drone-do-aborto-lanca-pilulas-sobre-pais-que-proibe-pratica.htm, skipping...
[ERROR - 2025-10-24 22:42:37,132 - Worker_0] Status code == 403 for http://blogdoperrone.blogosfera.uol.com.br/2015/06/o-que-era-desejo-da-familia-de-marin-virou-promessa-vai-contar-o-que-sabe/, skipping...
[ERROR - 2025-10-24 22:42:40,155 - Worker_4] Status code == 403 for http://noticias.uol.com.br/saude/ultimas-noticias/redacao/2015/06/25/xixi-e-a-causa-dos-olhos-vermelhos-pos-piscina-informa-orgao-dos-eua.htm, skipping...
[ERROR - 2025-10-24 22:42:42,798 - Worker_3] Status code == 403 for http://noticias.uol.com.br/ultimas-noticias/agencia-estado/2015/06/27/dilma-e-obama-se-encontram-em-situacao-oposta.htm, skipping...
[ERROR - 2025-10-24 22:42:45,672 - Worker_0] Status code == 403 for http://uolesporte.blogosfera.uol.com.br/2015/06/27/nelsinho-e-di-grassi-se-tocam-e-quase-batem-dando-adeus-a-disputa-do-titulo/, skipping...
[ERROR - 2025-10-24 22:42:49,558 - Worker_4] Status code == 403 for http://noticias.uol.com.br/ultimas-noticias/reuters/2015/06/27/mais-de-um-terco-dos-caixas-eletronicos-na-grecia-ficam-sem-notas-por-algum-tempo-no-sabado.htm, skipping...
[ERROR - 2025-10-24 22:42:53,705 - Worker_4] Status code == 403 for http://noticias.uol.com.br/ultimas-noticias/afp/2015/06/27/mais-de-200-feridos-em-explosao-em-parque-aquatico-de-taiwan.htm, skipping...
[ERROR - 2025-10-24 22:43:04,888 - Worker_3] Status code == 403 for http://blogdosakamoto.blogosfera.uol.com.br/2015/06/27/dica-para-nao-passar-vergonha-na-internet-e-ainda-por-cima-ter-saude/, skipping...
[ERROR - 2025-10-24 22:43:09,062 - Worker_3] Status code == 404 for http://futebol.placar.esporte.uol.com.br/futebol/copa-america/2015/06/27/brasil-x-paraguai.htm, skipping...
[ERROR - 2025-10-24 22:43:12,717 - Worker_4] Status code == 403 for http://uolesporte.blogosfera.uol.com.br/2015/06/27/morte-de-sertanejo-repercute-no-exterior-mas-por-gafe-de-fatima-bernardes/, skipping...
[ERROR - 2025-10-24 22:43:14,274 - Worker_2] Status code == 403 for http://companhiadeviagem.blogosfera.uol.com.br/2015/06/26/as-mais-belas-cachoeiras-que-todo-mundo-deveria-conhecer/, skipping...
[ERROR - 2025-10-24 22:43:15,558 - Worker_3] Status code == 403 for http://uolesporte.blogosfera.uol.com.br/2015/06/27/ronaldinho-gaucho-seca-decote-de-reporter-colombiana/, skipping...
[ERROR - 2025-10-24 22:43:19,760 - Worker_3] Status code == 403 for http://mauriciostycer.blogosfera.uol.com.br/2015/06/27/schroder-nao-tira-merito-de-rivais-mas-ve-fragilidade-em-babilonia/, skipping...
[ERROR - 2025-10-24 22:43:23,971 - Worker_3] Status code == 403 for http://nagradedomma.blogosfera.uol.com.br/2015/06/27/a-la-super-homem-bellator-tem-candidato-a-nocaute-do-ano-assista/, skipping...
[ERROR - 2025-10-24 22:43:30,576 - Worker_3] Status code == 403 for http://noticias.uol.com.br/ultimas-noticias/afp/2015/06/27/vaticano-canoniza-casal-com-filhos-pela-1-vez.htm, skipping...
[ERROR - 2025-10-24 22:43:32,496 - Worker_2] Status code == 403 for http://noticias.uol.com.br/opiniao/coluna/2015/06/27/rios-de-sao-paulo-continuam-vivos-e-podem-ser-descobertos.htm, skipping...
[ERROR - 2025-10-24 22:43:37,122 - Worker_3] Status code == 403 for http://noticias.uol.com.br/midiaglobal/nytimes/2015/06/27/entrada-de-nova-york-na-luta-pelo-casamento-gay-acelerou-aprovacao-da-lei.htm, skipping...
[ERROR - 2025-10-24 22:43:39,010 - Worker_2] Status code == 403 for http://noticias.uol.com.br/album/album-do-dia/2015/06/27/imagens-do-dia---27-de-junho-de-2015.htm?abrefoto=40, skipping...
[ERROR - 2025-10-24 22:43:40,322 - Worker_4] Status code == 403 for http://noticias.uol.com.br/meio-ambiente/ultimas-noticias/redacao/2015/06/27/estudo-afirma-que-ha-apenas-dois-tipos-de-tigres-no-mundo.htm, skipping...
[ERROR - 2025-10-24 22:43:44,494 - Worker_4] Status code == 403 for http://noticias.uol.com.br/album/album-do-dia/2015/06/27/imagens-do-dia---27-de-junho-de-2015.htm?abrefoto=35, skipping...
[ERROR - 2025-10-24 22:43:53,080 - Worker_4] Status code == 403 for http://noticias.uol.com.br/ultimas-noticias/agencia-estado/2015/06/27/veto-ao-foie-gras-deve-parar-na-justica.htm, skipping...
[ERROR - 2025-10-24 22:44:04,744 - Worker_1] Status code == 403 for http://noticias.uol.com.br/album/album-do-dia/2015/06/27/imagens-do-dia---27-de-junho-de-2015.htm?abrefoto=39, skipping...
[ERROR - 2025-10-24 22:44:06,039 - Worker_0] Status code == 403 for http://fernandorodrigues.blogosfera.uol.com.br/2015/06/27/crise-da-lava-jato-faz-mercadante-cancelar-ida-aos-eua/, skipping...
[ERROR - 2025-10-24 22:44:08,968 - Worker_1] Status code == 403 for http://reginanavarro.blogosfera.uol.com.br/2015/06/27/swing-por-obrigacao/, skipping...
[ERROR - 2025-10-24 22:44:20,561 - Worker_1] Status code == 403 for http://noticias.uol.com.br/blogs-e-colunas/coluna/paul-krugman/2015/06/27/viva-o-obamacare.htm, skipping...
[ERROR - 2025-10-24 22:44:27,308 - Worker_0] Status code == 403 for http://noticias.uol.com.br/ultimas-noticias/redacao/2015/06/26/lula-diz-que-pt-perdeu-a-utopia-veja-as-frases-que-marcaram-a-semana.htm, skipping...
[ERROR - 2025-10-24 22:44:31,600 - Worker_0] Status code == 403 for http://uolesporte.blogosfera.uol.com.br/2015/06/27/que-furada-djokovic-servio-erra-feio-a-bola-durante-treino-em-wimbledon/, skipping...
[ERROR - 2025-10-24 22:44:45,807 - Worker_0] Status code == 403 for http://noticias.uol.com.br/ultimas-noticias/agencia-estado/2015/06/27/comercio-e-clima-estao-no-topo-da-agenda-de-dilma-nos-eua.htm, skipping...
[ERROR - 2025-10-24 22:44:46,281 - Worker_2] Status code == 403 for http://noticias.uol.com.br/ultimas-noticias/agencia-estado/2015/06/28/bebe-e-encontrado-dentro-de-saco-plastico-em-bairro-da-zona-norte-do-rio.htm, skipping...
[ERROR - 2025-10-24 22:44:47,394 - Worker_1] Status code == 403 for http://noticias.uol.com.br/tabloide/ultimas-noticias/2015/06/27/representante-de-sergipe-e-eleita-miss-mundo-brasil-2015.htm, skipping...
[ERROR - 2025-10-24 22:44:50,477 - Worker_2] Status code == 403 for http://noticias.uol.com.br/ultimas-noticias/agencia-estado/2015/06/28/inauguracao-de-ciclovia-na-paulista-atrai-ciclistas-e-protestos-anti-pt.htm, skipping...
[ERROR - 2025-10-24 22:44:54,641 - Worker_2] Status code == 403 for http://noticias.uol.com.br/ultimas-noticias/agencia-estado/2015/06/28/pt-cobra-explicacao-de-cardozo-sobre-acoes-da-pf-na-lava-jato.htm, skipping...
[ERROR - 2025-10-24 22:44:54,677 - Worker_3] Status code == 403 for http://noticias.uol.com.br/saude/ultimas-noticias/redacao/2015/06/25/xixi-e-a-causa-dos-olhos-vermelhos-pos-piscina-informa-orgao-dos-eua.htm, skipping...
[ERROR - 2025-10-24 22:44:58,899 - Worker_2] Status code == 403 for http://blogdojuliogomes.blogosfera.uol.com.br/2015/06/28/o-enesimo-recado-para-nos-mostrar-que-esta-tudo-errado/, skipping...
[ERROR - 2025-10-24 22:44:59,128 - Worker_3] Status code == 403 for http://uolesportevetv.blogosfera.uol.com.br/2015/06/28/galvao-critica-postura-de-dunga-e-pede-kaka-na-selecao/, skipping...
[ERROR - 2025-10-24 22:45:06,401 - Worker_1] Status code == 403 for http://noticias.uol.com.br/album/2015/06/28/ciclovia-da-avenida-paulista-sp-e-inaugurada.htm?abrefoto=76, skipping...
[ERROR - 2025-10-24 22:45:09,286 - Worker_4] Status code == 403 for http://noticias.uol.com.br/saude/ultimas-noticias/bbc/2015/06/28/especialista-britanico-sugere-que-homens-congelem-esperma-aos-18-anos.htm, skipping...
[ERROR - 2025-10-24 22:45:11,151 - Worker_2] Status code == 403 for http://blogdomenon.blogosfera.uol.com.br/2015/06/28/decadente-palmeiras-goleia-time-do-ceo-e-do-tampa/, skipping...
[ERROR - 2025-10-24 22:45:11,273 - Worker_3] Status code == 403 for http://uolesporte.blogosfera.uol.com.br/2015/06/27/morte-de-sertanejo-repercute-no-exterior-mas-por-gafe-de-fatima-bernardes/, skipping...
[ERROR - 2025-10-24 22:45:15,531 - Worker_2] Status code == 403 for http://uolesporte.blogosfera.uol.com.br/2015/06/27/ronaldinho-gaucho-seca-decote-de-reporter-colombiana/, skipping...
[ERROR - 2025-10-24 22:45:15,726 - Worker_1] Status code == 403 for http://noticias.uol.com.br/tabloide/album/2015/02/12/curiosidades-made-in-china.htm?abrefoto=91, skipping...
[ERROR - 2025-10-24 22:45:18,985 - Worker_4] Status code == 403 for http://uolesporte.blogosfera.uol.com.br/2015/06/28/jogador-espanhol-ostenta-em-despedida-de-solteiro-de-13-dias/, skipping...
[ERROR - 2025-10-24 22:45:19,912 - Worker_2] Status code == 403 for http://uolesporte.blogosfera.uol.com.br/2015/06/28/tevez-faz-gol-de-calcanhar-no-meio-das-pernas-do-goleiro-em-treino/, skipping...
[ERROR - 2025-10-24 22:45:25,312 - Worker_1] Status code == 403 for http://uolesporte.blogosfera.uol.com.br/2015/06/28/piloto-faz-manobra-incrivel-e-frea-com-os-joelhos-para-evitar-acidente/, skipping...
[ERROR - 2025-10-24 22:45:29,478 - Worker_1] Status code == 403 for http://noticias.uol.com.br/cotidiano/ultimas-noticias/2015/06/24/ciclovias.htm, skipping...
[ERROR - 2025-10-24 22:45:32,029 - Worker_3] Status code == 403 for http://noticias.uol.com.br/album/album-do-dia/2015/06/28/imagens-do-dia---28-de-junho-de-2015.htm?abrefoto=10, skipping...
[ERROR - 2025-10-24 22:45:33,694 - Worker_1] Status code == 403 for http://noticias.uol.com.br/ultimas-noticias/bbc/2015/06/28/video-no-facebook-mostra-atirador-da-tunisia-dancando-break.htm, skipping...
[ERROR - 2025-10-24 22:45:36,261 - Worker_3] Status code == 403 for http://abiliodiniz.blogosfera.uol.com.br/2015/06/28/triste-futebol-brasileiro/, skipping...
[ERROR - 2025-10-24 22:45:40,492 - Worker_3] Status code == 403 for http://blogdosakamoto.blogosfera.uol.com.br/2015/06/28/como-sera-o-dia-seguinte-a-reducao-da-maioridade-penal/, skipping...
[ERROR - 2025-10-24 22:45:44,692 - Worker_3] Status code == 403 for http://noticias.uol.com.br/ciencia/ultimas-noticias/redacao/2015/06/28/os-numeros-do-universo-sera-que-somos-o-resultado-de-uma-loteria-cosmica.htm, skipping...
[ERROR - 2025-10-24 22:45:46,094 - Worker_0] Status code == 403 for http://noticias.uol.com.br/ultimas-noticias/agencia-estado/2015/06/28/obras-atrasadas-da-sabesp-preocupam-especialistas.htm, skipping...
[ERROR - 2025-10-24 22:45:48,272 - Worker_1] Status code == 403 for http://blogdoperrone.blogosfera.uol.com.br/2015/06/dunga-lider-sim-em-ranking-de-frases-marcantes-de-tecnicos-da-selecao/, skipping...
[ERROR - 2025-10-24 22:45:48,841 - Worker_3] Status code == 403 for http://noticias.uol.com.br/ultimas-noticias/agencia-estado/2015/06/28/delator-sera-ouvido-em-acao-que-investiga-campanha-de-dilma.htm, skipping...
[ERROR - 2025-10-24 22:45:52,437 - Worker_1] Status code == 403 for http://noticias.uol.com.br/opiniao/coluna/2015/06/28/dinamica-setorial-resgata-valor-do-atendimento-sob-medida.htm, skipping...
[ERROR - 2025-10-24 22:46:10,843 - Worker_4] Status code == 403 for http://noticias.uol.com.br/midiaglobal/nytimes/2015/06/28/pentagono-fecha-arquivo-de-documentos-confiscados-de-inimigos.htm, skipping...
[ERROR - 2025-10-24 22:46:34,047 - Worker_4] Status code == 403 for http://noticias.uol.com.br/saude/ultimas-noticias/redacao/2015/06/25/xixi-e-a-causa-dos-olhos-vermelhos-pos-piscina-informa-orgao-dos-eua.htm, skipping...
[ERROR - 2025-10-24 22:46:36,332 - Worker_2] Failed to connect with http://victormartins.grandepremio.uol.com.br/2015/06/29/sobre-a-f-e-e-piquet/ after 3 attempts, skipping...
[ERROR - 2025-10-24 22:46:40,563 - Worker_1] Status code == 403 for http://noticias.uol.com.br/ultimas-noticias/afp/2015/06/29/primeiras-detencoes-apos-atentado-contra-turistas-na-tunisia.htm, skipping...
[ERROR - 2025-10-24 22:46:44,730 - Worker_1] Status code == 403 for http://noticias.uol.com.br/ultimas-noticias/agencia-estado/2015/06/29/cantareira-fica-estavel-em-199-e-dois-sistemas-caem-informa-sabesp.htm, skipping...
[ERROR - 2025-10-24 22:46:45,404 - Worker_2] Status code == 403 for http://noticias.uol.com.br/album/album-do-dia/2015/06/29/imagens-do-dia---29-de-junho-de-2015.htm?abrefoto=29, skipping...
[ERROR - 2025-10-24 22:46:48,890 - Worker_1] Status code == 403 for http://noticias.uol.com.br/ultimas-noticias/agencia-estado/2015/06/29/crianca-e-atingida-por-bala-perdida-no-complexo-do-alemao.htm, skipping...
[ERROR - 2025-10-24 22:46:49,605 - Worker_4] Failed to connect with http://natelinha.ne10.uol.com.br/novelas/2015/06/29/alex-transa-com-carolina-mae-de-angel-e-aparece-nu-mais-uma-vez-90280.php after 3 attempts, skipping...
[ERROR - 2025-10-24 22:46:53,243 - Worker_1] Status code == 403 for http://rodrigomattos.blogosfera.uol.com.br/2015/06/29/cbf-e-clubes-preparam-alternativa-a-mp-do-futebol-e-apostam-na-sua-queda, skipping...
[ERROR - 2025-10-24 22:46:53,802 - Worker_4] Status code == 403 for http://blogdoperrone.blogosfera.uol.com.br/2015/06/socios-do-corinthians-criticam-gastos-com-pato-e-falta-de-transparencia/, skipping...
[ERROR - 2025-10-24 22:46:57,958 - Worker_4] Status code == 403 for http://noticias.uol.com.br/ultimas-noticias/agencia-estado/2015/06/29/alckmin-descarta-rodizio-e-diz-nao-contar-com-sao-pedro.htm, skipping...
[ERROR - 2025-10-24 22:46:58,748 - Worker_0] Status code == 403 for http://noticias.uol.com.br/ultimas-noticias/bbc/2015/06/29/novas-imagens-mostram-atirador-correndo-na-praia-com-metralhadora.htm, skipping...
[ERROR - 2025-10-24 22:47:04,733 - Worker_4] Status code == 403 for http://noticias.uol.com.br/ultimas-noticias/reuters/2015/06/28/papa-francisco-planeja-mascar-folhas-de-coca-na-bolivia-diz-ministro.htm, skipping...
[ERROR - 2025-10-24 22:47:13,376 - Worker_4] Status code == 403 for http://noticias.uol.com.br/ultimas-noticias/agencia-estado/2015/06/29/dilma-e-recebida-por-obama-e-os-dois-visitam-memorial-de-luther-king.htm, skipping...
[ERROR - 2025-10-24 22:47:14,850 - Worker_0] Status code == 403 for http://noticias.uol.com.br/cotidiano/ultimas-noticias/2015/06/29/ministros-e-senador-do-psdb-pedem-ao-stf-acesso-a-delacao-de-empreiteiro.htm, skipping...
[ERROR - 2025-10-24 22:47:20,174 - Worker_4] Status code == 403 for http://fernandorodrigues.blogosfera.uol.com.br/2015/06/29/saiba-como-a-hipotese-do-impeachment-aparece-nas-conversas-em-brasilia/, skipping...
[ERROR - 2025-10-24 22:47:24,848 - Worker_0] Status code == 403 for http://saqueevoleio.blogosfera.uol.com.br/2015/06/29/wimbledon-dia-1-bicicletas-desafio-cegueta-e-um-emocionante-adeus/, skipping...
[ERROR - 2025-10-24 22:47:29,041 - Worker_0] Status code == 403 for http://noticias.uol.com.br/saude/ultimas-noticias/redacao/2015/06/29/campanha-atinge-meta-e-imuniza-84-do-publico-alvo-contra-a-gripe.htm, skipping...
[ERROR - 2025-10-24 22:47:44,558 - Worker_2] Status code == 403 for http://noticias.uol.com.br/midiaglobal/nytimes/2015/06/29/estudantes-suam-para-terminar-o-semestre-nas-escolas-publicas-de-ny.htm, skipping...
[ERROR - 2025-10-24 22:47:51,145 - Worker_1] Status code == 403 for http://blogdosakamoto.blogosfera.uol.com.br/2015/06/29/propostas-em-tramite-no-congresso-mostram-que-desistimos-dos-mais-jovens/, skipping...
[ERROR - 2025-10-24 22:47:52,574 - Worker_3] Status code == 403 for http://fisicanaveia.blogosfera.uol.com.br/2015/06/27/venus-e-jupiter-coladinhos-no-ceu/, skipping...
[ERROR - 2025-10-24 22:47:54,349 - Worker_0] Status code == 403 for http://noticias.uol.com.br/meio-ambiente/album/2015/06/29/corais-ameacados-de-extincao-na-australia.htm?abrefoto=6, skipping...
[ERROR - 2025-10-24 22:47:59,936 - Worker_1] Status code == 403 for http://noticias.uol.com.br/internacional/ultimas-noticias/2015/06/29/brasileira-tenta-tomar-guarda-de-filha-de-americano-suspeito-de-abuso.htm, skipping...
[ERROR - 2025-10-24 22:48:03,982 - Worker_2] Status code == 403 for http://economia.uol.com.br/cotacoes/noticias/redacao/2015/06/29/acao-da-petrobras-cai-4-e-puxa-maior-queda-diaria-da-bovespa-em-um-mes.htm, skipping...
[ERROR - 2025-10-24 22:48:08,180 - Worker_2] Status code == 403 for http://economia.uol.com.br/cotacoes/noticias/redacao/2015/06/29/apos-subir-pela-manha-dolar-inverte-e-fecha-em-queda-de-028-a-r-312.htm, skipping...
[ERROR - 2025-10-24 22:48:18,922 - Worker_3] Status code == 403 for http://educacao.uol.com.br/colunas/guilherme-cabral/2015/06/29/um-medico-sob-o-nazismo-e-a-educacao-para-o-trabalho-os-compromissos-do-profissional-com-a-sociedade.htm, skipping...
[INFO - 2025-10-24 22:48:38,609 - MainThread] Processed 2043 links - 1282/2043 succeeded (62.8%).
[INFO - 2025-10-24 22:48:38,609 - MainThread] Total time taken to complete: 62min
