[INFO - 2026-03-03 15:12:47,451 - MainThread] 8 file(s) to process.
[INFO - 2026-03-03 15:12:47,454 - MainThread] 3235 links from 'out/uol_links/2023/6-2023.txt'.
[INFO - 2026-03-03 15:12:47,468 - MainThread] 3490 links from 'out/uol_links/2023/7-2023.txt'.
[INFO - 2026-03-03 15:12:47,488 - MainThread] 4041 links from 'out/uol_links/2023/5-2023.txt'.
[INFO - 2026-03-03 15:12:47,509 - MainThread] 3646 links from 'out/uol_links/2023/4-2023.txt'.
[INFO - 2026-03-03 15:12:47,539 - MainThread] 4158 links from 'out/uol_links/2023/8-2023.txt'.
[INFO - 2026-03-03 15:12:47,553 - MainThread] 131 links from 'out/uol_links/2023/9-2023.txt'.
[INFO - 2026-03-03 15:12:47,556 - MainThread] 3495 links from 'out/uol_links/2023/2-2023.txt'.
[INFO - 2026-03-03 15:12:47,569 - MainThread] 3839 links from 'out/uol_links/2023/3-2023.txt'.
[ERROR - 2026-03-03 15:12:47,617 - Worker_2] Status code == 403 for https://noticias.uol.com.br/ultimas-noticias/agencia-estado/2023/05/31/chuva-forte-atinge-sao-paulo-e-traz-alerta-para-alagamento-veja-previsao.htm, skipping...
[ERROR - 2026-03-03 15:12:57,124 - Worker_1] Status code == 403 for https://noticias.uol.com.br/colunas/leonardo-sakamoto/2023/05/31/pm-que-socou-idosa-e-mais-um-caso-de-fardado-punido-por-video-de-celular.htm, skipping...
[ERROR - 2026-03-03 15:12:59,625 - Worker_4] Status code == 403 for https://noticias.uol.com.br/colunas/jamil-chade/2023/05/28/carta-aos-espanhois-e-se-nos-unirmos-para-erradicar-o-racismo.htm, skipping...
[ERROR - 2026-03-03 15:13:02,320 - Worker_2] Status code == 403 for https://noticias.uol.com.br/cotidiano/ultimas-noticias/2023/05/31/homem-e-preso-em-go-apos-invadir-joalheria-pelo-teto-e-furtar-r-200-mil.htm, skipping...
[ERROR - 2026-03-03 15:13:06,031 - Worker_4] Status code == 403 for https://noticias.uol.com.br/politica/ultimas-noticias/2023/05/31/sakamoto-collor-condenado-a-cadeia-significa-stf-mais-proximo-de-bolsonaro.htm, skipping...
[ERROR - 2026-03-03 15:13:06,359 - Worker_3] Status code == 403 for https://tab.uol.com.br/noticias/redacao/2023/05/26/pablo-marcal-mentor-de-milhoes-ou-manipulador.htm, skipping...
[ERROR - 2026-03-03 15:13:11,720 - Worker_1] Status code == 403 for https://tab.uol.com.br/noticias/redacao/2023/05/24/jovens-na-china-os-bastidores-de-experimentos-com-cobaias-e-mais.htm, skipping...
[ERROR - 2026-03-03 15:13:15,509 - Worker_3] Status code == 403 for https://noticias.uol.com.br/internacional/ultimas-noticias/2023/05/31/familia-fica-apavorada-ao-encontrar-rara-cobra-albina-no-quintal.htm, skipping...
[ERROR - 2026-03-03 15:13:22,782 - Worker_2] Status code == 403 for https://noticias.uol.com.br/colunas/carolina-brigido/2023/05/31/stf-absolveu-collor-em-1994-e-2014-agora-mandou-prender-o-que-mudou.htm, skipping...
[ERROR - 2026-03-03 15:13:34,381 - Worker_3] Status code == 403 for https://noticias.uol.com.br/politica/ultimas-noticias/2023/05/31/collor-pena-stf-julgamento.htm, skipping...
[ERROR - 2026-03-03 15:13:37,517 - Worker_0] Status code == 403 for https://noticias.uol.com.br/colunas/carla-araujo/2023/05/31/ministro-do-gsi-abre-investigacao-para-apurar-agressao-a-jornalistas.htm, skipping...
[ERROR - 2026-03-03 15:13:47,099 - Worker_1] Status code == 403 for https://noticias.uol.com.br/colunas/jose-roberto-de-toledo/2023/05/31/lira-quer-colocar-a-mao-na-torneira-do-governo-e-controlar-fluxo-de-verbas.htm, skipping...
[ERROR - 2026-03-03 15:13:56,633 - Worker_3] Status code == 403 for https://tab.uol.com.br/noticias/redacao/2023/05/30/designer-recria-barbies-personalizadas-meu-sonho-e-fazer-janja-e-lula.htm, skipping...
[ERROR - 2026-03-03 15:13:57,886 - Worker_1] Status code == 403 for https://noticias.uol.com.br/cotidiano/ultimas-noticias/2023/05/31/procuradora-declaracao-sessao.htm, skipping...
[ERROR - 2026-03-03 15:13:58,392 - Worker_0] Status code == 403 for https://tab.uol.com.br/noticias/redacao/2023/05/31/caso-serrambi-assassinato-de-duas-jovens-ha-20-anos-intriga-pe-ate-hoje.htm, skipping...
[ERROR - 2026-03-03 15:14:07,067 - Worker_2] Status code == 403 for https://noticias.uol.com.br/internacional/ultimas-noticias/2023/05/31/mulher-fica-com-rosto-queimado-apos-ovo-explodir-em-micro-ondas.htm, skipping...
[ERROR - 2026-03-03 15:14:11,412 - Worker_2] Status code == 403 for https://noticias.uol.com.br/internacional/ultimas-noticias/2023/05/31/nove-criancas-morrem-envenenadas-apos-ingestao-de-mingau-toxico-na-namibia.htm, skipping...
[ERROR - 2026-03-03 15:14:12,413 - Worker_0] Status code == 403 for https://economia.uol.com.br/noticias/redacao/2023/05/31/herdeiro-da-ray-ban-aos-19-quem-e-o-bilionario-mais-jovem-do-mundo.htm, skipping...
[ERROR - 2026-03-03 15:14:12,503 - Worker_3] Status code == 403 for https://noticias.uol.com.br/cotidiano/ultimas-noticias/2023/05/31/sucuri-acasalamento.htm, skipping...
[ERROR - 2026-03-03 15:14:16,765 - Worker_0] Status code == 403 for https://noticias.uol.com.br/politica/ultimas-noticias/2023/05/31/pl-decide-votar-contra-mp-dos-ministerios.htm, skipping...
[ERROR - 2026-03-03 15:14:19,004 - Worker_2] Status code == 403 for https://noticias.uol.com.br/cotidiano/ultimas-noticias/2023/05/31/falsa-medica-e-presa-durante-consulta-em-sp-apos-vitima-descobrir-armacao.htm, skipping...
[ERROR - 2026-03-03 15:14:23,527 - Worker_3] Status code == 403 for https://noticias.uol.com.br/cotidiano/ultimas-noticias/2023/05/31/auditor-fiscal-preso-sp.htm, skipping...
[ERROR - 2026-03-03 15:14:27,656 - Worker_3] Status code == 403 for https://economia.uol.com.br/videos/2023/05/29/midia-e-marketing-163-ana-peretti-vp-de-marketing-da-electrolux-para-america-latina.htm, skipping...
[ERROR - 2026-03-03 15:14:27,750 - Worker_0] Status code == 403 for https://noticias.uol.com.br/politica/ultimas-noticias/2023/05/31/lira-ha-insatisfacao-generalizada-com-a-falta-de-articulacao-do-governo.htm, skipping...
[ERROR - 2026-03-03 15:14:27,966 - Worker_2] Status code == 403 for https://noticias.uol.com.br/ultimas-noticias/2023/05/31/mega-sena-2597-concurso-numeros-sorteio-de-hoje-premio.htm, skipping...
[ERROR - 2026-03-03 15:14:31,755 - Worker_3] Status code == 403 for https://economia.uol.com.br/noticias/redacao/2023/05/29/a-caixa-preta-da-caixa.htm, skipping...
[ERROR - 2026-03-03 15:14:36,293 - Worker_0] Status code == 403 for https://noticias.uol.com.br/cotidiano/ultimas-noticias/2023/05/31/pm-soco-idosa-afastado-sao-paulo.htm, skipping...
[ERROR - 2026-03-03 15:15:01,891 - Worker_4] Status code == 403 for https://economia.uol.com.br/imposto-de-renda/noticias/redacao/2023/03/09/imposto-de-renda-2023-receita-libera-download-do-programa.htm, skipping...
[ERROR - 2026-03-03 15:15:15,224 - Worker_1] Status code == 403 for https://tab.uol.com.br/noticias/redacao/2023/05/26/pablo-marcal-mentor-de-milhoes-ou-manipulador.htm, skipping...
[ERROR - 2026-03-03 15:15:17,759 - Worker_4] Status code == 403 for https://noticias.uol.com.br/ultimas-noticias/rfi/2023/06/01/panico-e-sirenes-o-que-se-sabe-sobre-queda-de-satelite-espiao-norte-coreano.htm, skipping...
[ERROR - 2026-03-03 15:15:53,487 - Worker_0] Status code == 403 for https://noticias.uol.com.br/ultimas-noticias/afp/2023/06/01/japao-investira-us-25-bilhoes-para-promover-natalidade.htm, skipping...
[ERROR - 2026-03-03 15:15:58,069 - Worker_0] Status code == 403 for https://tab.uol.com.br/noticias/redacao/2023/05/30/designer-recria-barbies-personalizadas-meu-sonho-e-fazer-janja-e-lula.htm, skipping...
[ERROR - 2026-03-03 15:15:59,589 - Worker_3] Status code == 403 for https://tab.uol.com.br/noticias/redacao/2023/05/31/caso-serrambi-assassinato-de-duas-jovens-ha-20-anos-intriga-pe-ate-hoje.htm, skipping...
[ERROR - 2026-03-03 15:16:03,032 - Worker_4] Status code == 403 for https://noticias.uol.com.br/opiniao/coluna/2023/06/01/mais-um-homem-no-stf-reforca-a-importancia-de-uma-mulher-negra-na-corte.htm, skipping...
[ERROR - 2026-03-03 15:16:12,224 - Worker_4] Status code == 403 for https://noticias.uol.com.br/colunas/rogerio-gentile/2023/06/01/sem-mascara-justica-reduz-multa-a-bolsonaro-de-r-43-mil-para-r-524.htm, skipping...
[ERROR - 2026-03-03 15:16:19,719 - Worker_1] Status code == 403 for https://noticias.uol.com.br/politica/ultimas-noticias/2023/06/01/o-que-disseram-ministros-do-stf-sobre-escolha-de-zanin-para-supremo.htm, skipping...
[ERROR - 2026-03-03 15:16:21,143 - Worker_0] Status code == 403 for https://tab.uol.com.br/noticias/redacao/2023/05/31/um-curso-para-ser-um-soldado-conservador-o-poder-de-pablo-marcal-e-mais.htm, skipping...
[ERROR - 2026-03-03 15:17:08,653 - Worker_0] Status code == 403 for https://noticias.uol.com.br/colunas/leonardo-sakamoto/2023/06/02/ex-reitor-do-pt-e-peca-chave-para-entender-desvio-de-grana-de-governo-do-pl.htm, skipping...
[ERROR - 2026-03-03 15:17:10,677 - Worker_3] Status code == 403 for https://noticias.uol.com.br/cotidiano/ultimas-noticias/2023/06/02/lutei-como-pude-pela-minha-vida-diz-pm-desarmado-e-baleado-em-sp.htm, skipping...
[ERROR - 2026-03-03 15:17:29,552 - Worker_2] Status code == 403 for https://tab.uol.com.br/noticias/redacao/2023/05/26/pablo-marcal-mentor-de-milhoes-ou-manipulador.htm, skipping...
[ERROR - 2026-03-03 15:17:29,643 - Worker_1] Status code == 403 for https://noticias.uol.com.br/cotidiano/ultimas-noticias/2023/06/02/tentativa-assalto-tiroteio-sc.htm, skipping...
[ERROR - 2026-03-03 15:17:33,349 - Worker_3] Status code == 403 for https://noticias.uol.com.br/cotidiano/ultimas-noticias/2023/06/02/golpe-dos-nudes-presos-jogam-celulares-janela.htm, skipping...
[ERROR - 2026-03-03 15:17:45,722 - Worker_1] Status code == 403 for https://noticias.uol.com.br/cotidiano/ultimas-noticias/2023/06/02/morte-mulher-pr.htm, skipping...
[ERROR - 2026-03-03 15:17:46,159 - Worker_4] Status code == 403 for https://noticias.uol.com.br/politica/ultimas-noticias/2023/06/02/rogerio-marinho-condenacao-mandato-seguirei-senador.htm, skipping...
[ERROR - 2026-03-03 15:17:50,121 - Worker_1] Status code == 403 for https://noticias.uol.com.br/colunas/chico-alves/2023/06/02/indicacao-de-zanin-ao-stf-e-grande-erro-de-lula.htm, skipping...
[ERROR - 2026-03-03 15:17:52,919 - Worker_4] Status code == 403 for https://noticias.uol.com.br/ultimas-noticias/redacao/2023/06/01/aprovacao-da-mp-dos-ministerios-traz-alivio-a-politica-racial.htm, skipping...
[ERROR - 2026-03-03 15:18:03,821 - Worker_2] Status code == 403 for https://noticias.uol.com.br/cotidiano/ultimas-noticias/2023/06/02/procuradora-em-situacao-de-pires-na-mao.htm, skipping...
[ERROR - 2026-03-03 15:18:19,357 - Worker_3] Status code == 403 for https://noticias.uol.com.br/colunas/carla-araujo/2023/06/02/ainda-sem-nome-novo-pac-atrasa-e-vai-ter-de-esperar-votacao-de-arcabouco.htm, skipping...
[ERROR - 2026-03-03 15:18:20,126 - Worker_1] Status code == 403 for https://tab.uol.com.br/noticias/redacao/2023/05/30/designer-recria-barbies-personalizadas-meu-sonho-e-fazer-janja-e-lula.htm, skipping...
[ERROR - 2026-03-03 15:18:21,376 - Worker_2] Status code == 403 for https://noticias.uol.com.br/politica/ultimas-noticias/2023/06/02/kotscho-lula-indicar-zanin-e-dar-palco-para-moro-e-bolsonaristasnosenado.htm, skipping...
[ERROR - 2026-03-03 15:18:23,702 - Worker_3] Status code == 403 for https://tab.uol.com.br/noticias/redacao/2023/05/31/caso-serrambi-assassinato-de-duas-jovens-ha-20-anos-intriga-pe-ate-hoje.htm, skipping...
[ERROR - 2026-03-03 15:18:30,229 - Worker_2] Status code == 403 for https://tab.uol.com.br/colunas/matheus-pichonelli/2023/06/02/sentencas-contra-medico-que-receitou-sorvete-sao-sintoma-de-doenca-social.htm, skipping...
[ERROR - 2026-03-03 15:18:32,722 - Worker_3] Status code == 403 for https://tab.uol.com.br/noticias/redacao/2023/05/31/um-curso-para-ser-um-soldado-conservador-o-poder-de-pablo-marcal-e-mais.htm, skipping...
[ERROR - 2026-03-03 15:18:32,824 - Worker_4] Status code == 403 for https://noticias.uol.com.br/cotidiano/ultimas-noticias/2023/06/02/guardas-municipal-bh-afastado-abordagem-violenta-mulher.htm, skipping...
[ERROR - 2026-03-03 15:18:34,592 - Worker_2] Status code == 403 for https://noticias.uol.com.br/colunas/chico-alves/2023/06/02/indicacao-de-zanin-ao-stf-e-grande-erro-de-lula.htm, skipping...
[ERROR - 2026-03-03 15:18:37,051 - Worker_3] Status code == 403 for https://noticias.uol.com.br/colunas/josmar-jozino/2023/06/02/mortos-pelo-pcc-eram-do-bando-acusado-de-planejar-sequestro-de-sergio-moro.htm, skipping...
[ERROR - 2026-03-03 15:18:37,185 - Worker_4] Status code == 403 for https://noticias.uol.com.br/confere/ultimas-noticias/2023/06/02/post-distorce-reportagens-para-enganar-internautas-com-promessa-de-dinheiro.htm, skipping...
[ERROR - 2026-03-03 15:18:41,428 - Worker_3] Status code == 403 for https://noticias.uol.com.br/politica/ultimas-noticias/2023/06/02/bolsonaro-escolha-zanin-stf-competencia-privativa-presidente.htm, skipping...
[ERROR - 2026-03-03 15:19:27,712 - Worker_1] Status code == 403 for https://economia.uol.com.br/imposto-de-renda/noticias/redacao/2023/03/09/imposto-de-renda-2023-receita-libera-download-do-programa.htm, skipping...
[ERROR - 2026-03-03 15:19:31,872 - Worker_1] Status code == 403 for https://noticias.uol.com.br/cotidiano/ultimas-noticias/2023/06/03/fui-afogado-no-rio-tejo-brasileiros-relatam-agressao-em-bar-de-portugal.htm, skipping...
[ERROR - 2026-03-03 15:19:36,025 - Worker_2] Status code == 403 for https://noticias.uol.com.br/ultimas-noticias/2023/06/03/mega-sena-2598-concurso-numeros-sorteio-de-hoje-premio.htm, skipping...
[ERROR - 2026-03-03 15:19:44,188 - Worker_0] Status code == 403 for https://noticias.uol.com.br/colunas/leonardo-sakamoto/2023/06/03/bancos-miram-frigorificos-mas-ignoram-fazendas-em-acao-contra-desmatamento.htm, skipping...
[ERROR - 2026-03-03 15:19:44,664 - Worker_1] Status code == 403 for https://noticias.uol.com.br/ultimas-noticias/agencia-estado/2023/06/03/bolsonaro-tem-segundo-almoco-com-prefeito-de-sao-paulo-e-pl-reforca-fritura-de-salles.htm, skipping...
[ERROR - 2026-03-03 15:19:54,087 - Worker_1] Status code == 403 for https://economia.uol.com.br/mais/colunas/silvio-crespo/2023/06/02/investindo-r-1000-por-mes-em-quanto-tempo-voce-junta-r-1-milhao.htm, skipping...
[ERROR - 2026-03-03 15:20:00,828 - Worker_1] Status code == 403 for https://noticias.uol.com.br/cotidiano/ultimas-noticias/2023/06/03/depoimento-norte-americana-thiago-brennand-audiencia-porto-feliz.htm, skipping...
[ERROR - 2026-03-03 15:20:01,356 - Worker_3] Status code == 403 for https://noticias.uol.com.br/politica/ultimas-noticias/2023/06/03/zema-diz-que-foi-mal-interpretado-por-fala-sobre-auxilio.htm, skipping...
[ERROR - 2026-03-03 15:20:03,084 - Worker_2] Status code == 403 for https://noticias.uol.com.br/ultimas-noticias/redacao/2023/06/01/aprovacao-da-mp-dos-ministerios-traz-alivio-a-politica-racial.htm, skipping...
[ERROR - 2026-03-03 15:20:04,938 - Worker_1] Status code == 403 for https://noticias.uol.com.br/internacional/ultimas-noticias/2023/06/03/turista-condenado-tocar-filhote-bisao-eua.htm, skipping...
[ERROR - 2026-03-03 15:20:05,094 - Worker_4] Status code == 403 for https://noticias.uol.com.br/politica/ultimas-noticias/2023/06/03/investigado-pela-pf-monitorava-metas-para-definir-repasses-a-prefeituras.htm, skipping...
[ERROR - 2026-03-03 15:20:10,274 - Worker_3] Status code == 403 for https://noticias.uol.com.br/politica/ultimas-noticias/2023/06/03/ricardo-salles-prefeitura-sao-paulo-jair-bolsonaro.htm, skipping...
[ERROR - 2026-03-03 15:20:13,623 - Worker_1] Status code == 403 for https://economia.uol.com.br/mais/ultimas-noticias/2023/06/03/fundos-de-investimento-vantagens-riscos.htm, skipping...
[ERROR - 2026-03-03 15:20:13,707 - Worker_4] Status code == 403 for https://noticias.uol.com.br/colunas/chico-alves/2023/06/03/no-brasil-x-israel-sub-20-a-politica-estara-em-campo.htm, skipping...
[ERROR - 2026-03-03 15:20:15,177 - Worker_0] Status code == 403 for https://noticias.uol.com.br/ultimas-noticias/deutschewelle/2023/06/02/o-que-kiev-arrisca-com-ataques-de-drone-na-russia.htm, skipping...
[ERROR - 2026-03-03 15:20:17,803 - Worker_4] Status code == 403 for https://noticias.uol.com.br/colunas/carla-araujo/2023/06/02/ainda-sem-nome-novo-pac-atrasa-e-vai-ter-de-esperar-votacao-de-arcabouco.htm, skipping...
[ERROR - 2026-03-03 15:20:19,276 - Worker_0] Status code == 403 for https://noticias.uol.com.br/internacional/ultimas-noticias/2023/06/03/depoimento-sobreviventes-acidente-trem-india.htm, skipping...
[ERROR - 2026-03-03 15:20:19,621 - Worker_2] Status code == 403 for https://tab.uol.com.br/noticias/redacao/2023/05/30/designer-recria-barbies-personalizadas-meu-sonho-e-fazer-janja-e-lula.htm, skipping...
[ERROR - 2026-03-03 15:20:21,920 - Worker_4] Status code == 403 for https://noticias.uol.com.br/colunas/jamil-chade/2023/06/03/sob-sancoes-russia-quer-driblar-dolar-em-comercio-com-o-brasil.htm, skipping...
[ERROR - 2026-03-03 15:20:22,209 - Worker_1] Status code == 403 for https://tab.uol.com.br/noticias/redacao/2023/05/31/caso-serrambi-assassinato-de-duas-jovens-ha-20-anos-intriga-pe-ate-hoje.htm, skipping...
[ERROR - 2026-03-03 15:20:28,203 - Worker_3] Status code == 403 for https://economia.uol.com.br/empregos-e-carreiras/noticias/redacao/2023/06/03/concurso-banco-do-brasil-tecnologia-inscricoes.htm, skipping...
[ERROR - 2026-03-03 15:20:30,420 - Worker_0] Status code == 403 for https://noticias.uol.com.br/cotidiano/ultimas-noticias/2023/06/03/aviao-monomotor-cai-zona-rural-luziania-pilotos-sobreviventes-entorno-df.htm, skipping...
[ERROR - 2026-03-03 15:20:37,101 - Worker_3] Status code == 403 for https://tab.uol.com.br/noticias/redacao/2023/05/31/um-curso-para-ser-um-soldado-conservador-o-poder-de-pablo-marcal-e-mais.htm, skipping...
[ERROR - 2026-03-03 15:20:42,940 - Worker_2] Status code == 403 for https://noticias.uol.com.br/politica/ultimas-noticias/2023/06/03/senador-do-pl-votou-com-governo-lula-e-deixou-partido.htm, skipping...
[ERROR - 2026-03-03 15:20:47,277 - Worker_2] Status code == 403 for https://economia.uol.com.br/videos/2023/05/29/midia-e-marketing-163-ana-peretti-vp-de-marketing-da-electrolux-para-america-latina.htm, skipping...
[ERROR - 2026-03-03 15:20:50,359 - Worker_4] Status code == 403 for https://economia.uol.com.br/noticias/redacao/2023/05/29/a-caixa-preta-da-caixa.htm, skipping...
[ERROR - 2026-03-03 15:21:14,131 - Worker_0] Status code == 403 for https://economia.uol.com.br/noticias/redacao/2023/06/03/fugini-e-indiciada-pela-policia.htm, skipping...
[ERROR - 2026-03-03 15:21:32,378 - Worker_0] Status code == 403 for https://economia.uol.com.br/colunas/todos-a-bordo/2023/06/03/comissarios-treinamento-aviao-pouso-emergencia-piloto.htm, skipping...
[ERROR - 2026-03-03 15:21:33,889 - Worker_2] Status code == 403 for https://economia.uol.com.br/imposto-de-renda/noticias/redacao/2023/03/09/imposto-de-renda-2023-receita-libera-download-do-programa.htm, skipping...
[ERROR - 2026-03-03 15:21:38,395 - Worker_3] Status code == 403 for https://noticias.uol.com.br/cotidiano/ultimas-noticias/2023/06/03/fui-afogado-no-rio-tejo-brasileiros-relatam-agressao-em-bar-de-portugal.htm, skipping...
[ERROR - 2026-03-03 15:21:52,888 - Worker_2] Status code == 403 for https://tab.uol.com.br/noticias/redacao/2023/06/04/casa-simbolo-da-luta-camponesa-guarda-memoria-em-sape-pb.htm, skipping...
[ERROR - 2026-03-03 15:22:30,836 - Worker_0] Status code == 403 for https://tab.uol.com.br/noticias/redacao/2023/05/30/designer-recria-barbies-personalizadas-meu-sonho-e-fazer-janja-e-lula.htm, skipping...
[ERROR - 2026-03-03 15:22:31,307 - Worker_4] Status code == 403 for https://tab.uol.com.br/noticias/redacao/2023/05/31/caso-serrambi-assassinato-de-duas-jovens-ha-20-anos-intriga-pe-ate-hoje.htm, skipping...
[ERROR - 2026-03-03 15:22:33,564 - Worker_2] Status code == 403 for https://noticias.uol.com.br/cotidiano/ultimas-noticias/2023/06/04/humilhado-voto-de-pobreza-servidores-criticam-salario-acima-de-r-30-mil.htm, skipping...
[ERROR - 2026-03-03 15:22:35,642 - Worker_4] Status code == 403 for https://noticias.uol.com.br/colunas/chico-alves/2023/06/04/orcamento-secreto-distorce-representacao-no-congresso-e-deixa-governo-zonzo.htm, skipping...
[ERROR - 2026-03-03 15:22:42,354 - Worker_2] Status code == 403 for https://noticias.uol.com.br/internacional/ultimas-noticias/2023/06/04/ladrao-liga-para-dona-de-padaria-e-se-desculpa-por-roubar-cupcakes.htm, skipping...
[ERROR - 2026-03-03 15:22:46,171 - Worker_1] Status code == 403 for https://tab.uol.com.br/noticias/redacao/2023/05/31/um-curso-para-ser-um-soldado-conservador-o-poder-de-pablo-marcal-e-mais.htm, skipping...
[ERROR - 2026-03-03 15:22:50,887 - Worker_2] Status code == 403 for https://economia.uol.com.br/videos/2023/05/29/midia-e-marketing-163-ana-peretti-vp-de-marketing-da-electrolux-para-america-latina.htm, skipping...
[ERROR - 2026-03-03 15:22:58,861 - Worker_4] Status code == 403 for https://economia.uol.com.br/noticias/redacao/2023/05/29/a-caixa-preta-da-caixa.htm, skipping...
[ERROR - 2026-03-03 15:23:04,254 - Worker_3] Status code == 403 for https://tab.uol.com.br/colunas/matheus-pichonelli/2023/06/04/lua-de-mel-com-governo-acabou-diz-sociologa-do-observatorio-da-branquitude.htm, skipping...
[ERROR - 2026-03-03 15:23:26,278 - Worker_4] Status code == 403 for https://tab.uol.com.br/noticias/redacao/2023/05/12/a-partir-de-2021-ansiedade-entre-estudantes-explodiu-dizem-psicologos.htm, skipping...
[ERROR - 2026-03-03 15:23:27,450 - Worker_0] Status code == 403 for https://economia.uol.com.br/noticias/redacao/2023/06/05/avon.htm, skipping...
[ERROR - 2026-03-03 15:23:29,545 - Worker_2] Status code == 403 for https://economia.uol.com.br/imposto-de-renda/noticias/redacao/2023/03/09/imposto-de-renda-2023-receita-libera-download-do-programa.htm, skipping...
[ERROR - 2026-03-03 15:23:30,376 - Worker_4] Status code == 403 for https://economia.uol.com.br/colunas/mariana-londres/2023/06/05/imposto-do-pecado-cashback-e-dois-ivas-o-que-muda-na-reforma-dos-impostos.htm, skipping...
[ERROR - 2026-03-03 15:23:33,639 - Worker_2] Status code == 403 for https://tab.uol.com.br/noticias/redacao/2023/06/05/acao-contra-petrobras-por-crime-ambiental-no-rj-corre-risco-de-prescrever.htm, skipping...
[ERROR - 2026-03-03 15:23:47,470 - Worker_2] Status code == 403 for https://tab.uol.com.br/noticias/redacao/2023/06/04/casa-simbolo-da-luta-camponesa-guarda-memoria-em-sape-pb.htm, skipping...
[ERROR - 2026-03-03 15:23:59,195 - Worker_3] Status code == 403 for https://economia.uol.com.br/noticias/redacao/2023/06/05/camara-stf-rejeite-acao-lula-eletrobras.htm, skipping...
[ERROR - 2026-03-03 15:24:08,008 - Worker_1] Status code == 403 for https://noticias.uol.com.br/politica/ultimas-noticias/2023/06/05/uol-entrevista-sonia-bridi.htm, skipping...
[ERROR - 2026-03-03 15:24:32,437 - Worker_1] Status code == 403 for https://educacao.uol.com.br/noticias/2023/06/05/por-que-corpus-christi-sempre-cai-na-quinta.htm, skipping...
[ERROR - 2026-03-03 15:24:43,713 - Worker_4] Status code == 403 for https://tab.uol.com.br/noticias/redacao/2023/05/31/um-curso-para-ser-um-soldado-conservador-o-poder-de-pablo-marcal-e-mais.htm, skipping...
[ERROR - 2026-03-03 15:24:52,249 - Worker_1] Status code == 403 for https://noticias.uol.com.br/internacional/ultimas-noticias/2023/06/05/mulher-e-inocentada-por-morte-dos-quatro-filhos-apos-20-anos-na-prisao.htm, skipping...
[ERROR - 2026-03-03 15:24:56,358 - Worker_1] Status code == 403 for https://noticias.uol.com.br/cotidiano/ultimas-noticias/2023/06/05/policia-itaborai-briga-escola.htm, skipping...
[ERROR - 2026-03-03 15:24:56,366 - Worker_3] Status code == 403 for https://noticias.uol.com.br/colunas/carlos-madeiro/2023/06/04/maceio-colapso-funerario-enterro-covas-rasas.htm, skipping...
[ERROR - 2026-03-03 15:25:00,465 - Worker_1] Status code == 403 for https://noticias.uol.com.br/cotidiano/ultimas-noticias/2023/06/05/mp-recorre-prisao-homem-que-manteve-filha-sem-alimentacao.htm, skipping...
[ERROR - 2026-03-03 15:25:06,181 - Worker_4] Status code == 403 for https://noticias.uol.com.br/ultimas-noticias/agencia-estado/2023/06/05/lula-cumpre-promessa-e-veta-trecho-de-lei-que-afrouxava-protecao-a-mata-atlantica.htm, skipping...
[ERROR - 2026-03-03 15:25:13,813 - Worker_1] Status code == 403 for https://noticias.uol.com.br/cotidiano/ultimas-noticias/2023/06/05/pode-transar-sem-casar-e-pecado-o-que-pensam-as-religioes-sobre-sexo.htm, skipping...
[ERROR - 2026-03-03 15:25:59,543 - Worker_4] Status code == 403 for https://tab.uol.com.br/noticias/redacao/2023/05/26/pablo-marcal-mentor-de-milhoes-ou-manipulador.htm, skipping...
[ERROR - 2026-03-03 15:26:13,498 - Worker_3] Status code == 403 for https://tab.uol.com.br/noticias/redacao/2023/06/04/casa-simbolo-da-luta-camponesa-guarda-memoria-em-sape-pb.htm, skipping...
[ERROR - 2026-03-03 15:26:22,309 - Worker_3] Status code == 403 for https://tab.uol.com.br/noticias/redacao/2023/06/07/na-maior-zona-de-prosituicao-do-brasil-associacao-luta-por-direitos.htm, skipping...
[ERROR - 2026-03-03 15:26:22,786 - Worker_4] Status code == 403 for https://tab.uol.com.br/colunas/matheus-pichonelli/2023/06/07/junho-de-2013-foi-meu-1-confinamento-quando-explodiu-estava-no-hospital.htm, skipping...
[ERROR - 2026-03-03 15:26:31,385 - Worker_0] Status code == 403 for https://noticias.uol.com.br/politica/ultimas-noticias/2023/06/07/lider-da-bancada-evangelica-diz-que-zanin-esta-alinhado-as-pautas-do-grupo.htm, skipping...
[ERROR - 2026-03-03 15:26:32,742 - Worker_2] Status code == 403 for https://noticias.uol.com.br/ultimas-noticias/redacao/2023/06/01/aprovacao-da-mp-dos-ministerios-traz-alivio-a-politica-racial.htm, skipping...
[ERROR - 2026-03-03 15:26:36,056 - Worker_1] Status code == 403 for https://noticias.uol.com.br/meio-ambiente/ultimas-noticias/reporter-brasil/2023/06/07/marco-temporal-soja-terras-indigenas.htm, skipping...
[ERROR - 2026-03-03 15:26:36,140 - Worker_4] Status code == 403 for https://noticias.uol.com.br/colunas/chico-alves/2023/06/07/afinal-o-que-fez-o-homem-que-foi-carregado-amarrado-por-pms.htm, skipping...
[ERROR - 2026-03-03 15:26:42,769 - Worker_2] Status code == 403 for https://noticias.uol.com.br/cotidiano/ultimas-noticias/2023/06/07/sao-paulo-vereadoras-pedem-suspensao-da-revisao-do-plano-diretor.htm, skipping...
[ERROR - 2026-03-03 15:26:54,960 - Worker_0] Status code == 403 for https://noticias.uol.com.br/ultimas-noticias/2023/06/07/mega-sena-concurso-2599-sorteio-07-de-junho.htm, skipping...
[ERROR - 2026-03-03 15:26:56,480 - Worker_2] Status code == 403 for https://noticias.uol.com.br/politica/ultimas-noticias/2023/06/07/stj-nega-recurso-deltan-apuracoes-tcu-diarias-lava-jato.htm, skipping...
[ERROR - 2026-03-03 15:27:02,830 - Worker_1] Status code == 403 for https://noticias.uol.com.br/internacional/ultimas-noticias/2023/06/07/esquilofinge-morto-vassoura.htm, skipping...
[ERROR - 2026-03-03 15:27:08,029 - Worker_0] Status code == 403 for https://tab.uol.com.br/noticias/redacao/2023/05/31/um-curso-para-ser-um-soldado-conservador-o-poder-de-pablo-marcal-e-mais.htm, skipping...
[ERROR - 2026-03-03 15:27:10,271 - Worker_2] Status code == 403 for https://noticias.uol.com.br/ultimas-noticias/afp/2023/06/07/soldado-desconhecido-dos-eua-e-sepultado-na-franca-105-anos-apos-i-guerra.htm, skipping...
[ERROR - 2026-03-03 15:27:11,620 - Worker_1] Status code == 403 for https://noticias.uol.com.br/meio-ambiente/ultimas-noticias/redacao/2023/06/07/desmatamento-amazonia.htm, skipping...
[ERROR - 2026-03-03 15:27:12,351 - Worker_0] Status code == 403 for https://noticias.uol.com.br/colunas/leonardo-sakamoto/2023/06/07/quantas-minutas-golpistas-vao-surgir-ate-bolsonaro-ser-punido-por-golpe.htm, skipping...
[ERROR - 2026-03-03 15:27:14,597 - Worker_2] Status code == 403 for https://noticias.uol.com.br/internacional/ultimas-noticias/2023/06/07/parto-virgem-crocodilo-femea-engravida-sozinha-e-reproduz-999-de-seu-dna.htm, skipping...
[ERROR - 2026-03-03 15:27:14,667 - Worker_4] Status code == 403 for https://noticias.uol.com.br/colunas/carlos-madeiro/2023/06/04/maceio-colapso-funerario-enterro-covas-rasas.htm, skipping...
[ERROR - 2026-03-03 15:27:28,175 - Worker_0] Status code == 403 for https://noticias.uol.com.br/colunas/rogerio-gentile/2023/06/07/justica-manda-despejar-templo-de-valdomiro-santiago-e-autoriza-arrombamento.htm, skipping...
[ERROR - 2026-03-03 15:27:33,223 - Worker_2] Status code == 403 for https://noticias.uol.com.br/politica/ultimas-noticias/2023/06/07/stf-julgamento-marco-temporal-demarcacao.htm, skipping...
[ERROR - 2026-03-03 15:27:33,439 - Worker_4] Status code == 403 for https://noticias.uol.com.br/colunas/josmar-jozino/2023/06/07/stj-manda-soltar-empresario-acusado-de-mandar-matar-narcotraficante-do-pcc.htm, skipping...
[ERROR - 2026-03-03 15:27:34,576 - Worker_1] Status code == 403 for https://noticias.uol.com.br/colunas/balaio-do-kotscho/2023/06/07/feitico-virou-contra-os-feiticeiros-da-lava-jato-agora-no-banco-dos-reus.htm, skipping...
[ERROR - 2026-03-03 15:27:34,779 - Worker_0] Status code == 403 for https://noticias.uol.com.br/cotidiano/ultimas-noticias/2023/06/07/motorista-conta-bancaria.htm, skipping...
[ERROR - 2026-03-03 15:27:38,805 - Worker_1] Status code == 403 for https://tab.uol.com.br/noticias/redacao/2023/06/07/o-dj-na-estrada-patife-rei-do-drumnbass-vira-caminhoneiro-em-portugal.htm, skipping...
[ERROR - 2026-03-03 15:27:43,256 - Worker_2] Status code == 403 for https://noticias.uol.com.br/politica/ultimas-noticias/2023/06/07/por-que-marco-temporal-esta-sendo-analisado-em-2-frentes-e-qual-vale-mais.htm, skipping...
[ERROR - 2026-03-03 15:27:56,657 - Worker_3] Status code == 403 for https://tab.uol.com.br/colunas/matheus-pichonelli/2023/06/08/digitais-de-kids-pretos-dao-luz-a-acao-de-bolsonaristas-para-alem-de-81.htm, skipping...
[ERROR - 2026-03-03 15:28:04,262 - Worker_2] Status code == 403 for https://noticias.uol.com.br/ultimas-noticias/afp/2023/06/08/rubi-gigante-e-leiloado-por-us-348-milhoes-em-nova-york.htm, skipping...
[ERROR - 2026-03-03 15:28:09,811 - Worker_0] Status code == 403 for https://tab.uol.com.br/noticias/redacao/2023/06/07/na-maior-zona-de-prosituicao-do-brasil-associacao-luta-por-direitos.htm, skipping...
[ERROR - 2026-03-03 15:28:16,645 - Worker_3] Status code == 403 for https://noticias.uol.com.br/colunas/camilo-vannuchi/2023/06/08/o-que-a-vida-quer-do-jornalismo-e-coragem.htm, skipping...
[ERROR - 2026-03-03 15:28:25,540 - Worker_3] Status code == 403 for https://noticias.uol.com.br/ultimas-noticias/redacao/2023/06/01/aprovacao-da-mp-dos-ministerios-traz-alivio-a-politica-racial.htm, skipping...
[ERROR - 2026-03-03 15:28:28,755 - Worker_1] Status code == 403 for https://noticias.uol.com.br/cotidiano/ultimas-noticias/2023/06/08/homem-suspeito-matar-cunhado-rio.htm, skipping...
[ERROR - 2026-03-03 15:28:32,890 - Worker_1] Status code == 403 for https://noticias.uol.com.br/ultimas-noticias/agencia-estado/2023/06/08/brasileira-escapa-de-pena-de-morte-e-pega-11-anos-por-trafico-de-drogas-na-indonesia.htm, skipping...
[ERROR - 2026-03-03 15:28:38,015 - Worker_0] Status code == 403 for https://noticias.uol.com.br/colunas/andre-santana/2023/06/08/lula-passa-feriado-na-bahia-ao-lado-de-quilombo-em-conflito-com-a-marinha.htm, skipping...
[ERROR - 2026-03-03 15:28:40,382 - Worker_4] Status code == 403 for https://noticias.uol.com.br/internacional/ultimas-noticias/2023/06/08/cuba-tera-base-secreta-de-espionagens-dos-eua-para-a-china-diz-jornal.htm, skipping...
[ERROR - 2026-03-03 15:28:41,109 - Worker_3] Status code == 403 for https://noticias.uol.com.br/politica/ultimas-noticias/2023/06/08/representando-lula-ministro-da-agu-e-vaiado-na-marcha-para-jesus.htm, skipping...
[ERROR - 2026-03-03 15:28:42,189 - Worker_0] Status code == 403 for https://tab.uol.com.br/colunas/trombadas/2023/06/08/as-besquisas-de-mohamad.htm, skipping...
[ERROR - 2026-03-03 15:28:46,741 - Worker_4] Status code == 403 for https://noticias.uol.com.br/cotidiano/ultimas-noticias/2023/06/08/acidente-rodovia-mg.htm, skipping...
[ERROR - 2026-03-03 15:28:51,093 - Worker_0] Status code == 403 for https://noticias.uol.com.br/cotidiano/ultimas-noticias/2023/06/08/pf-prende-suspeito-de-assaltos-que-planejava-rota-internacional-de-drogas.htm, skipping...
[ERROR - 2026-03-03 15:28:55,409 - Worker_0] Status code == 403 for https://noticias.uol.com.br/internacional/ultimas-noticias/2023/06/08/mulher-desaparecida-sibora-gagani-corpo.htm, skipping...
[ERROR - 2026-03-03 15:28:56,378 - Worker_1] Status code == 403 for https://noticias.uol.com.br/internacional/ultimas-noticias/2023/06/08/escada-rolante-coreia-acidente.htm, skipping...
[ERROR - 2026-03-03 15:29:01,513 - Worker_4] Status code == 403 for https://noticias.uol.com.br/ultimas-noticias/reuters/2023/06/08/papa-teve-dia-tranquilo-e-se-recupera-normalmente-apos-cirurgia-abdominal-diz-vaticano.htm, skipping...
[ERROR - 2026-03-03 15:29:05,977 - Worker_4] Status code == 403 for https://tab.uol.com.br/noticias/redacao/2023/05/31/um-curso-para-ser-um-soldado-conservador-o-poder-de-pablo-marcal-e-mais.htm, skipping...
[ERROR - 2026-03-03 15:29:07,193 - Worker_0] Status code == 403 for https://noticias.uol.com.br/cotidiano/ultimas-noticias/2023/06/08/homem-amarrado-por-pms-juiza-diz-que-nao-ha-elementos-de-tortura.htm, skipping...
[ERROR - 2026-03-03 15:29:10,369 - Worker_2] Status code == 403 for https://noticias.uol.com.br/politica/ultimas-noticias/2023/06/08/plenario-virtual-vaga-de-deltan.htm, skipping...
[ERROR - 2026-03-03 15:29:13,912 - Worker_0] Status code == 403 for https://noticias.uol.com.br/colunas/josmar-jozino/2023/06/08/aluno-e-agredido-em-escola-de-sao-bernardo-do-campo-por-ser-filho-de-pm.htm, skipping...
[ERROR - 2026-03-03 15:29:20,037 - Worker_1] Status code == 403 for https://noticias.uol.com.br/politica/ultimas-noticias/2023/06/08/chico-motivo-de-sauditas-darem-joias-a-michelle-importa-mais-do-que-valor.htm, skipping...
[ERROR - 2026-03-03 15:29:34,309 - Worker_4] Status code == 403 for https://tab.uol.com.br/noticias/redacao/2023/06/07/o-dj-na-estrada-patife-rei-do-drumnbass-vira-caminhoneiro-em-portugal.htm, skipping...
[ERROR - 2026-03-03 15:29:43,706 - Worker_3] Status code == 403 for https://noticias.uol.com.br/internacional/ultimas-noticias/2023/06/09/pai-entrevista-jovem-ataque-tubarao.htm, skipping...
[ERROR - 2026-03-03 15:30:03,502 - Worker_1] Failed to connect with https://noticias.uol.com.br/cotidiano/ultimas-noticias/2023/06/09/previsao-tempo-fim-de-semana.htm after 3 attempts, skipping...
[ERROR - 2026-03-03 15:30:04,946 - Worker_2] Failed to connect with https://noticias.uol.com.br/cotidiano/ultimas-noticias/2023/06/09/caso-jovem-morte-andradas-mg.htm after 3 attempts, skipping...
[ERROR - 2026-03-03 15:30:09,162 - Worker_0] Failed to connect with https://noticias.uol.com.br/internacional/ultimas-noticias/2023/06/09/areas-destruidas-rompimento-barragem-ucrania.htm after 3 attempts, skipping...
[ERROR - 2026-03-03 15:30:21,185 - Worker_3] Status code == 403 for https://noticias.uol.com.br/colunas/madeleine-lacsko/2023/06/09/vaias-sao-mais-significativas-para-lula-que-queda-na-aprovacao.htm, skipping...
[ERROR - 2026-03-03 15:30:27,628 - Worker_0] Status code == 403 for https://noticias.uol.com.br/opiniao/coluna/2023/06/09/opiniao-vaga-decorrente-da-cassacao-de-dallagnol-deve-ficar-com-o-pl.htm, skipping...
[ERROR - 2026-03-03 15:30:41,854 - Worker_3] Status code == 403 for https://tab.uol.com.br/noticias/redacao/2023/06/07/na-maior-zona-de-prosituicao-do-brasil-associacao-luta-por-direitos.htm, skipping...
[ERROR - 2026-03-03 15:30:46,354 - Worker_3] Status code == 403 for https://economia.uol.com.br/noticias/redacao/2023/06/08/o-que-aconteceu-com-a-crush.htm, skipping...
[ERROR - 2026-03-03 15:30:54,603 - Worker_1] Status code == 403 for https://noticias.uol.com.br/ultimas-noticias/redacao/2023/06/01/aprovacao-da-mp-dos-ministerios-traz-alivio-a-politica-racial.htm, skipping...
[ERROR - 2026-03-03 15:30:58,175 - Worker_3] Status code == 403 for https://noticias.uol.com.br/cotidiano/ultimas-noticias/2023/06/09/pm-atira-em-homem-macae.htm, skipping...
[ERROR - 2026-03-03 15:30:58,740 - Worker_1] Status code == 403 for https://noticias.uol.com.br/internacional/ultimas-noticias/2023/06/09/conheca-maior-navio-de-guerra-do-mundo.htm, skipping...
[ERROR - 2026-03-03 15:30:59,288 - Worker_2] Status code == 403 for https://noticias.uol.com.br/politica/ultimas-noticias/2023/06/09/lira-se-acostumou-com-forca-que-tinha-no-governo-bolsonaro-diz-professor.htm, skipping...
[ERROR - 2026-03-03 15:31:02,939 - Worker_4] Status code == 403 for https://noticias.uol.com.br/cotidiano/ultimas-noticias/2023/06/09/carro-atacado-cracolandia-sp-video.htm, skipping...
[ERROR - 2026-03-03 15:31:09,695 - Worker_3] Status code == 403 for https://noticias.uol.com.br/cotidiano/ultimas-noticias/2023/06/09/importunacao-sexual-shopping-rio.htm, skipping...
[ERROR - 2026-03-03 15:31:13,693 - Worker_4] Status code == 403 for https://noticias.uol.com.br/internacional/ultimas-noticias/2023/06/08/ataque-tubarao-turista.htm, skipping...
[ERROR - 2026-03-03 15:31:13,796 - Worker_3] Status code == 403 for https://noticias.uol.com.br/ultimas-noticias/agencia-estado/2023/06/08/tarcisio-foge-de-crise-e-minimiza-retirada-de-policial-da-equipe-por-lula.htm, skipping...
[ERROR - 2026-03-03 15:31:15,008 - Worker_1] Status code == 403 for https://noticias.uol.com.br/colunas/jamil-chade/2023/06/09/plano-contra-racismo-interrompido-por-bolsonaro-na-onu-e-resgatado-por-lula.htm, skipping...
[ERROR - 2026-03-03 15:31:18,017 - Worker_3] Status code == 403 for https://tab.uol.com.br/noticias/redacao/2023/05/20/no-pais-dos-invisiveis-mutirao-ajuda-brasileiros-sem-documentacao.htm, skipping...
[ERROR - 2026-03-03 15:31:22,956 - Worker_0] Status code == 403 for https://tab.uol.com.br/noticias/redacao/2023/05/31/um-curso-para-ser-um-soldado-conservador-o-poder-de-pablo-marcal-e-mais.htm, skipping...
[ERROR - 2026-03-03 15:31:24,490 - Worker_4] Status code == 403 for https://economia.uol.com.br/mais/pagbank/2023/06/09/quitar-financiamento-imobiliario-tres-anos.htm, skipping...
[ERROR - 2026-03-03 15:31:33,192 - Worker_4] Status code == 403 for https://noticias.uol.com.br/ultimas-noticias/afp/2023/06/09/trump-levou-documentos-com-segredos-nucleares-ao-deixar-a-casa-branca.htm, skipping...
[ERROR - 2026-03-03 15:31:35,306 - Worker_2] Status code == 403 for https://noticias.uol.com.br/opiniao/coluna/2023/06/09/opiniao-vaga-decorrente-da-cassacao-de-dallagnol-deve-ficar-com-o-podemos.htm, skipping...
[ERROR - 2026-03-03 15:31:50,635 - Worker_0] Status code == 403 for https://noticias.uol.com.br/ultimas-noticias/ansa/2023/06/09/advogados-renunciam-apos-trump-ser-indiciado-pela-2-vez.htm, skipping...
[ERROR - 2026-03-03 15:31:54,134 - Worker_3] Status code == 403 for https://noticias.uol.com.br/colunas/balaio-do-kotscho/2023/06/09/saude-tem-que-ser-inegociavel-para-o-governo-lula-e-uma-questao-de-honra.htm, skipping...
[ERROR - 2026-03-03 15:31:55,365 - Worker_4] Status code == 403 for https://noticias.uol.com.br/politica/ultimas-noticias/2023/06/09/julgamento-vaga-deltan-dallagnol.htm, skipping...
[ERROR - 2026-03-03 15:31:56,379 - Worker_1] Status code == 403 for https://tab.uol.com.br/colunas/matheus-pichonelli/2023/06/09/agressividade-em-publico-expoe-nivel-de-estresse-do-mundo-pos-pandemia.htm, skipping...
[ERROR - 2026-03-03 15:32:14,053 - Worker_3] Status code == 403 for https://tab.uol.com.br/noticias/redacao/2023/06/08/benedita-da-silva-lidera-bancada-feminina-37-anos-apos-seu-primeiro-mandato.htm, skipping...
[ERROR - 2026-03-03 15:32:22,993 - Worker_3] Status code == 403 for https://tab.uol.com.br/noticias/redacao/2023/06/09/salva-por-brasileiros-cidade-nos-eua-recruta-professores-para-rede-publica.htm, skipping...
[ERROR - 2026-03-03 15:32:28,859 - Worker_2] Status code == 403 for https://noticias.uol.com.br/cotidiano/ultimas-noticias/2023/06/10/sp-bandido-e-preso-apos-ser-atendido-por-medico-que-ele-tinha-roubado.htm, skipping...
[ERROR - 2026-03-03 15:32:31,560 - Worker_3] Status code == 403 for https://noticias.uol.com.br/ultimas-noticias/agencia-estado/2023/06/10/damares-diz-que-vai-orar-por-cristiano-zanin-advogado-indicado-por-lula-para-vaga-no-stf.htm, skipping...
[ERROR - 2026-03-03 15:32:37,742 - Worker_2] Status code == 403 for https://noticias.uol.com.br/ultimas-noticias/agencia-estado/2023/06/09/deputados-de-partidos-da-base-de-lula-assinam-pedido-de-impeachment-encabecado-pelo-pl.htm, skipping...
[ERROR - 2026-03-03 15:32:40,024 - Worker_4] Status code == 403 for https://noticias.uol.com.br/cotidiano/ultimas-noticias/2023/06/10/desembargador-nega-liberdade-homem-amarrado-pms-sp.htm, skipping...
[ERROR - 2026-03-03 15:32:41,764 - Worker_1] Status code == 403 for https://noticias.uol.com.br/ultimas-noticias/2023/06/10/mega-sena-concurso-2600-sorteio-10-de-junho.htm, skipping...
[ERROR - 2026-03-03 15:32:44,159 - Worker_2] Status code == 403 for https://noticias.uol.com.br/ultimas-noticias/deutschewelle/2023/06/10/zelenski-admite-contraofensiva-mas-nao-revela-detalhes.htm, skipping...
[ERROR - 2026-03-03 15:32:50,021 - Worker_0] Status code == 403 for https://noticias.uol.com.br/ultimas-noticias/redacao/2023/06/01/aprovacao-da-mp-dos-ministerios-traz-alivio-a-politica-racial.htm, skipping...
[ERROR - 2026-03-03 15:32:53,478 - Worker_2] Status code == 403 for https://noticias.uol.com.br/colunas/juliana-dal-piva/2023/06/10/bastidores-tse-julgamento-bolsonaro.htm, skipping...
[ERROR - 2026-03-03 15:32:55,422 - Worker_4] Status code == 403 for https://noticias.uol.com.br/ultimas-noticias/afp/2023/06/10/ataque-drone-odessa-mortes.htm, skipping...
[ERROR - 2026-03-03 15:33:01,086 - Worker_3] Status code == 403 for https://noticias.uol.com.br/cotidiano/ultimas-noticias/2023/06/10/com-condicoes-confirmadas-el-nino-pode-ser-dos-mais-fortes-em-70-anos.htm, skipping...
[ERROR - 2026-03-03 15:33:02,174 - Worker_2] Status code == 403 for https://noticias.uol.com.br/ultimas-noticias/afp/2023/06/10/papa-nao-fara-angelus-de-domingo-em-publico.htm, skipping...
[ERROR - 2026-03-03 15:33:07,675 - Worker_0] Status code == 403 for https://noticias.uol.com.br/internacional/ultimas-noticias/2023/06/10/guerreira-diz-avo-sobre-garota-que-manteve-irmaos-vivos-na-selva.htm, skipping...
[ERROR - 2026-03-03 15:33:10,103 - Worker_1] Status code == 403 for https://noticias.uol.com.br/internacional/ultimas-noticias/2023/06/09/quatro-criancas-sao-resgatadas-na-colombia-apos-40-dias-de-acidente-aereo.htm, skipping...
[ERROR - 2026-03-03 15:33:14,229 - Worker_1] Status code == 403 for https://noticias.uol.com.br/saude/ultimas-noticias/redacao/2023/06/10/anvisa-libera-cabotegravir-o-1-remedio-injetavel-contra-o-hiv.htm, skipping...
[ERROR - 2026-03-03 15:33:16,295 - Worker_2] Status code == 403 for https://noticias.uol.com.br/internacional/ultimas-noticias/2023/06/10/buscas-cachorro-wilson-colombia.htm, skipping...
[ERROR - 2026-03-03 15:33:18,836 - Worker_4] Status code == 403 for https://noticias.uol.com.br/cotidiano/ultimas-noticias/2023/06/10/tiroteio-no-rio-deixa-um-morto-e-atinge-fachada-de-unidade-da-smartfit.htm, skipping...
[ERROR - 2026-03-03 15:33:29,159 - Worker_3] Status code == 403 for https://tab.uol.com.br/noticias/redacao/2023/05/31/um-curso-para-ser-um-soldado-conservador-o-poder-de-pablo-marcal-e-mais.htm, skipping...
[ERROR - 2026-03-03 15:33:30,382 - Worker_1] Status code == 403 for https://noticias.uol.com.br/colunas/leonardo-sakamoto/2023/06/10/entidades-pedem-a-justica-que-proiba-pm-de-usar-cordas-para-efetuar-prisoes.htm, skipping...
[ERROR - 2026-03-03 15:33:36,247 - Worker_2] Status code == 403 for https://noticias.uol.com.br/internacional/ultimas-noticias/2023/06/10/cuidados-medicos-criancas-colombia.htm, skipping...
[ERROR - 2026-03-03 15:33:44,224 - Worker_0] Status code == 403 for https://noticias.uol.com.br/cotidiano/ultimas-noticias/2023/06/10/gravida-sertaozinho.htm, skipping...
[ERROR - 2026-03-03 15:34:09,812 - Worker_1] Status code == 403 for https://tab.uol.com.br/colunas/luiza-sahd/2023/06/12/alianca-de-solteiro-x-apps-de-paquera-quais-as-chances-de-dar-certo.htm, skipping...
[ERROR - 2026-03-03 15:34:15,967 - Worker_2] Status code == 403 for https://noticias.uol.com.br/ultimas-noticias/agencia-estado/2023/06/12/deltan-diz-que-agentes-de-deus-fizeram-pix-de-r-150-mil-para-pagar-sua-divida-na-lava-jato.htm, skipping...
[ERROR - 2026-03-03 15:34:22,247 - Worker_4] Status code == 403 for https://noticias.uol.com.br/colunas/carlos-madeiro/2023/06/12/area-desmatada-durante-governo-bolsonaro-equivale-a-150-do-estado-do-rio.htm, skipping...
[ERROR - 2026-03-03 15:34:30,927 - Worker_1] Status code == 403 for https://tab.uol.com.br/noticias/redacao/2023/06/07/caso-serrambi-o-ultimo-mutante-cemiterio-abandonado-e-mais.htm, skipping...
[ERROR - 2026-03-03 15:34:32,974 - Worker_4] Status code == 403 for https://tab.uol.com.br/noticias/redacao/2023/06/09/salva-por-brasileiros-cidade-nos-eua-recruta-professores-para-rede-publica.htm, skipping...
[ERROR - 2026-03-03 15:34:40,662 - Worker_1] Status code == 403 for https://noticias.uol.com.br/colunas/walter-maierovitch/2023/06/12/o-populista-berlusconi-nao-fara-falta-a-italia.htm, skipping...
[ERROR - 2026-03-03 15:34:45,961 - Worker_3] Status code == 403 for https://tab.uol.com.br/noticias/redacao/2023/06/07/na-maior-zona-de-prosituicao-do-brasil-associacao-luta-por-direitos.htm, skipping...
[ERROR - 2026-03-03 15:34:48,990 - Worker_2] Status code == 403 for https://noticias.uol.com.br/ultimas-noticias/afp/2023/06/12/governo-frances-supera-nova-mocao-de-censura-contra-reforma-da-previdencia.htm, skipping...
[ERROR - 2026-03-03 15:34:50,386 - Worker_3] Status code == 403 for https://noticias.uol.com.br/internacional/ultimas-noticias/2023/06/12/pai-criancas-selva.htm, skipping...
[ERROR - 2026-03-03 15:34:52,489 - Worker_4] Status code == 403 for https://noticias.uol.com.br/ultimas-noticias/redacao/2023/06/09/legado-de-marsha-p-johnson-destaca-presenca-negra-e-trans-na-luta-lgbtqia.htm, skipping...
[ERROR - 2026-03-03 15:34:53,401 - Worker_2] Status code == 403 for https://noticias.uol.com.br/cotidiano/ultimas-noticias/2023/06/12/caminhao-perde-controle-bate-carro-postes-restaurante.htm, skipping...
[ERROR - 2026-03-03 15:34:53,984 - Worker_0] Status code == 403 for https://tab.uol.com.br/noticias/redacao/2023/06/11/na-marcha-para-jesus-de-2023-tarcisio-de-freitas-foi-o-mais-abencoado.htm, skipping...
[ERROR - 2026-03-03 15:34:57,569 - Worker_2] Status code == 403 for https://noticias.uol.com.br/internacional/ultimas-noticias/2023/06/12/china-registra-queda-recorde-de-casamentos-desde-1980.htm, skipping...
[ERROR - 2026-03-03 15:35:07,038 - Worker_2] Status code == 403 for https://noticias.uol.com.br/ultimas-noticias/rfi/2023/06/12/air-defender-23-otan-realiza-exercicio-aereo-sem-precedentes-em-demonstracao-de-forca-e-unidade.htm, skipping...
[ERROR - 2026-03-03 15:35:07,349 - Worker_0] Status code == 403 for https://noticias.uol.com.br/colunas/jamil-chade/2023/06/12/guerra-na-ucrania-racha-governo-lula-e-brasil-se-divide-em-votacao-na-oit.htm, skipping...
[ERROR - 2026-03-03 15:35:11,144 - Worker_4] Status code == 404 for https://www.uol.com.br/universa/noticias/redacao/2023/06/12/mulher-que-reproduz-comportamento-machista-e-reparacao-historica.htm, skipping...
[ERROR - 2026-03-03 15:35:15,806 - Worker_0] Status code == 403 for https://noticias.uol.com.br/cotidiano/ultimas-noticias/2023/06/12/aviao-monomotor-cai-em-campo-de-futebol-em-teresina-e-deixa-cinco-feridos.htm, skipping...
[ERROR - 2026-03-03 15:35:17,207 - Worker_3] Status code == 403 for https://noticias.uol.com.br/cotidiano/ultimas-noticias/2023/06/12/pf-prende-suspeitos-embarcar-explosivos-belem.htm, skipping...
[ERROR - 2026-03-03 15:35:21,303 - Worker_3] Status code == 403 for https://noticias.uol.com.br/internacional/ultimas-noticias/2023/06/12/brasileiro-espancado-portugal-xenofobia.htm, skipping...
[ERROR - 2026-03-03 15:35:23,206 - Worker_2] Status code == 403 for https://noticias.uol.com.br/cotidiano/ultimas-noticias/2023/06/12/socio-de-empresario-mineiro-morto-no-rs-foi-preso-apos-comprar-pas-e-lonas.htm, skipping...
[ERROR - 2026-03-03 15:35:26,556 - Worker_1] Status code == 403 for https://noticias.uol.com.br/cotidiano/ultimas-noticias/2023/06/12/homem-que-rasgou-notas-do-carnaval-de-sp-e-transferido-para-prisao-federal.htm, skipping...
[ERROR - 2026-03-03 15:35:27,305 - Worker_4] Status code == 403 for https://noticias.uol.com.br/colunas/thais-oyama/2023/06/12/bolsonaro-esta-conformado-com-inelegibilidade-e-teme-7x0-no-tse.htm, skipping...
[ERROR - 2026-03-03 15:35:31,023 - Worker_1] Status code == 403 for https://noticias.uol.com.br/cotidiano/ultimas-noticias/2023/06/12/homem-ateia-fogo-em-cabelo-de-mulher-transexual-no-rio-veja.htm, skipping...
[ERROR - 2026-03-03 15:35:31,669 - Worker_4] Status code == 403 for https://noticias.uol.com.br/politica/ultimas-noticias/2023/06/12/lula-encontro-ursula-von-der-leyen.htm, skipping...
[ERROR - 2026-03-03 15:35:32,907 - Worker_2] Status code == 403 for https://noticias.uol.com.br/cotidiano/ultimas-noticias/2023/06/12/homem-amarrado-cameras.htm, skipping...
[ERROR - 2026-03-03 15:35:36,926 - Worker_0] Status code == 403 for https://noticias.uol.com.br/cotidiano/ultimas-noticias/2023/06/11/ginecologista-racismo-consulta-rj.htm, skipping...
[ERROR - 2026-03-03 15:35:40,364 - Worker_4] Status code == 403 for https://noticias.uol.com.br/colunas/chico-alves/2023/06/12/articulacao-politica-e-apelido-do-centrao-para-pressao-por-verba-e-cargos.htm, skipping...
[ERROR - 2026-03-03 15:35:46,643 - Worker_2] Status code == 403 for https://noticias.uol.com.br/colunas/josmar-jozino/2023/06/12/loteamento-clandestino-em-sp-gerou-receita-de-r-127-milhoes-ao-pcc-diz-mp.htm, skipping...
[ERROR - 2026-03-03 15:35:50,303 - Worker_1] Status code == 403 for https://noticias.uol.com.br/colunas/leonardo-sakamoto/2023/06/12/medo-da-derrota-de-bolsonaro-fez-desmatadores-acelerarem-destruicao-em-2022.htm, skipping...
[ERROR - 2026-03-03 15:35:53,820 - Worker_3] Status code == 403 for https://noticias.uol.com.br/cotidiano/ultimas-noticias/2023/06/12/ms-empresa-divulga-vaga-de-emprego-dispensando-candidatos-indigenas.htm, skipping...
[ERROR - 2026-03-03 15:35:54,665 - Worker_1] Status code == 403 for https://noticias.uol.com.br/cotidiano/ultimas-noticias/2023/06/12/mulher-carcere-privado-tres-anos-ouro-preto-minas-gerais.htm, skipping...
[ERROR - 2026-03-03 15:36:00,539 - Worker_3] Status code == 403 for https://noticias.uol.com.br/internacional/ultimas-noticias/2023/06/12/video-mostra-resgate-de-crocodilo-de-3-metros-de-piscina-nos-eua.htm, skipping...
[ERROR - 2026-03-03 15:36:03,198 - Worker_4] Status code == 403 for https://noticias.uol.com.br/colunas/rogerio-gentile/2023/06/12/arboleda-diz-a-justica-que-nao-ter-dinheiro-para-pagar-suas-contas.htm, skipping...
[ERROR - 2026-03-03 15:36:03,491 - Worker_1] Status code == 403 for https://noticias.uol.com.br/colunas/chico-alves/2023/06/12/de-lula-a-temer-politicos-usam-dia-dos-namorados-para-agitar-as-redes.htm, skipping...
[ERROR - 2026-03-03 15:36:09,398 - Worker_2] Status code == 403 for https://noticias.uol.com.br/colunas/madeleine-lacsko/2023/06/13/a-live-flopada-de-lula.htm, skipping...
[ERROR - 2026-03-03 15:36:17,410 - Worker_0] Status code == 403 for https://noticias.uol.com.br/colunas/reinaldo-azevedo/2023/06/13/lula-ensina-a-enfezados-arrogantes-como-se-negocia-com-altivez-sem-bravata.htm, skipping...
[ERROR - 2026-03-03 15:36:19,080 - Worker_3] Status code == 403 for https://tab.uol.com.br/noticias/redacao/2023/06/12/vendas-vinho-e-bananas-uma-imersao-sensual-num-predio-do-centro-de-sp.htm, skipping...
[ERROR - 2026-03-03 15:36:20,340 - Worker_4] Status code == 403 for https://noticias.uol.com.br/ultimas-noticias/agencia-estado/2023/06/13/chuva-deixa-sao-sebastiao-alagada-e-em-estado-de-alerta-risco-de-deslizamentos-e-alto.htm, skipping...
[ERROR - 2026-03-03 15:36:22,622 - Worker_2] Status code == 403 for https://tab.uol.com.br/noticias/redacao/2023/06/07/caso-serrambi-o-ultimo-mutante-cemiterio-abandonado-e-mais.htm, skipping...
[ERROR - 2026-03-03 15:36:23,181 - Worker_3] Status code == 403 for https://noticias.uol.com.br/cotidiano/ultimas-noticias/2023/06/13/assessor-anvisa-prisao-suspeito-estupro.htm, skipping...
[ERROR - 2026-03-03 15:36:25,925 - Worker_0] Status code == 403 for https://noticias.uol.com.br/cotidiano/ultimas-noticias/2023/06/13/homem-evita-roubo-de-veiculo-dando-bengaladas-em-bandidos-em-sp-veja.htm, skipping...
[ERROR - 2026-03-03 15:36:27,299 - Worker_3] Status code == 403 for https://noticias.uol.com.br/cotidiano/ultimas-noticias/2023/06/13/locadora-carros-sp.htm, skipping...
[ERROR - 2026-03-03 15:36:31,488 - Worker_3] Status code == 403 for https://noticias.uol.com.br/cotidiano/ultimas-noticias/2023/06/13/boate-kiss-stj-recurso-ministerio-publico-condenacao-reus.htm, skipping...
[ERROR - 2026-03-03 15:36:33,506 - Worker_4] Status code == 403 for https://noticias.uol.com.br/cotidiano/ultimas-noticias/2023/06/13/flordelis-autorizacao-casamento-presidio.htm, skipping...
[ERROR - 2026-03-03 15:36:39,093 - Worker_1] Status code == 403 for https://tab.uol.com.br/noticias/redacao/2023/06/12/para-especialistas-brasil-ainda-esta-preso-em-junho-de-2013.htm, skipping...
[ERROR - 2026-03-03 15:36:42,206 - Worker_4] Status code == 403 for https://noticias.uol.com.br/colunas/balaio-do-kotscho/2023/06/13/nao-da-mais-para-lula-bater-o-escanteio-e-correr-na-area-para-cabecear.htm, skipping...
[ERROR - 2026-03-03 15:36:48,468 - Worker_0] Status code == 403 for https://noticias.uol.com.br/colunas/carolina-brigido/2023/06/13/meus-amigos-nao-me-chamam-de-xandao-revela-alexandre-de-moraes.htm, skipping...
[ERROR - 2026-03-03 15:36:50,441 - Worker_1] Status code == 403 for https://noticias.uol.com.br/ultimas-noticias/redacao/2023/06/09/legado-de-marsha-p-johnson-destaca-presenca-negra-e-trans-na-luta-lgbtqia.htm, skipping...
[ERROR - 2026-03-03 15:36:50,895 - Worker_4] Status code == 403 for https://tab.uol.com.br/noticias/redacao/2023/06/11/na-marcha-para-jesus-de-2023-tarcisio-de-freitas-foi-o-mais-abencoado.htm, skipping...
[ERROR - 2026-03-03 15:36:54,806 - Worker_1] Status code == 403 for https://noticias.uol.com.br/cotidiano/ultimas-noticias/2023/06/13/es-influencer-tem-corpo-queimado-apos-explosao-de-garrafa-em-churrasco.htm, skipping...
[ERROR - 2026-03-03 15:37:01,469 - Worker_2] Status code == 403 for https://noticias.uol.com.br/cotidiano/ultimas-noticias/2023/06/13/bebe-santa-catarina-sozinho-rua-saiu-enquanto-familia-dormia.htm, skipping...
[ERROR - 2026-03-03 15:37:06,036 - Worker_3] Status code == 403 for https://noticias.uol.com.br/cotidiano/ultimas-noticias/2023/06/13/dentista-e-condenada-a-pagar-r-36-mil-por-erro-medico.htm, skipping...
[ERROR - 2026-03-03 15:37:06,890 - Worker_4] Status code == 403 for https://noticias.uol.com.br/colunas/kennedy-alencar/2023/06/13/lira-quer-reforma-ministerial-para-tirar-poder-do-pt.htm, skipping...
[ERROR - 2026-03-03 15:37:08,266 - Worker_1] Status code == 403 for https://noticias.uol.com.br/internacional/ultimas-noticias/2023/06/13/entrevista-avo-criancas-colombianas-acidente-aviao.htm, skipping...
[ERROR - 2026-03-03 15:37:12,663 - Worker_1] Status code == 403 for https://noticias.uol.com.br/politica/ultimas-noticias/2023/06/13/lula-saida-daniela-ministerio-turismo-sabino.htm, skipping...
[ERROR - 2026-03-03 15:37:20,233 - Worker_4] Status code == 403 for https://noticias.uol.com.br/cotidiano/ultimas-noticias/2023/06/13/operacao-minas-gerais-desvio-dinheiro.htm, skipping...
[ERROR - 2026-03-03 15:37:22,630 - Worker_0] Status code == 403 for https://noticias.uol.com.br/colunas/thais-oyama/2023/06/13/bolsonaro-pode-virar-bibelo-mas-direita-nao-voltara-ao-dentifricio.htm, skipping...
[ERROR - 2026-03-03 15:37:24,059 - Worker_2] Status code == 403 for https://noticias.uol.com.br/meio-ambiente/ultimas-noticias/redacao/2023/06/13/rodrigo-agostinho-ibama-uol-entrevista-13-de-junho.htm, skipping...
[ERROR - 2026-03-03 15:37:27,183 - Worker_1] Status code == 403 for https://noticias.uol.com.br/colunas/leonardo-sakamoto/2023/06/13/cpi-quer-priorizar-o-que-mauro-abandonado-por-bolsonaro-cid-tem-a-dizer.htm, skipping...
[ERROR - 2026-03-03 15:37:32,938 - Worker_2] Status code == 403 for https://noticias.uol.com.br/cotidiano/ultimas-noticias/2023/06/13/policia-crianca-desaparecida-londrina.htm, skipping...
[ERROR - 2026-03-03 15:37:35,991 - Worker_1] Status code == 403 for https://noticias.uol.com.br/internacional/ultimas-noticias/2023/06/13/drones-com-detector-de-calor-e-caes-menina-mobiliza-italia-apos-sumico.htm, skipping...
[ERROR - 2026-03-03 15:37:36,819 - Worker_0] Status code == 403 for https://noticias.uol.com.br/internacional/ultimas-noticias/2023/06/13/pai-fugido-das-farc-por-que-criancas-estavam-no-aviao-que-caiu-na-amazonia.htm, skipping...
[ERROR - 2026-03-03 15:37:41,195 - Worker_0] Status code == 403 for https://noticias.uol.com.br/colunas/jose-roberto-de-toledo/2023/06/13/jovens-mulheres-e-esquerda-formam-maioria-que-apoia-casamento-gay-no-pais.htm, skipping...
[ERROR - 2026-03-03 15:37:41,905 - Worker_2] Status code == 403 for https://noticias.uol.com.br/colunas/jamil-chade/2023/06/13/deputados-franceses-somam-apoios-suficientes-para-barrar-acordo-com-brasil.htm, skipping...
[ERROR - 2026-03-03 15:37:47,086 - Worker_1] Status code == 403 for https://noticias.uol.com.br/cotidiano/ultimas-noticias/2023/06/13/estudante-de-medicina-cigarro-eletronico-rj.htm, skipping...
[ERROR - 2026-03-03 15:37:50,594 - Worker_0] Status code == 403 for https://noticias.uol.com.br/politica/ultimas-noticias/2023/06/13/fotografo-que-ficou-cego-pm-trata-diferente-quem-e-de-esquerda-ou-direita.htm, skipping...
[ERROR - 2026-03-03 15:37:52,989 - Worker_2] Status code == 403 for https://noticias.uol.com.br/ultimas-noticias/2023/06/14/mega-sena-2601-concurso-numeros-sorteio-de-hoje-premio.htm, skipping...
[ERROR - 2026-03-03 15:37:54,960 - Worker_0] Status code == 403 for https://noticias.uol.com.br/colunas/josmar-jozino/2023/06/14/ministro-do-stj-anula-condenacao-de-10-anos-e-solta-integrante-do-pcc-em-sp.htm, skipping...
[ERROR - 2026-03-03 15:37:56,089 - Worker_3] Status code == 403 for https://noticias.uol.com.br/colunas/leonardo-sakamoto/2023/06/14/derrota-bolsonarista-na-cpmi-do-golpe-aumenta-ataques-a-general-nas-redes.htm, skipping...
[ERROR - 2026-03-03 15:37:59,317 - Worker_0] Status code == 403 for https://noticias.uol.com.br/colunas/carolina-brigido/2023/06/14/stf-planeja-julgar-aborto-e-marco-temporal-logo-depois-da-posse-de-zanin.htm, skipping...
[ERROR - 2026-03-03 15:38:00,492 - Worker_3] Status code == 403 for https://noticias.uol.com.br/colunas/carlos-madeiro/2023/06/14/apos-materia-do-uol-comissao-da-camara-apura-alta-de-imigracao-venezuelana.htm, skipping...
[ERROR - 2026-03-03 15:38:04,609 - Worker_3] Status code == 403 for https://noticias.uol.com.br/cotidiano/ultimas-noticias/2023/06/14/chamado-de-estuprador-pai-e-espancado-enquanto-levava-filha-para-a-escola.htm, skipping...
[ERROR - 2026-03-03 15:38:05,402 - Worker_4] Status code == 403 for https://noticias.uol.com.br/cotidiano/ultimas-noticias/2023/06/14/universidade-apuracao-estudante-medicina.htm, skipping...
[ERROR - 2026-03-03 15:38:05,735 - Worker_0] Status code == 403 for https://noticias.uol.com.br/politica/ultimas-noticias/2023/06/14/moraes-nega-pedido-roberto-jefferson-esposa-hospital.htm, skipping...
[ERROR - 2026-03-03 15:38:06,929 - Worker_2] Status code == 403 for https://noticias.uol.com.br/colunas/balaio-do-kotscho/2023/06/14/ha-27-anos-no-ar-cardapio-da-globonews-envelheceu-e-vive-crise-existencial.htm, skipping...
[ERROR - 2026-03-03 15:38:09,825 - Worker_0] Status code == 403 for https://noticias.uol.com.br/internacional/ultimas-noticias/2023/06/14/buscas-cachorro-wilson-colombia-criancas.htm, skipping...
[ERROR - 2026-03-03 15:38:13,899 - Worker_4] Status code == 403 for https://noticias.uol.com.br/ultimas-noticias/rfi/2023/06/14/por-que-decisao-de-putin-pode-gerar-crise-de-alimentos-global.htm, skipping...
[ERROR - 2026-03-03 15:38:15,836 - Worker_3] Status code == 404 for https://www.uol.com.br/universa/horoscopo/noticias/redacao/2023/06/14/inteligencia-ou-aparencia-o-que-cada-signo-avalia-primeiro-no-crush.htm, skipping...
[ERROR - 2026-03-03 15:38:24,606 - Worker_1] Status code == 403 for https://noticias.uol.com.br/internacional/ultimas-noticias/2023/06/14/brasileiro-preso-eua.htm, skipping...
[ERROR - 2026-03-03 15:38:37,344 - Worker_4] Status code == 403 for https://tab.uol.com.br/noticias/redacao/2023/06/14/jornadas-de-junho-uma-miss-guerreira-indenizacao-da-ditadura-e-mais.htm, skipping...
[ERROR - 2026-03-03 15:39:04,798 - Worker_4] Status code == 403 for https://tab.uol.com.br/noticias/redacao/2023/06/14/marcos-nobre-manifestantes-tiveram-formacao-politica-selvagem-em-2013.htm, skipping...
[ERROR - 2026-03-03 15:39:11,473 - Worker_0] Status code == 403 for https://tab.uol.com.br/noticias/redacao/2023/06/14/fa-do-villa-country-em-sp-como-russo-fingiu-ser-brasileiro-por-12-anos.htm, skipping...
[ERROR - 2026-03-03 15:39:41,497 - Worker_0] Status code == 403 for https://noticias.uol.com.br/cotidiano/ultimas-noticias/2023/06/14/policia-civil-de-mg-investiga-morte-de-escriva-que-denunciou-assedio-moral.htm, skipping...
[ERROR - 2026-03-03 15:39:46,399 - Worker_3] Status code == 403 for https://noticias.uol.com.br/colunas/juliana-dal-piva/2023/06/14/homicidio-queiroz-adriano-nobrega-flavio-bolsonaro-rachadinha.htm, skipping...
[ERROR - 2026-03-03 15:39:54,960 - Worker_0] Status code == 403 for https://noticias.uol.com.br/cotidiano/ultimas-noticias/2023/06/13/estudante-de-medicina-cigarro-eletronico-rj.htm, skipping...
[ERROR - 2026-03-03 15:39:55,699 - Worker_1] Status code == 403 for https://tab.uol.com.br/colunas/matheus-pichonelli/2023/06/14/cecilia-flesch-e-nova-vitima-de-tribunal-que-nao-ouve-uma-frase-ate-o-fim.htm, skipping...
[ERROR - 2026-03-03 15:39:57,818 - Worker_4] Status code == 403 for https://noticias.uol.com.br/politica/ultimas-noticias/2023/06/15/marcos-do-val-entrevista.htm, skipping...
[ERROR - 2026-03-03 15:40:17,423 - Worker_3] Status code == 403 for https://tab.uol.com.br/noticias/redacao/2023/06/12/para-especialistas-brasil-ainda-esta-preso-em-junho-de-2013.htm, skipping...
[ERROR - 2026-03-03 15:40:20,582 - Worker_1] Status code == 403 for https://noticias.uol.com.br/colunas/chico-alves/2023/06/15/professor-que-se-destacou-na-cpi-do-mst-envia-carta-a-deputada-bolsonarista.htm, skipping...
[ERROR - 2026-03-03 15:40:21,287 - Worker_2] Status code == 403 for https://noticias.uol.com.br/politica/ultimas-noticias/2023/06/15/alvo-policia-federal-marcos-do-val-atacou-alexandre-moraes.htm, skipping...
[ERROR - 2026-03-03 15:40:25,404 - Worker_0] Status code == 403 for https://noticias.uol.com.br/colunas/thais-oyama/2023/06/15/o-caso-da-gravata-de-janja-e-a-popularidade-digital-de-lula-e-bolsonaro.htm, skipping...
[ERROR - 2026-03-03 15:40:26,599 - Worker_3] Status code == 403 for https://noticias.uol.com.br/cotidiano/ultimas-noticias/2023/06/15/jovem-morre-bacteria-corpo.htm, skipping...
[ERROR - 2026-03-03 15:40:32,460 - Worker_2] Status code == 403 for https://noticias.uol.com.br/ultimas-noticias/redacao/2023/06/09/legado-de-marsha-p-johnson-destaca-presenca-negra-e-trans-na-luta-lgbtqia.htm, skipping...
[ERROR - 2026-03-03 15:40:34,076 - Worker_1] Status code == 403 for https://noticias.uol.com.br/politica/ultimas-noticias/2023/06/15/reacao-politicos-operacao-marcos-do-val.htm, skipping...
[ERROR - 2026-03-03 15:40:34,882 - Worker_4] Status code == 403 for https://tab.uol.com.br/noticias/redacao/2023/06/14/jornadas-de-junho-uma-miss-guerreira-indenizacao-da-ditadura-e-mais.htm, skipping...
[ERROR - 2026-03-03 15:40:36,595 - Worker_2] Status code == 403 for https://noticias.uol.com.br/internacional/ultimas-noticias/2023/06/15/video-tubarao-surpreende-banhistas-em-praia-da-espanha.htm, skipping...
[ERROR - 2026-03-03 15:40:37,503 - Worker_3] Status code == 403 for https://noticias.uol.com.br/politica/ultimas-noticias/2023/06/15/veneziano-vital-do-rego-uol-entrevista.htm, skipping...
[ERROR - 2026-03-03 15:40:39,411 - Worker_0] Status code == 403 for https://noticias.uol.com.br/ultimas-noticias/afp/2023/06/15/criancas-resgatadas-na-selva-colombiana-estao-melhores-de-saude.htm, skipping...
[ERROR - 2026-03-03 15:40:41,608 - Worker_3] Status code == 403 for https://noticias.uol.com.br/politica/ultimas-noticias/2023/06/15/moraes-manda-soltar-bismark-fugazza.htm, skipping...
[ERROR - 2026-03-03 15:40:47,036 - Worker_1] Status code == 403 for https://noticias.uol.com.br/cotidiano/ultimas-noticias/2023/06/15/menino-morre-moeda-alagoas.htm, skipping...
[ERROR - 2026-03-03 15:40:50,592 - Worker_3] Status code == 403 for https://noticias.uol.com.br/colunas/jose-roberto-de-toledo/2023/06/14/pressao-para-bc-cortar-juros-cresceu-porque-vem-em-dolar.htm, skipping...
[ERROR - 2026-03-03 15:40:52,615 - Worker_0] Status code == 404 for https://www.uol.com.br/universa/horoscopo/noticias/redacao/2023/06/15/signos-e-gravidez-como-o-horoscopo-influencia-a-gestacao-e-o-parto.htm, skipping...
[ERROR - 2026-03-03 15:40:57,033 - Worker_0] Status code == 403 for https://noticias.uol.com.br/internacional/ultimas-noticias/2023/06/15/piloto-atingido-animal-equador.htm, skipping...
[ERROR - 2026-03-03 15:40:59,642 - Worker_4] Status code == 403 for https://noticias.uol.com.br/cotidiano/ultimas-noticias/2023/06/15/condenada-a-8-anos-prisao-sari-corte-real-e-aprovada-em-medicina.htm, skipping...
[ERROR - 2026-03-03 15:41:03,673 - Worker_3] Status code == 403 for https://noticias.uol.com.br/politica/ultimas-noticias/2023/06/15/policia-federal-busca-apreensao-enderecos-marcos-do-val.htm, skipping...
[ERROR - 2026-03-03 15:41:09,267 - Worker_1] Status code == 403 for https://noticias.uol.com.br/colunas/madeleine-lacsko/2023/06/15/grampos-de-robinho-escancaram-a-dinamica-social-do-esculacho-de-mulher.htm, skipping...
[ERROR - 2026-03-03 15:41:09,694 - Worker_2] Status code == 403 for https://noticias.uol.com.br/ultimas-noticias/deutschewelle/2023/06/15/turista-morre-apos-ser-atacada-perto-do-castelo-de-neuschwanstein.htm, skipping...
[ERROR - 2026-03-03 15:41:19,276 - Worker_2] Status code == 403 for https://tab.uol.com.br/noticias/redacao/2023/06/15/a-praca-e-nossa-moradores-nao-querem-escola-em-area-verde-no-parana.htm, skipping...
[ERROR - 2026-03-03 15:41:22,062 - Worker_3] Status code == 403 for https://noticias.uol.com.br/politica/ultimas-noticias/2023/06/15/mauro-cid-bolsonaro-mensagens-golpe-celular.htm, skipping...
[ERROR - 2026-03-03 15:42:14,809 - Worker_2] Status code == 403 for https://tab.uol.com.br/noticias/redacao/2023/06/16/entre-ex-bbbs-e-brigas-de-vizinhos-como-e-viver-em-apertamento-no-centro.htm, skipping...
[ERROR - 2026-03-03 15:42:25,200 - Worker_0] Status code == 403 for https://tab.uol.com.br/noticias/redacao/2023/06/12/para-especialistas-brasil-ainda-esta-preso-em-junho-de-2013.htm, skipping...
[ERROR - 2026-03-03 15:42:50,505 - Worker_3] Status code == 403 for https://tab.uol.com.br/noticias/redacao/2023/06/14/jornadas-de-junho-uma-miss-guerreira-indenizacao-da-ditadura-e-mais.htm, skipping...
[ERROR - 2026-03-03 15:43:27,996 - Worker_0] Status code == 403 for https://noticias.uol.com.br/cotidiano/ultimas-noticias/2023/06/16/homem-queimado-sequestro-osasco.htm, skipping...
[ERROR - 2026-03-03 15:43:29,301 - Worker_4] Status code == 403 for https://tab.uol.com.br/noticias/redacao/2023/06/15/a-praca-e-nossa-moradores-nao-querem-escola-em-area-verde-no-parana.htm, skipping...
[ERROR - 2026-03-03 15:43:34,642 - Worker_2] Status code == 403 for https://noticias.uol.com.br/colunas/josmar-jozino/2023/06/16/escobar-brasileiro-e-deportado-para-a-belgica-sob-forte-aparato-policial.htm, skipping...
[ERROR - 2026-03-03 15:43:37,168 - Worker_0] Status code == 403 for https://noticias.uol.com.br/colunas/carla-araujo/2023/06/16/coronel-exercito-missao-eua-pedido-de-lula.htm, skipping...
[ERROR - 2026-03-03 15:43:38,750 - Worker_2] Status code == 403 for https://noticias.uol.com.br/cotidiano/ultimas-noticias/2023/06/15/morte-escriva-video-delegacia.htm, skipping...
[ERROR - 2026-03-03 15:43:48,572 - Worker_1] Status code == 403 for https://noticias.uol.com.br/cotidiano/ultimas-noticias/2023/06/16/febre-maculosa-feijoada-do-rosa.htm, skipping...
[ERROR - 2026-03-03 15:43:50,472 - Worker_3] Status code == 403 for https://noticias.uol.com.br/colunas/carla-araujo/2023/06/16/coronel-exercito-missao-eua-pedido-de-lula.htm, skipping...
[ERROR - 2026-03-03 15:43:59,886 - Worker_3] Status code == 403 for https://noticias.uol.com.br/cotidiano/ultimas-noticias/2023/06/17/familas-tentam-provar-inocencia-jovens-presos.htm, skipping...
[ERROR - 2026-03-03 15:44:34,004 - Worker_3] Status code == 403 for https://tab.uol.com.br/noticias/redacao/2023/06/12/para-especialistas-brasil-ainda-esta-preso-em-junho-de-2013.htm, skipping...
[ERROR - 2026-03-03 15:44:40,543 - Worker_2] Status code == 403 for https://noticias.uol.com.br/politica/ultimas-noticias/2023/06/17/lula-para-cop-copa-do-mundo.htm, skipping...
[ERROR - 2026-03-03 15:44:48,259 - Worker_1] Status code == 403 for https://noticias.uol.com.br/cotidiano/ultimas-noticias/2023/06/17/rio-grande-do-sul-chuvas-17-de-junho.htm, skipping...
[ERROR - 2026-03-03 15:44:52,372 - Worker_1] Status code == 403 for https://noticias.uol.com.br/politica/ultimas-noticias/2023/06/17/disputa-oab-vaga-stf-lista.htm, skipping...
[ERROR - 2026-03-03 15:44:56,969 - Worker_0] Status code == 403 for https://noticias.uol.com.br/ultimas-noticias/redacao/2023/06/09/legado-de-marsha-p-johnson-destaca-presenca-negra-e-trans-na-luta-lgbtqia.htm, skipping...
[ERROR - 2026-03-03 15:44:57,631 - Worker_3] Status code == 403 for https://noticias.uol.com.br/colunas/carolina-brigido/2023/06/17/elogios-de-bolsonaristas-a-zanin-e-jogo-ensaiado-no-bastidor.htm, skipping...
[ERROR - 2026-03-03 15:44:59,447 - Worker_4] Status code == 403 for https://tab.uol.com.br/noticias/redacao/2023/06/14/jornadas-de-junho-uma-miss-guerreira-indenizacao-da-ditadura-e-mais.htm, skipping...
[ERROR - 2026-03-03 15:45:03,827 - Worker_4] Status code == 403 for https://noticias.uol.com.br/cotidiano/ultimas-noticias/2023/06/17/sc-marinha-manda-reforcos-para-tentar-localizar-vitimas-de-naufragio.htm, skipping...
[ERROR - 2026-03-03 15:45:08,445 - Worker_1] Status code == 403 for https://noticias.uol.com.br/ultimas-noticias/agencia-estado/2023/06/17/bolsonaro-e-tarcisio-tiram-mais-prefeitos-do-psdb-em-ato-de-filiacao-em-jundiai.htm, skipping...
[ERROR - 2026-03-03 15:45:19,495 - Worker_1] Status code == 403 for https://noticias.uol.com.br/colunas/leonardo-sakamoto/2023/06/17/bomba-em-brasilia-teria-deflagrado-plano-golpista-do-celular-de-mauro-cid.htm, skipping...
[ERROR - 2026-03-03 15:45:23,599 - Worker_1] Status code == 403 for https://noticias.uol.com.br/cotidiano/ultimas-noticias/2023/06/17/jovem-desaparecida-corpo-decapitada.htm, skipping...
[ERROR - 2026-03-03 15:45:23,670 - Worker_4] Status code == 403 for https://noticias.uol.com.br/cotidiano/ultimas-noticias/2023/06/17/qual-a-fortuna-de-marcola-pcc.htm, skipping...
[ERROR - 2026-03-03 15:45:31,896 - Worker_0] Status code == 403 for https://noticias.uol.com.br/ultimas-noticias/2023/06/17/mega-sena-2602-concurso-numeros-sorteio-de-hoje-premio.htm, skipping...
[ERROR - 2026-03-03 15:45:32,477 - Worker_2] Status code == 403 for https://economia.uol.com.br/colunas/graciliano-rocha/2023/05/17/mudanca-na-petrobras-mata-competicao-diz-ex-conselheiro-da-era-dilma.htm, skipping...
[ERROR - 2026-03-03 15:45:33,260 - Worker_4] Status code == 403 for https://noticias.uol.com.br/colunas/andre-santana/2023/06/17/racismo-contra-assessor-de-vini-jr-na-espanha-revela-gravidade-do-problema.htm, skipping...
[ERROR - 2026-03-03 15:45:35,999 - Worker_0] Status code == 403 for https://noticias.uol.com.br/colunas/jamil-chade/2023/06/17/lula-e-papa-aproximam-posicoes-sobre-guerra-e-antagonizam-com-o-ocidente.htm, skipping...
[ERROR - 2026-03-03 15:45:38,888 - Worker_2] Status code == 403 for https://noticias.uol.com.br/cotidiano/ultimas-noticias/2023/06/17/homem-preso-estupro-prima-5-anos.htm, skipping...
[ERROR - 2026-03-03 15:45:40,353 - Worker_0] Status code == 403 for https://tab.uol.com.br/noticias/redacao/2023/06/15/a-praca-e-nossa-moradores-nao-querem-escola-em-area-verde-no-parana.htm, skipping...
[ERROR - 2026-03-03 15:45:42,979 - Worker_2] Status code == 403 for https://noticias.uol.com.br/cotidiano/ultimas-noticias/2023/06/17/previsao-domingo-18-sao-paulo-frio.htm, skipping...
[ERROR - 2026-03-03 15:45:49,157 - Worker_0] Status code == 403 for https://noticias.uol.com.br/ultimas-noticias/agencia-estado/2023/06/17/bolsonaro-volta-a-espalhar-fake-news-e-diz-que-vacinas-tem-grafeno-que-se-acumula-no-testiculo.htm, skipping...
[ERROR - 2026-03-03 15:45:53,406 - Worker_1] Status code == 403 for https://noticias.uol.com.br/colunas/balaio-do-kotscho/2023/06/17/basta-celular-de-mauro-cid-e-batom-na-cueca-do-bando-de-militares-do-golpe.htm, skipping...
[ERROR - 2026-03-03 15:45:54,238 - Worker_3] Status code == 403 for https://noticias.uol.com.br/cotidiano/ultimas-noticias/2023/06/17/defesa-homem-negro-amarrado-sao-paulo-policiais-militares.htm, skipping...
[ERROR - 2026-03-03 15:45:56,540 - Worker_2] Status code == 403 for https://noticias.uol.com.br/colunas/leonardo-sakamoto/2023/06/17/aprovacao-de-lula-depende-da-economia-nao-de-maduro-gravatas-e-gafes.htm, skipping...
[ERROR - 2026-03-03 15:46:04,692 - Worker_0] Status code == 403 for https://noticias.uol.com.br/cotidiano/ultimas-noticias/2023/06/17/gado-morre-frio-mato-grosso-sul-1000-iagro.htm, skipping...
[ERROR - 2026-03-03 15:46:05,320 - Worker_2] Status code == 403 for https://noticias.uol.com.br/ultimas-noticias/agencia-estado/2023/06/17/menino-de-sao-jose-dos-campos-que-adora-uma-faxina-faz-sucesso-na-internet.htm, skipping...
[ERROR - 2026-03-03 15:46:40,391 - Worker_0] Status code == 403 for https://noticias.uol.com.br/cotidiano/ultimas-noticias/2023/06/18/video-veja-momento-em-que-naufragos-sao-resgatados-em-mar-de-sc.htm, skipping...
[ERROR - 2026-03-03 15:46:44,497 - Worker_0] Status code == 403 for https://noticias.uol.com.br/cotidiano/ultimas-noticias/2023/06/18/mortos-desaparecidos-rio-grande-do-sul-ciclone-extra-tropical.htm, skipping...
[ERROR - 2026-03-03 15:46:44,889 - Worker_4] Status code == 403 for https://tab.uol.com.br/noticias/redacao/2023/06/12/para-especialistas-brasil-ainda-esta-preso-em-junho-de-2013.htm, skipping...
[ERROR - 2026-03-03 15:46:53,852 - Worker_3] Status code == 403 for https://noticias.uol.com.br/cotidiano/ultimas-noticias/2023/06/18/seguranca-morto-disparos-itanhaem-sao-paulo.htm, skipping...
[ERROR - 2026-03-03 15:47:00,257 - Worker_0] Status code == 403 for https://noticias.uol.com.br/ultimas-noticias/redacao/2023/06/09/legado-de-marsha-p-johnson-destaca-presenca-negra-e-trans-na-luta-lgbtqia.htm, skipping...
[ERROR - 2026-03-03 15:47:00,682 - Worker_4] Status code == 403 for https://noticias.uol.com.br/politica/ultimas-noticias/2023/06/18/seif-nega-propriedade-barco-naufragado-caminhao-maconha.htm, skipping...
[ERROR - 2026-03-03 15:47:03,000 - Worker_3] Status code == 403 for https://tab.uol.com.br/noticias/redacao/2023/06/14/jornadas-de-junho-uma-miss-guerreira-indenizacao-da-ditadura-e-mais.htm, skipping...
[ERROR - 2026-03-03 15:47:04,784 - Worker_4] Status code == 403 for https://noticias.uol.com.br/ultimas-noticias/rfi/2023/06/18/em-clima-de-tensao-com-eua-china-recebe-1-visita-de-um-chefe-da-diplomacia-americana-desde-2018.htm, skipping...
[ERROR - 2026-03-03 15:47:07,054 - Worker_0] Status code == 403 for https://noticias.uol.com.br/internacional/ultimas-noticias/2023/06/17/espada-encontrada-3-mil-anos-alemanha.htm, skipping...
[ERROR - 2026-03-03 15:47:07,111 - Worker_3] Status code == 403 for https://noticias.uol.com.br/colunas/pra-comecar-a-semana/2023/06/18/papa-francisco-recebe-lula-no-dia-em-que-o-senado-sabatina-zanin.htm, skipping...
[ERROR - 2026-03-03 15:47:11,157 - Worker_0] Status code == 403 for https://noticias.uol.com.br/politica/ultimas-noticias/2023/06/18/jair-bolsonaro-desculpas-fakenews-vacina-grafeno.htm, skipping...
[ERROR - 2026-03-03 15:47:15,667 - Worker_3] Status code == 403 for https://noticias.uol.com.br/cotidiano/ultimas-noticias/2023/06/18/mulher-morta-a-tiros-policial-prf-preso-rio.htm, skipping...
[ERROR - 2026-03-03 15:47:22,469 - Worker_4] Status code == 403 for http://noticias.uol.com.br/cotidiano/ultimas-noticias/2023/06/18/quem-sao-sobreviventes-naufragio-sc.htm, skipping...
[ERROR - 2026-03-03 15:47:36,015 - Worker_4] Status code == 403 for https://noticias.uol.com.br/cotidiano/ultimas-noticias/2023/06/18/jovem-arrastada-cabelos-praia-grande.htm, skipping...
[ERROR - 2026-03-03 15:47:41,313 - Worker_1] Status code == 403 for https://tab.uol.com.br/noticias/redacao/2023/06/15/a-praca-e-nossa-moradores-nao-querem-escola-em-area-verde-no-parana.htm, skipping...
[ERROR - 2026-03-03 15:47:42,363 - Worker_4] Status code == 403 for https://noticias.uol.com.br/colunas/leonardo-sakamoto/2023/06/18/bolsonaro-usa-ate-fake-dos-testiculos-para-encobrir-celular-golpista-de-cid.htm, skipping...
[ERROR - 2026-03-03 15:47:45,440 - Worker_1] Status code == 403 for https://noticias.uol.com.br/colunas/balaio-do-kotscho/2023/06/17/basta-celular-de-mauro-cid-e-batom-na-cueca-do-bando-de-militares-do-golpe.htm, skipping...
[ERROR - 2026-03-03 15:47:46,472 - Worker_4] Status code == 403 for https://noticias.uol.com.br/colunas/fernanda-magnotta/2023/06/18/em-meio-a-acusacoes-trump-traz-a-tona-fisiologismo-do-partido-republicano.htm, skipping...
[ERROR - 2026-03-03 15:47:55,475 - Worker_3] Status code == 403 for https://tab.uol.com.br/colunas/matheus-pichonelli/2023/06/18/trocar-nisia-trindade-por-indicado-do-centrao-na-saude-seria-tapa-na-cara.htm, skipping...
[ERROR - 2026-03-03 15:47:59,297 - Worker_4] Status code == 403 for https://noticias.uol.com.br/colunas/carlos-madeiro/2023/06/18/apos-afundar-por-mineracao-maceio-tenta-barrar-deposito-de-acido-sulfurico.htm, skipping...
[ERROR - 2026-03-03 15:48:00,339 - Worker_1] Status code == 403 for https://noticias.uol.com.br/internacional/ultimas-noticias/2023/06/18/idosa-que-acordou-em-caixao-do-proprio-velorio-morre-apos-7-dias-no-equador.htm, skipping...
[ERROR - 2026-03-03 15:48:03,894 - Worker_3] Status code == 403 for https://noticias.uol.com.br/cotidiano/ultimas-noticias/2023/06/19/mulher-mata-marido-e-dois-filhos-ilheus-bahia.htm, skipping...
[ERROR - 2026-03-03 15:48:12,346 - Worker_4] Status code == 403 for https://noticias.uol.com.br/internacional/ultimas-noticias/2023/06/19/guarda-costeira-apreende-r900-milhoes-em-cocaina-na-florida.htm, skipping...
[ERROR - 2026-03-03 15:48:25,476 - Worker_3] Status code == 403 for https://noticias.uol.com.br/internacional/ultimas-noticias/2023/06/19/submarino-que-levava-turistas-para-ver-titanic-desaparece-diz-bbc.htm, skipping...
[ERROR - 2026-03-03 15:48:29,533 - Worker_1] Status code == 403 for https://tab.uol.com.br/noticias/redacao/2023/06/12/para-especialistas-brasil-ainda-esta-preso-em-junho-de-2013.htm, skipping...
[ERROR - 2026-03-03 15:48:35,384 - Worker_2] Status code == 403 for https://noticias.uol.com.br/cotidiano/ultimas-noticias/2023/06/18/seguranca-morto-disparos-itanhaem-sao-paulo.htm, skipping...
[ERROR - 2026-03-03 15:48:36,666 - Worker_0] Status code == 403 for https://noticias.uol.com.br/colunas/thais-oyama/2023/06/19/conformismo-de-bolsonaro-com-inelegibilidadeirritaaliados.htm, skipping...
[ERROR - 2026-03-03 15:48:41,710 - Worker_2] Status code == 403 for https://noticias.uol.com.br/ultimas-noticias/redacao/2023/06/09/legado-de-marsha-p-johnson-destaca-presenca-negra-e-trans-na-luta-lgbtqia.htm, skipping...
[ERROR - 2026-03-03 15:48:44,067 - Worker_1] Status code == 403 for https://tab.uol.com.br/noticias/redacao/2023/06/14/jornadas-de-junho-uma-miss-guerreira-indenizacao-da-ditadura-e-mais.htm, skipping...
[ERROR - 2026-03-03 15:48:45,573 - Worker_0] Status code == 403 for https://noticias.uol.com.br/internacional/ultimas-noticias/2023/06/19/apos-passar-28-anos-no-corredor-da-morte-homem-e-libertado-nos-eua.htm, skipping...
[ERROR - 2026-03-03 15:48:48,188 - Worker_1] Status code == 403 for https://noticias.uol.com.br/cotidiano/ultimas-noticias/2023/06/19/estado-saude-vitima-atirador-ataque-escola.htm, skipping...
[ERROR - 2026-03-03 15:48:48,542 - Worker_3] Status code == 403 for https://noticias.uol.com.br/cotidiano/ultimas-noticias/2023/06/19/metro-sp-ocorrencia.htm, skipping...
[ERROR - 2026-03-03 15:48:49,669 - Worker_0] Status code == 403 for https://noticias.uol.com.br/politica/ultimas-noticias/2023/06/19/oab-lista-sextupla-vaga-stj.htm, skipping...
[ERROR - 2026-03-03 15:48:50,719 - Worker_2] Status code == 403 for https://noticias.uol.com.br/cotidiano/ultimas-noticias/2023/06/19/mp-denuncia-atirador-escola-2014.htm, skipping...
[ERROR - 2026-03-03 15:49:06,377 - Worker_3] Status code == 403 for https://noticias.uol.com.br/cotidiano/ultimas-noticias/2023/06/19/ataque-tiros-escola-cambe.htm, skipping...
[ERROR - 2026-03-03 15:49:08,164 - Worker_0] Status code == 403 for https://noticias.uol.com.br/comprova/ultimas-noticias/2023/06/19/video-de-pole-dance-com-jesus-crucificado-foi-gravado-nos-eua.htm, skipping...
[ERROR - 2026-03-03 15:49:09,608 - Worker_1] Status code == 403 for https://noticias.uol.com.br/cotidiano/ultimas-noticias/2023/06/19/segundo-suspeito-preso-ataque-escola-parana.htm, skipping...
[ERROR - 2026-03-03 15:49:12,711 - Worker_3] Status code == 403 for https://noticias.uol.com.br/politica/ultimas-noticias/2023/06/19/palacio-dos-bandeirantes-curiosidades.htm, skipping...
[ERROR - 2026-03-03 15:49:13,726 - Worker_1] Status code == 403 for https://noticias.uol.com.br/internacional/ultimas-noticias/2023/06/19/submarino-problemas.htm, skipping...
[ERROR - 2026-03-03 15:49:16,768 - Worker_0] Status code == 403 for https://noticias.uol.com.br/internacional/ultimas-noticias/2023/06/19/bilionario-britanico-expedicao-submarino-titanic-perdido.htm, skipping...
[ERROR - 2026-03-03 15:49:20,481 - Worker_2] Status code == 403 for https://noticias.uol.com.br/cotidiano/ultimas-noticias/2023/06/19/pm-pede-prisao-de-tres-agentes-suspeitos-de-estuprar-mulher-no-ce.htm, skipping...
[ERROR - 2026-03-03 15:49:22,542 - Worker_1] Status code == 403 for https://noticias.uol.com.br/cotidiano/ultimas-noticias/2023/06/19/zeca-dirceu-ataque-no-pr-evidencia-necessidade-de-campanha-de-desarmamento.htm, skipping...
[ERROR - 2026-03-03 15:49:23,972 - Worker_3] Status code == 403 for https://noticias.uol.com.br/ultimas-noticias/rfi/2023/06/19/torre-eiffel-e-atingida-por-raio-durante-tempestade-em-paris-imagens-viralizam-nas-redes-sociais.htm, skipping...
[ERROR - 2026-03-03 15:49:28,066 - Worker_3] Status code == 403 for https://noticias.uol.com.br/colunas/leonardo-sakamoto/2023/06/19/para-bolsonaro-inelegibilidade-pelo-tse-e-lucro-diante-do-risco-papuda.htm, skipping...
[ERROR - 2026-03-03 15:49:31,661 - Worker_1] Status code == 403 for https://noticias.uol.com.br/colunas/madeleine-lacsko/2023/06/19/lula-vai-comentar-o-julgamento-que-pode-deixar-bolsonaro-inelegivel.htm, skipping...
[ERROR - 2026-03-03 15:49:34,605 - Worker_2] Status code == 403 for https://tab.uol.com.br/noticias/redacao/2023/06/15/a-praca-e-nossa-moradores-nao-querem-escola-em-area-verde-no-parana.htm, skipping...
[ERROR - 2026-03-03 15:49:36,016 - Worker_1] Status code == 403 for https://noticias.uol.com.br/politica/ultimas-noticias/2023/06/19/deltan-brasil-eua.htm, skipping...
[ERROR - 2026-03-03 15:49:36,073 - Worker_0] Status code == 403 for https://noticias.uol.com.br/colunas/tales-faria/2023/06/19/tse-discutira-se-campanha-eleitoral-de-bolsonaro-foi-um-passo-para-o-golpe.htm, skipping...
[ERROR - 2026-03-03 15:49:37,616 - Worker_4] Status code == 403 for https://noticias.uol.com.br/cotidiano/ultimas-noticias/2023/06/19/plano-diretor-vereadores-reduzem-area-com-incentivo-para-novos-predios.htm, skipping...
[ERROR - 2026-03-03 15:49:44,847 - Worker_1] Status code == 403 for https://noticias.uol.com.br/colunas/carlos-madeiro/2023/06/19/mulher-e-morta-e-deixa-video-em-fuga-do-marido-alagoas-se-morrer-foi-ele.htm, skipping...
[ERROR - 2026-03-03 15:49:48,055 - Worker_2] Status code == 403 for https://noticias.uol.com.br/ultimas-noticias/reuters/2023/06/19/ibama-apreende-quase-30-toneladas-de-barbatanas-de-tubarao-10-mil-animais-foram-mortos.htm, skipping...
[ERROR - 2026-03-03 15:49:51,431 - Worker_1] Status code == 403 for https://noticias.uol.com.br/cotidiano/ultimas-noticias/2023/06/19/idoso-morre-incendio-cigarro-barbacena-mg.htm, skipping...
[ERROR - 2026-03-03 15:50:02,113 - Worker_3] Status code == 403 for https://economia.uol.com.br/imposto-de-renda/noticias/redacao/2023/03/09/imposto-de-renda-2023-receita-libera-download-do-programa.htm, skipping...
[ERROR - 2026-03-03 15:50:06,922 - Worker_4] Status code == 403 for https://noticias.uol.com.br/colunas/walter-maierovitch/2023/06/20/bolsonaro-inelegibilidade-tse-jurisprudencia-temer.htm, skipping...
[ERROR - 2026-03-03 15:50:08,397 - Worker_0] Status code == 403 for https://economia.uol.com.br/colunas/carlos-juliano-barros/2023/06/20/apos-nova-york-chicago-tambem-debate-salario-minimo-para-trabalho-em-apps.htm, skipping...
[ERROR - 2026-03-03 15:50:11,240 - Worker_1] Status code == 403 for https://economia.uol.com.br/noticias/redacao/2023/06/20/brasil-tem-74-mil-estrangeiros-que-atuam-como-meis-veja-paises-de-origem.htm, skipping...
[ERROR - 2026-03-03 15:50:17,808 - Worker_1] Status code == 403 for https://noticias.uol.com.br/cotidiano/ultimas-noticias/2023/06/20/sandra-mathias-e-indiciada-por-lesao-corporal-injuria-e-perseguicao-no-rio.htm, skipping...
[ERROR - 2026-03-03 15:50:21,029 - Worker_2] Status code == 403 for https://economia.uol.com.br/noticias/redacao/2023/06/20/saida-gabriel-galipolo-ministerio-fazenda.htm, skipping...
[ERROR - 2026-03-03 15:50:26,846 - Worker_3] Status code == 403 for https://tab.uol.com.br/noticias/redacao/2023/06/12/para-especialistas-brasil-ainda-esta-preso-em-junho-de-2013.htm, skipping...
[ERROR - 2026-03-03 15:50:30,928 - Worker_1] Status code == 403 for https://noticias.uol.com.br/cotidiano/ultimas-noticias/2023/06/20/pf-cumpre-mandados-conta-falsificacao-diplomas-medicina.htm, skipping...
[ERROR - 2026-03-03 15:50:30,942 - Worker_3] Status code == 403 for https://noticias.uol.com.br/internacional/ultimas-noticias/2023/06/20/eua-vao-investigar-morte-por-gripe-suina-no-parana.htm, skipping...
[ERROR - 2026-03-03 15:50:34,303 - Worker_4] Status code == 403 for https://noticias.uol.com.br/politica/ultimas-noticias/2023/06/20/senado-aprova-mp-que-retoma-programa-mais-medicos.htm, skipping...
[ERROR - 2026-03-03 15:50:35,073 - Worker_1] Status code == 403 for https://economia.uol.com.br/colunas/todos-a-bordo/2023/06/20/dirigivel-sao-paulo-adb-3-3-airship-braspress-goodyear-zeppelin-hindenburg.htm, skipping...
[ERROR - 2026-03-03 15:50:39,738 - Worker_2] Status code == 403 for https://noticias.uol.com.br/politica/ultimas-noticias/2023/06/20/depoimento-silvinei-vasques-prf-cpi-8-de-janeiro.htm, skipping...
[ERROR - 2026-03-03 15:50:43,004 - Worker_4] Status code == 404 for https://www.uol.com.br/universa/horoscopo/noticias/redacao/2023/06/20/feng-shui-cama-alta-plantas-secas-e-mais-coisas-para-voce-tirar-de-casa.htm, skipping...
[ERROR - 2026-03-03 15:50:47,136 - Worker_4] Status code == 403 for https://noticias.uol.com.br/colunas/carolina-brigido/2023/06/20/stf-define-se-militar-pode-julgar-civil-decisao-pode-impactar-em-81.htm, skipping...
[ERROR - 2026-03-03 15:50:48,745 - Worker_0] Status code == 403 for https://tab.uol.com.br/noticias/redacao/2023/06/14/jornadas-de-junho-uma-miss-guerreira-indenizacao-da-ditadura-e-mais.htm, skipping...
[ERROR - 2026-03-03 15:51:12,532 - Worker_2] Status code == 403 for https://tab.uol.com.br/noticias/redacao/2023/06/20/jovem-morre-em-corrida-ligada-a-pablo-marcal-familia-pede-investigacao.htm, skipping...
[ERROR - 2026-03-03 15:51:25,033 - Worker_0] Status code == 403 for https://tab.uol.com.br/noticias/redacao/2023/06/19/e-uma-conquista-dizem-futuros-moradores-de-minicasas-em-campinas-sp.htm, skipping...
[ERROR - 2026-03-03 15:51:35,659 - Worker_4] Status code == 403 for https://tab.uol.com.br/noticias/redacao/2023/06/15/a-praca-e-nossa-moradores-nao-querem-escola-em-area-verde-no-parana.htm, skipping...
[ERROR - 2026-03-03 15:52:13,249 - Worker_1] Status code == 403 for https://noticias.uol.com.br/politica/ultimas-noticias/2023/06/21/trf-4-confirma-sentenca-de-extincao-de-acao-contra-gleisi-e-paulo-bernardo.htm, skipping...
[ERROR - 2026-03-03 15:52:16,982 - Worker_2] Status code == 403 for https://noticias.uol.com.br/politica/ultimas-noticias/2023/06/21/senado-indicacao-zanin-stf.htm, skipping...
[ERROR - 2026-03-03 15:52:24,558 - Worker_3] Status code == 403 for https://noticias.uol.com.br/politica/ultimas-noticias/2023/06/21/maierovitch-moro-fez-indagacao-decepcionante-e-ridicula-azaninnosenado.htm, skipping...
[ERROR - 2026-03-03 15:52:26,102 - Worker_1] Status code == 403 for https://noticias.uol.com.br/colunas/presenca-historica/2023/06/21/acervos-fotograficos-ressignificam-memoria-negra-para-alem-da-escravidao.htm, skipping...
[ERROR - 2026-03-03 15:52:27,436 - Worker_4] Status code == 403 for https://noticias.uol.com.br/cotidiano/ultimas-noticias/2023/06/21/terceiro-suspeito-por-ataque-em-escola-e-preso-no-parana.htm, skipping...
[ERROR - 2026-03-03 15:52:31,071 - Worker_2] Status code == 403 for https://tab.uol.com.br/noticias/redacao/2023/06/21/mae-eu-sou-menina-o-inicio-da-transicao-de-genero-de-uma-crianca.htm, skipping...
[ERROR - 2026-03-03 15:52:37,890 - Worker_3] Status code == 403 for https://noticias.uol.com.br/cotidiano/ultimas-noticias/2023/06/21/morte-autor-ataque-cambe.htm, skipping...
[ERROR - 2026-03-03 15:52:38,099 - Worker_0] Status code == 403 for https://noticias.uol.com.br/cotidiano/ultimas-noticias/2023/06/21/sp-segurancas-espancam-homem-por-causa-de-chocolate-em-supermercado-veja.htm, skipping...
[ERROR - 2026-03-03 15:52:45,135 - Worker_2] Status code == 403 for https://noticias.uol.com.br/colunas/jamil-chade/2023/06/21/na-onu-governo-brasileiro-cobra-justica-por-atos-racistas-contra-vini-jr.htm, skipping...
[ERROR - 2026-03-03 15:52:45,819 - Worker_1] Status code == 403 for https://noticias.uol.com.br/colunas/thais-oyama/2023/06/21/em-reuniao-pl-diz-que-kassio-nunes-nao-tera-vida-facil-setrairbolsonaro.htm, skipping...
[ERROR - 2026-03-03 15:52:49,224 - Worker_2] Status code == 403 for https://noticias.uol.com.br/colunas/jose-roberto-de-toledo/2023/06/21/lula-liberou-r-1-bilhao-para-o-congresso-e-foi-ao-papa.htm, skipping...
[ERROR - 2026-03-03 15:52:51,698 - Worker_0] Status code == 403 for https://tab.uol.com.br/colunas/matheus-pichonelli/2023/06/21/dani-alves-mostra-a-mesma-consideracao-de-robinho-por-suas-acusadoras.htm, skipping...
[ERROR - 2026-03-03 15:52:58,263 - Worker_4] Status code == 403 for https://tab.uol.com.br/colunas/matheus-pichonelli/2023/06/21/submarino-que-visita-titanic-leva-ao-extremo-o-conceito-de-turismo-morbido.htm, skipping...
[ERROR - 2026-03-03 15:52:58,266 - Worker_2] Status code == 403 for https://tab.uol.com.br/noticias/redacao/2023/06/14/jornadas-de-junho-uma-miss-guerreira-indenizacao-da-ditadura-e-mais.htm, skipping...
[ERROR - 2026-03-03 15:53:02,364 - Worker_2] Status code == 403 for https://noticias.uol.com.br/colunas/josmar-jozino/2023/06/21/sp-quer-ladrao-de-r-130-milhoes-em-presidio-federal-para-evitar-um-resgate.htm, skipping...
[ERROR - 2026-03-03 15:53:03,225 - Worker_3] Status code == 403 for https://noticias.uol.com.br/internacional/ultimas-noticias/2023/06/21/controle-de-videogame-milionario-desistiu-de-expedicao-ao-ver-submersivel.htm, skipping...
[ERROR - 2026-03-03 15:53:04,070 - Worker_1] Status code == 403 for https://noticias.uol.com.br/ultimas-noticias/agencia-brasil/2023/06/21/cnj-investigara-juiza-que-tentou-impedir-aborto-em-menina-de-11-anos.htm, skipping...
[ERROR - 2026-03-03 15:53:08,439 - Worker_1] Status code == 403 for https://noticias.uol.com.br/cotidiano/ultimas-noticias/2023/06/21/ex-deputado-entregador-sao-paulo.htm, skipping...
[ERROR - 2026-03-03 15:53:08,654 - Worker_0] Status code == 403 for https://noticias.uol.com.br/colunas/balaio-do-kotscho/2023/06/21/arthur-lira-maia-o-independente-comanda-o-picadeiro-para-a-cpi-do-golpe.htm, skipping...
[ERROR - 2026-03-03 15:53:09,872 - Worker_3] Status code == 403 for https://noticias.uol.com.br/politica/ultimas-noticias/2023/06/21/pf-investigara-google-e-telegram-por-publicacoes-contra-pl-das-fake-news.htm, skipping...
[ERROR - 2026-03-03 15:53:16,755 - Worker_2] Status code == 403 for https://tab.uol.com.br/noticias/redacao/2023/06/20/jovem-morre-em-corrida-ligada-a-pablo-marcal-familia-pede-investigacao.htm, skipping...
[ERROR - 2026-03-03 15:53:22,189 - Worker_3] Status code == 403 for https://noticias.uol.com.br/politica/ultimas-noticias/2023/06/21/pgr-listra-triplice-luiza-frischeisen.htm, skipping...
[ERROR - 2026-03-03 15:53:25,671 - Worker_0] Status code == 403 for https://noticias.uol.com.br/politica/ultimas-noticias/2023/06/21/momentos-sabatina-zanin-ccj.htm, skipping...
[ERROR - 2026-03-03 15:53:29,330 - Worker_3] Status code == 403 for https://tab.uol.com.br/noticias/redacao/2023/06/19/e-uma-conquista-dizem-futuros-moradores-de-minicasas-em-campinas-sp.htm, skipping...
[ERROR - 2026-03-03 15:53:32,702 - Worker_1] Status code == 403 for https://noticias.uol.com.br/ultimas-noticias/2023/06/21/mega-sena-concurso-2603-sorteio-21-de-junho.htm, skipping...
[ERROR - 2026-03-03 15:53:33,427 - Worker_3] Status code == 403 for https://noticias.uol.com.br/internacional/ultimas-noticias/2023/06/21/caso-submarino-ruidos.htm, skipping...
[ERROR - 2026-03-03 15:53:36,812 - Worker_1] Status code == 403 for https://noticias.uol.com.br/colunas/rogerio-gentile/2023/06/21/justica-de-sp-condena-clipe-de-anitta-por-exibir-grafite-sem-autorizacao.htm, skipping...
[ERROR - 2026-03-03 15:53:42,201 - Worker_0] Failed to connect with https://revistapoder.uol.com.br/2023/06/21/anna-jatoba-deixa-prisao-para-viajar-com-a-familia/ after 3 attempts, skipping...
[ERROR - 2026-03-03 15:53:45,908 - Worker_1] Status code == 403 for https://noticias.uol.com.br/politica/ultimas-noticias/2023/06/21/ate-senadores-de-oposicao-deram-votos-a-zanin-no-stf.htm, skipping...
[ERROR - 2026-03-03 15:53:50,520 - Worker_4] Status code == 403 for https://noticias.uol.com.br/colunas/josmar-jozino/2023/06/21/inquerito-contra-prefeito-ney-santos-de-embu-durou-11-anos-e-sem-desfecho.htm, skipping...
[ERROR - 2026-03-03 15:53:59,063 - Worker_1] Status code == 403 for https://noticias.uol.com.br/colunas/leonardo-sakamoto/2023/06/21/lulistas-e-bolsonaristas-concordam-numa-coisa-nao-da-para-ceder-para-lira.htm, skipping...
[ERROR - 2026-03-03 15:54:00,737 - Worker_2] Status code == 403 for https://noticias.uol.com.br/ultimas-noticias/afp/2023/06/21/equipes-de-resgate-detectam-ruidos-durante-busca-por-submersivel-desaparecido.htm, skipping...
[ERROR - 2026-03-03 15:54:03,169 - Worker_1] Status code == 403 for https://noticias.uol.com.br/ultimas-noticias/agencia-estado/2023/06/21/google-gastou-r-2-milhoes-em-anuncios-sobre-o-pl-das-fake-news-dizem-executivos-a-pf.htm, skipping...
[ERROR - 2026-03-03 15:54:09,737 - Worker_1] Status code == 403 for https://noticias.uol.com.br/internacional/ultimas-noticias/2023/06/21/escuro-e-pressao-de-35-elefantes-por-que-e-tao-dificil-salvar-submersivel.htm, skipping...
[ERROR - 2026-03-03 15:54:16,368 - Worker_0] Status code == 403 for https://noticias.uol.com.br/cotidiano/ultimas-noticias/2023/06/21/julgamento-thiago-brennand-audiencia-mulher-norte-americana.htm, skipping...
[ERROR - 2026-03-03 15:54:18,723 - Worker_2] Status code == 403 for https://noticias.uol.com.br/ao-vivo/2023/06/21/arcabouco-fiscal-no-senado-parlamentares-votam-o-novo-conjunto-de-medidas.htm, skipping...
[ERROR - 2026-03-03 15:54:19,173 - Worker_4] Status code == 403 for https://noticias.uol.com.br/colunas/thiago-herdy/2023/06/26/patrimonio-de-ministro-de-lula-cresce.htm, skipping...
[ERROR - 2026-03-03 15:54:22,844 - Worker_2] Status code == 403 for https://noticias.uol.com.br/internacional/ultimas-noticias/2023/06/26/brasileiro-elogia-cachorro-e-e-assassinado-por-tutor-nos-eua.htm, skipping...
[ERROR - 2026-03-03 15:54:26,952 - Worker_2] Status code == 403 for https://noticias.uol.com.br/politica/ultimas-noticias/2023/06/27/lula-edilene-lobo-ministra-substituta-tse.htm, skipping...
[ERROR - 2026-03-03 15:54:28,068 - Worker_4] Status code == 403 for https://noticias.uol.com.br/colunas/jose-roberto-de-toledo/2023/06/27/cpi-ate-agora-serviu-para-colar-chorar-mentir-e-sentirvergonhaalheia.htm, skipping...
[ERROR - 2026-03-03 15:54:32,204 - Worker_4] Status code == 403 for https://noticias.uol.com.br/politica/ultimas-noticias/2023/06/27/bolsonaro-nao-vai-ao-tse-para-julgamento.htm, skipping...
[ERROR - 2026-03-03 15:54:36,568 - Worker_0] Status code == 403 for https://noticias.uol.com.br/internacional/ultimas-noticias/2023/06/27/brasileiro-morre-baleado-por-engano-diante-da-esposa-gravida-em-portugal.htm, skipping...
[ERROR - 2026-03-03 15:54:43,115 - Worker_0] Status code == 403 for https://noticias.uol.com.br/colunas/chico-alves/2023/06/27/coronel-golpista-que-era-leao-no-celular-de-mauro-cid-vira-gatinho-na-cpmi.htm, skipping...
[ERROR - 2026-03-03 15:54:44,109 - Worker_2] Status code == 403 for https://noticias.uol.com.br/internacional/ultimas-noticias/2023/06/27/tubarao-homem-florida-eua.htm, skipping...
[ERROR - 2026-03-03 15:54:45,700 - Worker_4] Status code == 403 for https://noticias.uol.com.br/politica/ultimas-noticias/2023/06/27/marcio-pacheco-tcerj-supersalarios-tjrj-677-milhoes-quinquenios.htm, skipping...
[ERROR - 2026-03-03 15:54:48,223 - Worker_2] Status code == 403 for https://noticias.uol.com.br/colunas/carolina-brigido/2023/06/27/legislativo-e-o-principal-alvo-de-acoes-sobre-fake-news-no-tse-e-no-stf.htm, skipping...
[ERROR - 2026-03-03 15:54:50,924 - Worker_3] Status code == 403 for https://tab.uol.com.br/colunas/michel-alcoforado/2023/06/27/festas-juninas-na-encruzilhada-entre-a-tradicao-e-a-inovacao.htm, skipping...
[ERROR - 2026-03-03 15:54:58,960 - Worker_0] Status code == 403 for https://noticias.uol.com.br/politica/ultimas-noticias/2023/06/27/cagoete-cacoete-lawand-explica-termo-lista-orientacoes-cpi-8-janeiro.htm, skipping...
[ERROR - 2026-03-03 15:54:59,603 - Worker_2] Status code == 403 for https://noticias.uol.com.br/cotidiano/ultimas-noticias/2023/06/27/cranio-encontrado-delegacia-carta.htm, skipping...
[ERROR - 2026-03-03 15:55:00,094 - Worker_1] Status code == 403 for https://noticias.uol.com.br/ultimas-noticias/2023/06/27/mega-sena-2605-concurso-numeros-sorteio-hoje-27-de-junho.htm, skipping...
[ERROR - 2026-03-03 15:55:06,268 - Worker_2] Status code == 403 for https://noticias.uol.com.br/ultimas-noticias/afp/2023/06/27/tpi-reabre-investigacao-sobre-acusacoes-de-crimes-contra-a-humanidade-na-venezuela.htm, skipping...
[ERROR - 2026-03-03 15:55:06,668 - Worker_1] Status code == 403 for https://noticias.uol.com.br/politica/ultimas-noticias/2023/06/27/acao-de-bolsonaro-contra-lula-e-extinguida-na-justica-do-df.htm, skipping...
[ERROR - 2026-03-03 15:55:11,115 - Worker_1] Status code == 403 for https://tab.uol.com.br/noticias/redacao/2023/06/23/inventor-de-gretchen-mister-sam-grava-musicas-alegres-no-streaming.htm, skipping...
[ERROR - 2026-03-03 15:55:19,071 - Worker_4] Status code == 403 for https://noticias.uol.com.br/ultimas-noticias/deutschewelle/2023/06/27/para-alem-da-afd-onde-mais-a-ultradireita-avanca-na-europa.htm, skipping...
[ERROR - 2026-03-03 15:55:20,260 - Worker_2] Status code == 403 for https://tab.uol.com.br/noticias/redacao/2023/06/26/alem-do-limite-desafios-sao-parte-da-cultura-empresarial-de-marcal.htm, skipping...
[ERROR - 2026-03-03 15:55:20,707 - Worker_0] Status code == 403 for https://tab.uol.com.br/noticias/redacao/2023/06/27/opiniao-love-cabaret-e-uma-especie-de-safari-para-casais-heteros.htm, skipping...
[ERROR - 2026-03-03 15:55:24,684 - Worker_2] Status code == 403 for https://tab.uol.com.br/noticias/redacao/2023/06/21/o-espiao-forrozeiro-as-microcasas-de-15-m-maratona-mortifera-e-mais.htm, skipping...
[ERROR - 2026-03-03 15:55:25,350 - Worker_3] Status code == 403 for https://noticias.uol.com.br/colunas/carolina-brigido/2023/06/27/candidatos-a-pgr-discursam-para-agradar-lula.htm, skipping...
[ERROR - 2026-03-03 15:55:29,720 - Worker_3] Status code == 403 for https://noticias.uol.com.br/internacional/ultimas-noticias/2023/06/27/humanos-devoravam-uns-aos-outros-ha-1-milhao-de-anos-sugere-pesquisa.htm, skipping...
[ERROR - 2026-03-03 15:55:30,709 - Worker_0] Status code == 403 for https://noticias.uol.com.br/politica/ultimas-noticias/2023/06/27/relator-julgamento-bolsonaro-tse-eleitoreiro-maquina-publica.htm, skipping...
[ERROR - 2026-03-03 15:55:38,663 - Worker_3] Status code == 403 for https://noticias.uol.com.br/cotidiano/ultimas-noticias/2023/06/27/donos-de-escola-suspeitos-tortura-presos.htm, skipping...
[ERROR - 2026-03-03 15:55:43,050 - Worker_3] Status code == 403 for https://tab.uol.com.br/colunas/matheus-pichonelli/2023/06/27/estudo-aponta-dificuldade-para-acesso-a-maconha-medicinal-nas-periferias.htm, skipping...
[ERROR - 2026-03-03 15:55:43,778 - Worker_4] Status code == 403 for https://noticias.uol.com.br/internacional/ultimas-noticias/2023/06/27/britanico-de-25-anos-morre-apos-ataque-de-asma-em-voo-para-os-eua.htm, skipping...
[ERROR - 2026-03-03 15:55:43,917 - Worker_0] Status code == 403 for https://noticias.uol.com.br/cotidiano/ultimas-noticias/2023/06/27/primeira-viagem-deles-sozinhos-diz-filha-de-casal-morto-em-pousada-em-mg.htm, skipping...
[ERROR - 2026-03-03 15:55:47,144 - Worker_3] Status code == 403 for https://noticias.uol.com.br/ultimas-noticias/afp/2023/06/27/expedicao-tentara-provar-que-rio-amazonas-e-maior-que-o-nilo.htm, skipping...
[ERROR - 2026-03-03 15:55:49,154 - Worker_1] Status code == 403 for https://noticias.uol.com.br/internacional/ultimas-noticias/2023/06/26/brasileira-virou-advogada-em-londres----e-sem-fazer-direito.htm, skipping...
[ERROR - 2026-03-03 15:55:52,610 - Worker_4] Status code == 403 for https://noticias.uol.com.br/cotidiano/ultimas-noticias/2023/06/27/chuva-boa-vista-hospital.htm, skipping...
[ERROR - 2026-03-03 15:55:53,254 - Worker_1] Status code == 403 for https://noticias.uol.com.br/politica/ultimas-noticias/2023/06/27/duarte-junior-noticia-crime-coronel-jean-lawand.htm, skipping...
[ERROR - 2026-03-03 15:55:57,363 - Worker_1] Status code == 403 for https://noticias.uol.com.br/politica/ultimas-noticias/2023/06/27/tse-julgamento-bolsonaro-inelegivel.htm, skipping...
[ERROR - 2026-03-03 15:56:01,463 - Worker_1] Status code == 403 for https://noticias.uol.com.br/colunas/josias-de-souza/2023/06/27/chacrinha-dita-comunicados-do-bc-sobre-juros.htm, skipping...
[ERROR - 2026-03-03 15:56:04,742 - Worker_3] Status code == 403 for https://noticias.uol.com.br/ultimas-noticias/redacao/2023/06/23/artistas-ganham-premios-em-cannes-com-tecnologia-e-critica-ao-racismo.htm, skipping...
[ERROR - 2026-03-03 15:56:09,931 - Worker_4] Status code == 403 for https://noticias.uol.com.br/internacional/ultimas-noticias/2023/06/27/video-brasileiro-assassinado-eua.htm, skipping...
[ERROR - 2026-03-03 15:56:15,771 - Worker_0] Status code == 403 for https://noticias.uol.com.br/internacional/ultimas-noticias/2023/06/27/zelador-desliga-alarme-irritante-e-universidade-perde-20-anos-de-pesquisa.htm, skipping...
[ERROR - 2026-03-03 15:56:22,423 - Worker_4] Status code == 403 for https://noticias.uol.com.br/colunas/thiago-herdy/2023/06/26/patrimonio-de-ministro-de-lula-cresce.htm, skipping...
[ERROR - 2026-03-03 15:56:23,232 - Worker_2] Status code == 403 for https://noticias.uol.com.br/politica/ultimas-noticias/2023/06/28/depoimentos-tse-ex-ministros-e-pessoas-proximas-bolsonaro.htm, skipping...
[ERROR - 2026-03-03 15:56:24,294 - Worker_0] Status code == 403 for https://noticias.uol.com.br/internacional/ultimas-noticias/2023/06/28/de-outro-planeta-turistas-sao-flagrados-vagando-pelados-na-colombia.htm, skipping...
[ERROR - 2026-03-03 15:56:31,770 - Worker_4] Status code == 403 for https://noticias.uol.com.br/cotidiano/ultimas-noticias/2023/06/28/carta-filho-mae-escola.htm, skipping...
[ERROR - 2026-03-03 15:56:33,509 - Worker_1] Status code == 403 for https://noticias.uol.com.br/meio-ambiente/ultimas-noticias/redacao/2023/06/28/como-matar-baratas.htm, skipping...
[ERROR - 2026-03-03 15:56:34,243 - Worker_0] Status code == 403 for https://noticias.uol.com.br/internacional/ultimas-noticias/2023/06/28/professora-demitida-portugal.htm, skipping...
[ERROR - 2026-03-03 15:56:42,526 - Worker_3] Status code == 403 for https://noticias.uol.com.br/politica/ultimas-noticias/2023/06/28/bastidores-julgamento-inelegibilidade-bolsonaro-tse.htm, skipping...
[ERROR - 2026-03-03 15:56:51,090 - Worker_1] Status code == 403 for https://tab.uol.com.br/colunas/michel-alcoforado/2023/06/28/os-exploradores-como-o-risco-gera-distincao-para-as-elites.htm, skipping...
[ERROR - 2026-03-03 15:56:51,162 - Worker_0] Status code == 403 for https://noticias.uol.com.br/colunas/josias-de-souza/2023/06/28/bolsonaro-faz-excursao-a-caminho-do-inferno-abracado-as-forcas-armadas.htm, skipping...
[ERROR - 2026-03-03 15:56:55,182 - Worker_1] Status code == 403 for https://noticias.uol.com.br/colunas/carolina-brigido/2023/06/28/expectativa-no-tse-e-que-nunes-marques-vote-por-punicao-branda-a-bolsonaro.htm, skipping...
[ERROR - 2026-03-03 15:56:55,251 - Worker_0] Status code == 403 for https://noticias.uol.com.br/colunas/jamil-chade/2023/06/28/governo-lula-adere-a-alianca-internacional-de-defensa-de-direitos-lgbtqia.htm, skipping...
[ERROR - 2026-03-03 15:56:59,289 - Worker_1] Status code == 403 for https://noticias.uol.com.br/politica/ultimas-noticias/2023/06/28/toffoli-nega-recurso-deltan-retomar-mandato.htm, skipping...
[ERROR - 2026-03-03 15:57:00,486 - Worker_3] Status code == 403 for https://tab.uol.com.br/colunas/matheus-pichonelli/2023/06/28/covardia-contra-brasileiro-armado-com-flores-estilhaca-tese-armamentista.htm, skipping...
[ERROR - 2026-03-03 15:57:04,579 - Worker_0] Status code == 403 for https://noticias.uol.com.br/cotidiano/ultimas-noticias/2023/06/28/resultado-censo-2022-brasil-203-milhoes-de-habitantes.htm, skipping...
[ERROR - 2026-03-03 15:57:06,641 - Worker_4] Status code == 403 for https://noticias.uol.com.br/politica/ultimas-noticias/2023/06/28/pf-prende-walter-delgatti.htm, skipping...
[ERROR - 2026-03-03 15:57:13,351 - Worker_0] Status code == 403 for https://noticias.uol.com.br/cotidiano/ultimas-noticias/2023/06/28/empresario-busca-e-apreensao-ex-namorada-joias-e-carro.htm, skipping...
[ERROR - 2026-03-03 15:57:13,875 - Worker_3] Status code == 403 for https://tab.uol.com.br/noticias/redacao/2023/06/21/o-espiao-forrozeiro-as-microcasas-de-15-m-maratona-mortifera-e-mais.htm, skipping...
[ERROR - 2026-03-03 15:57:16,375 - Worker_1] Status code == 403 for https://tab.uol.com.br/noticias/redacao/2023/06/27/opiniao-love-cabaret-e-uma-especie-de-safari-para-casais-heteros.htm, skipping...
[ERROR - 2026-03-03 15:57:18,283 - Worker_3] Status code == 403 for https://noticias.uol.com.br/internacional/ultimas-noticias/2023/06/28/jovem-viaja-para-celebrar-formatura-e-e-encontrado-carbonizado-em-fogueira.htm, skipping...
[ERROR - 2026-03-03 15:57:20,746 - Worker_1] Status code == 403 for https://noticias.uol.com.br/colunas/balaio-do-kotscho/2023/06/28/o-grande-desafio-do-pais-de-203-milhoes-de-almas-e-combater-a-desigualdade.htm, skipping...
[ERROR - 2026-03-03 15:57:21,004 - Worker_4] Status code == 403 for https://noticias.uol.com.br/cotidiano/ultimas-noticias/2023/06/28/sp-cabeleireira-e-encontrada-morta-e-com-as-pernas-amarradas-no-litoral.htm, skipping...
[ERROR - 2026-03-03 15:57:26,577 - Worker_0] Status code == 403 for https://noticias.uol.com.br/colunas/madeleine-lacsko/2023/06/28/bolsonaro-tenta-embolar-o-meio-de-campo-do-julgamento-e-janja-ajuda.htm, skipping...
[ERROR - 2026-03-03 15:57:27,103 - Worker_3] Status code == 403 for https://noticias.uol.com.br/internacional/ultimas-noticias/2023/06/28/chimpanze-se-impressiona-ao-ver-o-ceu-pela-primeira-vez-apos-anos-em-jaula.htm, skipping...
[ERROR - 2026-03-03 15:57:27,711 - Worker_2] Status code == 403 for https://noticias.uol.com.br/cotidiano/ultimas-noticias/2023/06/28/morte-adolescente-engasgada-goias.htm, skipping...
[ERROR - 2026-03-03 15:57:30,963 - Worker_0] Status code == 403 for https://noticias.uol.com.br/internacional/ultimas-noticias/2023/06/28/chines-cogita-desistir-apos-nao-ser-aprovado-no-vestibular-em-27-tentativas.htm, skipping...
[ERROR - 2026-03-03 15:57:31,487 - Worker_3] Status code == 403 for https://noticias.uol.com.br/cotidiano/ultimas-noticias/2023/06/28/homem-tenta-matar-namorada-se-confunde-e-atira-na-amiga-da-mulher-em-ms.htm, skipping...
[ERROR - 2026-03-03 15:57:36,856 - Worker_4] Status code == 403 for https://economia.uol.com.br/ao-vivo/2023/03/31/monitor-de-ofertas-uol.htm, skipping...
[ERROR - 2026-03-03 15:57:41,241 - Worker_4] Status code == 403 for https://noticias.uol.com.br/colunas/rogerio-gentile/2023/06/28/justica-penhora-contas-de-netinho-de-paula-condenado-por-desvio-de-verba.htm, skipping...
[ERROR - 2026-03-03 15:57:44,976 - Worker_3] Status code == 403 for https://noticias.uol.com.br/internacional/ultimas-noticias/2023/06/26/brasileira-virou-advogada-em-londres----e-sem-fazer-direito.htm, skipping...
[ERROR - 2026-03-03 15:57:53,613 - Worker_2] Status code == 403 for https://noticias.uol.com.br/cotidiano/ultimas-noticias/2023/06/28/censo-2022-cidades-mais-populosas-do-brasil.htm, skipping...
[ERROR - 2026-03-03 15:58:00,817 - Worker_0] Status code == 403 for https://noticias.uol.com.br/ultimas-noticias/redacao/2023/06/23/artistas-ganham-premios-em-cannes-com-tecnologia-e-critica-ao-racismo.htm, skipping...
[ERROR - 2026-03-03 15:58:01,433 - Worker_4] Status code == 403 for https://noticias.uol.com.br/internacional/ultimas-noticias/2023/06/28/forcas-militares-da-colombia-suspendem-buscas-pelo-cao-wilson.htm, skipping...
[ERROR - 2026-03-03 15:58:02,333 - Worker_1] Status code == 403 for https://noticias.uol.com.br/colunas/carlos-madeiro/2023/06/28/taboao-da-serra-sp-e-a-cidade-mais-apertada-do-brasil-veja-ranking.htm, skipping...
[ERROR - 2026-03-03 15:58:05,525 - Worker_4] Status code == 403 for https://noticias.uol.com.br/cotidiano/ultimas-noticias/2023/06/28/sem-onibus-e-apenas-um-cep-como-e-morar-na-cidade-menos-populosa-do-brasil.htm, skipping...
[ERROR - 2026-03-03 15:58:06,597 - Worker_1] Status code == 403 for https://tab.uol.com.br/noticias/redacao/2023/06/28/nao-consigo-nem-olhar-diz-filha-de-vitima-sobre-aviao-dos-voos-da-morte.htm, skipping...
[ERROR - 2026-03-03 15:58:14,731 - Worker_0] Status code == 403 for https://noticias.uol.com.br/colunas/thiago-herdy/2023/06/26/patrimonio-de-ministro-de-lula-cresce.htm, skipping...
[ERROR - 2026-03-03 15:58:22,852 - Worker_2] Status code == 403 for https://tab.uol.com.br/noticias/redacao/2023/06/28/preso-novamente-em-sp-hacker-se-queixava-ha-um-ano-de-abandono-de-lula.htm, skipping...
[ERROR - 2026-03-03 15:58:24,651 - Worker_1] Status code == 403 for https://noticias.uol.com.br/ultimas-noticias/2023/06/29/mega-sena-2606-concurso-numeros-sorteio-de-hoje-29-de-junho.htm, skipping...
[ERROR - 2026-03-03 15:58:31,442 - Worker_2] Status code == 403 for https://noticias.uol.com.br/colunas/josias-de-souza/2023/06/29/floriano-mostra-que-tse-teria-que-desfazer-a-si-mesmo-para-poupar-bolsonaro.htm, skipping...
[ERROR - 2026-03-03 15:58:33,342 - Worker_3] Status code == 403 for https://noticias.uol.com.br/colunas/carlos-madeiro/2023/06/29/um-em-cada-7-municipios-do-pais-perdera-verba-federal-com-o-censo-diz-cnm.htm, skipping...
[ERROR - 2026-03-03 15:58:35,541 - Worker_2] Status code == 403 for https://noticias.uol.com.br/ultimas-noticias/agencia-brasil/2023/06/28/tst-mantem-condenacao-de-casal-envolvido-no-caso-do-menino-miguel.htm, skipping...
[ERROR - 2026-03-03 15:58:39,639 - Worker_2] Status code == 403 for https://noticias.uol.com.br/politica/ultimas-noticias/2023/06/29/bolsonaro-visita-mg-julgamento-tse.htm, skipping...
[ERROR - 2026-03-03 15:58:41,592 - Worker_4] Status code == 403 for https://economia.uol.com.br/colunas/mariana-londres/2023/06/29/painel-solar-do-minha-casa-minha-vida-cria-impasse-no-governo.htm, skipping...
[ERROR - 2026-03-03 15:58:44,367 - Worker_3] Status code == 403 for https://economia.uol.com.br/noticias/redacao/2023/06/29/airlander-10-maior-aeronave-do-mundo.htm, skipping...
[ERROR - 2026-03-03 15:58:46,085 - Worker_4] Status code == 403 for https://noticias.uol.com.br/cotidiano/ultimas-noticias/2023/06/28/bebe-morre-carro-curitiba.htm, skipping...
[ERROR - 2026-03-03 15:58:48,961 - Worker_2] Status code == 403 for https://midiamax.uol.com.br/cotidiano/economia/2023/cria-recria-e-destroi-pecuaria-moderna-desmata-pantanal-por-mais-lucro-denunciam-pantaneiros/, skipping...
[ERROR - 2026-03-03 15:58:53,127 - Worker_3] Status code == 403 for https://noticias.uol.com.br/colunas/camilo-vannuchi/2023/06/29/robinho-livre-e-sorridente-e-pedalada-na-cara-dos-que-esperam-justica.htm, skipping...
[ERROR - 2026-03-03 15:58:56,197 - Worker_2] Status code == 403 for https://economia.uol.com.br/imposto-de-renda/noticias/redacao/2023/06/29/receita-paga-2-lote-de-restituicao-do-ir-2023.htm, skipping...
[ERROR - 2026-03-03 15:58:57,366 - Worker_0] Status code == 403 for https://economia.uol.com.br/cotacoes/noticias/redacao/2023/06/29/fechamento-dolar-bolsa-dia-29-de-junho.htm, skipping...
[ERROR - 2026-03-03 15:58:57,792 - Worker_1] Status code == 403 for https://noticias.uol.com.br/cotidiano/ultimas-noticias/2023/06/29/suspeito-sequestro-estupro-crianca-publicacoes-contra-pedofilia.htm, skipping...
[ERROR - 2026-03-03 15:58:59,218 - Worker_4] Status code == 403 for https://noticias.uol.com.br/cotidiano/ultimas-noticias/2023/06/29/banca-funcionava-como-bar-clandestino-e-ponto-de-consumo-de-drogas-no-rj.htm, skipping...
[ERROR - 2026-03-03 15:59:06,568 - Worker_1] Status code == 403 for https://tab.uol.com.br/noticias/redacao/2023/06/21/o-espiao-forrozeiro-as-microcasas-de-15-m-maratona-mortifera-e-mais.htm, skipping...
[ERROR - 2026-03-03 15:59:06,699 - Worker_2] Status code == 403 for https://tab.uol.com.br/noticias/redacao/2023/06/27/opiniao-love-cabaret-e-uma-especie-de-safari-para-casais-heteros.htm, skipping...
[ERROR - 2026-03-03 15:59:06,752 - Worker_0] Status code == 403 for https://noticias.uol.com.br/ultimas-noticias/reuters/2023/06/29/christine-king-farris-irma-de-martin-luther-king-morre-aos-95-anos.htm, skipping...
[ERROR - 2026-03-03 15:59:07,843 - Worker_4] Status code == 403 for https://noticias.uol.com.br/colunas/chico-alves/2023/06/29/universal-usa-20-mil-pastores-e-obreiros-para-doutrinar-policias-do-brasil.htm, skipping...
[ERROR - 2026-03-03 15:59:12,046 - Worker_4] Status code == 403 for https://economia.uol.com.br/colunas/mariana-londres/2023/06/29/meta-continua-so-tera-mudanca-na-pratica-apos-saida-de-campos-neto.htm, skipping...
[ERROR - 2026-03-03 15:59:16,396 - Worker_3] Status code == 403 for https://economia.uol.com.br/videos/2023/06/26/renata-maluf-da-gol-mais-exigente-consumidor-agora-valoriza-mais-as-experiencias.htm, skipping...
[ERROR - 2026-03-03 15:59:18,478 - Worker_2] Status code == 403 for https://noticias.uol.com.br/colunas/josmar-jozino/2023/06/29/klaus-barbie-o-carniceiro-e-torturador-do-tribunal-do-crime-do-pcc.htm, skipping...
[ERROR - 2026-03-03 15:59:20,519 - Worker_3] Status code == 403 for https://noticias.uol.com.br/politica/ultimas-noticias/2023/06/29/novo-pede-a-justica-que-deletem-posts-sobre-lula-de-perfis-do-governo.htm, skipping...
[ERROR - 2026-03-03 15:59:24,653 - Worker_3] Status code == 403 for https://noticias.uol.com.br/cotidiano/ultimas-noticias/2023/06/29/crianca-crime-df.htm, skipping...
[ERROR - 2026-03-03 15:59:29,742 - Worker_1] Status code == 403 for https://noticias.uol.com.br/internacional/ultimas-noticias/2023/06/26/brasileira-virou-advogada-em-londres----e-sem-fazer-direito.htm, skipping...
[ERROR - 2026-03-03 15:59:34,724 - Worker_2] Status code == 403 for https://noticias.uol.com.br/colunas/leonardo-sakamoto/2023/06/29/para-floriano-ataque-de-bolsonaro-a-urna-poderia-ter-garantido-reeleicao.htm, skipping...
[ERROR - 2026-03-03 15:59:36,944 - Worker_4] Status code == 403 for https://noticias.uol.com.br/politica/ultimas-noticias/2023/06/29/tacla-duran-uol-entrevista-moro-deltan.htm, skipping...
[ERROR - 2026-03-03 15:59:38,899 - Worker_2] Status code == 403 for https://noticias.uol.com.br/internacional/ultimas-noticias/2023/06/29/menino-de-6-anos-sobrevive-a-queda-de-12-metros-de-tirolesa-no-mexico.htm, skipping...
[ERROR - 2026-03-03 15:59:41,045 - Worker_4] Status code == 403 for https://noticias.uol.com.br/colunas/josias-de-souza/2023/06/29/condenacao-de-bolsonaro-e-consumida-antes-de-ser-consumado-a-pelo-tse.htm, skipping...
[ERROR - 2026-03-03 15:59:42,878 - Worker_1] Status code == 403 for https://noticias.uol.com.br/ultimas-noticias/redacao/2023/06/23/artistas-ganham-premios-em-cannes-com-tecnologia-e-critica-ao-racismo.htm, skipping...
[ERROR - 2026-03-03 15:59:47,057 - Worker_0] Status code == 403 for https://noticias.uol.com.br/meio-ambiente/ultimas-noticias/redacao/2023/06/29/militar-que-vazava-informacao-para-garimpeiros-recebeu-r-930-mil-diz-pf.htm, skipping...
[ERROR - 2026-03-03 15:59:51,502 - Worker_1] Status code == 403 for https://noticias.uol.com.br/internacional/ultimas-noticias/2023/06/29/mulher-banco-russo-morte.htm, skipping...
[ERROR - 2026-03-03 15:59:53,781 - Worker_3] Status code == 403 for https://noticias.uol.com.br/cotidiano/ultimas-noticias/2023/06/29/policia-investiga-se-pai-teve-a-intencao-de-deixar-o-bebe-no-carro.htm, skipping...
[ERROR - 2026-03-03 15:59:55,837 - Worker_0] Status code == 403 for https://noticias.uol.com.br/colunas/thiago-herdy/2023/06/26/patrimonio-de-ministro-de-lula-cresce.htm, skipping...
[ERROR - 2026-03-03 16:00:00,010 - Worker_2] Status code == 403 for https://economia.uol.com.br/imposto-de-renda/noticias/redacao/2023/03/09/imposto-de-renda-2023-receita-libera-download-do-programa.htm, skipping...
[ERROR - 2026-03-03 16:00:06,497 - Worker_2] Status code == 403 for https://noticias.uol.com.br/ultimas-noticias/agencia-estado/2023/06/30/afegaos-acampados-no-aeroporto-de-guarulhos-serao-levados-para-praia-grande-no-litoral-de-sp.htm, skipping...
[ERROR - 2026-03-03 16:00:09,030 - Worker_1] Status code == 403 for https://tab.uol.com.br/noticias/redacao/2023/06/28/preso-novamente-em-sp-hacker-se-queixava-ha-um-ano-de-abandono-de-lula.htm, skipping...
[ERROR - 2026-03-03 16:00:13,382 - Worker_1] Status code == 403 for https://economia.uol.com.br/noticias/redacao/2023/06/30/lira-camara-analise-haddad-reforma.htm, skipping...
[ERROR - 2026-03-03 16:00:17,768 - Worker_1] Status code == 403 for https://economia.uol.com.br/noticias/redacao/2023/06/30/compras-online-ate-us-50-entenda-o-que-muda-e-regra-para-imposto-zerado.htm, skipping...
[ERROR - 2026-03-03 16:00:21,887 - Worker_1] Status code == 403 for https://noticias.uol.com.br/politica/ultimas-noticias/2023/06/30/bolsonaro-inelegivel-moraes-repete-dez-vezes-mentira-em-voto.htm, skipping...
[ERROR - 2026-03-03 16:00:24,975 - Worker_2] Status code == 403 for http://noticias.uol.com.br/cotidiano/ultimas-noticias/2023/06/30/patroes-imovel-domestica.htm, skipping...
[ERROR - 2026-03-03 16:00:28,935 - Worker_0] Status code == 403 for https://noticias.uol.com.br/internacional/ultimas-noticias/2023/06/30/submersivel-titan-implosao-especialista-destrocos.htm, skipping...
[ERROR - 2026-03-03 16:00:30,536 - Worker_1] Status code == 403 for https://tab.uol.com.br/colunas/matheus-pichonelli/2023/06/30/cuidado-ao-usar-o-chatgpt-voce-pode-parar-numa-distopia-de-black-mirror.htm, skipping...
[ERROR - 2026-03-03 16:00:30,944 - Worker_4] Status code == 403 for https://noticias.uol.com.br/cotidiano/ultimas-noticias/2023/06/30/homem-tem-o-braco-dilacerado-apos-ser-atacado-por-jumento-em-mg.htm, skipping...
[ERROR - 2026-03-03 16:00:32,099 - Worker_3] Status code == 403 for https://economia.uol.com.br/noticias/redacao/2023/06/30/stf-julgamento-piso-enfermagem.htm, skipping...
[ERROR - 2026-03-03 16:00:33,026 - Worker_0] Status code == 403 for https://noticias.uol.com.br/colunas/josias-de-souza/2023/06/30/a-palavra-chave-do-voto-de-moraes-cadeia.htm, skipping...
[ERROR - 2026-03-03 16:00:33,517 - Worker_2] Status code == 403 for https://noticias.uol.com.br/colunas/josias-de-souza/2023/06/30/quem-fez-historia-nao-foi-o-tse-mas-o-eleitor.htm, skipping...
[ERROR - 2026-03-03 16:00:35,048 - Worker_4] Status code == 403 for https://noticias.uol.com.br/colunas/carolina-brigido/2023/06/30/por-que-o-tse-julgou-bolsonaro-antes-do-stf.htm, skipping...
[ERROR - 2026-03-03 16:00:37,182 - Worker_0] Status code == 403 for https://noticias.uol.com.br/colunas/reinaldo-azevedo/2023/06/30/grande-dia-para-a-democracia-justica-e-cega-mas-nao-e-tola-diz-moraes.htm, skipping...
[ERROR - 2026-03-03 16:00:53,107 - Worker_1] Status code == 403 for https://noticias.uol.com.br/politica/ultimas-noticias/2023/06/30/atraso-conexao-ruim-voto-curto-bastidores-do-tse-ao-condenar-bolsonaro.htm, skipping...
[ERROR - 2026-03-03 16:00:56,321 - Worker_2] Status code == 403 for https://noticias.uol.com.br/politica/ultimas-noticias/2023/06/30/inelegibilidade-bolsonaro-michelle-diz-esta-as-ordens.htm, skipping...
[ERROR - 2026-03-03 16:00:58,253 - Worker_0] Status code == 403 for https://economia.uol.com.br/noticias/estadao-conteudo/2023/06/30/americanas-pede-a-justica-que-suas-operacoes-deixem-de-ser-vigiadas-por-credores-apos-fraude.htm, skipping...
[ERROR - 2026-03-03 16:01:00,088 - Worker_4] Status code == 403 for https://tab.uol.com.br/noticias/redacao/2023/06/27/opiniao-love-cabaret-e-uma-especie-de-safari-para-casais-heteros.htm, skipping...
[ERROR - 2026-03-03 16:01:00,796 - Worker_3] Status code == 403 for https://tab.uol.com.br/noticias/redacao/2023/06/21/o-espiao-forrozeiro-as-microcasas-de-15-m-maratona-mortifera-e-mais.htm, skipping...
[ERROR - 2026-03-03 16:01:04,205 - Worker_4] Status code == 403 for https://noticias.uol.com.br/politica/ultimas-noticias/2023/06/30/mauro-cid-chega-a-pf-para-depoimento-sobre-minuta-de-golpe.htm, skipping...
[ERROR - 2026-03-03 16:01:05,829 - Worker_2] Status code == 403 for https://noticias.uol.com.br/ultimas-noticias/agencia-estado/2023/06/30/policia-civil-investiga-morte-de-tecnico-audiovisual-em-estudio-de-pablo-marcal.htm, skipping...
[ERROR - 2026-03-03 16:01:06,901 - Worker_1] Status code == 403 for https://noticias.uol.com.br/politica/ultimas-noticias/2023/06/30/apos-inelegibilidade-bolsonaro-ataca-tse-proibiu-ate-de-fazer-live.htm, skipping...
[ERROR - 2026-03-03 16:01:09,978 - Worker_2] Status code == 403 for https://noticias.uol.com.br/politica/ultimas-noticias/2023/06/30/tales-bolsonaro-tera-trajeto-igual-ao-de-collor-e-sumira-dacenapolitica.htm, skipping...
[ERROR - 2026-03-03 16:01:11,980 - Worker_0] Status code == 403 for https://noticias.uol.com.br/cotidiano/ultimas-noticias/2023/06/30/suspeito-estupro-df.htm, skipping...
[ERROR - 2026-03-03 16:01:13,785 - Worker_4] Status code == 403 for https://noticias.uol.com.br/colunas/walter-maierovitch/2023/06/30/buscar-liminar-no-stf-sera-proximo-passo-de-bolsonaro-pos-inelegibilidade.htm, skipping...
[ERROR - 2026-03-03 16:01:14,390 - Worker_2] Status code == 403 for https://educacao.uol.com.br/noticias/2023/06/29/caipirismo-preconceituoso-alguns-pontos-para-voce-repensar-na-festa-junina.htm, skipping...
[ERROR - 2026-03-03 16:01:20,167 - Worker_3] Status code == 403 for https://economia.uol.com.br/ao-vivo/2023/03/31/monitor-de-ofertas-uol.htm, skipping...
[ERROR - 2026-03-03 16:01:21,531 - Worker_0] Status code == 403 for https://economia.uol.com.br/noticias/redacao/2023/06/30/projeto-integrado-por-uol-confere-ganha-premio-internacional-de-checagem.htm, skipping...
[ERROR - 2026-03-03 16:01:29,802 - Worker_1] Status code == 403 for https://noticias.uol.com.br/internacional/ultimas-noticias/2023/06/26/brasileira-virou-advogada-em-londres----e-sem-fazer-direito.htm, skipping...
[ERROR - 2026-03-03 16:01:32,624 - Worker_4] Status code == 403 for https://noticias.uol.com.br/politica/ultimas-noticias/2023/06/30/inelegibilidade-bolsonaro-meme-redes-sociais.htm, skipping...
[ERROR - 2026-03-03 16:01:35,845 - Worker_3] Status code == 403 for https://economia.uol.com.br/cotacoes/noticias/redacao/2023/06/30/dolar-30-de-junho.htm, skipping...
[ERROR - 2026-03-03 16:01:39,955 - Worker_2] Status code == 403 for https://noticias.uol.com.br/internacional/ultimas-noticias/2023/06/30/magnatas-russos-mortes-misteriosas.htm, skipping...
[ERROR - 2026-03-03 16:01:43,429 - Worker_1] Status code == 403 for https://noticias.uol.com.br/politica/ultimas-noticias/2023/06/30/o-futuro-de-bolsonaro-apos-condenacao-pelo-tse-juridico-politico.htm, skipping...
[ERROR - 2026-03-03 16:01:48,379 - Worker_0] Status code == 403 for https://noticias.uol.com.br/colunas/balaio-do-kotscho/2023/06/30/venceu-a-democracia-o-brasil-fica-livre-de-bolsonaro-pelo-menos-ate-2030.htm, skipping...
[ERROR - 2026-03-03 16:01:48,844 - Worker_2] Status code == 403 for https://noticias.uol.com.br/politica/ultimas-noticias/2023/06/30/bolsonaro-inelegivel-tse-julgamento.htm, skipping...
[ERROR - 2026-03-03 16:01:49,734 - Worker_1] Status code == 403 for https://noticias.uol.com.br/ultimas-noticias/redacao/2023/06/23/artistas-ganham-premios-em-cannes-com-tecnologia-e-critica-ao-racismo.htm, skipping...
[ERROR - 2026-03-03 16:01:50,579 - Worker_4] Status code == 403 for https://economia.uol.com.br/noticias/redacao/2023/06/30/coca-cola-lanca-no-brasil-bebida-em-parceria-com-jack-daniels.htm, skipping...
[ERROR - 2026-03-03 16:01:56,055 - Worker_1] Status code == 403 for https://noticias.uol.com.br/colunas/jamil-chade/2023/06/30/por-que-o-brasil-conseguiu-barrar-bolsonaro-mas-os-eua-nao-param-trump.htm, skipping...
[ERROR - 2026-03-03 16:01:59,196 - Worker_4] Status code == 403 for https://noticias.uol.com.br/colunas/thiago-herdy/2023/06/26/patrimonio-de-ministro-de-lula-cresce.htm, skipping...
[ERROR - 2026-03-03 16:02:00,281 - Worker_3] Status code == 403 for https://economia.uol.com.br/imposto-de-renda/noticias/redacao/2023/03/09/imposto-de-renda-2023-receita-libera-download-do-programa.htm, skipping...
[ERROR - 2026-03-03 16:02:06,863 - Worker_1] Status code == 403 for https://noticias.uol.com.br/cotidiano/ultimas-noticias/2023/07/01/policia-do-rio-indicia-homem-gastou-r-13-mil-e-registrou-sequestro.htm, skipping...
[ERROR - 2026-03-03 16:02:08,800 - Worker_2] Status code == 403 for https://economia.uol.com.br/noticias/redacao/2023/07/01/o-que-muda-em-compras-internacionais-apos-imposto-ser-zerado.htm, skipping...
[ERROR - 2026-03-03 16:02:12,958 - Worker_2] Status code == 403 for https://tab.uol.com.br/noticias/redacao/2023/06/28/preso-novamente-em-sp-hacker-se-queixava-ha-um-ano-de-abandono-de-lula.htm, skipping...
[ERROR - 2026-03-03 16:02:15,357 - Worker_0] Status code == 403 for https://noticias.uol.com.br/internacional/ultimas-noticias/2023/07/01/policial-e-investigado-por-prender-filho-de-3-anos-na-cadeia.htm, skipping...
[ERROR - 2026-03-03 16:02:19,044 - Worker_4] Status code == 403 for https://noticias.uol.com.br/politica/ultimas-noticias/2023/07/01/isso-nao-e-problema-meu-diz-lula-sobre-inelegibilidade-de-bolsonaro.htm, skipping...
[ERROR - 2026-03-03 16:02:19,763 - Worker_3] Status code == 403 for https://noticias.uol.com.br/cotidiano/ultimas-noticias/2023/07/01/porteiro-e-agredido-em-hospital.htm, skipping...
[ERROR - 2026-03-03 16:02:21,484 - Worker_2] Status code == 403 for https://noticias.uol.com.br/colunas/josmar-jozino/2023/07/01/amigos-usaram-criancas-em-assalto-em-sao-bernardo-sp-diz-policia-civil.htm, skipping...
[ERROR - 2026-03-03 16:02:31,040 - Worker_2] Status code == 403 for https://noticias.uol.com.br/colunas/reinaldo-azevedo/2023/06/30/o-e-da-coisa-tchau-desquerido-agora-cadeia-lula-no-foro-de-s-paulo.htm, skipping...
[ERROR - 2026-03-03 16:02:35,130 - Worker_2] Status code == 403 for https://noticias.uol.com.br/cotidiano/ultimas-noticias/2023/07/01/professor-racismo-policia-bahia.htm, skipping...
[ERROR - 2026-03-03 16:02:41,147 - Worker_0] Status code == 403 for https://noticias.uol.com.br/colunas/jose-roberto-de-toledo/2023/07/01/casaroes-lula-3-por-ora-avancou-na-saude-economia-educacao-e-diplomacia.htm, skipping...
[ERROR - 2026-03-03 16:02:41,912 - Worker_4] Status code == 403 for https://noticias.uol.com.br/politica/ultimas-noticias/2023/07/01/lula-diz-que-denuncias-de-corrupcao-em-estadios-da-copa-nao-foram-provadas.htm, skipping...
[ERROR - 2026-03-03 16:02:53,597 - Worker_2] Status code == 403 for https://noticias.uol.com.br/politica/ultimas-noticias/2023/07/01/carlos-bolsonaro-critica-silencio-de-sergio-moro-apos-inelegibilidade.htm, skipping...
[ERROR - 2026-03-03 16:02:56,263 - Worker_4] Status code == 403 for https://noticias.uol.com.br/ultimas-noticias/deutschewelle/2023/07/01/venezuela-torna-inelegivel-opositora-favorita-a-eleicao-presidencial.htm, skipping...
[ERROR - 2026-03-03 16:02:56,863 - Worker_0] Status code == 403 for https://noticias.uol.com.br/cotidiano/ultimas-noticias/2023/06/30/homem-que-estuprou-crianca-de-12-anos-no-df-tentou-sequestrar-outra-menina.htm, skipping...
[ERROR - 2026-03-03 16:02:57,686 - Worker_1] Status code == 403 for https://noticias.uol.com.br/colunas/leonardo-sakamoto/2023/07/01/para-52-brasil-pode-virar-comunista-apesar-de-nao-saberem-o-que-e-isso.htm, skipping...
[ERROR - 2026-03-03 16:03:01,356 - Worker_3] Status code == 403 for https://tab.uol.com.br/noticias/redacao/2023/06/27/opiniao-love-cabaret-e-uma-especie-de-safari-para-casais-heteros.htm, skipping...
[ERROR - 2026-03-03 16:03:02,074 - Worker_2] Status code == 403 for https://tab.uol.com.br/noticias/redacao/2023/06/21/o-espiao-forrozeiro-as-microcasas-de-15-m-maratona-mortifera-e-mais.htm, skipping...
[ERROR - 2026-03-03 16:03:08,779 - Worker_2] Status code == 403 for https://noticias.uol.com.br/cotidiano/ultimas-noticias/2023/07/01/advogado-e-impedido-de-atuar-em-tribunal-por-usar-trajes-do-candomble.htm, skipping...
[ERROR - 2026-03-03 16:03:10,903 - Worker_4] Status code == 403 for https://economia.uol.com.br/videos/2023/06/26/renata-maluf-da-gol-mais-exigente-consumidor-agora-valoriza-mais-as-experiencias.htm, skipping...
[ERROR - 2026-03-03 16:03:20,166 - Worker_4] Status code == 403 for https://tab.uol.com.br/colunas/matheus-pichonelli/2023/07/01/inelegivel-bolsonaro-agora-e-problema-de-valdemar-costa-neto-nao-do-pais.htm, skipping...
[ERROR - 2026-03-03 16:03:22,368 - Worker_2] Status code == 403 for https://noticias.uol.com.br/cotidiano/ultimas-noticias/2023/07/01/es-motociclista-morre-apos-ser-atropelado-e-arrastado-por-carreta-na-serra.htm, skipping...
[ERROR - 2026-03-03 16:03:26,379 - Worker_1] Status code == 403 for https://noticias.uol.com.br/internacional/ultimas-noticias/2023/06/26/brasileira-virou-advogada-em-londres----e-sem-fazer-direito.htm, skipping...
[ERROR - 2026-03-03 16:03:26,783 - Worker_2] Status code == 403 for https://noticias.uol.com.br/internacional/ultimas-noticias/2023/07/01/onda-de-calor-assusta-por-que-40c-e-mortal-na-europa-e-aqui-e-normal.htm, skipping...
[ERROR - 2026-03-03 16:03:35,078 - Worker_1] Status code == 403 for https://noticias.uol.com.br/ultimas-noticias/agencia-estado/2023/07/01/extrema-direita-tem-que-disputar-no-jogo-democratico-diz-gleisi-no-foro-de-sao-paulo.htm, skipping...
[ERROR - 2026-03-03 16:03:47,562 - Worker_0] Status code == 403 for https://economia.uol.com.br/noticias/redacao/2023/07/01/por-que-o-pao-integral-ganhou-outros-nomes-nas-prateleiras.htm, skipping...
[ERROR - 2026-03-03 16:04:00,594 - Worker_1] Status code == 403 for https://economia.uol.com.br/imposto-de-renda/noticias/redacao/2023/03/09/imposto-de-renda-2023-receita-libera-download-do-programa.htm, skipping...
[ERROR - 2026-03-03 16:04:12,189 - Worker_4] Status code == 403 for https://tab.uol.com.br/noticias/redacao/2023/06/28/preso-novamente-em-sp-hacker-se-queixava-ha-um-ano-de-abandono-de-lula.htm, skipping...
[ERROR - 2026-03-03 16:04:45,327 - Worker_2] Status code == 403 for https://noticias.uol.com.br/colunas/andre-santana/2023/07/02/2-de-julho-o-brasil-dos-brasileiros-nasceu-ha-exatos-200-anos.htm, skipping...
[ERROR - 2026-03-03 16:04:45,792 - Worker_4] Status code == 403 for https://noticias.uol.com.br/politica/ultimas-noticias/2023/07/02/morre-sepulveda-pertence-ex-ministro-do-stf.htm, skipping...
[ERROR - 2026-03-03 16:04:47,156 - Worker_1] Status code == 403 for https://noticias.uol.com.br/meio-ambiente/ultimas-noticias/redacao/2023/07/02/como-alguns-animais-conseguem-dormir-em-pe-e-outros-em-pleno-voo.htm, skipping...
[ERROR - 2026-03-03 16:04:52,489 - Worker_4] Status code == 403 for https://tab.uol.com.br/noticias/redacao/2023/06/27/opiniao-love-cabaret-e-uma-especie-de-safari-para-casais-heteros.htm, skipping...
[ERROR - 2026-03-03 16:04:53,763 - Worker_2] Status code == 403 for https://tab.uol.com.br/noticias/redacao/2023/06/21/o-espiao-forrozeiro-as-microcasas-de-15-m-maratona-mortifera-e-mais.htm, skipping...
[ERROR - 2026-03-03 16:04:58,622 - Worker_1] Status code == 403 for https://noticias.uol.com.br/cotidiano/ultimas-noticias/2023/07/02/cidades-com-mais-domicilios-vazios-do-que-ocupados.htm, skipping...
[ERROR - 2026-03-03 16:05:01,037 - Worker_4] Status code == 403 for https://noticias.uol.com.br/ultimas-noticias/agencia-brasil/2023/07/02/lideres-da-camara-se-reunem-a-noite-para-definir-pauta-economica.htm, skipping...
[ERROR - 2026-03-03 16:05:02,214 - Worker_2] Status code == 403 for https://noticias.uol.com.br/politica/ultimas-noticias/2023/07/02/exercito-pagou-r-46-mi-em-pensao-a-ex-esposa-de-aliado-de-bolsonaro-preso.htm, skipping...
[ERROR - 2026-03-03 16:05:06,518 - Worker_2] Status code == 403 for https://economia.uol.com.br/videos/2023/06/26/renata-maluf-da-gol-mais-exigente-consumidor-agora-valoriza-mais-as-experiencias.htm, skipping...
[ERROR - 2026-03-03 16:05:09,386 - Worker_4] Status code == 403 for https://tab.uol.com.br/colunas/matheus-pichonelli/2023/07/02/epidemia-trans-e-uma-ideia-falaciosa-isso-nao-existe-diz-associacao.htm, skipping...
[ERROR - 2026-03-03 16:05:16,031 - Worker_0] Status code == 403 for https://noticias.uol.com.br/internacional/ultimas-noticias/2023/06/26/brasileira-virou-advogada-em-londres----e-sem-fazer-direito.htm, skipping...
[ERROR - 2026-03-03 16:05:20,434 - Worker_3] Status code == 403 for https://noticias.uol.com.br/cotidiano/ultimas-noticias/2023/07/02/corpo-de-vitima-de-feminicidio-e-encontrado-em-geladeira-em-go.htm, skipping...
[ERROR - 2026-03-03 16:05:21,807 - Worker_4] Status code == 403 for https://noticias.uol.com.br/ultimas-noticias/deutschewelle/2023/07/02/quinta-noite-de-disturbios-tem-mais-de-700-presos-na-franca.htm, skipping...
[ERROR - 2026-03-03 16:05:26,161 - Worker_4] Status code == 403 for https://noticias.uol.com.br/internacional/ultimas-noticias/2023/07/02/aviao-e-atingido-por-raio-nos-eua-afinal-isso-pode-derrubar-uma-aeronave.htm, skipping...
[ERROR - 2026-03-03 16:05:31,581 - Worker_0] Status code == 404 for https://www1.folha.uol.com.br/colunas/latinoamerica21/2023/07/china-a-proxima-dona-do-interruptor-na-america-latina.shtm, skipping...
[ERROR - 2026-03-03 16:05:32,224 - Worker_2] Status code == 403 for https://noticias.uol.com.br/ultimas-noticias/redacao/2023/06/23/artistas-ganham-premios-em-cannes-com-tecnologia-e-critica-ao-racismo.htm, skipping...
[ERROR - 2026-03-03 16:05:36,215 - Worker_3] Status code == 403 for https://noticias.uol.com.br/politica/ultimas-noticias/2023/07/02/jefferson-comprou-armas-prisao-domiciliar.htm, skipping...
[ERROR - 2026-03-03 16:05:42,534 - Worker_4] Status code == 403 for https://noticias.uol.com.br/colunas/josias-de-souza/2023/07/02/lula-soa-como-bicho-papao-para-os-52-de-brasileiros-que-temem-o-comunismo.htm, skipping...
[ERROR - 2026-03-03 16:05:42,604 - Worker_1] Status code == 403 for https://noticias.uol.com.br/ultimas-noticias/deutschewelle/2023/07/02/avo-de-jovem-morto-pela-policia-na-franca-pede-fim-de-protestos.htm, skipping...
[ERROR - 2026-03-03 16:05:44,742 - Worker_3] Status code == 403 for https://noticias.uol.com.br/colunas/thiago-herdy/2023/06/26/patrimonio-de-ministro-de-lula-cresce.htm, skipping...
[ERROR - 2026-03-03 16:05:45,003 - Worker_0] Status code == 403 for https://noticias.uol.com.br/cotidiano/ultimas-noticias/2023/07/04/donos-de-escola-tortura-indiciados.htm, skipping...
[ERROR - 2026-03-03 16:05:51,473 - Worker_4] Status code == 403 for https://tab.uol.com.br/colunas/matheus-pichonelli/2023/07/04/datafolha-mostra-que-paranoia-anticomunista-e-delirante-mas-eficaz.htm, skipping...
[ERROR - 2026-03-03 16:05:59,241 - Worker_0] Status code == 403 for https://noticias.uol.com.br/colunas/josias-de-souza/2023/07/04/na-festa-do-mercosul-lacalle-pou-joga-venezuela-e-china-no-chope-de-lula.htm, skipping...
[ERROR - 2026-03-03 16:06:03,573 - Worker_3] Status code == 403 for https://noticias.uol.com.br/colunas/kennedy-alencar/2023/07/04/so-lula-e-emendas-parlamentares-salvam-reforma-tributaria.htm, skipping...
[ERROR - 2026-03-03 16:06:07,953 - Worker_3] Status code == 403 for https://noticias.uol.com.br/politica/ultimas-noticias/2023/07/04/romario-e-condenado-a-pagar-r-10-mil-por-chamar-seguidora-de-piranha.htm, skipping...
[ERROR - 2026-03-03 16:06:10,227 - Worker_4] Status code == 403 for https://noticias.uol.com.br/cotidiano/ultimas-noticias/2023/07/04/video-jacare-e-atacado-por-piranhas-em-rio-do-tocantins-assista.htm, skipping...
[ERROR - 2026-03-03 16:06:16,942 - Worker_4] Status code == 403 for https://tab.uol.com.br/noticias/aba-anonima/2023/07/04/ferias-orgasticas-marido-me-chamou-para-tres-dias-com-sua-mulher-na-bahia.htm, skipping...
[ERROR - 2026-03-03 16:06:20,768 - Worker_2] Status code == 403 for https://noticias.uol.com.br/politica/ultimas-noticias/2023/07/04/kassio-mulher-roubo-insignificancia.htm, skipping...
[ERROR - 2026-03-03 16:06:29,800 - Worker_0] Status code == 403 for https://noticias.uol.com.br/ultimas-noticias/agencia-brasil/2023/07/04/governo-do-rio-determina-que-forcas-especiais-usem-cameras-em-fardas.htm, skipping...
[ERROR - 2026-03-03 16:06:33,900 - Worker_0] Status code == 403 for https://noticias.uol.com.br/cotidiano/ultimas-noticias/2023/07/04/foragido-denunciado-linha-direta-preso-novo-amburgo.htm, skipping...
[ERROR - 2026-03-03 16:06:47,260 - Worker_3] Status code == 403 for https://noticias.uol.com.br/politica/ultimas-noticias/2023/07/04/tse-depoimento-documentos-bolsonaro.htm, skipping...
[ERROR - 2026-03-03 16:06:48,078 - Worker_4] Status code == 403 for https://tab.uol.com.br/noticias/redacao/2023/06/21/o-espiao-forrozeiro-as-microcasas-de-15-m-maratona-mortifera-e-mais.htm, skipping...
[ERROR - 2026-03-03 16:06:51,384 - Worker_3] Status code == 403 for https://noticias.uol.com.br/cotidiano/ultimas-noticias/2023/07/04/quem-sao-os-tres-ocupantes-que-estavam-em-aviao-desaparecido-no-parana.htm, skipping...
[ERROR - 2026-03-03 16:06:54,625 - Worker_1] Status code == 403 for https://tab.uol.com.br/noticias/redacao/2023/07/01/casa-euclides-da-cunha-reabre-com-encefalo-do-autor-preservado-no-formol.htm, skipping...
[ERROR - 2026-03-03 16:07:02,672 - Worker_4] Status code == 403 for https://noticias.uol.com.br/cotidiano/ultimas-noticias/2023/07/04/entrevista-mae-menina-sequestrada-sp.htm, skipping...
[ERROR - 2026-03-03 16:07:10,251 - Worker_0] Status code == 403 for https://noticias.uol.com.br/internacional/ultimas-noticias/2023/07/04/oceangate-falhas-submersivel.htm, skipping...
[ERROR - 2026-03-03 16:07:12,045 - Worker_4] Status code == 403 for https://noticias.uol.com.br/cotidiano/ultimas-noticias/2023/07/04/fraude-inss-golpe.htm, skipping...
[ERROR - 2026-03-03 16:07:16,154 - Worker_4] Status code == 403 for https://noticias.uol.com.br/cotidiano/ultimas-noticias/2023/07/04/tecnica-enfermagem-corpo-foto-niquelandia.htm, skipping...
[ERROR - 2026-03-03 16:07:20,268 - Worker_4] Status code == 403 for https://noticias.uol.com.br/cotidiano/ultimas-noticias/reporter-brasil/2023/07/04/caso-miguel-tst-considera-privilegio-branco-e-manda-casal-pagar-r-386-mil.htm, skipping...
[ERROR - 2026-03-03 16:07:20,272 - Worker_3] Status code == 403 for https://noticias.uol.com.br/ultimas-noticias/agencia-brasil/2023/07/04/numero-de-mortes-por-policiais-aumenta-em-sao-paulo.htm, skipping...
[ERROR - 2026-03-03 16:07:24,374 - Worker_3] Status code == 403 for https://noticias.uol.com.br/internacional/ultimas-noticias/2023/07/04/titan-teria-tentado-voltar-a-superficie-momentos-antes-de-desaparecer.htm, skipping...
[ERROR - 2026-03-03 16:07:25,014 - Worker_1] Status code == 403 for https://noticias.uol.com.br/cotidiano/ultimas-noticias/2023/07/04/delegado-pf-investigado-acusacao-agressao-professor.htm, skipping...
[ERROR - 2026-03-03 16:07:25,973 - Worker_0] Status code == 403 for https://noticias.uol.com.br/colunas/reinaldo-azevedo/2023/07/04/economia-segue-com-sinais-positivos-e-idiotas-insistem-na-teoria-da-sorte.htm, skipping...
[ERROR - 2026-03-03 16:07:29,136 - Worker_1] Status code == 403 for https://noticias.uol.com.br/colunas/jeferson-tenorio/2023/07/04/lideres-evangelicos-precisam-refrear-discurso-violento.htm, skipping...
[ERROR - 2026-03-03 16:07:30,814 - Worker_3] Status code == 403 for https://noticias.uol.com.br/colunas/josias-de-souza/2023/07/04/centrao-breca-modelo-em-que-saude-exigia-um-da-ca-antes-de-cada-toma-la.htm, skipping...
[ERROR - 2026-03-03 16:07:30,833 - Worker_2] Status code == 403 for https://noticias.uol.com.br/ultimas-noticias/redacao/2023/06/23/artistas-ganham-premios-em-cannes-com-tecnologia-e-critica-ao-racismo.htm, skipping...
[ERROR - 2026-03-03 16:07:35,296 - Worker_2] Status code == 403 for https://tab.uol.com.br/noticias/redacao/2023/07/02/sem-silenciar-a-voz-critica-agualusa-rebate-o-autor-de-torto-arado.htm, skipping...
[ERROR - 2026-03-03 16:07:35,503 - Worker_1] Status code == 403 for https://noticias.uol.com.br/politica/ultimas-noticias/2023/07/04/tse-multa-advogado-pediu-anulacao-julgamento-bolsonaro.htm, skipping...
[ERROR - 2026-03-03 16:07:39,609 - Worker_1] Status code == 403 for https://noticias.uol.com.br/cotidiano/ultimas-noticias/2023/07/04/treinando-tiro-domestica-e-suspeita-de-matar-patrao-no-rio-de-janeiro.htm, skipping...
[ERROR - 2026-03-03 16:07:39,916 - Worker_4] Status code == 403 for https://noticias.uol.com.br/colunas/jamil-chade/2023/07/04/brasil-corta-fila-para-refugio-mas-90-mil-pessoas-ainda-aguardam-definicao.htm, skipping...
[ERROR - 2026-03-03 16:07:44,754 - Worker_2] Status code == 403 for https://noticias.uol.com.br/colunas/leonardo-sakamoto/2023/07/04/reforma-tributaria-sera-votada-em-nome-do-brasil-ou-na-base-da-emenda.htm, skipping...
[ERROR - 2026-03-03 16:07:45,110 - Worker_0] Status code == 403 for https://noticias.uol.com.br/cotidiano/ultimas-noticias/2023/07/04/arara-pousa-em-braco-de-pm-em-viatura-em-movimento-no-interior-de-sp-video.htm, skipping...
[ERROR - 2026-03-03 16:07:47,788 - Worker_3] Status code == 403 for https://noticias.uol.com.br/colunas/thiago-herdy/2023/06/26/patrimonio-de-ministro-de-lula-cresce.htm, skipping...
[ERROR - 2026-03-03 16:07:51,949 - Worker_2] Status code == 403 for https://noticias.uol.com.br/cotidiano/ultimas-noticias/2023/07/05/mulher-e-presa-por-matar-o-namorado-com-ajuda-de-amante-e-amigo-em-goias.htm, skipping...
[ERROR - 2026-03-03 16:07:56,252 - Worker_4] Status code == 403 for https://noticias.uol.com.br/cotidiano/ultimas-noticias/2023/07/05/acidente-goias-mesma-familia.htm, skipping...
[ERROR - 2026-03-03 16:08:05,559 - Worker_2] Status code == 403 for https://noticias.uol.com.br/internacional/ultimas-noticias/2023/07/05/irmaos-escondem-corpo-do-pai-para-receber-sua-aposentadoria-na-italia.htm, skipping...
[ERROR - 2026-03-03 16:08:24,360 - Worker_3] Status code == 403 for https://noticias.uol.com.br/ultimas-noticias/deutschewelle/2023/07/05/jornal-mais-antigo-do-mundo-deixa-de-circular.htm, skipping...
[ERROR - 2026-03-03 16:08:45,242 - Worker_3] Status code == 403 for https://noticias.uol.com.br/politica/ultimas-noticias/2023/07/05/confusao-camara-deputados.htm, skipping...
[ERROR - 2026-03-03 16:08:46,961 - Worker_4] Status code == 403 for https://noticias.uol.com.br/cotidiano/ultimas-noticias/2023/07/05/homem-e-preso-apos-roubar-celular-da-propria-cunhada.htm, skipping...
[ERROR - 2026-03-03 16:08:48,114 - Worker_1] Status code == 403 for https://noticias.uol.com.br/colunas/madeleine-lacsko/2023/07/05/no-mercosul-lula-desperdica-oportunidade-de-lideranca-democratica.htm, skipping...
[ERROR - 2026-03-03 16:08:48,354 - Worker_0] Status code == 403 for https://noticias.uol.com.br/ultimas-noticias/2023/07/05/mega-sena-concurso-2608-sorteio-05-de-julho.htm, skipping...
[ERROR - 2026-03-03 16:08:49,346 - Worker_3] Status code == 403 for https://noticias.uol.com.br/colunas/josias-de-souza/2023/07/05/saude-e-do-lula-mas-ritmo-das-verbas-e-do-lira.htm, skipping...
[ERROR - 2026-03-03 16:08:49,509 - Worker_2] Status code == 403 for https://tab.uol.com.br/colunas/matheus-pichonelli/2023/07/05/nao-tem-nada-mais-anticristao-do-que-fala-cheia-de-odio-de-andre-valadao.htm, skipping...
[ERROR - 2026-03-03 16:08:53,646 - Worker_2] Status code == 403 for https://noticias.uol.com.br/internacional/ultimas-noticias/2023/07/05/eu-so-podia-rezar-diz-ex-prefeito-que-passou-5-dias-entalado-sob-um-cano.htm, skipping...
[ERROR - 2026-03-03 16:08:55,755 - Worker_4] Status code == 403 for https://noticias.uol.com.br/politica/ultimas-noticias/2023/07/05/juiz-penhora-bens-filha-genro-celso-russomanno.htm, skipping...
[ERROR - 2026-03-03 16:08:57,834 - Worker_2] Status code == 403 for https://tab.uol.com.br/noticias/redacao/2023/06/21/o-espiao-forrozeiro-as-microcasas-de-15-m-maratona-mortifera-e-mais.htm, skipping...
[ERROR - 2026-03-03 16:09:01,936 - Worker_2] Status code == 403 for https://noticias.uol.com.br/cotidiano/ultimas-noticias/2023/07/05/policia-furto-cesio-137o-que-e-tragedia.htm, skipping...
[ERROR - 2026-03-03 16:09:07,039 - Worker_3] Status code == 403 for https://tab.uol.com.br/noticias/redacao/2023/07/01/casa-euclides-da-cunha-reabre-com-encefalo-do-autor-preservado-no-formol.htm, skipping...
[ERROR - 2026-03-03 16:09:10,794 - Worker_0] Status code == 403 for https://noticias.uol.com.br/cotidiano/ultimas-noticias/2023/07/05/homem-preso-invasao-camara-municipal-santos.htm, skipping...
[ERROR - 2026-03-03 16:09:13,191 - Worker_4] Status code == 403 for https://noticias.uol.com.br/colunas/leonardo-sakamoto/2023/07/05/bolsonaro-usa-fome-que-disparou-em-seu-governo-para-atacar-a-reforma.htm, skipping...
[ERROR - 2026-03-03 16:09:14,804 - Worker_1] Status code == 403 for https://noticias.uol.com.br/cotidiano/ultimas-noticias/2023/07/05/aviao-e-perseguido-pela-fab-e-piloto-incendeia-aeronave-apos-pousar-no-pr.htm, skipping...
[ERROR - 2026-03-03 16:09:17,629 - Worker_2] Status code == 403 for https://noticias.uol.com.br/internacional/ultimas-noticias/2023/07/05/video-mostra-presidente-de-portugal-sendo-carregado-apos-desmaio.htm, skipping...
[ERROR - 2026-03-03 16:09:19,172 - Worker_1] Status code == 403 for https://tab.uol.com.br/noticias/redacao/2023/07/05/seguindo-efeito-central-bairro-decadente-de-lima-vive-boom-gastronomico.htm, skipping...
[ERROR - 2026-03-03 16:09:30,931 - Worker_2] Status code == 403 for https://noticias.uol.com.br/colunas/josmar-jozino/2023/07/05/menor-furtou-r-3-milhoes-em-joias-logo-apos-sair-da-fundacao-casa-em-sp.htm, skipping...
[ERROR - 2026-03-03 16:09:31,420 - Worker_0] Status code == 403 for https://noticias.uol.com.br/ultimas-noticias/redacao/2023/06/23/artistas-ganham-premios-em-cannes-com-tecnologia-e-critica-ao-racismo.htm, skipping...
[ERROR - 2026-03-03 16:09:34,304 - Worker_3] Status code == 403 for https://noticias.uol.com.br/internacional/ultimas-noticias/2023/07/05/patologista-acha-tesouro-de-r-26-mi-em-intestino-de-baleia-na-espanha.htm, skipping...
[ERROR - 2026-03-03 16:09:35,864 - Worker_0] Status code == 403 for https://tab.uol.com.br/noticias/redacao/2023/07/02/sem-silenciar-a-voz-critica-agualusa-rebate-o-autor-de-torto-arado.htm, skipping...
[ERROR - 2026-03-03 16:09:36,345 - Worker_1] Status code == 403 for https://noticias.uol.com.br/ultimas-noticias/agencia-estado/2023/07/05/mineira-morta-em-sp-ela-confiava-em-deixar-o-apartamento-destrancado-diz-mae.htm, skipping...
[ERROR - 2026-03-03 16:09:40,487 - Worker_2] Status code == 403 for https://noticias.uol.com.br/cotidiano/ultimas-noticias/2023/07/05/homem-trans-convento.htm, skipping...
[ERROR - 2026-03-03 16:09:42,835 - Worker_3] Status code == 403 for https://noticias.uol.com.br/colunas/thiago-herdy/2023/06/26/patrimonio-de-ministro-de-lula-cresce.htm, skipping...
[ERROR - 2026-03-03 16:09:43,671 - Worker_1] Status code == 403 for https://noticias.uol.com.br/cotidiano/ultimas-noticias/2023/07/06/porteiro-impede-entrada-de-falsos-policiais-em-predio-de-luxo-em-sp-veja.htm, skipping...
[ERROR - 2026-03-03 16:09:53,391 - Worker_1] Status code == 403 for https://noticias.uol.com.br/internacional/ultimas-noticias/2023/07/06/preso-suspeito-matar-brasileiro-cachorro.htm, skipping...
[ERROR - 2026-03-03 16:09:54,208 - Worker_4] Status code == 403 for https://noticias.uol.com.br/ao-vivo/2023/07/06/camara-ao-vivo-parlamentares-continuam-discussao-sobre-reforma-tributaria.htm, skipping...
[ERROR - 2026-03-03 16:10:02,883 - Worker_4] Status code == 403 for https://noticias.uol.com.br/internacional/ultimas-noticias/2023/07/06/brasileiro-condenado-por-matar-a-propria-mae-e-extraditado-dos-eua-e-preso.htm, skipping...
[ERROR - 2026-03-03 16:10:07,007 - Worker_4] Status code == 403 for https://noticias.uol.com.br/colunas/jose-roberto-de-toledo/2023/07/06/quem-levou-os-r-75-bi-em-emendas-liberados-por-lula.htm, skipping...
[ERROR - 2026-03-03 16:10:13,586 - Worker_1] Status code == 403 for https://noticias.uol.com.br/colunas/jamil-chade/2023/07/06/lava-jato-moro-mensagens-procuradores-extradicao.htm, skipping...
[ERROR - 2026-03-03 16:10:20,714 - Worker_0] Status code == 403 for https://noticias.uol.com.br/politica/ultimas-noticias/2023/07/06/josias-mensagens-sobre-pressao-de-moro-jogam-no-lixo-o-combate-a-corrupcao.htm, skipping...
[ERROR - 2026-03-03 16:10:21,165 - Worker_4] Status code == 403 for https://noticias.uol.com.br/internacional/ultimas-noticias/2023/07/06/titan-deixou-passageiros-girando-no-fundo-do-oceano-segundo-documentario.htm, skipping...
[ERROR - 2026-03-03 16:10:25,272 - Worker_4] Status code == 403 for https://noticias.uol.com.br/saude/ultimas-noticias/redacao/2023/07/06/mg-novo-caso-febre-maculosa.htm, skipping...
[ERROR - 2026-03-03 16:10:25,758 - Worker_3] Status code == 403 for https://noticias.uol.com.br/colunas/leonardo-sakamoto/2023/07/06/uniao-quer-tirar-freixo-da-embratur-e-fechar-pacote-completo-no-turismo.htm, skipping...
[ERROR - 2026-03-03 16:10:34,538 - Worker_4] Status code == 403 for https://noticias.uol.com.br/colunas/tales-faria/2023/07/06/na-briga-de-bolsonaro-e-tarcisio-ainda-havera-tiro-porrada-e-bomba.htm, skipping...
[ERROR - 2026-03-03 16:10:39,577 - Worker_3] Status code == 403 for https://noticias.uol.com.br/politica/ultimas-noticias/2023/07/06/tarcisio-e-interrompido-por-bolsonaro-e-vaiado-em-reuniao-do-pl.htm, skipping...
[ERROR - 2026-03-03 16:10:44,035 - Worker_4] Status code == 403 for https://noticias.uol.com.br/cotidiano/ultimas-noticias/2023/07/06/policial-da-rasteira-em-paciente-dentro-de-hospital-em-salvador.htm, skipping...
[ERROR - 2026-03-03 16:10:48,606 - Worker_4] Status code == 403 for https://tab.uol.com.br/noticias/redacao/2023/06/21/o-espiao-forrozeiro-as-microcasas-de-15-m-maratona-mortifera-e-mais.htm, skipping...
[ERROR - 2026-03-03 16:10:52,984 - Worker_4] Status code == 403 for https://tab.uol.com.br/noticias/redacao/2023/07/06/como-lampedusa-virou-simbolo-de-politica-anti-imigracao-italiana.htm, skipping...
[ERROR - 2026-03-03 16:11:01,768 - Worker_2] Status code == 403 for https://noticias.uol.com.br/colunas/aguirre-talento/2023/07/06/gilmar-mendes-suspende-inquerito-que-atinge-arthur-lira-por-kits-robotica.htm, skipping...
[ERROR - 2026-03-03 16:11:08,745 - Worker_0] Status code == 403 for https://tab.uol.com.br/colunas/trombadas/2023/07/06/o-cerco-a-filippo-e-raffaella.htm, skipping...
[ERROR - 2026-03-03 16:11:11,429 - Worker_2] Status code == 403 for https://noticias.uol.com.br/colunas/josias-de-souza/2023/07/06/ocaso-do-capitao-tarcisio-faz-seu-jogo-valdemar-faz-contas-e-sbt-faz-o-l.htm, skipping...
[ERROR - 2026-03-03 16:11:13,132 - Worker_0] Status code == 403 for https://noticias.uol.com.br/colunas/josmar-jozino/2023/07/06/policial-civil-agride-advogado-com-socos-e-pontapes-em-batatais-sp.htm, skipping...
[ERROR - 2026-03-03 16:11:13,414 - Worker_3] Status code == 403 for https://noticias.uol.com.br/opiniao/coluna/2023/07/06/ainda-somos-os-mesmos-autenticidade-eleitoral-e-o-uso-de-deepfakes.htm, skipping...
[ERROR - 2026-03-03 16:11:15,795 - Worker_2] Status code == 403 for https://noticias.uol.com.br/cotidiano/ultimas-noticias/2023/07/06/caso-isabela-sequestro-sp.htm, skipping...
[ERROR - 2026-03-03 16:11:21,911 - Worker_0] Status code == 403 for https://noticias.uol.com.br/cotidiano/ultimas-noticias/2023/07/06/garoto-de-programa-matou-2-meses-apos-romper-tornozeleira-eletronica.htm, skipping...
[ERROR - 2026-03-03 16:11:26,022 - Worker_0] Status code == 403 for https://noticias.uol.com.br/politica/ultimas-noticias/2023/07/06/mapa-de-eduardo-bolsonaro-leva-zero-em-geografia-e-10-em-estrategia-digital.htm, skipping...
[ERROR - 2026-03-03 16:11:30,462 - Worker_0] Status code == 403 for https://tab.uol.com.br/colunas/luiza-sahd/2023/07/05/maria-rita-e-elis-regina-dilemas-eticos-envolvendo-ia-estao-so-comecando.htm, skipping...
[ERROR - 2026-03-03 16:11:30,663 - Worker_4] Status code == 403 for https://noticias.uol.com.br/ultimas-noticias/redacao/2023/06/23/artistas-ganham-premios-em-cannes-com-tecnologia-e-critica-ao-racismo.htm, skipping...
[ERROR - 2026-03-03 16:11:31,062 - Worker_1] Status code == 403 for https://noticias.uol.com.br/ultimas-noticias/agencia-estado/2023/07/06/threads-nova-rede-do-instagram-atrai-politicos-de-todos-os-campos.htm, skipping...
[ERROR - 2026-03-03 16:11:34,568 - Worker_0] Status code == 403 for https://noticias.uol.com.br/colunas/chico-alves/2023/07/06/maior-afronta-ao-pacto-federativo-diz-caiado-sobre-reforma-tributaria.htm, skipping...
[ERROR - 2026-03-03 16:11:41,728 - Worker_1] Status code == 403 for https://noticias.uol.com.br/internacional/ultimas-noticias/2023/07/05/patologista-acha-tesouro-de-r-26-mi-em-intestino-de-baleia-na-espanha.htm, skipping...
[ERROR - 2026-03-03 16:11:45,077 - Worker_2] Status code == 403 for https://noticias.uol.com.br/colunas/thiago-herdy/2023/06/26/patrimonio-de-ministro-de-lula-cresce.htm, skipping...
[ERROR - 2026-03-03 16:11:45,648 - Worker_3] Status code == 403 for https://noticias.uol.com.br/cotidiano/ultimas-noticias/2023/07/06/porteiro-impede-entrada-de-falsos-policiais-em-predio-de-luxo-em-sp-veja.htm, skipping...
[ERROR - 2026-03-03 16:11:52,447 - Worker_4] Status code == 403 for https://noticias.uol.com.br/cotidiano/ultimas-noticias/2023/07/07/fab-encontra-aviao-desaparecido-umuarama-parana.htm, skipping...
[ERROR - 2026-03-03 16:11:55,259 - Worker_0] Status code == 403 for https://noticias.uol.com.br/politica/ultimas-noticias/2023/07/07/deputado-psd-fala-nome-deputados-pl-reforma-tributaria.htm, skipping...
[ERROR - 2026-03-03 16:11:56,549 - Worker_3] Status code == 403 for https://noticias.uol.com.br/cotidiano/ultimas-noticias/2023/07/07/aviao-parana-mortos.htm, skipping...
[ERROR - 2026-03-03 16:11:58,793 - Worker_4] Status code == 403 for https://noticias.uol.com.br/cotidiano/ultimas-noticias/2023/07/07/pai-de-escriva-encontrada-morta-denuncia-assedio-pela-policia-em-funeral.htm, skipping...
[ERROR - 2026-03-03 16:12:04,151 - Worker_1] Status code == 403 for https://noticias.uol.com.br/colunas/leonardo-sakamoto/2023/07/07/quaest-haddad-lira-e-lula-atropelam-bolsonaro-em-mencoes-sobre-a-reforma.htm, skipping...
[ERROR - 2026-03-03 16:12:08,249 - Worker_1] Status code == 403 for https://noticias.uol.com.br/politica/ultimas-noticias/2023/07/07/roberto-jefferson-nao-levanta-da-cama-chora-e-tem-alucinacoes-diz-revista.htm, skipping...
[ERROR - 2026-03-03 16:12:09,556 - Worker_4] Status code == 403 for https://noticias.uol.com.br/colunas/josias-de-souza/2023/07/07/convem-calibrar-o-oba-oba-da-reforma-tributaria.htm, skipping...
[ERROR - 2026-03-03 16:12:10,867 - Worker_2] Status code == 403 for https://noticias.uol.com.br/internacional/ultimas-noticias/2023/07/07/apos-falha-72-pessoas-ficam-presas-em-teleferico-no-equador.htm, skipping...
[ERROR - 2026-03-03 16:12:36,028 - Worker_4] Status code == 403 for https://tab.uol.com.br/colunas/matheus-pichonelli/2023/07/07/e-se-a-campanha-de-pablo-marcal-fosse-so-um-viral-para-vender-cursos.htm, skipping...
[ERROR - 2026-03-03 16:12:51,351 - Worker_0] Status code == 403 for https://tab.uol.com.br/noticias/redacao/2023/06/21/o-espiao-forrozeiro-as-microcasas-de-15-m-maratona-mortifera-e-mais.htm, skipping...
[ERROR - 2026-03-03 16:12:55,103 - Worker_1] Status code == 403 for https://tab.uol.com.br/noticias/redacao/2023/07/06/como-lampedusa-virou-simbolo-de-politica-anti-imigracao-italiana.htm, skipping...
[ERROR - 2026-03-03 16:13:12,211 - Worker_1] Status code == 403 for https://tab.uol.com.br/colunas/trombadas/2023/07/06/o-cerco-a-filippo-e-raffaella.htm, skipping...
[ERROR - 2026-03-03 16:13:33,937 - Worker_2] Status code == 403 for https://noticias.uol.com.br/colunas/balaio-do-kotscho/2023/07/07/pos-reforma-lula-e-lira-juntos-sao-imbativeis-e-bolsonaro-encolhe-mais.htm, skipping...
[ERROR - 2026-03-03 16:13:35,331 - Worker_4] Status code == 403 for https://tab.uol.com.br/colunas/luiza-sahd/2023/07/05/maria-rita-e-elis-regina-dilemas-eticos-envolvendo-ia-estao-so-comecando.htm, skipping...
[ERROR - 2026-03-03 16:13:35,624 - Worker_1] Status code == 403 for https://noticias.uol.com.br/ultimas-noticias/redacao/2023/06/23/artistas-ganham-premios-em-cannes-com-tecnologia-e-critica-ao-racismo.htm, skipping...
[ERROR - 2026-03-03 16:13:35,978 - Worker_0] Status code == 403 for https://noticias.uol.com.br/colunas/chico-alves/2023/07/06/lira-e-lula-saem-vencedores-com-reforma-e-bolsonaro-e-o-grande-derrotado.htm, skipping...
[ERROR - 2026-03-03 16:13:39,728 - Worker_1] Status code == 403 for https://noticias.uol.com.br/internacional/ultimas-noticias/2023/07/05/patologista-acha-tesouro-de-r-26-mi-em-intestino-de-baleia-na-espanha.htm, skipping...
[ERROR - 2026-03-03 16:13:40,264 - Worker_3] Status code == 403 for https://noticias.uol.com.br/politica/ultimas-noticias/2023/07/07/lira-diz-que-falou-com-bolsonaro-sobre-tarcisio-amigo-a-ser-preservado.htm, skipping...
[ERROR - 2026-03-03 16:13:45,165 - Worker_0] Status code == 403 for https://noticias.uol.com.br/cotidiano/ultimas-noticias/2023/07/07/o-que-monique-medeiros-ja-falou-sobre-caso-henry.htm, skipping...
[ERROR - 2026-03-03 16:13:49,410 - Worker_0] Status code == 403 for https://noticias.uol.com.br/colunas/thiago-herdy/2023/06/26/patrimonio-de-ministro-de-lula-cresce.htm, skipping...
[ERROR - 2026-03-03 16:13:53,551 - Worker_0] Status code == 403 for https://noticias.uol.com.br/ultimas-noticias/agencia-estado/2023/07/09/desabamento-no-grande-recife-pulamos-com-os-meninos-nos-bracos.htm, skipping...
[ERROR - 2026-03-03 16:13:58,932 - Worker_1] Status code == 403 for https://noticias.uol.com.br/politica/ultimas-noticias/2023/07/08/carlos-bolsonaro-critica-partido.htm, skipping...
[ERROR - 2026-03-03 16:14:14,097 - Worker_3] Status code == 403 for https://tab.uol.com.br/colunas/matheus-pichonelli/2023/07/09/ferias-escolares-sao-perrengue-mas-devemos-registrar-frustracao-nas-redes.htm, skipping...
[ERROR - 2026-03-03 16:14:21,114 - Worker_1] Status code == 403 for https://noticias.uol.com.br/cotidiano/ultimas-noticias/2023/07/09/crianca-de-12-anos-e-morta-com-tiro-de-fuzil-na-baixada-fluminense.htm, skipping...
[ERROR - 2026-03-03 16:14:25,230 - Worker_1] Status code == 403 for https://noticias.uol.com.br/colunas/chico-alves/2023/07/09/justica-pune-quem-furta-pacote-de-macarrao-e-deixa-impune-roubo-de-bilhoes.htm, skipping...
[ERROR - 2026-03-03 16:14:34,343 - Worker_4] Status code == 403 for https://noticias.uol.com.br/politica/ultimas-noticias/2023/07/09/prefeita-atalaia-al.htm, skipping...
[ERROR - 2026-03-03 16:14:36,695 - Worker_2] Status code == 403 for https://noticias.uol.com.br/colunas/fernanda-magnotta/2023/07/09/politica-morde-e-assopra-na-relacao-eua-china-tem-novo-capitulo.htm, skipping...
[ERROR - 2026-03-03 16:14:41,065 - Worker_2] Status code == 403 for https://noticias.uol.com.br/colunas/josias-de-souza/2023/07/09/lula-tera-que-arbitrar-disputa-entre-centrao-e-janja.htm, skipping...
[ERROR - 2026-03-03 16:14:46,794 - Worker_0] Status code == 403 for https://noticias.uol.com.br/colunas/jamil-chade/2023/07/09/carta-aos-intolerantes-seus-muros-so-refletem-seus-medos.htm, skipping...
[ERROR - 2026-03-03 16:14:56,087 - Worker_2] Status code == 403 for https://tab.uol.com.br/noticias/redacao/2023/06/21/o-espiao-forrozeiro-as-microcasas-de-15-m-maratona-mortifera-e-mais.htm, skipping...
[ERROR - 2026-03-03 16:14:57,845 - Worker_1] Status code == 403 for https://tab.uol.com.br/noticias/redacao/2023/07/06/como-lampedusa-virou-simbolo-de-politica-anti-imigracao-italiana.htm, skipping...
[ERROR - 2026-03-03 16:15:03,615 - Worker_0] Status code == 403 for https://noticias.uol.com.br/internacional/ultimas-noticias/2023/07/09/passageiros-submersivel-perceberam-implosao-um-minuto.htm, skipping...
[ERROR - 2026-03-03 16:15:06,546 - Worker_1] Status code == 403 for https://tab.uol.com.br/noticias/redacao/2023/07/08/nunca-passei-tanto-frio-por-que-casas-no-brasil-nao-tem-conforto-termico.htm, skipping...
[ERROR - 2026-03-03 16:15:10,300 - Worker_0] Status code == 403 for https://noticias.uol.com.br/cotidiano/ultimas-noticias/2023/07/09/homem-morre-baleado-ao-ser-confundido-com-javali-em-cacada-em-sp.htm, skipping...
[ERROR - 2026-03-03 16:15:13,746 - Worker_2] Status code == 403 for https://noticias.uol.com.br/politica/ultimas-noticias/2023/07/09/formalizar-parlamento-amazonico-ajudaria-a-trazer-recurso-diz-senador.htm, skipping...
[ERROR - 2026-03-03 16:15:14,193 - Worker_4] Status code == 403 for https://noticias.uol.com.br/internacional/ultimas-noticias/2023/07/09/motorista-atropela-moto.htm, skipping...
[ERROR - 2026-03-03 16:15:15,754 - Worker_1] Status code == 403 for https://noticias.uol.com.br/cotidiano/ultimas-noticias/2023/07/09/como-estao-gemeas-siameses-ruth-e-ruthiellen-20-anos-apos-a-separacao.htm, skipping...
[ERROR - 2026-03-03 16:15:17,008 - Worker_0] Status code == 403 for https://noticias.uol.com.br/colunas/pra-comecar-a-semana/2023/07/09/mensagens-do-celular-de-mauro-cid-voltam-a-pauta-cpi-deve-ouvi-lo-na-terca.htm, skipping...
[ERROR - 2026-03-03 16:15:18,121 - Worker_2] Status code == 403 for https://noticias.uol.com.br/politica/ultimas-noticias/2023/07/09/bolsonaro-publica-foto-tarcisio.htm, skipping...
[ERROR - 2026-03-03 16:15:18,563 - Worker_4] Status code == 403 for https://noticias.uol.com.br/cotidiano/ultimas-noticias/2023/07/08/influenciador-rocinha-rocky-cria.htm, skipping...
[ERROR - 2026-03-03 16:15:19,220 - Worker_3] Status code == 403 for https://noticias.uol.com.br/colunas/walter-maierovitch/2023/07/09/guerra-na-ucrania-russia-populacao-alto-risco-biden.htm, skipping...
[ERROR - 2026-03-03 16:15:26,331 - Worker_0] Status code == 403 for https://noticias.uol.com.br/cotidiano/ultimas-noticias/2023/07/09/no-rio-rua-da-morte-registrou-mais-mortes-do-que-a-zona-sul-em-2023.htm, skipping...
[ERROR - 2026-03-03 16:15:31,761 - Worker_2] Status code == 403 for https://noticias.uol.com.br/colunas/leonardo-sakamoto/2023/07/09/morte-de-petista-que-inaugurou-violencia-bolsonarista-na-eleicao-faz-um-ano.htm, skipping...
[ERROR - 2026-03-03 16:15:35,851 - Worker_3] Status code == 403 for https://noticias.uol.com.br/cotidiano/ultimas-noticias/2023/07/09/mulheres-agredidas-suspeito-trabalha-delegacia-para.htm, skipping...
[ERROR - 2026-03-03 16:15:38,916 - Worker_0] Status code == 403 for https://noticias.uol.com.br/cotidiano/ultimas-noticias/2023/07/09/desabrigados-chuvas-alagoas.htm, skipping...
[ERROR - 2026-03-03 16:15:40,714 - Worker_4] Status code == 403 for https://noticias.uol.com.br/cotidiano/ultimas-noticias/2023/07/09/stf-stj-acoes-furto-comida-itens-necessidade.htm, skipping...
[ERROR - 2026-03-03 16:15:41,245 - Worker_2] Status code == 403 for https://tab.uol.com.br/colunas/luiza-sahd/2023/07/05/maria-rita-e-elis-regina-dilemas-eticos-envolvendo-ia-estao-so-comecando.htm, skipping...
[ERROR - 2026-03-03 16:15:43,875 - Worker_1] Status code == 403 for https://noticias.uol.com.br/ultimas-noticias/redacao/2023/06/23/artistas-ganham-premios-em-cannes-com-tecnologia-e-critica-ao-racismo.htm, skipping...
[ERROR - 2026-03-03 16:15:49,875 - Worker_0] Status code == 403 for https://noticias.uol.com.br/cotidiano/ultimas-noticias/2023/07/09/adolescente-morte-bahia.htm, skipping...
[ERROR - 2026-03-03 16:15:54,693 - Worker_2] Status code == 403 for https://noticias.uol.com.br/colunas/thiago-herdy/2023/06/26/patrimonio-de-ministro-de-lula-cresce.htm, skipping...
[ERROR - 2026-03-03 16:16:00,112 - Worker_3] Status code == 403 for https://noticias.uol.com.br/politica/ultimas-noticias/2023/07/10/barraco-no-pl-deputados-se-acusam-de-corrupcao-e-homicidio-no-grupo-do-zap.htm, skipping...
[ERROR - 2026-03-03 16:16:04,632 - Worker_2] Status code == 403 for https://noticias.uol.com.br/colunas/carolina-brigido/2023/07/10/tcu-adia-conclusao-de-pente-fino-em-presentes-de-bolsonaro.htm, skipping...
[ERROR - 2026-03-03 16:16:09,126 - Worker_3] Status code == 403 for https://noticias.uol.com.br/cotidiano/ultimas-noticias/2023/07/10/homem-e-preso-por-matar-a-sogra-com-40-facadas-e-tentar-assassinar-enteada.htm, skipping...
[ERROR - 2026-03-03 16:16:18,081 - Worker_3] Status code == 403 for https://noticias.uol.com.br/politica/ultimas-noticias/2023/07/10/governador-do-mt-barganha-do-uniao-brasil-com-governo-lulanaofazsentido.htm, skipping...
[ERROR - 2026-03-03 16:16:22,468 - Worker_4] Status code == 403 for https://noticias.uol.com.br/cotidiano/ultimas-noticias/2023/07/10/fontes-radioativas-de-cesio-137-furtadas-de-mineradora-sao-recuperadas.htm, skipping...
[ERROR - 2026-03-03 16:16:26,850 - Worker_1] Status code == 403 for https://noticias.uol.com.br/cotidiano/ultimas-noticias/2023/07/10/homem-aranha-da-graca-e-preso-por-roubar-bicicleta-na-bahia.htm, skipping...
[ERROR - 2026-03-03 16:16:31,226 - Worker_1] Status code == 403 for https://noticias.uol.com.br/colunas/carla-araujo/2023/07/10/negociacao-com-centrao-deve-tirar-espaco-do-pt-lula-aprova-troca-na-caixa.htm, skipping...
[ERROR - 2026-03-03 16:16:34,527 - Worker_3] Status code == 403 for https://noticias.uol.com.br/politica/ultimas-noticias/2023/07/10/gilmar-mendes-stf-desarquiva-governo-bolsonaro-pandemia-pgr.htm, skipping...
[ERROR - 2026-03-03 16:16:46,486 - Worker_1] Status code == 403 for https://noticias.uol.com.br/politica/ultimas-noticias/2023/07/10/abandono-de-bolsonaro-e-acusacao-de-esposa-o-que-mauro-cid-ouvira-na-cpi.htm, skipping...
[ERROR - 2026-03-03 16:16:49,325 - Worker_4] Status code == 403 for https://noticias.uol.com.br/cotidiano/ultimas-noticias/2023/07/10/perdi-todos-os-sinais-jovem-conta-como-foi-atingida-por-pedra-no-es.htm, skipping...
[ERROR - 2026-03-03 16:16:50,528 - Worker_2] Status code == 403 for https://noticias.uol.com.br/cotidiano/ultimas-noticias/2023/07/10/zoologico-de-sp-ataque-hacker-pornografia.htm, skipping...
[ERROR - 2026-03-03 16:16:51,448 - Worker_0] Status code == 403 for https://noticias.uol.com.br/ultimas-noticias/afp/2023/07/10/mulher-volta-para-casa-apos-6-meses-e-encontra-cadaver-emparedado.htm, skipping...
[ERROR - 2026-03-03 16:16:54,637 - Worker_2] Status code == 403 for https://noticias.uol.com.br/colunas/reinaldo-azevedo/2023/07/10/o-violao-de-haddad-ou-o-ato-pro-armas-de-dudu-em-um-vida-no-outro-morte.htm, skipping...
[ERROR - 2026-03-03 16:16:56,102 - Worker_0] Status code == 403 for https://tab.uol.com.br/noticias/redacao/2023/06/21/o-espiao-forrozeiro-as-microcasas-de-15-m-maratona-mortifera-e-mais.htm, skipping...
[ERROR - 2026-03-03 16:17:04,132 - Worker_2] Status code == 403 for https://tab.uol.com.br/noticias/redacao/2023/07/08/nunca-passei-tanto-frio-por-que-casas-no-brasil-nao-tem-conforto-termico.htm, skipping...
[ERROR - 2026-03-03 16:17:08,358 - Worker_4] Status code == 403 for https://tab.uol.com.br/noticias/redacao/2023/07/10/iogurteira-voz-tremula-e-ana-maria-braga-a-vida-de-aracy-da-top-therm.htm, skipping...
[ERROR - 2026-03-03 16:17:14,648 - Worker_3] Status code == 403 for https://noticias.uol.com.br/colunas/leonardo-sakamoto/2023/07/10/de-bolsonaro-a-lula-lojinha-segue-trocando-voto-por-maquinas-agricolas.htm, skipping...
[ERROR - 2026-03-03 16:17:17,801 - Worker_2] Status code == 403 for https://noticias.uol.com.br/cotidiano/ultimas-noticias/2023/07/09/no-rio-rua-da-morte-registrou-mais-mortes-do-que-a-zona-sul-em-2023.htm, skipping...
[ERROR - 2026-03-03 16:17:18,742 - Worker_3] Status code == 403 for https://noticias.uol.com.br/cotidiano/ultimas-noticias/2023/07/10/homem-cai-de-15-metros-ao-tirar-fotos-em-mirante-de-florianopolis.htm, skipping...
[ERROR - 2026-03-03 16:17:21,453 - Worker_1] Status code == 403 for https://noticias.uol.com.br/cotidiano/ultimas-noticias/2023/07/10/descoberta-gravidez-gemeas-goias.htm, skipping...
[ERROR - 2026-03-03 16:17:25,294 - Worker_0] Status code == 403 for https://noticias.uol.com.br/internacional/ultimas-noticias/2023/07/10/passageiros-brigam-em-voo-da-ryanair.htm, skipping...
[ERROR - 2026-03-03 16:17:26,048 - Worker_4] Status code == 403 for https://noticias.uol.com.br/cotidiano/ultimas-noticias/2023/07/10/policia-prende-foragido-que-participou-do-sequestro-irma-do-hulk.htm, skipping...
[ERROR - 2026-03-03 16:17:29,034 - Worker_2] Status code == 403 for https://noticias.uol.com.br/confere/ultimas-noticias/2023/07/10/governo-nao-bancara-homenagem-a-paulo-gustavo-em-show-de-beyonce-nos-eua.htm, skipping...
[ERROR - 2026-03-03 16:17:32,816 - Worker_1] Status code == 403 for https://noticias.uol.com.br/cotidiano/ultimas-noticias/2023/07/10/navio-policia-federal-africanos.htm, skipping...
[ERROR - 2026-03-03 16:17:39,324 - Worker_4] Status code == 403 for https://noticias.uol.com.br/ultimas-noticias/redacao/2023/06/23/artistas-ganham-premios-em-cannes-com-tecnologia-e-critica-ao-racismo.htm, skipping...
[ERROR - 2026-03-03 16:17:47,548 - Worker_3] Status code == 403 for https://noticias.uol.com.br/cotidiano/ultimas-noticias/2023/07/10/operacao-pf-traficante-jarvis-pavao.htm, skipping...
[ERROR - 2026-03-03 16:17:52,493 - Worker_4] Status code == 403 for https://noticias.uol.com.br/colunas/josias-de-souza/2023/07/10/codevasf-desafia-pregacao-de-lula-contra-criminalizacao-da-politica.htm, skipping...
[ERROR - 2026-03-03 16:17:56,622 - Worker_4] Status code == 403 for https://noticias.uol.com.br/colunas/thiago-herdy/2023/06/26/patrimonio-de-ministro-de-lula-cresce.htm, skipping...
[ERROR - 2026-03-03 16:17:59,054 - Worker_0] Status code == 403 for https://noticias.uol.com.br/colunas/balaio-do-kotscho/2023/07/11/sao-paulo-campeao-de-1957-no-meio-da-festa-choveu-garrafada-no-pacaembu.htm, skipping...
[ERROR - 2026-03-03 16:18:03,916 - Worker_3] Status code == 403 for https://noticias.uol.com.br/colunas/kennedy-alencar/2023/07/11/mauro-cid-fardado-mostra-que-fantasma-do-golpismo-continua-no-governo-lula.htm, skipping...
[ERROR - 2026-03-03 16:18:13,344 - Worker_0] Status code == 403 for https://noticias.uol.com.br/colunas/josias-de-souza/2023/07/11/surge-no-centrao-o-governismo-independente.htm, skipping...
[ERROR - 2026-03-03 16:18:13,630 - Worker_3] Status code == 403 for https://noticias.uol.com.br/colunas/jamil-chade/2023/07/11/stf-desarquivou-caso-de-bolsonaro-para-discutir-responsabilidade-penal.htm, skipping...
[ERROR - 2026-03-03 16:18:17,694 - Worker_0] Status code == 403 for https://noticias.uol.com.br/cotidiano/ultimas-noticias/2023/07/11/membro-pcc-preso-esquema-r-1-bilhao.htm, skipping...
[ERROR - 2026-03-03 16:18:19,892 - Worker_4] Status code == 403 for https://noticias.uol.com.br/cotidiano/ultimas-noticias/2023/07/11/suspeito-roubo.htm, skipping...
[ERROR - 2026-03-03 16:18:23,969 - Worker_1] Status code == 403 for https://noticias.uol.com.br/cotidiano/ultimas-noticias/2023/07/11/motoboys-atacam-casa-de-homem-no-rj-apos-entregador-ser-agredido.htm, skipping...
[ERROR - 2026-03-03 16:18:28,652 - Worker_1] Status code == 403 for https://tab.uol.com.br/colunas/matheus-pichonelli/2023/07/11/de-ia-a-youtuber-de-cemiterio-da-para-descansar-em-paz-apos-a-eternidade.htm, skipping...
[ERROR - 2026-03-03 16:18:57,852 - Worker_4] Status code == 403 for https://tab.uol.com.br/noticias/redacao/2023/06/21/o-espiao-forrozeiro-as-microcasas-de-15-m-maratona-mortifera-e-mais.htm, skipping...
[ERROR - 2026-03-03 16:19:04,378 - Worker_2] Status code == 403 for https://tab.uol.com.br/noticias/redacao/2023/07/08/nunca-passei-tanto-frio-por-que-casas-no-brasil-nao-tem-conforto-termico.htm, skipping...
[ERROR - 2026-03-03 16:19:06,601 - Worker_1] Status code == 403 for https://tab.uol.com.br/noticias/redacao/2023/07/10/iogurteira-voz-tremula-e-ana-maria-braga-a-vida-de-aracy-da-top-therm.htm, skipping...
[ERROR - 2026-03-03 16:20:11,802 - Worker_3] Status code == 403 for https://noticias.uol.com.br/cotidiano/ultimas-noticias/2023/07/14/policia-identifica-mulher-que-imitou-macaco-para-negras-em-shopping-de-sp.htm, skipping...
[ERROR - 2026-03-03 16:20:29,218 - Worker_4] Status code == 403 for https://noticias.uol.com.br/colunas/jamil-chade/2023/07/14/brasil-aprova-na-onu-resolucao-contra-racismo-abandonada-por-bolsonaro.htm, skipping...
[ERROR - 2026-03-03 16:20:30,469 - Worker_3] Status code == 403 for https://noticias.uol.com.br/colunas/madeleine-lacsko/2023/07/14/lula-sabe-que-discurso-da-representatividade-e-so-da-boca-para-fora.htm, skipping...
[ERROR - 2026-03-03 16:20:31,108 - Worker_1] Status code == 403 for https://noticias.uol.com.br/cotidiano/ultimas-noticias/2023/07/14/pf-prende-brasileiro-suspeito-matar-esposa-filha-japao.htm, skipping...
[ERROR - 2026-03-03 16:20:33,642 - Worker_4] Status code == 404 for https://www.uol.com.br/carros/noticias/redacao/2023/07/14/5-acessorios-que-brasileiro-adora-mas-nao-deveria-instalar-no-carro.htm, skipping...
[ERROR - 2026-03-03 16:20:35,498 - Worker_1] Status code == 403 for https://tab.uol.com.br/noticias/redacao/2023/07/14/tiro-na-melancia-racao-e-selva-conheca-o-curso-militar-para-jornalistas.htm, skipping...
[ERROR - 2026-03-03 16:20:39,144 - Worker_3] Status code == 403 for https://noticias.uol.com.br/ultimas-noticias/redacao/2023/07/07/resgatado-2-vezes-agora-ele-impede-que-outras-pessoas-sejam-escravizadas.htm, skipping...
[ERROR - 2026-03-03 16:20:39,964 - Worker_4] Status code == 403 for https://noticias.uol.com.br/colunas/josias-de-souza/2023/07/14/flerte-com-aras-mostra-que-lula-quer-escudo-nao-um-procurador.htm, skipping...
[ERROR - 2026-03-03 16:20:42,424 - Worker_1] Status code == 403 for https://noticias.uol.com.br/internacional/ultimas-noticias/2023/07/14/americana-leite-materno-doacao.htm, skipping...
[ERROR - 2026-03-03 16:20:42,433 - Worker_0] Status code == 403 for https://noticias.uol.com.br/politica/ultimas-noticias/2023/07/14/pichonelli-lula-criou-expectativa-por-representatividade-e-tira-corpo-fora.htm, skipping...
[ERROR - 2026-03-03 16:20:44,071 - Worker_4] Status code == 403 for https://noticias.uol.com.br/colunas/josias-de-souza/2023/07/14/lula-cutuca-o-feminismo-com-o-pe-para-verificar-se-ele-morde.htm, skipping...
[ERROR - 2026-03-03 16:20:50,529 - Worker_4] Status code == 403 for https://noticias.uol.com.br/colunas/balaio-do-kotscho/2023/07/14/tcu-pode-suspender-salario-de-40-mil-do-pl-para-bolsonaro-que-nos-pagamos.htm, skipping...
[ERROR - 2026-03-03 16:20:52,439 - Worker_2] Status code == 403 for https://noticias.uol.com.br/politica/ultimas-noticias/2023/07/14/machismo-afeta-atuacao-de-ministras-diz-nisia-trindade-somos-expostas.htm, skipping...
[ERROR - 2026-03-03 16:20:53,143 - Worker_0] Status code == 403 for https://noticias.uol.com.br/colunas/chico-alves/2023/07/14/barroso-se-excedeu-mas-fica-a-questao-existe-bolsonarismo-democratico.htm, skipping...
[ERROR - 2026-03-03 16:20:57,274 - Worker_0] Status code == 403 for https://noticias.uol.com.br/internacional/ultimas-noticias/2023/07/14/criancas-colombianas.htm, skipping...
[ERROR - 2026-03-03 16:21:01,322 - Worker_4] Status code == 403 for https://noticias.uol.com.br/politica/ultimas-noticias/2023/07/14/daniela-carneiro-ministerio-turismo-balanco-acoes.htm, skipping...
[ERROR - 2026-03-03 16:21:01,385 - Worker_0] Status code == 403 for https://tab.uol.com.br/noticias/redacao/2023/06/21/o-espiao-forrozeiro-as-microcasas-de-15-m-maratona-mortifera-e-mais.htm, skipping...
[ERROR - 2026-03-03 16:21:02,532 - Worker_1] Status code == 403 for https://noticias.uol.com.br/colunas/reinaldo-azevedo/2023/07/14/rogerio-marinho-farsa-do-avo-chora-e-se-oferece-para-liderar-extremistas.htm, skipping...
[ERROR - 2026-03-03 16:21:05,527 - Worker_0] Status code == 403 for https://noticias.uol.com.br/politica/ultimas-noticias/2023/07/14/lula-sanciona-novo-mais-medicos.htm, skipping...
[ERROR - 2026-03-03 16:21:07,705 - Worker_4] Status code == 403 for https://noticias.uol.com.br/cotidiano/ultimas-noticias/2023/07/14/visitantes-brinquedo-ponta-cabeca.htm, skipping...
[ERROR - 2026-03-03 16:21:17,578 - Worker_2] Status code == 403 for https://noticias.uol.com.br/cotidiano/ultimas-noticias/2023/07/14/policia-apreende-adolescente-investigado-estupros-virtuais-mg.htm, skipping...
[ERROR - 2026-03-03 16:21:53,836 - Worker_0] Status code == 403 for https://tab.uol.com.br/noticias/redacao/2023/07/14/ex-globo-e-record-quem-e-bruno-larrubia-suspeito-de-matar-jeff-machado.htm, skipping...
[ERROR - 2026-03-03 16:21:58,262 - Worker_0] Status code == 403 for https://noticias.uol.com.br/cotidiano/ultimas-noticias/2023/07/14/homem-e-preso-em-mg-apos-furtar-picanha-e-nutella-em-supermercado.htm, skipping...
[ERROR - 2026-03-03 16:21:59,526 - Worker_2] Status code == 403 for https://noticias.uol.com.br/colunas/thiago-herdy/2023/06/26/patrimonio-de-ministro-de-lula-cresce.htm, skipping...
[ERROR - 2026-03-03 16:21:59,553 - Worker_1] Status code == 403 for https://noticias.uol.com.br/politica/ultimas-noticias/2023/07/15/moraes-e-hostilizado-em-aeroporto-de-roma-bandido-comunista-e-comprado.htm, skipping...
[ERROR - 2026-03-03 16:22:03,899 - Worker_2] Status code == 403 for https://noticias.uol.com.br/cotidiano/ultimas-noticias/2023/07/14/aviao-pouso-forcado-rua-parana.htm, skipping...
[ERROR - 2026-03-03 16:22:03,909 - Worker_1] Status code == 403 for https://noticias.uol.com.br/politica/ultimas-noticias/2023/07/14/jean-wyllys-e-eduardo-leite.htm, skipping...
[ERROR - 2026-03-03 16:22:08,272 - Worker_2] Status code == 403 for https://noticias.uol.com.br/ultimas-noticias/2023/07/15/mega-sena-2611-concurso-numeros-sorteio-de-hoje-15-de-julho.htm, skipping...
[ERROR - 2026-03-03 16:22:12,765 - Worker_1] Status code == 403 for https://noticias.uol.com.br/cotidiano/ultimas-noticias/2023/07/15/jovem-internada-pimenta-cirurgia-angustia-mae.htm, skipping...
[ERROR - 2026-03-03 16:22:14,484 - Worker_3] Status code == 403 for https://noticias.uol.com.br/cotidiano/ultimas-noticias/2023/07/15/tiroteio-em-festa-julina-do-exercito-em-uberlandia.htm, skipping...
[ERROR - 2026-03-03 16:22:14,490 - Worker_4] Status code == 403 for https://noticias.uol.com.br/saude/ultimas-noticias/redacao/2023/07/15/sao-paulo-vai-fechar-maternidade-de-referencia-no-atendimento-de-prematuros.htm, skipping...
[ERROR - 2026-03-03 16:22:18,600 - Worker_3] Status code == 403 for https://noticias.uol.com.br/ultimas-noticias/afp/2023/07/15/russia-afirma-que-impediu-atentados-contra-duas-personalidades.htm, skipping...
[ERROR - 2026-03-03 16:22:25,718 - Worker_3] Status code == 403 for https://tab.uol.com.br/noticias/redacao/2023/07/14/tiro-na-melancia-racao-e-selva-conheca-o-curso-militar-para-jornalistas.htm, skipping...
[ERROR - 2026-03-03 16:22:27,516 - Worker_4] Status code == 403 for https://noticias.uol.com.br/ultimas-noticias/redacao/2023/07/07/resgatado-2-vezes-agora-ele-impede-que-outras-pessoas-sejam-escravizadas.htm, skipping...
[ERROR - 2026-03-03 16:22:44,094 - Worker_2] Status code == 403 for https://noticias.uol.com.br/cotidiano/ultimas-noticias/2023/07/15/defesa-vitimas-racismo-shopping-cotia-sao-paulo.htm, skipping...
[ERROR - 2026-03-03 16:22:47,497 - Worker_1] Status code == 403 for https://tab.uol.com.br/noticias/redacao/2023/06/21/o-espiao-forrozeiro-as-microcasas-de-15-m-maratona-mortifera-e-mais.htm, skipping...
[ERROR - 2026-03-03 16:23:07,236 - Worker_4] Status code == 403 for https://noticias.uol.com.br/internacional/ultimas-noticias/2023/07/15/quem-era-natalia-bochkareva-filha-de-aliado-de-putin-morta-na-russia.htm, skipping...
[ERROR - 2026-03-03 16:23:08,193 - Worker_1] Status code == 403 for https://noticias.uol.com.br/ultimas-noticias/agencia-estado/2023/07/15/gilmar-mendes-diz-que-deltan-dallagnol-ja-pode-fundar-uma-igreja-apos-chuva-de-pix.htm, skipping...
[ERROR - 2026-03-03 16:23:08,409 - Worker_2] Status code == 403 for https://noticias.uol.com.br/cotidiano/ultimas-noticias/2023/07/15/frio-fim-de-semana.htm, skipping...
[ERROR - 2026-03-03 16:23:10,780 - Worker_3] Status code == 403 for https://noticias.uol.com.br/ultimas-noticias/reuters/2023/07/15/ela-tem-47-anos-e-anorexica-e-quer-ajuda-para-morrer-o-canada-permitira-isso-em-breve.htm, skipping...
[ERROR - 2026-03-03 16:23:14,924 - Worker_1] Status code == 403 for https://noticias.uol.com.br/colunas/leonardo-sakamoto/2023/07/15/bolsonarismo-sairia-de-divorcio-com-pl-com-uma-mao-na-frente-e-outra-atras.htm, skipping...
[ERROR - 2026-03-03 16:23:15,619 - Worker_4] Status code == 403 for https://noticias.uol.com.br/politica/ultimas-noticias/2023/07/15/governistas-se-solidarizam-com-moraes-apos-ataque-fanaticos-fascistas.htm, skipping...
[ERROR - 2026-03-03 16:23:23,848 - Worker_3] Status code == 403 for https://noticias.uol.com.br/ultimas-noticias/agencia-estado/2023/07/15/bolsonaro-e-recebido-por-apoiadores-em-goiania-sou-o-ex-mais-amado-do-brasil-diz.htm, skipping...
[ERROR - 2026-03-03 16:23:26,949 - Worker_2] Status code == 403 for https://noticias.uol.com.br/ultimas-noticias/afp/2023/07/15/eua-europa-e-china-enfrentam-ondas-de-calor-extremas.htm, skipping...
[ERROR - 2026-03-03 16:23:28,030 - Worker_3] Status code == 403 for https://tab.uol.com.br/noticias/aba-anonima/2023/07/11/ele-gemia-em-servio-eu-em-portugues-uma-aventura-num-cruzeiro-europeu.htm, skipping...
[ERROR - 2026-03-03 16:23:34,322 - Worker_3] Status code == 403 for https://noticias.uol.com.br/colunas/andre-santana/2023/07/15/na-bahia-o-abolicionismo-de-angela-davis-conhece-a-prisao-injusta-de-oxala.htm, skipping...
[ERROR - 2026-03-03 16:23:36,906 - Worker_4] Status code == 403 for https://noticias.uol.com.br/colunas/chico-alves/2023/07/15/a-inutil-polemica-das-escolas-civico-militares-em-cinco-fake-news.htm, skipping...
[ERROR - 2026-03-03 16:23:40,280 - Worker_1] Status code == 403 for https://tab.uol.com.br/noticias/redacao/2023/07/14/ex-globo-e-record-quem-e-bruno-larrubia-suspeito-de-matar-jeff-machado.htm, skipping...
[ERROR - 2026-03-03 16:23:41,026 - Worker_4] Status code == 403 for https://noticias.uol.com.br/colunas/josmar-jozino/2023/07/15/policia-apura-se-o-pcc-induziu-um-de-seus-lideres-a-cometer-suicidio-em-sp.htm, skipping...
[ERROR - 2026-03-03 16:23:44,171 - Worker_0] Status code == 403 for https://noticias.uol.com.br/colunas/thiago-herdy/2023/06/26/patrimonio-de-ministro-de-lula-cresce.htm, skipping...
[ERROR - 2026-03-03 16:23:44,387 - Worker_1] Status code == 403 for https://noticias.uol.com.br/politica/ultimas-noticias/2023/07/15/moraes-e-hostilizado-em-aeroporto-de-roma-bandido-comunista-e-comprado.htm, skipping...
[ERROR - 2026-03-03 16:23:58,817 - Worker_4] Status code == 403 for https://noticias.uol.com.br/cotidiano/ultimas-noticias/2023/07/16/incendio-aldeia-conda.htm, skipping...
[ERROR - 2026-03-03 16:23:59,740 - Worker_1] Status code == 403 for https://noticias.uol.com.br/ultimas-noticias/agencia-estado/2023/07/16/cidade-de-sao-paulo-registra-temperatura-minima-de-5c-veja-a-previsao-do-tempo.htm, skipping...
[ERROR - 2026-03-03 16:24:03,851 - Worker_1] Status code == 403 for https://noticias.uol.com.br/colunas/chico-alves/2023/07/16/ataque-a-moraes-mostra-que-81-nao-acabou-diz-pesquisador-do-bolsonarismo.htm, skipping...
[ERROR - 2026-03-03 16:24:12,010 - Worker_4] Status code == 403 for https://noticias.uol.com.br/ultimas-noticias/afp/2023/07/16/britanica-afirma-ter-identificado-jack-o-estripador.htm, skipping...
[ERROR - 2026-03-03 16:24:12,019 - Worker_2] Status code == 403 for https://noticias.uol.com.br/ultimas-noticias/redacao/2023/07/07/resgatado-2-vezes-agora-ele-impede-que-outras-pessoas-sejam-escravizadas.htm, skipping...
[ERROR - 2026-03-03 16:24:25,826 - Worker_3] Status code == 403 for https://noticias.uol.com.br/colunas/reinaldo-azevedo/2023/07/16/ataque-a-moraes-e-nova-lei-contra-agressores-e-mais-lagrimas-de-crocodilo.htm, skipping...
[ERROR - 2026-03-03 16:24:27,012 - Worker_4] Status code == 403 for https://noticias.uol.com.br/colunas/balaio-do-kotscho/2023/07/16/com-mesmo-elenco-dorival-e-torcida-fazem-o-sao-paulo-ser-grande-outra-vez.htm, skipping...
[ERROR - 2026-03-03 16:24:28,152 - Worker_1] Status code == 403 for https://noticias.uol.com.br/ultimas-noticias/afp/2023/07/16/mexico-registra-segundo-assassinato-de-jornalista-em-uma-semana.htm, skipping...
[ERROR - 2026-03-03 16:24:32,252 - Worker_1] Status code == 403 for https://noticias.uol.com.br/politica/ultimas-noticias/2023/07/16/michele-protese-pl.htm, skipping...
[ERROR - 2026-03-03 16:24:34,245 - Worker_2] Status code == 403 for https://noticias.uol.com.br/colunas/jamil-chade/2023/07/16/em-cupula-com-lula-europa-quer-espaco-perdido-para-china-na-america-latina.htm, skipping...
[ERROR - 2026-03-03 16:24:38,427 - Worker_2] Status code == 403 for https://tab.uol.com.br/noticias/redacao/2023/06/21/o-espiao-forrozeiro-as-microcasas-de-15-m-maratona-mortifera-e-mais.htm, skipping...
[ERROR - 2026-03-03 16:24:38,443 - Worker_0] Status code == 403 for https://noticias.uol.com.br/ultimas-noticias/agencia-estado/2023/07/16/deltan-dallagnol-acusa-gilmar-de-intolerancia-religiosa-apos-ministro-ironizar-chuva-de-pix.htm, skipping...
[ERROR - 2026-03-03 16:24:42,552 - Worker_2] Status code == 403 for https://noticias.uol.com.br/cotidiano/ultimas-noticias/2023/07/16/funcionaria-limpeza-morre-atropelada-caminhao-congonhas.htm, skipping...
[ERROR - 2026-03-03 16:24:42,553 - Worker_0] Status code == 403 for https://tab.uol.com.br/noticias/redacao/2023/07/16/sem-ia-ex-empresario-traz-elis-de-volta-aos-28-anos-agora-no-cinema.htm, skipping...
[ERROR - 2026-03-03 16:24:45,503 - Worker_3] Status code == 404 for https://www.uol.com.br/ecoa/ultimas-noticias/2023/07/15/extinto-ha-70-anos-mais-um-guepardo-morre-na-india-durante-reintroducao.htm, skipping...
[ERROR - 2026-03-03 16:24:46,011 - Worker_1] Status code == 403 for https://tab.uol.com.br/colunas/matheus-pichonelli/2023/07/16/quantas-pessoas-voce-conhece-que-vivem-relacionamentos-como-o-de-gal-costa.htm, skipping...
[ERROR - 2026-03-03 16:24:46,660 - Worker_2] Status code == 403 for https://noticias.uol.com.br/colunas/jamil-chade/2023/07/16/carta-aos-escritores-nacionais-voces-constroem-nosso-futuro.htm, skipping...
[ERROR - 2026-03-03 16:24:47,371 - Worker_4] Status code == 403 for https://noticias.uol.com.br/internacional/ultimas-noticias/2023/07/16/ciclone-no-brasil-calor-na-europa-eventos-climaticos-da-semana.htm, skipping...
[ERROR - 2026-03-03 16:24:53,849 - Worker_1] Status code == 403 for https://tab.uol.com.br/noticias/redacao/2023/07/15/japao-pode-despejar-no-mar-a-agua-que-sobrou-da-usina-nuclear-de-fukushima.htm, skipping...
[ERROR - 2026-03-03 16:24:57,351 - Worker_3] Status code == 403 for https://noticias.uol.com.br/politica/ultimas-noticias/2023/07/16/suspeito-de-atacar-filho-de-moraes-diz-que-conteve-animos-de-jovem.htm, skipping...
[ERROR - 2026-03-03 16:25:01,047 - Worker_4] Status code == 403 for https://noticias.uol.com.br/politica/ultimas-noticias/2023/07/16/quanto-ganha-bolsonaro-hoje-em-dia.htm, skipping...
[ERROR - 2026-03-03 16:25:20,755 - Worker_3] Status code == 403 for https://noticias.uol.com.br/colunas/leonardo-sakamoto/2023/07/16/elite-bolsonarista-cre-que-grana-da-direito-de-agredir-moraes-e-democracia.htm, skipping...
[ERROR - 2026-03-03 16:25:24,653 - Worker_2] Status code == 403 for https://tab.uol.com.br/noticias/redacao/2023/07/14/ex-globo-e-record-quem-e-bruno-larrubia-suspeito-de-matar-jeff-machado.htm, skipping...
[ERROR - 2026-03-03 16:25:25,116 - Worker_3] Status code == 403 for https://noticias.uol.com.br/ultimas-noticias/agencia-estado/2023/07/16/equipe-do-samu-e-atacada-a-tiros-ao-atender-ferido-em-teresina.htm, skipping...
[ERROR - 2026-03-03 16:25:26,739 - Worker_1] Status code == 403 for https://noticias.uol.com.br/colunas/thiago-herdy/2023/06/26/patrimonio-de-ministro-de-lula-cresce.htm, skipping...
[ERROR - 2026-03-03 16:25:31,162 - Worker_1] Status code == 403 for https://noticias.uol.com.br/politica/ultimas-noticias/2023/07/17/stf-julgamento-carla-zambelli-perseguicao-arma.htm, skipping...
[ERROR - 2026-03-03 16:25:33,824 - Worker_3] Status code == 403 for https://noticias.uol.com.br/cotidiano/ultimas-noticias/2023/07/17/seu-prazo-esta-acabando-carteiro-some-apos-receber-mensagem-misteriosa.htm, skipping...
[ERROR - 2026-03-03 16:25:35,156 - Worker_0] Status code == 403 for https://noticias.uol.com.br/colunas/madeleine-lacsko/2023/07/17/pagamos-para-que-o-crime-compense-nas-forcas-armadas.htm, skipping...
[ERROR - 2026-03-03 16:25:52,154 - Worker_4] Status code == 403 for https://noticias.uol.com.br/internacional/ultimas-noticias/2023/07/17/mulher-e-presa-apos-ligar-2700-vezes-para-bombeiros-por-se-sentir-sozinha.htm, skipping...
[ERROR - 2026-03-03 16:25:54,234 - Worker_2] Status code == 403 for https://noticias.uol.com.br/ultimas-noticias/agencia-estado/2023/07/17/vi-o-navio-e-decidi-entrar-nigeriano-resgatado-narra-trajeto-de-14-dias-ate-o-brasil.htm, skipping...
[ERROR - 2026-03-03 16:26:02,557 - Worker_1] Status code == 403 for https://noticias.uol.com.br/ultimas-noticias/redacao/2023/07/07/resgatado-2-vezes-agora-ele-impede-que-outras-pessoas-sejam-escravizadas.htm, skipping...
[ERROR - 2026-03-03 16:26:05,743 - Worker_4] Status code == 403 for https://noticias.uol.com.br/meio-ambiente/ultimas-noticias/redacao/2023/07/17/duro-de-matar-qual-e-o-ser-vivo-mais-resistente-que-existe.htm, skipping...
[ERROR - 2026-03-03 16:26:14,433 - Worker_4] Status code == 403 for https://noticias.uol.com.br/confere/ultimas-noticias/2023/07/17/post-usa-video-de-2022-como-se-fosse-de-agressao-a-moraes-na-italia.htm, skipping...
[ERROR - 2026-03-03 16:26:16,390 - Worker_2] Status code == 403 for https://noticias.uol.com.br/cotidiano/ultimas-noticias/2023/07/17/suspeita-de-injuria-racial-foi-incriminada-de-forma-precipitada-diz-defesa.htm, skipping...
[ERROR - 2026-03-03 16:26:23,512 - Worker_1] Status code == 403 for https://noticias.uol.com.br/cotidiano/ultimas-noticias/2023/07/17/populacao-ergue-caminhao-para-socorrer-jovem-que-ficou-preso-apos-acidente.htm, skipping...
[ERROR - 2026-03-03 16:26:28,113 - Worker_0] Status code == 404 for https://www.uol.com.br/universa/noticias/redacao/2023/07/17/me-esganava-e-perguntava-ta-vadia-diz-ex-que-acusa-lira-de-estupro.htm, skipping...
[ERROR - 2026-03-03 16:26:30,604 - Worker_3] Status code == 403 for https://noticias.uol.com.br/cotidiano/ultimas-noticias/2023/07/17/cotia-racismo-mulher-imitou-macaco.htm, skipping...
[ERROR - 2026-03-03 16:26:32,274 - Worker_1] Status code == 403 for https://noticias.uol.com.br/politica/ultimas-noticias/2023/07/17/psol-pede-cassacao-de-zuco-e-salles-apos-discussao-com-samia-na-cpi-do-mst.htm, skipping...
[ERROR - 2026-03-03 16:26:34,702 - Worker_3] Status code == 403 for https://noticias.uol.com.br/colunas/jamil-chade/2023/07/16/guerra-na-ucrania-gera-impasse-em-cupula-entre-europa-e-america-latina.htm, skipping...
[ERROR - 2026-03-03 16:26:35,476 - Worker_4] Status code == 403 for https://tab.uol.com.br/noticias/redacao/2023/06/21/o-espiao-forrozeiro-as-microcasas-de-15-m-maratona-mortifera-e-mais.htm, skipping...
[ERROR - 2026-03-03 16:26:39,235 - Worker_1] Status code == 403 for https://tab.uol.com.br/noticias/redacao/2023/07/16/sem-ia-ex-empresario-traz-elis-de-volta-aos-28-anos-agora-no-cinema.htm, skipping...
[ERROR - 2026-03-03 16:26:40,460 - Worker_0] Status code == 403 for https://noticias.uol.com.br/ultimas-noticias/ansa/2023/07/17/italia-encaminha-processo-contra-turista-que-vandalizou-coliseu.htm, skipping...
[ERROR - 2026-03-03 16:26:43,800 - Worker_3] Status code == 403 for https://noticias.uol.com.br/politica/ultimas-noticias/2023/07/17/o-crime-compensa-os-privilegios-dos-militares-expulsos-das-forcas-armadas.htm, skipping...
[ERROR - 2026-03-03 16:26:54,229 - Worker_1] Status code == 403 for https://noticias.uol.com.br/politica/ultimas-noticias/2023/07/17/pf-pede-via-interpol-acesso-as-imagens-de-ataques-a-moraes.htm, skipping...
[ERROR - 2026-03-03 16:26:55,184 - Worker_3] Status code == 403 for https://tab.uol.com.br/noticias/redacao/2023/07/15/japao-pode-despejar-no-mar-a-agua-que-sobrou-da-usina-nuclear-de-fukushima.htm, skipping...
[ERROR - 2026-03-03 16:26:59,436 - Worker_3] Status code == 403 for https://noticias.uol.com.br/internacional/ultimas-noticias/2023/07/17/mulher-e-atingida-por-meteorito-enquanto-tomava-cafe-na-varanda-de-casa.htm, skipping...
[ERROR - 2026-03-03 16:27:21,788 - Worker_3] Status code == 403 for https://tab.uol.com.br/colunas/matheus-pichonelli/2023/07/17/como-dialogar-com-patriotas-que-agridem-autoridades-ate-em-aeroportos.htm, skipping...
[ERROR - 2026-03-03 16:27:28,291 - Worker_0] Status code == 403 for https://tab.uol.com.br/noticias/redacao/2023/07/14/ex-globo-e-record-quem-e-bruno-larrubia-suspeito-de-matar-jeff-machado.htm, skipping...
[ERROR - 2026-03-03 16:27:41,166 - Worker_3] Status code == 403 for https://noticias.uol.com.br/cotidiano/ultimas-noticias/2023/07/17/capitao-fab-prisao.htm, skipping...
[ERROR - 2026-03-03 16:27:45,524 - Worker_3] Status code == 403 for https://noticias.uol.com.br/colunas/josias-de-souza/2023/07/18/versao-dos-ofensores-de-moraes-e-gelatinosa-como-bolsonarismo.htm, skipping...
[ERROR - 2026-03-03 16:27:51,602 - Worker_4] Status code == 403 for https://noticias.uol.com.br/colunas/carlos-madeiro/2023/07/18/sem-achar-familia-homem-mora-ha-30-anos-em-urgencia-psiquiatrica-de-maceio.htm, skipping...
[ERROR - 2026-03-03 16:27:55,965 - Worker_4] Status code == 403 for https://noticias.uol.com.br/politica/ultimas-noticias/2023/07/18/depoimento-casal-suspeito-atacar-moraes.htm, skipping...
[ERROR - 2026-03-03 16:27:57,438 - Worker_3] Status code == 403 for https://noticias.uol.com.br/ultimas-noticias/ansa/2023/07/18/lula-diz-que-acordo-ue-mercosul-nao-sera-definido-em-bruxelas.htm, skipping...
[ERROR - 2026-03-03 16:28:03,413 - Worker_1] Status code == 403 for https://noticias.uol.com.br/ultimas-noticias/reuters/2023/07/18/taxas-de-vacinacao-infantil-comecam-a-se-recuperar-apos-pandemia---mas-nao-em-todos-os-lugares-diz-onu.htm, skipping...
[ERROR - 2026-03-03 16:28:04,444 - Worker_2] Status code == 403 for https://noticias.uol.com.br/ultimas-noticias/redacao/2023/07/07/resgatado-2-vezes-agora-ele-impede-que-outras-pessoas-sejam-escravizadas.htm, skipping...
[ERROR - 2026-03-03 16:28:12,039 - Worker_0] Status code == 403 for https://noticias.uol.com.br/internacional/ultimas-noticias/2023/07/18/menino-de-10-anos-fica-ferido-ao-ser-lancado-de-brinquedo-em-parque-nos-eua.htm, skipping...
[ERROR - 2026-03-03 16:28:12,039 - Worker_1] Status code == 403 for https://noticias.uol.com.br/colunas/leonardo-sakamoto/2023/07/18/promessa-de-lula-haddad-tem-desafio-de-colocar-o-rico-no-imposto-de-renda.htm, skipping...
[ERROR - 2026-03-03 16:28:13,552 - Worker_2] Status code == 403 for https://noticias.uol.com.br/colunas/jamil-chade/2023/07/18/lula-e-lideres-estrangeiros-propoem-acordo-para-eleicao-justa-na-venezuela.htm, skipping...
[ERROR - 2026-03-03 16:28:27,966 - Worker_2] Status code == 403 for https://noticias.uol.com.br/politica/ultimas-noticias/2023/07/18/deputado-do-pl-pede-que-yury-do-paredao-nao-seja-expulso-apos-foto-com-lula.htm, skipping...
[ERROR - 2026-03-03 16:28:28,246 - Worker_0] Status code == 403 for https://tab.uol.com.br/noticias/redacao/2023/07/18/orgulho-de-amar-nucleo-lgbtqia-se-desliga-da-lagoinha-de-andre-valadao.htm, skipping...
[ERROR - 2026-03-03 16:28:29,487 - Worker_4] Status code == 403 for https://noticias.uol.com.br/cotidiano/ultimas-noticias/2023/07/18/acidente-onibus-e-trem-supervia-18-de-julho.htm, skipping...
[ERROR - 2026-03-03 16:28:32,363 - Worker_0] Status code == 403 for https://noticias.uol.com.br/colunas/josmar-jozino/2023/07/18/policia-apura-se-briga-de-casal-motivou-a-morte-de-filho-de-juiz-em-ms.htm, skipping...
[ERROR - 2026-03-03 16:28:37,609 - Worker_3] Status code == 403 for https://noticias.uol.com.br/colunas/chico-alves/2023/07/17/pastor-que-organizava-motociatas-elogia-baixa-de-precos-e-critica-bolsonaro.htm, skipping...
[ERROR - 2026-03-03 16:28:42,801 - Worker_4] Status code == 403 for https://tab.uol.com.br/noticias/redacao/2023/06/21/o-espiao-forrozeiro-as-microcasas-de-15-m-maratona-mortifera-e-mais.htm, skipping...
[ERROR - 2026-03-03 16:29:03,326 - Worker_2] Status code == 403 for https://tab.uol.com.br/noticias/redacao/2023/07/17/operario-da-dramaturgia-quem-e-lucas-paraizo-autor-da-serie-os-outros.htm, skipping...
[ERROR - 2026-03-03 16:29:27,384 - Worker_4] Status code == 403 for https://tab.uol.com.br/noticias/redacao/2023/07/14/ex-globo-e-record-quem-e-bruno-larrubia-suspeito-de-matar-jeff-machado.htm, skipping...
[ERROR - 2026-03-03 16:29:50,889 - Worker_2] Status code == 403 for https://noticias.uol.com.br/ultimas-noticias/agencia-brasil/2023/07/19/chance-de-adolescentes-negros-serem-abordados-pela-policia-e-maior.htm, skipping...
[ERROR - 2026-03-03 16:29:54,976 - Worker_2] Status code == 403 for https://noticias.uol.com.br/colunas/carlos-madeiro/2023/07/19/relato-tia-vitimas-afogamento-maragogi.htm, skipping...
[ERROR - 2026-03-03 16:30:03,318 - Worker_3] Status code == 403 for https://noticias.uol.com.br/colunas/carlos-madeiro/2023/07/19/empate-em-votacao-no-tj-absolve-lira-de-acusacao-de-desvio-de-verba-em-al.htm, skipping...
[ERROR - 2026-03-03 16:30:05,081 - Worker_0] Status code == 403 for https://noticias.uol.com.br/politica/ultimas-noticias/2023/07/19/joseli-parente-camelo-presidente-stm-uol-entrevista.htm, skipping...
[ERROR - 2026-03-03 16:30:11,325 - Worker_1] Status code == 403 for https://noticias.uol.com.br/ultimas-noticias/redacao/2023/07/07/resgatado-2-vezes-agora-ele-impede-que-outras-pessoas-sejam-escravizadas.htm, skipping...
[ERROR - 2026-03-03 16:30:14,110 - Worker_0] Status code == 403 for https://noticias.uol.com.br/colunas/jose-roberto-de-toledo/2023/07/19/familia-de-morto-vivo-militar-merece-tanta-protecao-quanto-qualquer-outra.htm, skipping...
[ERROR - 2026-03-03 16:30:17,866 - Worker_1] Status code == 403 for https://noticias.uol.com.br/colunas/leonardo-sakamoto/2023/07/19/colegas-ja-tratam-moro-como-ex-senador-em-atividade-candidaturas-abundam.htm, skipping...
[ERROR - 2026-03-03 16:30:18,022 - Worker_4] Status code == 403 for https://noticias.uol.com.br/politica/ultimas-noticias/2023/07/19/lula-se-expressou-mal-mas-nao-errou-em-fala-sobre-africa-diz-jose-vicente.htm, skipping...
[ERROR - 2026-03-03 16:30:33,021 - Worker_2] Status code == 403 for https://tab.uol.com.br/noticias/redacao/2023/06/21/o-espiao-forrozeiro-as-microcasas-de-15-m-maratona-mortifera-e-mais.htm, skipping...
[ERROR - 2026-03-03 16:30:40,331 - Worker_4] Status code == 403 for https://noticias.uol.com.br/internacional/ultimas-noticias/2023/07/19/ataque-em-auckland-nova-zelandia-descarta-risco-a-seguranca-nacional.htm, skipping...
[ERROR - 2026-03-03 16:30:43,154 - Worker_0] Status code == 403 for https://noticias.uol.com.br/cotidiano/ultimas-noticias/2023/07/19/preso-morte-descarga-eletrica-sao-paulo.htm, skipping...
[ERROR - 2026-03-03 16:30:43,480 - Worker_1] Status code == 403 for https://noticias.uol.com.br/politica/ultimas-noticias/2023/07/17/o-crime-compensa-os-privilegios-dos-militares-expulsos-das-forcas-armadas.htm, skipping...
[ERROR - 2026-03-03 16:30:44,051 - Worker_2] Status code == 403 for https://tab.uol.com.br/noticias/redacao/2023/07/16/chefoes-fieis-pms-encontram-ate-arca-da-alianca-em-mansao-de-traficante.htm, skipping...
[ERROR - 2026-03-03 16:30:47,590 - Worker_1] Status code == 403 for https://tab.uol.com.br/noticias/redacao/2023/07/19/cuckolding-as-dinamicas-de-ser-corno-por-fetiche.htm, skipping...
[ERROR - 2026-03-03 16:30:56,676 - Worker_4] Status code == 403 for https://noticias.uol.com.br/colunas/chico-alves/2023/07/19/estou-sendo-ameacado-diz-organizador-de-motociatas-que-criticou-bolsonaro.htm, skipping...
[ERROR - 2026-03-03 16:31:00,770 - Worker_4] Status code == 403 for https://noticias.uol.com.br/colunas/balaio-do-kotscho/2023/07/19/com-tantos-bolsonaristas-soltos-por-ai-fica-dificil-pacificar-o-pais.htm, skipping...
[ERROR - 2026-03-03 16:31:03,118 - Worker_1] Status code == 403 for https://noticias.uol.com.br/colunas/madeleine-lacsko/2023/07/19/como-definiremos-quem-sao-os-animais-selvagens-que-lula-pretende-extirpar.htm, skipping...
[ERROR - 2026-03-03 16:31:08,219 - Worker_0] Status code == 403 for https://noticias.uol.com.br/ultimas-noticias/rfi/2023/07/19/censura-ou-proibicao-por-que-o-filme-barbie-esta-causando-polemica-no-sudeste-asiatico.htm, skipping...
[ERROR - 2026-03-03 16:31:12,670 - Worker_0] Status code == 403 for https://noticias.uol.com.br/colunas/josmar-jozino/2023/07/19/gangue-da-pedrada-que-roubou-neto-levou-r-278-mil-de-vitimas-em-5-ataques.htm, skipping...
[ERROR - 2026-03-03 16:31:15,857 - Worker_3] Status code == 403 for https://noticias.uol.com.br/politica/ultimas-noticias/2023/07/19/advogado-suspeitos-agressao-alexandre-de-moraes.htm, skipping...
[ERROR - 2026-03-03 16:31:19,044 - Worker_4] Status code == 403 for https://noticias.uol.com.br/cotidiano/ultimas-noticias/2023/07/19/crianca-denuncia-primo-por-estupro-em-mg-apos-assistir-a-programa-de-tv.htm, skipping...
[ERROR - 2026-03-03 16:31:20,021 - Worker_3] Status code == 403 for https://tab.uol.com.br/noticias/redacao/2023/07/14/ex-globo-e-record-quem-e-bruno-larrubia-suspeito-de-matar-jeff-machado.htm, skipping...
[ERROR - 2026-03-03 16:31:23,493 - Worker_4] Status code == 403 for https://noticias.uol.com.br/cotidiano/ultimas-noticias/2023/07/19/video-criminosos-aplicativo-maranhao.htm, skipping...
[ERROR - 2026-03-03 16:31:24,406 - Worker_3] Status code == 403 for https://noticias.uol.com.br/colunas/camilo-vannuchi/2023/07/20/a-mosca-na-sopa-e-a-algazarra-para-indicar-uma-mulher-para-o-stf.htm, skipping...
[ERROR - 2026-03-03 16:31:32,020 - Worker_4] Status code == 403 for https://noticias.uol.com.br/cotidiano/ultimas-noticias/2023/07/20/policia-civil-prende-suspeito-de-tentar-invadir-condominio-em-sp.htm, skipping...
[ERROR - 2026-03-03 16:31:36,271 - Worker_1] Status code == 403 for https://noticias.uol.com.br/internacional/ultimas-noticias/2023/07/20/agentes-dos-eua-foram-orientados-a-empurrarem-criancas-imigrantes-em-rio.htm, skipping...
[ERROR - 2026-03-03 16:31:40,655 - Worker_1] Status code == 403 for https://noticias.uol.com.br/internacional/ultimas-noticias/2023/07/20/gerente-do-burger-king-e-presa-sob-acusacao-de-servir-batatas-do-lixo.htm, skipping...
[ERROR - 2026-03-03 16:31:42,987 - Worker_4] Status code == 403 for https://noticias.uol.com.br/colunas/balaio-do-kotscho/2023/07/19/com-tantos-bolsonaristas-soltos-por-ai-fica-dificil-pacificar-o-pais.htm, skipping...
[ERROR - 2026-03-03 16:31:50,355 - Worker_2] Status code == 403 for https://noticias.uol.com.br/cotidiano/ultimas-noticias/2023/07/20/o-que-e-o-redemoinho-no-mar-que-causou-morte-de-irmaos-em-maragogi.htm, skipping...
[ERROR - 2026-03-03 16:31:50,961 - Worker_3] Status code == 403 for https://noticias.uol.com.br/colunas/jamil-chade/2023/07/20/lava-jato-tratou-em-sigilo-com-eua-divisao-de-dinheiro-cobrado-da-petrobras.htm, skipping...
[ERROR - 2026-03-03 16:31:55,710 - Worker_0] Status code == 403 for https://noticias.uol.com.br/cotidiano/ultimas-noticias/2023/07/20/vereador-vira-reu-por-feminicidio-de-jovem-de-25-anos-gravida-dele-na-ba.htm, skipping...
[ERROR - 2026-03-03 16:31:56,478 - Worker_4] Status code == 403 for https://economia.uol.com.br/noticias/redacao/2023/07/20/embraer-anuncia-1-fabrica-de-carro-voador-no-interior-de-sao-paulo.htm, skipping...
[ERROR - 2026-03-03 16:31:58,801 - Worker_2] Status code == 403 for https://noticias.uol.com.br/ultimas-noticias/redacao/2023/07/07/resgatado-2-vezes-agora-ele-impede-que-outras-pessoas-sejam-escravizadas.htm, skipping...
[ERROR - 2026-03-03 16:32:02,838 - Worker_3] Status code == 403 for https://economia.uol.com.br/noticias/redacao/2023/07/20/minha-casa-minha-vida-vai-atender-a-classe-media-veja-limites-de-renda.htm, skipping...
[ERROR - 2026-03-03 16:32:02,850 - Worker_4] Status code == 403 for https://noticias.uol.com.br/cotidiano/ultimas-noticias/2023/07/20/chumbinho-colega-pr.htm, skipping...
[ERROR - 2026-03-03 16:32:02,895 - Worker_2] Status code == 403 for https://noticias.uol.com.br/politica/ultimas-noticias/2023/07/20/mp-arquivamento-acao-mauro-cid-silencio-cpmi.htm, skipping...
[ERROR - 2026-03-03 16:32:06,950 - Worker_4] Status code == 403 for https://economia.uol.com.br/noticias/redacao/2023/07/17/semana-de-4-dias-satisfeitos-criam-mais-diz-empresa-com-35-mil-patentes.htm, skipping...
[ERROR - 2026-03-03 16:32:10,022 - Worker_3] Status code == 403 for https://noticias.uol.com.br/cotidiano/ultimas-noticias/2023/07/20/policia-resgata-mulher-mantida-em-carcere-pela-familia-durante-20-anos.htm, skipping...
[ERROR - 2026-03-03 16:32:11,502 - Worker_4] Status code == 403 for https://tab.uol.com.br/colunas/matheus-pichonelli/2023/07/20/chat-fora-do-ar-o-que-explica-o-chorume-dos-meninos-na-estreia-da-copa.htm, skipping...
[ERROR - 2026-03-03 16:32:12,129 - Worker_2] Status code == 403 for https://noticias.uol.com.br/cotidiano/ultimas-noticias/2023/07/20/homem-prisao-abuso-mg.htm, skipping...
[ERROR - 2026-03-03 16:32:14,381 - Worker_3] Status code == 403 for https://noticias.uol.com.br/cotidiano/ultimas-noticias/2023/07/20/modelo-gerente-afastamento.htm, skipping...
[ERROR - 2026-03-03 16:32:20,480 - Worker_4] Status code == 403 for https://tab.uol.com.br/noticias/redacao/2023/07/20/pornografia-tira-criatividade-sexologa-carioca-vira-sucesso-na-colombia.htm, skipping...
[ERROR - 2026-03-03 16:32:21,132 - Worker_2] Status code == 403 for https://noticias.uol.com.br/cotidiano/ultimas-noticias/2023/07/20/adolescente-buraco-bola-futebol-ceara.htm, skipping...
[ERROR - 2026-03-03 16:32:22,777 - Worker_3] Status code == 403 for https://noticias.uol.com.br/colunas/josias-de-souza/2023/07/20/jean-wyllys-causa-desconforto-ao-planalto-antes-de-ser-nomeado.htm, skipping...
[ERROR - 2026-03-03 16:32:24,874 - Worker_1] Status code == 403 for https://tab.uol.com.br/noticias/redacao/2023/06/21/o-espiao-forrozeiro-as-microcasas-de-15-m-maratona-mortifera-e-mais.htm, skipping...
[ERROR - 2026-03-03 16:32:28,564 - Worker_2] Status code == 403 for https://noticias.uol.com.br/politica/ultimas-noticias/2023/07/17/o-crime-compensa-os-privilegios-dos-militares-expulsos-das-forcas-armadas.htm, skipping...
[ERROR - 2026-03-03 16:32:29,362 - Worker_3] Status code == 403 for https://noticias.uol.com.br/cotidiano/ultimas-noticias/2023/07/20/nao-e-sp-nem-rio-capital-com-mais-homicidios-do-brasil-fica-no-norte.htm, skipping...
[ERROR - 2026-03-03 16:32:33,481 - Worker_3] Status code == 403 for https://tab.uol.com.br/noticias/redacao/2023/07/19/cuckolding-as-dinamicas-de-ser-corno-por-fetiche.htm, skipping...
[ERROR - 2026-03-03 16:32:36,066 - Worker_1] Status code == 403 for https://noticias.uol.com.br/cotidiano/ultimas-noticias/2023/07/20/homem-leva-tiro-apos-se-esconder-de-ladrao-em-comercio-de-pinheiros.htm, skipping...
[ERROR - 2026-03-03 16:32:38,308 - Worker_2] Status code == 403 for https://noticias.uol.com.br/politica/ultimas-noticias/2023/07/20/paulo-pimenta-ministerio-vaga-jean-wyllys-governo-lula.htm, skipping...
[ERROR - 2026-03-03 16:32:45,688 - Worker_1] Status code == 403 for https://noticias.uol.com.br/cotidiano/ultimas-noticias/2023/07/20/idosos-esmagados-elevador-rs.htm, skipping...
[ERROR - 2026-03-03 16:32:47,298 - Worker_3] Status code == 403 for https://noticias.uol.com.br/colunas/leonardo-sakamoto/2023/07/20/pela-1-vez-fiscalizacao-garante-carteira-assinada-a-profissionais-do-sexo.htm, skipping...
[ERROR - 2026-03-03 16:32:51,112 - Worker_2] Status code == 403 for https://noticias.uol.com.br/cotidiano/ultimas-noticias/2023/07/19/modelo-acusacao-sp.htm, skipping...
[ERROR - 2026-03-03 16:32:51,882 - Worker_0] Status code == 403 for https://noticias.uol.com.br/cotidiano/ultimas-noticias/2023/07/20/falsos-garis-pedem-dinheiro-em-maceio-prefeitura-emite-alerta.htm, skipping...
[ERROR - 2026-03-03 16:32:56,102 - Worker_3] Status code == 403 for https://noticias.uol.com.br/colunas/carla-araujo/2023/07/20/em-encontro-com-lula-lira-vai-dar-o-preco-do-apoio-do-centrao.htm, skipping...
[ERROR - 2026-03-03 16:33:02,976 - Worker_0] Status code == 403 for https://noticias.uol.com.br/colunas/josias-de-souza/2023/07/20/antes-da-agressao-moraes-pos-o-pe-no-negacionismo-bolsonarista.htm, skipping...
[ERROR - 2026-03-03 16:33:03,246 - Worker_1] Status code == 403 for https://economia.uol.com.br/noticias/redacao/2023/07/20/com-o-dolar-em-queda-vai-dar-para-viajar-para-a-disney-com-a-familia.htm, skipping...
[ERROR - 2026-03-03 16:33:08,357 - Worker_4] Status code == 403 for https://noticias.uol.com.br/politica/ultimas-noticias/2023/07/20/valdemar-costa-neto-expulsa-yury-do-paredao.htm, skipping...
[ERROR - 2026-03-03 16:33:15,199 - Worker_1] Status code == 403 for https://noticias.uol.com.br/internacional/ultimas-noticias/2023/07/20/peixe-do-juizo-final-gigante-e-flagrado-com-buracos-enigmaticos-em-taiwan.htm, skipping...
[ERROR - 2026-03-03 16:33:15,485 - Worker_3] Status code == 403 for https://noticias.uol.com.br/cotidiano/ultimas-noticias/2023/07/20/paes-mumificados-bahia.htm, skipping...
[ERROR - 2026-03-03 16:33:19,607 - Worker_1] Status code == 403 for https://economia.uol.com.br/noticias/redacao/2023/07/21/cgu-receita-federal-multa.htm, skipping...
[ERROR - 2026-03-03 16:33:20,886 - Worker_2] Status code == 403 for https://economia.uol.com.br/imposto-de-renda/noticias/redacao/2023/03/09/imposto-de-renda-2023-receita-libera-download-do-programa.htm, skipping...
[ERROR - 2026-03-03 16:33:23,596 - Worker_0] Status code == 403 for https://economia.uol.com.br/mais/colunas/silvio-crespo/2023/07/21/renda-passiva-investir-mil-reais-mes.htm, skipping...
[ERROR - 2026-03-03 16:33:28,438 - Worker_1] Status code == 403 for https://noticias.uol.com.br/ultimas-noticias/agencia-estado/2023/07/21/governo-tarcisio-adere-a-onda-barbie-e-lanca-campanha-cor-de-rosa.htm, skipping...
[ERROR - 2026-03-03 16:33:30,963 - Worker_0] Status code == 403 for https://noticias.uol.com.br/colunas/josias-de-souza/2023/07/21/passado-aconselha-lula-a-retirar-do-balcao-a-caixa-e-outros-cofres.htm, skipping...
[ERROR - 2026-03-03 16:33:39,556 - Worker_3] Status code == 403 for https://noticias.uol.com.br/cotidiano/ultimas-noticias/2023/07/21/medico-suspeito-estupro-goias.htm, skipping...
[ERROR - 2026-03-03 16:33:43,978 - Worker_3] Status code == 403 for https://noticias.uol.com.br/ultimas-noticias/redacao/2023/07/07/resgatado-2-vezes-agora-ele-impede-que-outras-pessoas-sejam-escravizadas.htm, skipping...
[ERROR - 2026-03-03 16:33:50,681 - Worker_1] Status code == 403 for https://noticias.uol.com.br/colunas/leonardo-sakamoto/2023/07/21/governo-do-pt-da-ba-copia-bolsonarismo-em-nota-sobre-violencia-policial.htm, skipping...
[ERROR - 2026-03-03 16:34:10,472 - Worker_0] Status code == 403 for https://noticias.uol.com.br/comprova/ultimas-noticias/2023/07/21/post-engana-ao-associar-ao-mst-plantacao-de-maconha-na-bahia.htm, skipping...
[ERROR - 2026-03-03 16:34:13,282 - Worker_1] Status code == 403 for https://tab.uol.com.br/noticias/redacao/2023/07/20/pornografia-tira-criatividade-sexologa-carioca-vira-sucesso-na-colombia.htm, skipping...
[ERROR - 2026-03-03 16:34:14,491 - Worker_4] Status code == 403 for https://noticias.uol.com.br/cotidiano/ultimas-noticias/2023/07/21/caso-rafaela-drumond-defesa-investigador.htm, skipping...
[ERROR - 2026-03-03 16:34:14,574 - Worker_0] Status code == 403 for https://noticias.uol.com.br/cotidiano/ultimas-noticias/2023/07/21/motociclista-sofre-corte-no-pescoco-por-linha-de-cerol-e-morre-em-sp.htm, skipping...
[ERROR - 2026-03-03 16:34:18,970 - Worker_0] Status code == 403 for https://tab.uol.com.br/noticias/redacao/2023/06/21/o-espiao-forrozeiro-as-microcasas-de-15-m-maratona-mortifera-e-mais.htm, skipping...
[ERROR - 2026-03-03 16:34:20,320 - Worker_3] Status code == 403 for https://noticias.uol.com.br/politica/ultimas-noticias/2023/07/21/mais-pop-dos-ministros-dino-causa-raiva-na-direita-e-ciume-na-esquerda.htm, skipping...
[ERROR - 2026-03-03 16:34:22,457 - Worker_2] Status code == 403 for https://noticias.uol.com.br/ultimas-noticias/ansa/2023/07/21/uso-do-nome-da-rainha-elizabeth-ii-sera-legalmente-protegido.htm, skipping...
[ERROR - 2026-03-03 16:34:27,447 - Worker_0] Status code == 403 for https://noticias.uol.com.br/politica/ultimas-noticias/2023/07/17/o-crime-compensa-os-privilegios-dos-militares-expulsos-das-forcas-armadas.htm, skipping...
[ERROR - 2026-03-03 16:34:28,385 - Worker_1] Status code == 403 for https://noticias.uol.com.br/ultimas-noticias/agencia-brasil/2023/07/21/rio-sistema-ferroviario-volta-a-operar-apos-mais-de-24-horas-parado.htm, skipping...
[ERROR - 2026-03-03 16:34:31,729 - Worker_3] Status code == 403 for https://noticias.uol.com.br/ultimas-noticias/afp/2023/07/21/acidente-de-caminhao-no-mexico-deixa-pelo-menos-6-mortos-e-53-feridos.htm, skipping...
[ERROR - 2026-03-03 16:34:34,021 - Worker_2] Status code == 403 for https://noticias.uol.com.br/colunas/aguirre-talento/2023/07/20/pf-prende-um-dos-lideres-do-81-em-evento-politico-no-rj.htm, skipping...
[ERROR - 2026-03-03 16:34:34,041 - Worker_0] Status code == 403 for https://tab.uol.com.br/noticias/redacao/2023/07/19/cuckolding-as-dinamicas-de-ser-corno-por-fetiche.htm, skipping...
[ERROR - 2026-03-03 16:34:36,818 - Worker_1] Status code == 403 for https://noticias.uol.com.br/politica/ultimas-noticias/2023/07/21/advogado-nega-video-confusao-moraes-tenha-edicao.htm, skipping...
[ERROR - 2026-03-03 16:34:38,120 - Worker_2] Status code == 403 for https://noticias.uol.com.br/colunas/reinaldo-azevedo/2023/07/21/falso-garantismo-ignora-ataque-ao-stf-e-flerta-com-a-zorra-institucional.htm, skipping...
[ERROR - 2026-03-03 16:34:38,141 - Worker_0] Status code == 403 for https://noticias.uol.com.br/ultimas-noticias/rfi/2023/07/21/amor-proibido-e-censura-o-que-ha-por-tras-do-misterioso-sumico-de-ministro-chines.htm, skipping...
[ERROR - 2026-03-03 16:34:45,506 - Worker_4] Status code == 403 for https://noticias.uol.com.br/cotidiano/ultimas-noticias/2023/07/21/medico-preso-por-abusar-de-11-mulheres-em-mg-usou-disfarce-para-fugir.htm, skipping...
[ERROR - 2026-03-03 16:34:51,184 - Worker_0] Status code == 403 for https://noticias.uol.com.br/politica/ultimas-noticias/2023/07/21/madeleine-lula-acena-as-policias-e-faz-melhor-discurso-aofalardearmas.htm, skipping...
[ERROR - 2026-03-03 16:34:55,295 - Worker_4] Status code == 403 for https://noticias.uol.com.br/politica/ultimas-noticias/2023/07/21/quem-e-diego-ventura-preso-pela-pf-sob-suspeita-de-liderar-invasao-de-81.htm, skipping...
[ERROR - 2026-03-03 16:34:57,051 - Worker_2] Status code == 403 for https://noticias.uol.com.br/politica/ultimas-noticias/2023/07/21/dino-brinca-e-compara-alckmin-a-fidel-por-tempo-como-governador-camarada.htm, skipping...
[ERROR - 2026-03-03 16:35:03,396 - Worker_2] Status code == 403 for https://noticias.uol.com.br/colunas/chico-alves/2023/07/21/coitados-golpistas-continuam-tramando-contra-a-democracia.htm, skipping...
[ERROR - 2026-03-03 16:35:16,739 - Worker_0] Status code == 403 for https://noticias.uol.com.br/ultimas-noticias/agencia-estado/2023/07/22/pai-e-madrasta-sao-presos-no-rio-acusados-de-espancar-ate-a-morte-uma-crianca-de-4-anos.htm, skipping...
[ERROR - 2026-03-03 16:35:17,170 - Worker_1] Status code == 403 for https://noticias.uol.com.br/colunas/josias-de-souza/2023/07/21/pacote-pro-democracia-completa-trabalho-iniciado-nas-urnas-de-2022.htm, skipping...
[ERROR - 2026-03-03 16:35:24,000 - Worker_3] Status code == 403 for https://noticias.uol.com.br/ultimas-noticias/deutschewelle/2023/07/22/milhares-sao-forcados-a-fugir-de-incendio-na-ilha-de-rodes.htm, skipping...
[ERROR - 2026-03-03 16:35:25,506 - Worker_1] Status code == 403 for https://noticias.uol.com.br/cotidiano/ultimas-noticias/2023/07/22/homem-esfaqueia-pessoas-bar-curitiba.htm, skipping...
[ERROR - 2026-03-03 16:35:28,450 - Worker_0] Status code == 403 for https://tab.uol.com.br/noticias/redacao/2023/07/21/a-onda-rosa-de-barbie.htm, skipping...
[ERROR - 2026-03-03 16:35:32,578 - Worker_0] Status code == 403 for https://noticias.uol.com.br/politica/ultimas-noticias/2023/07/22/inquerito-aponta-empresario-e-casal-de-pecuaristas-em-plano-da-bomba-no-df.htm, skipping...
[ERROR - 2026-03-03 16:35:34,205 - Worker_1] Status code == 403 for https://noticias.uol.com.br/ultimas-noticias/redacao/2023/07/07/resgatado-2-vezes-agora-ele-impede-que-outras-pessoas-sejam-escravizadas.htm, skipping...
[ERROR - 2026-03-03 16:35:37,425 - Worker_3] Status code == 403 for https://tab.uol.com.br/noticias/redacao/2023/07/22/o-viuvo-do-twitter-e-os-boys-dodois-que-amamos.htm, skipping...
[ERROR - 2026-03-03 16:35:48,231 - Worker_1] Status code == 403 for https://noticias.uol.com.br/ultimas-noticias/2023/07/22/mega-sena-concurso-2613-sorteio-22-de-julho.htm, skipping...
[ERROR - 2026-03-03 16:35:48,646 - Worker_3] Status code == 403 for https://noticias.uol.com.br/ultimas-noticias/agencia-estado/2023/07/22/mp-pede-remocao-de-post-em-que-jean-wyllys-chamou-eduardo-leite-de-gay-com-homofobia.htm, skipping...
[ERROR - 2026-03-03 16:35:52,561 - Worker_2] Status code == 403 for https://noticias.uol.com.br/colunas/chico-alves/2023/07/22/esse-aviao-passa-na-onu.htm, skipping...
[ERROR - 2026-03-03 16:35:53,116 - Worker_3] Status code == 403 for https://noticias.uol.com.br/colunas/carla-araujo/2023/07/22/guedes-se-afasta-de-bolsonaro-curte-rio-e-diz-que-politica-ficou-para-tras.htm, skipping...
[ERROR - 2026-03-03 16:35:54,142 - Worker_4] Status code == 403 for https://noticias.uol.com.br/cotidiano/ultimas-noticias/2023/07/22/assebleia-legislativa-roraima-tiro-estacionamento-servidor-assessor.htm, skipping...
[ERROR - 2026-03-03 16:35:58,492 - Worker_4] Status code == 403 for https://noticias.uol.com.br/colunas/carlos-madeiro/2023/07/22/idosa-tem-casa-colocada-em-leilao-apos-atrasar-parcelas-de-emprestimo-em-al.htm, skipping...
[ERROR - 2026-03-03 16:35:59,073 - Worker_1] Status code == 403 for https://tab.uol.com.br/noticias/redacao/2023/06/21/o-espiao-forrozeiro-as-microcasas-de-15-m-maratona-mortifera-e-mais.htm, skipping...
[ERROR - 2026-03-03 16:36:02,999 - Worker_3] Status code == 403 for https://noticias.uol.com.br/internacional/ultimas-noticias/2023/07/22/primeira-dama-do-df-e-furtada-em-barcelona.htm, skipping...
[ERROR - 2026-03-03 16:36:03,435 - Worker_1] Status code == 403 for https://noticias.uol.com.br/politica/ultimas-noticias/2023/07/21/mais-pop-dos-ministros-dino-causa-raiva-na-direita-e-ciume-na-esquerda.htm, skipping...
[ERROR - 2026-03-03 16:36:07,806 - Worker_1] Status code == 403 for https://noticias.uol.com.br/politica/ultimas-noticias/2023/07/17/o-crime-compensa-os-privilegios-dos-militares-expulsos-das-forcas-armadas.htm, skipping...
[ERROR - 2026-03-03 16:36:16,539 - Worker_4] Status code == 403 for https://noticias.uol.com.br/internacional/ultimas-noticias/2023/07/22/fortes-chuvas-causam-alagamentos-no-norte-da-italia.htm, skipping...
[ERROR - 2026-03-03 16:36:24,293 - Worker_3] Status code == 403 for https://noticias.uol.com.br/cotidiano/ultimas-noticias/2023/07/22/seguranca-carro-forte-tiro-acidental.htm, skipping...
[ERROR - 2026-03-03 16:36:34,594 - Worker_0] Status code == 403 for https://noticias.uol.com.br/cotidiano/ultimas-noticias/2023/07/22/pai-piloto-aviao-viagem-de-formatura.htm, skipping...
[ERROR - 2026-03-03 16:36:37,006 - Worker_1] Status code == 403 for https://noticias.uol.com.br/internacional/ultimas-noticias/2023/07/22/cano-de-agua-quente-estoura-deixa-mortos-feridos-shopping-moscou.htm, skipping...
[ERROR - 2026-03-03 16:36:40,277 - Worker_4] Status code == 403 for https://noticias.uol.com.br/cotidiano/ultimas-noticias/2023/07/22/execucao-tiros-carro-goiania.htm, skipping...
[ERROR - 2026-03-03 16:36:40,361 - Worker_3] Status code == 403 for https://noticias.uol.com.br/cotidiano/ultimas-noticias/2023/07/22/gerente-banco-preso-policia-federal-clonar-cartoes-aposentados-rio.htm, skipping...
[ERROR - 2026-03-03 16:36:49,014 - Worker_0] Status code == 403 for https://economia.uol.com.br/imposto-de-renda/noticias/redacao/2023/03/09/imposto-de-renda-2023-receita-libera-download-do-programa.htm, skipping...
[ERROR - 2026-03-03 16:36:53,394 - Worker_0] Status code == 403 for https://noticias.uol.com.br/colunas/balaio-do-kotscho/2023/07/23/de-volta-a-normalidade-o-pais-ve-oposicao-esfarelar-e-se-reduzir-a-nichos.htm, skipping...
[ERROR - 2026-03-03 16:36:58,012 - Worker_2] Status code == 403 for https://economia.uol.com.br/colunas/todos-a-bordo/2023/07/23/ryanair-assento-janela-ironia-passageiro-sarro.htm, skipping...
[ERROR - 2026-03-03 16:37:01,162 - Worker_3] Status code == 403 for https://noticias.uol.com.br/colunas/jose-roberto-de-toledo/2023/07/23/como-ossada-de-preguica-gigante-no-brasil-pode-mudar-historia-das-americas.htm, skipping...
[ERROR - 2026-03-03 16:37:05,354 - Worker_3] Status code == 403 for https://tab.uol.com.br/noticias/redacao/2023/07/21/a-onda-rosa-de-barbie.htm, skipping...
[ERROR - 2026-03-03 16:37:07,331 - Worker_1] Status code == 403 for https://noticias.uol.com.br/colunas/fernanda-magnotta/2023/07/23/ucrania-novo-capitulo-beneficia-agro-brasileiro-mas-agrava-fome-no-mundo.htm, skipping...
[ERROR - 2026-03-03 16:37:07,506 - Worker_4] Status code == 403 for https://noticias.uol.com.br/ultimas-noticias/redacao/2023/07/07/resgatado-2-vezes-agora-ele-impede-que-outras-pessoas-sejam-escravizadas.htm, skipping...
[ERROR - 2026-03-03 16:37:11,615 - Worker_4] Status code == 403 for https://tab.uol.com.br/noticias/redacao/2023/07/22/o-viuvo-do-twitter-e-os-boys-dodois-que-amamos.htm, skipping...
[ERROR - 2026-03-03 16:37:15,799 - Worker_4] Status code == 403 for https://economia.uol.com.br/noticias/redacao/2023/07/17/semana-de-4-dias-satisfeitos-criam-mais-diz-empresa-com-35-mil-patentes.htm, skipping...
[ERROR - 2026-03-03 16:37:32,251 - Worker_2] Status code == 403 for https://noticias.uol.com.br/politica/ultimas-noticias/2023/07/23/lula-sao-bernardo-do-campo-sindicato-dos-mertalurgicos.htm, skipping...
[ERROR - 2026-03-03 16:37:35,509 - Worker_0] Status code == 403 for https://noticias.uol.com.br/colunas/pra-comecar-a-semana/2023/07/23/inelegivel-bolsonaro-prestigia-filiacoes-ao-pl-na-camara-de-sp.htm, skipping...
[ERROR - 2026-03-03 16:37:36,698 - Worker_2] Status code == 403 for https://tab.uol.com.br/noticias/redacao/2023/06/21/o-espiao-forrozeiro-as-microcasas-de-15-m-maratona-mortifera-e-mais.htm, skipping...
[ERROR - 2026-03-03 16:37:39,651 - Worker_0] Status code == 403 for https://noticias.uol.com.br/politica/ultimas-noticias/2023/07/21/mais-pop-dos-ministros-dino-causa-raiva-na-direita-e-ciume-na-esquerda.htm, skipping...
[ERROR - 2026-03-03 16:37:40,812 - Worker_2] Status code == 403 for https://noticias.uol.com.br/cotidiano/ultimas-noticias/2023/07/23/mulher-mata-outra-em-bar-apos-discussao-rede-social-minas-gerais.htm, skipping...
[ERROR - 2026-03-03 16:37:41,983 - Worker_4] Status code == 403 for https://noticias.uol.com.br/politica/ultimas-noticias/2023/07/17/o-crime-compensa-os-privilegios-dos-militares-expulsos-das-forcas-armadas.htm, skipping...
[ERROR - 2026-03-03 16:37:44,955 - Worker_2] Status code == 403 for https://noticias.uol.com.br/cotidiano/ultimas-noticias/2023/07/23/padre-airton-internacao.htm, skipping...
[ERROR - 2026-03-03 16:37:45,900 - Worker_1] Status code == 403 for https://economia.uol.com.br/noticias/redacao/2023/07/23/petz-tera-que-indenizar-funcionario-que-comprou-livros-para-cumprir-metas.htm, skipping...
[ERROR - 2026-03-03 16:37:46,082 - Worker_4] Status code == 403 for https://economia.uol.com.br/noticias/redacao/2023/07/23/picpay-vai-cobrar-mensalidade-de-contas-inativas.htm, skipping...
[ERROR - 2026-03-03 16:37:49,088 - Worker_2] Status code == 403 for https://noticias.uol.com.br/cotidiano/ultimas-noticias/2023/07/22/homem-mata-casal-no-pr-e-socorrista-que-prestava-atendimento-as-vitimas.htm, skipping...
[ERROR - 2026-03-03 16:37:51,559 - Worker_3] Status code == 403 for https://economia.uol.com.br/noticias/redacao/2023/07/23/duralex-o-que-aconteceu-com-as-loucas-de-vidro-marrom-inquebraveis.htm, skipping...
[ERROR - 2026-03-03 16:38:00,808 - Worker_0] Status code == 403 for https://noticias.uol.com.br/politica/ultimas-noticias/2023/07/23/metade-dos-juizes-do-pais-ganha-mais-do-que-os-ministros-do-stf.htm, skipping...
[ERROR - 2026-03-03 16:38:22,952 - Worker_2] Status code == 403 for https://noticias.uol.com.br/politica/ultimas-noticias/2023/07/24/goncalves-dias-habeas-corpus-depoimento-cpi-mst.htm, skipping...
[ERROR - 2026-03-03 16:38:26,157 - Worker_0] Status code == 403 for https://economia.uol.com.br/imposto-de-renda/noticias/redacao/2023/03/09/imposto-de-renda-2023-receita-libera-download-do-programa.htm, skipping...
[ERROR - 2026-03-03 16:38:30,516 - Worker_0] Status code == 403 for https://noticias.uol.com.br/colunas/carlos-madeiro/2023/07/24/morro-do-careca-vira-problema-publico-com-erosao-e-desabamentos-em-natal.htm, skipping...
[ERROR - 2026-03-03 16:38:36,385 - Worker_3] Status code == 403 for https://noticias.uol.com.br/internacional/ultimas-noticias/2023/07/24/idoso-morre-em-caminhada-horas-apos-entrevista-sobre-calor-extremo-nos-eua.htm, skipping...
[ERROR - 2026-03-03 16:38:41,921 - Worker_1] Status code == 403 for https://noticias.uol.com.br/cotidiano/ultimas-noticias/2023/07/24/crianca-morre-na-porta-de-casa-apos-ser-atingida-por-bala-perdida-na-ba.htm, skipping...
[ERROR - 2026-03-03 16:38:44,654 - Worker_4] Status code == 403 for https://noticias.uol.com.br/politica/ultimas-noticias/2023/07/24/moraes-presta-depoimento-policia-federal.htm?98232, skipping...
[ERROR - 2026-03-03 16:38:45,469 - Worker_3] Status code == 403 for https://tab.uol.com.br/colunas/michel-alcoforado/2023/07/22/a-barbie-voltou-o-que-explica-a-alucinacao-pelo-rosa.htm, skipping...
[ERROR - 2026-03-03 16:38:49,014 - Worker_4] Status code == 403 for https://noticias.uol.com.br/politica/ultimas-noticias/2023/07/24/caso-marielle-elcio-de-queiroz-delacao-premiada.htm, skipping...
[ERROR - 2026-03-03 16:38:50,360 - Worker_0] Status code == 403 for https://noticias.uol.com.br/internacional/ultimas-noticias/2023/07/24/crianca-presa-carro-vidro.htm, skipping...
[ERROR - 2026-03-03 16:38:50,537 - Worker_1] Status code == 403 for https://noticias.uol.com.br/ultimas-noticias/redacao/2023/07/07/resgatado-2-vezes-agora-ele-impede-que-outras-pessoas-sejam-escravizadas.htm, skipping...
[ERROR - 2026-03-03 16:38:56,555 - Worker_2] Status code == 403 for https://noticias.uol.com.br/colunas/reinaldo-azevedo/2023/07/24/moraes-roma-jornalista-que-ve-so-caso-pessoal-vomita-na-propria-profissao.htm, skipping...
[ERROR - 2026-03-03 16:38:58,122 - Worker_3] Status code == 403 for https://noticias.uol.com.br/cotidiano/ultimas-noticias/2023/07/24/nutricionista-tem-nariz-quebrado-apos-ser-agredida-na-rua-por-desconhecido.htm, skipping...
[ERROR - 2026-03-03 16:39:09,221 - Worker_1] Status code == 403 for https://noticias.uol.com.br/colunas/josmar-jozino/2023/07/24/numero-1-do-pcc-nas-ruas-esta-entre-os-10-mais-procurados-do-brasil-diz-mp.htm, skipping...
[ERROR - 2026-03-03 16:39:13,625 - Worker_1] Status code == 403 for https://noticias.uol.com.br/cotidiano/ultimas-noticias/2023/07/24/elcio-assumiu-que-participou-do-assassinato-de-marielle-com-lessa-diz-dino.htm, skipping...
[ERROR - 2026-03-03 16:39:20,512 - Worker_4] Status code == 403 for https://noticias.uol.com.br/politica/ultimas-noticias/2023/07/24/defesa-mantem-versao-de-que-lessa-nao-participou-de-morte-de-marielle.htm, skipping...
[ERROR - 2026-03-03 16:39:22,267 - Worker_1] Status code == 403 for https://noticias.uol.com.br/cotidiano/ultimas-noticias/2023/07/24/tentativa-de-homicidio-diz-prefeito-agredido-a-pauladas-em-rua-do-rn.htm, skipping...
[ERROR - 2026-03-03 16:39:22,829 - Worker_3] Status code == 403 for https://tab.uol.com.br/noticias/redacao/2023/06/21/o-espiao-forrozeiro-as-microcasas-de-15-m-maratona-mortifera-e-mais.htm, skipping...
[ERROR - 2026-03-03 16:39:26,620 - Worker_1] Status code == 403 for https://noticias.uol.com.br/colunas/josias-de-souza/2023/07/24/delacao-do-caso-marielle-parece-por-ora-uma-feijoada-sem-carne.htm, skipping...
[ERROR - 2026-03-03 16:39:27,198 - Worker_3] Status code == 403 for https://noticias.uol.com.br/politica/ultimas-noticias/2023/07/21/mais-pop-dos-ministros-dino-causa-raiva-na-direita-e-ciume-na-esquerda.htm, skipping...
[ERROR - 2026-03-03 16:39:27,682 - Worker_2] Status code == 403 for https://noticias.uol.com.br/politica/ultimas-noticias/2023/07/24/josias-haddad-tenta-aprovar-o-maximo-antes-que-surja-escandalo-por-emendas.htm, skipping...
[ERROR - 2026-03-03 16:39:31,556 - Worker_3] Status code == 403 for https://noticias.uol.com.br/colunas/jamil-chade/2023/07/24/resposta-ao-caso-de-marielle-definira-credibilidade-do-brasil-no-mundo.htm, skipping...
[ERROR - 2026-03-03 16:39:32,350 - Worker_0] Status code == 403 for https://noticias.uol.com.br/politica/ultimas-noticias/2023/07/24/depoimentos-combinados-delacao-elcio-queiroz.htm, skipping...
[ERROR - 2026-03-03 16:39:40,325 - Worker_2] Status code == 403 for https://noticias.uol.com.br/politica/ultimas-noticias/2023/07/17/o-crime-compensa-os-privilegios-dos-militares-expulsos-das-forcas-armadas.htm, skipping...
[ERROR - 2026-03-03 16:39:41,101 - Worker_3] Status code == 403 for https://noticias.uol.com.br/politica/ultimas-noticias/2023/07/24/delacao-elcio-queiroz-descricao-tiros-em-marielle.htm, skipping...
[ERROR - 2026-03-03 16:39:47,772 - Worker_0] Status code == 403 for https://noticias.uol.com.br/ultimas-noticias/agencia-estado/2023/07/24/tempo-seco-poe-sp-em-atencao-e-rio-grande-do-sul-pode-ter-novo-ciclone-veja-previsao-do-tempo.htm, skipping...
[ERROR - 2026-03-03 16:39:51,647 - Worker_2] Status code == 403 for https://noticias.uol.com.br/colunas/juliana-dal-piva/2023/07/24/caso-marielle-pf-encontra-novas-provas-do-planejamento-do-assassinato.htm, skipping...
[ERROR - 2026-03-03 16:39:52,536 - Worker_1] Status code == 403 for https://noticias.uol.com.br/internacional/ultimas-noticias/2023/07/24/magnata-russo-e-achado-morto-no-escritorio-em-moscou-amigo-cita-homicidio.htm, skipping...
[ERROR - 2026-03-03 16:39:55,748 - Worker_2] Status code == 403 for https://noticias.uol.com.br/cotidiano/ultimas-noticias/2023/07/24/o-que-esta-por-tras-de-assassinato-de-casal-e-de-socorrista-no-pr.htm, skipping...
[ERROR - 2026-03-03 16:40:00,906 - Worker_2] Status code == 403 for https://noticias.uol.com.br/colunas/madeleine-lacsko/2023/07/24/o-que-lula-espera-que-a-alemanha-faca-sobre-o-caso-alexandre-de-moraes.htm, skipping...
[ERROR - 2026-03-03 16:40:02,123 - Worker_4] Status code == 403 for https://noticias.uol.com.br/colunas/jamil-chade/2023/07/24/apos-reportagem-do-uol-dino-aciona-pf-para-investigar-acordos-da-lava-jato.htm, skipping...
[ERROR - 2026-03-03 16:40:02,685 - Worker_3] Status code == 403 for https://noticias.uol.com.br/confere/ultimas-noticias/2023/07/24/video-em-que-jean-wyllys-critica-alexandre-de-moraes-e-de-2017.htm, skipping...
[ERROR - 2026-03-03 16:40:11,597 - Worker_0] Status code == 403 for https://noticias.uol.com.br/cotidiano/ultimas-noticias/2023/07/24/defesa-elcio-de-queiroz-deixa-caso-surpreendidos-delacao.htm, skipping...
[ERROR - 2026-03-03 16:40:15,748 - Worker_0] Status code == 403 for https://noticias.uol.com.br/politica/ultimas-noticias/2023/07/24/pgr-refaz-pedido-sobre-seguidores-de-bolsonaro-e-pede-dados-de-244-pessoas.htm, skipping...
[ERROR - 2026-03-03 16:40:16,560 - Worker_2] Status code == 403 for https://tab.uol.com.br/noticias/redacao/2023/07/23/ondas-de-calor-estao-destruindo-coloridos-campos-de-lavanda-na-franca.htm, skipping...
[ERROR - 2026-03-03 16:40:19,009 - Worker_3] Status code == 403 for https://noticias.uol.com.br/cotidiano/ultimas-noticias/2023/07/24/padre-preso-rio-de-janeiro.htm, skipping...
[ERROR - 2026-03-03 16:40:20,664 - Worker_2] Status code == 403 for https://noticias.uol.com.br/cotidiano/ultimas-noticias/2023/07/24/cracolandia-operacao-prende-18-apreendeu-111-gramas-de-droga.htm, skipping...
[ERROR - 2026-03-03 16:40:23,301 - Worker_4] Status code == 403 for https://noticias.uol.com.br/colunas/balaio-do-kotscho/2023/07/24/selecao-feminina-nao-e-so-das-mulheres-nao-vi-homens-na-torcida-brasileira.htm, skipping...
[ERROR - 2026-03-03 16:40:25,630 - Worker_0] Status code == 403 for https://noticias.uol.com.br/colunas/chico-alves/2023/07/25/witzel-investigacao-de-porteiro-de-bolsonaro-no-caso-marielle-foi-coacao.htm, skipping...
[ERROR - 2026-03-03 16:40:40,927 - Worker_2] Status code == 403 for https://noticias.uol.com.br/colunas/jamil-chade/2023/07/25/governo-fala-em-reparacao-e-verdade-a-indigenas-e-negros-em-campanha-na-onu.htm, skipping...
[ERROR - 2026-03-03 16:40:44,973 - Worker_3] Status code == 403 for https://tab.uol.com.br/colunas/michel-alcoforado/2023/07/22/a-barbie-voltou-o-que-explica-a-alucinacao-pelo-rosa.htm, skipping...
[ERROR - 2026-03-03 16:41:04,763 - Worker_1] Status code == 403 for https://tab.uol.com.br/noticias/redacao/2023/06/21/o-espiao-forrozeiro-as-microcasas-de-15-m-maratona-mortifera-e-mais.htm, skipping...
[ERROR - 2026-03-03 16:41:14,057 - Worker_1] Status code == 403 for https://noticias.uol.com.br/ultimas-noticias/afp/2023/07/25/aviao-bombardeiro-de-agua-que-combatia-incendios-cai-na-grecia.htm, skipping...
[ERROR - 2026-03-03 16:41:17,759 - Worker_4] Status code == 403 for https://noticias.uol.com.br/cotidiano/ultimas-noticias/2023/07/25/morte-calcada-mulher-santa-catarina.htm, skipping...
[ERROR - 2026-03-03 16:41:19,763 - Worker_0] Status code == 403 for https://noticias.uol.com.br/politica/ultimas-noticias/2023/07/17/o-crime-compensa-os-privilegios-dos-militares-expulsos-das-forcas-armadas.htm, skipping...
[ERROR - 2026-03-03 16:41:22,367 - Worker_3] Status code == 403 for https://noticias.uol.com.br/colunas/madeleine-lacsko/2023/07/25/barbie-feminista-e-o-triunfo-do-patriarcado-capitalista.htm, skipping...
[ERROR - 2026-03-03 16:41:24,468 - Worker_1] Status code == 403 for https://noticias.uol.com.br/politica/ultimas-noticias/2023/07/25/bolsonaro-holiday-filiacao-pl.htm, skipping...
[ERROR - 2026-03-03 16:41:31,515 - Worker_4] Status code == 403 for https://tab.uol.com.br/noticias/redacao/2023/07/24/disputas-por-que-o-ministro-silvio-almeida-virou-alvo-no-governo-lula.htm, skipping...
[ERROR - 2026-03-03 16:41:33,384 - Worker_3] Status code == 403 for https://tab.uol.com.br/colunas/matheus-pichonelli/2023/07/25/resposta-sobre-mandantes-do-caso-marielle-exige-elucidacao-de-outros-crimes.htm, skipping...
[ERROR - 2026-03-03 16:41:34,086 - Worker_2] Status code == 403 for https://noticias.uol.com.br/ultimas-noticias/ansa/2023/07/25/chef-da-familia-obama-morre-afogado-nos-estados-unidos.htm, skipping...
[ERROR - 2026-03-03 16:41:35,624 - Worker_4] Status code == 403 for https://noticias.uol.com.br/colunas/balaio-do-kotscho/2023/07/25/faltara-investigar-quem-acobertou-os-mandantes-do-assassinato-de-marielle.htm, skipping...
[ERROR - 2026-03-03 16:41:37,487 - Worker_3] Status code == 403 for https://noticias.uol.com.br/colunas/josias-de-souza/2023/07/25/bololo-do-caso-marielle-ganha-a-cereja-um-bombeiro-ostentacao.htm, skipping...
[ERROR - 2026-03-03 16:41:51,745 - Worker_1] Status code == 403 for https://noticias.uol.com.br/cotidiano/ultimas-noticias/2023/07/25/acusada-de-liderar-faccao-majestade-e-condenada-a-15-anos-de-prisao.htm, skipping...
[ERROR - 2026-03-03 16:41:55,855 - Worker_2] Status code == 403 for https://noticias.uol.com.br/cotidiano/ultimas-noticias/2023/07/25/mulher-e-presa-por-romper-testiculo-do-marido-ao-ver-mensagens-de-ex-em-go.htm, skipping...
[ERROR - 2026-03-03 16:42:02,472 - Worker_0] Status code == 403 for https://noticias.uol.com.br/colunas/josias-de-souza/2023/07/25/lira-sinaliza-para-lula-que-nao-tem-pressa-so-tem-demandas.htm, skipping...
[ERROR - 2026-03-03 16:42:13,976 - Worker_4] Status code == 403 for https://noticias.uol.com.br/internacional/ultimas-noticias/2023/07/25/designer-cai-de-penhasco-e-morre-momentos-apos-ser-pedida-em-casamento.htm, skipping...
[ERROR - 2026-03-03 16:42:33,495 - Worker_0] Status code == 403 for https://noticias.uol.com.br/colunas/josias-de-souza/2023/07/26/cotovelada-em-simone-tebet-envelhece-fator-democratico.htm, skipping...
[ERROR - 2026-03-03 16:42:42,710 - Worker_0] Status code == 403 for https://noticias.uol.com.br/politica/ultimas-noticias/2023/07/26/josias-fala-de-moraes-a-pf-torna-essencial-analisar-imagens-de-aeroporto.htm, skipping...
[ERROR - 2026-03-03 16:42:44,710 - Worker_2] Status code == 403 for https://noticias.uol.com.br/colunas/josmar-jozino/2023/07/26/sou-viciado-alega-medico-acusado-de-guardar-63-kg-de-cocaina-no-guaruja.htm, skipping...
[ERROR - 2026-03-03 16:42:44,900 - Worker_1] Status code == 403 for https://noticias.uol.com.br/ultimas-noticias/afp/2023/07/26/presidente-do-niger-e-detido-em-tentativa-de-golpe-de-estado.htm, skipping...
[ERROR - 2026-03-03 16:42:48,118 - Worker_3] Status code == 403 for https://tab.uol.com.br/colunas/michel-alcoforado/2023/07/22/a-barbie-voltou-o-que-explica-a-alucinacao-pelo-rosa.htm, skipping...
[ERROR - 2026-03-03 16:42:50,730 - Worker_0] Status code == 403 for https://noticias.uol.com.br/politica/ultimas-noticias/2023/07/26/pochmann-presidente-ibge-lula-pimenta.htm, skipping...
[ERROR - 2026-03-03 16:42:54,828 - Worker_0] Status code == 403 for https://noticias.uol.com.br/ultimas-noticias/redacao/2023/07/07/resgatado-2-vezes-agora-ele-impede-que-outras-pessoas-sejam-escravizadas.htm, skipping...
[ERROR - 2026-03-03 16:42:55,857 - Worker_2] Status code == 403 for https://noticias.uol.com.br/internacional/ultimas-noticias/2023/07/26/indiana-tem-cisto-de-15-cm-com-saco-de-bolinhas-retirado-da-cabeca.htm, skipping...
[ERROR - 2026-03-03 16:42:59,950 - Worker_2] Status code == 403 for https://noticias.uol.com.br/cotidiano/ultimas-noticias/2023/07/26/aviao-transportava-cocaina-interceptado.htm, skipping...
[ERROR - 2026-03-03 16:43:05,706 - Worker_0] Status code == 403 for https://noticias.uol.com.br/colunas/madeleine-lacsko/2023/07/26/kevin-spacey-e-inocente-quem-paga-a-conta-do-cancelamento.htm, skipping...
[ERROR - 2026-03-03 16:43:08,411 - Worker_3] Status code == 403 for https://tab.uol.com.br/noticias/redacao/2023/06/21/o-espiao-forrozeiro-as-microcasas-de-15-m-maratona-mortifera-e-mais.htm, skipping...
[ERROR - 2026-03-03 16:43:11,989 - Worker_4] Status code == 403 for https://noticias.uol.com.br/politica/ultimas-noticias/2023/07/26/imovel-de-lessa-vai-a-leilao-dinheiro-pode-indenizar-familia-de-marielle.htm, skipping...
[ERROR - 2026-03-03 16:43:19,533 - Worker_2] Status code == 403 for https://noticias.uol.com.br/politica/ultimas-noticias/2023/07/21/mais-pop-dos-ministros-dino-causa-raiva-na-direita-e-ciume-na-esquerda.htm, skipping...
[ERROR - 2026-03-03 16:43:20,824 - Worker_3] Status code == 403 for https://noticias.uol.com.br/cotidiano/ultimas-noticias/2023/07/26/mulher-com-alzheimer-deixa-bilhete-oculto-com-ultimo-desejo-para-sua-morte.htm, skipping...
[ERROR - 2026-03-03 16:43:27,107 - Worker_1] Status code == 403 for https://noticias.uol.com.br/politica/ultimas-noticias/2023/07/17/o-crime-compensa-os-privilegios-dos-militares-expulsos-das-forcas-armadas.htm, skipping...
[ERROR - 2026-03-03 16:43:30,028 - Worker_4] Status code == 403 for https://noticias.uol.com.br/colunas/leonardo-sakamoto/2023/07/25/bolsonaro-diz-que-sua-reforma-tributaria-zerou-imposto-de-jet-ski-e-veleiro.htm, skipping...
[ERROR - 2026-03-03 16:43:30,209 - Worker_3] Status code == 403 for https://noticias.uol.com.br/cotidiano/ultimas-noticias/2023/07/25/empresario-espirito-santo-morto-fio-ferro-passar-briga-durante-sexo.htm, skipping...
[ERROR - 2026-03-03 16:43:30,938 - Worker_2] Status code == 403 for https://noticias.uol.com.br/cotidiano/ultimas-noticias/2023/07/26/policial-rebeliao-presidio-acre.htm, skipping...
[ERROR - 2026-03-03 16:43:31,204 - Worker_1] Status code == 403 for https://noticias.uol.com.br/colunas/carlos-madeiro/2023/07/26/sem-demarcacao-de-terras-indigenas-invasoes-triplicaram-sob-bolsonaro.htm, skipping...
[ERROR - 2026-03-03 16:43:34,128 - Worker_4] Status code == 403 for https://noticias.uol.com.br/colunas/carlos-madeiro/2023/07/26/com-35-mil-mortes-era-bolsonaro-tem-35-mais-obitos-infantis-de-indigenas.htm, skipping...
[ERROR - 2026-03-03 16:43:39,458 - Worker_2] Status code == 403 for https://noticias.uol.com.br/colunas/leonardo-sakamoto/2023/07/26/decisao-de-alexandre-de-moraes-coibe-ataque-ao-povo-de-rua-diz-padre-julio.htm, skipping...
[ERROR - 2026-03-03 16:43:42,168 - Worker_3] Status code == 403 for https://tab.uol.com.br/noticias/redacao/2023/07/24/disputas-por-que-o-ministro-silvio-almeida-virou-alvo-no-governo-lula.htm, skipping...
[ERROR - 2026-03-03 16:43:50,391 - Worker_2] Status code == 403 for https://noticias.uol.com.br/colunas/balaio-do-kotscho/2023/07/25/faltara-investigar-quem-acobertou-os-mandantes-do-assassinato-de-marielle.htm, skipping...
[ERROR - 2026-03-03 16:43:50,548 - Worker_0] Status code == 403 for https://noticias.uol.com.br/cotidiano/ultimas-noticias/2023/07/26/influenciadora-e-modelo-suspeitos-dopar-torturar-com-macarico-homem-sp.htm, skipping...
[ERROR - 2026-03-03 16:43:57,331 - Worker_0] Status code == 403 for https://noticias.uol.com.br/colunas/jeferson-tenorio/2023/07/26/remocao-forcada-nas-ruas-e-violenta-e-paliativa.htm, skipping...
[ERROR - 2026-03-03 16:44:02,662 - Worker_1] Status code == 403 for https://noticias.uol.com.br/politica/ultimas-noticias/2023/07/26/isa-penna-depoimento-julgamento-fernando-cury.htm, skipping...
[ERROR - 2026-03-03 16:44:11,808 - Worker_1] Status code == 403 for https://noticias.uol.com.br/colunas/walter-maierovitch/2023/07/26/privilegio-odioso-caso-moraes-transita-fora-dos-limites-constitucionais.htm, skipping...
[ERROR - 2026-03-03 16:44:12,230 - Worker_3] Status code == 403 for https://noticias.uol.com.br/ultimas-noticias/afp/2023/07/26/ex-rapper-acusado-de-terrorismo-e-encontrado-morto-em-prisao-na-espanha.htm, skipping...
[ERROR - 2026-03-03 16:44:43,219 - Worker_1] Status code == 403 for https://noticias.uol.com.br/colunas/josias-de-souza/2023/07/27/lula-estima-que-chegara-ao-natal-em-triunfo-e-sem-dor-nos-quadris.htm, skipping...
[ERROR - 2026-03-03 16:44:44,277 - Worker_2] Status code == 403 for https://noticias.uol.com.br/ultimas-noticias/redacao/2023/07/07/resgatado-2-vezes-agora-ele-impede-que-outras-pessoas-sejam-escravizadas.htm, skipping...
[ERROR - 2026-03-03 16:44:47,323 - Worker_1] Status code == 403 for https://noticias.uol.com.br/internacional/ultimas-noticias/2023/07/27/mulher-parte-cranio-removida-sinusite.htm, skipping...
[ERROR - 2026-03-03 16:44:53,778 - Worker_3] Status code == 403 for https://noticias.uol.com.br/internacional/ultimas-noticias/2023/07/27/33-homens-sao-presos-em-sauna-gay-na-venezuela-acusados-de-ultraje-ao-pudor.htm, skipping...
[ERROR - 2026-03-03 16:44:54,585 - Worker_1] Status code == 403 for https://noticias.uol.com.br/ultimas-noticias/agencia-estado/2023/07/26/bolsonarista-investigado-por-ataque-a-pf-e-preso-ao-tentar-fugir-para-argentina.htm, skipping...
[ERROR - 2026-03-03 16:45:00,658 - Worker_4] Status code == 403 for https://tab.uol.com.br/noticias/redacao/2023/07/26/rap-e-direito-maira-pinheiro-a-advogada-de-acusacao-do-caso-prior.htm, skipping...
[ERROR - 2026-03-03 16:45:01,530 - Worker_0] Status code == 403 for https://noticias.uol.com.br/colunas/josias-de-souza/2023/07/27/ibge-tera-chefe-que-ve-o-pixcomo-um-boi-da-cara-preta-ianque.htm, skipping...
[ERROR - 2026-03-03 16:45:03,873 - Worker_3] Status code == 403 for https://noticias.uol.com.br/cotidiano/ultimas-noticias/2023/07/27/rapaz-sobe-morro-a-cavalo-para-nao-perder-audiencia-na-justica-em-mg.htm, skipping...
[ERROR - 2026-03-03 16:45:06,991 - Worker_4] Status code == 403 for https://tab.uol.com.br/noticias/redacao/2023/06/21/o-espiao-forrozeiro-as-microcasas-de-15-m-maratona-mortifera-e-mais.htm, skipping...
[ERROR - 2026-03-03 16:45:12,465 - Worker_3] Status code == 403 for https://noticias.uol.com.br/politica/ultimas-noticias/2023/07/21/mais-pop-dos-ministros-dino-causa-raiva-na-direita-e-ciume-na-esquerda.htm, skipping...
[ERROR - 2026-03-03 16:45:15,305 - Worker_1] Status code == 403 for https://noticias.uol.com.br/politica/ultimas-noticias/2023/07/27/couto-cid-tem-historia-parecida-com-a-do-queiroz-e-pode-implicar-bolsonaro.htm, skipping...
[ERROR - 2026-03-03 16:45:16,010 - Worker_4] Status code == 403 for https://noticias.uol.com.br/ultimas-noticias/agencia-estado/2023/07/27/pf-aproveitou-janela-de-oportunidade-para-elcio-delatar-diz-1-delegado-do-caso-marielle.htm, skipping...
[ERROR - 2026-03-03 16:45:16,240 - Worker_2] Status code == 403 for https://noticias.uol.com.br/internacional/ultimas-noticias/2023/07/27/adolescente-desaparecida-ha-4-anos-nos-eua-reaparece-em-delegacia.htm, skipping...
[ERROR - 2026-03-03 16:45:16,672 - Worker_0] Status code == 403 for https://noticias.uol.com.br/politica/ultimas-noticias/2023/07/17/o-crime-compensa-os-privilegios-dos-militares-expulsos-das-forcas-armadas.htm, skipping...
[ERROR - 2026-03-03 16:45:21,666 - Worker_1] Status code == 403 for https://noticias.uol.com.br/cotidiano/ultimas-noticias/2023/07/27/falso-taxista-preso-suspeita-golpes-passageiros-sp.htm, skipping...
[ERROR - 2026-03-03 16:45:22,645 - Worker_2] Status code == 403 for https://tab.uol.com.br/noticias/redacao/2023/07/27/subnotificacao-ou-migracao-massiva-o-que-explica-a-queda-demografica-no-rj.htm, skipping...
[ERROR - 2026-03-03 16:45:26,082 - Worker_0] Status code == 403 for https://noticias.uol.com.br/ultimas-noticias/2023/07/27/mega-sena-2615-concurso-numeros-sorteio-de-hoje-27-de-julho.htm, skipping...
[ERROR - 2026-03-03 16:45:27,250 - Worker_3] Status code == 403 for https://economia.uol.com.br/noticias/redacao/2023/07/23/duralex-o-que-aconteceu-com-as-loucas-de-vidro-marrom-inquebraveis.htm, skipping...
[ERROR - 2026-03-03 16:45:30,431 - Worker_0] Status code == 403 for https://noticias.uol.com.br/politica/ultimas-noticias/2023/07/27/mp-recurso-absolvicao-camilo-cristofaro-fala-racista.htm, skipping...
[ERROR - 2026-03-03 16:45:38,189 - Worker_4] Status code == 403 for https://noticias.uol.com.br/cotidiano/ultimas-noticias/2023/07/27/criminosos-roubam-empresa-inseticida-minas-gerais.htm, skipping...
[ERROR - 2026-03-03 16:45:46,148 - Worker_1] Status code == 403 for https://noticias.uol.com.br/politica/ultimas-noticias/2023/07/27/empresas-ligadas-a-suel-movimentaram-mais-de-r-5-milhoes-diz-pf.htm, skipping...
[ERROR - 2026-03-03 16:45:49,574 - Worker_4] Status code == 403 for https://noticias.uol.com.br/cotidiano/ultimas-noticias/2023/07/27/pr-policia-identifica-6-haitianos-e-1-brasileiro-entre-vitimas-de-explosao.htm, skipping...
[ERROR - 2026-03-03 16:45:50,252 - Worker_1] Status code == 403 for https://noticias.uol.com.br/cotidiano/ultimas-noticias/2023/07/27/quem-e-a-influenciadora-presa-por-suspeita-de-dopar-e-torturar-com-macarico.htm, skipping...
[ERROR - 2026-03-03 16:45:53,718 - Worker_4] Status code == 403 for https://noticias.uol.com.br/politica/ultimas-noticias/2023/07/27/mauro-cid-fez-movimentacao-incompativel-com-patrimonio-diz-coaf.htm, skipping...
[ERROR - 2026-03-03 16:45:53,926 - Worker_0] Status code == 403 for https://noticias.uol.com.br/colunas/camilo-vannuchi/2023/07/27/a-gente-se-le-por-ai.htm, skipping...
[ERROR - 2026-03-03 16:45:55,660 - Worker_3] Status code == 403 for https://noticias.uol.com.br/internacional/ultimas-noticias/2023/07/27/espiao-russo-pode-deixar-prisao-brasilia.htm, skipping...
[ERROR - 2026-03-03 16:46:02,439 - Worker_3] Status code == 403 for https://noticias.uol.com.br/colunas/carlos-madeiro/2023/07/27/governo-lula-programa-cisternas-bolsonaro.htm, skipping...
[ERROR - 2026-03-03 16:46:02,523 - Worker_4] Status code == 403 for https://noticias.uol.com.br/politica/ultimas-noticias/2023/07/27/abin-bolsonarista-que-tentou-fuga-tem-historico-de-violencia-contra-mulher.htm, skipping...
[ERROR - 2026-03-03 16:46:07,364 - Worker_0] Status code == 403 for https://noticias.uol.com.br/politica/ultimas-noticias/2023/07/27/pf-cobra-r-875-mil-de-anderson-torres-por-salarios-pagos-durante-prisao.htm, skipping...
[ERROR - 2026-03-03 16:46:15,958 - Worker_4] Status code == 403 for https://noticias.uol.com.br/cotidiano/ultimas-noticias/2023/07/27/video-mostra-momento-exato-da-explosao-de-silo-em-palotina-pr-assista.htm, skipping...
[ERROR - 2026-03-03 16:46:20,925 - Worker_0] Status code == 403 for https://tab.uol.com.br/noticias/redacao/2023/07/28/a-guerra-dos-cogumelos-no-brasil.htm, skipping...
[ERROR - 2026-03-03 16:46:25,450 - Worker_4] Status code == 403 for https://noticias.uol.com.br/colunas/josmar-jozino/2023/07/28/dentista-fica-24-anos-em-portugal-e-morre-em-cativeiro-do-pcc-na-volta-a-sp.htm, skipping...
[ERROR - 2026-03-03 16:46:28,358 - Worker_0] Status code == 403 for http://noticias.uol.com.br/cotidiano/ultimas-noticias/2023/07/28/homem-torturado-tinha-no-corpo-substancia-apreendida-em-casa-de-influencer.htm, skipping...
[ERROR - 2026-03-03 16:46:32,353 - Worker_1] Status code == 403 for https://noticias.uol.com.br/cotidiano/ultimas-noticias/2023/07/28/bala-na-cara-antibala-e-manos-rs-reune-o-maior-numero-de-faccoes-do-pais.htm, skipping...
[ERROR - 2026-03-03 16:46:36,083 - Worker_3] Status code == 403 for https://noticias.uol.com.br/cotidiano/ultimas-noticias/2023/07/28/sp-ministerio-publico-pede-demolicao-de-predio-irregular-no-itaim-bibi.htm, skipping...
[ERROR - 2026-03-03 16:46:36,455 - Worker_1] Status code == 403 for https://noticias.uol.com.br/cotidiano/ultimas-noticias/2023/07/28/stj-revoga-prisao-de-homem-que-seria-61-parecido-com-suspeito-de-trafico.htm, skipping...
[ERROR - 2026-03-03 16:46:40,562 - Worker_1] Status code == 403 for https://noticias.uol.com.br/internacional/ultimas-noticias/2023/07/28/verme-congelado-ha-46-mil-anos-desperta-como-o-mais-antigo-ja-reanimado.htm, skipping...
[ERROR - 2026-03-03 16:46:43,805 - Worker_3] Status code == 403 for https://noticias.uol.com.br/politica/ultimas-noticias/2023/07/28/juiz-arquiva-pedido-de-punicao-a-cid-por-silencio-na-cpi.htm, skipping...
[ERROR - 2026-03-03 16:46:45,076 - Worker_0] Status code == 403 for https://noticias.uol.com.br/ultimas-noticias/redacao/2023/07/07/resgatado-2-vezes-agora-ele-impede-que-outras-pessoas-sejam-escravizadas.htm, skipping...
[ERROR - 2026-03-03 16:46:52,727 - Worker_3] Status code == 403 for https://noticias.uol.com.br/internacional/ultimas-noticias/2023/07/27/japones-que-pagou-r-75-mil-para-virar-cachorro-faz-1-passeio-assista.htm, skipping...
[ERROR - 2026-03-03 16:46:57,679 - Worker_0] Status code == 403 for https://noticias.uol.com.br/politica/ultimas-noticias/2023/07/28/analise-se-bolsonaro-recebeu-pix-antes-de-campanha-ha-implicacao-juridica.htm, skipping...
[ERROR - 2026-03-03 16:47:02,049 - Worker_3] Status code == 403 for https://noticias.uol.com.br/politica/ultimas-noticias/2023/07/28/bolsonaro-multado-tse.htm, skipping...
[ERROR - 2026-03-03 16:47:05,312 - Worker_1] Status code == 403 for https://noticias.uol.com.br/internacional/ultimas-noticias/2023/07/28/crianca-de-7-anos-morre-afogada-em-piscina-lotada-e-ninguem-percebe.htm, skipping...
[ERROR - 2026-03-03 16:47:07,492 - Worker_0] Status code == 403 for https://tab.uol.com.br/noticias/redacao/2023/07/26/rap-e-direito-maira-pinheiro-a-advogada-de-acusacao-do-caso-prior.htm, skipping...
[ERROR - 2026-03-03 16:47:09,709 - Worker_1] Status code == 403 for https://tab.uol.com.br/colunas/matheus-pichonelli/2023/07/28/boom-de-golpes-online-deveria-deixar-todos-em-alerta-ate-com-zap-da-mae.htm, skipping...
[ERROR - 2026-03-03 16:47:14,676 - Worker_0] Status code == 403 for https://tab.uol.com.br/noticias/redacao/2023/06/21/o-espiao-forrozeiro-as-microcasas-de-15-m-maratona-mortifera-e-mais.htm, skipping...
[ERROR - 2026-03-03 16:47:22,937 - Worker_1] Status code == 403 for https://noticias.uol.com.br/politica/ultimas-noticias/2023/07/21/mais-pop-dos-ministros-dino-causa-raiva-na-direita-e-ciume-na-esquerda.htm, skipping...
[ERROR - 2026-03-03 16:47:34,675 - Worker_2] Status code == 403 for https://tab.uol.com.br/noticias/redacao/2023/07/27/subnotificacao-ou-migracao-massiva-o-que-explica-a-queda-demografica-no-rj.htm, skipping...
[ERROR - 2026-03-03 16:48:31,150 - Worker_1] Status code == 403 for https://noticias.uol.com.br/cotidiano/ultimas-noticias/2023/07/28/bala-na-cara-antibala-e-manos-rs-reune-o-maior-numero-de-faccoes-do-pais.htm, skipping...
[ERROR - 2026-03-03 16:48:36,985 - Worker_3] Status code == 403 for https://noticias.uol.com.br/cotidiano/ultimas-noticias/2023/07/29/emergencia-zoosanitaria-gripe-aviaria.htm, skipping...
[ERROR - 2026-03-03 16:48:40,092 - Worker_4] Status code == 403 for https://noticias.uol.com.br/politica/ultimas-noticias/2023/07/29/casamento-randolfe-rodrigues.htm, skipping...
[ERROR - 2026-03-03 16:48:41,088 - Worker_3] Status code == 403 for https://noticias.uol.com.br/ultimas-noticias/redacao/2023/07/07/resgatado-2-vezes-agora-ele-impede-que-outras-pessoas-sejam-escravizadas.htm, skipping...
[ERROR - 2026-03-03 16:48:47,794 - Worker_1] Status code == 403 for https://noticias.uol.com.br/cotidiano/ultimas-noticias/2023/07/29/bebe-de-tres-meses-com-sinais-de-desnutricao-e-resgatado.htm, skipping...
[ERROR - 2026-03-03 16:48:49,761 - Worker_3] Status code == 403 for https://noticias.uol.com.br/internacional/ultimas-noticias/2023/07/29/bairro-com-casas-3d-no-texas.htm, skipping...
[ERROR - 2026-03-03 16:48:57,475 - Worker_2] Status code == 403 for https://tab.uol.com.br/noticias/redacao/2023/07/26/rap-e-direito-maira-pinheiro-a-advogada-de-acusacao-do-caso-prior.htm, skipping...
[ERROR - 2026-03-03 16:49:03,058 - Worker_4] Status code == 403 for https://tab.uol.com.br/noticias/redacao/2023/06/21/o-espiao-forrozeiro-as-microcasas-de-15-m-maratona-mortifera-e-mais.htm, skipping...
[ERROR - 2026-03-03 16:49:04,461 - Worker_3] Status code == 403 for https://noticias.uol.com.br/ultimas-noticias/2023/07/29/mega-sena-2616-concurso-numeros-sorteio-de-hoje-29-de-julho.htm, skipping...
[ERROR - 2026-03-03 16:49:09,056 - Worker_0] Status code == 403 for https://noticias.uol.com.br/ultimas-noticias/agencia-estado/2023/07/29/cientistas-pedem-volta-ao-brasil-de-fossil-de-dinossauro-contrabandeado-para-a-alemanha.htm, skipping...
[ERROR - 2026-03-03 16:49:12,605 - Worker_4] Status code == 403 for https://noticias.uol.com.br/politica/ultimas-noticias/2023/07/21/mais-pop-dos-ministros-dino-causa-raiva-na-direita-e-ciume-na-esquerda.htm, skipping...
[ERROR - 2026-03-03 16:49:15,435 - Worker_1] Status code == 403 for https://noticias.uol.com.br/politica/ultimas-noticias/2023/07/17/o-crime-compensa-os-privilegios-dos-militares-expulsos-das-forcas-armadas.htm, skipping...
[ERROR - 2026-03-03 16:49:19,049 - Worker_0] Status code == 403 for https://noticias.uol.com.br/colunas/jose-roberto-de-toledo/2023/07/29/taxa-de-reeleicao-de-prefeitos-pode-bater-recorde.htm, skipping...
[ERROR - 2026-03-03 16:49:19,531 - Worker_1] Status code == 403 for https://tab.uol.com.br/noticias/redacao/2023/07/27/subnotificacao-ou-migracao-massiva-o-que-explica-a-queda-demografica-no-rj.htm, skipping...
[ERROR - 2026-03-03 16:49:53,837 - Worker_0] Status code == 403 for https://noticias.uol.com.br/cotidiano/ultimas-noticias/2023/07/29/homens-morrem-guaruja-pm-rota.htm, skipping...
[ERROR - 2026-03-03 16:49:54,632 - Worker_3] Status code == 403 for https://noticias.uol.com.br/colunas/walter-maierovitch/2023/07/29/mauro-cid.htm, skipping...
[ERROR - 2026-03-03 16:49:57,365 - Worker_1] Status code == 403 for https://noticias.uol.com.br/ultimas-noticias/deutschewelle/2023/07/30/taliba-proibe-mulheres-afegas-de-andar-de-taxi-sem-burca.htm, skipping...
[ERROR - 2026-03-03 16:49:59,056 - Worker_3] Status code == 403 for https://economia.uol.com.br/imposto-de-renda/noticias/redacao/2023/03/09/imposto-de-renda-2023-receita-libera-download-do-programa.htm, skipping...
[ERROR - 2026-03-03 16:50:03,415 - Worker_3] Status code == 403 for https://noticias.uol.com.br/cotidiano/ultimas-noticias/2023/07/30/filha-fisiculturista-incendio.htm, skipping...
[ERROR - 2026-03-03 16:50:05,638 - Worker_4] Status code == 403 for https://noticias.uol.com.br/cotidiano/ultimas-noticias/2023/07/30/brasileiro-enterro-morto-eua.htm, skipping...
[ERROR - 2026-03-03 16:50:11,482 - Worker_0] Status code == 403 for https://noticias.uol.com.br/cotidiano/ultimas-noticias/2023/07/30/suspeito-de-tortura-com-macarico-preso-tem-anuncio-em-site-de-prostituicao.htm, skipping...
[ERROR - 2026-03-03 16:50:14,079 - Worker_1] Status code == 403 for https://noticias.uol.com.br/cotidiano/ultimas-noticias/2023/07/28/bala-na-cara-antibala-e-manos-rs-reune-o-maior-numero-de-faccoes-do-pais.htm, skipping...
[ERROR - 2026-03-03 16:50:23,721 - Worker_0] Status code == 403 for https://economia.uol.com.br/noticias/redacao/2023/07/30/caixa-conclui-divisao-de-lucro-do-fgts-veja-como-saber-quanto-voce-recebeu.htm, skipping...
[ERROR - 2026-03-03 16:50:23,764 - Worker_2] Status code == 403 for https://economia.uol.com.br/colunas/todos-a-bordo/2023/07/30/aeroporto-cova-sepultura-tumulo-pista-savannah-dotson.htm, skipping...
[ERROR - 2026-03-03 16:50:27,827 - Worker_0] Status code == 403 for https://noticias.uol.com.br/cotidiano/ultimas-noticias/2023/07/30/personal-trainer-morre-em-incendio-no-rio-de-janeiro.htm, skipping...
[ERROR - 2026-03-03 16:50:27,906 - Worker_3] Status code == 403 for https://noticias.uol.com.br/colunas/jamil-chade/2023/07/30/brasil-participara-de-negociacao-sobre-paz-na-ucrania.htm, skipping...
[ERROR - 2026-03-03 16:50:29,855 - Worker_4] Status code == 403 for https://noticias.uol.com.br/cotidiano/ultimas-noticias/2023/07/30/cracolandia-15-pessoas-sao-presas.htm, skipping...
[ERROR - 2026-03-03 16:50:31,925 - Worker_0] Status code == 403 for https://noticias.uol.com.br/ultimas-noticias/redacao/2023/07/07/resgatado-2-vezes-agora-ele-impede-que-outras-pessoas-sejam-escravizadas.htm, skipping...
[ERROR - 2026-03-03 16:50:33,460 - Worker_1] Status code == 403 for https://noticias.uol.com.br/cotidiano/ultimas-noticias/2023/07/30/pai-negociou-divida-aluna-mackenzie-sp-suspeita-desvio-r-62-mil-advogada.htm, skipping...
[ERROR - 2026-03-03 16:50:36,736 - Worker_3] Status code == 403 for https://economia.uol.com.br/imposto-de-renda/noticias/redacao/2023/07/30/3-lote-de-restituicao-do-imposto-de-renda.htm, skipping...
[ERROR - 2026-03-03 16:50:38,188 - Worker_0] Status code == 403 for https://noticias.uol.com.br/cotidiano/ultimas-noticias/2023/07/30/criancas-morrem-afogadas-carro-lagoa-paranoa-brasilia-df.htm, skipping...
[ERROR - 2026-03-03 16:50:45,188 - Worker_1] Status code == 403 for https://tab.uol.com.br/noticias/redacao/2023/07/26/rap-e-direito-maira-pinheiro-a-advogada-de-acusacao-do-caso-prior.htm, skipping...
[ERROR - 2026-03-03 16:50:48,425 - Worker_3] Status code == 403 for https://tab.uol.com.br/colunas/matheus-pichonelli/2023/07/30/julho-mais-quente-e-fervura-global-deixam-pergunta-ao-futuro-como-pudemos.htm, skipping...
[ERROR - 2026-03-03 16:50:52,152 - Worker_1] Status code == 403 for https://noticias.uol.com.br/colunas/fernanda-magnotta/2023/07/30/alem-de-pandemias-e-guerras-o-futuro-coletivo-passara-pela-crise-climatica.htm, skipping...
[ERROR - 2026-03-03 16:50:52,256 - Worker_2] Status code == 403 for https://noticias.uol.com.br/cotidiano/ultimas-noticias/2023/07/30/pf-prisao-homem-importunacao-sexual-adolescente-voo.htm, skipping...
[ERROR - 2026-03-03 16:50:52,782 - Worker_3] Status code == 403 for https://tab.uol.com.br/noticias/redacao/2023/06/21/o-espiao-forrozeiro-as-microcasas-de-15-m-maratona-mortifera-e-mais.htm, skipping...
[ERROR - 2026-03-03 16:50:56,476 - Worker_4] Status code == 403 for https://economia.uol.com.br/videos/2023/07/24/midia-e-marketing-167-fabiola-guimaraes-diretora-de-marca-da-hering.htm, skipping...
[ERROR - 2026-03-03 16:51:02,085 - Worker_1] Status code == 403 for https://noticias.uol.com.br/cotidiano/ultimas-noticias/2023/07/30/acidente-pai-filho-aviao-floresta.htm, skipping...
[ERROR - 2026-03-03 16:51:03,361 - Worker_0] Status code == 403 for https://noticias.uol.com.br/politica/ultimas-noticias/2023/07/17/o-crime-compensa-os-privilegios-dos-militares-expulsos-das-forcas-armadas.htm, skipping...
[ERROR - 2026-03-03 16:51:09,816 - Worker_0] Status code == 403 for https://noticias.uol.com.br/politica/ultimas-noticias/2023/07/30/vice-prefeito-de-olinda-relata-ter-sido-feito-de-refem-na-propria-casa.htm, skipping...
[ERROR - 2026-03-03 16:51:11,349 - Worker_4] Status code == 403 for https://tab.uol.com.br/noticias/redacao/2023/07/27/subnotificacao-ou-migracao-massiva-o-que-explica-a-queda-demografica-no-rj.htm, skipping...
[ERROR - 2026-03-03 16:51:15,802 - Worker_4] Status code == 403 for https://noticias.uol.com.br/ultimas-noticias/deutschewelle/2023/07/30/alemanha-quer-atrair-mais-mulheres-para-as-forcas-armadas.htm, skipping...
[ERROR - 2026-03-03 16:51:16,567 - Worker_3] Status code == 403 for https://noticias.uol.com.br/ultimas-noticias/afp/2023/07/30/zelensky-diz-que-guerra-retorna-a-russia-apos-ataque-de-drones-em-moscou.htm, skipping...
[ERROR - 2026-03-03 16:51:20,188 - Worker_4] Status code == 403 for https://noticias.uol.com.br/politica/ultimas-noticias/2023/07/30/bolsonaro-michelle-climao-evento-pl-mulher-santa-catarina.htm, skipping...
[ERROR - 2026-03-03 16:51:29,044 - Worker_2] Status code == 403 for https://noticias.uol.com.br/cotidiano/ultimas-noticias/2023/07/30/medico-impedido-entrar-flat-com-marido-dono-condenado-r-30-mil.htm, skipping...
[ERROR - 2026-03-03 16:51:39,402 - Worker_1] Status code == 403 for https://noticias.uol.com.br/colunas/pra-comecar-a-semana/2023/07/30/copom-decide-taxa-de-juros-na-quarta-sob-pressao-por-reducao.htm, skipping...
[ERROR - 2026-03-03 16:51:51,510 - Worker_2] Status code == 403 for https://noticias.uol.com.br/colunas/andre-santana/2023/04/30/racismo-sofrido-em-voo-da-gol-mereceu-ato-de-desobediencia-civil.htm, skipping...
[ERROR - 2026-03-03 16:52:00,351 - Worker_0] Status code == 403 for https://tab.uol.com.br/colunas/matheus-pichonelli/2023/04/30/cuca-roger-guedes-e-a-perversidade-dos-homens-de-coracao-bom.htm, skipping...
[ERROR - 2026-03-03 16:52:09,229 - Worker_0] Status code == 403 for https://noticias.uol.com.br/politica/ultimas-noticias/2023/04/30/senadores-avisados-para-mudar-de-imovel-funcional-veem-picuinha-de-lira.htm, skipping...
[ERROR - 2026-03-03 16:52:12,741 - Worker_2] Status code == 403 for https://noticias.uol.com.br/colunas/tales-faria/2023/04/30/lula-avisa-a-aliados-que-nao-entregara-a-cabeca-padilha-a-arthur-lira.htm, skipping...
[ERROR - 2026-03-03 16:52:16,844 - Worker_2] Status code == 403 for https://noticias.uol.com.br/cotidiano/ultimas-noticias/2023/04/30/homem-morto-em-shopping-do-rio-foi-encurralado-na-escada-rolante-veja.htm, skipping...
[ERROR - 2026-03-03 16:52:20,316 - Worker_3] Status code == 403 for https://tab.uol.com.br/videos/2023/04/27/brasil-para-maiores-ep-extra-frota-sobre-porno-se-fosse-la-fora-eu-teria-ganho-o-oscar-do-sexo.htm, skipping...
[ERROR - 2026-03-03 16:52:29,328 - Worker_1] Status code == 403 for https://noticias.uol.com.br/politica/ultimas-noticias/2023/04/30/ministras-prometem-aumentar-repressao-ao-garimpo-apos-ataque-a-yanomamis.htm, skipping...
[ERROR - 2026-03-03 16:52:34,883 - Worker_2] Status code == 403 for https://noticias.uol.com.br/cotidiano/ultimas-noticias/2023/04/30/tres-parapentistas-parapente-homem-morre-acidente-santa-catarina.htm, skipping...
[ERROR - 2026-03-03 16:52:37,433 - Worker_0] Status code == 403 for https://noticias.uol.com.br/politica/ultimas-noticias/2023/04/29/vereador-de-curitiba-fez-campanha-com-recursos-de-autarquia-federal-diz-mp.htm, skipping...
[ERROR - 2026-03-03 16:52:38,191 - Worker_4] Status code == 403 for https://tab.uol.com.br/noticias/redacao/2023/04/29/idosas-fazem-curso-no-recife-para-aprender-a-usar-smartphone.htm, skipping...
[ERROR - 2026-03-03 16:52:42,293 - Worker_4] Status code == 403 for https://noticias.uol.com.br/cotidiano/ultimas-noticias/2023/04/28/familia-se-muda-e-leva-a-casa-inteira-junto-no-marajo-40-h-pelo-rio.htm, skipping...
[ERROR - 2026-03-03 16:52:46,458 - Worker_4] Status code == 403 for https://noticias.uol.com.br/colunas/pra-comecar-a-semana/2023/04/30/dia-do-trabalho-e-realeza-renovada-movimentam-a-semana-com-festas.htm, skipping...
[ERROR - 2026-03-03 16:52:48,095 - Worker_3] Status code == 403 for https://noticias.uol.com.br/ultimas-noticias/deutschewelle/2023/04/27/o-el-nino-vem-ai-fenomeno-deve-chegar-forte-e-causar-no-clima-do-planeta.htm, skipping...
[ERROR - 2026-03-03 16:52:50,627 - Worker_4] Status code == 403 for https://economia.uol.com.br/noticias/redacao/2023/04/30/mais-caro-caixa-aumenta-preco-da-mega-sena-e-de-outros-jogos-veja-valores.htm, skipping...
[ERROR - 2026-03-03 16:52:51,590 - Worker_1] Status code == 403 for https://economia.uol.com.br/noticias/redacao/2023/04/30/pesquisa-empregos-que-devem-desaparecer-e-carreiras-em-ascensao.htm, skipping...
[ERROR - 2026-03-03 16:52:55,294 - Worker_2] Status code == 403 for https://noticias.uol.com.br/colunas/carlos-madeiro/2023/04/30/garimpeiros-atacam-yanomamis-e-deixam-1-morto-e-2-feridos-denuncia-orgao.htm, skipping...
[ERROR - 2026-03-03 16:52:55,683 - Worker_1] Status code == 403 for https://noticias.uol.com.br/internacional/ultimas-noticias/2023/04/30/iceberg-em-formato-de-penis-e-fotografado-no-canada-veja.htm, skipping...
[ERROR - 2026-03-03 16:53:02,179 - Worker_1] Status code == 403 for https://noticias.uol.com.br/ultimas-noticias/afp/2023/04/30/colisao-entre-dois-avioes-ultraleves-deixa-quatro-mortos-na-espanha.htm, skipping...
[ERROR - 2026-03-03 16:53:16,788 - Worker_3] Status code == 403 for https://noticias.uol.com.br/cotidiano/ultimas-noticias/2023/04/30/elektra-bibi-perigosa-e-hello-kitty-a-lideranca-de-mulheres-no-trafico.htm, skipping...
[ERROR - 2026-03-03 16:53:17,048 - Worker_0] Status code == 403 for https://noticias.uol.com.br/cotidiano/ultimas-noticias/2023/04/29/video-mostra-onca-cacando-jacare.htm, skipping...
[ERROR - 2026-03-03 16:53:19,117 - Worker_1] Status code == 404 for https://www.uol.com.br/universa/horoscopo/noticias/redacao/2023/04/30/quadratura-conjuncao-cuspide-entenda-os-termos-do-astrologiques.htm, skipping...
[ERROR - 2026-03-03 16:53:19,388 - Worker_4] Status code == 403 for https://noticias.uol.com.br/politica/ultimas-noticias/2023/04/30/senadora-soraya-thronicke-tem-alta-apos-ir-para-a-uti-com-crise-alergica.htm, skipping...
[ERROR - 2026-03-03 16:53:26,063 - Worker_0] Status code == 403 for https://tab.uol.com.br/noticias/redacao/2023/04/30/peca-reset-brasil-comeca-no-trem-e-percorre-ruas-da-periferia-de-sp.htm, skipping...
[ERROR - 2026-03-03 16:53:31,280 - Worker_4] Status code == 403 for https://noticias.uol.com.br/ultimas-noticias/redacao/2023/04/27/questoes-raciais-do-brasil-pautam-tribunal-internacional-e-apuracao-na-onu.htm, skipping...
[ERROR - 2026-03-03 16:53:34,189 - Worker_3] Status code == 403 for https://noticias.uol.com.br/cotidiano/ultimas-noticias/2023/04/30/audiencia-brennand.htm, skipping...
[ERROR - 2026-03-03 16:53:35,258 - Worker_1] Status code == 403 for https://noticias.uol.com.br/colunas/jamil-chade/2023/04/30/carta-a-chico-buarque-obrigado-por-construir-o-desenho-de-nossa-identidade.htm, skipping...
[ERROR - 2026-03-03 16:53:38,749 - Worker_2] Status code == 403 for https://noticias.uol.com.br/ultimas-noticias/2023/04/29/veja-numeros-sorteados-da-mega-sena-premio-e-de-r-60-milhoes.htm, skipping...
[ERROR - 2026-03-03 16:53:52,655 - Worker_4] Status code == 403 for https://noticias.uol.com.br/colunas/chico-alves/2023/05/01/apos-evangelicos-adeptos-das-religioes-afro-mostram-canticos-em-shopping.htm, skipping...
[ERROR - 2026-03-03 16:53:57,051 - Worker_4] Status code == 403 for https://noticias.uol.com.br/colunas/jamil-chade/2023/05/01/acoes-fecham-cerco-contra-bolsonaro-e-caso-em-haia-caminha-para-ser-aceito.htm, skipping...
[ERROR - 2026-03-03 16:54:32,811 - Worker_3] Status code == 403 for https://tab.uol.com.br/videos/2023/04/27/brasil-para-maiores-ep-extra-frota-sobre-porno-se-fosse-la-fora-eu-teria-ganho-o-oscar-do-sexo.htm, skipping...
[ERROR - 2026-03-03 16:54:52,250 - Worker_1] Status code == 403 for https://noticias.uol.com.br/colunas/leonardo-sakamoto/2023/04/30/lula-fez-discurso-aos-trabalhadores-no-1-de-maio-bolsonaro-aos-patroes.htm, skipping...
[ERROR - 2026-03-03 16:54:52,973 - Worker_3] Status code == 403 for https://tab.uol.com.br/noticias/redacao/2023/04/29/idosas-fazem-curso-no-recife-para-aprender-a-usar-smartphone.htm, skipping...
[ERROR - 2026-03-03 16:55:12,214 - Worker_1] Status code == 403 for https://noticias.uol.com.br/politica/ultimas-noticias/2023/05/01/flavio-dino-aciona-secretaria-contra-google-para-apurar-pratica-abusiva.htm, skipping...
[ERROR - 2026-03-03 16:55:14,356 - Worker_0] Status code == 403 for https://noticias.uol.com.br/colunas/carolina-brigido/2023/05/01/camara-deve-votar-amanha-suspensao-de-oab-de-advogados-acusados-de-assedio.htm, skipping...
[ERROR - 2026-03-03 16:55:39,277 - Worker_4] Status code == 403 for https://noticias.uol.com.br/colunas/josmar-jozino/2023/05/01/sargento-acusado-de-receber-r-200-mil-mensais-do-pcc-e-expulso-da-pm-em-sp.htm, skipping...
[ERROR - 2026-03-03 16:55:40,081 - Worker_3] Status code == 403 for https://tab.uol.com.br/noticias/redacao/2023/04/30/peca-reset-brasil-comeca-no-trem-e-percorre-ruas-da-periferia-de-sp.htm, skipping...
[ERROR - 2026-03-03 16:55:43,382 - Worker_4] Status code == 403 for https://noticias.uol.com.br/cotidiano/ultimas-noticias/2023/05/01/pai-mata-filha-e-genro-a-tiros-deixa-dois-feridos-e-depois-e-morto-em-sc.htm, skipping...
[ERROR - 2026-03-03 16:55:44,191 - Worker_3] Status code == 403 for https://noticias.uol.com.br/ultimas-noticias/redacao/2023/04/27/questoes-raciais-do-brasil-pautam-tribunal-internacional-e-apuracao-na-onu.htm, skipping...
[ERROR - 2026-03-03 16:55:47,486 - Worker_4] Status code == 403 for https://tab.uol.com.br/noticias/redacao/2023/04/18/ele-ameacou-ate-criancas-o-rastro-de-violencia-de-thiago-brennand.htm, skipping...
[ERROR - 2026-03-03 16:55:48,313 - Worker_3] Status code == 403 for https://noticias.uol.com.br/colunas/jamil-chade/2023/04/30/carta-a-chico-buarque-obrigado-por-construir-o-desenho-de-nossa-identidade.htm, skipping...
[ERROR - 2026-03-03 16:55:56,312 - Worker_4] Status code == 403 for https://noticias.uol.com.br/cotidiano/ultimas-noticias/2023/05/01/dono-de-clube-de-tiros-morto-com-fuzil-segurava-arma-com-dedo-no-gatilho.htm, skipping...
[ERROR - 2026-03-03 16:55:57,558 - Worker_3] Status code == 403 for https://noticias.uol.com.br/cotidiano/ultimas-noticias/2023/05/02/desembargador-investigado-suposta-venda-de-sentenca-aposentado-invalidez.htm, skipping...
[ERROR - 2026-03-03 16:56:01,745 - Worker_2] Status code == 403 for https://tab.uol.com.br/noticias/redacao/2023/05/02/quem-e-junior-rostirola-criador-de-um-dos-podcasts-mais-ouvidos-do-pais.htm, skipping...
[ERROR - 2026-03-03 16:56:01,917 - Worker_3] Status code == 403 for https://noticias.uol.com.br/colunas/balaio-do-kotscho/2023/05/02/jornalismo-ou-entretenimento-bordoes-e-lacracoes-vale-tudo-por-audiencia.htm, skipping...
[ERROR - 2026-03-03 16:56:02,512 - Worker_0] Status code == 403 for https://noticias.uol.com.br/cotidiano/ultimas-noticias/2023/05/02/viu-traje-e-lancou-olhar-de-odio-mulher-denuncia-uber-por-negar-corrida.htm, skipping...
[ERROR - 2026-03-03 16:56:06,988 - Worker_1] Status code == 403 for https://noticias.uol.com.br/politica/ultimas-noticias/2023/05/02/anderson-torres-recurso-moraes-prisao-tortura.htm, skipping...
[ERROR - 2026-03-03 16:56:11,238 - Worker_0] Status code == 403 for https://noticias.uol.com.br/colunas/jamil-chade/2023/05/02/em-acao-internacional-governo-articula-com-onu-combate-a-desinformacao.htm, skipping...
[ERROR - 2026-03-03 16:56:40,311 - Worker_1] Status code == 403 for https://tab.uol.com.br/videos/2023/04/27/brasil-para-maiores-ep-extra-frota-sobre-porno-se-fosse-la-fora-eu-teria-ganho-o-oscar-do-sexo.htm, skipping...
[ERROR - 2026-03-03 16:56:46,464 - Worker_0] Status code == 403 for https://noticias.uol.com.br/comprova/ultimas-noticias/2023/05/02/retirada-de-gado-de-areas-rurais-tem-a-ver-com-desmatamento-ilegal.htm, skipping...
[ERROR - 2026-03-03 16:56:47,660 - Worker_4] Status code == 404 for https://www.uol.com.br/esporte/futebol/ultimas-noticias/2023/05/02/fluminense-tem-volta-de-marcelo-contra-o-river-plate-veja-as-escalacoes.htm, skipping...
[ERROR - 2026-03-03 16:56:53,212 - Worker_2] Status code == 403 for https://noticias.uol.com.br/ao-vivo/2023/05/02/pl-2630-em-pauta-no-plenario-da-camara-acompanhe.htm, skipping...
[ERROR - 2026-03-03 16:57:00,570 - Worker_0] Status code == 403 for https://noticias.uol.com.br/politica/ultimas-noticias/2023/05/02/governo-de-sao-paulo-reajuste-policiais.htm, skipping...
[ERROR - 2026-03-03 16:57:02,444 - Worker_1] Status code == 403 for https://noticias.uol.com.br/cotidiano/ultimas-noticias/2023/05/02/vi-meu-corpo-em-chamas-dj-narra-explosao-com-panela-de-fondue.htm, skipping...
[ERROR - 2026-03-03 16:57:09,247 - Worker_0] Status code == 403 for https://noticias.uol.com.br/politica/ultimas-noticias/2023/05/02/stf-depoiemento-policia-dederal.htm, skipping...
[ERROR - 2026-03-03 16:57:09,894 - Worker_3] Status code == 403 for https://noticias.uol.com.br/cotidiano/ultimas-noticias/2023/05/02/cacada-tocantins-envolvidos-mega-assalto-6-mortes-24h.htm, skipping...
[ERROR - 2026-03-03 16:57:10,985 - Worker_1] Status code == 403 for https://noticias.uol.com.br/politica/ultimas-noticias/2023/05/02/jeronimo-rodrigues-uol-entrevista.htm, skipping...
[ERROR - 2026-03-03 16:57:11,600 - Worker_4] Status code == 403 for https://noticias.uol.com.br/colunas/jose-roberto-de-toledo/2023/05/02/pl-2630-lobby-descarado-mostra-poder-ilimitado-de-big-techs-como-google.htm, skipping...
[ERROR - 2026-03-03 16:57:16,224 - Worker_3] Status code == 403 for https://noticias.uol.com.br/internacional/ultimas-noticias/2023/05/02/acidente-argentina-jovem-brasileiro.htm, skipping...
[ERROR - 2026-03-03 16:57:21,554 - Worker_0] Status code == 403 for https://noticias.uol.com.br/colunas/josias-de-souza/2023/05/02/stf-deve-regular-redes-se-congresso-nao-agir.htm, skipping...
[ERROR - 2026-03-03 16:57:24,763 - Worker_3] Status code == 403 for https://tab.uol.com.br/noticias/redacao/2023/05/01/churrasco-do-pai-carne-e-a-oferenda-para-ogum-nos-terreiros-do-rs.htm, skipping...
[ERROR - 2026-03-03 16:57:31,286 - Worker_0] Status code == 403 for https://noticias.uol.com.br/politica/ultimas-noticias/2023/05/02/pl-fake-mes-votacao-camara-deputados.htm, skipping...
[ERROR - 2026-03-03 16:57:33,950 - Worker_3] Status code == 403 for https://noticias.uol.com.br/cotidiano/ultimas-noticias/2023/05/02/agenor-tupinamba-relato-instagram.htm, skipping...
[ERROR - 2026-03-03 16:57:38,073 - Worker_3] Status code == 403 for https://noticias.uol.com.br/colunas/thais-oyama/2023/05/02/no-agro-lula-ergue-a-bola-para-bolsonaro-cortar-e-reafirma-divisao.htm, skipping...
[ERROR - 2026-03-03 16:57:38,407 - Worker_2] Status code == 403 for https://noticias.uol.com.br/cotidiano/ultimas-noticias/2023/05/02/sp-homem-foge-da-policia-e-morre-atropelado-por-trem-da-linha-5-lilas.htm, skipping...
[ERROR - 2026-03-03 16:57:42,201 - Worker_3] Status code == 403 for https://economia.uol.com.br/videos/2023/05/01/midia-e-marketing-161-renato-camargo-vice-presidente-de-marketing-da-pague-menos--extrafarma.htm, skipping...
[ERROR - 2026-03-03 16:57:45,055 - Worker_1] Status code == 403 for https://noticias.uol.com.br/politica/ultimas-noticias/2023/05/02/stf-defesa-moro-gilmar-mendes.htm, skipping...
[ERROR - 2026-03-03 16:57:47,023 - Worker_4] Status code == 403 for https://economia.uol.com.br/noticias/redacao/2023/04/28/de-hamburger-grelhado-a-carne-de-planta-o-novo-desafio-de-fernando-machado.htm, skipping...
[ERROR - 2026-03-03 16:57:49,051 - Worker_0] Status code == 403 for https://noticias.uol.com.br/ultimas-noticias/redacao/2023/04/27/questoes-raciais-do-brasil-pautam-tribunal-internacional-e-apuracao-na-onu.htm, skipping...
[ERROR - 2026-03-03 16:57:53,156 - Worker_0] Status code == 403 for https://noticias.uol.com.br/colunas/jamil-chade/2023/04/30/carta-a-chico-buarque-obrigado-por-construir-o-desenho-de-nossa-identidade.htm, skipping...
[ERROR - 2026-03-03 16:57:57,272 - Worker_0] Status code == 403 for https://economia.uol.com.br/blogs-e-colunas/coluna/reinaldo-polito/2023/05/02/lula-arruma-confusao-quando-se-envolve-em-questoes-diplomaticas.htm, skipping...
[ERROR - 2026-03-03 16:57:58,332 - Worker_1] Status code == 403 for https://economia.uol.com.br/mais/ultimas-noticias/2023/05/02/cinco-pontos-independencia-financeira.htm, skipping...
[ERROR - 2026-03-03 16:58:01,421 - Worker_0] Status code == 403 for https://tab.uol.com.br/noticias/redacao/2023/05/02/quem-e-junior-rostirola-criador-de-um-dos-podcasts-mais-ouvidos-do-pais.htm, skipping...
[ERROR - 2026-03-03 16:58:01,896 - Worker_4] Status code == 403 for https://noticias.uol.com.br/politica/ultimas-noticias/2023/05/03/registros-vacinas-jair-bolsonaro-laura-sistema-ministerio-saude-viagem-eua.htm, skipping...
[ERROR - 2026-03-03 16:58:04,906 - Worker_2] Status code == 403 for https://economia.uol.com.br/imposto-de-renda/noticias/redacao/2023/03/09/imposto-de-renda-2023-receita-libera-download-do-programa.htm, skipping...
[ERROR - 2026-03-03 16:58:06,975 - Worker_1] Status code == 403 for https://noticias.uol.com.br/colunas/leonardo-sakamoto/2023/05/03/bolsonaro-ignora-seu-conselho-e-chora-e-faz-mimimi-em-escandalo-da-vacina.htm, skipping...
[ERROR - 2026-03-03 16:58:15,911 - Worker_1] Status code == 403 for https://economia.uol.com.br/noticias/redacao/2023/05/03/gleisi-critica-juros-selic-bc-copom.htm, skipping...
[ERROR - 2026-03-03 16:58:31,655 - Worker_2] Status code == 403 for https://tab.uol.com.br/videos/2023/04/27/brasil-para-maiores-ep-extra-frota-sobre-porno-se-fosse-la-fora-eu-teria-ganho-o-oscar-do-sexo.htm, skipping...
[ERROR - 2026-03-03 16:59:06,363 - Worker_2] Status code == 403 for https://noticias.uol.com.br/politica/ultimas-noticias/2023/05/03/general-amaro-gsi-lula.htm, skipping...
[ERROR - 2026-03-03 16:59:10,462 - Worker_2] Status code == 403 for https://noticias.uol.com.br/cotidiano/ultimas-noticias/2023/05/03/de-98-anos-de-prisao-ao-semiaberto-o-que-aconteceu-com-assassino-de-eloa.htm, skipping...
[ERROR - 2026-03-03 16:59:12,421 - Worker_0] Status code == 403 for https://noticias.uol.com.br/politica/ultimas-noticias/2023/05/03/pf-explica-em-oficio-como-bolsonaro-alterou-dados-do-sus-veja-integra.htm, skipping...
[ERROR - 2026-03-03 16:59:14,567 - Worker_2] Status code == 403 for https://noticias.uol.com.br/internacional/ultimas-noticias/2023/05/03/adolescente-acidente-cavalo-eua.htm, skipping...
[ERROR - 2026-03-03 16:59:20,907 - Worker_2] Status code == 403 for https://noticias.uol.com.br/politica/ultimas-noticias/2023/05/03/maierovitch-caso-de-bolsonaro-e-grave-e-crime-contra-a-saude-publica.htm, skipping...
[ERROR - 2026-03-03 16:59:30,636 - Worker_3] Status code == 403 for https://noticias.uol.com.br/politica/ultimas-noticias/2023/05/03/eduardo-bolsonaro-acao-pf.htm, skipping...
[ERROR - 2026-03-03 16:59:38,597 - Worker_4] Status code == 403 for https://tab.uol.com.br/noticias/redacao/2023/05/01/churrasco-do-pai-carne-e-a-oferenda-para-ogum-nos-terreiros-do-rs.htm, skipping...
[ERROR - 2026-03-03 16:59:44,063 - Worker_1] Status code == 403 for https://noticias.uol.com.br/politica/ultimas-noticias/2023/05/03/moraes-apreensao-armas-passaporte-bolsonaro.htm, skipping...
[ERROR - 2026-03-03 17:00:06,111 - Worker_4] Status code == 403 for https://tab.uol.com.br/noticias/redacao/2023/05/03/nao-precisa-fazer-sentido-como-nasce-um-estatico-gay-na-internet.htm, skipping...
[ERROR - 2026-03-03 17:00:10,235 - Worker_4] Status code == 403 for https://noticias.uol.com.br/ultimas-noticias/redacao/2023/04/27/questoes-raciais-do-brasil-pautam-tribunal-internacional-e-apuracao-na-onu.htm, skipping...
[ERROR - 2026-03-03 17:00:12,708 - Worker_1] Status code == 403 for https://noticias.uol.com.br/colunas/jamil-chade/2023/04/30/carta-a-chico-buarque-obrigado-por-construir-o-desenho-de-nossa-identidade.htm, skipping...
[ERROR - 2026-03-03 17:00:20,867 - Worker_0] Status code == 403 for https://noticias.uol.com.br/cotidiano/ultimas-noticias/2023/05/04/telegram-contraria-dino-resposta-a-tempo.htm, skipping...
[ERROR - 2026-03-03 17:00:30,433 - Worker_1] Status code == 403 for https://noticias.uol.com.br/ultimas-noticias/reuters/2023/05/04/tse-torna-luciano-hang-da-havan-inelegivel-e-cassa-prefeito-de-brusque-sc.htm, skipping...
[ERROR - 2026-03-03 17:00:34,545 - Worker_1] Status code == 403 for https://noticias.uol.com.br/politica/ultimas-noticias/2023/05/04/lula-vai-viagem-g7-japao.htm, skipping...
[ERROR - 2026-03-03 17:00:38,609 - Worker_2] Status code == 403 for https://noticias.uol.com.br/internacional/ultimas-noticias/2023/05/04/atirador-eua-mcdonalds.htm, skipping...
[ERROR - 2026-03-03 17:00:39,808 - Worker_0] Status code == 403 for https://educacao.uol.com.br/noticias/2023/05/04/li-200-textos-por-dia-e-nao-recebi-corretores-do-enem-denunciam-atrasos.htm, skipping...
[ERROR - 2026-03-03 17:00:40,715 - Worker_3] Status code == 403 for https://tab.uol.com.br/noticias/redacao/2023/05/04/ritmo-de-festa-as-lutas-e-tristezas-formaram-roque-o-animador-da-tv.htm, skipping...
[ERROR - 2026-03-03 17:00:45,646 - Worker_4] Status code == 403 for https://noticias.uol.com.br/colunas/madeleine-lacsko/2023/05/04/governo-lula-amarga-segunda-derrota-no-congresso-em-uma-semana.htm, skipping...
[ERROR - 2026-03-03 17:00:46,237 - Worker_0] Status code == 403 for https://noticias.uol.com.br/cotidiano/ultimas-noticias/2023/05/03/idosa-e-estuprada-apos-marcar-encontro-com-homem-pelas-redes-sociais-em-mt.htm, skipping...
[ERROR - 2026-03-03 17:00:49,880 - Worker_3] Status code == 403 for https://tab.uol.com.br/noticias/redacao/2023/05/03/frota-abre-o-jogo-casamento-indiano-as-cegas-o-fretado-de-grife-e-mais.htm, skipping...
[ERROR - 2026-03-03 17:01:01,745 - Worker_1] Status code == 403 for https://noticias.uol.com.br/politica/ultimas-noticias/2023/05/04/presos-ontem-mauro-cid-e-ailton-barros-discutiram-golpe-de-estado.htm, skipping...
[ERROR - 2026-03-03 17:01:05,672 - Worker_4] Status code == 403 for https://noticias.uol.com.br/colunas/jose-roberto-de-toledo/2023/05/04/governo-tera-que-multiplicar-por-50-o-que-ja-gastou-ate-agora-com-emendas.htm, skipping...
[ERROR - 2026-03-03 17:01:05,692 - Worker_0] Status code == 403 for https://tab.uol.com.br/videos/2023/04/27/brasil-para-maiores-ep-extra-frota-sobre-porno-se-fosse-la-fora-eu-teria-ganho-o-oscar-do-sexo.htm, skipping...
[ERROR - 2026-03-03 17:01:09,790 - Worker_0] Status code == 403 for https://noticias.uol.com.br/cotidiano/ultimas-noticias/2023/05/04/irma-de-jovem-atropelado-julgou-matou-e-achou-que-passariadespercebido.htm, skipping...
[ERROR - 2026-03-03 17:01:13,287 - Worker_1] Status code == 403 for https://noticias.uol.com.br/colunas/josias-de-souza/2023/05/04/foi-para-o-beleleu-previsao-de-votar-regra-fiscal-na-camara-ate-10-de-maio.htm, skipping...
[ERROR - 2026-03-03 17:01:20,806 - Worker_2] Status code == 403 for https://noticias.uol.com.br/colunas/balaio-do-kotscho/2023/05/04/maioria-dos-brasileiros-volta-a-ser-otimista-com-futuro-do-pais-diz-ipsos.htm, skipping...
[ERROR - 2026-03-03 17:01:21,968 - Worker_3] Status code == 403 for https://noticias.uol.com.br/politica/ultimas-noticias/2023/05/04/stf-indulto-daniel-silveira-bolsonaro-julgamento.htm, skipping...
[ERROR - 2026-03-03 17:01:22,018 - Worker_4] Status code == 403 for https://noticias.uol.com.br/politica/ultimas-noticias/2023/05/04/luciano-hang-ficar-inelegivel-apenas-manifestei-opiniao.htm, skipping...
[ERROR - 2026-03-03 17:01:25,479 - Worker_2] Status code == 403 for https://tab.uol.com.br/colunas/trombadas/2023/05/04/os-cheiros-de-charlie.htm, skipping...
[ERROR - 2026-03-03 17:01:29,573 - Worker_2] Status code == 403 for https://noticias.uol.com.br/cotidiano/ultimas-noticias/2023/05/04/vitima-furto-depoimento-delegacia.htm, skipping...
[ERROR - 2026-03-03 17:01:32,480 - Worker_0] Status code == 403 for https://noticias.uol.com.br/politica/ultimas-noticias/2023/05/04/prefeitura-de-sp-vacina-jair-bolsonaro.htm, skipping...
[ERROR - 2026-03-03 17:01:36,573 - Worker_0] Status code == 403 for https://noticias.uol.com.br/ultimas-noticias/afp/2023/05/04/embaixadora-americana-diz-que-brasil-nao-deve-premiar-russia-em-acordo-de-paz.htm, skipping...
[ERROR - 2026-03-03 17:01:45,642 - Worker_2] Status code == 403 for https://noticias.uol.com.br/cotidiano/ultimas-noticias/2023/05/04/mg-crianca-de-3-anos-e-casal-morrem-em-colisao-entre-carro-e-onibus-lotado.htm, skipping...
[ERROR - 2026-03-03 17:01:49,687 - Worker_1] Status code == 403 for https://noticias.uol.com.br/politica/ultimas-noticias/2023/05/04/mendonca-decisao-julgamento-stj-haddad-vitoria.htm, skipping...
[ERROR - 2026-03-03 17:01:54,622 - Worker_2] Status code == 403 for https://noticias.uol.com.br/politica/ultimas-noticias/2023/05/04/aliado-reclama-de-lula-base-parana.htm, skipping...
[ERROR - 2026-03-03 17:01:55,658 - Worker_4] Status code == 403 for https://noticias.uol.com.br/colunas/carlos-madeiro/2023/05/03/operacao-por-fraude-em-vacina-reacende-ira-de-bolsonaristas-com-o-exercito.htm, skipping...
[ERROR - 2026-03-03 17:01:56,587 - Worker_3] Status code == 403 for https://noticias.uol.com.br/saude/ultimas-noticias/redacao/2023/05/04/nosso-querido-ze-gotinha-a-origem-do-personagem-que-virou-heroi.htm, skipping...
[ERROR - 2026-03-03 17:01:58,985 - Worker_2] Status code == 403 for https://noticias.uol.com.br/cotidiano/ultimas-noticias/2023/05/04/gol-aviao-aeroporto-rj.htm, skipping...
[ERROR - 2026-03-03 17:02:00,747 - Worker_3] Status code == 403 for https://noticias.uol.com.br/politica/ultimas-noticias/2023/05/04/mendonca-moraes-julgamento-indulto-daniel-silveira.htm, skipping...
[ERROR - 2026-03-03 17:02:08,728 - Worker_2] Status code == 403 for https://noticias.uol.com.br/ultimas-noticias/agencia-estado/2023/05/03/saude-diz-ter-negociado-troca-de-metade-de-60-milhoes-de-anticoncepcionais-prestes-a-vencer.htm, skipping...
[ERROR - 2026-03-03 17:02:10,161 - Worker_4] Status code == 403 for https://noticias.uol.com.br/internacional/ultimas-noticias/2023/05/04/acidente-carrinho-bebe.htm, skipping...
[ERROR - 2026-03-03 17:02:10,427 - Worker_0] Status code == 403 for https://noticias.uol.com.br/colunas/camilo-vannuchi/2023/05/04/todos-ou-quase-todos-vao-ganhar-com-a-regulacao-das-plataformas-digitais.htm, skipping...
[ERROR - 2026-03-03 17:02:14,335 - Worker_4] Status code == 403 for https://tab.uol.com.br/noticias/redacao/2023/05/03/nao-precisa-fazer-sentido-como-nasce-um-estatico-gay-na-internet.htm, skipping...
[ERROR - 2026-03-03 17:02:16,560 - Worker_1] Status code == 403 for https://noticias.uol.com.br/colunas/leonardo-sakamoto/2023/05/04/ao-cancelar-perdao-a-daniel-silveira-stf-o-coloca-no-caminho-da-delacao.htm, skipping...
[ERROR - 2026-03-03 17:02:22,026 - Worker_3] Status code == 403 for https://noticias.uol.com.br/internacional/ultimas-noticias/2023/05/04/autopsia-mostra-que-tyre-nichols-morreu-por-espancamento-policial-nos-eua.htm, skipping...
[ERROR - 2026-03-03 17:02:23,095 - Worker_4] Status code == 403 for https://noticias.uol.com.br/cotidiano/ultimas-noticias/2023/05/04/explosao-pneu-mecanico-rio-grande-do-sul.htm, skipping...
[ERROR - 2026-03-03 17:02:23,819 - Worker_0] Status code == 403 for https://noticias.uol.com.br/ultimas-noticias/afp/2023/05/04/justica-investiga-morte-por-asfixia-de-passageiro-no-metro-de-ny.htm, skipping...
[ERROR - 2026-03-03 17:02:25,582 - Worker_1] Status code == 403 for https://noticias.uol.com.br/politica/ultimas-noticias/2023/05/05/ministra-da-cultura-diz-que-barrou-projeto-de-livro-de-armas-paraescolas.htm, skipping...
[ERROR - 2026-03-03 17:02:44,401 - Worker_4] Status code == 403 for https://tab.uol.com.br/noticias/redacao/2023/05/04/ritmo-de-festa-as-lutas-e-tristezas-formaram-roque-o-animador-da-tv.htm, skipping...
[ERROR - 2026-03-03 17:02:44,626 - Worker_3] Status code == 403 for https://noticias.uol.com.br/ultimas-noticias/redacao/2023/05/04/com-o-desafio-de-combater-o-racismo-no-futebol-observatorio-faz-9-anos.htm, skipping...
[ERROR - 2026-03-03 17:02:53,555 - Worker_2] Status code == 403 for https://tab.uol.com.br/noticias/redacao/2023/05/03/frota-abre-o-jogo-casamento-indiano-as-cegas-o-fretado-de-grife-e-mais.htm, skipping...
[ERROR - 2026-03-03 17:03:06,763 - Worker_2] Status code == 403 for https://tab.uol.com.br/videos/2023/04/27/brasil-para-maiores-ep-extra-frota-sobre-porno-se-fosse-la-fora-eu-teria-ganho-o-oscar-do-sexo.htm, skipping...
[ERROR - 2026-03-03 17:03:17,631 - Worker_0] Status code == 403 for https://tab.uol.com.br/noticias/redacao/2023/05/05/em-memorial-china-edita-passado-com-foco-no-exito-do-sistema-comunista.htm, skipping...
[ERROR - 2026-03-03 17:03:20,337 - Worker_2] Status code == 403 for https://tab.uol.com.br/noticias/redacao/2023/05/05/ser-travesti-e-posicao-politica-diz-major-que-pode-ser-expulsa-da-pmsc.htm, skipping...
[ERROR - 2026-03-03 17:03:53,529 - Worker_0] Status code == 403 for https://noticias.uol.com.br/colunas/jamil-chade/2023/05/05/fim-de-emergencia-abre-batalha-entre-brasil-e-ricos-sobre-vacina-e-pandemia.htm, skipping...
[ERROR - 2026-03-03 17:04:51,520 - Worker_1] Status code == 403 for https://tab.uol.com.br/noticias/redacao/2023/05/04/ritmo-de-festa-as-lutas-e-tristezas-formaram-roque-o-animador-da-tv.htm, skipping...
[ERROR - 2026-03-03 17:04:53,613 - Worker_3] Status code == 403 for https://tab.uol.com.br/colunas/luiza-sahd/2023/05/06/torturar-matar-e-fazer-stories-dentro-de-viatura-tudo-normal-no-brasil.htm, skipping...
[ERROR - 2026-03-03 17:04:59,951 - Worker_3] Status code == 403 for https://tab.uol.com.br/noticias/redacao/2023/05/03/frota-abre-o-jogo-casamento-indiano-as-cegas-o-fretado-de-grife-e-mais.htm, skipping...
[ERROR - 2026-03-03 17:05:04,432 - Worker_0] Status code == 403 for https://tab.uol.com.br/videos/2023/04/27/brasil-para-maiores-ep-extra-frota-sobre-porno-se-fosse-la-fora-eu-teria-ganho-o-oscar-do-sexo.htm, skipping...
[ERROR - 2026-03-03 17:05:15,186 - Worker_2] Status code == 403 for https://tab.uol.com.br/noticias/redacao/2023/05/05/ser-travesti-e-posicao-politica-diz-major-que-pode-ser-expulsa-da-pmsc.htm, skipping...
[ERROR - 2026-03-03 17:05:46,715 - Worker_1] Status code == 403 for https://noticias.uol.com.br/colunas/carlos-madeiro/2023/05/06/emergencia-da-covid-termina-com-65-de-criancas-sem-vacina-completa-no-pais.htm, skipping...
[ERROR - 2026-03-03 17:06:33,566 - Worker_1] Status code == 403 for https://noticias.uol.com.br/politica/ultimas-noticias/2023/05/05/valdemar-costa-neto-pl-bolsonaro-fechar-supremo.htm, skipping...
[ERROR - 2026-03-03 17:07:01,117 - Worker_1] Status code == 403 for https://noticias.uol.com.br/ultimas-noticias/redacao/2023/05/04/com-o-desafio-de-combater-o-racismo-no-futebol-observatorio-faz-9-anos.htm, skipping...
[ERROR - 2026-03-03 17:07:02,083 - Worker_0] Status code == 403 for https://tab.uol.com.br/colunas/luiza-sahd/2023/05/06/torturar-matar-e-fazer-stories-dentro-de-viatura-tudo-normal-no-brasil.htm, skipping...
[ERROR - 2026-03-03 17:07:02,089 - Worker_3] Status code == 403 for https://tab.uol.com.br/noticias/redacao/2023/05/04/ritmo-de-festa-as-lutas-e-tristezas-formaram-roque-o-animador-da-tv.htm, skipping...
[ERROR - 2026-03-03 17:07:10,323 - Worker_1] Status code == 403 for https://noticias.uol.com.br/cotidiano/ultimas-noticias/2023/05/06/homem-prisao-valparaiso-de-goias.htm, skipping...
[ERROR - 2026-03-03 17:07:13,756 - Worker_2] Status code == 403 for https://tab.uol.com.br/noticias/redacao/2023/05/03/frota-abre-o-jogo-casamento-indiano-as-cegas-o-fretado-de-grife-e-mais.htm, skipping...
[ERROR - 2026-03-03 17:07:20,100 - Worker_0] Status code == 403 for https://tab.uol.com.br/videos/2023/04/27/brasil-para-maiores-ep-extra-frota-sobre-porno-se-fosse-la-fora-eu-teria-ganho-o-oscar-do-sexo.htm, skipping...
[ERROR - 2026-03-03 17:07:22,786 - Worker_4] Status code == 403 for https://noticias.uol.com.br/colunas/pra-comecar-a-semana/2023/05/07/anderson-torres-depoe-na-pf-sobre-acoes-contra-lula-no-2-turno.htm, skipping...
[ERROR - 2026-03-03 17:07:27,260 - Worker_3] Status code == 404 for https://www.uol.com.br/universa/horoscopo/noticias/redacao/2023/05/07/escorpiao-so-pensa-em-sexo-veja-os-mitos-que-precisam-ser-desfeitos.htm, skipping...
[ERROR - 2026-03-03 17:07:31,801 - Worker_4] Status code == 403 for https://noticias.uol.com.br/colunas/leonardo-sakamoto/2023/05/07/por-que-lojas-do-carrefour-se-tornaram-areas-perigosas-para-pessoas-negras.htm, skipping...
[ERROR - 2026-03-03 17:07:37,824 - Worker_2] Status code == 403 for https://noticias.uol.com.br/colunas/jamil-chade/2023/05/07/carta-ao-google-assuma-sua-responsabilidade-pela-democracia.htm, skipping...
[ERROR - 2026-03-03 17:07:54,054 - Worker_1] Status code == 403 for https://tab.uol.com.br/noticias/redacao/2023/05/07/sem-monarquia-o-que-seriamos-em-vila-inglesa-festa-teve-baixa-adesao.htm, skipping...
[ERROR - 2026-03-03 17:07:55,026 - Worker_3] Status code == 403 for https://noticias.uol.com.br/internacional/ultimas-noticias/2023/05/07/por-que-a-russia-esta-espalhando-dentes-de-dragao-em-suas-fronteiras.htm, skipping...
[ERROR - 2026-03-03 17:07:57,925 - Worker_4] Status code == 403 for https://noticias.uol.com.br/politica/ultimas-noticias/2023/05/07/kassio-nunes-marques-stf-hospital.htm, skipping...
[ERROR - 2026-03-03 17:08:02,039 - Worker_4] Status code == 403 for https://noticias.uol.com.br/colunas/fernanda-magnotta/2023/05/07/cerimonia-de-charles-3-coroa-nosso-seculo-de-contradicoes.htm, skipping...
[ERROR - 2026-03-03 17:08:08,461 - Worker_1] Status code == 403 for https://noticias.uol.com.br/politica/ultimas-noticias/2023/05/05/enfermeiras-usadas-em-fraude-de-vacinas-por-mauro-cid-em-go-estao-afastadas.htm, skipping...
[ERROR - 2026-03-03 17:08:12,317 - Worker_2] Status code == 403 for https://noticias.uol.com.br/ultimas-noticias/deutschewelle/2023/05/06/por-que-a-alemanha-tem-fama-de-ser-paraiso-para-a-mafia.htm, skipping...
[ERROR - 2026-03-03 17:08:16,417 - Worker_2] Status code == 403 for https://noticias.uol.com.br/colunas/jamil-chade/2023/05/07/eua-pedem-ao-brasil-para-convencer-china-sobre-nova-operacao-no-haiti.htm, skipping...
[ERROR - 2026-03-03 17:08:16,449 - Worker_3] Status code == 403 for https://noticias.uol.com.br/saude/ultimas-noticias/redacao/2023/05/07/pronunciamento-ministra-da-saude.htm, skipping...
[ERROR - 2026-03-03 17:08:22,260 - Worker_1] Status code == 403 for https://noticias.uol.com.br/colunas/chico-alves/2023/05/07/anderson-torres-disse-a-senadores-que-seguranca-no-81-nao-dependia-so-dele.htm, skipping...
[ERROR - 2026-03-03 17:08:32,252 - Worker_3] Status code == 403 for https://noticias.uol.com.br/internacional/ultimas-noticias/2023/05/07/texas-homem-e-preso-apos-atropelar-grupo-de-pessoas-7-morreram.htm, skipping...
[ERROR - 2026-03-03 17:08:33,433 - Worker_1] Status code == 403 for https://noticias.uol.com.br/cotidiano/ultimas-noticias/2023/05/07/jovem-embriagada-xinga-pms-no-df.htm, skipping...
[ERROR - 2026-03-03 17:08:44,546 - Worker_0] Status code == 403 for https://noticias.uol.com.br/colunas/juliana-dal-piva/2023/05/07/bolsonaristas-veem-erros-em-serie-e-avaliam-despreparo-de-pl-com-michelle.htm, skipping...
[ERROR - 2026-03-03 17:08:45,286 - Worker_3] Status code == 403 for https://noticias.uol.com.br/cotidiano/ultimas-noticias/2023/05/07/nova-acao-ibama-prf-roraima-garimpo-ilegal.htm, skipping...
[ERROR - 2026-03-03 17:08:56,589 - Worker_4] Status code == 403 for https://economia.uol.com.br/imposto-de-renda/noticias/redacao/2023/03/09/imposto-de-renda-2023-receita-libera-download-do-programa.htm, skipping...
[ERROR - 2026-03-03 17:09:01,714 - Worker_0] Status code == 403 for https://noticias.uol.com.br/cotidiano/ultimas-noticias/2023/05/08/menina-de-10-anos-morre-em-capotamento-de-carro-no-parana.htm, skipping...
[ERROR - 2026-03-03 17:09:04,983 - Worker_1] Status code == 403 for https://noticias.uol.com.br/colunas/jamil-chade/2023/05/08/agu-quer-destinar-dinheiro-de-acordos-de-leniencia-para-financiar-educacao.htm, skipping...
[ERROR - 2026-03-03 17:09:09,883 - Worker_2] Status code == 403 for https://noticias.uol.com.br/colunas/madeleine-lacsko/2023/05/08/as-cotas-falharam-com-as-mulheres-na-politica-brasileira.htm, skipping...
[ERROR - 2026-03-03 17:09:10,696 - Worker_0] Status code == 403 for https://noticias.uol.com.br/politica/ultimas-noticias/2023/05/08/apos-derrotas-lula-manda-ministros-cobrarem-votos-de-lideres-no-congresso.htm, skipping...
[ERROR - 2026-03-03 17:09:11,643 - Worker_3] Status code == 403 for https://noticias.uol.com.br/colunas/josias-de-souza/2023/05/08/galipolo-chega-a-diretoria-do-bc-como-futuro-sucessor-de-campos-neto.htm, skipping...
[ERROR - 2026-03-03 17:09:16,009 - Worker_3] Status code == 403 for https://noticias.uol.com.br/cotidiano/ultimas-noticias/2023/05/08/perseguicao-moto-osasco.htm, skipping...
[ERROR - 2026-03-03 17:09:18,713 - Worker_2] Status code == 403 for https://economia.uol.com.br/colunas/jose-paulo-kupfer/2023/05/08/numero-2-de-haddad-no-bc-e-aposta-de-cunha-para-pressionar-corte-nos-juros.htm, skipping...
[ERROR - 2026-03-03 17:09:20,380 - Worker_3] Status code == 403 for https://noticias.uol.com.br/ultimas-noticias/redacao/2023/05/04/com-o-desafio-de-combater-o-racismo-no-futebol-observatorio-faz-9-anos.htm, skipping...
[ERROR - 2026-03-03 17:09:21,866 - Worker_1] Status code == 403 for https://tab.uol.com.br/noticias/redacao/2023/05/04/ritmo-de-festa-as-lutas-e-tristezas-formaram-roque-o-animador-da-tv.htm, skipping...
[ERROR - 2026-03-03 17:09:23,065 - Worker_2] Status code == 403 for https://noticias.uol.com.br/colunas/juliana-dal-piva/2023/05/08/ex-integrantes-do-governo-bolsonaro-veem-audios-de-elcio-como-gravissimos.htm, skipping...
[ERROR - 2026-03-03 17:09:29,168 - Worker_4] Status code == 403 for https://noticias.uol.com.br/internacional/ultimas-noticias/2023/05/08/gato-e-resgatado-e-reencontra-tutora-depois-de-10-anos-desaparecido.htm, skipping...
[ERROR - 2026-03-03 17:09:40,876 - Worker_3] Status code == 403 for https://noticias.uol.com.br/colunas/rogerio-gentile/2023/05/08/justica-condena-quadrilha-acusada-de-enganar-mulheres-e-levar-r-17-milhoes.htm, skipping...
[ERROR - 2026-03-03 17:09:54,522 - Worker_2] Status code == 403 for https://noticias.uol.com.br/cotidiano/ultimas-noticias/2023/05/08/menina-morre-baleada-fortaleza.htm, skipping...
[ERROR - 2026-03-03 17:09:58,620 - Worker_2] Status code == 403 for https://noticias.uol.com.br/politica/ultimas-noticias/2023/05/08/pf-anderson-torres-depoimento-operacao-prf.htm, skipping...
[ERROR - 2026-03-03 17:10:02,742 - Worker_2] Status code == 403 for https://noticias.uol.com.br/ultimas-noticias/rfi/2023/05/08/evitar-tentacao-por-que-o-governo-frances-proibiu-a-venda-de-piscinas.htm, skipping...
[ERROR - 2026-03-03 17:10:04,258 - Worker_4] Status code == 403 for https://noticias.uol.com.br/colunas/leonardo-sakamoto/2023/05/08/audios-golpistas-indicam-que-cpi-sera-uma-catastrofe-para-o-bolsonarismo.htm, skipping...
[ERROR - 2026-03-03 17:10:04,957 - Worker_1] Status code == 403 for https://tab.uol.com.br/noticias/redacao/2023/05/08/reporter-enrola-no-curso-para-procrastinadores-anonimos-mas-aprende-algo.htm, skipping...
[ERROR - 2026-03-03 17:10:06,851 - Worker_2] Status code == 403 for https://noticias.uol.com.br/politica/ultimas-noticias/2023/05/08/tales-haddad-faz-boa-jogada-e-acena-com-pacificacao-para-campos-neto.htm, skipping...
[ERROR - 2026-03-03 17:10:08,288 - Worker_3] Status code == 403 for https://noticias.uol.com.br/colunas/carlos-madeiro/2023/05/08/malas-coloridas-nova-estrategia-do-trafico-de-drogas-a-europa-intriga-pf.htm, skipping...
[ERROR - 2026-03-03 17:10:11,385 - Worker_1] Status code == 403 for https://noticias.uol.com.br/politica/ultimas-noticias/2023/05/08/ailton-barros-elcio-franco-golpe-aliados-bolsonaro.htm, skipping...
[ERROR - 2026-03-03 17:10:14,392 - Worker_2] Status code == 403 for https://noticias.uol.com.br/colunas/rogerio-gentile/2023/05/08/justica-manda-globo-pagar-r-15-mil-por-informacao-falsa-no-bom-dia-sp.htm, skipping...
[ERROR - 2026-03-03 17:10:15,393 - Worker_0] Status code == 403 for https://economia.uol.com.br/noticias/redacao/2023/05/08/entrevista-dupont.htm, skipping...
[ERROR - 2026-03-03 17:10:20,741 - Worker_4] Status code == 403 for https://noticias.uol.com.br/cotidiano/ultimas-noticias/2023/05/08/saco-no-pe-bombas-e-350-policiais-o-que-se-sabe-sobre-mega-assalto-no-mt.htm, skipping...
[ERROR - 2026-03-03 17:10:21,602 - Worker_3] Status code == 403 for https://noticias.uol.com.br/internacional/ultimas-noticias/2023/05/08/mulher-finge-o-proprio-sequestro-apos-nao-se-formar-na-faculdade.htm, skipping...
[ERROR - 2026-03-03 17:10:27,123 - Worker_4] Status code == 403 for https://noticias.uol.com.br/politica/ultimas-noticias/2023/05/07/stf-julgamento-acusados-atos-golpistas-8-de-janeiro.htm, skipping...
[ERROR - 2026-03-03 17:10:27,554 - Worker_2] Status code == 403 for https://noticias.uol.com.br/cotidiano/ultimas-noticias/2023/05/08/deputado-assaltado-em-casa.htm, skipping...
[ERROR - 2026-03-03 17:10:31,660 - Worker_2] Status code == 403 for https://noticias.uol.com.br/colunas/thais-oyama/2023/05/08/lula-e-bolsonaro-tem-duelo-com-data-e-hora-marcada-eleicao-municipal-de-sp.htm, skipping...
[ERROR - 2026-03-03 17:10:34,797 - Worker_3] Status code == 403 for https://noticias.uol.com.br/cotidiano/ultimas-noticias/2023/05/08/homem-preso-dentro-de-aviao-aeroporto-belem-pensao.htm, skipping...
[ERROR - 2026-03-03 17:10:43,527 - Worker_3] Status code == 403 for https://noticias.uol.com.br/ultimas-noticias/rfi/2023/05/08/alemao-neonazista-e-condenado-a-tres-anos-de-prisao-por-promover-guerra-racial.htm, skipping...
[ERROR - 2026-03-03 17:10:49,077 - Worker_0] Status code == 403 for https://noticias.uol.com.br/cotidiano/ultimas-noticias/2023/05/08/bebe-desaparecido-florianopolis-encontrado-sao-paulo.htm, skipping...
[ERROR - 2026-03-03 17:10:50,694 - Worker_4] Status code == 403 for https://tab.uol.com.br/noticias/redacao/2023/05/08/minha-vida-so-piorou-relato-de-um-ex-incel-brasileiro.htm, skipping...
[ERROR - 2026-03-03 17:11:00,921 - Worker_2] Status code == 403 for https://noticias.uol.com.br/ultimas-noticias/agencia-brasil/2023/05/08/morre-pesquisador-marcelo-zelic-defensor-dos-povos-indigenas.htm, skipping...
[ERROR - 2026-03-03 17:11:05,927 - Worker_3] Status code == 403 for https://tab.uol.com.br/noticias/redacao/2023/05/09/sp-e-a-ovelha-negra-do-brasil-o-real-ultimo-show-de-rita-10-anos-atras.htm, skipping...
[ERROR - 2026-03-03 17:11:10,030 - Worker_3] Status code == 403 for https://noticias.uol.com.br/internacional/ultimas-noticias/2023/05/09/juri-donald-trump-caso-de-estupro.htm, skipping...
[ERROR - 2026-03-03 17:11:12,070 - Worker_4] Status code == 403 for https://noticias.uol.com.br/politica/ultimas-noticias/2023/05/09/se-o-senhor-e-da-swat-eu-sou-dos-vingadores-diz-dino-a-marcos-do-val.htm, skipping...
[ERROR - 2026-03-03 17:11:14,385 - Worker_2] Status code == 403 for https://noticias.uol.com.br/ultimas-noticias/redacao/2023/05/04/com-o-desafio-de-combater-o-racismo-no-futebol-observatorio-faz-9-anos.htm, skipping...
[ERROR - 2026-03-03 17:11:17,821 - Worker_1] Status code == 403 for https://noticias.uol.com.br/cotidiano/ultimas-noticias/2023/05/09/mp-bebe-levado-clandestinamente-a-sp-transferencia-sc.htm, skipping...
[ERROR - 2026-03-03 17:11:22,090 - Worker_4] Status code == 403 for https://noticias.uol.com.br/politica/ultimas-noticias/2023/05/09/mpf-telegram-explicacoes-mensagem-pl-das-fake-news.htm, skipping...
[ERROR - 2026-03-03 17:11:26,369 - Worker_1] Status code == 403 for https://noticias.uol.com.br/politica/ultimas-noticias/2023/05/09/david-miranda-morre.htm, skipping...
[ERROR - 2026-03-03 17:11:32,487 - Worker_3] Status code == 403 for https://tab.uol.com.br/colunas/matheus-pichonelli/2023/05/09/tirar-remuneracao-a-jornalistas-do-pl-das-fake-news-e-erro-crasso.htm, skipping...
[ERROR - 2026-03-03 17:11:41,684 - Worker_4] Status code == 403 for https://noticias.uol.com.br/politica/ultimas-noticias/2023/05/09/lira-principal-reforma-e-nao-retroceder-o-que-ja-foi-aprovado.htm, skipping...
[ERROR - 2026-03-03 17:11:41,686 - Worker_3] Status code == 403 for https://noticias.uol.com.br/colunas/balaio-do-kotscho/2023/05/09/madame-lee-era-sempre-uma-festa-ambulante-perto-dela-nao-havia-tristeza.htm, skipping...
[ERROR - 2026-03-03 17:11:57,096 - Worker_3] Status code == 403 for https://noticias.uol.com.br/cotidiano/ultimas-noticias/2023/05/09/vereador-morto-goias-itaguaru.htm, skipping...
[ERROR - 2026-03-03 17:11:57,505 - Worker_2] Status code == 403 for https://noticias.uol.com.br/politica/ultimas-noticias/2023/05/09/velorio-david-miranda.htm, skipping...
[ERROR - 2026-03-03 17:12:02,918 - Worker_1] Status code == 403 for https://noticias.uol.com.br/politica/ultimas-noticias/2023/05/09/itamar-vieira-junior-democracia-brasil.htm, skipping...
[ERROR - 2026-03-03 17:12:03,377 - Worker_0] Status code == 403 for https://noticias.uol.com.br/ultimas-noticias/redacao/2023/05/08/indicacao-de-galipolo-ao-bc-tem-algum-objetivo-mas-qual.htm, skipping...
[ERROR - 2026-03-03 17:12:05,821 - Worker_3] Status code == 403 for https://noticias.uol.com.br/politica/ultimas-noticias/2023/05/09/o-que-se-sabe-sobre-a-morte-do-david-miranda.htm, skipping...
[ERROR - 2026-03-03 17:12:05,990 - Worker_2] Status code == 403 for https://noticias.uol.com.br/colunas/chico-alves/2023/05/09/deputado-usa-metodos-do-escola-sem-partido-e-persegue-professores-em-go.htm, skipping...
[ERROR - 2026-03-03 17:12:08,261 - Worker_4] Status code == 403 for https://noticias.uol.com.br/meio-ambiente/ultimas-noticias/redacao/2023/05/09/esta-vila-de-taturanas-vai-te-fazer-olhar-2-vezes-para-tocar-numa-arvore.htm, skipping...
[ERROR - 2026-03-03 17:12:12,578 - Worker_4] Status code == 403 for https://tab.uol.com.br/noticias/redacao/2023/05/09/confusao-tao-grande-thiago-causa-mal-estar-na-familia-brennand.htm, skipping...
[ERROR - 2026-03-03 17:12:14,533 - Worker_2] Status code == 403 for https://noticias.uol.com.br/ultimas-noticias/2023/05/09/mega-sena-sorteia-premio-estimado-em-r-40-milhoes-confira-os-numeros.htm, skipping...
[ERROR - 2026-03-03 17:12:21,297 - Worker_4] Status code == 403 for https://noticias.uol.com.br/ultimas-noticias/afp/2023/05/09/franca-proibe-manifestacoes-de-grupos-da-extrema-direita.htm, skipping...
[ERROR - 2026-03-03 17:12:23,581 - Worker_2] Status code == 403 for https://noticias.uol.com.br/politica/ultimas-noticias/2023/05/09/vereador-preso-sidrolandia.htm, skipping...
[ERROR - 2026-03-03 17:12:24,650 - Worker_1] Status code == 403 for https://noticias.uol.com.br/cotidiano/ultimas-noticias/2023/05/09/dono-pousada-morto-rn.htm, skipping...
[ERROR - 2026-03-03 17:12:29,022 - Worker_1] Status code == 403 for https://noticias.uol.com.br/ultimas-noticias/reuters/2023/05/09/russia-dispara-misseis-contra-ucrania-no-dia-da-vitoria-kiev-celebra-com-europa.htm, skipping...
[ERROR - 2026-03-03 17:12:33,393 - Worker_1] Status code == 403 for https://noticias.uol.com.br/cotidiano/ultimas-noticias/2023/05/09/morte-suspeito-cacada-criminosos-mega-assalto-tocantins.htm, skipping...
[ERROR - 2026-03-03 17:12:54,599 - Worker_2] Status code == 403 for https://noticias.uol.com.br/politica/ultimas-noticias/2023/05/09/lula-decreta-luto-oficial-de-3-dias-por-morte-de-rita-lee.htm, skipping...
[ERROR - 2026-03-03 17:12:54,600 - Worker_3] Status code == 403 for https://tab.uol.com.br/noticias/redacao/2023/05/09/o-que-rita-deixou-foi-muito-mais-que-musica.htm, skipping...
[ERROR - 2026-03-03 17:13:00,115 - Worker_4] Status code == 403 for https://noticias.uol.com.br/colunas/leonardo-sakamoto/2023/05/09/rastros-do-golpismo-de-aliados-de-bolsonaro-substituem-o-papel-da-delacao.htm, skipping...
[ERROR - 2026-03-03 17:13:04,472 - Worker_4] Status code == 403 for https://noticias.uol.com.br/ultimas-noticias/afp/2023/05/09/autopsias-de-vitimas-de-seita-no-quenia-revelam-ausencia-de-orgaos.htm, skipping...
[ERROR - 2026-03-03 17:13:04,762 - Worker_2] Status code == 403 for https://tab.uol.com.br/noticias/redacao/2023/05/08/minha-vida-so-piorou-relato-de-um-ex-incel-brasileiro.htm, skipping...
[ERROR - 2026-03-03 17:13:08,055 - Worker_0] Status code == 403 for https://noticias.uol.com.br/ultimas-noticias/afp/2023/05/10/justica-francesa-investiga-morte-de-jornalista-da-afp-na-ucrania-como-possivel-crime-de-guerra.htm, skipping...
[ERROR - 2026-03-03 17:13:09,111 - Worker_3] Status code == 403 for https://noticias.uol.com.br/colunas/chico-alves/2023/05/10/flavio-dino-responde-a-quem-pede-que-concorra-a-presidente-em-2026.htm, skipping...
[ERROR - 2026-03-03 17:13:15,229 - Worker_2] Status code == 403 for https://noticias.uol.com.br/cotidiano/ultimas-noticias/2023/05/10/com-2-morte-em-24-h-no-to-cacada-apos-mega-assalto-tem-17-mortos.htm, skipping...
[ERROR - 2026-03-03 17:13:25,645 - Worker_4] Failed to connect with https://www.uol.com.br/vivabem/noticias/redacao/2023/05/10/cada-parte-sente-um-gosto-cura-rapido-10-mitos-e-verdades-sobre-a-lingua.htm after 3 attempts, skipping...
[ERROR - 2026-03-03 17:13:31,508 - Worker_1] Status code == 403 for https://noticias.uol.com.br/colunas/balaio-do-kotscho/2023/05/10/por-que-julgamentos-no-stf-terminam-quase-sempre-com-placar-de-8-a-2.htm, skipping...
[ERROR - 2026-03-03 17:13:32,892 - Worker_3] Status code == 403 for https://noticias.uol.com.br/ultimas-noticias/redacao/2023/05/10/escandalo-das-apostas-era-previsivel.htm, skipping...
[ERROR - 2026-03-03 17:13:49,985 - Worker_1] Status code == 403 for https://noticias.uol.com.br/ultimas-noticias/ansa/2023/05/10/vaticano-tem-128-notificacoes-sobre-lavagem-de-dinheiro.htm, skipping...
[ERROR - 2026-03-03 17:13:50,215 - Worker_4] Status code == 403 for https://noticias.uol.com.br/politica/ultimas-noticias/2023/05/10/mpf-denuncia-prefeito-de-guaruja-e-mais-7-por-desvios-na-saude-na-pandemia.htm, skipping...
[ERROR - 2026-03-03 17:13:58,782 - Worker_1] Status code == 403 for https://noticias.uol.com.br/cotidiano/ultimas-noticias/2023/05/09/o-que-e-swat-existe-no-brasil-uma-policia-como-a-dos-eua.htm, skipping...
[ERROR - 2026-03-03 17:14:01,035 - Worker_4] Status code == 403 for https://noticias.uol.com.br/colunas/josias-de-souza/2023/05/10/congressistas-encolhem-ao-terceirizar-enquadramento-de-big-techs-ao-supremo.htm, skipping...
[ERROR - 2026-03-03 17:14:04,129 - Worker_3] Status code == 403 for https://noticias.uol.com.br/colunas/reinaldo-azevedo/2023/05/10/o-e-da-coisa-milicos-golpistas-sem-privilegios-super-dino-destroi-idiotas.htm, skipping...
[ERROR - 2026-03-03 17:14:05,219 - Worker_4] Status code == 403 for https://noticias.uol.com.br/politica/ultimas-noticias/2023/05/10/tales-aliados-estudam-michelle-bolsonaro-para-candidata-a-prefeita-do-rio.htm, skipping...
[ERROR - 2026-03-03 17:14:08,258 - Worker_3] Status code == 403 for https://noticias.uol.com.br/cotidiano/ultimas-noticias/2023/05/10/mulher-morre-lipoescultura-clinica-divinopolis-mg.htm, skipping...
[ERROR - 2026-03-03 17:14:09,367 - Worker_4] Status code == 403 for https://noticias.uol.com.br/cotidiano/ultimas-noticias/2023/05/10/me-botaram-dentro-da-caixinha-idosa-celebra-107-anos-com-festa-da-barbie.htm, skipping...
[ERROR - 2026-03-03 17:14:14,965 - Worker_3] Status code == 403 for https://noticias.uol.com.br/colunas/rogerio-gentile/2023/05/10/apresentador-do-sbt-e-condenado-por-importunacao-sexual-a-simony.htm, skipping...
[ERROR - 2026-03-03 17:14:14,965 - Worker_0] Status code == 403 for https://noticias.uol.com.br/politica/ultimas-noticias/2023/05/10/eles-sao-o-futuro-da-fab-tudo-sobre-os-cacas-visitados-por-lula-em-sp.htm, skipping...
[ERROR - 2026-03-03 17:14:19,067 - Worker_0] Status code == 403 for https://noticias.uol.com.br/politica/ultimas-noticias/2023/05/10/stf-julgamento-decreto-perdao-daniel-silveira-bolsonaro.htm, skipping...
[ERROR - 2026-03-03 17:14:21,663 - Worker_3] Status code == 403 for https://tab.uol.com.br/noticias/redacao/2023/05/09/confusao-tao-grande-thiago-causa-mal-estar-na-familia-brennand.htm, skipping...
[ERROR - 2026-03-03 17:14:23,164 - Worker_0] Status code == 403 for https://noticias.uol.com.br/cotidiano/ultimas-noticias/2023/05/10/ex-namorada-homem-linchado-guaruja.htm, skipping...
[ERROR - 2026-03-03 17:14:27,293 - Worker_0] Status code == 403 for https://noticias.uol.com.br/colunas/carlos-madeiro/2023/05/08/malas-coloridas-nova-estrategia-do-trafico-de-drogas-a-europa-intriga-pf.htm, skipping...
[ERROR - 2026-03-03 17:14:29,167 - Worker_4] Status code == 403 for https://noticias.uol.com.br/politica/ultimas-noticias/2023/05/10/telegram-cumpre-ordem-de-moraes-e-apaga-mensagem-contra-pl-das-fake-news.htm, skipping...
[ERROR - 2026-03-03 17:14:33,274 - Worker_4] Status code == 403 for https://noticias.uol.com.br/colunas/aguirre-talento/2023/05/10/mauro-cid-muda-defesa-e-substitui-advogado-ligado-a-familia-bolsonaro.htm, skipping...
[ERROR - 2026-03-03 17:14:36,103 - Worker_2] Status code == 403 for https://noticias.uol.com.br/colunas/leonardo-sakamoto/2023/05/10/prisao-de-daniel-silveira-vira-assombracao-ao-mostrar-futuro-a-golpistas.htm, skipping...
[ERROR - 2026-03-03 17:14:36,383 - Worker_0] Status code == 403 for https://noticias.uol.com.br/politica/ultimas-noticias/2023/05/10/dino-inquerito-pf-competicoes-esportivas.htm, skipping...
[ERROR - 2026-03-03 17:14:40,361 - Worker_2] Status code == 403 for https://tab.uol.com.br/colunas/luiza-sahd/2023/05/10/rita-lee-jones-a-mulher-que-viveu-no-ano-3000.htm, skipping...
[ERROR - 2026-03-03 17:14:47,597 - Worker_1] Status code == 403 for https://noticias.uol.com.br/cotidiano/ultimas-noticias/2023/05/09/caso-pavesi-medico-que-retirou-orgaos-de-crianca-viva-e-preso-em-sp.htm, skipping...
[ERROR - 2026-03-03 17:14:49,347 - Worker_4] Status code == 403 for https://tab.uol.com.br/noticias/redacao/2023/05/10/roque-vida-de-ex-incel-coroacao-do-rei-e-mais.htm, skipping...
[ERROR - 2026-03-03 17:14:52,607 - Worker_0] Status code == 403 for https://noticias.uol.com.br/politica/ultimas-noticias/2023/05/10/daniel-silveira-indulto-stf-revisao-pena-entenda.htm, skipping...
[ERROR - 2026-03-03 17:14:58,980 - Worker_0] Status code == 403 for https://noticias.uol.com.br/politica/ultimas-noticias/2023/05/10/ministro-gsi-privilegio-exercito-pensao.htm, skipping...
[ERROR - 2026-03-03 17:15:07,262 - Worker_2] Status code == 403 for https://tab.uol.com.br/noticias/redacao/2023/05/08/minha-vida-so-piorou-relato-de-um-ex-incel-brasileiro.htm, skipping...
[ERROR - 2026-03-03 17:15:11,365 - Worker_2] Status code == 403 for https://noticias.uol.com.br/cotidiano/ultimas-noticias/2023/05/11/jovem-negro-agredido-no-carrefour-por-furtar-leite-denuncia-segurancas.htm, skipping...
[ERROR - 2026-03-03 17:15:13,641 - Worker_3] Status code == 403 for https://noticias.uol.com.br/politica/ultimas-noticias/2023/05/11/mmoraes-manda-soltar-torres.htm, skipping...
[ERROR - 2026-03-03 17:15:13,810 - Worker_4] Status code == 403 for https://noticias.uol.com.br/politica/ultimas-noticias/2023/05/11/defesa-se-manifesta-apos-soltura-de-anderson-torres-maior-interessado.htm, skipping...
[ERROR - 2026-03-03 17:15:17,731 - Worker_0] Status code == 403 for https://noticias.uol.com.br/cotidiano/ultimas-noticias/2023/05/11/caminhonete-perde-o-controle-e-cai-em-cratera-no-maranhao.htm, skipping...
[ERROR - 2026-03-03 17:15:18,661 - Worker_1] Status code == 403 for https://noticias.uol.com.br/colunas/carolina-brigido/2023/05/11/super-poderes-de-alexandre-de-moraes-incomodam-setores-do-stf-e-do-mpf.htm, skipping...
[ERROR - 2026-03-03 17:15:31,610 - Worker_0] Status code == 403 for https://noticias.uol.com.br/cotidiano/ultimas-noticias/2023/05/11/deputado-retirado-de-aviao-diz-que-nao-negou-revista-foi-discriminatorio.htm, skipping...
[ERROR - 2026-03-03 17:15:31,755 - Worker_3] Status code == 403 for https://noticias.uol.com.br/internacional/ultimas-noticias/2023/05/11/casal-brasileiros-morte-estados-unidos-eua.htm, skipping...
[ERROR - 2026-03-03 17:15:37,636 - Worker_4] Status code == 403 for https://noticias.uol.com.br/ultimas-noticias/redacao/2023/05/10/escandalo-das-apostas-era-previsivel.htm, skipping...
[ERROR - 2026-03-03 17:15:39,406 - Worker_2] Status code == 403 for https://noticias.uol.com.br/politica/ultimas-noticias/2023/05/11/governo-nomeia-ex-deputado-que-ja-propos-desesquerdizacao-do-governo.htm, skipping...
[ERROR - 2026-03-03 17:15:40,440 - Worker_0] Status code == 403 for https://noticias.uol.com.br/politica/ultimas-noticias/2023/05/11/relator-do-arcabouco-reclama-de-fogo-amigo-do-pt-governo-precisa-ajudar.htm, skipping...
[ERROR - 2026-03-03 17:15:41,800 - Worker_4] Status code == 403 for https://noticias.uol.com.br/politica/ultimas-noticias/2023/05/11/carla-zambelli-acao-civil-vaquinha.htm, skipping...
[ERROR - 2026-03-03 17:15:44,580 - Worker_0] Status code == 403 for https://noticias.uol.com.br/cotidiano/ultimas-noticias/2023/05/11/pescador-e-nocauteado-ao-capturar-peixe-monstro-de-25-m-na-amazonia.htm, skipping...
[ERROR - 2026-03-03 17:15:45,299 - Worker_1] Status code == 403 for https://tab.uol.com.br/noticias/redacao/2023/05/11/o-agro-e-hype-por-dentro-da-producao-do-agronejo-sensacao-musical-do-pais.htm, skipping...
[ERROR - 2026-03-03 17:15:45,791 - Worker_3] Status code == 403 for https://noticias.uol.com.br/internacional/ultimas-noticias/2023/05/11/candidato-turquia-presidencia.htm, skipping...
[ERROR - 2026-03-03 17:15:45,891 - Worker_4] Status code == 403 for https://noticias.uol.com.br/politica/ultimas-noticias/2023/05/11/ex-ministro-carlos-horbach-desiste-de-vaga-no-tse-para-advogar.htm, skipping...
[ERROR - 2026-03-03 17:16:01,512 - Worker_4] Status code == 403 for https://noticias.uol.com.br/cotidiano/ultimas-noticias/2023/05/11/policia-bingo-sao-paulo.htm, skipping...
[ERROR - 2026-03-03 17:16:02,053 - Worker_3] Status code == 403 for https://noticias.uol.com.br/politica/ultimas-noticias/2023/05/11/deputado-mario-frias-xinga-e-derruba-celular-de-jornalista-em-comissao.htm, skipping...
[ERROR - 2026-03-03 17:16:02,460 - Worker_2] Status code == 403 for https://noticias.uol.com.br/cotidiano/ultimas-noticias/2023/05/11/assassinos-latrocinio-df-condenados-25-anos-de-prisao.htm, skipping...
[ERROR - 2026-03-03 17:16:05,328 - Worker_1] Status code == 403 for https://noticias.uol.com.br/cotidiano/ultimas-noticias/2023/05/11/jovem-de-19-anos-e-presa-novamente-ao-fingir-ser-agente-da-pf-no-am.htm, skipping...
[ERROR - 2026-03-03 17:16:05,613 - Worker_4] Status code == 403 for https://noticias.uol.com.br/internacional/ultimas-noticias/2023/05/11/celso-amorim-visita-a-ucrania-veja-fotos-do-pais-antes-e-depois-da-guerra.htm, skipping...
[ERROR - 2026-03-03 17:16:06,555 - Worker_2] Status code == 403 for https://noticias.uol.com.br/politica/ultimas-noticias/2023/05/11/parlamentares-aplaudem-decisao-de.htm, skipping...
[ERROR - 2026-03-03 17:16:09,883 - Worker_0] Status code == 403 for https://noticias.uol.com.br/colunas/chico-alves/2023/05/11/lira-promete-fim-de-baixarias-na-camara-mas-bolsonarismo-mantem-selvageria.htm, skipping...
[ERROR - 2026-03-03 17:16:14,264 - Worker_0] Status code == 403 for https://noticias.uol.com.br/colunas/leonardo-sakamoto/2023/05/11/lei-aurea-135-anos-brasil-resgata-maior-numero-de-escravizados-desde-2008.htm, skipping...
[ERROR - 2026-03-03 17:16:14,434 - Worker_4] Status code == 403 for https://noticias.uol.com.br/colunas/fabiola-cidral/2023/05/11/dinoshow-vai-continuar-ministro-se-diverte-ao-combater-bolsonaristas.htm, skipping...
[ERROR - 2026-03-03 17:16:18,669 - Worker_4] Status code == 403 for https://tab.uol.com.br/noticias/redacao/2023/05/11/escola-de-go-que-demitiu-professora-tem-helio-oiticica-no-material-didatico.htm, skipping...
[ERROR - 2026-03-03 17:16:19,656 - Worker_3] Status code == 403 for https://noticias.uol.com.br/politica/ultimas-noticias/2023/05/11/leia-a-integra-da-decisao-de-moraes.htm, skipping...
[ERROR - 2026-03-03 17:16:27,696 - Worker_4] Status code == 403 for https://noticias.uol.com.br/cotidiano/ultimas-noticias/2023/05/11/cachorro-foge-de-casa-e-pega-onibus.htm, skipping...
[ERROR - 2026-03-03 17:16:29,039 - Worker_0] Status code == 403 for https://noticias.uol.com.br/colunas/juliana-dal-piva/2023/05/11/depositos-sem-origem-carlos-e-ex-de-bolsonaro-receberam-r-477-mil-em-cash.htm, skipping...
[ERROR - 2026-03-03 17:16:32,075 - Worker_4] Status code == 403 for https://noticias.uol.com.br/colunas/thais-oyama/2023/05/11/alexandre-de-moraes-nao-quer-so-aplicar-a-lei-mas-ditar-a-moral.htm, skipping...
[ERROR - 2026-03-03 17:16:33,398 - Worker_0] Status code == 403 for https://noticias.uol.com.br/colunas/rogerio-gentile/2023/05/11/laudo-judicial-aponta-que-musica-de-roberto-carlos-e-plagio.htm, skipping...
[ERROR - 2026-03-03 17:16:35,811 - Worker_2] Status code == 403 for https://noticias.uol.com.br/cotidiano/ultimas-noticias/2023/05/11/ele-passou-quase-metade-da-vida-no-crack-um-dia-cansei-de-comer-do-lixo.htm, skipping...
[ERROR - 2026-03-03 17:16:39,974 - Worker_3] Status code == 403 for https://noticias.uol.com.br/politica/ultimas-noticias/2023/05/11/lula-discurso-lei-paulo-gustavo-mulher-palco.htm, skipping...
[ERROR - 2026-03-03 17:16:45,160 - Worker_1] Status code == 403 for https://tab.uol.com.br/noticias/redacao/2023/05/10/roque-vida-de-ex-incel-coroacao-do-rei-e-mais.htm, skipping...
[ERROR - 2026-03-03 17:16:50,127 - Worker_2] Status code == 403 for https://noticias.uol.com.br/cotidiano/ultimas-noticias/2023/05/10/homem-e-condenado-a-mais-de-mil-anos-por-estuprar-enteada-ao-menos-90-vezes.htm, skipping...
[ERROR - 2026-03-03 17:16:54,227 - Worker_2] Status code == 403 for https://noticias.uol.com.br/ultimas-noticias/2023/05/11/mega-sena-concurso-2591-sorteio-11-de-maio.htm, skipping...
[ERROR - 2026-03-03 17:17:08,335 - Worker_2] Status code == 403 for https://noticias.uol.com.br/colunas/madeleine-lacsko/2023/05/11/a-treta-do-telegram-e-nosso-amor-pela-democracia.htm, skipping...
[ERROR - 2026-03-03 17:17:10,966 - Worker_4] Status code == 403 for https://noticias.uol.com.br/cotidiano/ultimas-noticias/2023/05/11/jovem-e-agredido-por-pm-de-folga-por-causa-de-bola-em-escola-do-parana.htm, skipping...
[ERROR - 2026-03-03 17:17:12,436 - Worker_2] Status code == 403 for https://noticias.uol.com.br/colunas/josias-de-souza/2023/05/11/com-torres-solto-agora-e-cid-quem-sinaliza-que-lealdade-ao-mito-tem-limite.htm, skipping...
[ERROR - 2026-03-03 17:17:16,651 - Worker_2] Status code == 403 for https://noticias.uol.com.br/cotidiano/ultimas-noticias/2023/05/12/youtuber-gringo-filma-drogas-sendo-vendidas-ao-ar-livre-no-rio-veja.htm, skipping...
[ERROR - 2026-03-03 17:17:19,227 - Worker_1] Status code == 403 for https://noticias.uol.com.br/cotidiano/ultimas-noticias/2023/05/12/mg-homem-e-preso-suspeito-de-torturar-a-mae-de-70-anos-para-ter-heranca.htm, skipping...
[ERROR - 2026-03-03 17:17:23,181 - Worker_0] Status code == 403 for https://tab.uol.com.br/noticias/redacao/2023/05/12/a-partir-de-2021-ansiedade-entre-estudantes-explodiu-dizem-psicologos.htm, skipping...
[ERROR - 2026-03-03 17:17:27,310 - Worker_0] Status code == 403 for https://noticias.uol.com.br/politica/ultimas-noticias/2023/05/12/leia-integra-da-decisao-de-moraes-contra-diretores-do-google-e-telegram.htm, skipping...
[ERROR - 2026-03-03 17:17:27,700 - Worker_1] Status code == 403 for https://noticias.uol.com.br/ultimas-noticias/agencia-estado/2023/05/12/irmas-desaparecidas-policia-busca-pistas-sobre-sumico-de-jovens-em-caraguatatuba.htm, skipping...
[ERROR - 2026-03-03 17:17:40,258 - Worker_0] Status code == 403 for https://noticias.uol.com.br/colunas/jose-roberto-de-toledo/2023/05/12/o-estrago-de-cidinho-e-coronel-na-rede-de-bolsonaro.htm, skipping...
[ERROR - 2026-03-03 17:17:44,742 - Worker_0] Status code == 403 for https://noticias.uol.com.br/politica/ultimas-noticias/2023/05/12/lula-coletiva-ceara.htm, skipping...
[ERROR - 2026-03-03 17:17:45,575 - Worker_1] Status code == 403 for https://noticias.uol.com.br/cotidiano/ultimas-noticias/2023/05/11/jovem-presa-morte-amiga-ceara.htm, skipping...
[ERROR - 2026-03-03 17:17:47,742 - Worker_4] Status code == 403 for https://noticias.uol.com.br/ultimas-noticias/afp/2023/05/12/maior-narcossubmarino-da-historia-da-colombia-e-apreendido.htm, skipping...
[ERROR - 2026-03-03 17:17:49,558 - Worker_3] Status code == 403 for https://noticias.uol.com.br/saude/ultimas-noticias/redacao/2023/05/12/ministerio-saude-vacina-gripe-populacao-acima-6-meses.htm, skipping...
[ERROR - 2026-03-03 17:17:56,140 - Worker_3] Status code == 403 for https://noticias.uol.com.br/colunas/juliana-dal-piva/2023/05/12/em-aceno-ao-stf-aliados-de-bolsonaro-preparam-projeto-para-regular-redes.htm, skipping...
[ERROR - 2026-03-03 17:18:00,775 - Worker_2] Status code == 403 for https://noticias.uol.com.br/politica/ultimas-noticias/2023/05/12/tales-aliados-de-bolsonaro-falam-em-alivio-e-preocupacao-com-torres-solto.htm, skipping...
[ERROR - 2026-03-03 17:18:11,841 - Worker_4] Status code == 403 for https://noticias.uol.com.br/comprova/ultimas-noticias/2023/05/12/post-engana-ao-associar-video-de-2022-a-inicio-de-movimento-contra-lula.htm, skipping...
[ERROR - 2026-03-03 17:18:11,996 - Worker_0] Status code == 403 for https://noticias.uol.com.br/colunas/carla-araujo/2023/05/12/bolsonaro-trocava-de-celular-a-cada-3-meses-e-nao-tinha-nuvem-diz-auxiliar.htm, skipping...
[ERROR - 2026-03-03 17:18:22,368 - Worker_2] Status code == 403 for https://noticias.uol.com.br/politica/ultimas-noticias/2023/05/12/mulher-que-comoveu-lula-relata-estupro-e-violencia-de-militares-em-quilombo.htm, skipping...
[ERROR - 2026-03-03 17:18:25,531 - Worker_0] Status code == 403 for https://tab.uol.com.br/noticias/redacao/2023/05/11/escola-de-go-que-demitiu-professora-tem-helio-oiticica-no-material-didatico.htm, skipping...
[ERROR - 2026-03-03 17:18:29,628 - Worker_0] Status code == 403 for https://noticias.uol.com.br/cotidiano/ultimas-noticias/2023/05/12/jovem-internada-cheirar-pimenta-visita-filhas.htm, skipping...
[ERROR - 2026-03-03 17:18:32,081 - Worker_3] Status code == 403 for https://noticias.uol.com.br/ultimas-noticias/agencia-publica/2023/05/12/secretaria-de-educacao-em-cidade-de-santa-catarina-exibe-simbolos-nazistas.htm, skipping...
[ERROR - 2026-03-03 17:18:33,998 - Worker_0] Status code == 403 for https://tab.uol.com.br/colunas/matheus-pichonelli/2023/05/12/escandalo-das-apostas-avanca-no-pais-onde-ninguem-sabe-onde-esta-a-verdade.htm, skipping...
[ERROR - 2026-03-03 17:18:38,163 - Worker_4] Status code == 403 for https://noticias.uol.com.br/ultimas-noticias/redacao/2023/05/11/lei-do-13-de-maio-podou-mas-nao-destruiu-raizes-da-escravidao.htm, skipping...
[ERROR - 2026-03-03 17:18:42,267 - Worker_4] Status code == 403 for https://noticias.uol.com.br/cotidiano/ultimas-noticias/2023/05/12/quem-sao-envolvidos-mega-assalto-confresa-mt.htm, skipping...
[ERROR - 2026-03-03 17:18:46,762 - Worker_4] Status code == 403 for https://noticias.uol.com.br/colunas/leonardo-sakamoto/2023/05/12/brasil-ainda-esta-libertando-a-domestica-da-casa-135-anos-apos-lei-aurea.htm, skipping...
[ERROR - 2026-03-03 17:18:50,156 - Worker_1] Status code == 403 for https://noticias.uol.com.br/colunas/carolina-brigido/2023/05/12/julgar-acao-sobre-redes-antes-de-congresso-votar-pl-das-fake-news-racha-stf.htm, skipping...
[ERROR - 2026-03-03 17:19:24,105 - Worker_0] Status code == 403 for https://tab.uol.com.br/noticias/redacao/2023/05/12/a-partir-de-2021-ansiedade-entre-estudantes-explodiu-dizem-psicologos.htm, skipping...
[ERROR - 2026-03-03 17:20:09,527 - Worker_4] Status code == 403 for https://noticias.uol.com.br/politica/ultimas-noticias/2023/05/13/deputado-pl-foto-com-lula-comentarios-pedido-expulsao.htm, skipping...
[ERROR - 2026-03-03 17:20:13,123 - Worker_2] Status code == 403 for https://noticias.uol.com.br/colunas/balaio-do-kotscho/2023/05/13/como-sobreviver-em-meio-a-noticias-negativas-que-afetam-nossa-saude-mental.htm, skipping...
[ERROR - 2026-03-03 17:20:13,651 - Worker_0] Status code == 403 for https://noticias.uol.com.br/colunas/reinaldo-azevedo/2023/05/13/o-google-o-telegram-e-o-inquerito-aberto-ou-delegado-caveira-como-aliado.htm, skipping...
[ERROR - 2026-03-03 17:20:13,913 - Worker_4] Status code == 403 for https://noticias.uol.com.br/colunas/aguirre-talento/2023/05/13/em-audio-cid-e-assessoras-de-michelle-acertam-pagamentos-em-dinheiro-vivo.htm, skipping...
[ERROR - 2026-03-03 17:20:15,302 - Worker_1] Status code == 403 for https://noticias.uol.com.br/ultimas-noticias/afp/2023/05/13/regras-mais-duras-comecam-a-desestimular-migracoes-na-fronteira-eua-mexico.htm, skipping...
[ERROR - 2026-03-03 17:20:18,020 - Worker_0] Status code == 403 for https://noticias.uol.com.br/cotidiano/ultimas-noticias/2023/05/13/medico-agressao-sexual-enfermeira-parana.htm, skipping...
[ERROR - 2026-03-03 17:20:24,470 - Worker_3] Status code == 403 for https://noticias.uol.com.br/colunas/presenca-historica/2023/05/13/liberdade-e-trabalho-digno-nunca-foi-so-sobre-alforria.htm, skipping...
[ERROR - 2026-03-03 17:20:29,063 - Worker_4] Status code == 403 for https://noticias.uol.com.br/ultimas-noticias/2023/05/13/mega-sena-concurso-2592-sorteio-13-de-maio.htm, skipping...
[ERROR - 2026-03-03 17:20:33,481 - Worker_1] Status code == 403 for https://tab.uol.com.br/noticias/redacao/2023/05/11/escola-de-go-que-demitiu-professora-tem-helio-oiticica-no-material-didatico.htm, skipping...
[ERROR - 2026-03-03 17:20:44,054 - Worker_2] Status code == 403 for https://noticias.uol.com.br/colunas/leonardo-sakamoto/2023/05/13/profeta-mauro-cid-avisou-que-mutreta-de-michelle-bolsonaro-seria-descoberta.htm, skipping...
[ERROR - 2026-03-03 17:20:44,758 - Worker_3] Status code == 403 for https://noticias.uol.com.br/politica/ultimas-noticias/2023/05/13/militar-recebia-de-empresa-sacava-e-pagava-contas-de-michelle-diz-pf.htm, skipping...
[ERROR - 2026-03-03 17:20:47,310 - Worker_4] Status code == 403 for https://noticias.uol.com.br/colunas/rogerio-gentile/2023/05/11/laudo-judicial-aponta-que-musica-de-roberto-carlos-e-plagio.htm, skipping...
[ERROR - 2026-03-03 17:20:48,188 - Worker_2] Status code == 403 for https://noticias.uol.com.br/cotidiano/ultimas-noticias/2023/05/11/ele-passou-quase-metade-da-vida-no-crack-um-dia-cansei-de-comer-do-lixo.htm, skipping...
[ERROR - 2026-03-03 17:21:06,123 - Worker_2] Status code == 403 for https://noticias.uol.com.br/colunas/josias-de-souza/2023/05/13/senha-do-celular-de-cid-virou-abracadabra-para-a-caverna-do-casal-bolsonaro.htm, skipping...
[ERROR - 2026-03-03 17:21:09,310 - Worker_4] Status code == 403 for https://economia.uol.com.br/videos/2023/05/01/midia-e-marketing-161-renato-camargo-vice-presidente-de-marketing-da-pague-menos--extrafarma.htm, skipping...
[ERROR - 2026-03-03 17:21:19,631 - Worker_2] Status code == 403 for https://noticias.uol.com.br/ultimas-noticias/afp/2023/05/13/encapuzado-fere-a-tiros-cinco-pessoas-no-nordeste-da-franca.htm, skipping...
[ERROR - 2026-03-03 17:21:28,257 - Worker_1] Status code == 403 for https://tab.uol.com.br/noticias/redacao/2023/05/12/a-partir-de-2021-ansiedade-entre-estudantes-explodiu-dizem-psicologos.htm, skipping...
[ERROR - 2026-03-03 17:21:28,485 - Worker_2] Status code == 403 for https://economia.uol.com.br/imposto-de-renda/noticias/redacao/2023/03/09/imposto-de-renda-2023-receita-libera-download-do-programa.htm, skipping...
[ERROR - 2026-03-03 17:21:29,314 - Worker_0] Status code == 403 for https://economia.uol.com.br/colunas/todos-a-bordo/2023/05/14/franz-stigler-charles-brown-segunda-guerra-mundial-cavalheirismo.htm, skipping...
[ERROR - 2026-03-03 17:21:34,120 - Worker_4] Status code == 403 for https://noticias.uol.com.br/colunas/chico-alves/2023/05/14/santa-do-pau-oco-diz-gleisi-sobre-suspeita-de-rachadinha-de-michelle.htm, skipping...
[ERROR - 2026-03-03 17:21:38,224 - Worker_4] Status code == 403 for https://noticias.uol.com.br/politica/ultimas-noticias/2023/05/14/assessores-presos-busca-venire-pf-bolsonaro-diarias-passagens-eua-brasil.htm, skipping...
[ERROR - 2026-03-03 17:21:41,879 - Worker_2] Status code == 403 for https://economia.uol.com.br/noticias/estadao-conteudo/2023/05/14/petrobras-confirma-discussao-sobre-mudanca-em-politica-de-preco-para-diesel-e-gasolina.htm, skipping...
[ERROR - 2026-03-03 17:21:43,582 - Worker_3] Status code == 403 for https://noticias.uol.com.br/cotidiano/ultimas-noticias/2023/05/14/pai-filha-desaparecimento-morte-parana.htm, skipping...
[ERROR - 2026-03-03 17:21:45,818 - Worker_1] Status code == 403 for https://noticias.uol.com.br/internacional/ultimas-noticias/2023/05/14/australia-avalia-abate-de-cangurus-antes-que-animais-morram-de-fome.htm, skipping...
[ERROR - 2026-03-03 17:21:56,302 - Worker_3] Status code == 403 for https://noticias.uol.com.br/cotidiano/ultimas-noticias/2023/05/14/policia-do-rio-prende-foragido-que-havia-esquartejado-homem-por-ciume.htm, skipping...
[ERROR - 2026-03-03 17:22:01,576 - Worker_4] Status code == 403 for https://economia.uol.com.br/noticias/reuters/2023/05/14/argentina-vai-aumentar-juros-e-intervir-no-cambio-para-segurar-inflacao.htm, skipping...
[ERROR - 2026-03-03 17:22:02,029 - Worker_2] Status code == 403 for https://noticias.uol.com.br/colunas/josmar-jozino/2023/05/14/gravida-de-dois-meses-pode-ter-sido-morta-por-se-recusar-em-fazer-aborto.htm, skipping...
[ERROR - 2026-03-03 17:22:10,666 - Worker_4] Status code == 403 for https://tab.uol.com.br/noticias/redacao/2023/05/14/israel-75-nossos-vizinhos-palestinos-em-gaza-tambem-estao-sofrendo.htm, skipping...
[ERROR - 2026-03-03 17:22:10,683 - Worker_3] Status code == 403 for https://noticias.uol.com.br/ultimas-noticias/reuters/2023/05/14/presidente-ucraniano-zelenskiy-chega-a-franca-para-conversar-com-macron.htm, skipping...
[ERROR - 2026-03-03 17:22:15,110 - Worker_2] Status code == 403 for https://noticias.uol.com.br/colunas/josias-de-souza/2023/05/14/corrupcao-comprovada-vira-conto-da-carochinha-em-livro-de-emilio-odebrecht.htm, skipping...
[ERROR - 2026-03-03 17:22:19,292 - Worker_2] Status code == 403 for https://noticias.uol.com.br/colunas/fernanda-magnotta/2023/05/14/midia-dos-eua-enfrenta-dilema-para-cobrir-trump-condenado-e-presidenciavel.htm, skipping...
[ERROR - 2026-03-03 17:22:28,051 - Worker_3] Status code == 403 for https://noticias.uol.com.br/ultimas-noticias/afp/2023/05/14/congresso-do-equador-iniciara-processo-de-impeachment-de-lasso-na-terca-feira.htm, skipping...
[ERROR - 2026-03-03 17:22:28,070 - Worker_4] Status code == 403 for https://tab.uol.com.br/noticias/redacao/2023/05/11/escola-de-go-que-demitiu-professora-tem-helio-oiticica-no-material-didatico.htm, skipping...
[ERROR - 2026-03-03 17:22:28,396 - Worker_2] Status code == 403 for https://tab.uol.com.br/colunas/matheus-pichonelli/2023/05/14/dono-da-senha-carluxo-silenciou-redes-do-pai-e-succession-ou-the-office.htm, skipping...
[ERROR - 2026-03-03 17:22:29,639 - Worker_0] Status code == 403 for https://noticias.uol.com.br/ultimas-noticias/afp/2023/05/14/calma-volta-a-gaza-e-israel-apos-cinco-dias-de-confrontos.htm, skipping...
[ERROR - 2026-03-03 17:22:35,937 - Worker_1] Status code == 403 for https://noticias.uol.com.br/cotidiano/ultimas-noticias/2023/05/14/video-agressao-entregador-belo-horizonte.htm, skipping...
[ERROR - 2026-03-03 17:22:38,244 - Worker_0] Status code == 403 for https://noticias.uol.com.br/cotidiano/ultimas-noticias/2023/05/14/idosa-e-indiciada-por-cortar-rabo-de-cadela-em-alagoas.htm, skipping...
[ERROR - 2026-03-03 17:22:39,281 - Worker_2] Status code == 403 for https://noticias.uol.com.br/cotidiano/ultimas-noticias/2023/05/14/o-que-se-sabe-irmas-desaparecidas-encontradas-carta-despedida-aos-pais-sp.htm, skipping...
[ERROR - 2026-03-03 17:22:43,519 - Worker_4] Status code == 403 for https://noticias.uol.com.br/colunas/rogerio-gentile/2023/05/11/laudo-judicial-aponta-que-musica-de-roberto-carlos-e-plagio.htm, skipping...
[ERROR - 2026-03-03 17:22:43,716 - Worker_2] Status code == 403 for https://noticias.uol.com.br/politica/ultimas-noticias/2023/05/13/militar-recebia-de-empresa-sacava-e-pagava-contas-de-michelle-diz-pf.htm, skipping...
[ERROR - 2026-03-03 17:22:45,111 - Worker_1] Status code == 403 for https://noticias.uol.com.br/cotidiano/ultimas-noticias/2023/05/11/ele-passou-quase-metade-da-vida-no-crack-um-dia-cansei-de-comer-do-lixo.htm, skipping...
[ERROR - 2026-03-03 17:22:51,615 - Worker_3] Status code == 403 for https://noticias.uol.com.br/saude/ultimas-noticias/redacao/2023/05/14/planos-de-saude-central-nacional-unimed-autistas-cancelamento-contratual.htm, skipping...
[ERROR - 2026-03-03 17:22:54,664 - Worker_4] Status code == 403 for https://noticias.uol.com.br/colunas/leonardo-sakamoto/2023/05/14/mutreta-com-grana-publica-poe-em-duvida-futuro-politico-de-michelle.htm, skipping...
[ERROR - 2026-03-03 17:22:55,715 - Worker_3] Status code == 403 for https://noticias.uol.com.br/cotidiano/ultimas-noticias/2023/05/14/policial-suspeito-chacina-vitimas-dormindo-ceara.htm, skipping...
[ERROR - 2026-03-03 17:22:59,295 - Worker_1] Status code == 403 for https://noticias.uol.com.br/cotidiano/ultimas-noticias/2023/05/14/irmas-desaparecidas-carta-aos-pais-encontradas-sp.htm, skipping...
[ERROR - 2026-03-03 17:22:59,824 - Worker_3] Status code == 403 for https://noticias.uol.com.br/colunas/carlos-madeiro/2023/05/14/avanco-por-terras-da-caatinga-aquece-area-do-semiarido-na-divisa-do-cerrado.htm, skipping...
[ERROR - 2026-03-03 17:23:06,384 - Worker_4] Status code == 403 for https://noticias.uol.com.br/colunas/reinaldo-azevedo/2023/05/13/michelle-cid-a-grana-a-tia-a-rosimary-o-que-o-chatgpt-nao-imaginaria.htm, skipping...
[ERROR - 2026-03-03 17:23:15,678 - Worker_0] Status code == 403 for https://noticias.uol.com.br/colunas/jamil-chade/2023/05/14/carta-as-maes-haitianas-o-mundo-vive-um-apartheid-real.htm, skipping...
[ERROR - 2026-03-03 17:23:17,717 - Worker_4] Status code == 403 for https://tab.uol.com.br/noticias/redacao/2023/05/14/que-inferno-igreja-lagoinha-compra-teatro-leblon-e-irrita-moradores.htm, skipping...
[ERROR - 2026-03-03 17:23:19,310 - Worker_1] Status code == 403 for https://noticias.uol.com.br/colunas/pra-comecar-a-semana/2023/05/14/policia-federal-ouve-bolsonaro-sobre-fraude-nas-vacinas-da-pandemia.htm, skipping...
[ERROR - 2026-03-03 17:23:22,168 - Worker_4] Status code == 403 for https://noticias.uol.com.br/internacional/ultimas-noticias/2023/05/14/colombia-maior-submarino-drogas.htm, skipping...
[ERROR - 2026-03-03 17:24:20,461 - Worker_3] Status code == 403 for https://noticias.uol.com.br/colunas/balaio-do-kotscho/2023/05/15/vacinas-dinheiro-vivo-contas-no-exterior-aumenta-da-pf-cerco-a-bolsonaro.htm, skipping...
[ERROR - 2026-03-03 17:24:24,570 - Worker_0] Status code == 403 for https://noticias.uol.com.br/colunas/leonardo-sakamoto/2023/05/15/michelle-culpava-demonios-mas-era-rachadinha-que-assombrava-o-planalto.htm, skipping...
[ERROR - 2026-03-03 17:24:35,048 - Worker_1] Status code == 403 for https://noticias.uol.com.br/cotidiano/ultimas-noticias/2023/05/15/prf-parana-apreende-700-mil-compartimento-airbag.htm, skipping...
[ERROR - 2026-03-03 17:24:39,461 - Worker_1] Status code == 403 for https://noticias.uol.com.br/colunas/rogerio-gentile/2023/05/15/templo-de-r-260-milhoes-da-igreja-de-valdemiro-e-penhorado-por-divida.htm, skipping...
[ERROR - 2026-03-03 17:24:48,394 - Worker_1] Status code == 403 for https://tab.uol.com.br/noticias/redacao/2023/05/13/como-o-brasil-usou-e-ainda-usa-leis-para-criminalizar-populacao-negra.htm, skipping...
[ERROR - 2026-03-03 17:25:21,153 - Worker_1] Status code == 403 for https://tab.uol.com.br/noticias/redacao/2023/05/15/dinheiro-lobby-e-publicidade-como-apostas-esportivas-dominaram-o-brasil.htm, skipping...
[ERROR - 2026-03-03 17:25:30,151 - Worker_0] Status code == 403 for https://noticias.uol.com.br/colunas/jamil-chade/2023/05/14/carta-as-maes-haitianas-o-mundo-vive-um-apartheid-real.htm, skipping...
[ERROR - 2026-03-03 17:25:34,515 - Worker_0] Status code == 403 for https://noticias.uol.com.br/colunas/pra-comecar-a-semana/2023/05/14/policia-federal-ouve-bolsonaro-sobre-fraude-nas-vacinas-da-pandemia.htm, skipping...
[ERROR - 2026-03-03 17:25:45,254 - Worker_1] Status code == 403 for https://noticias.uol.com.br/colunas/chico-alves/2023/05/16/defesa-de-bolsonaro-nao-explica-denuncia-mais-grave-contra-michelle.htm, skipping...
[ERROR - 2026-03-03 17:25:50,137 - Worker_2] Status code == 403 for https://economia.uol.com.br/noticias/redacao/2023/05/16/quer-viajar-o-mundo-e-ganhar-em-dolar-veja-como-trabalhar-em-cruzeiros.htm, skipping...
[ERROR - 2026-03-03 17:25:50,789 - Worker_4] Status code == 403 for https://noticias.uol.com.br/cotidiano/ultimas-noticias/2023/05/16/20-mil-lugares-avaliado-em-r-260-mi-como-e-o-templo-de-valdomiro-santiago.htm, skipping...
[ERROR - 2026-03-03 17:25:54,938 - Worker_4] Status code == 403 for https://noticias.uol.com.br/colunas/jose-roberto-de-toledo/2023/05/15/exercito-gasta-mais-com-viuvas-e-herdeiros-de-generais-do-que-com-soldados.htm, skipping...
[ERROR - 2026-03-03 17:26:01,379 - Worker_0] Status code == 403 for https://noticias.uol.com.br/politica/ultimas-noticias/2023/05/16/camara-rejeita-cassacao-de-vereador-que-ofendeu-resgatados-de-vinicolas.htm, skipping...
[ERROR - 2026-03-03 17:26:13,418 - Worker_1] Status code == 403 for https://noticias.uol.com.br/politica/ultimas-noticias/2023/05/16/ccj-pec-que-anistia-partidos-por-gastos-ilegais.htm, skipping...
[ERROR - 2026-03-03 17:26:17,530 - Worker_1] Status code == 403 for https://noticias.uol.com.br/ultimas-noticias/agencia-estado/2023/05/16/recorde-de-frio-em-sp-cidade-tem-menor-temperatura-do-ano-veja-previsao-para-semana.htm, skipping...
[ERROR - 2026-03-03 17:26:23,829 - Worker_0] Status code == 403 for https://noticias.uol.com.br/ultimas-noticias/agencia-estado/2023/05/16/bistecas-dino-manda-pf-investigar-compra-do-governo-bolsonaro-nunca-entregue-a-indigenas.htm, skipping...
[ERROR - 2026-03-03 17:26:25,535 - Worker_2] Status code == 403 for https://noticias.uol.com.br/colunas/carlos-madeiro/2023/05/16/prefeitura-de-maceio-paga-r-8-mi-por-enredo-da-beija-flor.htm, skipping...
[ERROR - 2026-03-03 17:26:31,240 - Worker_1] Status code == 403 for https://noticias.uol.com.br/cotidiano/ultimas-noticias/2023/05/16/rs-operacao-encontra-idosa-que-trabalhou-47-anos-com-domestica.htm, skipping...
[ERROR - 2026-03-03 17:26:31,290 - Worker_3] Status code == 403 for https://noticias.uol.com.br/cotidiano/ultimas-noticias/2023/05/16/o-que-se-sabe-sobre-o-caso-do-pm-que-matou-dois-colegas-com-fuzil-em-sp.htm, skipping...
[ERROR - 2026-03-03 17:26:35,185 - Worker_2] Status code == 403 for https://noticias.uol.com.br/ao-vivo/2023/05/16/tse-julga-acao-que-pode-cassar-o-mandato-de-deltan-dallagnol-acompanhe.htm, skipping...
[ERROR - 2026-03-03 17:26:38,773 - Worker_1] Status code == 403 for https://noticias.uol.com.br/politica/ultimas-noticias/2023/05/16/lula-presidente-eleito-paraguai-santiago-pena.htm, skipping...
[ERROR - 2026-03-03 17:26:40,796 - Worker_3] Status code == 403 for https://noticias.uol.com.br/politica/ultimas-noticias/2023/05/16/bolsonaro-nega-que-tenha-mandado-falsificar-dados-em-certificado-de-vacina.htm, skipping...
[ERROR - 2026-03-03 17:26:43,867 - Worker_4] Status code == 403 for https://noticias.uol.com.br/colunas/madeleine-lacsko/2023/05/16/lula-perdeu-a-mao-da-comunicacao-politica.htm, skipping...
[ERROR - 2026-03-03 17:26:44,426 - Worker_2] Status code == 403 for https://noticias.uol.com.br/cotidiano/ultimas-noticias/2023/05/16/pf-mira-grupo-criminoso-suspeito-fraude-fiscal.htm, skipping...
[ERROR - 2026-03-03 17:26:52,376 - Worker_1] Status code == 403 for https://noticias.uol.com.br/politica/ultimas-noticias/2023/05/16/carla-bolsonaro-respondeu-a-todas-as-perguntas-durante-depoimento-a-pf.htm, skipping...
[ERROR - 2026-03-03 17:26:56,277 - Worker_3] Status code == 403 for https://noticias.uol.com.br/colunas/balaio-do-kotscho/2023/05/16/de-repente-sem-celular-sensacao-de-ser-desligado-do-mundo-tem-um-lado-bom.htm, skipping...
[ERROR - 2026-03-03 17:27:00,693 - Worker_4] Status code == 403 for https://tab.uol.com.br/noticias/redacao/2023/05/13/como-o-brasil-usou-e-ainda-usa-leis-para-criminalizar-populacao-negra.htm, skipping...
[ERROR - 2026-03-03 17:27:00,976 - Worker_1] Status code == 403 for https://noticias.uol.com.br/colunas/josias-de-souza/2023/05/16/pec-da-esbornia-partidaria-revela-instinto-suicida-da-cleptocracia-nacional.htm, skipping...
[ERROR - 2026-03-03 17:27:19,475 - Worker_1] Status code == 403 for https://noticias.uol.com.br/politica/ultimas-noticias/2023/05/16/assembleia-mato-grosso-frente-parlamentar-combate-ao-aborto.htm, skipping...
[ERROR - 2026-03-03 17:27:23,407 - Worker_2] Status code == 403 for https://noticias.uol.com.br/ultimas-noticias/redacao/2023/05/15/celular-de-cid-complica-situacao-de-michelle.htm, skipping...
[ERROR - 2026-03-03 17:27:31,348 - Worker_1] Status code == 403 for https://noticias.uol.com.br/internacional/ultimas-noticias/2023/05/16/guia-escapa-de-ataque-de-crocodilo-de-35-metros-em-trilha-na-africa-do-sul.htm, skipping...
[ERROR - 2026-03-03 17:27:33,046 - Worker_2] Status code == 403 for https://noticias.uol.com.br/cotidiano/ultimas-noticias/2023/05/16/pm-que-matou-dois-colegas-em-sp-queixa-escala-de-servico-versao-defesa.htm, skipping...
[ERROR - 2026-03-03 17:27:37,234 - Worker_2] Status code == 403 for https://tab.uol.com.br/noticias/redacao/2023/05/15/dinheiro-lobby-e-publicidade-como-apostas-esportivas-dominaram-o-brasil.htm, skipping...
[ERROR - 2026-03-03 17:27:40,367 - Worker_1] Status code == 403 for https://noticias.uol.com.br/colunas/reinaldo-azevedo/2023/05/16/entre-lula-e-tarcisio-quem-deve-praticar-irresponsabilidade-fiscal-mostro.htm, skipping...
[ERROR - 2026-03-03 17:27:54,540 - Worker_4] Status code == 404 for https://www.uol.com.br/universa/horoscopo/noticias/redacao/2023/05/16/sonhar-com-traicao-nem-sempre-e-ruim-como-interpretar-a-infidelidade.htm, skipping...
[ERROR - 2026-03-03 17:28:11,245 - Worker_3] Status code == 403 for https://noticias.uol.com.br/colunas/jose-roberto-de-toledo/2023/05/15/exercito-gasta-mais-com-viuvas-e-herdeiros-de-generais-do-que-com-soldados.htm, skipping...
[ERROR - 2026-03-03 17:28:14,900 - Worker_2] Status code == 403 for https://noticias.uol.com.br/cotidiano/ultimas-noticias/2023/05/17/cacada-envolvidos-mega-assalto-fim-operacao-policiais-5-estados.htm, skipping...
[ERROR - 2026-03-03 17:28:23,741 - Worker_4] Status code == 403 for https://noticias.uol.com.br/ultimas-noticias/redacao/2023/05/17/dallagnol-nao-angaria-simpatias-mas-colunistas-divergem-sobre-cassacao.htm, skipping...
[ERROR - 2026-03-03 17:28:28,194 - Worker_0] Status code == 403 for https://noticias.uol.com.br/politica/ultimas-noticias/2023/05/17/votacao-urgencia-arcabouco-fiscal-camara.htm, skipping...
[ERROR - 2026-03-03 17:28:30,281 - Worker_4] Status code == 403 for https://noticias.uol.com.br/politica/ultimas-noticias/2023/05/17/mesmo-cassado-dallagnol-vota-urgencia-de-arcabouco-na-camara.htm, skipping...
[ERROR - 2026-03-03 17:28:36,503 - Worker_3] Status code == 403 for https://noticias.uol.com.br/politica/ultimas-noticias/2023/05/17/duvidas-processo-cassacao-dallagnol-tse.htm, skipping...
[ERROR - 2026-03-03 17:28:38,846 - Worker_4] Status code == 403 for https://noticias.uol.com.br/colunas/reinaldo-azevedo/2023/05/16/este-legalista-ve-deltan-seu-oposto-rita-para-moro-agora-so-falta-voce.htm, skipping...
[ERROR - 2026-03-03 17:28:43,333 - Worker_0] Status code == 403 for https://noticias.uol.com.br/politica/ultimas-noticias/2023/05/17/lula-dor-cirurgia-quadril.htm, skipping...
[ERROR - 2026-03-03 17:28:47,446 - Worker_0] Status code == 403 for https://noticias.uol.com.br/colunas/jose-roberto-de-toledo/2023/05/17/cassacao-de-deltan-foi-vinganca-justica-e-aviso-para-garcons-do-poder.htm, skipping...
[ERROR - 2026-03-03 17:29:04,091 - Worker_3] Status code == 403 for https://noticias.uol.com.br/cotidiano/ultimas-noticias/2023/05/17/funcionarios-proibidos-uso-celular-aeroporto-de-guarulhos.htm, skipping...
[ERROR - 2026-03-03 17:29:08,208 - Worker_3] Status code == 403 for https://noticias.uol.com.br/colunas/balaio-do-kotscho/2023/05/17/pec-da-bandalha-passa-na-ccj-da-camara-tapa-na-cara-da-justica-eleitoral.htm, skipping...
[ERROR - 2026-03-03 17:29:09,747 - Worker_4] Status code == 403 for https://noticias.uol.com.br/politica/ultimas-noticias/2023/05/17/tales-deltan-e-vitima-de-vinganca-pelo-tse-mas-isso-nao-o-exime-de-culpa.htm, skipping...
[ERROR - 2026-03-03 17:29:12,324 - Worker_3] Status code == 403 for https://noticias.uol.com.br/politica/ultimas-noticias/2023/05/17/idealizador-ficha-limpa-cassacao-deltan-dallagnol.htm, skipping...
[ERROR - 2026-03-03 17:29:15,062 - Worker_2] Status code == 403 for https://noticias.uol.com.br/cotidiano/ultimas-noticias/2023/05/17/homem-preso-levar-mulher-morta-hospital-campinas.htm, skipping...
[ERROR - 2026-03-03 17:29:19,925 - Worker_1] Status code == 403 for https://noticias.uol.com.br/cotidiano/ultimas-noticias/2023/05/17/pode-me-prender-disse-pm-apos-matar-2-colegas-com-tiros-de-fuzil-em-sp.htm, skipping...
[ERROR - 2026-03-03 17:29:25,012 - Worker_0] Status code == 403 for https://noticias.uol.com.br/politica/ultimas-noticias/2023/05/17/stf-confirma-nunes-marques-como-substituto-de-lewandowski-no-tse.htm, skipping...
[ERROR - 2026-03-03 17:29:33,639 - Worker_4] Status code == 403 for https://economia.uol.com.br/noticias/reuters/2023/05/17/ministerio-publico-entra-com-acao-contra-recuperacao-judicial-da-light.htm, skipping...
[ERROR - 2026-03-03 17:29:33,642 - Worker_0] Status code == 403 for https://noticias.uol.com.br/politica/ultimas-noticias/2023/05/17/justica-arquiva-denuncia-contra-arthur-do-val-por-turismo-sexual.htm, skipping...
[ERROR - 2026-03-03 17:29:37,741 - Worker_4] Status code == 403 for https://noticias.uol.com.br/ultimas-noticias/afp/2023/05/17/sobe-para-226-o-numero-de-vitimas-de-seita-queniana.htm, skipping...
[ERROR - 2026-03-03 17:29:41,841 - Worker_2] Status code == 403 for https://noticias.uol.com.br/politica/ultimas-noticias/2023/05/17/cpi-das-apostas-e-instalada-na-camara-veja-composicao.htm, skipping...
[ERROR - 2026-03-03 17:29:42,042 - Worker_4] Status code == 403 for https://tab.uol.com.br/noticias/redacao/2023/05/17/um-pais-de-perdedores-o-poder-do-agronejo-familia-brennand-e-mais.htm, skipping...
[ERROR - 2026-03-03 17:29:42,287 - Worker_0] Status code == 403 for https://tab.uol.com.br/noticias/redacao/2023/05/16/cinco-anos-de-telefonemas-a-repressao-pesquisa-traz-historias-da-ditadura.htm, skipping...
[ERROR - 2026-03-03 17:29:45,956 - Worker_2] Status code == 403 for https://noticias.uol.com.br/colunas/leonardo-sakamoto/2023/05/17/deltan-reclama-de-milhares-vozes-caladas-mas-esquece-das-milhoes-que-calou.htm, skipping...
[ERROR - 2026-03-03 17:29:46,154 - Worker_4] Status code == 403 for https://noticias.uol.com.br/colunas/josias-de-souza/2023/05/17/as-alternativas-de-cid-parar-de-cavar-ou-jogar-terra-em-cima-de-si-mesmo.htm, skipping...
[ERROR - 2026-03-03 17:29:52,569 - Worker_4] Status code == 403 for https://noticias.uol.com.br/colunas/rogerio-gentile/2023/05/17/ex-namorada-e-condenada-por-linchamento-virtual-do-cantor-phill-veras.htm, skipping...
[ERROR - 2026-03-03 17:30:00,805 - Worker_3] Status code == 403 for https://noticias.uol.com.br/internacional/ultimas-noticias/2023/05/17/brasileiros-sao-presos-por-levarem-r-268-milhoes-de-cocaina-a-franca.htm, skipping...
[ERROR - 2026-03-03 17:30:01,252 - Worker_2] Status code == 403 for https://noticias.uol.com.br/colunas/madeleine-lacsko/2023/05/17/judiciario-derruba-deltan-dallagnol-e-leo-lins-no-mesmo-dia.htm, skipping...
[ERROR - 2026-03-03 17:30:02,194 - Worker_0] Status code == 403 for https://noticias.uol.com.br/colunas/carla-araujo/2023/05/17/fim-do-ppi-e-grande-mentira-e-nao-muda-nada-diz-ex-presidente-da-petrobras.htm, skipping...
[ERROR - 2026-03-03 17:30:09,279 - Worker_1] Status code == 403 for https://noticias.uol.com.br/politica/ultimas-noticias/2023/05/17/por-que-deltan-dallagnol-foi-cassado-e-sergio-moro-nao.htm, skipping...
[ERROR - 2026-03-03 17:30:11,025 - Worker_0] Status code == 403 for https://economia.uol.com.br/videos/2023/05/15/midia-e-marketing-162-dilma-campos-ceo-da-nossa-praia.htm, skipping...
[ERROR - 2026-03-03 17:30:15,945 - Worker_1] Status code == 403 for https://economia.uol.com.br/imposto-de-renda/noticias/redacao/2023/03/09/imposto-de-renda-2023-receita-libera-download-do-programa.htm, skipping...
[ERROR - 2026-03-03 17:30:17,702 - Worker_3] Status code == 403 for https://noticias.uol.com.br/politica/ultimas-noticias/2023/05/18/mauro-cid-depoe-na-pf-sobre-fraude-em-cartoes-de-vacina.htm, skipping...
[ERROR - 2026-03-03 17:30:20,722 - Worker_4] Status code == 403 for https://tab.uol.com.br/noticias/redacao/2023/05/18/carrefour-mantem-empresa-de-seguranca-que-agrediu-casal-negro-em-salvador.htm, skipping...
[ERROR - 2026-03-03 17:30:23,863 - Worker_0] Status code == 403 for https://noticias.uol.com.br/colunas/leonardo-sakamoto/2023/05/18/mauro-cid-opta-por-silencio-na-pf-mas-seu-celular-segue-acusando-bolsonaro.htm, skipping...
[ERROR - 2026-03-03 17:30:30,530 - Worker_0] Status code == 403 for https://noticias.uol.com.br/ultimas-noticias/redacao/2023/05/17/dallagnol-nao-angaria-simpatias-mas-colunistas-divergem-sobre-cassacao.htm, skipping...
[ERROR - 2026-03-03 17:30:32,543 - Worker_2] Status code == 403 for https://noticias.uol.com.br/ultimas-noticias/deutschewelle/2023/05/18/como-foi-roubo-espetacular-a-um-museu-alemao-que-ja-levou-5-para-a-cadeia.htm, skipping...
[ERROR - 2026-03-03 17:30:33,257 - Worker_4] Status code == 403 for https://noticias.uol.com.br/cotidiano/ultimas-noticias/2023/05/18/pm-morto-por-policial-civil-desentendimento-sao-jose-dos-campos-sp.htm, skipping...
[ERROR - 2026-03-03 17:30:36,988 - Worker_2] Status code == 403 for https://noticias.uol.com.br/politica/ultimas-noticias/2023/05/18/cpi-8-de-janeiro-atos-golpistas-nomes-membros.htm, skipping...
[ERROR - 2026-03-03 17:30:41,513 - Worker_3] Status code == 403 for https://noticias.uol.com.br/internacional/ultimas-noticias/2023/05/18/influencer-desaparecida-e-encontrada-morta-em-vala-com-outros-seis-corpos.htm, skipping...
[ERROR - 2026-03-03 17:30:42,367 - Worker_4] Status code == 403 for https://noticias.uol.com.br/colunas/jamil-chade/2023/05/18/alvo-de-polemicas-planilhas-de-propinas-da-odebrecht-foram-apagadas-no-mpf.htm, skipping...
[ERROR - 2026-03-03 17:30:43,233 - Worker_1] Status code == 403 for https://noticias.uol.com.br/ultimas-noticias/deutschewelle/2023/05/18/choque-termico-e-desabamento-as-descobertas-sobre-a-erupcao-mortal-em-pompeia.htm, skipping...
[ERROR - 2026-03-03 17:30:48,903 - Worker_4] Status code == 403 for https://noticias.uol.com.br/politica/ultimas-noticias/2023/05/18/josias-prestigio-de-lavajatistas-cai-conforme-o-bolsonarismo-se-deteriora.htm, skipping...
[ERROR - 2026-03-03 17:30:51,500 - Worker_2] Status code == 403 for https://noticias.uol.com.br/politica/ultimas-noticias/2023/05/18/bolsonaro-justifica-gastos-de-michelle.htm, skipping...
[ERROR - 2026-03-03 17:30:52,525 - Worker_0] Status code == 403 for https://tab.uol.com.br/colunas/matheus-pichonelli/2023/05/18/cassacao-de-dallagnol-mostra-como-a-politica-absorveu-e-expeliu-lavajatismo.htm, skipping...
[ERROR - 2026-03-03 17:30:58,251 - Worker_3] Status code == 403 for https://noticias.uol.com.br/cotidiano/ultimas-noticias/2023/05/18/turista-italiano-morre-afogado-ao-entrar-no-mar-na-barra-da-tijuca-no-rj.htm, skipping...
[ERROR - 2026-03-03 17:31:02,411 - Worker_4] Status code == 403 for https://noticias.uol.com.br/colunas/thais-oyama/2023/05/18/dallagnol-e-leo-dias-nao-tem-turmas-para-defende-los-azar-de-todo-mundo.htm, skipping...
[ERROR - 2026-03-03 17:31:06,974 - Worker_3] Status code == 403 for https://noticias.uol.com.br/politica/ultimas-noticias/2023/05/18/mauro-cid-abre-mao-sigilo-conta-bancaria-estados-unidos.htm, skipping...
[ERROR - 2026-03-03 17:31:10,733 - Worker_1] Status code == 403 for https://noticias.uol.com.br/politica/ultimas-noticias/2023/05/18/tribunal-suspense-cameras-reconhecimento-facial-sp.htm, skipping...
[ERROR - 2026-03-03 17:31:15,106 - Worker_1] Status code == 403 for https://noticias.uol.com.br/politica/ultimas-noticias/2023/05/18/aguirre-condenacao-de-collor-reflete-isolamento-nao-retorno-da-lava-jato.htm, skipping...
[ERROR - 2026-03-03 17:31:15,593 - Worker_0] Status code == 403 for https://noticias.uol.com.br/colunas/walter-maierovitch/2023/05/18/dallagnol-em-busca-tabua-de-salvacao.htm, skipping...
[ERROR - 2026-03-03 17:31:16,089 - Worker_4] Status code == 403 for https://noticias.uol.com.br/politica/ultimas-noticias/2023/05/18/bolsonaro-se-distancia-de-cid-em-investigacao.htm, skipping...
[ERROR - 2026-03-03 17:31:19,966 - Worker_0] Status code == 403 for https://noticias.uol.com.br/politica/ultimas-noticias/2023/05/18/julgamento-stf-collor-acao-penal.htm, skipping...
[ERROR - 2026-03-03 17:31:20,487 - Worker_4] Status code == 403 for https://noticias.uol.com.br/colunas/chico-alves/2023/05/18/randolfe-critica-ibama-por-proibir-extracao-de-petroleo-na-foz-do-amazonas.htm, skipping...
[ERROR - 2026-03-03 17:31:23,183 - Worker_3] Status code == 403 for https://noticias.uol.com.br/colunas/camilo-vannuchi/2023/05/18/as-voltas-ao-passado-que-o-mundo-da.htm, skipping...
[ERROR - 2026-03-03 17:31:24,459 - Worker_1] Status code == 403 for https://economia.uol.com.br/ao-vivo/2023/03/31/monitor-de-ofertas-uol.htm, skipping...
[ERROR - 2026-03-03 17:31:26,486 - Worker_0] Status code == 403 for https://noticias.uol.com.br/ultimas-noticias/agencia-brasil/2023/05/18/barroso-pede-explicacoes-a-camara-sobre-a-pec-da-anistia.htm, skipping...
[ERROR - 2026-03-03 17:31:27,289 - Worker_3] Status code == 403 for https://noticias.uol.com.br/politica/ultimas-noticias/2023/05/18/bolsonaro-diz-que-procura-paz-e-pl-nao-vai-impedir-votacao-do-arcabouco.htm, skipping...
[ERROR - 2026-03-03 17:31:34,112 - Worker_3] Status code == 403 for https://economia.uol.com.br/noticias/redacao/2023/05/08/entrevista-dupont.htm, skipping...
[ERROR - 2026-03-03 17:31:34,801 - Worker_4] Status code == 403 for https://noticias.uol.com.br/internacional/ultimas-noticias/2023/05/18/leao-acasala-femea-safari-senegal.htm, skipping...
[ERROR - 2026-03-03 17:31:40,257 - Worker_2] Status code == 403 for https://tab.uol.com.br/noticias/redacao/2023/05/17/um-pais-de-perdedores-o-poder-do-agronejo-familia-brennand-e-mais.htm, skipping...
[ERROR - 2026-03-03 17:31:42,944 - Worker_3] Status code == 403 for https://noticias.uol.com.br/politica/ultimas-noticias/2023/05/18/randolfe-responde-salles-ironia-sobre-desfiliacao.htm, skipping...
[ERROR - 2026-03-03 17:31:49,366 - Worker_2] Status code == 403 for https://noticias.uol.com.br/cotidiano/ultimas-noticias/2023/05/18/influencer-e-presa-em-operacao-que-investiga-assassinato-em-go.htm, skipping...
[ERROR - 2026-03-03 17:31:50,700 - Worker_4] Status code == 403 for https://noticias.uol.com.br/colunas/carla-araujo/2023/05/18/sob-controle-cid-deve-poupar-bolsonaro-em-depoimento-a-pf-dizem-aliados.htm, skipping...
[ERROR - 2026-03-03 17:31:53,745 - Worker_2] Status code == 403 for https://noticias.uol.com.br/politica/ultimas-noticias/2023/05/18/mp-pede-r-100-mil-de-vereadores-que-votaram-aumento-salarial-da-praia.htm, skipping...
[ERROR - 2026-03-03 17:31:55,014 - Worker_3] Status code == 403 for https://noticias.uol.com.br/politica/ultimas-noticias/2023/05/18/defesa-collor-stf.htm, skipping...
[ERROR - 2026-03-03 17:31:55,082 - Worker_4] Status code == 403 for https://noticias.uol.com.br/colunas/josmar-jozino/2023/05/18/grupo-rival-ao-pcc-provoca-onda-de-assassinatos-e-aterroriza-rio-claro-sp.htm, skipping...
[ERROR - 2026-03-03 17:32:00,880 - Worker_1] Status code == 403 for https://noticias.uol.com.br/cotidiano/ultimas-noticias/2023/05/18/mulher-e-detida-por-caminhar-fazendo-topless-em-avenida-de-santa-catarina.htm, skipping...
[ERROR - 2026-03-03 17:32:03,009 - Worker_0] Status code == 403 for https://noticias.uol.com.br/internacional/ultimas-noticias/2023/05/19/nova-york-afundando-peso-predios.htm, skipping...
[ERROR - 2026-03-03 17:32:04,078 - Worker_3] Status code == 403 for https://noticias.uol.com.br/colunas/reinaldo-azevedo/2023/05/19/bolsonaro-em-pele-de-cordeiro-e-a-propria-candura-em-entrevista-e-mesmo.htm, skipping...
[ERROR - 2026-03-03 17:32:04,141 - Worker_4] Status code == 403 for https://economia.uol.com.br/videos/2023/05/15/midia-e-marketing-162-dilma-campos-ceo-da-nossa-praia.htm, skipping...
[ERROR - 2026-03-03 17:32:07,717 - Worker_2] Status code == 403 for https://economia.uol.com.br/imposto-de-renda/noticias/redacao/2023/03/09/imposto-de-renda-2023-receita-libera-download-do-programa.htm, skipping...
[ERROR - 2026-03-03 17:32:41,359 - Worker_4] Status code == 403 for https://noticias.uol.com.br/colunas/leonardo-sakamoto/2023/05/19/grana-de-assessor-reforca-gabinete-de-carluxo-como-epicentro-de-maracutaia.htm, skipping...
[ERROR - 2026-03-03 17:32:45,458 - Worker_4] Status code == 403 for https://noticias.uol.com.br/cotidiano/ultimas-noticias/2023/05/19/homem-mata-namorada-e-faz-live.htm, skipping...
[ERROR - 2026-03-03 17:32:49,571 - Worker_4] Status code == 403 for https://noticias.uol.com.br/politica/ultimas-noticias/2023/05/19/pgr-inquerito-deputadas-bolsonaristas-atos-8-janeiro.htm, skipping...
[ERROR - 2026-03-03 17:32:51,380 - Worker_0] Status code == 403 for https://noticias.uol.com.br/colunas/josmar-jozino/2023/05/19/governo-hungaro-autoriza-extradicao-de-escobar-brasileiro-para-a-belgica.htm, skipping...
[ERROR - 2026-03-03 17:32:58,571 - Worker_3] Status code == 403 for https://noticias.uol.com.br/colunas/chico-alves/2023/05/19/juiz-da-lava-jato-determina-que-dallagnol-seja-ouvido-no-caso-tacla-duran.htm, skipping...
[ERROR - 2026-03-03 17:32:59,032 - Worker_1] Status code == 403 for https://noticias.uol.com.br/politica/ultimas-noticias/2023/05/19/deltan-dallagnol-participa-de-carreata-vazia-em-curitiba-veja.htm, skipping...
[ERROR - 2026-03-03 17:33:03,343 - Worker_4] Status code == 403 for https://noticias.uol.com.br/politica/ultimas-noticias/2023/05/19/esposa-mauro-cid-depoimento.htm, skipping...
[ERROR - 2026-03-03 17:33:06,998 - Worker_0] Status code == 403 for https://noticias.uol.com.br/politica/ultimas-noticias/2023/05/19/vinicius-carvalho-ministro-cgu-entrevista.htm, skipping...
[ERROR - 2026-03-03 17:33:11,696 - Worker_3] Status code == 403 for https://noticias.uol.com.br/colunas/balaio-do-kotscho/2023/05/19/abraco-de-afogado-lavajatismo-e-bolsonarismo-se-unem-para-salvar-dallagnol.htm, skipping...
[ERROR - 2026-03-03 17:33:14,651 - Worker_4] Status code == 403 for https://tab.uol.com.br/noticias/redacao/2023/05/19/anjo-queen-pitica-quem-esta-por-tras-do-fandom-de-gleisi-hoffmann.htm, skipping...
[ERROR - 2026-03-03 17:33:17,654 - Worker_1] Status code == 403 for https://noticias.uol.com.br/politica/ultimas-noticias/2023/05/19/sakamoto-a-pf-esposa-tenta-se-livrar-e-deixar-bo-entre-cid-e-bolsonaro.htm, skipping...
[ERROR - 2026-03-03 17:33:18,766 - Worker_4] Status code == 403 for https://noticias.uol.com.br/politica/ultimas-noticias/2023/05/19/uerj-pagou-r-2-mi-a-aliados-da-cupula-do-pl-e-assessor-de-carlos-bolsonaro.htm, skipping...
[ERROR - 2026-03-03 17:33:21,775 - Worker_1] Status code == 403 for https://noticias.uol.com.br/colunas/tales-faria/2023/05/19/renan-calheiros-diz-ao-mdb-que-nao-quer-integrar-a-cpi-do-golpe.htm, skipping...
[ERROR - 2026-03-03 17:33:26,880 - Worker_2] Status code == 403 for https://noticias.uol.com.br/colunas/josmar-jozino/2023/05/19/pf-apreende-930-kg-de-tsunami-bfranco-no-aeroporto-de-guarulhos-este-ano.htm, skipping...
[ERROR - 2026-03-03 17:33:36,507 - Worker_0] Status code == 403 for https://tab.uol.com.br/noticias/redacao/2023/05/17/um-pais-de-perdedores-o-poder-do-agronejo-familia-brennand-e-mais.htm, skipping...
[ERROR - 2026-03-03 17:33:36,718 - Worker_4] Status code == 403 for https://noticias.uol.com.br/politica/ultimas-noticias/2023/05/19/madeleine-michelle-faz-discurso-politico-para-apelar-e-geraridentificacao.htm, skipping...
[ERROR - 2026-03-03 17:33:39,929 - Worker_2] Status code == 403 for https://tab.uol.com.br/noticias/redacao/2023/05/19/bebida-de-bh-xeque-mate-conquista-mercado-e-pretende-abrir-bar-em-sp.htm, skipping...
[ERROR - 2026-03-03 17:33:42,148 - Worker_3] Status code == 403 for https://noticias.uol.com.br/politica/ultimas-noticias/2023/05/19/tarcisio-de-freitas-indicacao-conselheiros-tce-sp.htm, skipping...
[ERROR - 2026-03-03 17:33:47,347 - Worker_0] Status code == 403 for https://noticias.uol.com.br/internacional/ultimas-noticias/2023/05/19/mulher-e-acusada-de-dopar-homem-para-roubar-mais-de-r3-milhoes-em-joias.htm, skipping...
[ERROR - 2026-03-03 17:33:51,531 - Worker_0] Status code == 403 for https://noticias.uol.com.br/cotidiano/ultimas-noticias/2023/05/19/pm-que-matou-dois-colegas-tiros-de-fuzil-sp-prisao-convertida-preventiva.htm, skipping...
[ERROR - 2026-03-03 17:33:55,768 - Worker_3] Status code == 403 for https://noticias.uol.com.br/politica/ultimas-noticias/2023/05/20/lula-no-g7-assedio-de-zelensky-e-criticas-ao-sistema-financeiro.htm, skipping...
[ERROR - 2026-03-03 17:33:58,506 - Worker_2] Status code == 403 for https://noticias.uol.com.br/colunas/josias-de-souza/2023/05/19/collor-nao-e-um-bom-exemplo-mas-e-otimo-aviso.htm, skipping...
[ERROR - 2026-03-03 17:34:00,027 - Worker_0] Status code == 404 for https://www.uol.com.br/universa/horoscopo/noticias/redacao/2023/05/20/conheca-os-signos-mais-encrenqueiros-do-zodiaco-e-aprenda-a-lidar-com-eles.htm, skipping...
[ERROR - 2026-03-03 17:34:11,185 - Worker_3] Status code == 403 for https://noticias.uol.com.br/colunas/jose-roberto-de-toledo/2023/05/15/exercito-gasta-mais-com-viuvas-e-herdeiros-de-generais-do-que-com-soldados.htm, skipping...
[ERROR - 2026-03-03 17:34:15,368 - Worker_3] Status code == 403 for https://noticias.uol.com.br/ultimas-noticias/redacao/2023/05/17/dallagnol-nao-angaria-simpatias-mas-colunistas-divergem-sobre-cassacao.htm, skipping...
[ERROR - 2026-03-03 17:34:18,298 - Worker_0] Status code == 403 for https://noticias.uol.com.br/colunas/carlos-madeiro/2023/05/20/preso-e-expulso-ex-pm-cursa-direito-e-prova-inocencia-8-anos-depois-no-ce.htm, skipping...
[ERROR - 2026-03-03 17:34:19,280 - Worker_4] Status code == 403 for https://noticias.uol.com.br/colunas/leonardo-sakamoto/2023/05/20/menu-do-burger-king-tem-bilionarios-cariocas-e-empregado-impedido-de-urinar.htm, skipping...
[ERROR - 2026-03-03 17:34:23,456 - Worker_2] Status code == 403 for https://noticias.uol.com.br/politica/ultimas-noticias/2023/05/20/fraude-vacinas-coronel-cid-ajudante-ordens-bolsonaro-campos-dos-goytacazes.htm, skipping...
[ERROR - 2026-03-03 17:34:26,765 - Worker_1] Status code == 403 for https://noticias.uol.com.br/colunas/jamil-chade/2023/05/20/pos-bolsonaro-brasil-reata-com-oms-e-prioriza-ciencia-e-vacina.htm, skipping...
[ERROR - 2026-03-03 17:34:27,418 - Worker_3] Status code == 403 for https://noticias.uol.com.br/colunas/josias-de-souza/2023/05/20/mulher-de-mauro-cid-expoe-os-gluteos-do-marido.htm, skipping...
[ERROR - 2026-03-03 17:34:30,866 - Worker_1] Status code == 403 for https://noticias.uol.com.br/ultimas-noticias/afp/2023/05/20/aeroporto-da-cidade-do-mexico-suspende-operacoes-por-atividade-do-vulcao-popocatepetl.htm, skipping...
[ERROR - 2026-03-03 17:34:31,530 - Worker_3] Status code == 403 for https://noticias.uol.com.br/politica/ultimas-noticias/2023/05/20/casal-na-camara-quem-sao-fernanda-melchionna-orlando-silva.htm, skipping...
[ERROR - 2026-03-03 17:34:34,451 - Worker_0] Status code == 403 for https://noticias.uol.com.br/cotidiano/ultimas-noticias/2023/05/19/homem-mata-namorada-e-faz-live.htm, skipping...
[ERROR - 2026-03-03 17:34:57,182 - Worker_2] Status code == 403 for https://noticias.uol.com.br/politica/ultimas-noticias/2023/05/20/moro-defende-deltan-em-marcha-para-jesus-pessoa-mais-honrada-que-conheco.htm, skipping...
[ERROR - 2026-03-03 17:35:04,871 - Worker_3] Status code == 403 for https://noticias.uol.com.br/politica/ultimas-noticias/2023/05/20/dias-toffoli-recebe-alta-apos-tres-dias-internado-com-covid.htm, skipping...
[ERROR - 2026-03-03 17:35:07,630 - Worker_0] Status code == 403 for https://noticias.uol.com.br/politica/ultimas-noticias/2023/05/20/lula-foto-oficial-g7-japao.htm, skipping...
[ERROR - 2026-03-03 17:35:08,052 - Worker_4] Status code == 403 for https://tab.uol.com.br/noticias/redacao/2023/05/20/no-pais-dos-invisiveis-mutirao-ajuda-brasileiros-sem-documentacao.htm, skipping...
[ERROR - 2026-03-03 17:35:09,006 - Worker_3] Status code == 403 for https://noticias.uol.com.br/saude/ultimas-noticias/redacao/2023/05/20/anvisa-proibe-e-manda-apreender-26-produtos-a-base-de-cannabis.htm, skipping...
[ERROR - 2026-03-03 17:35:11,226 - Worker_2] Status code == 403 for https://noticias.uol.com.br/colunas/jamil-chade/2023/05/20/lula-questiona-legitimidade-do-g7-em-cupula-do-bloco-e-quer-reforma-da-onu.htm, skipping...
[ERROR - 2026-03-03 17:35:15,338 - Worker_2] Status code == 403 for https://tab.uol.com.br/noticias/redacao/2023/05/20/me-sinto-vingada-o-guarani-leva-indigenas-ao-palco-do-municipal.htm, skipping...
[ERROR - 2026-03-03 17:35:17,971 - Worker_3] Status code == 403 for https://noticias.uol.com.br/colunas/juliana-dal-piva/2023/05/20/bolsonaro-enviou-aos-eua-75-de-seu-dinheiro-em-conta-declarado-ao-tse.htm, skipping...
[ERROR - 2026-03-03 17:35:22,087 - Worker_3] Status code == 403 for https://tab.uol.com.br/noticias/redacao/2023/05/17/um-pais-de-perdedores-o-poder-do-agronejo-familia-brennand-e-mais.htm, skipping...
[ERROR - 2026-03-03 17:35:24,075 - Worker_1] Status code == 403 for https://noticias.uol.com.br/cotidiano/ultimas-noticias/2023/05/20/boi-avanca-contra-multidao.htm, skipping...
[ERROR - 2026-03-03 17:35:26,453 - Worker_3] Status code == 403 for https://noticias.uol.com.br/internacional/ultimas-noticias/2023/05/20/carne-de-wagyu-trufas-negras-e-lagosta-flambada-o-hamburguer-de-us-700.htm, skipping...
[ERROR - 2026-03-03 17:35:28,478 - Worker_1] Status code == 403 for https://noticias.uol.com.br/colunas/reinaldo-azevedo/2023/05/20/o-e-da-coisa-o-bolsonaro-falso-e-o-verdadeiro-reacas-perdem-para-os-fatos.htm, skipping...
[ERROR - 2026-03-03 17:35:28,868 - Worker_2] Status code == 403 for https://noticias.uol.com.br/ultimas-noticias/agencia-estado/2023/05/20/apologia-ao-nazismo-alunos-denunciam-professor-nas-redes-e-unifap-promete-apuracao-rigorosa.htm, skipping...
[ERROR - 2026-03-03 17:35:33,246 - Worker_2] Status code == 403 for https://noticias.uol.com.br/politica/ultimas-noticias/2023/05/20/jovem-de-19-anos-ganhou-ate-r-23-mil-por-mes-em-folhas-secretas-da-uerj.htm, skipping...
[ERROR - 2026-03-03 17:35:42,238 - Worker_1] Status code == 403 for https://noticias.uol.com.br/internacional/ultimas-noticias/2023/05/20/f-16-jato-ucrania.htm, skipping...
[ERROR - 2026-03-03 17:36:35,415 - Worker_2] Status code == 403 for https://noticias.uol.com.br/colunas/carolina-brigido/2023/05/21/por-que-rosa-weber-pautou-o-julgamento-sobre-liberacao-do-porte-de-drogas.htm, skipping...
[ERROR - 2026-03-03 17:37:03,060 - Worker_1] Status code == 403 for https://noticias.uol.com.br/ultimas-noticias/reuters/2023/05/21/policia-alema-investiga-possivel-envenenamento-de-duas-exiladas-russas.htm, skipping...
[ERROR - 2026-03-03 17:37:22,038 - Worker_0] Status code == 403 for https://tab.uol.com.br/noticias/redacao/2023/05/20/no-pais-dos-invisiveis-mutirao-ajuda-brasileiros-sem-documentacao.htm, skipping...
[ERROR - 2026-03-03 17:37:27,532 - Worker_3] Status code == 403 for https://tab.uol.com.br/noticias/redacao/2023/05/20/me-sinto-vingada-o-guarani-leva-indigenas-ao-palco-do-municipal.htm, skipping...
[ERROR - 2026-03-03 17:37:35,685 - Worker_4] Status code == 403 for https://tab.uol.com.br/noticias/redacao/2023/05/17/um-pais-de-perdedores-o-poder-do-agronejo-familia-brennand-e-mais.htm, skipping...
[ERROR - 2026-03-03 17:37:45,482 - Worker_4] Status code == 403 for https://tab.uol.com.br/colunas/matheus-pichonelli/2023/05/21/jogo-erotico-coito-em-que-mundo-e-epoca-habitam-advogados-de-dani-alves.htm, skipping...
[ERROR - 2026-03-03 17:37:59,777 - Worker_2] Status code == 403 for https://noticias.uol.com.br/cotidiano/ultimas-noticias/2023/05/21/pm-matou-colegas-tiro-de-fuzil.htm, skipping...
[ERROR - 2026-03-03 17:38:01,398 - Worker_3] Status code == 403 for https://noticias.uol.com.br/colunas/jose-roberto-de-toledo/2023/05/15/exercito-gasta-mais-com-viuvas-e-herdeiros-de-generais-do-que-com-soldados.htm, skipping...
[ERROR - 2026-03-03 17:38:02,785 - Worker_0] Status code == 403 for https://tab.uol.com.br/colunas/matheus-pichonelli/2023/05/22/caso-vini-jr-mostrou-didaticamente-quem-e-quem-na-luta-contra-o-racismo.htm, skipping...
[ERROR - 2026-03-03 17:38:04,285 - Worker_1] Status code == 403 for https://noticias.uol.com.br/cotidiano/ultimas-noticias/2023/05/22/quem-e-o-surfista-carioca-que-virou-veneravel-no-vaticano-e-pode-ser-santo.htm, skipping...
[ERROR - 2026-03-03 17:38:17,327 - Worker_2] Status code == 403 for https://noticias.uol.com.br/cotidiano/ultimas-noticias/2023/05/22/menino-de-2-anos-cai-do-3-andar-de-predio-e-esta-em-estado-grave-em-sp.htm, skipping...
[ERROR - 2026-03-03 17:38:18,428 - Worker_0] Status code == 403 for https://tab.uol.com.br/noticias/redacao/2023/05/22/quarto-de-3m-e-toalhas-alugadas-como-e-a-noite-num-hostel-capsula.htm, skipping...
[ERROR - 2026-03-03 17:38:24,271 - Worker_3] Status code == 403 for https://tab.uol.com.br/noticias/redacao/2023/05/22/viaduto-em-bh-opoe-vereadora-olavista-e-defensoras-dos-direitos-humanos.htm, skipping...
[ERROR - 2026-03-03 17:38:24,588 - Worker_4] Status code == 403 for https://noticias.uol.com.br/politica/ultimas-noticias/2023/05/22/justica-anula-posse-petista-viana-apex-ingles.htm, skipping...
[ERROR - 2026-03-03 17:38:25,888 - Worker_2] Status code == 403 for https://noticias.uol.com.br/colunas/leonardo-sakamoto/2023/05/22/juiz-teme-morrer-apos-apreensao-de-retroescavadeira-de-garimpo-no-para.htm, skipping...
[ERROR - 2026-03-03 17:38:28,380 - Worker_3] Status code == 403 for https://noticias.uol.com.br/colunas/jamil-chade/2023/05/22/entre-caipirinhas-ucrania-e-russia-se-esbarram-em-casa-do-brasil-na-onu.htm, skipping...
[ERROR - 2026-03-03 17:38:32,225 - Worker_2] Status code == 403 for https://noticias.uol.com.br/confere/ultimas-noticias/2023/05/22/falso-ong-luciano-huck-armas.htm, skipping...
[ERROR - 2026-03-03 17:38:32,770 - Worker_3] Status code == 403 for https://noticias.uol.com.br/cotidiano/ultimas-noticias/2023/05/22/sp-turistas-sao-agredidos-por-ambulantes-por-causa-de-um-celular-perdido.htm, skipping...
[ERROR - 2026-03-03 17:38:38,689 - Worker_1] Status code == 403 for https://noticias.uol.com.br/colunas/reinaldo-azevedo/2023/05/22/no-japao-lula-diz-o-certo-sobre-guerra-zelensky-e-grosserias-com-o-brasil.htm, skipping...
[ERROR - 2026-03-03 17:38:42,233 - Worker_4] Status code == 403 for https://noticias.uol.com.br/cotidiano/ultimas-noticias/2023/05/22/jovem-grava-video-abuso-sexual-alemao.htm, skipping...
[ERROR - 2026-03-03 17:38:43,234 - Worker_2] Status code == 403 for https://noticias.uol.com.br/colunas/jamil-chade/2023/05/21/carta-ao-g7-voces-mostraram-que-a-ideia-de-humanidade-e-sonho-distante.htm, skipping...
[ERROR - 2026-03-03 17:38:43,501 - Worker_3] Status code == 403 for https://noticias.uol.com.br/ultimas-noticias/redacao/2023/05/19/leo-lins-porchat-e-a-piada-que-faz-o-branco-rir-e-machuca-o-negro.htm, skipping...
[ERROR - 2026-03-03 17:39:02,648 - Worker_0] Status code == 403 for https://noticias.uol.com.br/cotidiano/ultimas-noticias/2023/05/22/os-milagres-da-biblia-aconteceram-especialistas-falam-sobre-as-descobertas.htm, skipping...
[ERROR - 2026-03-03 17:39:03,786 - Worker_2] Status code == 403 for https://noticias.uol.com.br/colunas/andre-santana/2023/05/22/se-sair-vini-jr-estara-certo-a-espanha-que-se-resolva-com-seus-racistas.htm, skipping...
[ERROR - 2026-03-03 17:39:06,743 - Worker_3] Status code == 403 for https://tab.uol.com.br/noticias/redacao/2023/05/20/no-pais-dos-invisiveis-mutirao-ajuda-brasileiros-sem-documentacao.htm, skipping...
[ERROR - 2026-03-03 17:39:06,749 - Worker_0] Status code == 403 for https://noticias.uol.com.br/colunas/rogerio-gentile/2023/05/22/justica-condena-record-por-nao-pagar-o-deus-de-os-deus-mandamentos.htm, skipping...
[ERROR - 2026-03-03 17:39:16,862 - Worker_1] Status code == 403 for https://noticias.uol.com.br/cotidiano/ultimas-noticias/2023/05/22/policia-prende-suspeitas-envolvimento-morte-chileno-rio.htm, skipping...
[ERROR - 2026-03-03 17:39:21,236 - Worker_3] Status code == 403 for https://noticias.uol.com.br/colunas/jamil-chade/2023/05/22/governo-lula-vai-chamar-embaixadora-da-espanha-por-racismo-contra-vini-jr.htm, skipping...
[ERROR - 2026-03-03 17:39:39,564 - Worker_0] Status code == 403 for https://noticias.uol.com.br/cotidiano/ultimas-noticias/2023/05/22/mulher-morre-apos-lifting-em-hospital-no-rj-familia-fala-em-negligencia.htm, skipping...
[ERROR - 2026-03-03 17:39:42,062 - Worker_2] Status code == 403 for https://noticias.uol.com.br/cotidiano/ultimas-noticias/2023/05/22/zoofilia-jumentas-redes-sociais.htm, skipping...
[ERROR - 2026-03-03 17:39:44,697 - Worker_3] Status code == 403 for https://noticias.uol.com.br/cotidiano/ultimas-noticias/2023/05/22/socorrista-bate-em-paciente-em-surto-durante-atendimento-no-rio-veja.htm, skipping...
[ERROR - 2026-03-03 17:39:44,987 - Worker_1] Status code == 403 for https://noticias.uol.com.br/politica/ultimas-noticias/2023/05/22/deltan-diz-que-nao-desistira-da-politica-e-que-tse-quis-agradar-governo.htm, skipping...
[ERROR - 2026-03-03 17:39:45,606 - Worker_4] Status code == 403 for https://noticias.uol.com.br/cotidiano/ultimas-noticias/2023/05/22/justica-do-rio-mantem-prisao-de-acusados-do-assassinato-de-moise-kabagambe.htm, skipping...
[ERROR - 2026-03-03 17:39:50,650 - Worker_2] Status code == 403 for https://noticias.uol.com.br/cotidiano/ultimas-noticias/2023/05/22/cacadores-de-pelucias.htm, skipping...
[ERROR - 2026-03-03 17:39:51,881 - Worker_0] Status code == 403 for https://noticias.uol.com.br/cotidiano/ultimas-noticias/2023/05/22/mulher-morre-acidente-rio.htm, skipping...
[ERROR - 2026-03-03 17:39:54,234 - Worker_4] Status code == 403 for https://noticias.uol.com.br/colunas/josias-de-souza/2023/05/22/lula-recoloca-marina-numa-antiga-corda-bamba.htm, skipping...
[ERROR - 2026-03-03 17:39:56,120 - Worker_0] Status code == 403 for https://noticias.uol.com.br/colunas/jose-roberto-de-toledo/2023/05/23/racismo-contra-vini-jr-tem-dobro-de-interesse-no-brasil-que-na-espanha.htm, skipping...
[ERROR - 2026-03-03 17:40:00,607 - Worker_4] Status code == 403 for https://noticias.uol.com.br/ultimas-noticias/rfi/2023/05/23/diamantes-russos-nao-sao-eternos-como-pedras-preciosas-viraram-arma-de-guerra.htm, skipping...
[ERROR - 2026-03-03 17:40:02,547 - Worker_1] Status code == 403 for https://noticias.uol.com.br/politica/ultimas-noticias/2023/05/23/marina-sobre-proibicao-de-explorar-rio-amazonas-nao-e-politica.htm, skipping...
[ERROR - 2026-03-03 17:40:04,765 - Worker_4] Status code == 403 for https://noticias.uol.com.br/ultimas-noticias/agencia-estado/2023/05/23/mulher-e-presa-sob-suspeita-de-encomendar-morte-de-pai-e-irmao-em-disputa-por-heranca.htm, skipping...
[ERROR - 2026-03-03 17:40:05,844 - Worker_2] Status code == 403 for https://noticias.uol.com.br/colunas/jose-roberto-de-toledo/2023/05/15/exercito-gasta-mais-com-viuvas-e-herdeiros-de-generais-do-que-com-soldados.htm, skipping...
[ERROR - 2026-03-03 17:40:11,318 - Worker_1] Status code == 403 for https://noticias.uol.com.br/colunas/josmar-jozino/2023/05/23/pm-prende-magrelo-criador-da-faccao-que-desafia-o-pcc-no-interior-de-sp.htm, skipping...
[ERROR - 2026-03-03 17:40:17,443 - Worker_0] Status code == 403 for https://noticias.uol.com.br/cotidiano/ultimas-noticias/2023/05/23/nao-fazem-ideia-do-que-passamos-diz-socorrista-que-caiu-em-atendimento.htm, skipping...
[ERROR - 2026-03-03 17:40:21,190 - Worker_2] Status code == 403 for https://noticias.uol.com.br/colunas/rogerio-gentile/2023/05/23/ator-que-abandonou-minisserie-e-condenado-a-pagar-r-210-mil-a-globo.htm, skipping...
[ERROR - 2026-03-03 17:40:30,901 - Worker_1] Status code == 403 for https://noticias.uol.com.br/politica/ultimas-noticias/2023/05/23/lava-jato-transcricao-telefonema-afastamento-eduardo-appio.htm, skipping...
[ERROR - 2026-03-03 17:40:38,997 - Worker_3] Status code == 403 for https://noticias.uol.com.br/cotidiano/ultimas-noticias/2023/05/23/deputado-policial-e-investigado-por-violencia-domestica-no-rs-ele-nega.htm, skipping...
[ERROR - 2026-03-03 17:40:39,427 - Worker_2] Status code == 403 for https://tab.uol.com.br/noticias/redacao/2023/05/23/o-que-e-regressao-infantil.htm, skipping...
[ERROR - 2026-03-03 17:40:43,412 - Worker_3] Status code == 403 for https://tab.uol.com.br/noticias/redacao/2023/05/23/humanos-esgotados-animais-sacrificados-bastidores-da-ciencia-no-brasil.htm, skipping...
[ERROR - 2026-03-03 17:40:47,544 - Worker_3] Status code == 403 for https://noticias.uol.com.br/politica/ultimas-noticias/2023/05/23/moraes-investigacao-presidente-cpi-mst.htm, skipping...
[ERROR - 2026-03-03 17:41:59,441 - Worker_3] Status code == 403 for https://noticias.uol.com.br/colunas/carolina-brigido/2023/05/23/candidatos-a-vagas-no-tse-apostam-em-rosa-weber-para-alavancar-campanha.htm, skipping...
[ERROR - 2026-03-03 17:41:59,952 - Worker_2] Status code == 403 for https://noticias.uol.com.br/politica/ultimas-noticias/2023/05/23/presidente-da-cpi-do-mst-corta-microfone-de-samia-e-deputados-batem-boca.htm, skipping...
[ERROR - 2026-03-03 17:42:06,332 - Worker_0] Status code == 403 for https://noticias.uol.com.br/cotidiano/ultimas-noticias/2023/05/23/influenciadora-vitima-de-feminicidio-presa-no-banheiro.htm, skipping...
[ERROR - 2026-03-03 17:42:06,433 - Worker_2] Status code == 403 for https://noticias.uol.com.br/colunas/juliana-dal-piva/2023/05/23/por-que-cid-respondeu-sobre-joias-e-calou-sobre-a-fraude-nas-vacinas.htm, skipping...
[ERROR - 2026-03-03 17:42:07,340 - Worker_4] Status code == 403 for https://noticias.uol.com.br/colunas/madeleine-lacsko/2023/05/23/a-danca-das-cadeiras-da-lava-jato-continua-ideologica.htm, skipping...
[ERROR - 2026-03-03 17:42:25,945 - Worker_0] Status code == 403 for https://noticias.uol.com.br/colunas/jose-roberto-de-toledo/2023/05/15/exercito-gasta-mais-com-viuvas-e-herdeiros-de-generais-do-que-com-soldados.htm, skipping...
[ERROR - 2026-03-03 17:42:33,967 - Worker_4] Status code == 403 for https://tab.uol.com.br/noticias/redacao/2023/05/24/jovens-na-china-os-bastidores-de-experimentos-com-cobaias-e-mais.htm, skipping...
[ERROR - 2026-03-03 17:42:49,420 - Worker_1] Status code == 403 for https://tab.uol.com.br/noticias/redacao/2023/05/23/o-que-e-regressao-infantil.htm, skipping...
[ERROR - 2026-03-03 17:43:33,640 - Worker_2] Status code == 403 for https://noticias.uol.com.br/colunas/aguirre-talento/2023/05/24/mensagens-mostram-ordens-de-dinheiro-para-michelle-a-dama-pediu-saques.htm, skipping...
[ERROR - 2026-03-03 17:43:34,724 - Worker_1] Status code == 403 for https://noticias.uol.com.br/internacional/ultimas-noticias/2023/05/24/sofa-bubble-nova-york.htm, skipping...
[ERROR - 2026-03-03 17:43:37,756 - Worker_2] Status code == 403 for https://noticias.uol.com.br/ultimas-noticias/2023/05/24/mega-sena-concurso-2595-sorteio-24-de-maio.htm, skipping...
[ERROR - 2026-03-03 17:43:44,712 - Worker_4] Status code == 403 for https://economia.uol.com.br/colunas/mariana-londres/2023/05/24/haddad-sai-vitorioso-mas-nova-regra-de-gastos-impoe-tarefa-complexa.htm, skipping...
[ERROR - 2026-03-03 17:43:46,521 - Worker_2] Status code == 403 for https://noticias.uol.com.br/politica/ultimas-noticias/2023/05/24/projeto-duda-salabert-politicos-piso-professores.htm, skipping...
[ERROR - 2026-03-03 17:43:48,822 - Worker_4] Status code == 403 for https://economia.uol.com.br/ao-vivo/2023/03/31/monitor-de-ofertas-uol.htm, skipping...
[ERROR - 2026-03-03 17:43:57,940 - Worker_0] Status code == 403 for https://noticias.uol.com.br/cotidiano/ultimas-noticias/2023/05/24/conar-adverte-influenciador-choquei-publicacao.htm, skipping...
[ERROR - 2026-03-03 17:44:12,575 - Worker_2] Status code == 403 for https://noticias.uol.com.br/colunas/leonardo-sakamoto/2023/05/24/caixa-eletronico-de-michelle-mauro-cid-sabe-origem-da-grana-de-bolsonaro.htm, skipping...
[ERROR - 2026-03-03 17:44:13,393 - Worker_0] Status code == 403 for https://tab.uol.com.br/noticias/redacao/2023/05/24/cleanfluencers-brasileiros-ganham-ate-r-43-mil-a-mais-do-que-americanos.htm, skipping...
[ERROR - 2026-03-03 17:44:16,686 - Worker_2] Status code == 403 for https://noticias.uol.com.br/politica/ultimas-noticias/2023/05/24/daniela-barbalho-esposa-governador-cargo-tse-justica.htm, skipping...
[ERROR - 2026-03-03 17:44:22,443 - Worker_4] Status code == 404 for https://www.uol.com.br/universa/horoscopo/noticias/redacao/2023/05/23/vai-casar-veja-as-simpatias-de-marcia-sensitiva-para-quem-vai-para-o-altar.htm, skipping...
[ERROR - 2026-03-03 17:44:26,204 - Worker_2] Status code == 403 for https://noticias.uol.com.br/internacional/ultimas-noticias/2023/05/25/menino-negro-baleado-policial.htm, skipping...
[ERROR - 2026-03-03 17:44:26,647 - Worker_4] Status code == 403 for https://economia.uol.com.br/imposto-de-renda/noticias/redacao/2023/03/09/imposto-de-renda-2023-receita-libera-download-do-programa.htm, skipping...
[ERROR - 2026-03-03 17:44:27,147 - Worker_3] Status code == 403 for https://economia.uol.com.br/noticias/reporter-brasil/2023/05/25/nao-contratem-patroas-desfilam-preconceitos-em-lista-suja-de-domesticas.htm, skipping...
[ERROR - 2026-03-03 17:44:30,463 - Worker_1] Status code == 403 for https://economia.uol.com.br/colunas/jose-paulo-kupfer/2023/05/25/criticado-a-direita-e-a-esquerda-arcabouco-depende-do-aumento-de-receitas.htm, skipping...
[ERROR - 2026-03-03 17:44:47,241 - Worker_0] Status code == 403 for https://tab.uol.com.br/noticias/redacao/2023/05/24/jovens-na-china-os-bastidores-de-experimentos-com-cobaias-e-mais.htm, skipping...
[ERROR - 2026-03-03 17:45:03,381 - Worker_1] Status code == 403 for https://economia.uol.com.br/noticias/redacao/2023/05/22/spic-brasil-ampliar-hidreletricas-existentes-pode-baratear-conta-de-luz.htm, skipping...
[ERROR - 2026-03-03 17:45:17,294 - Worker_0] Status code == 403 for https://noticias.uol.com.br/colunas/josias-de-souza/2023/05/25/moraes-usa-veneno-de-bolsonaro-para-pavimentar-inelegibilidade-no-tse.htm, skipping...
[ERROR - 2026-03-03 17:45:18,820 - Worker_3] Status code == 403 for https://noticias.uol.com.br/colunas/carolina-brigido/2023/05/25/novos-ministros-do-tse-tomam-posse-terca-feira.htm, skipping...
[ERROR - 2026-03-03 17:45:23,193 - Worker_3] Status code == 403 for https://noticias.uol.com.br/politica/ultimas-noticias/2023/05/25/lula-evento-fiesp-anuncio.htm, skipping...
[ERROR - 2026-03-03 17:45:24,865 - Worker_1] Status code == 403 for https://noticias.uol.com.br/politica/ultimas-noticias/2023/05/24/ex-assessora-acusa-joice-hassellmann-de-rachadinha-e-assedio-moral.htm, skipping...
[ERROR - 2026-03-03 17:45:26,391 - Worker_0] Status code == 403 for https://noticias.uol.com.br/politica/ultimas-noticias/2023/05/25/stf-condenacao-fernando-collor-julgamento-pena.htm, skipping...
[ERROR - 2026-03-03 17:45:30,671 - Worker_0] Status code == 403 for https://economia.uol.com.br/cotacoes/noticias/redacao/2023/05/25/fechamento-dolar-bolsa-25-maio.htm, skipping...
[ERROR - 2026-03-03 17:45:36,246 - Worker_1] Status code == 404 for https://www.uol.com.br/universa/horoscopo/noticias/redacao/2023/05/25/aries-nao-hesita-libra-pondera-signos-que-tem-coragem-de-tomar-iniciativa.htm, skipping...
[ERROR - 2026-03-03 17:45:37,056 - Worker_2] Status code == 403 for https://noticias.uol.com.br/politica/ultimas-noticias/2023/05/25/juiza-ludmila-lins-grilo-aposentada-compulsoriamente.htm, skipping...
[ERROR - 2026-03-03 17:45:41,779 - Worker_0] Status code == 403 for http://noticias.uol.com.br/cotidiano/ultimas-noticias/2023/05/25/quadrilha-golpe-do-game-desvio-r-5-milhoes-presa-sp-carros-de-luxo.htm, skipping...
[ERROR - 2026-03-03 17:45:52,951 - Worker_0] Status code == 403 for https://noticias.uol.com.br/politica/ultimas-noticias/2023/05/25/fernando-collor-condenado-com-base-em-delacao-e-inadequado-avalia-jurista.htm, skipping...
[ERROR - 2026-03-03 17:45:56,340 - Worker_2] Status code == 403 for https://noticias.uol.com.br/politica/ultimas-noticias/2023/05/25/trf-1-apex-jorge-viana-ingles.htm, skipping...
[ERROR - 2026-03-03 17:46:00,421 - Worker_4] Status code == 403 for https://noticias.uol.com.br/colunas/tales-faria/2023/05/25/nem-governo-nem-oposicao-arthur-lira-e-quem-manda-na-cpi-do-8-de-janeiro.htm, skipping...
[ERROR - 2026-03-03 17:46:01,733 - Worker_1] Status code == 403 for https://noticias.uol.com.br/cotidiano/ultimas-noticias/2023/05/25/cavalos-pm-sapopemba.htm, skipping...
[ERROR - 2026-03-03 17:46:05,918 - Worker_0] Status code == 403 for https://economia.uol.com.br/noticias/redacao/2023/05/25/haddad-sistema-tributario-e-grande-vilao-pelas-baixas-taxas-de-crescimento.htm, skipping...
[ERROR - 2026-03-03 17:46:07,886 - Worker_3] Status code == 403 for https://noticias.uol.com.br/internacional/ultimas-noticias/2023/05/25/cigarro-eletronico-explode-em-aviao-e-incendio-deixa-passageiros-em-panico.htm, skipping...
[ERROR - 2026-03-03 17:46:10,430 - Worker_1] Status code == 403 for https://noticias.uol.com.br/politica/ultimas-noticias/2023/05/25/tse-multa-zambelli-em-r-30-mil-por-fake-news-sobre-urnas-eletronicas.htm, skipping...
[ERROR - 2026-03-03 17:46:14,796 - Worker_1] Status code == 403 for https://noticias.uol.com.br/cotidiano/ultimas-noticias/2023/05/25/idosa-policiais-tiros-manaus.htm, skipping...
[ERROR - 2026-03-03 17:46:15,052 - Worker_0] Status code == 403 for https://noticias.uol.com.br/colunas/leonardo-sakamoto/2023/05/25/collor-e-mais-um-aliado-de-bolsonaro-que-sera-enviado-pelo-stf-a-prisao.htm, skipping...
[ERROR - 2026-03-03 17:46:19,522 - Worker_3] Status code == 403 for https://tab.uol.com.br/noticias/redacao/2023/05/24/cleanfluencers-brasileiros-ganham-ate-r-43-mil-a-mais-do-que-americanos.htm, skipping...
[ERROR - 2026-03-03 17:46:20,781 - Worker_2] Status code == 403 for https://tab.uol.com.br/noticias/redacao/2023/05/25/tirolesa-pode-fazer-rio-perder-titulo-de-patrimonio-diz-ambientalista.htm, skipping...
[ERROR - 2026-03-03 17:46:25,439 - Worker_2] Status code == 403 for https://noticias.uol.com.br/cotidiano/ultimas-noticias/2023/05/25/justica-condena-agente-penitenciario-pombo-correio-do-cv-13-anos-prisao.htm, skipping...
[ERROR - 2026-03-03 17:46:25,447 - Worker_4] Status code == 403 for https://noticias.uol.com.br/politica/ultimas-noticias/2023/05/25/de-cacador-de-marajas-a-risco-de-prisao-auge-e-queda-de-collor-em-5-pontos.htm, skipping...
[ERROR - 2026-03-03 17:46:29,798 - Worker_4] Status code == 403 for https://noticias.uol.com.br/cotidiano/ultimas-noticias/2023/05/25/genivaldo-prf-pede-desculpa-por-camara-de-gas-e-anuncia-camera-em-fardas.htm, skipping...
[ERROR - 2026-03-03 17:46:41,471 - Worker_0] Status code == 403 for https://noticias.uol.com.br/politica/ultimas-noticias/2023/05/26/carla-zambelli-ato-deltan-dallagnol.htm, skipping...
[ERROR - 2026-03-03 17:46:52,172 - Worker_3] Status code == 403 for https://noticias.uol.com.br/politica/ultimas-noticias/2023/05/26/cpi-do-81-eliziane-rebate-nao-sou-aliada-de-dino-comosoudolula.htm, skipping...
[ERROR - 2026-03-03 17:46:53,501 - Worker_1] Status code == 403 for https://noticias.uol.com.br/colunas/josias-de-souza/2023/05/26/goleado-lula-pede-o-var-48-horas-apos-o-jogo.htm, skipping...
[ERROR - 2026-03-03 17:46:58,040 - Worker_1] Status code == 403 for https://tab.uol.com.br/noticias/redacao/2023/05/24/jovens-na-china-os-bastidores-de-experimentos-com-cobaias-e-mais.htm, skipping...
[ERROR - 2026-03-03 17:46:58,719 - Worker_2] Status code == 403 for https://noticias.uol.com.br/internacional/ultimas-noticias/2023/05/26/corpo-modelo-brasileira-morta-policia-eua-chega-brasil.htm, skipping...
[ERROR - 2026-03-03 17:47:05,681 - Worker_3] Status code == 403 for http://tab.uol.com.br/noticias/redacao/2023/05/26/pablo-marcal-mentor-de-milhoes-ou-manipulador.htm, skipping...
[ERROR - 2026-03-03 17:47:12,057 - Worker_2] Status code == 403 for https://noticias.uol.com.br/internacional/ultimas-noticias/2023/05/26/bomba-nao-detonada-polonia.htm, skipping...
[ERROR - 2026-03-03 17:47:20,935 - Worker_2] Status code == 403 for https://tab.uol.com.br/colunas/luiza-sahd/2023/05/26/por-que-so-o-vini-jr-a-pergunta-certa-e-por-que-na-espanha-10-vezes.htm, skipping...
[ERROR - 2026-03-03 17:47:24,846 - Worker_4] Status code == 403 for https://noticias.uol.com.br/politica/ultimas-noticias/2023/05/26/marcos-feliciano-flavio-dino-audiencia-ccj.htm, skipping...
[ERROR - 2026-03-03 17:47:27,433 - Worker_2] Status code == 403 for https://noticias.uol.com.br/politica/ultimas-noticias/2023/05/26/marina-sobre-permanencia-no-governo-lula-quem-decide-e-o-presidente.htm, skipping...
[ERROR - 2026-03-03 17:47:30,303 - Worker_3] Status code == 403 for https://noticias.uol.com.br/ultimas-noticias/afp/2023/05/26/passageiro-abre-a-porta-durante-voo-na-coreia-do-sul.htm, skipping...
[ERROR - 2026-03-03 17:47:34,008 - Worker_1] Status code == 403 for https://noticias.uol.com.br/colunas/madeleine-lacsko/2023/05/26/marina-e-a-arte-lulista-de-jogar-a-culpa-nos-outros.htm, skipping...
[ERROR - 2026-03-03 17:47:35,829 - Worker_2] Status code == 403 for https://noticias.uol.com.br/cotidiano/ultimas-noticias/2023/05/26/video-raro-mostra-inseto-com-cabeca-de-jacare-na-amazonia.htm, skipping...
[ERROR - 2026-03-03 17:47:38,290 - Worker_0] Status code == 403 for https://noticias.uol.com.br/politica/ultimas-noticias/2023/05/24/ex-assessora-acusa-joice-hassellmann-de-rachadinha-e-assedio-moral.htm, skipping...
[ERROR - 2026-03-03 17:47:42,326 - Worker_3] Status code == 403 for https://noticias.uol.com.br/politica/ultimas-noticias/2023/05/26/agu-ferrograo-lei-ambiental.htm, skipping...
[ERROR - 2026-03-03 17:47:42,399 - Worker_0] Status code == 403 for https://noticias.uol.com.br/politica/ultimas-noticias/2023/05/26/gabriela-hardt-suspensao-processos-tacla-duran.htm, skipping...
[ERROR - 2026-03-03 17:47:46,542 - Worker_2] Status code == 403 for https://noticias.uol.com.br/colunas/juliana-dal-piva/2023/05/26/eduardo-bolsonaro-e-socio-nos-eua-de-empresario-que-apoiou-atos-golpistas.htm, skipping...
[ERROR - 2026-03-03 17:47:56,988 - Worker_0] Status code == 403 for https://noticias.uol.com.br/politica/ultimas-noticias/2023/05/26/randolfe-nao-ha-processo-de-enfraquecimento-da-marina-pelo-governo-lula.htm, skipping...
[ERROR - 2026-03-03 17:47:58,968 - Worker_1] Status code == 403 for https://noticias.uol.com.br/cotidiano/ultimas-noticias/2023/05/26/carro-e-esmagado-por-trator-mas-motorista-consegue-sobreviver-em-bh.htm, skipping...
[ERROR - 2026-03-03 17:48:13,323 - Worker_4] Status code == 403 for https://noticias.uol.com.br/colunas/jamil-chade/2023/05/26/em-conversa-com-lula-putin-culpa-ucrania-e-ocidente-por-falta-de-dialogo.htm, skipping...
[ERROR - 2026-03-03 17:48:22,872 - Worker_0] Status code == 403 for https://noticias.uol.com.br/cotidiano/ultimas-noticias/2023/05/26/moradora-video-tiros-realengo.htm, skipping...
[ERROR - 2026-03-03 17:48:22,876 - Worker_3] Status code == 403 for https://tab.uol.com.br/noticias/redacao/2023/05/24/cleanfluencers-brasileiros-ganham-ate-r-43-mil-a-mais-do-que-americanos.htm, skipping...
[ERROR - 2026-03-03 17:48:27,278 - Worker_3] Status code == 403 for https://tab.uol.com.br/noticias/redacao/2023/05/25/tirolesa-pode-fazer-rio-perder-titulo-de-patrimonio-diz-ambientalista.htm, skipping...
[ERROR - 2026-03-03 17:48:28,730 - Worker_2] Status code == 403 for https://noticias.uol.com.br/politica/ultimas-noticias/2023/05/26/tales-juiza-ja-estava-queimada-em-curitiba-nao-ha-salvacaoparalavajato.htm, skipping...
[ERROR - 2026-03-03 17:48:36,889 - Worker_4] Status code == 403 for https://noticias.uol.com.br/politica/ultimas-noticias/2023/05/26/josias-governo-lula-da-dois-tiros-no-pe-com-iniciativa-de-carros-populares.htm, skipping...
[ERROR - 2026-03-03 17:48:43,142 - Worker_2] Failed to connect with  after 3 attempts, skipping...
[ERROR - 2026-03-03 17:48:48,549 - Worker_3] Status code == 403 for https://tab.uol.com.br/noticias/redacao/2023/05/28/igrejas-se-desligam-da-lagoinha-desde-que-andre-valadao-assumiu-lideranca.htm, skipping...
[ERROR - 2026-03-03 17:48:51,768 - Worker_4] Status code == 403 for https://noticias.uol.com.br/colunas/chico-alves/2023/05/28/claudio-castro-e-mp-devem-explicacoes-sobre-escandalo-das-folhas-secretas.htm, skipping...
[ERROR - 2026-03-03 17:48:52,512 - Worker_2] Status code == 403 for https://noticias.uol.com.br/internacional/ultimas-noticias/2023/05/28/lindsey-graham-zelenski-guerra-ucrania-morte-russos-melhor-dinheiro-gasto.htm, skipping...
[ERROR - 2026-03-03 17:48:56,618 - Worker_2] Status code == 403 for https://noticias.uol.com.br/internacional/ultimas-noticias/2023/05/28/20-anos-no-poder-e-autoritarismo-quem-e-erdogan-o-chefe-da-turquia.htm, skipping...
[ERROR - 2026-03-03 17:48:57,109 - Worker_3] Status code == 403 for https://noticias.uol.com.br/politica/ultimas-noticias/2023/05/28/cpi-das-apostas-esportivas-requerimentos-empresas.htm, skipping...
[ERROR - 2026-03-03 17:49:00,273 - Worker_1] Status code == 403 for https://noticias.uol.com.br/cotidiano/ultimas-noticias/2023/05/28/mae-filha-presas-galeao-60-mil-comprimidos-droga-4-milhoes-reais-rio.htm, skipping...
[ERROR - 2026-03-03 17:49:00,726 - Worker_2] Status code == 403 for https://noticias.uol.com.br/colunas/jamil-chade/2023/05/28/governo-lula-desfaz-oferta-comercial-de-bolsonaro-a-paises-ricos.htm, skipping...
[ERROR - 2026-03-03 17:49:00,896 - Worker_4] Status code == 403 for https://tab.uol.com.br/noticias/redacao/2023/05/26/pablo-marcal-mentor-de-milhoes-ou-manipulador.htm, skipping...
[ERROR - 2026-03-03 17:49:09,538 - Worker_2] Status code == 403 for https://noticias.uol.com.br/politica/ultimas-noticias/2023/05/28/lula-parabeniza-erdogan-presidente-turquia.htm, skipping...
[ERROR - 2026-03-03 17:49:09,632 - Worker_4] Status code == 403 for https://tab.uol.com.br/noticias/redacao/2023/05/24/jovens-na-china-os-bastidores-de-experimentos-com-cobaias-e-mais.htm, skipping...
[ERROR - 2026-03-03 17:49:19,999 - Worker_0] Status code == 403 for https://tab.uol.com.br/colunas/michel-alcoforado/2023/05/28/recession-core-quiet-luxury-e-tudo-mais-do-mesmo.htm, skipping...
[ERROR - 2026-03-03 17:50:29,371 - Worker_1] Status code == 403 for https://tab.uol.com.br/noticias/redacao/2023/05/28/vitrine-do-agro-em-goias-feira-agropecuaria-retoma-shows-pos-pandemia.htm, skipping...
[ERROR - 2026-03-03 17:50:42,162 - Worker_1] Status code == 403 for https://tab.uol.com.br/noticias/redacao/2023/05/25/tirolesa-pode-fazer-rio-perder-titulo-de-patrimonio-diz-ambientalista.htm, skipping...
[ERROR - 2026-03-03 17:50:49,476 - Worker_0] Status code == 403 for https://noticias.uol.com.br/politica/ultimas-noticias/2023/05/28/justica-cassa-mandato-de-deputado-de-crivella-por-escandalo-dos-guardioes.htm, skipping...
[ERROR - 2026-03-03 17:51:14,881 - Worker_4] Status code == 403 for https://tab.uol.com.br/noticias/redacao/2023/05/26/pablo-marcal-mentor-de-milhoes-ou-manipulador.htm, skipping...
[ERROR - 2026-03-03 17:51:15,526 - Worker_3] Status code == 403 for https://tab.uol.com.br/noticias/redacao/2023/05/29/curso-de-deputado-bolsonarista-recruta-soldados-para-guerra-nas-redes.htm, skipping...
[ERROR - 2026-03-03 17:51:26,064 - Worker_2] Status code == 403 for https://tab.uol.com.br/noticias/redacao/2023/05/24/jovens-na-china-os-bastidores-de-experimentos-com-cobaias-e-mais.htm, skipping...
[ERROR - 2026-03-03 17:51:36,389 - Worker_4] Status code == 404 for https://www.uol.com.br/universa/horoscopo/noticias/redacao/2023/05/29/nao-sabe-o-que-e-o-temido-retorno-de-saturno-a-gente-explica.htm, skipping...
[ERROR - 2026-03-03 17:51:40,129 - Worker_2] Status code == 403 for https://noticias.uol.com.br/politica/ultimas-noticias/2023/05/29/lula-nomeia-primeira-mulher-embaixadora-dos-eua.htm, skipping...
[ERROR - 2026-03-03 17:51:43,494 - Worker_4] Status code == 403 for https://noticias.uol.com.br/politica/ultimas-noticias/2023/05/29/governo-defende-aziz-como-relator-do-arcabouco-e-descarta-mudancas-no-texto.htm, skipping...
[ERROR - 2026-03-03 17:51:50,072 - Worker_0] Status code == 403 for https://noticias.uol.com.br/ultimas-noticias/afp/2023/05/29/criancas-indigenas-perdidas-na-selva-colombiana-estao-vivas-dizem-autoridades.htm, skipping...
[ERROR - 2026-03-03 17:51:50,500 - Worker_1] Status code == 403 for https://noticias.uol.com.br/colunas/madeleine-lacsko/2023/05/29/por-que-lula-endossou-o-regime-de-maduro-na-venezuela.htm, skipping...
[ERROR - 2026-03-03 17:51:55,099 - Worker_2] Status code == 403 for https://noticias.uol.com.br/politica/ultimas-noticias/2023/05/24/ex-assessora-acusa-joice-hassellmann-de-rachadinha-e-assedio-moral.htm, skipping...
[ERROR - 2026-03-03 17:51:58,927 - Worker_4] Status code == 403 for https://noticias.uol.com.br/colunas/balaio-do-kotscho/2023/05/29/apos-5-meses-governo-lula-3-esta-sob-forte-ataque-do-congresso-e-da-midia.htm, skipping...
[ERROR - 2026-03-03 17:52:07,856 - Worker_3] Status code == 403 for https://noticias.uol.com.br/politica/ultimas-noticias/2023/05/29/cunha-lava-jato-decisao-stf.htm, skipping...
[ERROR - 2026-03-03 17:52:10,623 - Worker_2] Status code == 403 for https://noticias.uol.com.br/colunas/jamil-chade/2023/05/29/saude-alerta-para-riscos-ao-sus-e-lula-acena-para-revisao-de-acordo-com-ue.htm, skipping...
[ERROR - 2026-03-03 17:52:12,344 - Worker_4] Status code == 403 for https://noticias.uol.com.br/colunas/leonardo-sakamoto/2023/05/29/bolsonaro-tentou-comprar-votos-de-pobres-queimando-grana-dos-trabalhadores.htm, skipping...
[ERROR - 2026-03-03 17:52:16,445 - Worker_4] Status code == 403 for https://noticias.uol.com.br/politica/ultimas-noticias/2023/05/29/aviao-igreja-droga-tio-damares-alves.htm, skipping...
[ERROR - 2026-03-03 17:52:20,005 - Worker_0] Status code == 403 for https://noticias.uol.com.br/colunas/rogerio-gentile/2023/05/29/roberto-carlos-diz-que-peritos-que-apontaram-plagio-sao-despreparados.htm, skipping...
[ERROR - 2026-03-03 17:52:24,909 - Worker_4] Status code == 403 for https://noticias.uol.com.br/cotidiano/ultimas-noticias/2023/05/29/jovem-presa-buraco-espirito-santo.htm, skipping...
[ERROR - 2026-03-03 17:52:32,334 - Worker_1] Status code == 403 for https://tab.uol.com.br/noticias/redacao/2023/05/28/vitrine-do-agro-em-goias-feira-agropecuaria-retoma-shows-pos-pandemia.htm, skipping...
[ERROR - 2026-03-03 17:52:41,407 - Worker_1] Status code == 403 for https://noticias.uol.com.br/colunas/carla-araujo/2023/05/29/presenca-de-moraes-em-churrasco-no-alvorada-reforca-proximidade-com-lula.htm, skipping...
[ERROR - 2026-03-03 17:52:43,224 - Worker_4] Status code == 403 for https://noticias.uol.com.br/politica/ultimas-noticias/2023/05/29/senador-pede-que-tcu-investigue-calote-na-caixa-revelado-pelo-uol.htm, skipping...
[ERROR - 2026-03-03 17:52:44,692 - Worker_0] Status code == 403 for https://noticias.uol.com.br/politica/ultimas-noticias/2023/05/29/e-uma-coisa-tao-minha-que-nao-quero-repartir-diz-lula-sobre-nome-para-stf.htm, skipping...
[ERROR - 2026-03-03 17:52:47,594 - Worker_3] Status code == 403 for https://tab.uol.com.br/noticias/redacao/2023/05/25/tirolesa-pode-fazer-rio-perder-titulo-de-patrimonio-diz-ambientalista.htm, skipping...
[ERROR - 2026-03-03 17:52:51,982 - Worker_3] Status code == 403 for https://noticias.uol.com.br/ultimas-noticias/rfi/2023/05/29/hoolingans-e-patriotas-os-russos-armados-que-desafiam-putin-e-atacam-o-proprio-pais.htm, skipping...
[ERROR - 2026-03-03 17:52:55,083 - Worker_1] Status code == 403 for https://noticias.uol.com.br/ultimas-noticias/reuters/2023/05/29/adolescente-e-acusada-de-19-mortes-no-incendio-em-dormitorio-de-escola-na-guiana.htm, skipping...
[ERROR - 2026-03-03 17:52:59,580 - Worker_4] Status code == 403 for https://noticias.uol.com.br/ao-vivo/2023/05/30/lula-discursa-no-encerramento-de-cupula-com-lideres-da-america-do-sul.htm, skipping...
[ERROR - 2026-03-03 17:53:00,643 - Worker_2] Status code == 403 for https://noticias.uol.com.br/cotidiano/ultimas-noticias/2023/05/30/mulher-e-flagrada-andando-de-moto-vestindo-apenas-lingerie-no-df-veja.htm, skipping...
[ERROR - 2026-03-03 17:53:01,265 - Worker_3] Status code == 403 for https://noticias.uol.com.br/cotidiano/ultimas-noticias/2023/05/30/cristais-de-caminhoneiro.htm, skipping...
[ERROR - 2026-03-03 17:53:02,654 - Worker_0] Status code == 403 for https://noticias.uol.com.br/colunas/jamil-chade/2023/05/30/lula-rompe-oferta-de-bolsonaro-de-abertura-para-economias-ricas.htm, skipping...
[ERROR - 2026-03-03 17:53:03,751 - Worker_4] Status code == 403 for https://economia.uol.com.br/imposto-de-renda/noticias/redacao/2023/03/09/imposto-de-renda-2023-receita-libera-download-do-programa.htm, skipping...
[ERROR - 2026-03-03 17:53:03,758 - Worker_1] Status code == 403 for https://noticias.uol.com.br/politica/ultimas-noticias/2023/05/30/arthur-lira-marco-temporal-camara-votacao-lula.htm, skipping...
[ERROR - 2026-03-03 17:53:10,481 - Worker_1] Status code == 403 for https://noticias.uol.com.br/ultimas-noticias/reuters/2023/05/30/uganda-acusa-ocidente-de-chantagem-em-resposta-a-lei-anti-lgbtq.htm, skipping...
[ERROR - 2026-03-03 17:53:12,228 - Worker_3] Status code == 403 for https://noticias.uol.com.br/cotidiano/ultimas-noticias/2023/05/30/idosa-suica-resgate.htm, skipping...
[ERROR - 2026-03-03 17:53:12,639 - Worker_0] Status code == 403 for https://noticias.uol.com.br/colunas/jamil-chade/2023/05/28/carta-aos-espanhois-e-se-nos-unirmos-para-erradicar-o-racismo.htm, skipping...
[ERROR - 2026-03-03 17:53:14,953 - Worker_1] Status code == 403 for https://tab.uol.com.br/noticias/redacao/2023/05/26/pablo-marcal-mentor-de-milhoes-ou-manipulador.htm, skipping...
[ERROR - 2026-03-03 17:53:15,265 - Worker_2] Status code == 403 for https://tab.uol.com.br/noticias/redacao/2023/05/29/curso-de-deputado-bolsonarista-recruta-soldados-para-guerra-nas-redes.htm, skipping...
[ERROR - 2026-03-03 17:53:17,008 - Worker_0] Status code == 403 for https://tab.uol.com.br/colunas/matheus-pichonelli/2023/05/30/succession.htm, skipping...
[ERROR - 2026-03-03 17:53:19,336 - Worker_1] Status code == 403 for https://noticias.uol.com.br/ultimas-noticias/agencia-brasil/2023/05/30/morador-de-rua-e-encontrado-morto-apos-noite-fria-em-sp.htm, skipping...
[ERROR - 2026-03-03 17:53:24,870 - Worker_4] Status code == 403 for https://tab.uol.com.br/noticias/redacao/2023/05/24/jovens-na-china-os-bastidores-de-experimentos-com-cobaias-e-mais.htm, skipping...
[ERROR - 2026-03-03 17:53:43,533 - Worker_3] Status code == 404 for https://www.uol.com.br/universa/horoscopo/noticias/redacao/2023/05/30/como-seu-signo-trabalha-em-grupo-zodiaco-aponta-os-pontos-fortes-e-fracos.htm, skipping...
[ERROR - 2026-03-03 17:53:56,202 - Worker_0] Status code == 403 for https://tab.uol.com.br/noticias/redacao/2023/05/30/designer-recria-barbies-personalizadas-meu-sonho-e-fazer-janja-e-lula.htm, skipping...
[ERROR - 2026-03-03 17:54:23,114 - Worker_2] Status code == 403 for https://noticias.uol.com.br/colunas/jeferson-tenorio/2023/05/30/discurso-de-deltan-tenta-ocultar-projeto-de-poder-ultradireitista.htm, skipping...
[ERROR - 2026-03-03 17:55:12,748 - Worker_1] Status code == 403 for https://tab.uol.com.br/noticias/redacao/2023/03/31/veio-de-havaianas.htm, skipping...
[ERROR - 2026-03-03 17:55:26,225 - Worker_1] Status code == 403 for https://noticias.uol.com.br/cotidiano/ultimas-noticias/2023/03/31/homem-engole-abelha-durante-treino-e-morre-em-manaus-diz-familia.htm, skipping...
[ERROR - 2026-03-03 17:55:30,340 - Worker_1] Status code == 403 for https://tab.uol.com.br/noticias/redacao/2023/03/31/nao-foi-ditadura-ne-clube-militar-comemora-golpe-de-64-no-rio.htm, skipping...
[ERROR - 2026-03-03 17:55:36,228 - Worker_4] Status code == 403 for https://noticias.uol.com.br/cotidiano/ultimas-noticias/2023/03/30/foi-um-trago-e-minha-vida-mudou-quem-usa-k9-narra-piripaque-devastador.htm, skipping...
[ERROR - 2026-03-03 17:55:44,914 - Worker_0] Status code == 403 for https://noticias.uol.com.br/cotidiano/ultimas-noticias/2023/03/31/justica-condena-perito-do-acidente-de-filho-de-alckmin-a-3-anos-de-prisao.htm, skipping...
[ERROR - 2026-03-03 17:55:48,008 - Worker_2] Status code == 403 for https://noticias.uol.com.br/colunas/leonardo-sakamoto/2023/03/31/do-golpe-de-1964-a-tentativa-de-2023-militares-nos-devem-uma-autocritica.htm, skipping...
[ERROR - 2026-03-03 17:55:49,125 - Worker_4] Status code == 403 for https://noticias.uol.com.br/politica/ultimas-noticias/2023/03/31/pacheco-nega-pedido-de-lira-para-convocar-sessao-do-congresso-sobre-mps.htm, skipping...
[ERROR - 2026-03-03 17:55:49,175 - Worker_0] Status code == 404 for https://www.uol.com.br/universa/horoscopo/noticias/redacao/2023/03/31/desatencao-e-nervosismo-como-os-quatro-elementos-influenciam-mapa-astral.htm, skipping...
[ERROR - 2026-03-03 17:55:52,635 - Worker_1] Status code == 403 for https://noticias.uol.com.br/internacional/ultimas-noticias/2023/03/31/pele-e-osso-ela-sonhou-com-bariatrica-mas-agora-nao-para-de-emagrecer.htm, skipping...
[ERROR - 2026-03-03 17:55:54,407 - Worker_3] Status code == 403 for https://noticias.uol.com.br/opiniao/coluna/2023/03/31/estabilidade-do-presidencialismo-e-fundamental-para-a-democracia.htm, skipping...
[ERROR - 2026-03-03 17:55:55,516 - Worker_0] Status code == 403 for https://noticias.uol.com.br/colunas/josias-de-souza/2023/03/31/partidos-pedem-no-stf-uma-especie-de-bolsa-ladroagem-para-empreiteiras.htm, skipping...
[ERROR - 2026-03-03 17:55:56,681 - Worker_2] Status code == 403 for https://noticias.uol.com.br/internacional/ultimas-noticias/2023/03/31/casa-branca-nao-vai-pagar-selo-verificacao-twitter.htm, skipping...
[ERROR - 2026-03-03 17:56:00,806 - Worker_2] Status code == 403 for https://noticias.uol.com.br/comprova/ultimas-noticias/2023/03/31/e-falso-que-fbi-pediu-extradicao-e-prisao-de-alexandre-de-moraes.htm, skipping...
[ERROR - 2026-03-03 17:56:01,029 - Worker_1] Status code == 403 for https://noticias.uol.com.br/colunas/carolina-brigido/2023/03/31/de-volta-ao-brasil-bolsonaro-reduz-chance-de-ser-preso-avalia-pf.htm, skipping...
[ERROR - 2026-03-03 17:56:19,750 - Worker_4] Status code == 403 for https://noticias.uol.com.br/colunas/walter-maierovitch/2023/03/31/ninguem-esta-acima-da-lei-a-licao-do-grande-juri-de-manhattan-para-trump.htm, skipping...
[ERROR - 2026-03-03 17:56:25,378 - Worker_2] Status code == 403 for https://tab.uol.com.br/colunas/matheus-pichonelli/2023/03/31/filme-memoria-sufocada-traca-paralelos-entre-ditadura-e-os-anos-bolsonaro.htm, skipping...
[ERROR - 2026-03-03 17:56:26,105 - Worker_1] Status code == 403 for https://economia.uol.com.br/noticias/redacao/2023/03/31/nao-posso-ser-a-unica-e-a-ultima-diz-1-mulher-a-presidir-abap.htm, skipping...
[ERROR - 2026-03-03 17:56:31,507 - Worker_3] Status code == 403 for https://noticias.uol.com.br/colunas/presenca-historica/2023/03/31/o-que-o-luto-pela-morte-da-professora-elizabeth-tem-a-ver-com-o-racismo.htm, skipping...
[ERROR - 2026-03-03 17:56:32,714 - Worker_0] Status code == 403 for https://noticias.uol.com.br/colunas/thiago-herdy/2023/03/31/governo-quer-taxar-plataformas-e-criar-orgao-para-fiscalizar-redes-sociais.htm, skipping...
[ERROR - 2026-03-03 17:56:38,702 - Worker_2] Status code == 403 for https://noticias.uol.com.br/cotidiano/ultimas-noticias/2023/03/31/morte-delegado-esposa-rondonia.htm, skipping...
[ERROR - 2026-03-03 17:56:41,054 - Worker_3] Status code == 403 for https://tab.uol.com.br/videos/2023/03/30/brasil-para-maiores-4-musa-do-porno-marcia-imperator-testou-fidelidade-e-limites-na-tv.htm, skipping...
[ERROR - 2026-03-03 17:56:41,544 - Worker_0] Status code == 403 for https://noticias.uol.com.br/cotidiano/ultimas-noticias/2023/03/31/familia-decide-doar-orgaos-de-menino-de-8-anos-morto-em-acidente-em-sc.htm, skipping...
[ERROR - 2026-03-03 17:56:42,806 - Worker_2] Status code == 403 for https://noticias.uol.com.br/cotidiano/ultimas-noticias/2023/03/31/pgr-estado-e-responsavel-por-mortes-nao-esclarecidas-em-acoes-policiais.htm, skipping...
[ERROR - 2026-03-03 17:56:47,443 - Worker_3] Status code == 403 for https://noticias.uol.com.br/cotidiano/ultimas-noticias/2023/03/31/sucuri-cachorro-tocantins.htm, skipping...
[ERROR - 2026-03-03 17:56:51,535 - Worker_3] Status code == 403 for https://noticias.uol.com.br/cotidiano/ultimas-noticias/2023/03/31/peixe-e-encontrado-nadando-em-casa-alagada-apos-enchente-no-mt-assista.htm, skipping...
[ERROR - 2026-03-03 17:56:59,237 - Worker_0] Status code == 403 for https://noticias.uol.com.br/ultimas-noticias/agencia-brasil/2023/03/31/prefeitura-do-rio-assina-a-compra-do-historico-edificio-a-noite.htm, skipping...
[ERROR - 2026-03-03 17:57:06,006 - Worker_2] Status code == 403 for https://noticias.uol.com.br/ultimas-noticias/agencia-brasil/2023/03/31/audios-secretos-do-stm-revelam-novos-casos-de-tortura-na-ditadura.htm, skipping...
[ERROR - 2026-03-03 17:57:09,866 - Worker_0] Status code == 403 for https://noticias.uol.com.br/politica/ultimas-noticias/2023/03/31/governo-lula-nao-vai-pagar-por-verificacao-no-twitter-diz-secom.htm, skipping...
[ERROR - 2026-03-03 17:57:13,248 - Worker_3] Status code == 403 for https://noticias.uol.com.br/colunas/madeleine-lacsko/2023/03/31/na-hora-da-pizza-bolsonaristas-e-lulistas-se-unem.htm, skipping...
[ERROR - 2026-03-03 17:57:13,996 - Worker_0] Status code == 403 for https://noticias.uol.com.br/politica/ultimas-noticias/2023/03/31/pgr-diz-ao-stf-que-nao-se-opoe-que-roberto-jefferson-doe-armas-ao-exercito.htm, skipping...
[ERROR - 2026-03-03 17:57:16,193 - Worker_2] Status code == 403 for https://noticias.uol.com.br/ultimas-noticias/agencia-estado/2023/03/31/bufalas-de-brotas-vao-ficar-sob-responsabilidade-de-ong-decide-tj-de-sao-paulo.htm, skipping...
[ERROR - 2026-03-03 17:57:18,103 - Worker_0] Status code == 403 for https://noticias.uol.com.br/internacional/ultimas-noticias/2023/03/31/emmily-rodrigues-brasileira-morre-argentina.htm, skipping...
[ERROR - 2026-03-03 17:57:21,444 - Worker_1] Status code == 403 for https://noticias.uol.com.br/meio-ambiente/ultimas-noticias/redacao/2023/04/01/como-os-pandas-conseguem-sobreviver-comendo-apenas-bambu.htm, skipping...
[ERROR - 2026-03-03 17:57:24,107 - Worker_4] Status code == 403 for https://tab.uol.com.br/noticias/redacao/2023/03/31/veio-de-havaianas.htm, skipping...
[ERROR - 2026-03-03 17:57:35,843 - Worker_1] Status code == 403 for https://tab.uol.com.br/noticias/redacao/2023/04/01/quem-sabe-faz-a-hora-1-ato-das-diretas-ja-foi-no-interior-de-pernambuco.htm, skipping...
[ERROR - 2026-03-03 17:57:44,208 - Worker_3] Status code == 403 for https://noticias.uol.com.br/cotidiano/ultimas-noticias/2023/03/30/foi-um-trago-e-minha-vida-mudou-quem-usa-k9-narra-piripaque-devastador.htm, skipping...
[ERROR - 2026-03-03 17:58:01,109 - Worker_4] Status code == 403 for https://noticias.uol.com.br/colunas/andre-santana/2023/04/01/quem-tem-medo-da-diversidade-da-paleta-de-cores-do-bbb23.htm, skipping...
[ERROR - 2026-03-03 17:58:01,303 - Worker_1] Status code == 403 for https://noticias.uol.com.br/ultimas-noticias/afp/2023/04/01/saude-fragil-do-papa-desencadeia-rumores-e-criticas-no-vaticano.htm, skipping...
[ERROR - 2026-03-03 17:58:01,750 - Worker_3] Status code == 403 for https://noticias.uol.com.br/internacional/ultimas-noticias/2023/03/31/pele-e-osso-ela-sonhou-com-bariatrica-mas-agora-nao-para-de-emagrecer.htm, skipping...
[ERROR - 2026-03-03 17:58:02,744 - Worker_0] Status code == 403 for https://noticias.uol.com.br/politica/ultimas-noticias/2023/03/30/stf-tem-maioria-para-derrubar-prisao-especial-para-quem-tem-ensino-superior.htm, skipping...
[ERROR - 2026-03-03 17:58:05,398 - Worker_1] Status code == 403 for https://noticias.uol.com.br/politica/ultimas-noticias/2023/04/01/michelle-bolsonaro-cidade-pernambuco.htm, skipping...
[ERROR - 2026-03-03 17:58:06,175 - Worker_3] Status code == 404 for https://www.uol.com.br/universa/horoscopo/noticias/redacao/2023/04/01/geminianos-mentem-e-cancerianos-nao-como-os-signos-lidam-com-a-sinceridade.htm, skipping...
[ERROR - 2026-03-03 17:58:08,901 - Worker_2] Status code == 403 for https://noticias.uol.com.br/ultimas-noticias/agencia-estado/2023/04/01/stf-comeca-a-julgar-norma-que-proibe-criticas-de-policiais-e-militares-a-superiores.htm, skipping...
[ERROR - 2026-03-03 17:58:09,513 - Worker_1] Status code == 403 for https://noticias.uol.com.br/colunas/thais-oyama/2023/03/31/bolsonaro-pode-ficar-inelegivel-depois-da-semana-santa.htm, skipping...
[ERROR - 2026-03-03 17:58:11,308 - Worker_0] Status code == 403 for https://noticias.uol.com.br/colunas/josias-de-souza/2023/04/01/fim-da-prisao-especial-de-diplomados-e-democratizacao-do-inferno-carcerario.htm, skipping...
[ERROR - 2026-03-03 17:58:18,061 - Worker_1] Status code == 403 for https://tab.uol.com.br/noticias/redacao/2023/04/01/self-made-man-hang-construiu-imperio-entre-a-meritocracia-e-a-sonegacao.htm, skipping...
[ERROR - 2026-03-03 17:58:19,482 - Worker_4] Status code == 403 for https://noticias.uol.com.br/internacional/ultimas-noticias/2023/04/01/papa-francisco-recebe-alta-de-hospital-em-roma.htm, skipping...
[ERROR - 2026-03-03 17:58:22,381 - Worker_2] Status code == 403 for https://noticias.uol.com.br/politica/ultimas-noticias/2023/04/01/ricardo-nunes-barraca-casa.htm, skipping...
[ERROR - 2026-03-03 17:58:35,690 - Worker_1] Status code == 403 for https://economia.uol.com.br/noticias/redacao/2023/03/31/nao-posso-ser-a-unica-e-a-ultima-diz-1-mulher-a-presidir-abap.htm, skipping...
[ERROR - 2026-03-03 17:58:40,139 - Worker_1] Status code == 403 for https://noticias.uol.com.br/politica/ultimas-noticias/2023/04/01/petistas-minimizam-baixa-aprovacao-de-lula-no-datafolha-38-e-otimo.htm, skipping...
[ERROR - 2026-03-03 17:58:41,322 - Worker_0] Status code == 403 for https://noticias.uol.com.br/ultimas-noticias/agencia-brasil/2023/04/01/mais-de-4300-pessoas-estao-desabrigadas-no-acre-por-causa-das-cheias.htm, skipping...
[ERROR - 2026-03-03 17:58:48,681 - Worker_2] Status code == 403 for https://noticias.uol.com.br/politica/ultimas-noticias/2023/04/01/apos-denuncias-do-uol-universidade-diz-nao-saber-se-pagou-fantasmas.htm, skipping...
[ERROR - 2026-03-03 17:58:50,522 - Worker_0] Status code == 403 for https://tab.uol.com.br/videos/2023/03/30/brasil-para-maiores-4-musa-do-porno-marcia-imperator-testou-fidelidade-e-limites-na-tv.htm, skipping...
[ERROR - 2026-03-03 17:58:57,115 - Worker_0] Status code == 403 for https://tab.uol.com.br/noticias/redacao/2023/04/01/fieis-lgbt-e-batistas-raiz-resistem-a-andre-valadao-na-lagoinha-radical.htm, skipping...
[ERROR - 2026-03-03 17:59:01,766 - Worker_2] Status code == 403 for https://noticias.uol.com.br/opiniao/coluna/2023/04/01/dar-aula-sem-condicoes-de-seguranca-afeta-saude-mental-de-professores.htm, skipping...
[ERROR - 2026-03-03 17:59:06,008 - Worker_2] Status code == 403 for https://economia.uol.com.br/imposto-de-renda/noticias/redacao/2023/03/17/imposto-de-renda-2023-aposentado-com-doenca-grave-tem-isencao-saiba-pedir.htm, skipping...
[ERROR - 2026-03-03 17:59:10,814 - Worker_3] Status code == 403 for https://noticias.uol.com.br/politica/ultimas-noticias/2023/04/01/assessor-excesso-bagagem-joias-michelle-bolsonaro.htm, skipping...
[ERROR - 2026-03-03 17:59:19,207 - Worker_4] Status code == 403 for https://tab.uol.com.br/noticias/redacao/2023/04/01/ditadura-nunca-mais-ato-reune-artistas-e-ativistas-no-antigo-doi-codi.htm, skipping...
[ERROR - 2026-03-03 17:59:19,896 - Worker_1] Status code == 403 for https://economia.uol.com.br/imposto-de-renda/noticias/redacao/2023/03/09/imposto-de-renda-2023-receita-libera-download-do-programa.htm, skipping...
[ERROR - 2026-03-03 17:59:25,631 - Worker_4] Status code == 403 for https://tab.uol.com.br/noticias/redacao/2023/03/31/veio-de-havaianas.htm, skipping...
[ERROR - 2026-03-03 17:59:28,823 - Worker_2] Status code == 403 for https://economia.uol.com.br/colunas/carlos-juliano-barros/2023/03/30/trabalheira-quanto-ganha-um-jogador-profissional-de-videogame.htm, skipping...
[ERROR - 2026-03-03 17:59:28,894 - Worker_1] Status code == 403 for https://noticias.uol.com.br/cotidiano/ultimas-noticias/2023/04/02/motorista-onibus-capacete-goias.htm, skipping...
[ERROR - 2026-03-03 17:59:31,149 - Worker_3] Status code == 403 for https://tab.uol.com.br/noticias/redacao/2023/04/02/perdido-na-pista-o-dia-em-que-um-guaiamum-parou-o-aeroporto-de-vitoria.htm, skipping...
[ERROR - 2026-03-03 17:59:37,015 - Worker_0] Status code == 403 for https://tab.uol.com.br/noticias/redacao/2023/04/01/quem-sabe-faz-a-hora-1-ato-das-diretas-ja-foi-no-interior-de-pernambuco.htm, skipping...
[ERROR - 2026-03-03 17:59:39,364 - Worker_4] Status code == 403 for https://noticias.uol.com.br/colunas/leonardo-sakamoto/2023/04/02/bolsonaro-subiu-sua-renda-a-r-80-mil-enquanto-derrubou-a-do-trabalhador.htm, skipping...
[ERROR - 2026-03-03 17:59:44,037 - Worker_1] Status code == 403 for https://tab.uol.com.br/noticias/redacao/2023/04/02/rafael-correa-ex-presidente-do-equador-no-centro-de-sao-paulo.htm, skipping...
[ERROR - 2026-03-03 17:59:46,592 - Worker_3] Status code == 403 for https://noticias.uol.com.br/cotidiano/ultimas-noticias/2023/03/30/foi-um-trago-e-minha-vida-mudou-quem-usa-k9-narra-piripaque-devastador.htm, skipping...
[ERROR - 2026-03-03 17:59:48,654 - Worker_2] Status code == 403 for https://noticias.uol.com.br/cotidiano/ultimas-noticias/2023/04/02/ficcao-ou-realidade-texto-sobre-furto-de-livro-confunde-jornal-e-escritora.htm, skipping...
[ERROR - 2026-03-03 18:00:05,135 - Worker_4] Status code == 403 for https://noticias.uol.com.br/cotidiano/ultimas-noticias/2023/04/02/ladroes-nao-conseguem-arrombar-concessionaria-de-moto-e-ateiam-fogo-a-loja.htm, skipping...
[ERROR - 2026-03-03 18:00:11,192 - Worker_0] Status code == 403 for https://noticias.uol.com.br/internacional/ultimas-noticias/2023/04/02/o-que-e-brav-m-acusado-violencia-franca.htm, skipping...
[ERROR - 2026-03-03 18:00:19,055 - Worker_4] Status code == 403 for https://educacao.uol.com.br/noticias/2023/04/02/ja-viu-estatua-de-nossa-senhora-gravida-elas-existem.htm, skipping...
[ERROR - 2026-03-03 18:00:22,976 - Worker_1] Status code == 403 for https://tab.uol.com.br/colunas/matheus-pichonelli/2023/04/02/perfil-sergio-de-carvalho.htm, skipping...
[ERROR - 2026-03-03 18:00:34,639 - Worker_1] Status code == 403 for https://tab.uol.com.br/videos/2023/03/30/brasil-para-maiores-4-musa-do-porno-marcia-imperator-testou-fidelidade-e-limites-na-tv.htm, skipping...
[ERROR - 2026-03-03 18:00:42,163 - Worker_3] Status code == 403 for https://noticias.uol.com.br/colunas/josias-de-souza/2023/04/02/dono-da-havan-trata-o-bolsonarismo-como-mercadoria-de-ponta-de-estoque.htm, skipping...
[ERROR - 2026-03-03 18:00:43,201 - Worker_2] Status code == 403 for https://noticias.uol.com.br/internacional/ultimas-noticias/2023/04/02/eua-tornado-mortos-feridos.htm, skipping...
[ERROR - 2026-03-03 18:00:43,342 - Worker_4] Status code == 403 for https://noticias.uol.com.br/colunas/leonardo-sakamoto/2023/04/02/rega-bofe-no-rs-chama-crime-de-escravidao-na-producao-do-vinho-de-erro.htm, skipping...
[ERROR - 2026-03-03 18:00:46,250 - Worker_3] Status code == 403 for https://noticias.uol.com.br/politica/ultimas-noticias/2023/04/01/efeitos-decisao-stf-contra-prisao-especial-curso-superior.htm, skipping...
[ERROR - 2026-03-03 18:00:50,348 - Worker_3] Status code == 403 for https://noticias.uol.com.br/cotidiano/ultimas-noticias/2023/04/01/universitaria-caso-bauru.htm, skipping...
[ERROR - 2026-03-03 18:00:51,794 - Worker_4] Status code == 403 for https://noticias.uol.com.br/ultimas-noticias/ansa/2023/04/02/nova-avalanche-deixa-pelo-menos-dois-mortos-no-extremo-norte-da-italia.htm, skipping...
[ERROR - 2026-03-03 18:01:03,534 - Worker_1] Status code == 403 for https://tab.uol.com.br/noticias/redacao/2023/04/02/palanque-voador-briga-de-luciano-hang-com-o-pt-comecou-num-helicoptero.htm, skipping...
[ERROR - 2026-03-03 18:01:04,103 - Worker_3] Status code == 403 for https://noticias.uol.com.br/colunas/pra-comecar-a-semana/2023/04/02/com-um-olho-na-china-e-outro-no-stf-lula-torce-pela-nova-regra-para-despesas.htm, skipping...
[ERROR - 2026-03-03 18:01:09,852 - Worker_1] Status code == 403 for https://noticias.uol.com.br/ultimas-noticias/agencia-estado/2023/04/02/corpo-de-passista-da-mangueira-levado-por-enxurrada-e-achado-em-rio-por-bombeiros.htm, skipping...
[ERROR - 2026-03-03 18:01:18,744 - Worker_0] Status code == 403 for https://educacao.uol.com.br/noticias/2023/04/03/cursos-de-medicina-locais-onde-faltam-medicos.htm, skipping...
[ERROR - 2026-03-03 18:01:20,771 - Worker_4] Status code == 403 for https://noticias.uol.com.br/colunas/jeferson-tenorio/2023/04/03/de-chofer-de-fascista-a-guardador-de-joias-o-triste-fim-de-nelson-piquet.htm, skipping...
[ERROR - 2026-03-03 18:01:24,866 - Worker_4] Status code == 403 for https://tab.uol.com.br/noticias/redacao/2023/03/31/veio-de-havaianas.htm, skipping...
[ERROR - 2026-03-03 18:01:38,040 - Worker_4] Status code == 403 for https://tab.uol.com.br/noticias/redacao/2023/04/01/quem-sabe-faz-a-hora-1-ato-das-diretas-ja-foi-no-interior-de-pernambuco.htm, skipping...
[ERROR - 2026-03-03 18:01:46,949 - Worker_2] Status code == 403 for https://tab.uol.com.br/noticias/redacao/2023/04/02/rafael-correa-ex-presidente-do-equador-no-centro-de-sao-paulo.htm, skipping...
[ERROR - 2026-03-03 18:02:34,756 - Worker_0] Status code == 403 for https://noticias.uol.com.br/internacional/ultimas-noticias/2023/04/03/presa-por-homicidio-mulher-e-flagrada-vendendo-fotos-sensuais-no-onlyfans.htm, skipping...
[ERROR - 2026-03-03 18:02:38,755 - Worker_4] Status code == 403 for https://noticias.uol.com.br/cotidiano/ultimas-noticias/2023/04/03/go-policia-apreende-alucinogeno-inedito-extraido-de-veneno-de-sapo.htm, skipping...
[ERROR - 2026-03-03 18:02:46,277 - Worker_1] Status code == 403 for https://noticias.uol.com.br/colunas/jamil-chade/2023/04/03/na-onu-governo-lula-apoia-extensao-de-investigacao-contra-ortega.htm, skipping...
[ERROR - 2026-03-03 18:02:47,681 - Worker_0] Status code == 403 for https://noticias.uol.com.br/cotidiano/ultimas-noticias/2023/04/03/jovem-cheirou-pimenta-faz-fisioterapia-hospital.htm, skipping...
[ERROR - 2026-03-03 18:03:05,753 - Worker_3] Status code == 403 for https://noticias.uol.com.br/ultimas-noticias/rfi/2023/04/03/trump-e-esperado-em-nova-york-para-comparecer-diante-da-justica-policia-esta-em-alerta.htm, skipping...
[ERROR - 2026-03-03 18:03:09,566 - Worker_2] Status code == 403 for https://noticias.uol.com.br/cotidiano/ultimas-noticias/2023/04/03/ladra-celular-rio-prisao.htm, skipping...
[ERROR - 2026-03-03 18:03:22,870 - Worker_2] Status code == 403 for https://tab.uol.com.br/noticias/redacao/2023/03/31/veio-de-havaianas.htm, skipping...
[ERROR - 2026-03-03 18:03:49,844 - Worker_2] Status code == 403 for https://economia.uol.com.br/noticias/estadao-conteudo/2023/04/04/haddad-falei-ontem-com-campos-neto-sobre-parcelamento-de-debito-pelo-pix.htm, skipping...
[ERROR - 2026-03-03 18:03:57,523 - Worker_0] Status code == 403 for https://economia.uol.com.br/videos/2023/04/03/midia-e-marketing-159-fabiola-menezes-diretora-senior-de-marketing-de-chocolates-da-mondelz.htm, skipping...
[ERROR - 2026-03-03 18:04:00,748 - Worker_1] Status code == 403 for https://economia.uol.com.br/noticias/rfi/2023/04/04/por-que-os-eua-querem-colocar-a-china-na-lista-de-paises-desenvolvidos.htm, skipping...
[ERROR - 2026-03-03 18:04:10,223 - Worker_2] Status code == 403 for https://economia.uol.com.br/noticias/redacao/2023/04/04/preco-de-imoveis-sobe-57-em-1-ano-veja-cidades-com-m-mais-caro.htm, skipping...
[ERROR - 2026-03-03 18:04:25,244 - Worker_0] Status code == 403 for https://educacao.uol.com.br/noticias/2023/04/04/secretarios-educacao-contra-suspensao-calendario-ensino-medio.htm, skipping...
[ERROR - 2026-03-03 18:04:28,796 - Worker_3] Status code == 403 for https://noticias.uol.com.br/cotidiano/ultimas-noticias/2023/04/04/advogado-agrediu-testemunhas-ex-restaurante-suspenso-oab.htm, skipping...
[ERROR - 2026-03-03 18:04:30,650 - Worker_4] Status code == 403 for https://noticias.uol.com.br/ultimas-noticias/agencia-brasil/2023/04/04/tse-decide-cacar-vaga-de-partido-por-fraude-a-cota-de-genero-em-bh.htm, skipping...
[ERROR - 2026-03-03 18:04:31,747 - Worker_0] Status code == 403 for https://noticias.uol.com.br/colunas/carlos-madeiro/2023/04/04/apos-12-anos-barragem-enche-e-populacao-faz-festa-no-sertao-do-ce-assista.htm, skipping...
[ERROR - 2026-03-03 18:04:33,822 - Worker_1] Status code == 403 for https://economia.uol.com.br/colunas/pagbank-investimentos/2023/04/04/haddad-alta-do-petroleo-e-inflacao-global-veja-os-destaques-do-dia.htm, skipping...
[ERROR - 2026-03-03 18:04:36,695 - Worker_2] Status code == 403 for https://tab.uol.com.br/colunas/matheus-pichonelli/2023/04/04/elon-musk-x-nyt-no-boteco-do-twitter-verdade-e-aquilo-que-seu-dono-mandar.htm, skipping...
[ERROR - 2026-03-03 18:04:39,580 - Worker_4] Status code == 403 for https://noticias.uol.com.br/internacional/ultimas-noticias/2023/04/04/veja-acusacoes-donald-trump-tribunal-ny.htm, skipping...
[ERROR - 2026-03-03 18:04:47,575 - Worker_0] Status code == 403 for https://noticias.uol.com.br/colunas/josias-de-souza/2023/04/04/video-de-boulos-com-datena-transfere-o-canibalismo-do-bastidor-para-o-palco.htm, skipping...
[ERROR - 2026-03-03 18:04:52,548 - Worker_1] Status code == 403 for https://economia.uol.com.br/noticias/redacao/2023/04/04/luciano-hang-cai-mais-de-300-posicoes-na-lista-de-mais-ricos-do-mundo.htm, skipping...
[ERROR - 2026-03-03 18:04:53,416 - Worker_4] Status code == 403 for https://noticias.uol.com.br/ultimas-noticias/erratas/2023/04/04/home-jornalista-carlos-de-lannoy-nao-foi-demitido-pela-globo.htm, skipping...
[ERROR - 2026-03-03 18:04:57,597 - Worker_4] Status code == 403 for https://tab.uol.com.br/noticias/redacao/2023/04/04/muito-visceral-montagem-brasileira-lota-teatro-em-plena-greve-em-paris.htm, skipping...
[ERROR - 2026-03-03 18:05:18,857 - Worker_0] Status code == 403 for https://noticias.uol.com.br/cotidiano/ultimas-noticias/2023/04/04/bebe-recem-nascido-placenta-cordao-umbilical-sao-paulo-lixo-bertioga.htm, skipping...
[ERROR - 2026-03-03 18:05:19,187 - Worker_1] Status code == 403 for https://noticias.uol.com.br/internacional/ultimas-noticias/2023/04/04/mae-que-descobriu-caixao-vazio-do-filho-consegue-corpo-48-anos-apos-morte.htm, skipping...
[ERROR - 2026-03-03 18:05:21,464 - Worker_3] Status code == 403 for https://noticias.uol.com.br/cotidiano/ultimas-noticias/2023/04/04/estupro-aluna-escola-roraima.htm, skipping...
[ERROR - 2026-03-03 18:05:25,609 - Worker_3] Status code == 403 for https://noticias.uol.com.br/cotidiano/ultimas-noticias/2023/04/05/mulheres-tentam-roubar-ovos-de-pascoa-em-mercado-do-rio-e-causam-briga.htm, skipping...
[ERROR - 2026-03-03 18:05:29,764 - Worker_3] Status code == 403 for https://tab.uol.com.br/noticias/redacao/2023/03/31/veio-de-havaianas.htm, skipping...
[ERROR - 2026-03-03 18:05:40,608 - Worker_4] Status code == 403 for https://noticias.uol.com.br/colunas/madeleine-lacsko/2023/04/05/o-que-dizer-aos-pais-e-as-criancas-de-blumenau.htm, skipping...
[ERROR - 2026-03-03 18:05:42,916 - Worker_3] Status code == 403 for https://noticias.uol.com.br/cotidiano/ultimas-noticias/2023/04/05/troca-de-tiros-batalhao-pm-sp.htm, skipping...
[ERROR - 2026-03-03 18:05:53,778 - Worker_3] Status code == 403 for https://noticias.uol.com.br/internacional/ultimas-noticias/2023/04/05/bacteria-em-colirios-que-provocam-mortes-e-cegueiras-de-pessoas-nos-eua.htm, skipping...
[ERROR - 2026-03-03 18:06:02,430 - Worker_3] Status code == 403 for https://noticias.uol.com.br/colunas/thais-oyama/2023/04/05/o-brasil-voltou-mote-dos-100-dias-de-governo-e-alvo-de-criticas-internas.htm, skipping...
[ERROR - 2026-03-03 18:06:05,578 - Worker_0] Status code == 403 for https://noticias.uol.com.br/internacional/ultimas-noticias/2023/04/05/raro-tubarao-tigre-de-4-metros-e-achado-em-praia-da-irlanda.htm, skipping...
[ERROR - 2026-03-03 18:06:06,199 - Worker_2] Status code == 403 for https://noticias.uol.com.br/cotidiano/ultimas-noticias/2023/04/05/bebe-cai-predio-sobrevive-itapema-sc.htm, skipping...
[ERROR - 2026-03-03 18:06:09,677 - Worker_0] Status code == 403 for https://noticias.uol.com.br/cotidiano/ultimas-noticias/2023/04/05/rj-homem-ateia-fogo-em-onibus-fere-4-pessoas-e-tem-50-do-corpo-queimado.htm, skipping...
[ERROR - 2026-03-03 18:06:13,874 - Worker_0] Status code == 403 for https://noticias.uol.com.br/ultimas-noticias/afp/2023/04/05/europol-desmonta-uma-das-maiores-plataformas-online-de-hackers.htm, skipping...
[ERROR - 2026-03-03 18:06:13,927 - Worker_3] Status code == 403 for https://noticias.uol.com.br/cotidiano/ultimas-noticias/2023/04/05/boulos-recurso-tj-impedir-retirada-barracas-sao-paulo-rua.htm, skipping...
[ERROR - 2026-03-03 18:06:24,667 - Worker_4] Status code == 403 for https://noticias.uol.com.br/cotidiano/ultimas-noticias/2023/04/05/homem-ataque-creche-responder-homicidio-qualificado.htm, skipping...
[ERROR - 2026-03-03 18:06:29,950 - Worker_2] Status code == 403 for https://noticias.uol.com.br/cotidiano/ultimas-noticias/2023/04/05/ataque-creche-blumenau-santa-catarina.htm, skipping...
[ERROR - 2026-03-03 18:06:34,125 - Worker_2] Status code == 403 for https://tab.uol.com.br/colunas/matheus-pichonelli/2023/04/04/elon-musk-x-nyt-no-boteco-do-twitter-verdade-e-aquilo-que-seu-dono-mandar.htm, skipping...
[ERROR - 2026-03-03 18:06:39,861 - Worker_1] Status code == 403 for https://noticias.uol.com.br/cotidiano/ultimas-noticias/2023/04/05/saudades-blumenau-sc.htm, skipping...
[ERROR - 2026-03-03 18:06:41,102 - Worker_3] Status code == 403 for https://noticias.uol.com.br/internacional/ultimas-noticias/2023/04/05/incesto-parentes-podem-se-relacionar-entre-si-como-faz-familia-americana.htm, skipping...
[ERROR - 2026-03-03 18:06:43,960 - Worker_1] Status code == 403 for https://noticias.uol.com.br/cotidiano/ultimas-noticias/2023/04/05/autor-de-ataque-a-creche-sc-esfaqueou-padrasto-na-adolescencia-diz-policia.htm, skipping...
[ERROR - 2026-03-03 18:06:44,489 - Worker_0] Status code == 403 for https://noticias.uol.com.br/ultimas-noticias/2023/04/05/mega-sena-2580-concurso-numeros-sorteio-de-hoje-premio.htm, skipping...
[ERROR - 2026-03-03 18:06:48,068 - Worker_1] Status code == 403 for https://noticias.uol.com.br/cotidiano/ultimas-noticias/2023/04/05/morte-gravida-farmacia-mt.htm, skipping...
[ERROR - 2026-03-03 18:06:52,025 - Worker_3] Status code == 403 for https://tab.uol.com.br/noticias/redacao/2023/04/05/tubaroes-do-litoral-brasileiros-em-miami-veio-da-havan-reloaded-e-mais.htm, skipping...
[ERROR - 2026-03-03 18:06:55,269 - Worker_2] Status code == 403 for https://noticias.uol.com.br/politica/ultimas-noticias/2023/04/05/pgr-denuncia-mais-203.htm, skipping...
[ERROR - 2026-03-03 18:07:11,474 - Worker_0] Status code == 403 for https://noticias.uol.com.br/colunas/reinaldo-azevedo/2023/04/05/o-e-da-coisa-canalhas-de-extrema-direita-apelam-a-milicias-contra-a-lei.htm, skipping...
[ERROR - 2026-03-03 18:07:14,547 - Worker_2] Status code == 403 for https://tab.uol.com.br/noticias/redacao/2023/04/04/muito-visceral-montagem-brasileira-lota-teatro-em-plena-greve-em-paris.htm, skipping...
[ERROR - 2026-03-03 18:07:19,377 - Worker_4] Status code == 403 for https://noticias.uol.com.br/cotidiano/ultimas-noticias/2023/04/05/pescadora-desaparecida-ha-uma-semana-e-achada-em-barco-com-marido-morto.htm, skipping...
[ERROR - 2026-03-03 18:07:20,985 - Worker_0] Status code == 403 for https://noticias.uol.com.br/colunas/balaio-do-kotscho/2023/04/05/empate-tecnico-em-acoes-na-justica-donald-trump-34-x-jair-bolsonaro-33.htm, skipping...
[ERROR - 2026-03-03 18:07:23,067 - Worker_3] Status code == 403 for https://noticias.uol.com.br/internacional/ultimas-noticias/2023/04/05/sua-namorada-e-minha-esposa-melhores-amigos-dividiam-a-mulher-sem-saber.htm, skipping...
[ERROR - 2026-03-03 18:07:23,234 - Worker_2] Status code == 403 for https://noticias.uol.com.br/politica/ultimas-noticias/2023/04/05/bolsonaro-lanches.htm, skipping...
[ERROR - 2026-03-03 18:07:25,033 - Worker_1] Status code == 403 for https://noticias.uol.com.br/cotidiano/ultimas-noticias/2023/04/05/policial-e-assaltado-e-jogado-vivo-no-rio-tiete-em-sao-paulo.htm, skipping...
[ERROR - 2026-03-03 18:07:27,377 - Worker_2] Status code == 403 for https://noticias.uol.com.br/colunas/tales-faria/2023/04/05/violencia-e-uma-doenca-contagiosa-que-se-espalha-pelo-pais.htm, skipping...
[ERROR - 2026-03-03 18:07:34,164 - Worker_3] Status code == 403 for https://noticias.uol.com.br/cotidiano/ultimas-noticias/2023/04/06/como-e-o-caveirao-que-assustou-criancas-ao-invadir-escola-na-mare.htm, skipping...
[ERROR - 2026-03-03 18:07:41,337 - Worker_1] Status code == 403 for https://tab.uol.com.br/noticias/redacao/2023/03/31/veio-de-havaianas.htm, skipping...
[ERROR - 2026-03-03 18:07:42,427 - Worker_2] Status code == 403 for https://tab.uol.com.br/colunas/trombadas/2023/04/06/as-quatro-estacoes-de-chico-do-horto.htm, skipping...
[ERROR - 2026-03-03 18:07:42,772 - Worker_3] Status code == 403 for https://noticias.uol.com.br/cotidiano/ultimas-noticias/2023/04/06/homem-agride-esposa-e-morre-a-tiros-apos-invadir-casas-durante-fuga-na-pb.htm, skipping...
[ERROR - 2026-03-03 18:07:45,426 - Worker_1] Status code == 403 for https://noticias.uol.com.br/cotidiano/ultimas-noticias/2023/04/06/defesa-civil-recomendacoes-pascoa-feriado-chuvas-fortes.htm, skipping...
[ERROR - 2026-03-03 18:07:46,556 - Worker_2] Status code == 403 for https://noticias.uol.com.br/colunas/josmar-jozino/2023/04/06/charles-bronson-brasileiro-tem-condenacao-total-de-100-anos-em-sao-paulo.htm, skipping...
[ERROR - 2026-03-03 18:07:50,747 - Worker_2] Status code == 403 for https://noticias.uol.com.br/internacional/ultimas-noticias/2023/04/06/homem-ignora-exame-de-rotina-e-descobre-cancer-tarde-fui-um-idiota.htm, skipping...
[ERROR - 2026-03-03 18:08:03,205 - Worker_1] Status code == 403 for https://tab.uol.com.br/noticias/redacao/2023/04/06/hotel-e-hospital-de-campos-do-jordao-sao-assombrados-por-almas-e-youtubers.htm, skipping...
[ERROR - 2026-03-03 18:08:04,204 - Worker_3] Status code == 403 for https://noticias.uol.com.br/internacional/ultimas-noticias/2023/04/06/juiz-trump-ameaca-morte.htm, skipping...
[ERROR - 2026-03-03 18:08:54,749 - Worker_1] Status code == 403 for https://tab.uol.com.br/videos/2023/04/06/brasil-para-maiores-5-para-mulheres-dinheiro-para-homens-um-sonho-como-se-torna-um-ator-porno.htm, skipping...
[ERROR - 2026-03-03 18:09:04,154 - Worker_3] Status code == 403 for https://tab.uol.com.br/colunas/matheus-pichonelli/2023/04/04/elon-musk-x-nyt-no-boteco-do-twitter-verdade-e-aquilo-que-seu-dono-mandar.htm, skipping...
[ERROR - 2026-03-03 18:09:07,736 - Worker_1] Status code == 403 for https://noticias.uol.com.br/cotidiano/ultimas-noticias/2023/04/06/pms-sobrecarregados-escala-sp.htm, skipping...
[ERROR - 2026-03-03 18:09:18,411 - Worker_1] Status code == 403 for https://tab.uol.com.br/noticias/redacao/2023/04/05/tubaroes-do-litoral-brasileiros-em-miami-veio-da-havan-reloaded-e-mais.htm, skipping...
[ERROR - 2026-03-03 18:09:19,436 - Worker_2] Status code == 403 for https://noticias.uol.com.br/colunas/josias-de-souza/2023/04/06/chacina-em-jardim-de-infancia-introduz-realidade-no-que-restava-de-fantasia.htm, skipping...
[ERROR - 2026-03-03 18:09:23,811 - Worker_2] Status code == 403 for https://noticias.uol.com.br/internacional/ultimas-noticias/2023/04/06/franca-tem-confusao-no-decimo-primeiro-dia-de-protestos.htm, skipping...
[ERROR - 2026-03-03 18:09:24,897 - Worker_3] Status code == 403 for https://noticias.uol.com.br/colunas/josias-de-souza/2023/04/06/depois-de-plantar-zanin-lula-colhe-tempestade.htm, skipping...
[ERROR - 2026-03-03 18:09:29,958 - Worker_1] Status code == 403 for https://noticias.uol.com.br/cotidiano/ultimas-noticias/2023/04/06/turista-afogada-farol-da-barra-bahia.htm, skipping...
[ERROR - 2026-03-03 18:09:42,971 - Worker_0] Status code == 403 for https://noticias.uol.com.br/colunas/balaio-do-kotscho/2023/04/05/empate-tecnico-em-acoes-na-justica-donald-trump-34-x-jair-bolsonaro-33.htm, skipping...
[ERROR - 2026-03-03 18:09:44,621 - Worker_3] Status code == 403 for https://noticias.uol.com.br/politica/ultimas-noticias/2023/04/05/bolsonaro-lanches.htm, skipping...
[ERROR - 2026-03-03 18:09:49,307 - Worker_0] Status code == 403 for https://noticias.uol.com.br/internacional/ultimas-noticias/2023/04/06/quatro-pessoas-morrem-nos-eua-apos-queda-de-aviao.htm, skipping...
[ERROR - 2026-03-03 18:09:50,221 - Worker_1] Status code == 403 for https://tab.uol.com.br/colunas/matheus-pichonelli/2023/04/06/nao-tem-pai-ou-mae-que-hoje-nao-esteja-angustiado-com-os-filhos-na-escola.htm, skipping...
[ERROR - 2026-03-03 18:09:53,407 - Worker_0] Status code == 403 for https://noticias.uol.com.br/cotidiano/ultimas-noticias/2023/04/09/professora-morta-acidente-toboga-sao-roque.htm, skipping...
[ERROR - 2026-03-03 18:09:53,886 - Worker_3] Status code == 403 for https://noticias.uol.com.br/internacional/ultimas-noticias/2023/04/09/china-simula-ataques-contra-taiwan-ilha-critica-e-mobiliza-militares.htm, skipping...
[ERROR - 2026-03-03 18:09:58,851 - Worker_1] Status code == 403 for https://noticias.uol.com.br/cotidiano/ultimas-noticias/2023/04/09/jovem-internada-apos-cheirar-pimenta-teve-nova-infeccao-diz-mae.htm, skipping...
[ERROR - 2026-03-03 18:10:01,350 - Worker_2] Status code == 403 for https://tab.uol.com.br/noticias/redacao/2023/03/31/veio-de-havaianas.htm, skipping...
[ERROR - 2026-03-03 18:10:01,565 - Worker_4] Status code == 403 for https://noticias.uol.com.br/colunas/chico-alves/2023/04/09/com-demissao-de-sikera-jr-maior-expressao-do-bolsonarismo-na-tv-sai-do-ar.htm, skipping...
[ERROR - 2026-03-03 18:10:11,951 - Worker_3] Status code == 403 for https://noticias.uol.com.br/ultimas-noticias/deutschewelle/2023/04/09/israel-realiza-ataques-retaliatorios-na-siria.htm, skipping...
[ERROR - 2026-03-03 18:10:14,580 - Worker_0] Status code == 403 for https://tab.uol.com.br/noticias/redacao/2023/04/06/hotel-e-hospital-de-campos-do-jordao-sao-assombrados-por-almas-e-youtubers.htm, skipping...
[ERROR - 2026-03-03 18:10:16,052 - Worker_3] Status code == 403 for https://noticias.uol.com.br/ultimas-noticias/afp/2023/04/09/jerusalem-recebe-celebracoes-judaicas-cristas-e-muculmanas-em-momento-de-grande-tensao.htm, skipping...
[ERROR - 2026-03-03 18:10:20,445 - Worker_3] Status code == 403 for https://tab.uol.com.br/noticias/redacao/2023/04/09/maneiro-e-o-xexelento-sociologo-viraliza-com-fotos-de-botecos-no-rio.htm, skipping...
[ERROR - 2026-03-03 18:10:26,340 - Worker_2] Status code == 403 for https://noticias.uol.com.br/politica/ultimas-noticias/2023/04/09/lula-viaja-ao-maranhao-e-sobrevoa-areas-atingidas-pelas-chuvas.htm, skipping...
[ERROR - 2026-03-03 18:10:41,905 - Worker_4] Status code == 403 for https://noticias.uol.com.br/internacional/ultimas-noticias/2023/04/08/predio-desaba-em-marselha-na-franca.htm, skipping...
[ERROR - 2026-03-03 18:10:42,370 - Worker_1] Status code == 403 for https://noticias.uol.com.br/colunas/josmar-jozino/2023/04/09/veja-como-o-trafico-troca-etiquetas-de-malas-de-passageiros-em-guarulhos.htm, skipping...
[ERROR - 2026-03-03 18:10:51,944 - Worker_1] Status code == 403 for https://tab.uol.com.br/videos/2023/04/06/brasil-para-maiores-5-para-mulheres-dinheiro-para-homens-um-sonho-como-se-torna-um-ator-porno.htm, skipping...
[ERROR - 2026-03-03 18:10:58,622 - Worker_1] Status code == 403 for https://noticias.uol.com.br/cotidiano/ultimas-noticias/2023/04/09/mulher-negra-diz-ter-sofrido-racismo-e-fica-de-calcinha-e-sutia-em-mercado.htm, skipping...
[ERROR - 2026-03-03 18:10:59,931 - Worker_2] Status code == 403 for https://noticias.uol.com.br/colunas/pra-comecar-a-semana/2023/04/09/lula-comemora-cem-dias-de-governo-e-viaja-a-china-na-terca.htm, skipping...
[ERROR - 2026-03-03 18:11:00,668 - Worker_4] Status code == 403 for https://noticias.uol.com.br/ultimas-noticias/afp/2023/04/09/professor-demitido-na-florida-por-pedir-a-estudantes-para-escrever-obituarios.htm, skipping...
[ERROR - 2026-03-03 18:11:08,653 - Worker_3] Status code == 403 for https://noticias.uol.com.br/cotidiano/ultimas-noticias/2023/04/09/mae-presa-matar-filho-3-meses-asfixiado-sp.htm, skipping...
[ERROR - 2026-03-03 18:11:15,145 - Worker_2] Status code == 403 for https://tab.uol.com.br/noticias/redacao/2023/04/05/tubaroes-do-litoral-brasileiros-em-miami-veio-da-havan-reloaded-e-mais.htm, skipping...
[ERROR - 2026-03-03 18:11:28,694 - Worker_2] Status code == 403 for https://noticias.uol.com.br/internacional/ultimas-noticias/2023/04/08/familia-escocesa-quase-doa-brinquedo-de-66-anos-que-vale-r-629-mil.htm, skipping...
[ERROR - 2026-03-03 18:11:31,659 - Worker_1] Status code == 403 for https://noticias.uol.com.br/cotidiano/ultimas-noticias/2023/04/08/mulher-morre-apos-acidente-em-toboga-de-parque-em-sao-roque.htm, skipping...
[ERROR - 2026-03-03 18:11:36,631 - Worker_0] Status code == 403 for https://noticias.uol.com.br/ultimas-noticias/reuters/2023/04/09/apos-dias-de-violencia-oracoes-em-jerusalem-terminam-pacificamente.htm, skipping...
[ERROR - 2026-03-03 18:11:39,424 - Worker_3] Status code == 403 for https://noticias.uol.com.br/cotidiano/ultimas-noticias/2023/04/09/blumenau-ferias-rede-municipal-seguranca.htm, skipping...
[ERROR - 2026-03-03 18:11:40,734 - Worker_0] Status code == 403 for https://noticias.uol.com.br/cotidiano/ultimas-noticias/2023/04/09/briga-jogo-bocha-rio-grande-do-sul.htm, skipping...
[ERROR - 2026-03-03 18:11:40,853 - Worker_4] Status code == 403 for https://noticias.uol.com.br/colunas/fernanda-magnotta/2023/04/09/documentos-confidenciais-expoem-dilema-sobre-os-limites-do-poder-do-estado.htm, skipping...
[ERROR - 2026-03-03 18:11:43,592 - Worker_1] Status code == 403 for https://noticias.uol.com.br/politica/ultimas-noticias/2023/04/05/bolsonaro-lanches.htm, skipping...
[ERROR - 2026-03-03 18:11:45,040 - Worker_4] Status code == 403 for https://tab.uol.com.br/noticias/redacao/2023/04/09/pindorama-o-circo-dos-7-anoes-roda-o-brasil-ha-quatro-geracoes.htm, skipping...
[ERROR - 2026-03-03 18:11:48,721 - Worker_3] Status code == 403 for https://noticias.uol.com.br/cotidiano/ultimas-noticias/2023/04/09/operacao-escola-segura-prisao-exclusao-contas.htm, skipping...
[ERROR - 2026-03-03 18:11:50,210 - Worker_0] Status code == 403 for https://noticias.uol.com.br/colunas/jamil-chade/2023/04/09/carta-de-pascoa-milhoes-de-criancas-aguardam-a-subversao-do-renascimento.htm, skipping...
[ERROR - 2026-03-03 18:11:57,606 - Worker_1] Status code == 403 for https://noticias.uol.com.br/ultimas-noticias/redacao/2023/04/10/cem-dias-de-lula-sem-grandes-feitos-na-economia.htm, skipping...
[ERROR - 2026-03-03 18:12:09,562 - Worker_1] Status code == 403 for https://tab.uol.com.br/noticias/redacao/2023/03/31/veio-de-havaianas.htm, skipping...
[ERROR - 2026-03-03 18:12:17,082 - Worker_4] Status code == 403 for https://noticias.uol.com.br/politica/ultimas-noticias/2023/04/10/joias-sauditas-bolsonaro-investigacao-usa-mensagens-chefe-receita-exonerado.htm, skipping...
[ERROR - 2026-03-03 18:12:22,518 - Worker_2] Status code == 403 for https://noticias.uol.com.br/cotidiano/ultimas-noticias/2023/04/10/policia-federal-goias-vitima-etiquetas-trocadas-aeroporto.htm, skipping...
[ERROR - 2026-03-03 18:12:26,979 - Worker_2] Status code == 403 for https://noticias.uol.com.br/colunas/aguirre-talento/2023/04/10/pf-intima-general-do-planalto-e-80-militares-para-depor-sobre-8-de-janeiro.htm, skipping...
[ERROR - 2026-03-03 18:12:31,179 - Worker_0] Status code == 403 for https://noticias.uol.com.br/politica/ultimas-noticias/2023/04/10/forca-tarefa-tcu-tse-cartao-corporativo-eleicoes-jair-bolsonaro-dano-erario.htm, skipping...
[ERROR - 2026-03-03 18:12:35,957 - Worker_4] Status code == 403 for https://noticias.uol.com.br/internacional/ultimas-noticias/2023/04/10/aviao-sofre-falha-durante-pouso-e-roda-dianteira-arrebenta-em-colisao.htm, skipping...
[ERROR - 2026-03-03 18:12:36,563 - Worker_2] Status code == 403 for https://noticias.uol.com.br/politica/ultimas-noticias/2023/04/10/lula-quer-sociedade-com-china-critica-politica-externa-bolsonaro.htm, skipping...
[ERROR - 2026-03-03 18:12:40,333 - Worker_4] Status code == 403 for https://noticias.uol.com.br/cotidiano/ultimas-noticias/2023/04/10/mulher-e-morta-em-curitiba-apos-ser-estrangulada-com-cabo-usb-e-esfaqueada.htm, skipping...
[ERROR - 2026-03-03 18:12:40,930 - Worker_2] Status code == 403 for https://noticias.uol.com.br/colunas/reinaldo-azevedo/2023/04/10/o-governo-faz-cem-dias-a-imprensa-errou-no-periodo-muito-mais-do-que-lula.htm, skipping...
[ERROR - 2026-03-03 18:12:47,301 - Worker_3] Status code == 403 for https://noticias.uol.com.br/internacional/ultimas-noticias/2023/04/10/dalai-lama-pede-beijo-na-lingua-a-menino-e-se-desculpa-apos-video-viralizar.htm, skipping...
[ERROR - 2026-03-03 18:12:51,674 - Worker_3] Status code == 403 for https://noticias.uol.com.br/opiniao/coluna/2023/04/10/o-renascimento-das-politicas-de-igualdade-racial-em-100-dias.htm, skipping...
[ERROR - 2026-03-03 18:12:52,008 - Worker_2] Status code == 403 for https://noticias.uol.com.br/ultimas-noticias/agencia-estado/2023/04/10/governo-federal-cria-grupo-de-trabalho-para-propor-alteracoes-na-nova-carteira-de-identidade.htm, skipping...
[ERROR - 2026-03-03 18:12:54,349 - Worker_0] Status code == 403 for https://noticias.uol.com.br/cotidiano/ultimas-noticias/2023/04/10/adolescente-e-achada-morta-com-sinais-de-estupro-e-espancamento-em-sp.htm, skipping...
[ERROR - 2026-03-03 18:12:59,485 - Worker_2] Status code == 403 for https://midiamax.uol.com.br/politica/2023/ex-candidato-ao-governo-de-ms-preso-em-retomada-tera-caso-analisado-pela-justica-federal/, skipping...
[ERROR - 2026-03-03 18:13:00,512 - Worker_3] Status code == 403 for https://tab.uol.com.br/videos/2023/04/06/brasil-para-maiores-5-para-mulheres-dinheiro-para-homens-um-sonho-como-se-torna-um-ator-porno.htm, skipping...
[ERROR - 2026-03-03 18:13:11,937 - Worker_4] Status code == 403 for https://noticias.uol.com.br/politica/ultimas-noticias/2023/04/10/receita-federal-exoneracao-julio-vieira-gomes-joias.htm, skipping...
[ERROR - 2026-03-03 18:13:15,603 - Worker_1] Status code == 403 for https://noticias.uol.com.br/colunas/tales-faria/2023/04/10/bolsonaro-sequestrou-redes-sociais-e-dificultou-primeiros-100-dias-de-lula.htm, skipping...
[ERROR - 2026-03-03 18:13:16,293 - Worker_4] Status code == 403 for https://noticias.uol.com.br/cotidiano/ultimas-noticias/2023/04/10/ele-me-mordia-e-espancava-diz-mulher-que-viveu-em-carcere-privado-em-sp.htm, skipping...
[ERROR - 2026-03-03 18:13:18,655 - Worker_0] Status code == 403 for https://tab.uol.com.br/noticias/redacao/2023/04/10/sozinho-unico-apatrida-reconhecido-pela-justica-chegou-ao-rn-de-navio.htm, skipping...
[ERROR - 2026-03-03 18:13:22,321 - Worker_1] Status code == 403 for https://noticias.uol.com.br/internacional/ultimas-noticias/2023/04/10/brasil-demorou-muito-para-agir-no-caso-de-detidas-na-alemanhadizadvogado.htm, skipping...
[ERROR - 2026-03-03 18:13:40,733 - Worker_1] Status code == 403 for https://noticias.uol.com.br/internacional/ultimas-noticias/2023/04/08/familia-escocesa-quase-doa-brinquedo-de-66-anos-que-vale-r-629-mil.htm, skipping...
[ERROR - 2026-03-03 18:13:41,058 - Worker_4] Status code == 403 for https://noticias.uol.com.br/internacional/ultimas-noticias/2023/04/10/homem-dirige-carro-com-colmeia-de-abelhas-sem-se-desesperar-na-china-veja.htm, skipping...
[ERROR - 2026-03-03 18:13:47,487 - Worker_4] Status code == 403 for https://noticias.uol.com.br/politica/ultimas-noticias/2023/04/10/sakamoto-investigacao-nao-e-retaliacao-exercito-nao-pode-ajudar-golpistas.htm, skipping...
[ERROR - 2026-03-03 18:13:47,546 - Worker_3] Status code == 403 for https://noticias.uol.com.br/cotidiano/ultimas-noticias/2023/04/10/ambulancia-es-tiro-paciente.htm, skipping...
[ERROR - 2026-03-03 18:13:49,146 - Worker_2] Status code == 403 for https://noticias.uol.com.br/colunas/josias-de-souza/2023/04/10/1460-dias-separam-lula-do-sucesso-ou-da-ruina.htm, skipping...
[ERROR - 2026-03-03 18:13:49,974 - Worker_0] Status code == 403 for https://noticias.uol.com.br/internacional/ultimas-noticias/2023/04/10/barco-com-400-migrantes-fica-a-deriva-no-mediterraneo-ongs-pedem-resgate.htm, skipping...
[ERROR - 2026-03-03 18:13:56,008 - Worker_4] Status code == 403 for https://noticias.uol.com.br/ultimas-noticias/afp/2023/04/10/governo-dos-eua-apela-a-tribunal-para-garantir-acesso-a-pilula-abortiva.htm, skipping...
[ERROR - 2026-03-03 18:13:58,533 - Worker_0] Status code == 403 for https://noticias.uol.com.br/politica/ultimas-noticias/2023/04/05/bolsonaro-lanches.htm, skipping...
[ERROR - 2026-03-03 18:14:00,993 - Worker_2] Status code == 403 for https://tab.uol.com.br/noticias/redacao/2023/04/09/pindorama-o-circo-dos-7-anoes-roda-o-brasil-ha-quatro-geracoes.htm, skipping...
[ERROR - 2026-03-03 18:14:02,738 - Worker_3] Status code == 403 for https://noticias.uol.com.br/colunas/balaio-do-kotscho/2023/04/10/como-equilibrar-midia-social-com-midia-comercial-na-comunicacao-do-governo.htm, skipping...
[ERROR - 2026-03-03 18:14:07,944 - Worker_0] Status code == 403 for https://noticias.uol.com.br/cotidiano/ultimas-noticias/2023/04/10/manaus-ataque-escola.htm, skipping...
[ERROR - 2026-03-03 18:14:30,534 - Worker_0] Status code == 403 for https://tab.uol.com.br/noticias/redacao/2023/03/31/veio-de-havaianas.htm, skipping...
[ERROR - 2026-03-03 18:15:04,455 - Worker_0] Status code == 403 for https://economia.uol.com.br/noticias/redacao/2023/04/11/passagens-a-r-200-tem-data-de-lancamento-e-3-aereas-ja-toparam-diz-franca.htm, skipping...
[ERROR - 2026-03-03 18:15:08,568 - Worker_1] Status code == 403 for https://tab.uol.com.br/videos/2023/04/06/brasil-para-maiores-5-para-mulheres-dinheiro-para-homens-um-sonho-como-se-torna-um-ator-porno.htm, skipping...
[ERROR - 2026-03-03 18:15:11,253 - Worker_3] Status code == 403 for https://noticias.uol.com.br/politica/ultimas-noticias/2023/04/11/apos-chamar-comida-de-presos-de-caotica-moraes-experimenta-prato-na-papuda.htm, skipping...
[ERROR - 2026-03-03 18:15:16,411 - Worker_2] Status code == 403 for https://noticias.uol.com.br/internacional/ultimas-noticias/2023/04/11/golpe-portugal-vistos.htm, skipping...
[ERROR - 2026-03-03 18:15:17,736 - Worker_0] Status code == 403 for https://noticias.uol.com.br/colunas/juliana-dal-piva/2023/04/11/mp-conclui-laudo-sobre-movimentacao-financeira-suspeita-de-carlos-bolsonaro.htm, skipping...
[ERROR - 2026-03-03 18:15:25,814 - Worker_1] Status code == 403 for https://noticias.uol.com.br/cotidiano/ultimas-noticias/2023/04/11/recife-vai-premiar-projeto-que-trouxer-solucao-para-ataques-de-tubaroes.htm, skipping...
[ERROR - 2026-03-03 18:15:29,936 - Worker_1] Status code == 403 for https://noticias.uol.com.br/cotidiano/ultimas-noticias/2023/04/11/maierovitch-video-de-chicoteado-no-rj-poderia-ser-flagrante-de-racismo.htm, skipping...
[ERROR - 2026-03-03 18:15:34,087 - Worker_2] Status code == 403 for https://noticias.uol.com.br/cotidiano/ultimas-noticias/2023/04/10/ele-me-mordia-e-espancava-diz-mulher-que-viveu-em-carcere-privado-em-sp.htm, skipping...
[ERROR - 2026-03-03 18:15:36,772 - Worker_1] Status code == 403 for https://tab.uol.com.br/noticias/redacao/2023/04/10/sozinho-unico-apatrida-reconhecido-pela-justica-chegou-ao-rn-de-navio.htm, skipping...
[ERROR - 2026-03-03 18:15:55,092 - Worker_0] Status code == 403 for https://noticias.uol.com.br/colunas/jose-roberto-de-toledo/2023/04/11/pt-mira-em-haddad-mas-atira-na-conta-da-reforma-tributaria.htm, skipping...
[ERROR - 2026-03-03 18:15:59,157 - Worker_1] Status code == 403 for https://noticias.uol.com.br/colunas/carlos-madeiro/2023/04/11/brasileiro-mais-longevo-com-coracao-transplantado-morre-apos-34-anos-em-al.htm, skipping...
[ERROR - 2026-03-03 18:16:01,490 - Worker_0] Status code == 403 for https://noticias.uol.com.br/internacional/ultimas-noticias/2023/04/11/menina-eua-foge-carro.htm, skipping...
[ERROR - 2026-03-03 18:16:03,316 - Worker_1] Status code == 403 for https://noticias.uol.com.br/colunas/leonardo-sakamoto/2023/04/11/panico-e-boato-nas-redes-precisam-ser-contidos-apos-novo-ataque-em-escola.htm, skipping...
[ERROR - 2026-03-03 18:16:06,709 - Worker_2] Status code == 403 for https://noticias.uol.com.br/internacional/ultimas-noticias/2023/04/08/familia-escocesa-quase-doa-brinquedo-de-66-anos-que-vale-r-629-mil.htm, skipping...
[ERROR - 2026-03-03 18:16:11,411 - Worker_4] Status code == 403 for https://noticias.uol.com.br/ultimas-noticias/agencia-estado/2023/04/11/cnj-abre-processo-disciplinar-e-afasta-juiz-acusado-de-agredir-a-propria-mulher.htm, skipping...
[ERROR - 2026-03-03 18:16:12,381 - Worker_1] Status code == 403 for https://noticias.uol.com.br/politica/ultimas-noticias/2023/04/11/rosa-weber-stf-denunciados-atos-golpistas.htm, skipping...
[ERROR - 2026-03-03 18:16:16,474 - Worker_1] Status code == 403 for https://noticias.uol.com.br/cotidiano/ultimas-noticias/2023/04/11/mulher-de-ex-vice-prefeito-e-encontrada-morta-com-tiro-no-peito.htm, skipping...
[ERROR - 2026-03-03 18:16:19,572 - Worker_0] Status code == 403 for https://noticias.uol.com.br/politica/ultimas-noticias/2023/04/05/bolsonaro-lanches.htm, skipping...
[ERROR - 2026-03-03 18:16:20,641 - Worker_1] Status code == 403 for https://tab.uol.com.br/noticias/redacao/2023/04/09/pindorama-o-circo-dos-7-anoes-roda-o-brasil-ha-quatro-geracoes.htm, skipping...
[ERROR - 2026-03-03 18:16:21,567 - Worker_3] Status code == 403 for https://noticias.uol.com.br/cotidiano/ultimas-noticias/2023/04/11/brasileiras-presas-por-engano-trauma-voo.htm, skipping...
[ERROR - 2026-03-03 18:16:23,668 - Worker_0] Status code == 403 for https://noticias.uol.com.br/ultimas-noticias/agencia-estado/2023/04/11/cao-de-faro-encontra-236-kg-de-cocaina-em-carga-de-bobinas-de-papel-no-porto-de-santos.htm, skipping...
[ERROR - 2026-03-03 18:16:25,702 - Worker_3] Status code == 403 for https://tab.uol.com.br/noticias/redacao/2023/04/11/com-ingresso-a-r-94-turismo-caiu-nos-canions-de-cambara-do-sul-rs.htm, skipping...
[ERROR - 2026-03-03 18:16:37,231 - Worker_3] Status code == 403 for https://noticias.uol.com.br/colunas/jamil-chade/2023/04/12/eua-suspeitaram-que-putin-usaria-plano-de-lula-em-seu-favor-diz-vazamento.htm, skipping...
[ERROR - 2026-03-03 18:16:53,071 - Worker_0] Status code == 403 for https://tab.uol.com.br/noticias/redacao/2023/04/12/como-o-empresario-evaldo-shiroma-organizou-o-mercado-erotico-nos-anos-90.htm, skipping...
[ERROR - 2026-03-03 18:16:58,764 - Worker_1] Status code == 403 for https://noticias.uol.com.br/colunas/tales-faria/2023/04/12/no-bloco-nasce-rachado-na-promessa-de-apoio-ao-governo.htm, skipping...
[ERROR - 2026-03-03 18:17:31,693 - Worker_4] Status code == 403 for https://tab.uol.com.br/videos/2023/04/06/brasil-para-maiores-5-para-mulheres-dinheiro-para-homens-um-sonho-como-se-torna-um-ator-porno.htm, skipping...
[ERROR - 2026-03-03 18:17:35,796 - Worker_4] Status code == 403 for https://tab.uol.com.br/colunas/michel-alcoforado/2023/04/12/rinha-de-rolex.htm, skipping...
[ERROR - 2026-03-03 18:17:40,514 - Worker_3] Status code == 404 for https://www.uol.com.br/universa/horoscopo/noticias/redacao/2023/04/12/terra-fogo-agua-e-ar-plantas-que-ajudam-a-equilibrar-os-quatro-elementos.htm, skipping...
[ERROR - 2026-03-03 18:18:04,400 - Worker_3] Status code == 403 for https://tab.uol.com.br/noticias/redacao/2023/04/12/centro-de-sp-vira-cidade-hostil-e-distribui-medo-a-todas-as-classes.htm, skipping...
[ERROR - 2026-03-03 18:18:08,503 - Worker_3] Status code == 403 for https://noticias.uol.com.br/colunas/leonardo-sakamoto/2023/04/11/panico-e-boato-nas-redes-precisam-ser-contidos-apos-novo-ataque-em-escola.htm, skipping...
[ERROR - 2026-03-03 18:18:08,531 - Worker_0] Status code == 403 for https://noticias.uol.com.br/cotidiano/ultimas-noticias/2023/04/12/menino-nove-anos-esfaqueado-morto-vizinho-sp.htm, skipping...
[ERROR - 2026-03-03 18:18:10,091 - Worker_1] Status code == 403 for https://noticias.uol.com.br/internacional/ultimas-noticias/2023/04/08/familia-escocesa-quase-doa-brinquedo-de-66-anos-que-vale-r-629-mil.htm, skipping...
[ERROR - 2026-03-03 18:18:17,988 - Worker_3] Status code == 403 for https://noticias.uol.com.br/cotidiano/ultimas-noticias/2023/04/12/primeiro-condenado-por-concretar-mulher-sao-vicente.htm, skipping...
[ERROR - 2026-03-03 18:18:20,999 - Worker_1] Status code == 403 for https://noticias.uol.com.br/colunas/josias-de-souza/2023/04/12/brasil-tenta-tirar-as-redes-da-casa-da-mae-joana.htm, skipping...
[ERROR - 2026-03-03 18:18:25,087 - Worker_1] Status code == 403 for https://tab.uol.com.br/noticias/redacao/2023/04/12/jovem-negro-e-absolvido-pela-3-vez-de-acusacao-injusta-no-rio.htm, skipping...
[ERROR - 2026-03-03 18:18:36,514 - Worker_4] Status code == 403 for https://noticias.uol.com.br/politica/ultimas-noticias/2023/04/05/bolsonaro-lanches.htm, skipping...
[ERROR - 2026-03-03 18:18:45,512 - Worker_4] Status code == 403 for https://noticias.uol.com.br/internacional/ultimas-noticias/2023/04/12/mulher-vietnamita-e-internada-com-vermes-parasitas-rastejando-sob-a-pele.htm, skipping...
[ERROR - 2026-03-03 18:18:46,409 - Worker_2] Status code == 403 for https://noticias.uol.com.br/colunas/madeleine-lacsko/2023/04/12/janja-choquei-e-a-fake-news-sobre-imposto-da-shein.htm, skipping...
[ERROR - 2026-03-03 18:18:48,575 - Worker_0] Status code == 403 for https://noticias.uol.com.br/colunas/juliana-dal-piva/2023/04/11/a-historia-da-mulher-do-matador-do-bope.htm, skipping...
[ERROR - 2026-03-03 18:18:49,631 - Worker_4] Status code == 403 for https://noticias.uol.com.br/confere/ultimas-noticias/2023/04/12/alvo-de-protesto-de-professores-era-o-governador-de-alagoas-e-nao-lula.htm, skipping...
[ERROR - 2026-03-03 18:18:55,188 - Worker_2] Status code == 403 for https://noticias.uol.com.br/colunas/camilo-vannuchi/2023/04/13/e-quase-tudo-verdade-no-pais-do-171--ou-nao.htm, skipping...
[ERROR - 2026-03-03 18:18:56,831 - Worker_1] Status code == 403 for https://noticias.uol.com.br/ultimas-noticias/agencia-brasil/2023/04/13/stf-derruba-lei-que-obriga-a-coletar-dna-para-combater-troca-de-bebes.htm, skipping...
[ERROR - 2026-03-03 18:18:59,609 - Worker_3] Status code == 403 for https://noticias.uol.com.br/cotidiano/ultimas-noticias/2023/04/13/clube-de-tiro-promove-curso-de-atirador-para-criancas.htm, skipping...
[ERROR - 2026-03-03 18:19:00,933 - Worker_1] Status code == 403 for https://noticias.uol.com.br/colunas/jamil-chade/2023/04/13/plano-de-lula-de-evitar-o-dolar-preocupa-eua-que-temem-fim-de-sancoes.htm, skipping...
[ERROR - 2026-03-03 18:19:04,382 - Worker_2] Status code == 403 for https://tab.uol.com.br/noticias/redacao/2023/04/13/na-edicao-pancadao-festa-inspirada-na-serie-elite-termina-em-confusao.htm, skipping...
[ERROR - 2026-03-03 18:19:06,339 - Worker_0] Status code == 403 for https://noticias.uol.com.br/cotidiano/ultimas-noticias/2023/04/13/crossfit-morte-anapolis.htm, skipping...
[ERROR - 2026-03-03 18:19:08,489 - Worker_2] Status code == 403 for https://noticias.uol.com.br/cotidiano/ultimas-noticias/2023/04/13/dizer-que-centro-de-sp-esta-abandonado-e-exagero-dizvice-governador.htm, skipping...
[ERROR - 2026-03-03 18:19:17,573 - Worker_2] Status code == 403 for https://noticias.uol.com.br/internacional/ultimas-noticias/2023/04/13/manifestantes-invadem-sede-da-grife-louis-vuitton-em-paris.htm, skipping...
[ERROR - 2026-03-03 18:19:22,593 - Worker_1] Status code == 403 for https://noticias.uol.com.br/colunas/madeleine-lacsko/2023/04/13/o-que-fazer-com-as-primeiras-damas-da-era-da-lacracao.htm, skipping...
[ERROR - 2026-03-03 18:19:25,082 - Worker_0] Status code == 403 for https://noticias.uol.com.br/cotidiano/ultimas-noticias/2023/04/13/policia-df-prende-atores-porno-extorsao.htm, skipping...
[ERROR - 2026-03-03 18:19:31,698 - Worker_4] Status code == 403 for https://noticias.uol.com.br/colunas/leonardo-sakamoto/2023/04/13/apos-tratar-tse-como-o-diabo-bolsonaro-suplica-por-perdao-ao-tribunal.htm, skipping...
[ERROR - 2026-03-03 18:19:33,383 - Worker_1] Status code == 403 for https://noticias.uol.com.br/cotidiano/ultimas-noticias/2023/04/12/comanda-racismo-restaurante-df.htm, skipping...
[ERROR - 2026-03-03 18:19:40,157 - Worker_4] Status code == 403 for https://noticias.uol.com.br/colunas/tales-faria/2023/04/13/lula-ganha-com-centrao-dividido-em-superblocos-mas-o-pt-perde.htm, skipping...
[ERROR - 2026-03-03 18:19:42,320 - Worker_1] Status code == 403 for https://noticias.uol.com.br/politica/ultimas-noticias/2023/04/13/ex-ministros-bolsonaro-punidos-conselho-de-etica.htm, skipping...
[ERROR - 2026-03-03 18:19:44,247 - Worker_4] Status code == 403 for https://noticias.uol.com.br/ultimas-noticias/redacao/2023/04/13/agressao-a-entregador-e-prisao-por-foto-mostram-pais-que-a-escravidao-criou.htm, skipping...
[ERROR - 2026-03-03 18:19:45,417 - Worker_3] Status code == 403 for https://noticias.uol.com.br/colunas/josias-de-souza/2023/04/13/coragem-de-general-fugiu-durante-o-depoimento.htm, skipping...
[ERROR - 2026-03-03 18:19:47,047 - Worker_2] Status code == 403 for https://noticias.uol.com.br/internacional/ultimas-noticias/2023/04/13/como-o-dalai-lama-e-escolhido-e-por-que-este-pode-ser-o-ultimo.htm, skipping...
[ERROR - 2026-03-03 18:19:47,927 - Worker_0] Status code == 403 for https://tab.uol.com.br/colunas/matheus-pichonelli/2023/04/13/bolsonarismo-abre-fogo-contra-doc-e-cava-trincheira-em-torno-da-tv-cultura.htm, skipping...
[ERROR - 2026-03-03 18:19:50,930 - Worker_1] Status code == 403 for https://noticias.uol.com.br/politica/ultimas-noticias/2023/04/13/mp-eleitoral-bolsonaro-abuso-de-poder-desvio-urnas.htm, skipping...
[ERROR - 2026-03-03 18:19:51,820 - Worker_3] Status code == 403 for https://noticias.uol.com.br/cotidiano/ultimas-noticias/2023/04/13/justica-internacao-adolescente-material-nazismo.htm, skipping...
[ERROR - 2026-03-03 18:19:52,036 - Worker_0] Status code == 403 for https://noticias.uol.com.br/politica/ultimas-noticias/2023/04/13/janja-comunicacao-crise.htm, skipping...
[ERROR - 2026-03-03 18:19:55,042 - Worker_1] Status code == 403 for https://noticias.uol.com.br/colunas/josmar-jozino/2023/04/13/veja-quem-sao-os-sete-acusados-de-trocar-etiquetas-de-malas-em-guarulhos.htm, skipping...
[ERROR - 2026-03-03 18:19:56,129 - Worker_0] Status code == 403 for https://noticias.uol.com.br/politica/ultimas-noticias/2023/04/13/suspeito-de-financiar-atos-golpistas-diz-que-ir-ao-81-foi-estupidez.htm, skipping...
[ERROR - 2026-03-03 18:20:02,508 - Worker_2] Status code == 403 for https://noticias.uol.com.br/politica/ultimas-noticias/2023/04/13/prisao-de-tacla-duran-foi-ordenada-por-desembargador-pai-de-socio-de-moro.htm, skipping...
[ERROR - 2026-03-03 18:20:06,319 - Worker_1] Status code == 403 for https://noticias.uol.com.br/ultimas-noticias/agencia-estado/2023/04/13/dinheiro-desviado-do-fies-poderia-bancar-estudos-de-50-alunos-em-cursos-de-cinco-anos-diz-cgu.htm, skipping...
[ERROR - 2026-03-03 18:20:08,832 - Worker_2] Status code == 403 for https://noticias.uol.com.br/cotidiano/ultimas-noticias/2023/04/13/incendio-de-grandes-proporcoes-destroi-loja-no-centro-comercial-de-belem.htm, skipping...
[ERROR - 2026-03-03 18:20:09,644 - Worker_3] Status code == 403 for https://noticias.uol.com.br/colunas/andre-santana/2023/04/13/falta-pouco-para-bruna-griphao-repetir-no-bbb-as-chicotadas-de-sao-conrado.htm, skipping...
[ERROR - 2026-03-03 18:20:10,420 - Worker_1] Status code == 403 for https://noticias.uol.com.br/cotidiano/ultimas-noticias/2023/04/10/ele-me-mordia-e-espancava-diz-mulher-que-viveu-em-carcere-privado-em-sp.htm, skipping...
[ERROR - 2026-03-03 18:20:12,990 - Worker_0] Status code == 403 for https://noticias.uol.com.br/ultimas-noticias/afp/2023/04/13/suspeito-de-vazar-documentos-confidenciais-do-pentagono-e-preso.htm, skipping...
[ERROR - 2026-03-03 18:20:17,849 - Worker_2] Status code == 403 for https://tab.uol.com.br/noticias/redacao/2023/04/12/vitimas-de-cirurgiao-lugares-mal-assombrados-rotina-de-ator-porno-e-mais.htm, skipping...
[ERROR - 2026-03-03 18:20:28,869 - Worker_2] Status code == 403 for https://noticias.uol.com.br/cotidiano/ultimas-noticias/2023/04/13/comerciante-em-area-da-cracolandia-muda-rotina-por-medo-piorem17anos.htm, skipping...
[ERROR - 2026-03-03 18:20:28,871 - Worker_0] Status code == 403 for https://noticias.uol.com.br/colunas/josias-de-souza/2023/04/13/governo-deixa-os-super-ricos-perplexos-e-o-camelodromo-digital-indignado.htm, skipping...
[ERROR - 2026-03-03 18:20:48,123 - Worker_0] Status code == 403 for https://tab.uol.com.br/noticias/redacao/2023/04/12/jovem-negro-e-absolvido-pela-3-vez-de-acusacao-injusta-no-rio.htm, skipping...
[ERROR - 2026-03-03 18:21:09,071 - Worker_4] Status code == 404 for https://www.uol.com.br/universa/horoscopo/noticias/redacao/2023/04/08/banhos-de-ervas-safadinhos-para-atrair-alguem-para-sexo-e-turbinar-libido.htm, skipping...
[ERROR - 2026-03-03 18:21:13,171 - Worker_4] Status code == 403 for https://tab.uol.com.br/noticias/redacao/2023/04/13/na-edicao-pancadao-festa-inspirada-na-serie-elite-termina-em-confusao.htm, skipping...
[ERROR - 2026-03-03 18:21:28,726 - Worker_4] Status code == 403 for https://noticias.uol.com.br/colunas/josmar-jozino/2023/04/15/pcc-e-suspeito-de-montar-uma-celula-da-sintonia-dos-gravatas-em-potrugal.htm, skipping...
[ERROR - 2026-03-03 18:21:34,342 - Worker_2] Status code == 403 for https://noticias.uol.com.br/ultimas-noticias/2023/04/15/mega-sena-2583-concurso-numeros-sorteio-de-hoje-premio.htm, skipping...
[ERROR - 2026-03-03 18:21:36,376 - Worker_1] Status code == 403 for https://tab.uol.com.br/noticias/redacao/2023/04/14/lojas-em-paris-comecam-a-aceitar-pix-para-atrair-clientela-brasileira.htm, skipping...
[ERROR - 2026-03-03 18:21:37,658 - Worker_3] Status code == 403 for https://noticias.uol.com.br/colunas/leonardo-sakamoto/2023/04/15/problema-das-escolas-nao-e-detector-de-metal-mas-falta-de-agua-e-banheiro.htm, skipping...
[ERROR - 2026-03-03 18:21:59,316 - Worker_3] Status code == 403 for https://noticias.uol.com.br/ultimas-noticias/redacao/2023/04/13/agressao-a-entregador-e-prisao-por-foto-mostram-pais-que-a-escravidao-criou.htm, skipping...
[ERROR - 2026-03-03 18:21:59,332 - Worker_2] Status code == 403 for https://noticias.uol.com.br/internacional/ultimas-noticias/2023/04/15/elefante-entra-em-lago-para-salvar-filhote-de-ataque-de-crocodilo-assista.htm, skipping...
[ERROR - 2026-03-03 18:22:00,294 - Worker_1] Status code == 403 for https://noticias.uol.com.br/cotidiano/ultimas-noticias/2023/04/15/mulher-que-chicoteou-entregador-em-sao-conrado-e-banida-do-ifood.htm, skipping...
[ERROR - 2026-03-03 18:22:03,677 - Worker_3] Status code == 403 for https://noticias.uol.com.br/cotidiano/ultimas-noticias/2023/04/15/vaquinha-entregador-agredido-max-santos.htm, skipping...
[ERROR - 2026-03-03 18:22:04,665 - Worker_1] Status code == 403 for https://noticias.uol.com.br/cotidiano/ultimas-noticias/2023/04/15/homem-gay-agressao-roubo-sao-jose-dos-campos-sao-paulo.htm, skipping...
[ERROR - 2026-03-03 18:22:09,982 - Worker_4] Status code == 403 for https://noticias.uol.com.br/politica/ultimas-noticias/2023/04/15/festas-e-onlyfans-quem-e-o-parca-de-romario-que-recebeu-da-uerj-em-reality.htm, skipping...
[ERROR - 2026-03-03 18:22:14,410 - Worker_4] Status code == 403 for https://noticias.uol.com.br/colunas/carlos-madeiro/2023/04/15/reservatorios-enchem-apos-seca-historica-e-fazem-festa-da-agua-no-semiarido.htm, skipping...
[ERROR - 2026-03-03 18:22:21,842 - Worker_2] Status code == 403 for https://noticias.uol.com.br/cotidiano/ultimas-noticias/2023/04/15/thiago-brennand-extradicao-emirados-arabes.htm, skipping...
[ERROR - 2026-03-03 18:22:31,152 - Worker_3] Status code == 403 for https://noticias.uol.com.br/internacional/ultimas-noticias/2023/04/14/fotografo-flagra-momento-em-que-mulher-e-mordida-por-tubarao-nas-maldivas.htm, skipping...
[ERROR - 2026-03-03 18:22:37,411 - Worker_4] Status code == 403 for https://tab.uol.com.br/noticias/redacao/2023/04/12/vitimas-de-cirurgiao-lugares-mal-assombrados-rotina-de-ator-porno-e-mais.htm, skipping...
[ERROR - 2026-03-03 18:22:40,672 - Worker_3] Status code == 403 for https://tab.uol.com.br/noticias/redacao/2023/04/12/centro-de-sp-vira-cidade-hostil-e-distribui-medo-a-todas-as-classes.htm, skipping...
[ERROR - 2026-03-03 18:22:58,507 - Worker_1] Status code == 403 for https://noticias.uol.com.br/internacional/ultimas-noticias/2023/04/15/tubarao-que-atacou-enfermeira-tem-boca-peculiar-e-e-comum-no-brasil.htm, skipping...
[ERROR - 2026-03-03 18:23:02,878 - Worker_1] Status code == 403 for https://tab.uol.com.br/noticias/redacao/2023/04/12/jovem-negro-e-absolvido-pela-3-vez-de-acusacao-injusta-no-rio.htm, skipping...
[ERROR - 2026-03-03 18:23:08,831 - Worker_2] Status code == 403 for https://noticias.uol.com.br/ultimas-noticias/agencia-estado/2023/04/15/lula-tem-passagem-relampago-em-abu-dhabi-e-fala-em-parceria-em-inteligencia-artificial.htm, skipping...
[ERROR - 2026-03-03 18:23:09,333 - Worker_4] Status code == 403 for https://noticias.uol.com.br/colunas/balaio-do-kotscho/2023/04/14/convicto-da-impunidade-ex-juiz-sergio-moro-desmoraliza-sistema-de-justica.htm, skipping...
[ERROR - 2026-03-03 18:23:13,421 - Worker_4] Status code == 403 for https://noticias.uol.com.br/cotidiano/ultimas-noticias/2023/04/15/homem-e-morto-durante-tentativa-de-assalto-a-salao-de-beleza-em-sp.htm, skipping...
[ERROR - 2026-03-03 18:23:15,821 - Worker_3] Status code == 403 for https://noticias.uol.com.br/colunas/juliana-dal-piva/2023/04/11/a-historia-da-mulher-do-matador-do-bope.htm, skipping...
[ERROR - 2026-03-03 18:23:22,197 - Worker_4] Status code == 403 for https://economia.uol.com.br/imposto-de-renda/noticias/redacao/2023/03/09/imposto-de-renda-2023-receita-libera-download-do-programa.htm, skipping...
[ERROR - 2026-03-03 18:23:27,265 - Worker_1] Status code == 403 for https://tab.uol.com.br/noticias/redacao/2023/04/13/na-edicao-pancadao-festa-inspirada-na-serie-elite-termina-em-confusao.htm, skipping...
[ERROR - 2026-03-03 18:23:44,831 - Worker_4] Status code == 403 for https://tab.uol.com.br/noticias/redacao/2023/04/14/lojas-em-paris-comecam-a-aceitar-pix-para-atrair-clientela-brasileira.htm, skipping...
[ERROR - 2026-03-03 18:23:49,961 - Worker_0] Status code == 403 for https://economia.uol.com.br/empregos-e-carreiras/noticias/redacao/2023/04/16/concursos-publicos.htm, skipping...
[ERROR - 2026-03-03 18:24:12,564 - Worker_2] Status code == 403 for https://economia.uol.com.br/noticias/redacao/2023/04/16/makro-vai-sair-do-brasil-o-que-acontece-com-o-setor-atacadista.htm, skipping...
[ERROR - 2026-03-03 18:24:14,275 - Worker_1] Status code == 403 for https://tab.uol.com.br/colunas/matheus-pichonelli/2023/04/16/como-o-tupperware-hoje-em-crise-virou-simbolo-da-hospitalidade-brasileira.htm, skipping...
[ERROR - 2026-03-03 18:24:16,680 - Worker_2] Status code == 403 for https://economia.uol.com.br/noticias/redacao/2023/04/10/embelleze-uol-lideres.htm, skipping...
[ERROR - 2026-03-03 18:24:20,784 - Worker_1] Status code == 403 for https://tab.uol.com.br/noticias/redacao/2023/04/16/agora-a-justica-comeca-a-ser-feita-diz-uma-vitima-de-thiago-brennand.htm, skipping...
[ERROR - 2026-03-03 18:24:27,695 - Worker_2] Status code == 403 for https://noticias.uol.com.br/colunas/pra-comecar-a-semana/2023/04/16/medidas-de-protecao-contra-violencia-nas-escolas-entram-na-pauta-federal.htm, skipping...
[ERROR - 2026-03-03 18:24:36,326 - Worker_2] Status code == 403 for https://noticias.uol.com.br/colunas/leonardo-sakamoto/2023/04/16/prisao-de-brennand-ajuda-a-conter-machos-violentos-libertados-por-bolsonaro.htm, skipping...
[ERROR - 2026-03-03 18:24:39,252 - Worker_4] Status code == 403 for https://noticias.uol.com.br/politica/ultimas-noticias/2023/04/16/oab-repudia-fala-desembargador-cultura-superior-sul.htm, skipping...
[ERROR - 2026-03-03 18:24:42,682 - Worker_0] Status code == 403 for https://tab.uol.com.br/noticias/redacao/2023/04/12/vitimas-de-cirurgiao-lugares-mal-assombrados-rotina-de-ator-porno-e-mais.htm, skipping...
[ERROR - 2026-03-03 18:24:43,348 - Worker_1] Status code == 403 for https://economia.uol.com.br/colunas/carlos-juliano-barros/2023/04/13/trabalheira-como-a-inteligencia-artificial-reforca-preconceitos-no-rh.htm, skipping...
[ERROR - 2026-03-03 18:24:54,703 - Worker_2] Status code == 403 for https://noticias.uol.com.br/cotidiano/ultimas-noticias/2023/04/16/sc-carro-de-vereador-cai-em-represa-4-morrem-e-uma-filha-sobrevive.htm, skipping...
[ERROR - 2026-03-03 18:25:08,089 - Worker_1] Status code == 403 for https://noticias.uol.com.br/cotidiano/ultimas-noticias/2023/04/16/chuva-metro-df-explosao-linha-videos.htm, skipping...
[ERROR - 2026-03-03 18:25:09,811 - Worker_0] Status code == 403 for https://noticias.uol.com.br/ultimas-noticias/reuters/2023/04/16/campanha-de-trump-relata-ter-arrecadado-145-milhoes-de-dolares-no-inicio-de-2023.htm, skipping...
[ERROR - 2026-03-03 18:25:14,393 - Worker_1] Status code == 403 for https://noticias.uol.com.br/colunas/juliana-dal-piva/2023/04/11/a-historia-da-mulher-do-matador-do-bope.htm, skipping...
[ERROR - 2026-03-03 18:25:21,994 - Worker_4] Status code == 403 for https://noticias.uol.com.br/ultimas-noticias/afp/2023/04/17/brasil-deve-demarcar-14-territorios-indigenas-em-breve-diz-guajajara-em-ny.htm, skipping...
[ERROR - 2026-03-03 18:25:30,724 - Worker_3] Status code == 403 for https://tab.uol.com.br/noticias/redacao/2023/04/13/na-edicao-pancadao-festa-inspirada-na-serie-elite-termina-em-confusao.htm, skipping...
[ERROR - 2026-03-03 18:25:50,500 - Worker_0] Status code == 403 for https://tab.uol.com.br/noticias/redacao/2023/04/14/lojas-em-paris-comecam-a-aceitar-pix-para-atrair-clientela-brasileira.htm, skipping...
[ERROR - 2026-03-03 18:25:55,574 - Worker_2] Status code == 403 for https://noticias.uol.com.br/politica/ultimas-noticias/2023/04/17/moro-diz-que-fala-sobre-gilmar-foi-brincadeira-e-que-esta-indignado-com-pgr.htm, skipping...
[ERROR - 2026-03-03 18:25:55,853 - Worker_1] Status code == 403 for https://noticias.uol.com.br/colunas/carlos-madeiro/2023/04/17/cpt-era-bolsonaro-bate-recorde-de-conflitos-de-terra-na-redemocratizacao.htm, skipping...
[ERROR - 2026-03-03 18:25:55,858 - Worker_4] Status code == 403 for https://noticias.uol.com.br/cotidiano/ultimas-noticias/2023/04/17/recorde-pirara.htm, skipping...
[ERROR - 2026-03-03 18:26:00,225 - Worker_1] Status code == 403 for https://noticias.uol.com.br/confere/ultimas-noticias/2023/04/17/falso-conteudo-sobre-vacina-de-covid-que-causa-cancer-volta-a-circular.htm, skipping...
[ERROR - 2026-03-03 18:26:05,047 - Worker_4] Status code == 403 for https://noticias.uol.com.br/cotidiano/ultimas-noticias/2023/04/17/como-esta-o-primeiro-sobrevivente-da-raiva-humana-no-brasil-apos-15-anos.htm, skipping...
[ERROR - 2026-03-03 18:26:06,246 - Worker_3] Status code == 403 for https://noticias.uol.com.br/cotidiano/ultimas-noticias/2023/04/17/agressora-de-entregador-no-rio-depoe-5-dias-apos-apresentar-atestado-medico.htm, skipping...
[ERROR - 2026-03-03 18:26:10,657 - Worker_3] Status code == 403 for https://noticias.uol.com.br/cotidiano/ultimas-noticias/2023/04/17/agressao-pms-mulher-pernambuco.htm, skipping...
[ERROR - 2026-03-03 18:26:13,858 - Worker_4] Status code == 403 for https://noticias.uol.com.br/cotidiano/ultimas-noticias/2023/04/17/pai-acorrenta-filha-em-casa-para-ela-nao-ver-namorado-e-e-preso-no-pr.htm, skipping...
[ERROR - 2026-03-03 18:26:18,255 - Worker_4] Status code == 403 for https://noticias.uol.com.br/cotidiano/ultimas-noticias/2023/04/17/policia-conclui-inquerito-ataque-creche-blumenau.htm, skipping...
[ERROR - 2026-03-03 18:26:24,754 - Worker_2] Status code == 403 for https://noticias.uol.com.br/colunas/jamil-chade/2023/04/17/bolsonaro-e-denunciado-na-onu-por-apologia-a-tortura-e-desmonte-de-controle.htm, skipping...
[ERROR - 2026-03-03 18:26:25,914 - Worker_1] Status code == 403 for https://noticias.uol.com.br/colunas/madeleine-lacsko/2023/04/17/cade-a-lista-dos-moveis-sumidos-da-presidencia.htm, skipping...
[ERROR - 2026-03-03 18:26:30,264 - Worker_1] Status code == 403 for https://noticias.uol.com.br/politica/ultimas-noticias/2023/04/17/tales-lula-tropeca-mas-tem-razao-em-pressionar-eua-eeuropapelapaz.htm, skipping...
[ERROR - 2026-03-03 18:26:34,334 - Worker_3] Status code == 403 for https://noticias.uol.com.br/internacional/ultimas-noticias/2023/04/17/veneno-escorpiao-liquido-mais-caro-do-mundo.htm, skipping...
[ERROR - 2026-03-03 18:26:45,016 - Worker_2] Status code == 403 for https://noticias.uol.com.br/colunas/rogerio-gentile/2023/04/17/decolar-e-condenada-por-propagada-enganosa-de-hotel-o-luxo-era-lixo.htm, skipping...
[ERROR - 2026-03-03 18:26:45,217 - Worker_4] Status code == 403 for https://noticias.uol.com.br/internacional/ultimas-noticias/2023/04/17/putin-convida-lula-para-ir-a-russia-chanceler-critica-fala-da-casa-branca.htm, skipping...
[ERROR - 2026-03-03 18:26:49,914 - Worker_3] Status code == 403 for https://noticias.uol.com.br/cotidiano/ultimas-noticias/2023/04/17/homem-morre-em-maquina-de-concreto-na-bahia.htm, skipping...
[ERROR - 2026-03-03 18:26:53,680 - Worker_2] Status code == 403 for https://noticias.uol.com.br/politica/ultimas-noticias/2023/04/17/apos-moro-pgr-apresenta-denuncia-contra-kajuru-por-fala-sobre-gilmar.htm, skipping...
[ERROR - 2026-03-03 18:26:54,008 - Worker_3] Status code == 403 for https://noticias.uol.com.br/ultimas-noticias/agencia-estado/2023/04/17/curso-de-tiro-para-criancas-e-suspenso-em-goias-apos-pedido-do-mp.htm, skipping...
[ERROR - 2026-03-03 18:26:56,997 - Worker_1] Status code == 403 for https://noticias.uol.com.br/colunas/josias-de-souza/2023/04/17/carluxo-se-afasta-de-redes-do-pai-com-pose-de-navio-que-abandona-os-ratos.htm, skipping...
[ERROR - 2026-03-03 18:27:00,788 - Worker_0] Status code == 403 for https://noticias.uol.com.br/ultimas-noticias/rfi/2023/04/17/caso-emmily-empresario-suspeito-de-matar-brasileira-na-argentina-pode-ser-libertado.htm, skipping...
[ERROR - 2026-03-03 18:27:05,172 - Worker_0] Status code == 403 for https://noticias.uol.com.br/politica/ultimas-noticias/2023/04/17/ministerio-critica-invasao-do-mst-comprometeu-vida-de-animais-ameacados.htm, skipping...
[ERROR - 2026-03-03 18:27:06,919 - Worker_2] Status code == 403 for https://noticias.uol.com.br/cotidiano/ultimas-noticias/2023/04/15/cliente-racismo-brasilia.htm, skipping...
[ERROR - 2026-03-03 18:27:09,481 - Worker_3] Status code == 403 for https://noticias.uol.com.br/cotidiano/ultimas-noticias/2023/04/17/pf-vai-aos-emirados-arabes-para-trazer-brennand-ao-brasil-ate-sexta-feira.htm, skipping...
[ERROR - 2026-03-03 18:27:11,406 - Worker_4] Status code == 403 for https://noticias.uol.com.br/politica/ultimas-noticias/2023/04/16/michelle-bolsonaro-moveis-alvorada-lula-janja.htm, skipping...
[ERROR - 2026-03-03 18:27:13,574 - Worker_0] Status code == 403 for https://noticias.uol.com.br/colunas/juliana-dal-piva/2023/04/11/a-historia-da-mulher-do-matador-do-bope.htm, skipping...
[ERROR - 2026-03-03 18:27:15,518 - Worker_4] Status code == 403 for https://noticias.uol.com.br/cotidiano/ultimas-noticias/2023/04/18/agressora-entregadores-rio-de-janeiro-diz-ser-vitima-homofobia.htm, skipping...
[ERROR - 2026-03-03 18:27:17,035 - Worker_1] Status code == 403 for https://noticias.uol.com.br/politica/ultimas-noticias/2023/04/18/pf-vai-investigar-delacao-que-envolve-governador-do-rj.htm, skipping...
[ERROR - 2026-03-03 18:27:33,896 - Worker_2] Status code == 403 for https://noticias.uol.com.br/cotidiano/ultimas-noticias/2023/04/18/filhote-de-onca-parda-e-resgatada-de-dentro-de-plantio-de-cana-de-acucar.htm, skipping...
[ERROR - 2026-03-03 18:27:38,004 - Worker_2] Status code == 403 for https://noticias.uol.com.br/cotidiano/ultimas-noticias/2023/04/18/homem-sofre-acidente-em-parque-apos-trava-de-seguranca-de-brinquedo-falhar.htm, skipping...
[ERROR - 2026-03-03 18:27:49,178 - Worker_0] Status code == 404 for https://www.uol.com.br/universa/horoscopo/noticias/redacao/2023/04/18/quer-um-amor-de-volta-aprenda-essas-simpatias-para-atrair-quem-deseja.htm, skipping...
[ERROR - 2026-03-03 18:27:49,331 - Worker_4] Status code == 403 for https://noticias.uol.com.br/cotidiano/ultimas-noticias/2023/04/18/pensao-cassada-ajuda-nas-despesas-basicas-dos-filhos-diz-viuva-de-petista.htm, skipping...
[ERROR - 2026-03-03 18:27:53,284 - Worker_0] Status code == 403 for https://noticias.uol.com.br/politica/ultimas-noticias/2023/04/18/anderson-torres-prisao-curso-eletricista-triste.htm, skipping...
[ERROR - 2026-03-03 18:27:54,129 - Worker_1] Status code == 403 for https://noticias.uol.com.br/cotidiano/ultimas-noticias/2023/04/18/acidente-de-onibus-em-guaratiba.htm, skipping...
[ERROR - 2026-03-03 18:27:55,823 - Worker_4] Status code == 403 for https://noticias.uol.com.br/colunas/rogerio-gentile/2023/04/18/jovem-pan-e-record-sao-acusadas-de-expor-aluno-errado-como-autor-de-ataque.htm, skipping...
[ERROR - 2026-03-03 18:27:56,884 - Worker_2] Status code == 403 for https://noticias.uol.com.br/politica/ultimas-noticias/2023/04/18/quem-e-tenente-coronel-preso.htm, skipping...
[ERROR - 2026-03-03 18:28:06,407 - Worker_2] Status code == 403 for https://tab.uol.com.br/colunas/matheus-pichonelli/2023/04/18/chat-gpt-pode-ser-a-pa-de-cal-a-uma-habilidade-em-extincao-traquejo-social.htm, skipping...
[ERROR - 2026-03-03 18:28:08,425 - Worker_0] Status code == 403 for https://noticias.uol.com.br/colunas/jose-roberto-de-toledo/2023/04/18/arcabouco-fiscal-haddad-cedeu-piso-e-ganhou-teto-para-deixar-mercado-feliz.htm, skipping...
[ERROR - 2026-03-03 18:28:09,842 - Worker_1] Status code == 403 for https://tab.uol.com.br/noticias/redacao/2023/04/18/50-tons-e-rasteiro-quem-e-a-maior-critica-de-literatura-porno-do-brasil.htm, skipping...
[ERROR - 2026-03-03 18:28:12,652 - Worker_3] Status code == 403 for https://noticias.uol.com.br/colunas/leonardo-sakamoto/2023/04/18/moraes-sinaliza-conexao-da-tropa-de-choque-de-bolsonaro-com-atos-golpistas.htm, skipping...
[ERROR - 2026-03-03 18:28:13,145 - Worker_2] Status code == 403 for https://noticias.uol.com.br/colunas/josias-de-souza/2023/04/18/lula-forca-haddad-a-engolir-o-primeiro-jabuti.htm, skipping...
[ERROR - 2026-03-03 18:28:17,511 - Worker_2] Status code == 403 for https://noticias.uol.com.br/colunas/balaio-do-kotscho/2023/04/18/estrategia-ousada-ou-tiro-no-pe-lula-corre-risco-de-ficar-falando-sozinho.htm, skipping...
[ERROR - 2026-03-03 18:28:24,253 - Worker_4] Status code == 403 for https://noticias.uol.com.br/politica/ultimas-noticias/2023/04/18/bolsonaro-stf-janones-calunia-injuria.htm, skipping...
[ERROR - 2026-03-03 18:28:47,053 - Worker_3] Status code == 403 for https://noticias.uol.com.br/colunas/thais-oyama/2023/04/18/carlos-bolsonaro-vive-instabilidade-emocional-pormedodeprisao.htm, skipping...
[ERROR - 2026-03-03 18:28:51,454 - Worker_3] Status code == 403 for https://noticias.uol.com.br/politica/ultimas-noticias/2023/04/18/anderson-torres-ibama-aves.htm, skipping...
[ERROR - 2026-03-03 18:29:02,200 - Worker_4] Status code == 403 for https://noticias.uol.com.br/colunas/reinaldo-azevedo/2023/04/18/a-lei-impoe-que-desembargador-explique-ato-contra-duran-e-vinculo-com-moro.htm, skipping...
[ERROR - 2026-03-03 18:29:06,725 - Worker_4] Status code == 403 for https://noticias.uol.com.br/politica/ultimas-noticias/2023/04/18/bloqueio-bolsa-familia-sistema-fora-do-ar-confusao-municipios.htm, skipping...
[ERROR - 2026-03-03 18:29:13,239 - Worker_1] Status code == 403 for https://noticias.uol.com.br/politica/ultimas-noticias/2023/04/18/cnj-investiga-desembargador-que-disse-que-pr-e-superior-ao-norte-e-nordeste.htm, skipping...
[ERROR - 2026-03-03 18:29:20,944 - Worker_3] Status code == 403 for https://noticias.uol.com.br/colunas/juliana-dal-piva/2023/04/11/a-historia-da-mulher-do-matador-do-bope.htm, skipping...
[ERROR - 2026-03-03 18:29:25,055 - Worker_2] Status code == 403 for https://noticias.uol.com.br/cotidiano/ultimas-noticias/2023/04/19/homens-fingem-entregadores-invadem-casa-bh.htm, skipping...
[ERROR - 2026-03-03 18:29:33,740 - Worker_1] Status code == 403 for https://noticias.uol.com.br/politica/ultimas-noticias/2023/04/19/cameras-mostram-ministro-do-gsi-no-planalto-durante-ataques-de-81.htm, skipping...
[ERROR - 2026-03-03 18:29:36,445 - Worker_2] Status code == 403 for https://tab.uol.com.br/noticias/redacao/2023/04/19/em-maquine-rs-criancas-somem-das-ruas-pos-prisao-de-familia-nazista.htm, skipping...
[ERROR - 2026-03-03 18:29:40,815 - Worker_2] Status code == 403 for https://noticias.uol.com.br/politica/ultimas-noticias/2023/04/19/dias-alega-planalto-havia-sido-invadido-auxiliava-prisoes.htm, skipping...
[ERROR - 2026-03-03 18:29:44,119 - Worker_4] Status code == 403 for https://noticias.uol.com.br/ultimas-noticias/agencia-estado/2023/04/19/assalto-em-copacabana-adolescente-investigado-por-morte-de-idosa-e-apreendido.htm, skipping...
[ERROR - 2026-03-03 18:29:47,351 - Worker_1] Status code == 403 for https://noticias.uol.com.br/ultimas-noticias/2023/04/19/mega-sena-2584-concurso-numeros-sorteio-de-hoje-premio.htm, skipping...
[ERROR - 2026-03-03 18:29:52,145 - Worker_3] Status code == 403 for https://tab.uol.com.br/noticias/redacao/2023/04/19/tv-bundas-e-gonzo-ascensao-e-queda-da-buttman-no-brasil.htm, skipping...
[ERROR - 2026-03-03 18:29:56,361 - Worker_1] Status code == 403 for https://noticias.uol.com.br/politica/ultimas-noticias/2023/04/19/repercussao-governo-oposicao-ministro-gsi.htm, skipping...
[ERROR - 2026-03-03 18:30:02,910 - Worker_3] Status code == 403 for https://noticias.uol.com.br/politica/ultimas-noticias/2023/04/19/nao-estou-aqui-para-disputa-corporal-diz-deputado-atacado-por-eduardo.htm, skipping...
[ERROR - 2026-03-03 18:30:04,269 - Worker_0] Status code == 403 for https://noticias.uol.com.br/politica/ultimas-noticias/2023/04/19/lula-diz-nao-ter-rancor-de-militares-exercito-nao-e-mais-o-de-bolsonaro.htm, skipping...
[ERROR - 2026-03-03 18:30:19,850 - Worker_2] Status code == 403 for https://noticias.uol.com.br/colunas/josias-de-souza/2023/04/19/planalto-cai-de-ponta-cabeca-na-cpi-do-golpe.htm, skipping...
[ERROR - 2026-03-03 18:30:20,502 - Worker_0] Status code == 403 for https://noticias.uol.com.br/cotidiano/ultimas-noticias/2023/04/19/prefeito-de-municipio-do-rn-e-assassinado-a-tiros-dentro-de-casa.htm, skipping...
[ERROR - 2026-03-03 18:30:22,775 - Worker_4] Status code == 403 for https://noticias.uol.com.br/colunas/jose-roberto-de-toledo/2023/04/19/o-bolso-e-a-boca-fazem-governo-lula-perder-pontos-de-popularidade.htm, skipping...
[ERROR - 2026-03-03 18:30:23,017 - Worker_3] Status code == 403 for https://tab.uol.com.br/noticias/redacao/2023/04/18/50-tons-e-rasteiro-quem-e-a-maior-critica-de-literatura-porno-do-brasil.htm, skipping...
[ERROR - 2026-03-03 18:30:26,901 - Worker_1] Status code == 403 for https://noticias.uol.com.br/cotidiano/ultimas-noticias/2023/04/19/tv-mulher-que-agrediu-entregadores-e-indiciada-por-maus-tratos-contra-mae.htm, skipping...
[ERROR - 2026-03-03 18:30:30,992 - Worker_1] Status code == 403 for https://noticias.uol.com.br/politica/ultimas-noticias/2023/04/19/ricardo-capelli-ministro-interino-gsi.htm, skipping...
[ERROR - 2026-03-03 18:30:32,035 - Worker_4] Status code == 403 for https://noticias.uol.com.br/cotidiano/ultimas-noticias/2023/04/19/membro-do-novo-cangaco-preso-paraguai.htm, skipping...
[ERROR - 2026-03-03 18:30:32,043 - Worker_0] Status code == 403 for https://noticias.uol.com.br/politica/ultimas-noticias/2023/04/19/governador-bolsonarista-da-cargo-de-confianca-a-filha-de-michelle-em-sc.htm, skipping...
[ERROR - 2026-03-03 18:30:40,809 - Worker_4] Status code == 403 for https://tab.uol.com.br/noticias/redacao/2023/04/19/shindo-renmei-crise-em-sp-extradicao-de-thiago-brennand-e-mais.htm, skipping...
[ERROR - 2026-03-03 18:30:41,884 - Worker_1] Status code == 403 for https://noticias.uol.com.br/politica/ultimas-noticias/2023/04/19/eduardo-bolsonaro-parte-para-cima-de-petista-te-enfio-a-mao-na-cara.htm, skipping...
[ERROR - 2026-03-03 18:30:51,598 - Worker_4] Status code == 403 for https://noticias.uol.com.br/internacional/ultimas-noticias/2023/04/18/garagem-desaba-em-nova-york-mata-uma-pessoa-e-fere-outras-cinco.htm, skipping...
[ERROR - 2026-03-03 18:30:51,771 - Worker_1] Status code == 403 for https://noticias.uol.com.br/ultimas-noticias/afp/2023/04/19/parlamento-reelege-miguel-diaz-canel-como-presidente-de-cuba-ate-2028-oficial.htm, skipping...
[ERROR - 2026-03-03 18:30:51,772 - Worker_0] Status code == 403 for https://noticias.uol.com.br/politica/ultimas-noticias/2023/04/19/governo-ve-cpmi-de-81-como-inevitavel-e-negocia-controle-de-comissao.htm, skipping...
[ERROR - 2026-03-03 18:30:58,159 - Worker_1] Status code == 403 for https://noticias.uol.com.br/politica/ultimas-noticias/2023/04/19/duda-salabert-processo-nikolas-ferreira-indenizacao.htm, skipping...
[ERROR - 2026-03-03 18:31:02,246 - Worker_1] Status code == 403 for https://noticias.uol.com.br/ultimas-noticias/deutschewelle/2023/04/19/em-megaoperacao-interpol-mira-brasil-e-america-latina.htm, skipping...
[ERROR - 2026-03-03 18:31:06,352 - Worker_1] Status code == 403 for https://noticias.uol.com.br/cotidiano/ultimas-noticias/2023/04/19/professor-e-denunciado-no-parana-por-suposto-assedio-sexual-de-8-alunas.htm, skipping...
[ERROR - 2026-03-03 18:31:08,050 - Worker_3] Status code == 403 for https://noticias.uol.com.br/colunas/tales-faria/2023/04/19/lula-avalia-que-general-foi-traido-e-sem-comando-da-tropa-tinha-que-sair.htm, skipping...
[ERROR - 2026-03-03 18:31:09,115 - Worker_0] Status code == 403 for https://noticias.uol.com.br/ultimas-noticias/agencia-estado/2023/04/19/pf-faz-operacao-no-sul-do-amazonas-contra-garimpo-ilegal.htm, skipping...
[ERROR - 2026-03-03 18:31:20,187 - Worker_2] Status code == 403 for https://noticias.uol.com.br/colunas/thiago-herdy/2023/04/19/indicado-eletronuclear-atuou-portaria-trocada-propina-governo-dilma.htm, skipping...
[ERROR - 2026-03-03 18:31:22,354 - Worker_0] Status code == 403 for https://noticias.uol.com.br/cotidiano/ultimas-noticias/2023/04/19/tiktoker-ibama.htm, skipping...
[ERROR - 2026-03-03 18:31:29,346 - Worker_2] Status code == 403 for https://tab.uol.com.br/noticias/redacao/2023/04/20/que-fim-levou-a-shindo-renmei-liga-que-perseguiu-japoneses-no-pos-guerra.htm, skipping...
[ERROR - 2026-03-03 18:31:36,324 - Worker_4] Status code == 403 for https://noticias.uol.com.br/colunas/rogerio-gentile/2023/04/20/justica-anula-condenacao-de-danilo-gentili-por-piada-sobre-enfermeiras.htm, skipping...
[ERROR - 2026-03-03 18:31:38,332 - Worker_0] Status code == 403 for https://noticias.uol.com.br/internacional/ultimas-noticias/2023/04/20/mina-borboleta-russia-guerra.htm, skipping...
[ERROR - 2026-03-03 18:31:40,700 - Worker_4] Status code == 403 for https://noticias.uol.com.br/colunas/leonardo-sakamoto/2023/04/20/caso-gsi-mantem-ataque-golpista-a-brasilia-como-obra-da-extrema-direita.htm, skipping...
[ERROR - 2026-03-03 18:31:40,704 - Worker_1] Status code == 403 for https://noticias.uol.com.br/colunas/josmar-jozino/2023/04/20/assaltante-radin-190-comandou-roubos-milionarios-em-bairros-nobres-de-sp.htm, skipping...
[ERROR - 2026-03-03 18:31:42,716 - Worker_0] Status code == 403 for https://noticias.uol.com.br/cotidiano/ultimas-noticias/2023/04/20/resgate-bolha-praia-copacabana.htm, skipping...
[ERROR - 2026-03-03 18:31:49,467 - Worker_4] Status code == 403 for https://noticias.uol.com.br/internacional/ultimas-noticias/2023/04/20/vizinho-tiro-crianca-quintal.htm, skipping...
[ERROR - 2026-03-03 18:31:58,445 - Worker_3] Status code == 403 for https://noticias.uol.com.br/cotidiano/ultimas-noticias/2023/04/20/academia-expulsa-homem-por-fotografar-e-espalhar-fotos-intimas-de-aluna.htm, skipping...
[ERROR - 2026-03-03 18:32:02,603 - Worker_3] Status code == 403 for https://noticias.uol.com.br/politica/ultimas-noticias/2023/04/20/goncalves-dias-ex-gsi-depoimento-pf.htm, skipping...
[ERROR - 2026-03-03 18:32:06,209 - Worker_0] Status code == 403 for https://noticias.uol.com.br/cotidiano/ultimas-noticias/2023/04/20/pato-desaparecido-investigacao.htm, skipping...
[ERROR - 2026-03-03 18:32:06,714 - Worker_3] Status code == 403 for https://noticias.uol.com.br/colunas/thais-oyama/2023/04/20/general-nao-traiu-lula-mas-video-faz-governo-ir-de-vitima-a-suspeito.htm, skipping...
[ERROR - 2026-03-03 18:32:12,422 - Worker_1] Status code == 403 for https://noticias.uol.com.br/politica/ultimas-noticias/2023/04/20/prima-de-collor-ex-senadora-ada-mello-morre-aos-69-anos.htm, skipping...
[ERROR - 2026-03-03 18:32:18,873 - Worker_1] Status code == 403 for https://tab.uol.com.br/noticias/redacao/2023/04/18/50-tons-e-rasteiro-quem-e-a-maior-critica-de-literatura-porno-do-brasil.htm, skipping...
[ERROR - 2026-03-03 18:32:19,349 - Worker_4] Status code == 403 for https://noticias.uol.com.br/colunas/reinaldo-azevedo/2023/04/20/golpismo-ii-quer-depor-lula-encurtara-caminho-de-bolsonaro-para-a-cadeia.htm, skipping...
[ERROR - 2026-03-03 18:32:28,307 - Worker_4] Status code == 403 for https://noticias.uol.com.br/cotidiano/ultimas-noticias/2023/04/20/menino-fica-sem-andar-e-sem-enxergar-apos-picada-de-escorpiao-no-ce.htm, skipping...
[ERROR - 2026-03-03 18:32:32,683 - Worker_4] Status code == 403 for https://noticias.uol.com.br/politica/ultimas-noticias/2023/04/20/cgu-identifica-servidor-vazar-cartao-vacina-bolsonaro.htm, skipping...
[ERROR - 2026-03-03 18:32:42,593 - Worker_1] Status code == 403 for https://noticias.uol.com.br/colunas/tales-faria/2023/04/20/lula-quer-que-cappelli-tire-bolsonaristas-do-gsi-chega-de-trairas.htm, skipping...
[ERROR - 2026-03-03 18:32:43,571 - Worker_3] Status code == 403 for https://noticias.uol.com.br/opiniao/coluna/2023/04/20/brasil-convida-mecanismo-da-onu-ao-combate-do-racismo-na-atuacao-policial.htm, skipping...
[ERROR - 2026-03-03 18:32:48,025 - Worker_4] Status code == 403 for https://tab.uol.com.br/noticias/redacao/2023/04/19/shindo-renmei-crise-em-sp-extradicao-de-thiago-brennand-e-mais.htm, skipping...
[ERROR - 2026-03-03 18:32:49,545 - Worker_2] Status code == 403 for https://tab.uol.com.br/colunas/trombadas/2023/04/20/os-esbocos-de-maria.htm, skipping...
[ERROR - 2026-03-03 18:32:52,442 - Worker_4] Status code == 403 for https://noticias.uol.com.br/cotidiano/ultimas-noticias/2023/04/20/policial-e-baleado-na-cabeca-dentro-do-tunel-do-anhangabau.htm, skipping...
[ERROR - 2026-03-03 18:32:53,761 - Worker_1] Status code == 403 for https://tab.uol.com.br/videos/2023/04/20/brasil-para-maiores-7-pirataria-e-tragedia-de-leila-lopes-encerram-era-dos-famosos-no-porno.htm, skipping...
[ERROR - 2026-03-03 18:32:53,910 - Worker_2] Status code == 403 for https://noticias.uol.com.br/colunas/carlos-madeiro/2023/04/20/al-justica-bloqueia-r-1-bi-da-braskem-por-prejuizo-de-afundamento-de-solo.htm, skipping...
[ERROR - 2026-03-03 18:32:55,020 - Worker_3] Status code == 403 for https://noticias.uol.com.br/internacional/ultimas-noticias/2023/04/20/villa-aurora-roma-heranca.htm, skipping...
[ERROR - 2026-03-03 18:33:06,652 - Worker_3] Status code == 403 for https://noticias.uol.com.br/colunas/carolina-brigido/2023/04/20/para-governo-ex-chefe-do-gsi-agiu-com-incompetencia-e-corporativismo.htm, skipping...
[ERROR - 2026-03-03 18:33:13,013 - Worker_1] Status code == 403 for https://noticias.uol.com.br/cotidiano/ultimas-noticias/2023/04/20/padre-do-balao-15-anos-relembre.htm, skipping...
[ERROR - 2026-03-03 18:33:14,517 - Worker_4] Status code == 403 for https://noticias.uol.com.br/colunas/carlos-madeiro/2023/04/20/al-justica-bloqueia-r-1-bi-da-braskem-por-prejuizo-de-afundamento-de-solo.htm, skipping...
[ERROR - 2026-03-03 18:33:21,904 - Worker_1] Status code == 403 for https://noticias.uol.com.br/colunas/josias-de-souza/2023/04/20/nome-do-problema-e-lula-nao-goncalves-dias.htm, skipping...
[ERROR - 2026-03-03 18:33:29,204 - Worker_2] Status code == 403 for https://noticias.uol.com.br/colunas/chico-alves/2023/04/20/cpmi-nao-vai-encobrir-o-obvio-em-8-de-janeiro-o-governo-foi-a-vitima.htm, skipping...
[ERROR - 2026-03-03 18:33:32,872 - Worker_3] Status code == 403 for https://noticias.uol.com.br/ultimas-noticias/agencia-estado/2023/04/20/mst-promete-a-haddad-desocupar-area-da-embrapa.htm, skipping...
[ERROR - 2026-03-03 18:33:33,374 - Worker_2] Status code == 403 for https://economia.uol.com.br/noticias/redacao/2023/04/20/revisao-do-fgts-pelo-stf-como-fica.htm, skipping...
[ERROR - 2026-03-03 18:33:40,291 - Worker_0] Status code == 403 for https://economia.uol.com.br/imposto-de-renda/noticias/redacao/2023/03/09/imposto-de-renda-2023-receita-libera-download-do-programa.htm, skipping...
[ERROR - 2026-03-03 18:33:41,458 - Worker_1] Status code == 403 for https://noticias.uol.com.br/politica/ultimas-noticias/2023/04/21/ex-gsi-nao-estava-com-golpistas-mas-errou-no-81-diz-humberto-costa.htm, skipping...
[ERROR - 2026-03-03 18:33:44,469 - Worker_0] Status code == 403 for https://noticias.uol.com.br/ultimas-noticias/reuters/2023/04/21/poluicao-e-gripe-aviaria-ameacam-a-muito-fragil-populacao-de-golfinhos-chilenos.htm, skipping...
[ERROR - 2026-03-03 18:33:44,813 - Worker_2] Status code == 403 for https://noticias.uol.com.br/internacional/ultimas-noticias/2023/04/21/celso-amorim-enviado-lula-ucrania.htm, skipping...
[ERROR - 2026-03-03 18:33:53,092 - Worker_0] Status code == 403 for https://noticias.uol.com.br/cotidiano/ultimas-noticias/2023/04/21/telegram-entrega-a-pf-dados-de-grupos-ligados-a-ataques-a-escolas.htm, skipping...
[ERROR - 2026-03-03 18:33:53,506 - Worker_1] Status code == 403 for https://noticias.uol.com.br/politica/ultimas-noticias/2023/04/21/depoimentos-goncalves-dias-a-pf-sobre-atos-de-81.htm, skipping...
[ERROR - 2026-03-03 18:34:01,627 - Worker_0] Status code == 403 for https://economia.uol.com.br/noticias/redacao/2023/04/18/quem-manda-na-faria-lima.htm, skipping...
[ERROR - 2026-03-03 18:34:05,736 - Worker_3] Status code == 403 for https://economia.uol.com.br/noticias/redacao/2023/04/21/eletrobras-privatizacao-investidores-presidente-lula.htm, skipping...
[ERROR - 2026-03-03 18:34:09,838 - Worker_3] Status code == 403 for https://noticias.uol.com.br/politica/ultimas-noticias/2023/04/21/moraes-quebra-sigilo-e-manda-gsi-entregar-imagens-de-81-em-48-horas.htm, skipping...
[ERROR - 2026-03-03 18:34:15,078 - Worker_0] Status code == 403 for https://noticias.uol.com.br/colunas/josias-de-souza/2023/04/21/anistia-de-patifarias-une-partidos-no-congresso.htm, skipping...
[ERROR - 2026-03-03 18:34:16,128 - Worker_1] Status code == 403 for https://economia.uol.com.br/mais/colunas/silvio-crespo/2023/04/21/quanto-eu-preciso-juntar-para-ter-uma-aposentadoria-de-r-10-mil-por-mes.htm, skipping...
[ERROR - 2026-03-03 18:34:20,239 - Worker_1] Status code == 403 for https://economia.uol.com.br/noticias/redacao/2023/04/21/ia-com-etica-design-civico-e-comunidade-os-insights-do-sxsw-2023.htm, skipping...
[ERROR - 2026-03-03 18:34:23,015 - Worker_2] Status code == 403 for https://noticias.uol.com.br/cotidiano/ultimas-noticias/2023/04/20/perito-ricardo-molina.htm, skipping...
[ERROR - 2026-03-03 18:34:29,133 - Worker_1] Status code == 403 for https://economia.uol.com.br/noticias/redacao/2023/04/21/uol-vence-premio-de-fotografia-por-registro-de-motociata-bolsonarista-no-rj.htm, skipping...
[ERROR - 2026-03-03 18:34:31,047 - Worker_0] Status code == 403 for https://tab.uol.com.br/noticias/redacao/2023/04/18/50-tons-e-rasteiro-quem-e-a-maior-critica-de-literatura-porno-do-brasil.htm, skipping...
[ERROR - 2026-03-03 18:34:55,562 - Worker_0] Status code == 403 for https://tab.uol.com.br/colunas/trombadas/2023/04/20/os-esbocos-de-maria.htm, skipping...
[ERROR - 2026-03-03 18:35:27,742 - Worker_0] Status code == 403 for https://noticias.uol.com.br/politica/ultimas-noticias/2023/04/21/gsi-tornara-publicas-todas-as-imagens-do-81-diz-cappelli.htm, skipping...
[ERROR - 2026-03-03 18:35:32,199 - Worker_0] Status code == 403 for https://tab.uol.com.br/noticias/redacao/2023/04/21/os-meninos-estao-no-limite-antropologa-discute-masculinidade-nas-escolas.htm, skipping...
[ERROR - 2026-03-03 18:35:43,565 - Worker_0] Status code == 403 for https://noticias.uol.com.br/cotidiano/ultimas-noticias/2023/04/20/jovem-filmagem-morte.htm, skipping...
[ERROR - 2026-03-03 18:35:44,622 - Worker_1] Status code == 403 for https://noticias.uol.com.br/ultimas-noticias/agencia-estado/2023/04/21/policia-identifica-2-suspeito-de-assalto-que-resultou-em-morte-de-idosa-em-copacabana.htm, skipping...
[ERROR - 2026-03-03 18:35:47,116 - Worker_2] Status code == 403 for https://noticias.uol.com.br/colunas/madeleine-lacsko/2023/04/21/cresce-desaprovacao-do-comportamento-de-lula-como-presidente.htm, skipping...
[ERROR - 2026-03-03 18:35:57,040 - Worker_0] Status code == 403 for https://noticias.uol.com.br/internacional/ultimas-noticias/2023/04/22/brasileira-trafico-drogas-indonesia-interrogada-maio.htm, skipping...
[ERROR - 2026-03-03 18:36:12,635 - Worker_4] Status code == 403 for https://noticias.uol.com.br/ultimas-noticias/afp/2023/04/22/encontrado-navio-afundado-na-segunda-guerra-mundial-em-que-mais-de-mil-prisioneiros-morreram.htm, skipping...
[ERROR - 2026-03-03 18:36:17,385 - Worker_2] Status code == 403 for https://noticias.uol.com.br/cotidiano/ultimas-noticias/2023/04/22/brasileiras-presas-injustamente-na-alemanha-relatam-infecao-bacteriana.htm, skipping...
[ERROR - 2026-03-03 18:36:36,171 - Worker_1] Status code == 403 for https://noticias.uol.com.br/colunas/chico-alves/2023/04/22/cpmi-e-anderson-torres-aumentam-chances-de-bolsonaro-parar-na-cadeia.htm, skipping...
[ERROR - 2026-03-03 18:36:48,398 - Worker_4] Status code == 403 for https://tab.uol.com.br/noticias/redacao/2023/04/18/50-tons-e-rasteiro-quem-e-a-maior-critica-de-literatura-porno-do-brasil.htm, skipping...
[ERROR - 2026-03-03 18:37:02,293 - Worker_0] Status code == 403 for https://siterg.uol.com.br/cultura/2023/04/22/flay-me-colocavam-numa-caixa-de-ex-bbb/, skipping...
[ERROR - 2026-03-03 18:37:19,962 - Worker_1] Status code == 403 for https://noticias.uol.com.br/cotidiano/ultimas-noticias/2023/04/21/cantora-sertaneja-morre-em-capotamento-em-sp-causa-e-investigada.htm, skipping...
[ERROR - 2026-03-03 18:37:21,302 - Worker_4] Status code == 403 for https://tab.uol.com.br/colunas/trombadas/2023/04/20/os-esbocos-de-maria.htm, skipping...
[ERROR - 2026-03-03 18:37:26,273 - Worker_3] Status code == 403 for https://noticias.uol.com.br/cotidiano/ultimas-noticias/2023/04/22/arara-nasce-em-zoologico-de-sp-gracas-a-incubacao-artificial-veja-video.htm, skipping...
[ERROR - 2026-03-03 18:37:30,377 - Worker_3] Status code == 403 for https://noticias.uol.com.br/cotidiano/ultimas-noticias/2023/04/22/queda-mezanino-restaurante-campos-do-jordao.htm, skipping...
[ERROR - 2026-03-03 18:37:31,561 - Worker_1] Status code == 403 for https://noticias.uol.com.br/ultimas-noticias/redacao/2023/04/20/na-reta-final-o-que-podemos-concluir-do-bbb-com-a-maior-presenca-negra.htm, skipping...
[ERROR - 2026-03-03 18:37:33,337 - Worker_2] Status code == 403 for https://noticias.uol.com.br/internacional/ultimas-noticias/2023/04/22/empresa-jantar-balao-espacial.htm, skipping...
[ERROR - 2026-03-03 18:37:40,490 - Worker_0] Status code == 403 for https://noticias.uol.com.br/politica/ultimas-noticias/2023/04/22/lula-em-portugal-confira-frases.htm, skipping...
[ERROR - 2026-03-03 18:37:42,319 - Worker_1] Status code == 404 for https://cultura.uol.com.br/webstories/2023/04/seis-promessas-para-ficar-de-olho-no-brasileirao/, skipping...
[ERROR - 2026-03-03 18:37:44,638 - Worker_2] Status code == 403 for https://noticias.uol.com.br/ultimas-noticias/2023/04/22/mega-sena-2585-concurso-numeros-sorteio-de-hoje-premio.htm, skipping...
[ERROR - 2026-03-03 18:38:34,491 - Worker_3] Status code == 403 for https://noticias.uol.com.br/internacional/ultimas-noticias/2023/04/23/viuva-processo-cruzeiro-que-manteve-corpo-do-marido-em-freezer-de-bebidas.htm, skipping...
[ERROR - 2026-03-03 18:38:41,362 - Worker_0] Status code == 403 for https://noticias.uol.com.br/cotidiano/ultimas-noticias/2023/04/23/influenciadora-denuncia-ameacas-de-morte-do-ex-meu-corpo-num-saco-preto.htm, skipping...
[ERROR - 2026-03-03 18:38:45,770 - Worker_0] Status code == 403 for https://noticias.uol.com.br/ultimas-noticias/agencia-estado/2023/04/23/mst-ocupa-tres-areas-na-bahia-apos-deixar-terreno-da-embrapa-em-pernambuco.htm, skipping...
[ERROR - 2026-03-03 18:38:51,953 - Worker_2] Status code == 403 for https://tab.uol.com.br/noticias/redacao/2023/04/18/50-tons-e-rasteiro-quem-e-a-maior-critica-de-literatura-porno-do-brasil.htm, skipping...
[ERROR - 2026-03-03 18:39:16,456 - Worker_4] Status code == 403 for https://tab.uol.com.br/colunas/trombadas/2023/04/20/os-esbocos-de-maria.htm, skipping...
[ERROR - 2026-03-03 18:39:41,630 - Worker_4] Status code == 403 for https://noticias.uol.com.br/politica/ultimas-noticias/2023/04/23/apos-dar-agua-a-golpistas-major-nao-impede-que-levem-extintor-do-planalto.htm, skipping...
[ERROR - 2026-03-03 18:39:45,388 - Worker_2] Status code == 403 for https://noticias.uol.com.br/cotidiano/ultimas-noticias/2023/04/22/sede-de-organizacao-de-populacoes-extrativistas-em-belem-e-alvo-de-atentado.htm, skipping...
[ERROR - 2026-03-03 18:39:54,680 - Worker_4] Status code == 403 for https://noticias.uol.com.br/cotidiano/ultimas-noticias/2023/04/22/explosao-gas-glp-campos-do-jordao-feridos-predio.htm, skipping...
[ERROR - 2026-03-03 18:40:24,841 - Worker_4] Status code == 403 for https://noticias.uol.com.br/ultimas-noticias/agencia-estado/2023/04/24/entregadora-agredida-por-ex-atleta-no-rio-acaba-presa-por-mandado-de-2017.htm, skipping...
[ERROR - 2026-03-03 18:40:26,020 - Worker_1] Status code == 403 for https://noticias.uol.com.br/politica/ultimas-noticias/2023/04/24/zilda-arns-entra-para-o-livro-de-herois-e-heroinas-da-patria.htm, skipping...
[ERROR - 2026-03-03 18:40:37,526 - Worker_4] Status code == 403 for https://noticias.uol.com.br/cotidiano/ultimas-noticias/2023/04/24/policial-penal-goias.htm, skipping...
[ERROR - 2026-03-03 18:40:52,367 - Worker_3] Status code == 403 for https://noticias.uol.com.br/cotidiano/ultimas-noticias/2023/04/24/filho-de-prefeito-e-preso-acusado-de-matar-idoso-a-facadas-no-maranhao.htm, skipping...
[ERROR - 2026-03-03 18:40:58,915 - Worker_0] Status code == 403 for https://noticias.uol.com.br/cotidiano/ultimas-noticias/2023/04/24/ex-rainha-oktoberfest-blumenau-processo.htm, skipping...
[ERROR - 2026-03-03 18:41:15,130 - Worker_0] Status code == 403 for https://tab.uol.com.br/noticias/redacao/2023/04/18/50-tons-e-rasteiro-quem-e-a-maior-critica-de-literatura-porno-do-brasil.htm, skipping...
[ERROR - 2026-03-03 18:41:31,798 - Worker_2] Status code == 403 for https://noticias.uol.com.br/saude/ultimas-noticias/redacao/2023/04/24/saude-libera-reforco-covid-bivalente-acima-18-anos.htm, skipping...
[ERROR - 2026-03-03 18:41:38,876 - Worker_3] Status code == 403 for https://noticias.uol.com.br/ultimas-noticias/afp/2023/04/24/taxista-que-virou-pastor-e-principal-suspeito-do-massacre-de-shakahola-no-quenia.htm, skipping...
[ERROR - 2026-03-03 18:41:40,047 - Worker_0] Status code == 403 for https://noticias.uol.com.br/ultimas-noticias/afp/2023/04/24/netanyahu-qualifica-como-atentado-atropelamento-que-deixou-cinco-feridos-em-jerusalem.htm, skipping...
[ERROR - 2026-03-03 18:41:42,986 - Worker_3] Status code == 403 for https://noticias.uol.com.br/colunas/carla-araujo/2023/04/24/comandante-do-exercito-sugere-a-lula-nome-de-general-ex-dilma-para-gsi.htm, skipping...
[ERROR - 2026-03-03 18:41:48,958 - Worker_0] Status code == 403 for https://noticias.uol.com.br/ultimas-noticias/agencia-estado/2023/04/24/homem-e-morto-proximo-ao-parque-villa-lobos-area-nobre-de-sp.htm, skipping...
[ERROR - 2026-03-03 18:41:51,237 - Worker_1] Status code == 403 for https://tab.uol.com.br/colunas/matheus-pichonelli/2023/04/24/de-tedio-ninguem-morrera-o-que-esperar-da-cpmi-do-8-de-janeiro.htm, skipping...
[ERROR - 2026-03-03 18:41:58,100 - Worker_0] Status code == 403 for https://noticias.uol.com.br/cotidiano/ultimas-noticias/2023/04/24/medico-e-morto-a-facadas-em-casa-centro-belo-horizonte.htm, skipping...
[ERROR - 2026-03-03 18:42:00,011 - Worker_1] Status code == 403 for https://noticias.uol.com.br/colunas/leonardo-sakamoto/2023/04/24/frouxos-golpistas-videos-mostram-militares-arregando-a-bolsonaristas.htm, skipping...
[ERROR - 2026-03-03 18:42:01,401 - Worker_3] Status code == 403 for https://noticias.uol.com.br/colunas/josias-de-souza/2023/04/24/drama-psiquiatrico-de-anderson-ajuda-bolsonaro.htm, skipping...
[ERROR - 2026-03-03 18:42:05,552 - Worker_4] Status code == 403 for https://noticias.uol.com.br/ultimas-noticias/deutschewelle/2023/04/24/a-bomba-improvisada-pela-russia-que-faz-a-ucrania-clamar-por-avioes-de-guerra.htm, skipping...
[ERROR - 2026-03-03 18:42:05,779 - Worker_3] Status code == 403 for https://noticias.uol.com.br/internacional/ultimas-noticias/2023/04/24/advogada-brasileira-voo-eua.htm, skipping...
[ERROR - 2026-03-03 18:42:06,923 - Worker_0] Status code == 403 for https://noticias.uol.com.br/colunas/madeleine-lacsko/2023/04/24/passar-vergonha-no-exterior-virou-uma-instituicao-politica-brasileira.htm, skipping...
[ERROR - 2026-03-03 18:42:10,151 - Worker_3] Status code == 403 for https://noticias.uol.com.br/cotidiano/ultimas-noticias/2023/04/24/entregador-agredido-por-ex-atleta-ganha-emprego-de-carteira-assinada.htm, skipping...
[ERROR - 2026-03-03 18:42:13,893 - Worker_1] Status code == 403 for https://noticias.uol.com.br/cotidiano/ultimas-noticias/2023/04/24/arcebispo-porto-alegre-e-eleito-presidente-cnbb-dom-jaime-spengler.htm, skipping...
[ERROR - 2026-03-03 18:42:24,450 - Worker_0] Status code == 403 for https://tab.uol.com.br/noticias/redacao/2023/04/24/mesmo-com-lei-bares-seguem-sem-protocolo-sobre-violencia-de-genero-em-sp.htm, skipping...
[ERROR - 2026-03-03 18:42:30,079 - Worker_2] Status code == 404 for https://www.uol.com.br/universa/horoscopo/noticias/redacao/2023/04/25/quer-afastar-encosto-vivo-marcia-sensitiva-ensina-como-fazer-o-ritual.htm, skipping...
[ERROR - 2026-03-03 18:42:39,086 - Worker_3] Status code == 403 for https://tab.uol.com.br/colunas/matheus-pichonelli/2023/04/25/chico-buarque-no-premio-camoes-despertou-no-pais-a-saudade-da-nossa-cancao.htm, skipping...
[ERROR - 2026-03-03 18:42:55,230 - Worker_1] Status code == 403 for https://noticias.uol.com.br/cotidiano/ultimas-noticias/2023/04/25/suspeito-chefiar-pcc-piaui-preso-em-restaurante-de-sp-com-miss.htm, skipping...
[ERROR - 2026-03-03 18:42:59,653 - Worker_1] Status code == 403 for https://tab.uol.com.br/noticias/redacao/2023/04/25/sou-um-sobrevivente-o-imortal-jose-sarney-constroi-em-vida-seu-mausoleu.htm, skipping...
[ERROR - 2026-03-03 18:43:02,098 - Worker_2] Status code == 403 for https://noticias.uol.com.br/politica/ultimas-noticias/2023/04/25/prefeito-araucaria-hissam-deixa-partido-cidadania.htm, skipping...
[ERROR - 2026-03-03 18:43:09,030 - Worker_0] Status code == 403 for https://noticias.uol.com.br/politica/ultimas-noticias/2023/04/25/dal-piva-com-joias-michelle-pode-ser-centro-de-investigacoespela1vez.htm, skipping...
[ERROR - 2026-03-03 18:43:10,872 - Worker_1] Status code == 403 for https://noticias.uol.com.br/internacional/ultimas-noticias/2023/04/25/mortos-em-culto-que-fazia-jejum-para-conhecer-jesus-no-quenia-chegam-a-89.htm, skipping...
[ERROR - 2026-03-03 18:43:19,840 - Worker_1] Status code == 403 for https://tab.uol.com.br/noticias/redacao/2023/04/18/50-tons-e-rasteiro-quem-e-a-maior-critica-de-literatura-porno-do-brasil.htm, skipping...
[ERROR - 2026-03-03 18:43:24,227 - Worker_1] Status code == 403 for https://noticias.uol.com.br/colunas/madeleine-lacsko/2023/04/25/fake-news-e-a-arte-da-legislacao-freestyle.htm, skipping...
[ERROR - 2026-03-03 18:43:44,994 - Worker_2] Status code == 403 for https://noticias.uol.com.br/colunas/josias-de-souza/2023/04/25/versao-tupiniquim-de-a-bela-e-a-fera-termina-em-nepotismo-no-parana.htm, skipping...
[ERROR - 2026-03-03 18:43:45,925 - Worker_4] Status code == 403 for https://noticias.uol.com.br/colunas/josias-de-souza/2023/04/25/sangue-teve-que-escorrer-em-escolas-para-tirar-regulacao-de-redes-da-gaveta.htm, skipping...
[ERROR - 2026-03-03 18:43:58,215 - Worker_3] Status code == 403 for https://noticias.uol.com.br/colunas/jose-roberto-de-toledo/2023/04/25/licao-do-81-pro-governo-e-transparencia-e-sempre-o-melhor-desinfetante.htm, skipping...
[ERROR - 2026-03-03 18:44:26,373 - Worker_3] Status code == 403 for https://tab.uol.com.br/noticias/redacao/2023/04/25/no-25-de-abril-de-lisboa-lula-recebe-elogios-e-vaias-da-extrema-direita.htm, skipping...
[ERROR - 2026-03-03 18:44:33,974 - Worker_2] Status code == 403 for https://tab.uol.com.br/noticias/redacao/2023/04/24/mesmo-com-lei-bares-seguem-sem-protocolo-sobre-violencia-de-genero-em-sp.htm, skipping...
[ERROR - 2026-03-03 18:44:57,610 - Worker_2] Status code == 403 for https://tab.uol.com.br/noticias/redacao/2023/04/26/o-memorial-em-vida-de-sarney-ataques-no-ensino-medio-e-mais.htm, skipping...
[ERROR - 2026-03-03 18:45:04,276 - Worker_2] Status code == 403 for https://noticias.uol.com.br/colunas/josias-de-souza/2023/04/26/na-ausencia-de-lula-lira-preparou-suas-ciladas.htm, skipping...
[ERROR - 2026-03-03 18:45:14,851 - Worker_3] Status code == 403 for https://tab.uol.com.br/noticias/redacao/2023/04/25/sou-um-sobrevivente-o-imortal-jose-sarney-constroi-em-vida-seu-mausoleu.htm, skipping...
[ERROR - 2026-03-03 18:45:26,319 - Worker_1] Status code == 403 for https://tab.uol.com.br/noticias/redacao/2023/04/26/com-mounjaro-a-fome-nao-volta-remedio-mais-forte-que-ozempic-viraliza.htm, skipping...
[ERROR - 2026-03-03 18:45:44,325 - Worker_4] Status code == 403 for https://economia.uol.com.br/noticias/redacao/2023/04/26/salario-minimo-reajuste-2024.htm, skipping...
[ERROR - 2026-03-03 18:45:55,279 - Worker_0] Status code == 403 for https://noticias.uol.com.br/cotidiano/ultimas-noticias/2023/04/26/voce-nao-e-mais-testemunha-de-jeova-ela-foi-afastada-da-familia-e-amigos.htm, skipping...
[ERROR - 2026-03-03 18:46:02,125 - Worker_4] Status code == 403 for https://noticias.uol.com.br/cotidiano/ultimas-noticias/2023/04/26/acidente-brt-adolescente-rio.htm, skipping...
[ERROR - 2026-03-03 18:46:08,288 - Worker_2] Status code == 403 for https://noticias.uol.com.br/cotidiano/ultimas-noticias/2023/04/26/sentenca-acusados-sequestro-jovem-que-recusou-beijar-chefe-do-pcc.htm, skipping...
[ERROR - 2026-03-03 18:46:09,415 - Worker_3] Status code == 403 for https://noticias.uol.com.br/cotidiano/ultimas-noticias/2023/04/26/pr-mulher-corre-para-entrar-em-onibus-tropeca-e-e-atropelada-em-terminal.htm, skipping...
[ERROR - 2026-03-03 18:46:10,684 - Worker_1] Status code == 403 for https://noticias.uol.com.br/internacional/ultimas-noticias/2023/04/26/pastor-suspeito-massacre-quenia-ensinamentos-controversos.htm, skipping...
[ERROR - 2026-03-03 18:46:22,890 - Worker_0] Status code == 403 for https://noticias.uol.com.br/colunas/jose-roberto-de-toledo/2023/04/26/cpi-do-81-governo-lula-comeca-ganhando-mas-tudo-vai-depender-dos-nomes.htm, skipping...
[ERROR - 2026-03-03 18:46:25,180 - Worker_3] Status code == 403 for https://noticias.uol.com.br/cotidiano/ultimas-noticias/2023/04/26/policia-indicia-pais-adolescente-apologia-nazismo.htm, skipping...
[ERROR - 2026-03-03 18:46:27,156 - Worker_0] Status code == 403 for https://economia.uol.com.br/noticias/redacao/2023/04/26/vai-uma-coxinha-brasileiros-faturam-r-10-mi-vendendo-petiscos-nos-eua.htm, skipping...
[ERROR - 2026-03-03 18:46:29,291 - Worker_3] Status code == 403 for https://economia.uol.com.br/noticias/redacao/2023/04/24/msd-entrevista-uol-lideres.htm, skipping...
[ERROR - 2026-03-03 18:46:33,921 - Worker_3] Status code == 403 for https://noticias.uol.com.br/cotidiano/ultimas-noticias/2023/04/26/supermercado-interditado-carne-impropria-campo-grande-ms.htm, skipping...
[ERROR - 2026-03-03 18:46:33,922 - Worker_0] Status code == 403 for https://noticias.uol.com.br/cotidiano/ultimas-noticias/2023/04/24/redondo-predio-sp.htm, skipping...
[ERROR - 2026-03-03 18:46:39,704 - Worker_1] Status code == 403 for https://noticias.uol.com.br/cotidiano/ultimas-noticias/2023/04/26/justica-nega-recurso-sergio-silva-fotografo-que-ficou-cego.htm, skipping...
[ERROR - 2026-03-03 18:46:40,566 - Worker_3] Status code == 403 for https://noticias.uol.com.br/politica/ultimas-noticias/2023/04/26/antonov-desmente-que-desistiu-e-investir-50-bi-no-brasil-apos-fala-de-lula.htm, skipping...
[ERROR - 2026-03-03 18:46:44,062 - Worker_1] Status code == 403 for https://noticias.uol.com.br/ultimas-noticias/2023/04/26/mega-sena-concurso-2586.htm, skipping...
[ERROR - 2026-03-03 18:46:45,805 - Worker_4] Status code == 403 for https://noticias.uol.com.br/internacional/ultimas-noticias/2023/04/26/peixe-gorila-bichos-que-nao-sao-o-que-parecem.htm, skipping...
[ERROR - 2026-03-03 18:46:49,373 - Worker_3] Status code == 403 for https://tab.uol.com.br/noticias/redacao/2023/04/24/mesmo-com-lei-bares-seguem-sem-protocolo-sobre-violencia-de-genero-em-sp.htm, skipping...
[ERROR - 2026-03-03 18:46:53,370 - Worker_2] Status code == 403 for https://noticias.uol.com.br/colunas/aguirre-talento/2023/04/27/mpf-ve-indicios-de-desvio-de-recursos-publicos-em-joias-para-bolsonaro.htm, skipping...
[ERROR - 2026-03-03 18:46:53,647 - Worker_3] Status code == 403 for https://economia.uol.com.br/imposto-de-renda/noticias/redacao/2023/03/09/imposto-de-renda-2023-receita-libera-download-do-programa.htm, skipping...
[ERROR - 2026-03-03 18:46:54,758 - Worker_0] Status code == 403 for https://noticias.uol.com.br/colunas/chico-alves/2023/04/27/marinha-do-brasil-perde-selo-de-verificacao-do-twitter.htm, skipping...
[ERROR - 2026-03-03 18:46:59,132 - Worker_0] Status code == 403 for https://noticias.uol.com.br/colunas/madeleine-lacsko/2023/04/27/o-que-esperar-de-uma-cpmi-em-clima-de-quinta-serie.htm, skipping...
[ERROR - 2026-03-03 18:47:02,409 - Worker_3] Status code == 403 for https://noticias.uol.com.br/cotidiano/ultimas-noticias/2023/04/27/caso-brennand-delegadas-suspeitas-favorecimento-empresario-investigacoes.htm, skipping...
[ERROR - 2026-03-03 18:47:03,517 - Worker_0] Status code == 403 for https://noticias.uol.com.br/politica/ultimas-noticias/2023/04/27/sakamoto-girao-fez-performance-nojenta-silvio-almeida-mereceuaspalmas.htm, skipping...
[ERROR - 2026-03-03 18:47:08,050 - Worker_0] Status code == 403 for https://tab.uol.com.br/noticias/redacao/2023/04/26/o-memorial-em-vida-de-sarney-ataques-no-ensino-medio-e-mais.htm, skipping...
[ERROR - 2026-03-03 18:47:12,440 - Worker_0] Status code == 403 for https://noticias.uol.com.br/politica/ultimas-noticias/2023/04/27/carla-zambelli-arrecadacao.htm, skipping...
[ERROR - 2026-03-03 18:47:14,628 - Worker_2] Status code == 403 for https://noticias.uol.com.br/colunas/tales-faria/2023/04/27/comandar-o-ministerio-do-planejamento-jogou-tebet-no-mundo-real.htm, skipping...
[ERROR - 2026-03-03 18:47:16,724 - Worker_0] Status code == 403 for https://tab.uol.com.br/videos/2023/04/27/brasil-para-maiores-ep-extra-frota-sobre-porno-se-fosse-la-fora-eu-teria-ganho-o-oscar-do-sexo.htm, skipping...
[ERROR - 2026-03-03 18:47:25,422 - Worker_3] Status code == 403 for https://noticias.uol.com.br/cotidiano/ultimas-noticias/2023/04/27/golfinho-encalha-em-praia-em-al-e-volta-ao-mar-com-ajuda-de-pescadores.htm, skipping...
[ERROR - 2026-03-03 18:47:29,893 - Worker_0] Status code == 403 for https://noticias.uol.com.br/colunas/reinaldo-azevedo/2023/04/27/vitorias-de-haddad-r-150-bi-a-mais-de-arrecadacao-e-a-menos-de-sonegacao.htm, skipping...
[ERROR - 2026-03-03 18:47:31,392 - Worker_1] Status code == 403 for https://tab.uol.com.br/noticias/redacao/2023/04/26/com-mounjaro-a-fome-nao-volta-remedio-mais-forte-que-ozempic-viraliza.htm, skipping...
[ERROR - 2026-03-03 18:47:39,892 - Worker_4] Status code == 403 for https://noticias.uol.com.br/politica/ultimas-noticias/2023/04/27/vitoria-de-haddad-no-stj-e-marcada-por-disputa-com-stf-nos-bastidores.htm, skipping...
[ERROR - 2026-03-03 18:47:48,223 - Worker_2] Status code == 403 for https://noticias.uol.com.br/politica/ultimas-noticias/2023/04/27/silvio-almeida-e-aplaudido-apos-rejeitar-feto-de-girao-um-escarnio.htm, skipping...
[ERROR - 2026-03-03 18:47:52,373 - Worker_3] Status code == 403 for https://noticias.uol.com.br/ultimas-noticias/deutschewelle/2023/04/27/o-el-nino-vem-ai-fenomeno-deve-chegar-forte-e-causar-no-clima-do-planeta.htm, skipping...
[ERROR - 2026-03-03 18:47:53,368 - Worker_0] Status code == 403 for https://noticias.uol.com.br/colunas/jamil-chade/2023/04/27/governo-lula-nao-aceitara-condicoes-ambientais-da-europa-para-fechar-acordo.htm, skipping...
[ERROR - 2026-03-03 18:47:57,570 - Worker_4] Status code == 403 for https://noticias.uol.com.br/internacional/ultimas-noticias/2023/04/27/prisioneiro-de-guerra-russo.htm, skipping...
[ERROR - 2026-03-03 18:48:00,877 - Worker_3] Status code == 403 for https://noticias.uol.com.br/internacional/ultimas-noticias/2023/04/26/mensagem-de-deus-foi-para-eu-ser-uma-estrela-porno-diz-ex-professora.htm, skipping...
[ERROR - 2026-03-03 18:48:00,884 - Worker_1] Status code == 403 for https://noticias.uol.com.br/internacional/ultimas-noticias/2023/04/27/tanque-protegido-com-uranio-a-poderosa-arma-que-eua-mandarao-pra-ucrania.htm, skipping...
[ERROR - 2026-03-03 18:48:05,257 - Worker_1] Status code == 403 for https://noticias.uol.com.br/politica/ultimas-noticias/2023/04/27/josias-bolsonarismo-tenta-dividir-lama-ao-falar-em-chamar-lula-para-cpi.htm, skipping...
[ERROR - 2026-03-03 18:48:06,599 - Worker_4] Status code == 403 for https://noticias.uol.com.br/colunas/carla-araujo/2023/04/27/haddad-armas-desoneracoes.htm, skipping...
[ERROR - 2026-03-03 18:48:07,328 - Worker_3] Status code == 404 for https://www.uol.com.br/universa/horoscopo/noticias/redacao/2023/04/27/tradicional-ou-mente-aberta-quem-e-voce-na-lista-dos-signos-conservadores.htm, skipping...
[ERROR - 2026-03-03 18:48:08,326 - Worker_0] Status code == 403 for https://tab.uol.com.br/colunas/matheus-pichonelli/2023/04/27/bolsonaro-ainda-nao-saiu-de-cena-e-tarcisio-ja-cobica-vacuo-na-direta.htm, skipping...
[ERROR - 2026-03-03 18:48:10,782 - Worker_4] Status code == 403 for https://noticias.uol.com.br/politica/ultimas-noticias/2023/04/27/carmen-lucia-rebate-nunes-marques-mulheres-na-politica.htm, skipping...
[ERROR - 2026-03-03 18:48:13,980 - Worker_2] Status code == 403 for https://noticias.uol.com.br/colunas/rogerio-gentile/2023/04/27/record-e-condenada-por-reportagem-errada-na-morte-do-ator-de-chiquititas.htm, skipping...
[ERROR - 2026-03-03 18:48:22,910 - Worker_1] Status code == 403 for https://noticias.uol.com.br/politica/ultimas-noticias/2023/04/27/gsi-exonera-mais-servidores-militares.htm, skipping...
[ERROR - 2026-03-03 18:48:49,079 - Worker_4] Status code == 403 for https://noticias.uol.com.br/cotidiano/ultimas-noticias/2023/04/27/ex-prefeito-preso-estupro-sobrinha.htm, skipping...
[ERROR - 2026-03-03 18:48:53,533 - Worker_4] Status code == 403 for https://tab.uol.com.br/noticias/redacao/2023/04/18/ele-ameacou-ate-criancas-o-rastro-de-violencia-de-thiago-brennand.htm, skipping...
[ERROR - 2026-03-03 18:48:59,992 - Worker_4] Status code == 403 for https://noticias.uol.com.br/politica/ultimas-noticias/2023/04/28/prefeito-e-vereador-de-ma-viram-reus-por-fazerem-aborto-sem-consentimento.htm, skipping...
[ERROR - 2026-03-03 18:49:19,847 - Worker_2] Status code == 403 for https://tab.uol.com.br/noticias/redacao/2023/04/26/o-memorial-em-vida-de-sarney-ataques-no-ensino-medio-e-mais.htm, skipping...
[ERROR - 2026-03-03 18:49:25,972 - Worker_4] Status code == 403 for https://noticias.uol.com.br/cotidiano/ultimas-noticias/2023/04/28/influencer-tiktoker-entrega-capivara-filo-ibama.htm, skipping...
[ERROR - 2026-03-03 18:49:30,109 - Worker_1] Status code == 403 for https://noticias.uol.com.br/colunas/jamil-chade/2023/04/28/o-historico-pedido-de-desculpas-pelo-brasil-numa-corte-internacional.htm, skipping...
[ERROR - 2026-03-03 18:49:37,597 - Worker_2] Status code == 403 for https://noticias.uol.com.br/cotidiano/ultimas-noticias/2023/04/28/defesa-desiste-de-recurso-no-tj-e-bolsonarista-que-matou-petista-ira-a-juri.htm, skipping...
[ERROR - 2026-03-03 18:49:37,684 - Worker_4] Status code == 403 for https://tab.uol.com.br/videos/2023/04/27/brasil-para-maiores-ep-extra-frota-sobre-porno-se-fosse-la-fora-eu-teria-ganho-o-oscar-do-sexo.htm, skipping...
[ERROR - 2026-03-03 18:49:41,896 - Worker_2] Status code == 403 for https://noticias.uol.com.br/politica/ultimas-noticias/2023/04/28/neta-de-lula-internada-crise-epilepsia.htm, skipping...
[ERROR - 2026-03-03 18:49:42,105 - Worker_0] Status code == 403 for https://noticias.uol.com.br/politica/ultimas-noticias/2023/04/28/aras-indultos-trump-bill-clinton-defender-perdao-bolsonaro-daniel-silveira.htm, skipping...
[ERROR - 2026-03-03 18:49:50,726 - Worker_3] Status code == 403 for https://noticias.uol.com.br/cotidiano/ultimas-noticias/2023/04/28/militar-de-18-anos-morre-durante-treinamento-do-exercito-no-rj.htm, skipping...
[ERROR - 2026-03-03 18:49:53,802 - Worker_1] Status code == 403 for https://noticias.uol.com.br/internacional/ultimas-noticias/2023/04/27/irmaos-tem-dois-filhos-e-querem-mudar-lei-na-espanha-para-se-casarem.htm, skipping...
[ERROR - 2026-03-03 18:49:55,398 - Worker_4] Status code == 403 for https://noticias.uol.com.br/cotidiano/ultimas-noticias/2023/04/28/brennand-chega-ao-brasil-neste-sabado-extradicao.htm, skipping...
[ERROR - 2026-03-03 18:49:59,209 - Worker_3] Status code == 403 for https://noticias.uol.com.br/cotidiano/ultimas-noticias/2023/04/28/acao-familiares-jacarezinho.htm, skipping...
[ERROR - 2026-03-03 18:50:01,971 - Worker_0] Status code == 403 for https://noticias.uol.com.br/cotidiano/ultimas-noticias/2023/04/28/gerente-tem-falsa-bomba-amarrada-ao-corpo-em-roubo-a-banco-2-foram-presos.htm, skipping...
[ERROR - 2026-03-03 18:50:03,355 - Worker_1] Status code == 403 for https://noticias.uol.com.br/cotidiano/ultimas-noticias/2023/04/28/trio-e-preso-em-galeria-subterranea.htm, skipping...
[ERROR - 2026-03-03 18:50:07,461 - Worker_1] Status code == 403 for https://noticias.uol.com.br/politica/ultimas-noticias/2023/04/28/defesa-diz-torres-teve-lapso-de-memoria-e-pede-oficio-para-obter-senhas.htm, skipping...
[ERROR - 2026-03-03 18:50:07,568 - Worker_3] Status code == 403 for https://noticias.uol.com.br/ultimas-noticias/deutschewelle/2023/04/27/o-el-nino-vem-ai-fenomeno-deve-chegar-forte-e-causar-no-clima-do-planeta.htm, skipping...
[ERROR - 2026-03-03 18:50:13,472 - Worker_4] Status code == 403 for https://educacao.uol.com.br/noticias/2023/04/28/enem-candidatos-tem-ate-esta-sexta-feira-para-pedir-isencao-de-taxa.htm, skipping...
[ERROR - 2026-03-03 18:50:15,008 - Worker_0] Status code == 403 for https://noticias.uol.com.br/cotidiano/ultimas-noticias/2023/04/28/video-pm-morte-conveniencia.htm, skipping...
[ERROR - 2026-03-03 18:50:15,985 - Worker_1] Status code == 403 for https://noticias.uol.com.br/colunas/josias-de-souza/2023/04/28/chapeu-de-carmen-lucia-em-nunes-marques-colocou-lula-na-cara-do-gol.htm, skipping...
[ERROR - 2026-03-03 18:50:16,019 - Worker_3] Status code == 403 for https://noticias.uol.com.br/cotidiano/ultimas-noticias/2023/04/28/major-travesti-ser-policial-a-vida-toda-e-meu-sonho-vou-brigar-por-isso.htm, skipping...
[ERROR - 2026-03-03 18:50:17,574 - Worker_4] Status code == 403 for https://noticias.uol.com.br/colunas/leonardo-sakamoto/2023/04/28/bolsonaro-anderson-torres-e-a-moda-de-estar-chapado-para-fugir-da-pf.htm, skipping...
[ERROR - 2026-03-03 18:50:20,636 - Worker_2] Status code == 403 for https://tab.uol.com.br/noticias/redacao/2023/04/28/corrida-maluca-das-compras-o-disputado-fretado-que-leva-a-outlet-de-sp.htm, skipping...
[ERROR - 2026-03-03 18:50:27,059 - Worker_2] Status code == 403 for https://noticias.uol.com.br/internacional/ultimas-noticias/2023/04/28/crianca-conduziu-onibus-apos-motorista-desmaiar-eua.htm, skipping...
[ERROR - 2026-03-03 18:50:32,518 - Worker_3] Status code == 403 for https://noticias.uol.com.br/ultimas-noticias/deutschewelle/2023/04/28/alemanha-procura-buraco-geologico-para-enterrar-seu-lixo-nuclear.htm, skipping...
[ERROR - 2026-03-03 18:50:42,118 - Worker_4] Status code == 403 for https://noticias.uol.com.br/colunas/josias-de-souza/2023/04/28/moraes-ameaca-endurecer-com-torres-e-bolsonaro-nos-inqueritos-sobre-81.htm, skipping...
[ERROR - 2026-03-03 18:50:53,039 - Worker_4] Status code == 403 for https://noticias.uol.com.br/ultimas-noticias/redacao/2023/04/27/questoes-raciais-do-brasil-pautam-tribunal-internacional-e-apuracao-na-onu.htm, skipping...
[ERROR - 2026-03-03 18:50:57,635 - Worker_3] Status code == 403 for https://noticias.uol.com.br/internacional/ultimas-noticias/2023/04/28/homem-careca-faz-tatuagem-de-franja-e-se-surpreende-com-o-resultado.htm, skipping...
[ERROR - 2026-03-03 18:51:06,130 - Worker_3] Status code == 403 for https://noticias.uol.com.br/colunas/leonardo-sakamoto/2023/04/29/agressor-de-mulheres-brennand-mostra-covardia-ao-desembarcar-no-brasil.htm, skipping...
[ERROR - 2026-03-03 18:51:09,230 - Worker_2] Status code == 403 for https://noticias.uol.com.br/politica/ultimas-noticias/2023/04/29/meta-pl-das-fake-news-criticas.htm, skipping...
[ERROR - 2026-03-03 18:51:10,228 - Worker_3] Status code == 403 for https://noticias.uol.com.br/colunas/fernanda-magnotta/2023/04/29/magnotta-o-que-extrair-das-candidaturas-de-biden-e-trump-para-2024.htm, skipping...
[ERROR - 2026-03-03 18:51:10,782 - Worker_4] Status code == 403 for https://noticias.uol.com.br/colunas/jamil-chade/2023/04/28/de-olho-em-vaga-na-onu-governo-apresenta-nova-politica-de-direitos-humanos.htm, skipping...
[ERROR - 2026-03-03 18:51:16,698 - Worker_0] Status code == 403 for https://noticias.uol.com.br/politica/ultimas-noticias/2023/04/29/governo-df-moraes-pm-anderson-torres.htm, skipping...
[ERROR - 2026-03-03 18:51:18,705 - Worker_3] Status code == 403 for https://noticias.uol.com.br/ultimas-noticias/agencia-estado/2023/04/29/capelli-afirma-que-whatsapp-nao-e-meio-adequado-para-transmissao-de-informes-de-inteligencia.htm, skipping...
[ERROR - 2026-03-03 18:51:20,809 - Worker_0] Status code == 403 for https://noticias.uol.com.br/colunas/aguirre-talento/2023/04/29/militares-tinham-acesso-a-joias-guardadas-por-bolsonaro-em-imovel-de-piquet.htm, skipping...
[ERROR - 2026-03-03 18:51:23,214 - Worker_3] Status code == 403 for https://tab.uol.com.br/noticias/redacao/2023/04/26/o-memorial-em-vida-de-sarney-ataques-no-ensino-medio-e-mais.htm, skipping...
[ERROR - 2026-03-03 18:51:24,494 - Worker_1] Status code == 403 for https://noticias.uol.com.br/cotidiano/ultimas-noticias/2023/04/29/mulher-negra-retirada-aviao.htm, skipping...
[ERROR - 2026-03-03 18:51:32,063 - Worker_3] Status code == 403 for https://tab.uol.com.br/videos/2023/04/27/brasil-para-maiores-ep-extra-frota-sobre-porno-se-fosse-la-fora-eu-teria-ganho-o-oscar-do-sexo.htm, skipping...
[ERROR - 2026-03-03 18:51:45,033 - Worker_3] Status code == 403 for https://noticias.uol.com.br/politica/ultimas-noticias/2023/04/29/tribunal-telegram-decisao-suspensao-funcionamento.htm, skipping...
[ERROR - 2026-03-03 18:51:49,134 - Worker_3] Status code == 403 for https://noticias.uol.com.br/cotidiano/ultimas-noticias/2023/04/29/preso-nos-emirados-arabes-thiago-brennand-chega-ao-brasil.htm, skipping...
[ERROR - 2026-03-03 18:51:55,247 - Worker_2] Status code == 403 for https://noticias.uol.com.br/internacional/ultimas-noticias/2023/04/29/onu-india-ultrapassa-a-china-em-abril-para-ser-pais-mais-populoso-do-mundo.htm, skipping...
[ERROR - 2026-03-03 18:51:59,719 - Worker_2] Status code == 403 for https://tab.uol.com.br/noticias/redacao/2023/04/29/idosas-fazem-curso-no-recife-para-aprender-a-usar-smartphone.htm, skipping...
[ERROR - 2026-03-03 18:52:04,384 - Worker_4] Status code == 403 for https://noticias.uol.com.br/cotidiano/ultimas-noticias/2023/04/29/menina-de-11-anos-kameron-givanildo-padrasto-confessa-assassinato-parana.htm, skipping...
[ERROR - 2026-03-03 18:52:04,454 - Worker_0] Status code == 403 for https://noticias.uol.com.br/ultimas-noticias/deutschewelle/2023/04/27/o-el-nino-vem-ai-fenomeno-deve-chegar-forte-e-causar-no-clima-do-planeta.htm, skipping...
[ERROR - 2026-03-03 18:52:08,495 - Worker_4] Status code == 403 for https://noticias.uol.com.br/politica/ultimas-noticias/2023/04/29/prefeito-araucaria-casado-adolescente-exonera-filhos-rescisao-recontratados.htm, skipping...
[ERROR - 2026-03-03 18:52:15,299 - Worker_2] Status code == 403 for https://noticias.uol.com.br/cotidiano/ultimas-noticias/2023/04/29/homem-morto-taquara-shopping.htm, skipping...
[ERROR - 2026-03-03 18:52:16,812 - Worker_1] Status code == 403 for https://tab.uol.com.br/noticias/redacao/2023/04/28/corrida-maluca-das-compras-o-disputado-fretado-que-leva-a-outlet-de-sp.htm, skipping...
[ERROR - 2026-03-03 18:52:26,322 - Worker_4] Status code == 403 for https://noticias.uol.com.br/politica/ultimas-noticias/2023/04/29/lula-afilhada-enterro-viaja-sao-paulo.htm, skipping...
[ERROR - 2026-03-03 18:52:30,428 - Worker_4] Status code == 403 for https://noticias.uol.com.br/colunas/carolina-brigido/2023/04/29/ministerio-publico-vai-definir-limites-do-uso-do-chatgpt-em-processos.htm, skipping...
[ERROR - 2026-03-03 18:52:30,506 - Worker_2] Status code == 403 for https://noticias.uol.com.br/cotidiano/ultimas-noticias/2023/04/29/dino-reage-a-chegada-de-brennand-ao-brasil-vitoria-da-justica.htm, skipping...
[ERROR - 2026-03-03 18:52:34,253 - Worker_1] Status code == 403 for https://noticias.uol.com.br/colunas/josias-de-souza/2023/04/29/existencia-de-brennand-ganha-novo-sentido-a-melhoria-do-sistema-carcerario.htm, skipping...
[ERROR - 2026-03-03 18:52:42,880 - Worker_1] Status code == 403 for https://noticias.uol.com.br/politica/ultimas-noticias/2023/04/29/sem-a-maquina-motociatas-nao-estarao-nas-viagens-de-bolsonaro.htm, skipping...
[ERROR - 2026-03-03 18:52:47,106 - Worker_3] Status code == 403 for https://noticias.uol.com.br/ultimas-noticias/redacao/2023/04/27/questoes-raciais-do-brasil-pautam-tribunal-internacional-e-apuracao-na-onu.htm, skipping...
[ERROR - 2026-03-03 18:52:53,452 - Worker_3] Status code == 403 for https://noticias.uol.com.br/politica/ultimas-noticias/2023/04/28/banco-do-brasil-agrishow-favaro-bolsonaro.htm, skipping...
[ERROR - 2026-03-03 18:52:56,044 - Worker_1] Status code == 403 for https://tab.uol.com.br/noticias/redacao/2023/07/26/onda-rosa-ouro-branco-o-fetiche-no-pais-dos-cornos-e-mais.htm, skipping...
[ERROR - 2026-03-03 18:53:03,270 - Worker_2] Status code == 403 for https://tab.uol.com.br/noticias/redacao/2023/07/28/a-guerra-dos-cogumelos-no-brasil.htm, skipping...
[ERROR - 2026-03-03 18:53:04,048 - Worker_4] Status code == 403 for https://tab.uol.com.br/noticias/redacao/2023/07/30/guerra-entre-produtores-de-cogumelos-ameaca-mercado-em-expansao-desde-2019.htm, skipping...
[ERROR - 2026-03-03 18:53:16,895 - Worker_2] Status code == 403 for https://noticias.uol.com.br/cotidiano/ultimas-noticias/2023/07/28/bala-na-cara-antibala-e-manos-rs-reune-o-maior-numero-de-faccoes-do-pais.htm, skipping...
[ERROR - 2026-03-03 18:53:21,244 - Worker_2] Status code == 403 for https://noticias.uol.com.br/cotidiano/ultimas-noticias/2023/07/31/tales-aliados-de-bolsonaro-querem-fala-dura-sobre-guaruja-e-tarcisio.htm, skipping...
[ERROR - 2026-03-03 18:53:31,213 - Worker_4] Status code == 403 for https://noticias.uol.com.br/cotidiano/ultimas-noticias/2023/07/31/chacina-guaruja-relatos-moradores-tortura.htm, skipping...
[ERROR - 2026-03-03 18:53:33,027 - Worker_3] Status code == 403 for https://noticias.uol.com.br/colunas/josias-de-souza/2023/07/31/exercito-e-planalto-brincam-de-gato-e-rato-no-quintal-do-gsi.htm, skipping...
[ERROR - 2026-03-03 18:53:35,310 - Worker_4] Status code == 403 for https://noticias.uol.com.br/ultimas-noticias/deutschewelle/2023/07/31/ha-80-anos-brasil-afundava-submarino-nazista-no-rio.htm, skipping...
[ERROR - 2026-03-03 18:53:36,248 - Worker_1] Status code == 403 for https://noticias.uol.com.br/politica/ultimas-noticias/2023/07/31/zambelli-processa-jornalista-que-foi-perseguido-por-ela-com-arma.htm, skipping...
[ERROR - 2026-03-03 18:53:37,157 - Worker_3] Status code == 403 for https://noticias.uol.com.br/cotidiano/ultimas-noticias/2023/07/31/paizao-quem-era-o-fisiculturista-morto-em-incendio-apos-salvar-familia.htm, skipping...
[ERROR - 2026-03-03 18:53:41,257 - Worker_3] Status code == 403 for https://noticias.uol.com.br/colunas/juliana-dal-piva/2023/07/31/novo-guru-da-direita-latina-uniu-bolsonaro-com-extremista-argentino.htm, skipping...
[ERROR - 2026-03-03 18:53:44,799 - Worker_2] Status code == 403 for https://tab.uol.com.br/noticias/redacao/2023/07/29/advogado-gales-das-vitimas-do-desastre-de-mariana-criou-unicornio-legal.htm, skipping...
[ERROR - 2026-03-03 18:53:47,123 - Worker_4] Status code == 403 for https://noticias.uol.com.br/cotidiano/ultimas-noticias/2023/07/31/wallace-corbo-pms-nao-promovem-a-seguranca-publica-no-brasil-mas-o-terror.htm, skipping...
[ERROR - 2026-03-03 18:53:48,059 - Worker_1] Status code == 403 for https://noticias.uol.com.br/ultimas-noticias/agencia-estado/2023/07/31/aviao-tem-pane-no-motor-e-precisa-fazer-pouso-de-emergencia-em-vitoria.htm, skipping...
[ERROR - 2026-03-03 18:53:52,237 - Worker_1] Status code == 403 for https://noticias.uol.com.br/colunas/carolina-brigido/2023/07/31/aras-perde-forca-na-disputa-pela-pgr-procurador-eleitoral-e-o-mais-cotado.htm, skipping...
[ERROR - 2026-03-03 18:53:55,303 - Worker_4] Status code == 403 for https://noticias.uol.com.br/ultimas-noticias/redacao/2023/07/27/pesquisa-percepcoes-sobre-racismo-no-brasil.htm, skipping...
[ERROR - 2026-03-03 18:54:07,671 - Worker_2] Status code == 403 for https://noticias.uol.com.br/politica/ultimas-noticias/2023/07/21/mais-pop-dos-ministros-dino-causa-raiva-na-direita-e-ciume-na-esquerda.htm, skipping...
[ERROR - 2026-03-03 18:54:11,606 - Worker_3] Status code == 403 for https://noticias.uol.com.br/ultimas-noticias/agencia-brasil/2023/07/31/ministerio-da-saude-quer-salas-de-amamentacao-em-ubss-de-todo-o-pais.htm, skipping...
[ERROR - 2026-03-03 18:54:26,474 - Worker_3] Status code == 403 for https://noticias.uol.com.br/internacional/ultimas-noticias/2023/07/31/urso-humano-zoologico-china.htm, skipping...
[ERROR - 2026-03-03 18:54:26,995 - Worker_4] Status code == 403 for https://noticias.uol.com.br/meio-ambiente/ultimas-noticias/redacao/2023/07/31/pesquisadores-descobrem-aranha-de-310-milhoes-de-anos-na-alemanha.htm, skipping...
[ERROR - 2026-03-03 18:54:34,607 - Worker_2] Status code == 403 for https://noticias.uol.com.br/internacional/ultimas-noticias/2023/07/31/mulher-fica-mais-de-90-minutos-presa-na-boca-de-um-crocodilo-e-sobrevive.htm, skipping...
[ERROR - 2026-03-03 18:54:39,374 - Worker_1] Status code == 403 for https://noticias.uol.com.br/colunas/jamil-chade/2023/07/31/medida-de-controle-evitaram-300-milhoes-de-fumantes-no-mundo-diz-oms.htm, skipping...
[ERROR - 2026-03-03 18:54:41,236 - Worker_2] Status code == 403 for https://noticias.uol.com.br/internacional/ultimas-noticias/2023/07/31/quem-era-frances-que-morreu-ao-cair-do-68-andar.htm, skipping...
[ERROR - 2026-03-03 18:54:45,190 - Worker_4] Status code == 403 for https://noticias.uol.com.br/cotidiano/ultimas-noticias/2023/07/31/policia-arma-crime-policial.htm, skipping...
[ERROR - 2026-03-03 18:54:46,720 - Worker_3] Status code == 403 for https://noticias.uol.com.br/cotidiano/ultimas-noticias/2023/07/31/como-e-predio-de-luxo-construido-sem-alvara-em-sp.htm, skipping...
[ERROR - 2026-03-03 18:54:47,922 - Worker_2] Status code == 403 for https://noticias.uol.com.br/cotidiano/ultimas-noticias/2023/07/31/mg-mulher-armada-ameaca-cinco-adolescentes-em-condominio-veja.htm, skipping...
[ERROR - 2026-03-03 18:54:52,908 - Worker_4] Status code == 403 for https://noticias.uol.com.br/colunas/leonardo-sakamoto/2023/07/31/entregar-predio-de-luxo-ao-povao-seria-didatico-para-empreiteiras-e-o-itaim.htm, skipping...
[ERROR - 2026-03-03 18:54:57,513 - Worker_4] Status code == 403 for https://tab.uol.com.br/noticias/redacao/2023/07/26/onda-rosa-ouro-branco-o-fetiche-no-pais-dos-cornos-e-mais.htm, skipping...
[ERROR - 2026-03-03 18:55:02,450 - Worker_3] Status code == 403 for https://tab.uol.com.br/noticias/redacao/2023/07/28/a-guerra-dos-cogumelos-no-brasil.htm, skipping...
[ERROR - 2026-03-03 18:55:07,661 - Worker_2] Status code == 403 for https://tab.uol.com.br/noticias/redacao/2023/07/30/guerra-entre-produtores-de-cogumelos-ameaca-mercado-em-expansao-desde-2019.htm, skipping...
[ERROR - 2026-03-03 18:55:09,465 - Worker_0] Status code == 403 for https://tab.uol.com.br/noticias/redacao/2023/08/01/swat-sunga-e-golpe-confusoes-de-marcos-do-val-constrangem-ate-aliados.htm, skipping...
[ERROR - 2026-03-03 18:55:20,876 - Worker_0] Status code == 403 for https://noticias.uol.com.br/internacional/ultimas-noticias/2023/08/01/influenciador-vegana-morre-de-fome-e-exaustao-apos-dieta-de-frutas-cruas.htm, skipping...
[ERROR - 2026-03-03 18:55:24,363 - Worker_4] Status code == 403 for https://noticias.uol.com.br/cotidiano/ultimas-noticias/2023/07/28/bala-na-cara-antibala-e-manos-rs-reune-o-maior-numero-de-faccoes-do-pais.htm, skipping...
[ERROR - 2026-03-03 18:55:24,877 - Worker_3] Status code == 403 for https://noticias.uol.com.br/cotidiano/ultimas-noticias/2023/08/01/roubo-de-codigo-e-prejuizo-de-r-211-mil-como-agem-as-irmas-criminosas.htm, skipping...
[ERROR - 2026-03-03 18:55:32,926 - Worker_4] Status code == 403 for https://noticias.uol.com.br/cotidiano/ultimas-noticias/2023/08/01/morre-esposa-pecuarista-vitima-queda-aviao-filho.htm, skipping...
[ERROR - 2026-03-03 18:55:33,762 - Worker_0] Status code == 403 for https://noticias.uol.com.br/colunas/jamil-chade/2023/08/01/ucrania-insiste-e-brasil-vai-a-reuniao-que-busca-saida-politica-para-guerra.htm, skipping...
[ERROR - 2026-03-03 18:55:36,659 - Worker_3] Status code == 403 for https://noticias.uol.com.br/colunas/josias-de-souza/2023/08/01/ex-chefe-da-abin-desnudou-o-general-goncalves-dias-na-cpi.htm, skipping...
[ERROR - 2026-03-03 18:55:47,535 - Worker_4] Status code == 403 for https://noticias.uol.com.br/cotidiano/ultimas-noticias/2023/07/31/o-que-se-sabe-caso-pm-rota-morto-guaruja.htm, skipping...
[ERROR - 2026-03-03 18:55:48,377 - Worker_0] Status code == 403 for https://noticias.uol.com.br/ultimas-noticias/agencia-estado/2023/08/01/minha-filha-saiu-de-um-jeito-e-voltou-como-um-nenem-diz-mae-de-jovem-que-cheirou-pimenta.htm, skipping...
[ERROR - 2026-03-03 18:55:48,491 - Worker_3] Status code == 403 for https://noticias.uol.com.br/politica/ultimas-noticias/2023/08/01/depoimento-goncalves-dias-cpi-mst-salles.htm, skipping...
[ERROR - 2026-03-03 18:55:51,322 - Worker_1] Status code == 403 for https://noticias.uol.com.br/cotidiano/ultimas-noticias/2023/08/01/guaruja-alcance-arma-pistola-9-mm.htm, skipping...
[ERROR - 2026-03-03 18:55:53,382 - Worker_2] Status code == 403 for https://noticias.uol.com.br/ultimas-noticias/redacao/2023/07/27/pesquisa-percepcoes-sobre-racismo-no-brasil.htm, skipping...
[ERROR - 2026-03-03 18:55:56,279 - Worker_4] Status code == 403 for https://noticias.uol.com.br/politica/ultimas-noticias/2023/08/01/deputados-do-pl-que-votaram-com-o-governo-receberam-r-149-mi-em-emendas.htm, skipping...
[ERROR - 2026-03-03 18:56:02,689 - Worker_3] Status code == 403 for https://noticias.uol.com.br/cotidiano/ultimas-noticias/2023/08/01/motorista-aplicativo-deixou-mulher-rua-estuprada-afastado-bh.htm, skipping...
[ERROR - 2026-03-03 18:56:05,034 - Worker_1] Status code == 403 for https://noticias.uol.com.br/politica/ultimas-noticias/2023/07/21/mais-pop-dos-ministros-dino-causa-raiva-na-direita-e-ciume-na-esquerda.htm, skipping...
[ERROR - 2026-03-03 18:56:06,403 - Worker_2] Status code == 403 for https://noticias.uol.com.br/internacional/ultimas-noticias/2023/08/01/ex-esposa-de-serial-killer-nos-eua-diz-que-filhos-choram-ate-dormir.htm, skipping...
[ERROR - 2026-03-03 18:56:13,985 - Worker_3] Status code == 403 for https://noticias.uol.com.br/politica/ultimas-noticias/2023/08/01/por-que-alckmin-e-haddad-vao-devolver-presentes-sauditas.htm, skipping...
[ERROR - 2026-03-03 18:56:14,752 - Worker_4] Status code == 403 for https://noticias.uol.com.br/colunas/josmar-jozino/2023/08/01/policia-identifica-outro-suspeito-de-envolvimento-na-morte-do-soldado-reis.htm, skipping...
[ERROR - 2026-03-03 18:56:15,143 - Worker_2] Status code == 403 for https://noticias.uol.com.br/politica/ultimas-noticias/2023/08/01/cpi-do-mst-convocacao-rui-costa-sessao.htm, skipping...
[ERROR - 2026-03-03 18:56:30,410 - Worker_0] Status code == 403 for https://noticias.uol.com.br/colunas/carolina-brigido/2023/08/01/festa-de-zanin-depois-da-posse-no-stf-tem-ingresso-a-r-500-para-convidados.htm, skipping...
[ERROR - 2026-03-03 18:56:33,720 - Worker_4] Status code == 403 for https://noticias.uol.com.br/ultimas-noticias/afp/2023/08/01/efeito-teflon-por-que-com-quanto-mais-acusacoes-mais-trump-sobe-nas-pesquisas.htm, skipping...
[ERROR - 2026-03-03 18:56:38,145 - Worker_4] Status code == 403 for https://noticias.uol.com.br/colunas/balaio-do-kotscho/2023/08/01/7560-o-tempo-passa-e-a-vida-segue.htm, skipping...
[ERROR - 2026-03-03 18:56:42,494 - Worker_4] Status code == 403 for https://noticias.uol.com.br/cotidiano/ultimas-noticias/2023/08/01/como-um-croissant-levou-a-prisao-do-suspeito-de-matar-pm-no-guaruja.htm, skipping...
[ERROR - 2026-03-03 18:56:42,657 - Worker_0] Status code == 403 for https://noticias.uol.com.br/colunas/juliana-dal-piva/2023/08/01/cpi-de-81-torres-deve-depor-na-semana-que-vem-e-nao-ficara-calado.htm, skipping...
[ERROR - 2026-03-03 18:56:46,886 - Worker_4] Status code == 403 for https://noticias.uol.com.br/cotidiano/ultimas-noticias/2023/08/01/tarcisio-mortes-operacao-na-baixada-santista-chegam-a-14.htm, skipping...
[ERROR - 2026-03-03 18:56:47,413 - Worker_3] Status code == 403 for https://noticias.uol.com.br/colunas/josias-de-souza/2023/08/01/em-escandalo-lira-prefere-o-nada-a-ver-ao-eu-nao-sabia.htm, skipping...
[ERROR - 2026-03-03 18:56:51,342 - Worker_4] Status code == 403 for https://tab.uol.com.br/noticias/redacao/2023/07/26/onda-rosa-ouro-branco-o-fetiche-no-pais-dos-cornos-e-mais.htm, skipping...
[ERROR - 2026-03-03 18:56:51,549 - Worker_0] Status code == 403 for https://noticias.uol.com.br/colunas/juliana-dal-piva/2023/08/02/congresso-paraguaio-ajudou-em-refugio-de-blogueiro-bolsonarista-que-fugiu.htm, skipping...
[ERROR - 2026-03-03 18:56:51,805 - Worker_3] Status code == 403 for https://noticias.uol.com.br/cotidiano/ultimas-noticias/2023/08/02/sp-ignora-stf-e-nega-transferencia-de-mulheres-trans-para-prisoes-femininas.htm, skipping...
[ERROR - 2026-03-03 18:56:55,833 - Worker_4] Status code == 403 for https://tab.uol.com.br/noticias/redacao/2023/08/02/dolar-colchao-crise-acirra-habito-argentino-de-guardar-dinheiro-em-casa.htm, skipping...
[ERROR - 2026-03-03 18:56:56,144 - Worker_3] Status code == 403 for https://tab.uol.com.br/noticias/redacao/2023/07/28/a-guerra-dos-cogumelos-no-brasil.htm, skipping...
[ERROR - 2026-03-03 18:57:13,414 - Worker_3] Status code == 403 for https://noticias.uol.com.br/cotidiano/ultimas-noticias/2023/08/02/dois-pms-condenados-a-prisao-pela-chacina-do-curio-sao-expulsos-da-policia.htm, skipping...
[ERROR - 2026-03-03 18:57:22,021 - Worker_1] Status code == 403 for https://tab.uol.com.br/colunas/matheus-pichonelli/2023/08/02/vila-baiana-em-comunidades-irmas-quem-nao-morre-na-chuva-morre-na-bala.htm, skipping...
[ERROR - 2026-03-03 18:57:31,977 - Worker_3] Status code == 403 for https://noticias.uol.com.br/cotidiano/ultimas-noticias/2023/08/02/ataque-rato-motel-belo-horizonte.htm, skipping...
[ERROR - 2026-03-03 18:57:35,263 - Worker_0] Status code == 403 for https://noticias.uol.com.br/colunas/rogerio-gentile/2023/08/02/sirio-libanes-e-condenado-a-pagar-r-1-milhao-por-morte-de-bebe.htm, skipping...
[ERROR - 2026-03-03 18:58:00,096 - Worker_4] Status code == 403 for https://noticias.uol.com.br/ultimas-noticias/redacao/2023/07/27/pesquisa-percepcoes-sobre-racismo-no-brasil.htm, skipping...
[ERROR - 2026-03-03 18:58:00,894 - Worker_1] Status code == 403 for https://noticias.uol.com.br/cotidiano/ultimas-noticias/2023/08/02/declaracoes-moraes-voto-descriminalizacao-drogas-stf.htm, skipping...
[ERROR - 2026-03-03 18:58:04,202 - Worker_0] Status code == 403 for https://noticias.uol.com.br/ultimas-noticias/agencia-estado/2023/08/02/dias-toffoli-anula-provas-da-odebrecht-contra-sergio-cabral-e-gilberto-kassab.htm, skipping...
[ERROR - 2026-03-03 18:58:04,978 - Worker_1] Status code == 403 for https://noticias.uol.com.br/politica/ultimas-noticias/2023/08/02/lula-evento-pesca-artesanal.htm, skipping...
[ERROR - 2026-03-03 18:58:08,291 - Worker_0] Status code == 403 for https://noticias.uol.com.br/politica/ultimas-noticias/2023/07/21/mais-pop-dos-ministros-dino-causa-raiva-na-direita-e-ciume-na-esquerda.htm, skipping...
[ERROR - 2026-03-03 18:58:39,092 - Worker_1] Status code == 403 for https://noticias.uol.com.br/politica/ultimas-noticias/2023/08/02/quem-e-martha-seillier-bolsonaro.htm, skipping...
[ERROR - 2026-03-03 18:58:40,114 - Worker_0] Status code == 403 for https://noticias.uol.com.br/colunas/aguirre-talento/2023/08/02/hacker-diz-que-bolsonaro-perguntou-se-poderia-invadir-urnas-eletronicas.htm, skipping...
[ERROR - 2026-03-03 18:58:43,394 - Worker_4] Status code == 403 for https://tab.uol.com.br/noticias/redacao/2023/08/02/e-viajar-sem-sair-de-casa-filatelista-divulga-sua-paixao-por-selos.htm, skipping...
[ERROR - 2026-03-03 18:58:44,042 - Worker_2] Status code == 403 for https://noticias.uol.com.br/colunas/kennedy-alencar/2023/08/02/stf-e-pf-veem-indicios-de-pix-contra-a-economia-popular-por-bolsonaro.htm, skipping...
[ERROR - 2026-03-03 18:58:49,917 - Worker_3] Status code == 403 for https://noticias.uol.com.br/ultimas-noticias/reuters/2023/08/02/papa-francisco-diz-em-portugal-que-igreja-precisa-de-purificacao-humilde-por-causa-de-abusos.htm, skipping...
[ERROR - 2026-03-03 18:58:53,213 - Worker_4] Status code == 403 for https://noticias.uol.com.br/internacional/ultimas-noticias/2023/08/02/zoo-video-urso-real.htm, skipping...
[ERROR - 2026-03-03 18:59:01,176 - Worker_3] Status code == 403 for https://noticias.uol.com.br/cotidiano/ultimas-noticias/2023/08/02/tornozeleira-enfeitada-volta-mulher-prisao.htm, skipping...
[ERROR - 2026-03-03 18:59:03,180 - Worker_1] Status code == 403 for https://noticias.uol.com.br/colunas/jeferson-tenorio/2023/08/02/tarcisio-poe-em-pratica-clima-de-vigilancia-ideologica-nas-escolas.htm, skipping...
[ERROR - 2026-03-03 18:59:12,043 - Worker_1] Status code == 403 for https://tab.uol.com.br/noticias/redacao/2023/07/26/onda-rosa-ouro-branco-o-fetiche-no-pais-dos-cornos-e-mais.htm, skipping...
[ERROR - 2026-03-03 18:59:12,668 - Worker_3] Status code == 403 for https://noticias.uol.com.br/cotidiano/ultimas-noticias/2023/08/03/video-plantacoes-maconha-cantor-preso.htm, skipping...
[ERROR - 2026-03-03 18:59:13,502 - Worker_0] Status code == 403 for https://tab.uol.com.br/noticias/redacao/2023/08/02/dolar-colchao-crise-acirra-habito-argentino-de-guardar-dinheiro-em-casa.htm, skipping...
[ERROR - 2026-03-03 18:59:16,135 - Worker_1] Status code == 403 for https://tab.uol.com.br/noticias/redacao/2023/07/28/a-guerra-dos-cogumelos-no-brasil.htm, skipping...
[ERROR - 2026-03-03 18:59:25,098 - Worker_0] Status code == 403 for https://noticias.uol.com.br/colunas/walter-maierovitch/2023/08/03/stf-julgamento-maconha.htm, skipping...
[ERROR - 2026-03-03 18:59:25,655 - Worker_3] Status code == 403 for https://noticias.uol.com.br/colunas/carla-araujo/2023/08/03/pf-prende-homem-que-teria-ameacado-atirar-em-lula-na-sua-viagem-ao-para.htm, skipping...
[ERROR - 2026-03-03 18:59:27,159 - Worker_2] Status code == 403 for https://noticias.uol.com.br/internacional/ultimas-noticias/2023/08/03/dieta-influencer-vegana-morreu-de-fome.htm, skipping...
[ERROR - 2026-03-03 18:59:29,760 - Worker_3] Status code == 403 for https://noticias.uol.com.br/ultimas-noticias/ansa/2023/08/03/narcotraficante-tem-protecao-de-milicia-brasileira-diz-bolivia.htm, skipping...
[ERROR - 2026-03-03 18:59:31,908 - Worker_0] Status code == 403 for https://noticias.uol.com.br/politica/ultimas-noticias/2023/08/03/carla-no-stf-zanin-tem-como-desafio-deixar-de-ser-o-advogado-do-lula.htm, skipping...
[ERROR - 2026-03-03 18:59:34,028 - Worker_2] Status code == 403 for https://noticias.uol.com.br/cotidiano/ultimas-noticias/2023/08/03/padre-robson-pede-transferencia-para-mogi-das-cruzes.htm, skipping...
[ERROR - 2026-03-03 18:59:35,560 - Worker_4] Status code == 403 for https://noticias.uol.com.br/internacional/ultimas-noticias/2023/08/03/policia-eua-prende-homem-entrava-quartos-acariciava-pes-mulheres.htm, skipping...
[ERROR - 2026-03-03 18:59:36,011 - Worker_0] Status code == 403 for https://noticias.uol.com.br/cotidiano/ultimas-noticias/2023/08/03/video-de-ciclofaixa-no-meio-de-estrada-no-piaui-viraliza-nas-redes-sociais.htm, skipping...
[ERROR - 2026-03-03 18:59:38,302 - Worker_1] Status code == 403 for https://noticias.uol.com.br/colunas/jamil-chade/2023/08/03/nova-exposicao-de-christina-elias-explora-fronteira-entre-corpo-e-linguagem.htm, skipping...
[ERROR - 2026-03-03 18:59:42,703 - Worker_1] Status code == 403 for https://noticias.uol.com.br/politica/ultimas-noticias/2023/08/03/pacheco-stf-decisao-maconha.htm, skipping...
[ERROR - 2026-03-03 18:59:45,939 - Worker_2] Status code == 403 for https://noticias.uol.com.br/colunas/carlos-madeiro/2023/08/03/desmatamento-amazonia-primeiro-semestre-2023.htm, skipping...
[ERROR - 2026-03-03 18:59:49,377 - Worker_3] Status code == 403 for https://noticias.uol.com.br/colunas/kennedy-alencar/2023/08/03/hacker-que-ajudou-a-tirar-lula-da-cadeia-pode-colocar-bolsonaro-no-xadrez.htm, skipping...
[ERROR - 2026-03-03 18:59:53,813 - Worker_3] Status code == 403 for https://noticias.uol.com.br/colunas/josmar-jozino/2023/08/03/drone-levaria-celulares-a-prisao-onde-estao-assassinos-do-soldado-da-rota.htm, skipping...
[ERROR - 2026-03-03 19:00:27,698 - Worker_0] Status code == 403 for https://tab.uol.com.br/noticias/redacao/2023/08/02/e-viajar-sem-sair-de-casa-filatelista-divulga-sua-paixao-por-selos.htm, skipping...
[ERROR - 2026-03-03 19:00:54,688 - Worker_4] Status code == 403 for https://tab.uol.com.br/noticias/redacao/2023/07/26/onda-rosa-ouro-branco-o-fetiche-no-pais-dos-cornos-e-mais.htm, skipping...
[ERROR - 2026-03-03 19:00:57,264 - Worker_1] Status code == 403 for https://tab.uol.com.br/noticias/redacao/2023/08/02/dolar-colchao-crise-acirra-habito-argentino-de-guardar-dinheiro-em-casa.htm, skipping...
[ERROR - 2026-03-03 19:00:59,096 - Worker_4] Status code == 403 for https://tab.uol.com.br/noticias/redacao/2023/07/28/a-guerra-dos-cogumelos-no-brasil.htm, skipping...
[ERROR - 2026-03-03 19:01:18,942 - Worker_2] Status code == 403 for https://noticias.uol.com.br/internacional/ultimas-noticias/2023/08/04/cantora-brasileira-procurada-interpol-presa-eua-extradicao.htm, skipping...
[ERROR - 2026-03-03 19:01:39,885 - Worker_0] Status code == 403 for https://tab.uol.com.br/colunas/matheus-pichonelli/2023/08/04/ativistas-veem-avanco-em-voto-no-stf-sobre-maconha-mas-cobram-reparacao.htm, skipping...
[ERROR - 2026-03-03 19:01:43,586 - Worker_1] Status code == 403 for https://noticias.uol.com.br/cotidiano/ultimas-noticias/2023/08/04/marcola-e-levado-a-hospital-sob-forte-esquema-de-seguranca-no-df.htm, skipping...
[ERROR - 2026-03-03 19:01:44,804 - Worker_4] Status code == 403 for https://noticias.uol.com.br/ultimas-noticias/redacao/2023/07/27/pesquisa-percepcoes-sobre-racismo-no-brasil.htm, skipping...
[ERROR - 2026-03-03 19:01:47,936 - Worker_1] Status code == 403 for https://noticias.uol.com.br/colunas/jamil-chade/2023/08/04/a-mentira-matara-a-democracia-e-os-dados-nos-eua-comprovam-isso.htm, skipping...
[ERROR - 2026-03-03 19:01:50,638 - Worker_3] Status code == 403 for https://noticias.uol.com.br/cotidiano/ultimas-noticias/2023/08/04/testemunhas-desmentem-versao-suspeito-morte-pm-rota.htm, skipping...
[ERROR - 2026-03-03 19:01:52,828 - Worker_4] Status code == 403 for https://noticias.uol.com.br/politica/ultimas-noticias/2023/07/21/mais-pop-dos-ministros-dino-causa-raiva-na-direita-e-ciume-na-esquerda.htm, skipping...
[ERROR - 2026-03-03 19:01:56,118 - Worker_2] Status code == 403 for https://noticias.uol.com.br/colunas/presenca-historica/2023/08/04/como-os-anos-finais-da-escravidao-moldaram-a-seguranca-publica-no-brasil.htm, skipping...
[ERROR - 2026-03-03 19:02:16,114 - Worker_4] Status code == 403 for https://tab.uol.com.br/noticias/redacao/2023/08/02/e-viajar-sem-sair-de-casa-filatelista-divulga-sua-paixao-por-selos.htm, skipping...
[ERROR - 2026-03-03 19:02:16,916 - Worker_1] Status code == 403 for https://noticias.uol.com.br/meio-ambiente/ultimas-noticias/redacao/2023/08/04/maconha-diferenca-macho-e-femea.htm, skipping...
[ERROR - 2026-03-03 19:02:25,436 - Worker_2] Status code == 403 for https://noticias.uol.com.br/ultimas-noticias/agencia-estado/2023/08/04/padilha-confirma-fufuca-e-silvio-costa-em-pastas-e-diz-que-lula-quer-conversas-olho-no-olho.htm, skipping...
[ERROR - 2026-03-03 19:02:26,686 - Worker_1] Status code == 403 for https://tab.uol.com.br/noticias/redacao/2023/08/04/o-modus-operandi-de-thiago-brennand.htm, skipping...
[ERROR - 2026-03-03 19:02:31,557 - Worker_4] Status code == 403 for https://noticias.uol.com.br/politica/ultimas-noticias/2023/08/04/cid-tentou-vender-rolex-recebido-por-bolsonaro-por-r-60-mil.htm, skipping...
[ERROR - 2026-03-03 19:02:35,922 - Worker_4] Status code == 403 for https://noticias.uol.com.br/colunas/josias-de-souza/2023/08/04/ameaca-de-matar-lula-mostra-bolsonarismo-troglodita-vivo.htm, skipping...
[ERROR - 2026-03-03 19:02:38,039 - Worker_1] Status code == 403 for https://noticias.uol.com.br/cotidiano/ultimas-noticias/2023/07/31/como-e-predio-de-luxo-construido-sem-alvara-em-sp.htm, skipping...
[ERROR - 2026-03-03 19:02:40,308 - Worker_4] Status code == 403 for https://noticias.uol.com.br/cotidiano/ultimas-noticias/2023/08/04/medico-morto-dourados-o-que-se-sabe.htm, skipping...
[ERROR - 2026-03-03 19:02:42,382 - Worker_1] Status code == 403 for https://noticias.uol.com.br/ultimas-noticias/agencia-estado/2023/08/04/nikolas-ferreira-pede-para-mp-investigar-uso-de-aeronaves-da-fab-por-ministros-de-lula.htm, skipping...
[ERROR - 2026-03-03 19:02:46,079 - Worker_0] Status code == 403 for https://noticias.uol.com.br/colunas/jamil-chade/2023/08/04/comite-da-onu-nao-recebeu-queixa-de-bolsonaristas-sobre-8-de-janeiro.htm, skipping...
[ERROR - 2026-03-03 19:02:46,487 - Worker_1] Status code == 403 for https://noticias.uol.com.br/politica/ultimas-noticias/2023/08/04/vereador-acusa-prefeito-de-suborno-e-joga-milhares-de-reais-pela-janela.htm, skipping...
[ERROR - 2026-03-03 19:02:48,922 - Worker_3] Status code == 403 for https://tab.uol.com.br/noticias/redacao/2023/07/26/onda-rosa-ouro-branco-o-fetiche-no-pais-dos-cornos-e-mais.htm, skipping...
[ERROR - 2026-03-03 19:02:52,381 - Worker_0] Status code == 403 for https://tab.uol.com.br/noticias/redacao/2023/08/05/seu-barriga-do-chaves-ganhei-mais-que-pensava-mas-menos-do-que-acham.htm, skipping...
[ERROR - 2026-03-03 19:02:56,505 - Worker_0] Status code == 403 for https://tab.uol.com.br/noticias/redacao/2023/08/02/dolar-colchao-crise-acirra-habito-argentino-de-guardar-dinheiro-em-casa.htm, skipping...
[ERROR - 2026-03-03 19:02:56,533 - Worker_1] Status code == 403 for https://tab.uol.com.br/noticias/redacao/2023/07/28/a-guerra-dos-cogumelos-no-brasil.htm, skipping...
[ERROR - 2026-03-03 19:03:56,719 - Worker_0] Status code == 403 for https://noticias.uol.com.br/colunas/jamil-chade/2023/08/05/em-cupula-lula-quer-reassumir-soberania-sobre-amazonia-e-deslocar-eua-e-ue.htm, skipping...
[ERROR - 2026-03-03 19:04:00,824 - Worker_0] Status code == 403 for https://noticias.uol.com.br/cotidiano/ultimas-noticias/2023/08/05/meu-filho-caiu-no-meu-braco-diz-pai-de-bebe-que-morreu-no-sirio-libanes.htm, skipping...
[ERROR - 2026-03-03 19:04:09,506 - Worker_3] Status code == 403 for https://noticias.uol.com.br/ultimas-noticias/2023/08/05/mega-sena-concurso-2618-sorteio-05-de-agosto.htm, skipping...
[ERROR - 2026-03-03 19:04:11,959 - Worker_1] Status code == 403 for https://tab.uol.com.br/noticias/redacao/2023/08/02/e-viajar-sem-sair-de-casa-filatelista-divulga-sua-paixao-por-selos.htm, skipping...
[ERROR - 2026-03-03 19:04:13,143 - Worker_0] Status code == 403 for https://noticias.uol.com.br/politica/ultimas-noticias/2023/08/05/congresso-pt-sao-paulo.htm, skipping...
[ERROR - 2026-03-03 19:04:13,615 - Worker_3] Status code == 403 for https://noticias.uol.com.br/politica/ultimas-noticias/2023/08/05/romeu-zema-mg-frente-sul-sudeste.htm, skipping...
[ERROR - 2026-03-03 19:04:16,038 - Worker_2] Status code == 403 for https://noticias.uol.com.br/cotidiano/ultimas-noticias/2023/08/05/aluno-academia-acidente-ceara.htm, skipping...
[ERROR - 2026-03-03 19:04:17,711 - Worker_3] Status code == 403 for https://noticias.uol.com.br/colunas/jose-roberto-de-toledo/2023/08/05/limite-minimo-de-25g-tira-45-mil-pessoas-da-cadeia.htm, skipping...
[ERROR - 2026-03-03 19:04:21,785 - Worker_0] Status code == 403 for https://tab.uol.com.br/noticias/redacao/2023/08/04/o-modus-operandi-de-thiago-brennand.htm, skipping...
[ERROR - 2026-03-03 19:04:25,657 - Worker_1] Status code == 403 for https://noticias.uol.com.br/cotidiano/ultimas-noticias/2023/07/31/como-e-predio-de-luxo-construido-sem-alvara-em-sp.htm, skipping...
[ERROR - 2026-03-03 19:04:28,187 - Worker_0] Status code == 403 for https://noticias.uol.com.br/cotidiano/ultimas-noticias/2023/08/05/justica-libera-corpo-belga-morto-rio-de-janeiro.htm, skipping...
[ERROR - 2026-03-03 19:04:28,268 - Worker_4] Status code == 403 for https://noticias.uol.com.br/colunas/leonardo-sakamoto/2023/08/05/apoiada-por-lula-obra-corta-terra-indigena-que-sofreu-massacre-na-ditadura.htm, skipping...
[ERROR - 2026-03-03 19:04:33,900 - Worker_2] Status code == 403 for https://tab.uol.com.br/noticias/redacao/2023/07/26/onda-rosa-ouro-branco-o-fetiche-no-pais-dos-cornos-e-mais.htm, skipping...
[ERROR - 2026-03-03 19:04:38,038 - Worker_2] Status code == 403 for https://tab.uol.com.br/noticias/redacao/2023/08/02/dolar-colchao-crise-acirra-habito-argentino-de-guardar-dinheiro-em-casa.htm, skipping...
[ERROR - 2026-03-03 19:04:40,175 - Worker_1] Status code == 403 for https://tab.uol.com.br/noticias/redacao/2023/08/05/seu-barriga-do-chaves-ganhei-mais-que-pensava-mas-menos-do-que-acham.htm, skipping...
[ERROR - 2026-03-03 19:04:44,334 - Worker_1] Status code == 403 for https://tab.uol.com.br/noticias/redacao/2023/07/28/a-guerra-dos-cogumelos-no-brasil.htm, skipping...
[ERROR - 2026-03-03 19:04:44,758 - Worker_3] Status code == 403 for https://noticias.uol.com.br/colunas/leonardo-sakamoto/2023/08/06/saida-de-ana-moser-anunciaria-que-esporte-e-moeda-de-troca-nao-ministerio.htm, skipping...
[ERROR - 2026-03-03 19:04:46,862 - Worker_2] Status code == 403 for https://noticias.uol.com.br/cotidiano/ultimas-noticias/2023/08/06/esposa-de-acidentado-em-academia-fala-em-batalha-para-marido-voltar-a-andar.htm, skipping...
[ERROR - 2026-03-03 19:04:57,331 - Worker_1] Status code == 403 for https://noticias.uol.com.br/politica/ultimas-noticias/2023/08/06/eduardo-leite-apoia-frente-sul-sudeste-defendida-por-romeu-zema.htm, skipping...
[ERROR - 2026-03-03 19:05:05,360 - Worker_0] Status code == 403 for https://noticias.uol.com.br/cotidiano/ultimas-noticias/2023/08/05/acidente-em-academia-aluno-tem-menos-de-1-de-chance-de-voltar-a-andar.htm, skipping...
[ERROR - 2026-03-03 19:05:09,442 - Worker_0] Status code == 403 for https://noticias.uol.com.br/colunas/leonardo-sakamoto/2023/08/06/negros-foram-85-das-vitimas-de-trafico-de-pessoas-no-brasil-em-2022.htm, skipping...
[ERROR - 2026-03-03 19:05:11,263 - Worker_2] Status code == 403 for https://noticias.uol.com.br/colunas/andre-santana/2023/08/06/assim-como-a-pequena-marina-estamos-todos-cansados.htm, skipping...
[ERROR - 2026-03-03 19:05:24,877 - Worker_2] Status code == 403 for https://noticias.uol.com.br/ultimas-noticias/redacao/2023/07/27/pesquisa-percepcoes-sobre-racismo-no-brasil.htm, skipping...
[ERROR - 2026-03-03 19:05:24,919 - Worker_1] Status code == 403 for https://noticias.uol.com.br/colunas/carlos-madeiro/2023/08/06/governadores-do-nordeste-atacam-zema-por-indicar-guerra-entre-regioes.htm, skipping...
[ERROR - 2026-03-03 19:05:25,286 - Worker_0] Status code == 403 for https://noticias.uol.com.br/colunas/jose-roberto-de-toledo/2023/08/06/policia-paulista-mata-cada-vez-mais-negros-jovens-e-pobres.htm, skipping...
[ERROR - 2026-03-03 19:05:29,237 - Worker_2] Status code == 403 for https://noticias.uol.com.br/colunas/josias-de-souza/2023/08/06/centrao-pede-bis-e-lula-leva-as-agencias-reguladoras-ao-balcao.htm, skipping...
[ERROR - 2026-03-03 19:05:31,700 - Worker_3] Status code == 403 for https://noticias.uol.com.br/internacional/ultimas-noticias/2023/08/06/operacao-resgata-91-pessoas-apos-naufragio-na-costa-da-italia-veja-video.htm, skipping...
[ERROR - 2026-03-03 19:05:37,372 - Worker_2] Status code == 403 for https://noticias.uol.com.br/colunas/pra-comecar-a-semana/2023/08/06/reu-por-massacre-em-creche-de-sc-vai-a-juri-popular-na-quarta.htm, skipping...
[ERROR - 2026-03-03 19:05:37,554 - Worker_1] Status code == 403 for https://noticias.uol.com.br/cotidiano/ultimas-noticias/2023/08/06/demitido-por-selinho-em-namorada-homem-reverte-justa-causa-na-justica.htm, skipping...
[ERROR - 2026-03-03 19:05:41,774 - Worker_2] Status code == 403 for https://noticias.uol.com.br/colunas/carlos-madeiro/2023/08/06/saude-educacao-fome-71-das-cidades-no-pais-tem-baixo-desenvolvimento.htm, skipping...
[ERROR - 2026-03-03 19:05:45,570 - Worker_4] Status code == 403 for https://noticias.uol.com.br/politica/ultimas-noticias/2023/08/06/dino-engrossa-coro-contra-fala-de-zema-traidor-da-patria.htm, skipping...
[ERROR - 2026-03-03 19:06:05,887 - Worker_0] Status code == 403 for https://tab.uol.com.br/noticias/redacao/2023/08/02/e-viajar-sem-sair-de-casa-filatelista-divulga-sua-paixao-por-selos.htm, skipping...
[ERROR - 2026-03-03 19:06:07,855 - Worker_4] Status code == 403 for https://tab.uol.com.br/colunas/luiza-sahd/2023/08/06/e-tranquilo-ser-uma-xuxa-se-tudo-for-responsabilidade-de-uma-marlene-mattos.htm, skipping...
[ERROR - 2026-03-03 19:06:16,461 - Worker_0] Status code == 403 for https://tab.uol.com.br/noticias/redacao/2023/08/04/o-modus-operandi-de-thiago-brennand.htm, skipping...
[ERROR - 2026-03-03 19:06:29,373 - Worker_4] Status code == 403 for https://tab.uol.com.br/noticias/redacao/2023/07/26/onda-rosa-ouro-branco-o-fetiche-no-pais-dos-cornos-e-mais.htm, skipping...
[ERROR - 2026-03-03 19:06:33,478 - Worker_2] Status code == 403 for https://tab.uol.com.br/noticias/redacao/2023/08/05/seu-barriga-do-chaves-ganhei-mais-que-pensava-mas-menos-do-que-acham.htm, skipping...
[ERROR - 2026-03-03 19:06:35,472 - Worker_1] Status code == 403 for https://tab.uol.com.br/noticias/redacao/2023/07/28/a-guerra-dos-cogumelos-no-brasil.htm, skipping...
[ERROR - 2026-03-03 19:06:51,094 - Worker_4] Status code == 403 for https://tab.uol.com.br/colunas/matheus-pichonelli/2023/08/07/jenio-romeu-zema-largou-para-2026-chamando-eleitor-de-vaca-improdutiva.htm, skipping...
[ERROR - 2026-03-03 19:07:00,211 - Worker_4] Status code == 403 for https://noticias.uol.com.br/politica/ultimas-noticias/2023/08/07/bolsonaro-recorre-tse-decisao.htm, skipping...
[ERROR - 2026-03-03 19:07:00,231 - Worker_0] Status code == 403 for https://noticias.uol.com.br/colunas/aguirre-talento/2023/08/07/em-sigilo-pgr-pede-ao-stf-para-anular-investigacao-da-pf-que-envolve-lira.htm, skipping...
[ERROR - 2026-03-03 19:07:04,337 - Worker_0] Status code == 403 for https://noticias.uol.com.br/colunas/leonardo-sakamoto/2023/08/07/caixa-ignora-lula-e-esconde-que-ajudou-bolsonaro-a-comprar-voto-de-pobres.htm, skipping...
[ERROR - 2026-03-03 19:07:05,705 - Worker_3] Status code == 403 for https://noticias.uol.com.br/colunas/josmar-jozino/2023/08/07/guaruja-reduto-do-pcc-ja-e-chamado-de-polvora-do-atlantico-diz-policia.htm, skipping...
[ERROR - 2026-03-03 19:07:08,945 - Worker_1] Status code == 403 for https://noticias.uol.com.br/saude/ultimas-noticias/redacao/2023/08/07/ozonioterapia-lei-e-importante-contra-tratamentos-falsos-diz-associacao.htm, skipping...
[ERROR - 2026-03-03 19:07:09,169 - Worker_4] Status code == 403 for https://tab.uol.com.br/colunas/michel-alcoforado/2023/08/06/da-escola-sem-partido-a-escola-sem-livros.htm, skipping...
[ERROR - 2026-03-03 19:07:21,746 - Worker_3] Status code == 403 for https://noticias.uol.com.br/cotidiano/ultimas-noticias/2023/08/07/mp-tem-acesso-a-filmagens-de-7-acoes-com-morte-no-guaruja-diz-pm.htm, skipping...
[ERROR - 2026-03-03 19:07:28,684 - Worker_2] Status code == 403 for https://noticias.uol.com.br/ultimas-noticias/redacao/2023/07/27/pesquisa-percepcoes-sobre-racismo-no-brasil.htm, skipping...
[ERROR - 2026-03-03 19:07:31,184 - Worker_1] Status code == 403 for https://noticias.uol.com.br/colunas/josias-de-souza/2023/08/07/romeu-zema-candidatou-se-ao-posto-de-cabo-eleitoral-de-lula.htm, skipping...
[ERROR - 2026-03-03 19:07:32,533 - Worker_0] Status code == 403 for https://noticias.uol.com.br/cotidiano/ultimas-noticias/2023/08/07/homem-tapa-porteiro-bh-por-conta-de-xixi-predio.htm, skipping...
[ERROR - 2026-03-03 19:07:35,564 - Worker_3] Status code == 403 for https://noticias.uol.com.br/cotidiano/ultimas-noticias/2023/08/07/foragido-documento-falso-escapar-prisao-ms-erros-grafia.htm, skipping...
[ERROR - 2026-03-03 19:07:45,974 - Worker_4] Status code == 403 for https://noticias.uol.com.br/ultimas-noticias/ansa/2023/08/07/homem-morre-soterrado-por-queijos-grana-padano-na-italia.htm, skipping...
[ERROR - 2026-03-03 19:07:47,992 - Worker_0] Status code == 403 for https://noticias.uol.com.br/cotidiano/ultimas-noticias/2023/08/07/suspeitos-participacao-morte-medico-ms-presos.htm, skipping...
[ERROR - 2026-03-03 19:07:52,089 - Worker_0] Status code == 403 for https://noticias.uol.com.br/politica/ultimas-noticias/2023/08/07/caixa-retira-tarjas-de-documento-e-abre-investigacao-apos-reportagem-do-uol.htm, skipping...
[ERROR - 2026-03-03 19:07:54,714 - Worker_1] Status code == 403 for https://noticias.uol.com.br/internacional/ultimas-noticias/2023/08/07/brasileiro-morto-guerra-ucrania.htm, skipping...
[ERROR - 2026-03-03 19:07:56,239 - Worker_0] Status code == 403 for https://noticias.uol.com.br/politica/ultimas-noticias/2023/08/07/ex-vereador-zico-bacana-baleado-cabeca-morre-rio-de-janeiro.htm, skipping...
[ERROR - 2026-03-03 19:07:58,790 - Worker_4] Status code == 403 for https://tab.uol.com.br/noticias/redacao/2023/08/02/e-viajar-sem-sair-de-casa-filatelista-divulga-sua-paixao-por-selos.htm, skipping...
[ERROR - 2026-03-03 19:08:05,385 - Worker_2] Status code == 403 for https://tab.uol.com.br/noticias/redacao/2023/08/04/o-modus-operandi-de-thiago-brennand.htm, skipping...
[ERROR - 2026-03-03 19:08:08,344 - Worker_0] Status code == 403 for https://noticias.uol.com.br/ultimas-noticias/reuters/2023/08/07/juiz-rejeita-acao-de-trumpcontra-escritora-e-jean-carroll-por-difamacao.htm, skipping...
[ERROR - 2026-03-03 19:08:09,484 - Worker_2] Status code == 403 for https://noticias.uol.com.br/confere/ultimas-noticias/2023/08/07/checagem-gabriel-monteiro.htm, skipping...
[ERROR - 2026-03-03 19:08:14,648 - Worker_0] Status code == 403 for https://noticias.uol.com.br/cotidiano/ultimas-noticias/2023/08/07/post-twitter-pm-morte-13-anos.htm, skipping...
[ERROR - 2026-03-03 19:08:18,677 - Worker_4] Status code == 403 for https://tab.uol.com.br/noticias/redacao/2023/08/07/thiago-brennand-queria-casar-para-poder-ir-para-os-eua-diz-ex-americana.htm, skipping...
[ERROR - 2026-03-03 19:08:18,737 - Worker_0] Status code == 403 for https://noticias.uol.com.br/politica/ultimas-noticias/2023/08/07/cpi-emails-jair-bolsonaro.htm, skipping...
[ERROR - 2026-03-03 19:08:22,769 - Worker_4] Status code == 403 for https://tab.uol.com.br/noticias/redacao/2023/07/26/onda-rosa-ouro-branco-o-fetiche-no-pais-dos-cornos-e-mais.htm, skipping...
[ERROR - 2026-03-03 19:08:22,834 - Worker_0] Status code == 403 for https://noticias.uol.com.br/politica/ultimas-noticias/2023/08/08/torres-na-cpi-do-81-tem-tornozeleira-gentilezas-e-foca-em-mim.htm, skipping...
[ERROR - 2026-03-03 19:08:26,187 - Worker_3] Status code == 403 for https://tab.uol.com.br/noticias/redacao/2023/08/05/seu-barriga-do-chaves-ganhei-mais-que-pensava-mas-menos-do-que-acham.htm, skipping...
[ERROR - 2026-03-03 19:08:30,335 - Worker_3] Status code == 403 for https://noticias.uol.com.br/cotidiano/ultimas-noticias/2023/08/08/justica-denuncia-suspeitos-morte-pm-da-rota-guaruja.htm, skipping...
[ERROR - 2026-03-03 19:08:42,497 - Worker_2] Status code == 403 for https://noticias.uol.com.br/internacional/ultimas-noticias/2023/08/08/brasileiro-morto-bunker-ucrania-queria-dinheiro-escola-criancas-africa.htm, skipping...
[ERROR - 2026-03-03 19:08:47,689 - Worker_4] Status code == 403 for https://noticias.uol.com.br/politica/ultimas-noticias/2023/08/08/torres-diz-que-tirou-ferias-por-nao-haver-ameacas-mas-foi-avisado-de-atos.htm, skipping...
[ERROR - 2026-03-03 19:08:50,064 - Worker_1] Status code == 403 for https://noticias.uol.com.br/cotidiano/ultimas-noticias/2023/08/08/homem-esfaqueia-duas-pessoas-dentro-do-trem-em-sao-paulo.htm, skipping...
[ERROR - 2026-03-03 19:08:52,793 - Worker_0] Status code == 403 for https://noticias.uol.com.br/internacional/ultimas-noticias/2023/08/08/mulher-e-mordida-por-tubarao-em-nova-york-ataque-e-o-primeiro-em-50-anos.htm, skipping...
[ERROR - 2026-03-03 19:08:57,170 - Worker_1] Status code == 403 for https://noticias.uol.com.br/cotidiano/ultimas-noticias/2023/08/08/mister-mg-morre-apos-partida-de-futebol.htm, skipping...
[ERROR - 2026-03-03 19:08:59,014 - Worker_4] Status code == 403 for https://noticias.uol.com.br/cotidiano/ultimas-noticias/2023/08/08/fisiculturista-gritou-socorro-varanda-fugir-incendio-rio.htm, skipping...
[ERROR - 2026-03-03 19:09:03,065 - Worker_0] Status code == 403 for https://noticias.uol.com.br/cotidiano/ultimas-noticias/2023/08/08/medico-morto-ms-vitima-asfixia-policia-investiga-motivacao.htm, skipping...
[ERROR - 2026-03-03 19:09:08,078 - Worker_4] Status code == 403 for https://noticias.uol.com.br/colunas/leonardo-sakamoto/2023/08/08/os-r-14-mil-de-jair-na-mega-sena-nao-chocam-bolsonaristas-mas-deveria.htm, skipping...
[ERROR - 2026-03-03 19:09:14,305 - Worker_2] Status code == 403 for https://noticias.uol.com.br/politica/ultimas-noticias/2023/08/08/nikolas-ferreira-condenacao-transfobia.htm, skipping...
[ERROR - 2026-03-03 19:09:19,344 - Worker_0] Status code == 403 for https://noticias.uol.com.br/ultimas-noticias/redacao/2023/07/27/pesquisa-percepcoes-sobre-racismo-no-brasil.htm, skipping...
[ERROR - 2026-03-03 19:09:20,948 - Worker_2] Status code == 403 for https://noticias.uol.com.br/cotidiano/ultimas-noticias/2023/08/08/empresario-morte-foz-do-iguacu.htm, skipping...
[ERROR - 2026-03-03 19:09:26,190 - Worker_1] Status code == 403 for https://noticias.uol.com.br/politica/ultimas-noticias/2023/08/08/quais-sao-pre-candidatos-prefeitura-sp.htm, skipping...
[ERROR - 2026-03-03 19:09:29,492 - Worker_3] Status code == 403 for https://noticias.uol.com.br/colunas/jose-roberto-de-toledo/2023/08/08/para-se-eleger-presidente-zema-quer-rachar-o-brasil.htm, skipping...
[ERROR - 2026-03-03 19:09:33,618 - Worker_3] Status code == 403 for https://noticias.uol.com.br/colunas/juliana-dal-piva/2023/08/08/mp-denuncia-o-ex-diretor-marcius-melhem-ao-tj-rj.htm, skipping...
[ERROR - 2026-03-03 19:09:40,227 - Worker_3] Status code == 403 for https://noticias.uol.com.br/internacional/ultimas-noticias/2023/08/08/jovens-mostram-tuneis-e-quarto-secretos-descobertos-em-hospedagem-do-airbnb.htm, skipping...
[ERROR - 2026-03-03 19:09:42,540 - Worker_4] Status code == 403 for https://noticias.uol.com.br/colunas/tales-faria/2023/08/08/centrao-adia-votacoes-faz-novas-exigencias-no-orcamento-e-ameaca-o-pac.htm, skipping...
[ERROR - 2026-03-03 19:09:44,322 - Worker_3] Status code == 403 for https://noticias.uol.com.br/colunas/jamil-chade/2023/08/08/julho-e-mes-mais-quente-ja-registrado-e-mundo-vive-momento-critico.htm, skipping...
[ERROR - 2026-03-03 19:09:44,550 - Worker_2] Status code == 403 for https://noticias.uol.com.br/ultimas-noticias/reuters/2023/08/08/israel-ameaca-devolver-libano-a-idade-da-pedra-em-caso-de-guerra-com-hezbollah.htm, skipping...
[ERROR - 2026-03-03 19:09:51,165 - Worker_1] Status code == 403 for https://tab.uol.com.br/noticias/redacao/2023/08/02/e-viajar-sem-sair-de-casa-filatelista-divulga-sua-paixao-por-selos.htm, skipping...
[ERROR - 2026-03-03 19:09:57,650 - Worker_1] Status code == 403 for https://noticias.uol.com.br/cotidiano/ultimas-noticias/2023/08/08/me-senti-quebrando-ao-meio-diz-homem-atingido-por-aparelho-de-academia.htm, skipping...
[ERROR - 2026-03-03 19:10:06,992 - Worker_0] Status code == 403 for https://tab.uol.com.br/noticias/redacao/2023/08/04/o-modus-operandi-de-thiago-brennand.htm, skipping...
[ERROR - 2026-03-03 19:10:16,670 - Worker_4] Status code == 403 for https://noticias.uol.com.br/internacional/ultimas-noticias/2023/08/08/funcionario-negro-de-pier-e-agredido-e-briga-acaba-em-socos-e-cadeiradas.htm, skipping...
[ERROR - 2026-03-03 19:10:16,673 - Worker_2] Status code == 403 for https://noticias.uol.com.br/colunas/josias-de-souza/2023/08/08/lira-sequestrou-nova-regra-fiscal-e-cobra-ministerios-como-resgate.htm, skipping...
[ERROR - 2026-03-03 19:10:19,379 - Worker_0] Status code == 403 for https://tab.uol.com.br/noticias/redacao/2023/08/07/thiago-brennand-queria-casar-para-poder-ir-para-os-eua-diz-ex-americana.htm, skipping...
[ERROR - 2026-03-03 19:10:20,773 - Worker_2] Status code == 403 for https://noticias.uol.com.br/cotidiano/ultimas-noticias/2023/08/08/helicoptero-da-marinha-cai-em-formosa-go.htm, skipping...
[ERROR - 2026-03-03 19:10:24,923 - Worker_2] Status code == 403 for https://noticias.uol.com.br/cotidiano/ultimas-noticias/2023/08/09/homem-abordagem-casa-policia-militar-bahia.htm, skipping...
[ERROR - 2026-03-03 19:10:26,659 - Worker_1] Status code == 403 for https://tab.uol.com.br/noticias/redacao/2023/07/26/onda-rosa-ouro-branco-o-fetiche-no-pais-dos-cornos-e-mais.htm, skipping...
[ERROR - 2026-03-03 19:10:29,111 - Worker_2] Status code == 403 for https://noticias.uol.com.br/ultimas-noticias/agencia-estado/2023/08/09/silvinei-disse-muita-merda-policiamento-direcionado-revela-agente-sobre-reuniao-pre-2-turno.htm, skipping...
[ERROR - 2026-03-03 19:10:30,783 - Worker_1] Status code == 403 for https://noticias.uol.com.br/colunas/josmar-jozino/2023/08/09/pm-da-rota-tatuou-no-peito-a-frase-armas-de-fogo-meu-corpo-nao-alcancarao.htm, skipping...
[ERROR - 2026-03-03 19:10:39,645 - Worker_3] Status code == 403 for https://noticias.uol.com.br/politica/ultimas-noticias/2023/08/09/horas-apos-blitze-no-2-turno-bolsonaro-esteve-com-silvinei-e-torres.htm, skipping...
[ERROR - 2026-03-03 19:11:05,623 - Worker_3] Status code == 403 for https://tab.uol.com.br/noticias/redacao/2023/08/09/orfao-na-politica-mbl-mira-ufsc-e-cria-clima-de-tensao-em-santa-catarina.htm, skipping...
[ERROR - 2026-03-03 19:11:24,577 - Worker_3] Status code == 403 for https://tab.uol.com.br/noticias/redacao/2023/08/08/arqueologos-fazem-escavacoes-no-quintal-do-coronel-brilhante-ustra-em-sp.htm, skipping...
[ERROR - 2026-03-03 19:11:34,290 - Worker_1] Status code == 403 for https://noticias.uol.com.br/politica/ultimas-noticias/2023/08/09/nikolas-ferreira-cassacao-conselho-de-etica-peruca-dia-da-mulher.htm, skipping...
[ERROR - 2026-03-03 19:11:36,110 - Worker_3] Status code == 403 for https://noticias.uol.com.br/cotidiano/ultimas-noticias/2023/08/08/jovem-expoe-traicao-de-namorado-em-festa-de-familia-e-video-viraliza.htm, skipping...
[ERROR - 2026-03-03 19:11:38,672 - Worker_1] Status code == 403 for https://noticias.uol.com.br/internacional/ultimas-noticias/2023/08/09/jovem-cai-de-setimo-andar-de-predio-sobrevive-e-medicos-citam-milagre.htm, skipping...
[ERROR - 2026-03-03 19:11:39,054 - Worker_0] Status code == 403 for https://noticias.uol.com.br/politica/ultimas-noticias/2023/08/09/fuzilar-petralhada-zanin-encaminha-processo-bolsonaro-acre.htm, skipping...
[ERROR - 2026-03-03 19:11:47,922 - Worker_4] Status code == 403 for https://noticias.uol.com.br/cotidiano/ultimas-noticias/2023/08/09/estudante-psicologia-preso-estupro-criancas-parana.htm, skipping...
[ERROR - 2026-03-03 19:12:10,157 - Worker_0] Status code == 403 for https://tab.uol.com.br/colunas/matheus-pichonelli/2023/08/09/chacinas-ensinam-que-seguranca-x-direitos-humanos-e-uma-falsa-dicotomia.htm, skipping...
[ERROR - 2026-03-03 19:12:15,250 - Worker_1] Status code == 403 for https://tab.uol.com.br/noticias/redacao/2023/08/04/o-modus-operandi-de-thiago-brennand.htm, skipping...
[ERROR - 2026-03-03 19:12:31,124 - Worker_1] Status code == 403 for https://tab.uol.com.br/noticias/redacao/2023/07/26/onda-rosa-ouro-branco-o-fetiche-no-pais-dos-cornos-e-mais.htm, skipping...
[ERROR - 2026-03-03 19:12:37,265 - Worker_4] Status code == 403 for https://noticias.uol.com.br/cotidiano/ultimas-noticias/2023/08/10/modelo-morte-boate-rj.htm, skipping...
[ERROR - 2026-03-03 19:12:37,777 - Worker_0] Status code == 403 for https://tab.uol.com.br/noticias/redacao/2023/08/10/armas-drogas-e-nazismo-policia-investiga-motoclube-no-rio.htm, skipping...
[ERROR - 2026-03-03 19:12:59,908 - Worker_4] Status code == 403 for https://tab.uol.com.br/noticias/redacao/2023/08/10/uso-de-drogas-perto-do-ver-o-peso-em-belem-desafia-cidade-sede-da-cop-30.htm, skipping...
[ERROR - 2026-03-03 19:13:29,760 - Worker_3] Status code == 403 for https://noticias.uol.com.br/internacional/ultimas-noticias/2023/08/10/villavicencio-esquerda-ou-direita.htm, skipping...
[ERROR - 2026-03-03 19:13:29,928 - Worker_4] Status code == 403 for https://noticias.uol.com.br/politica/ultimas-noticias/2023/08/10/kennedy-bolsonaro-usou-caixa-como-instrumento-para-tentar-roubar-eleicao.htm, skipping...
[ERROR - 2026-03-03 19:13:34,634 - Worker_1] Status code == 403 for https://noticias.uol.com.br/colunas/tales-faria/2023/08/10/pf-busca-mais-provas-e-aposta-em-delacoes-em-serie-contra-bolsonaro.htm, skipping...
[ERROR - 2026-03-03 19:13:38,735 - Worker_1] Status code == 403 for https://noticias.uol.com.br/colunas/carlos-madeiro/2023/08/10/soldado-que-denunciou-agressao-e-homofobia-de-pms-morre-apos-14-dias-no-ma.htm, skipping...
[ERROR - 2026-03-03 19:13:39,945 - Worker_0] Status code == 403 for https://noticias.uol.com.br/cotidiano/ultimas-noticias/2023/08/10/acidente-academia-alta.htm, skipping...
[ERROR - 2026-03-03 19:13:41,282 - Worker_2] Status code == 403 for https://noticias.uol.com.br/internacional/ultimas-noticias/2023/08/10/alpinista-morre-e-e-deixado-por-colegas-na-2-montanha-mais-alta-do-mundo.htm, skipping...
[ERROR - 2026-03-03 19:13:44,044 - Worker_0] Status code == 403 for https://noticias.uol.com.br/cotidiano/ultimas-noticias/2023/08/10/pedro-ii-briga-rua.htm, skipping...
[ERROR - 2026-03-03 19:13:53,647 - Worker_1] Status code == 404 for https://www.uol.com.br/universa/horoscopo/noticias/redacao/2023/08/10/o-que-ha-por-tras-do-dedo-podre-de-cada-signo-peixes-exagera-no-romantismo.htm, skipping...
[ERROR - 2026-03-03 19:13:56,174 - Worker_4] Status code == 403 for https://tab.uol.com.br/noticias/redacao/2023/08/04/o-modus-operandi-de-thiago-brennand.htm, skipping...
[ERROR - 2026-03-03 19:14:03,168 - Worker_1] Status code == 403 for https://noticias.uol.com.br/colunas/rogerio-gentile/2023/08/10/corinthians-e-condenado-a-indenizar-familia-de-tim-maia-por-uso-de-musica.htm, skipping...
[ERROR - 2026-03-03 19:14:06,642 - Worker_3] Status code == 403 for https://noticias.uol.com.br/colunas/josias-de-souza/2023/08/10/lula-transforma-lancamento-de-novo-programa-num-pacmicio.htm, skipping...
[ERROR - 2026-03-03 19:14:07,776 - Worker_4] Status code == 403 for https://educacao.uol.com.br/noticias/2023/08/10/por-que-666-e-o-numero-da-besta.htm, skipping...
[ERROR - 2026-03-03 19:14:12,131 - Worker_4] Status code == 403 for https://tab.uol.com.br/noticias/redacao/2023/07/26/onda-rosa-ouro-branco-o-fetiche-no-pais-dos-cornos-e-mais.htm, skipping...
[ERROR - 2026-03-03 19:14:16,959 - Worker_1] Status code == 403 for https://noticias.uol.com.br/colunas/aguirre-talento/2023/08/11/pf-diz-que-venda-de-joias-gerava-dinheiro-vivo-repassado-para-bolsonaro.htm, skipping...
[ERROR - 2026-03-03 19:14:27,059 - Worker_4] Status code == 403 for https://noticias.uol.com.br/cotidiano/ultimas-noticias/2023/08/11/confirmei-que-estava-gravida-e-horas-depois-tive-de-ser-amputada.htm, skipping...
[ERROR - 2026-03-03 19:14:29,845 - Worker_0] Status code == 403 for https://noticias.uol.com.br/colunas/leonardo-sakamoto/2023/08/11/camelodromo-bolsonaro-mostra-que-a-coisa-publica-foi-tratada-como-privada.htm, skipping...
[ERROR - 2026-03-03 19:14:31,166 - Worker_4] Status code == 403 for https://noticias.uol.com.br/cotidiano/ultimas-noticias/2023/08/11/homem-loja-cafe-assalto.htm, skipping...
[ERROR - 2026-03-03 19:14:33,938 - Worker_0] Status code == 403 for https://noticias.uol.com.br/ultimas-noticias/afp/2023/08/11/inundacoes-no-norte-da-china-deixam-ao-menos-78-mortos.htm, skipping...
[ERROR - 2026-03-03 19:14:35,254 - Worker_4] Status code == 403 for https://noticias.uol.com.br/colunas/andre-santana/2023/08/11/bahia-petista-e-locomotiva-do-genocidio-negro-diz-ex-dirigente-do-pt.htm, skipping...
[ERROR - 2026-03-03 19:14:35,722 - Worker_1] Status code == 403 for https://tab.uol.com.br/noticias/redacao/2023/08/11/me-sinto-artista-cantores-de-forro-trocam-risca-faca-por-baladas-em-sp.htm, skipping...
[ERROR - 2026-03-03 19:14:43,697 - Worker_0] Status code == 403 for https://noticias.uol.com.br/ultimas-noticias/afp/2023/08/11/colegio-militar-pune-alunos-com-nudez-e-provoca-escandalo-no-peru.htm, skipping...
[ERROR - 2026-03-03 19:14:51,022 - Worker_3] Status code == 403 for https://tab.uol.com.br/noticias/redacao/2023/08/10/uso-de-drogas-perto-do-ver-o-peso-em-belem-desafia-cidade-sede-da-cop-30.htm, skipping...
[ERROR - 2026-03-03 19:15:34,690 - Worker_3] Status code == 403 for https://tab.uol.com.br/colunas/matheus-pichonelli/2023/08/11/arquiteto-expoem-ex-patrao-que-cobrou-servico-apos-demissao-e-ta-errado.htm, skipping...
[ERROR - 2026-03-03 19:15:43,391 - Worker_4] Status code == 403 for https://noticias.uol.com.br/politica/ultimas-noticias/2023/08/11/reale-jr-ha-elementos-para-prisao-preventiva-de-bolsonaro-em-caso-de-joias.htm, skipping...
[ERROR - 2026-03-03 19:15:49,918 - Worker_4] Status code == 403 for https://tab.uol.com.br/noticias/redacao/2023/08/04/o-modus-operandi-de-thiago-brennand.htm, skipping...
[ERROR - 2026-03-03 19:15:53,803 - Worker_2] Status code == 403 for https://noticias.uol.com.br/politica/ultimas-noticias/2023/08/11/pf-vai-chamar-michelle-bolsonaro-para-depor.htm, skipping...
[ERROR - 2026-03-03 19:15:53,807 - Worker_1] Status code == 403 for https://noticias.uol.com.br/politica/ultimas-noticias/2023/08/11/video-mostra-kit-de-joias-que-auxiliares-de-bolsonaro-mandaram-para-leilao.htm, skipping...
[ERROR - 2026-03-03 19:16:03,571 - Worker_1] Status code == 404 for https://www.uol.com.br/universa/horoscopo/noticias/redacao/2023/08/11/qual-o-lugar-ideal-para-cada-signo-na-hora-do-sexo-sagitario-topa-tudo.htm, skipping...
[ERROR - 2026-03-03 19:16:08,464 - Worker_3] Status code == 403 for https://tab.uol.com.br/noticias/redacao/2023/07/26/onda-rosa-ouro-branco-o-fetiche-no-pais-dos-cornos-e-mais.htm, skipping...
[ERROR - 2026-03-03 19:16:10,179 - Worker_1] Status code == 403 for https://noticias.uol.com.br/colunas/reinaldo-azevedo/2023/08/12/bolsonaro-o-lobo-e-o-vicio-ou-da-hipocrisia-e-das-coisas-vis-deste-mundo.htm, skipping...
[ERROR - 2026-03-03 19:16:14,270 - Worker_1] Status code == 403 for https://noticias.uol.com.br/colunas/carlos-madeiro/2023/08/12/porque-sertao-da-pb-e-local-ideal-para-radiotelescopio-escutar-o-universo.htm, skipping...
[ERROR - 2026-03-03 19:16:17,332 - Worker_4] Status code == 403 for https://noticias.uol.com.br/ultimas-noticias/afp/2023/08/11/pai-de-criancas-resgatadas-na-selva-amazonica-e-capturado-na-colombia.htm, skipping...
[ERROR - 2026-03-03 19:16:18,365 - Worker_1] Status code == 403 for https://noticias.uol.com.br/cotidiano/ultimas-noticias/2023/08/12/procurada-interpol-nos-eua-viuva-negra-negociou-imovel-rj.htm, skipping...
[ERROR - 2026-03-03 19:16:24,767 - Worker_2] Status code == 403 for https://noticias.uol.com.br/ultimas-noticias/agencia-estado/2023/08/12/policia-de-sp-apura-se-adolescente-que-morreu-baleada-por-amigo-participava-de-roleta-russa.htm, skipping...
[ERROR - 2026-03-03 19:16:30,990 - Worker_0] Status code == 403 for https://noticias.uol.com.br/ultimas-noticias/afp/2023/08/12/por-que-biden-chamou-china-de-bomba-relogio-prestes-a-fazer-coisas-ruins.htm, skipping...
[ERROR - 2026-03-03 19:16:31,806 - Worker_2] Status code == 403 for https://noticias.uol.com.br/colunas/andre-santana/2023/08/11/bahia-petista-e-locomotiva-do-genocidio-negro-diz-ex-dirigente-do-pt.htm, skipping...
[ERROR - 2026-03-03 19:16:35,174 - Worker_0] Status code == 403 for https://tab.uol.com.br/noticias/redacao/2023/08/11/me-sinto-artista-cantores-de-forro-trocam-risca-faca-por-baladas-em-sp.htm, skipping...
[ERROR - 2026-03-03 19:16:38,202 - Worker_4] Status code == 403 for https://noticias.uol.com.br/colunas/reinaldo-azevedo/2023/08/12/o-e-da-coisa-o-pais-do-peculato-e-da-vigarice-e-o-pais-do-lula-estadista.htm, skipping...
[ERROR - 2026-03-03 19:16:38,465 - Worker_3] Status code == 403 for https://noticias.uol.com.br/cotidiano/ultimas-noticias/2023/08/12/mulher-suspeita-abusos-filho.htm, skipping...
[ERROR - 2026-03-03 19:16:38,833 - Worker_1] Status code == 403 for https://noticias.uol.com.br/ultimas-noticias/agencia-estado/2023/08/11/tj-sp-condena-randolfe-a-pagar-r-30-mil-por-chamar-fakhoury-de-criminoso.htm, skipping...
[ERROR - 2026-03-03 19:16:39,538 - Worker_0] Status code == 403 for https://noticias.uol.com.br/cotidiano/ultimas-noticias/2023/08/12/familiar-eloa-menina-5-anos-morta-rio-pulando-cama.htm, skipping...
[ERROR - 2026-03-03 19:16:42,562 - Worker_4] Status code == 403 for https://noticias.uol.com.br/ultimas-noticias/afp/2023/08/12/seis-migrantes-morrem-em-naufragio-no-canal-da-mancha.htm, skipping...
[ERROR - 2026-03-03 19:16:42,811 - Worker_3] Status code == 403 for https://noticias.uol.com.br/colunas/leonardo-sakamoto/2023/08/12/para-bolsonaro-pecha-de-ladrao-de-joias-e-pior-que-genocida-ou-golpista.htm, skipping...
[ERROR - 2026-03-03 19:16:46,917 - Worker_3] Status code == 403 for https://tab.uol.com.br/noticias/redacao/2023/08/10/uso-de-drogas-perto-do-ver-o-peso-em-belem-desafia-cidade-sede-da-cop-30.htm, skipping...
[ERROR - 2026-03-03 19:16:55,359 - Worker_1] Status code == 403 for https://noticias.uol.com.br/ultimas-noticias/agencia-brasil/2023/08/12/policia-afasta-envolvidos-em-morte-de-menino-na-cidade-de-deus.htm, skipping...
[ERROR - 2026-03-03 19:16:58,255 - Worker_4] Status code == 403 for https://noticias.uol.com.br/ultimas-noticias/redacao/2023/07/27/pesquisa-percepcoes-sobre-racismo-no-brasil.htm, skipping...
[ERROR - 2026-03-03 19:17:11,937 - Worker_1] Status code == 403 for https://economia.uol.com.br/noticias/redacao/2023/08/12/biscoito-globo-entenda-a-disputa-pela-heranca-do-fundador.htm, skipping...
[ERROR - 2026-03-03 19:17:20,421 - Worker_4] Status code == 403 for https://economia.uol.com.br/mais/ultimas-noticias/2023/08/12/valor-total-mensal-liberdade-financeira.htm, skipping...
[ERROR - 2026-03-03 19:17:29,073 - Worker_1] Status code == 403 for https://tab.uol.com.br/noticias/redacao/2023/08/12/copa-do-condado-paulo-guedes-e-cristiano-ronaldo-no-torneio-faria-limer.htm, skipping...
[ERROR - 2026-03-03 19:17:35,471 - Worker_0] Status code == 403 for https://economia.uol.com.br/videos/2023/08/07/midia-e-marketing-168-rafael-ugo-diretor-de-marketing-da-volvo-cars-america-latina.htm, skipping...
[ERROR - 2026-03-03 19:17:36,195 - Worker_1] Status code == 404 for https://www.uol.com.br/universa/horoscopo/noticias/redacao/2023/08/12/a-missao-de-vida-de-cada-signo-gemeos-e-comunicar-capricornio-concretizar.htm, skipping...
[ERROR - 2026-03-03 19:17:40,562 - Worker_1] Status code == 403 for https://tab.uol.com.br/noticias/redacao/2023/08/04/o-modus-operandi-de-thiago-brennand.htm, skipping...
[ERROR - 2026-03-03 19:17:40,858 - Worker_4] Status code == 403 for https://noticias.uol.com.br/ultimas-noticias/2023/08/12/mega-sena-paga-hoje-premio-de-r-115-milhoes-veja-como-apostar.htm, skipping...
[ERROR - 2026-03-03 19:17:53,127 - Worker_2] Status code == 403 for https://tab.uol.com.br/noticias/redacao/2023/07/26/onda-rosa-ouro-branco-o-fetiche-no-pais-dos-cornos-e-mais.htm, skipping...
[ERROR - 2026-03-03 19:17:53,619 - Worker_4] Status code == 403 for https://economia.uol.com.br/imposto-de-renda/noticias/redacao/2023/03/09/imposto-de-renda-2023-receita-libera-download-do-programa.htm, skipping...
[ERROR - 2026-03-03 19:18:12,599 - Worker_4] Status code == 403 for https://tab.uol.com.br/colunas/matheus-pichonelli/2023/08/13/o-jovem-mistico-e-um-expoente-good-vibes-da-turma-nem-nem-nem.htm, skipping...
[ERROR - 2026-03-03 19:18:20,065 - Worker_3] Status code == 404 for https://www.uol.com.br/universa/horoscopo/noticias/redacao/2023/08/13/signo-de-aries-e-teimoso-e-o-pior-dos-inimigos-veja-mais-13-curiosidades.htm, skipping...
[ERROR - 2026-03-03 19:18:35,735 - Worker_0] Status code == 403 for https://tab.uol.com.br/noticias/redacao/2023/08/12/presidente-e-cacique-temporario-a-1-constituicao-em-lingua-indigena.htm, skipping...
[ERROR - 2026-03-03 19:18:39,305 - Worker_3] Status code == 403 for https://noticias.uol.com.br/cotidiano/ultimas-noticias/2023/08/13/homem-atropela-9-pessoas-na-zona-norte-de-sp.htm, skipping...
[ERROR - 2026-03-03 19:18:55,527 - Worker_2] Status code == 403 for https://noticias.uol.com.br/cotidiano/ultimas-noticias/2023/08/13/abalado-pai-menina-eloa-baleada-morta-ilha-do-governador-rio-de-janeiro.htm, skipping...
[ERROR - 2026-03-03 19:19:03,072 - Worker_2] Status code == 403 for https://noticias.uol.com.br/ultimas-noticias/deutschewelle/2023/08/13/china-troca-chefes-de-arrsenal-nuclear-na-surdina-jogo-de-poder-ou-estrategia.htm, skipping...
[ERROR - 2026-03-03 19:19:05,813 - Worker_3] Status code == 403 for https://noticias.uol.com.br/politica/ultimas-noticias/2023/08/13/advogado-mauro-cid-deixa-defesa.htm, skipping...
[ERROR - 2026-03-03 19:19:06,785 - Worker_0] Status code == 403 for https://noticias.uol.com.br/cotidiano/ultimas-noticias/2023/08/13/padre-encontrado-morto-minas-gerais.htm, skipping...
[ERROR - 2026-03-03 19:19:09,899 - Worker_3] Status code == 403 for https://noticias.uol.com.br/ultimas-noticias/2023/08/12/mega-sena-2620-concurso-numeros-sorteio-de-hoje-12-de-agosto.htm, skipping...
[ERROR - 2026-03-03 19:19:10,911 - Worker_0] Status code == 403 for https://tab.uol.com.br/noticias/redacao/2023/08/13/sem-andre-valadao-lagoinha-se-reune-para-conquistar-o-mundo-para-cristo.htm, skipping...
[ERROR - 2026-03-03 19:19:17,696 - Worker_4] Status code == 403 for https://tab.uol.com.br/noticias/redacao/2023/08/04/o-modus-operandi-de-thiago-brennand.htm, skipping...
[ERROR - 2026-03-03 19:19:21,875 - Worker_4] Status code == 403 for https://noticias.uol.com.br/internacional/ultimas-noticias/2023/08/13/explosao-casa-estados-unidos-mortos-feridos.htm, skipping...
[ERROR - 2026-03-03 19:19:25,200 - Worker_3] Status code == 403 for https://noticias.uol.com.br/internacional/ultimas-noticias/2023/08/13/iate-de-luxo-pega-fogo-na-espanha-e-tripulacao-e-passageiros-fogem-nadando.htm, skipping...
[ERROR - 2026-03-03 19:19:32,390 - Worker_3] Status code == 403 for https://tab.uol.com.br/noticias/redacao/2023/07/26/onda-rosa-ouro-branco-o-fetiche-no-pais-dos-cornos-e-mais.htm, skipping...
[ERROR - 2026-03-03 19:19:32,879 - Worker_4] Status code == 403 for https://noticias.uol.com.br/cotidiano/ultimas-noticias/2023/08/14/crianca-agredida-confusao-condominio-mato-grosso.htm, skipping...
[ERROR - 2026-03-03 19:19:36,501 - Worker_3] Status code == 403 for https://noticias.uol.com.br/colunas/walter-maierovitch/2023/08/14/bolsonaro-joias-passaporte-fuga.htm, skipping...
[ERROR - 2026-03-03 19:19:36,505 - Worker_2] Status code == 403 for https://noticias.uol.com.br/meio-ambiente/ultimas-noticias/redacao/2023/08/14/supercelula-tempestade-rara-e-perigosa-surpreende-no-ceu-da-china.htm, skipping...
[ERROR - 2026-03-03 19:19:44,666 - Worker_0] Status code == 403 for https://noticias.uol.com.br/cotidiano/ultimas-noticias/2023/08/14/apos-viuva-negra-reaparecer-video-disque-denuncia-atualiza-cartaz-foragida.htm, skipping...
[ERROR - 2026-03-03 19:19:48,481 - Worker_4] Status code == 403 for https://noticias.uol.com.br/politica/ultimas-noticias/2023/08/14/tcu-inquerito-policia-federal-joias.htm, skipping...
[ERROR - 2026-03-03 19:19:50,290 - Worker_2] Status code == 403 for https://noticias.uol.com.br/confere/ultimas-noticias/2023/08/14/chefe-da-onu-nao-defendeu-exclusao-dos-cristaos-da-sociedade.htm, skipping...
[ERROR - 2026-03-03 19:19:54,389 - Worker_1] Status code == 403 for https://noticias.uol.com.br/colunas/josias-de-souza/2023/08/14/eleitor-argentino-chuta-o-balde-e-ensaia-guinada-para-ultradireita.htm, skipping...
[ERROR - 2026-03-03 19:20:03,992 - Worker_1] Status code == 403 for https://noticias.uol.com.br/internacional/ultimas-noticias/2023/08/14/quem-e-javier-milei-candidato-presidencia-argentina.htm, skipping...
[ERROR - 2026-03-03 19:20:16,816 - Worker_1] Status code == 403 for https://tab.uol.com.br/noticias/redacao/2023/08/12/presidente-e-cacique-temporario-a-1-constituicao-em-lingua-indigena.htm, skipping...
[ERROR - 2026-03-03 19:20:19,277 - Worker_3] Status code == 403 for https://noticias.uol.com.br/ultimas-noticias/redacao/2023/07/27/pesquisa-percepcoes-sobre-racismo-no-brasil.htm, skipping...
[ERROR - 2026-03-03 19:20:40,254 - Worker_1] Status code == 403 for https://noticias.uol.com.br/colunas/josias-de-souza/2023/08/14/poderio-de-bolsonaro-como-cabo-eleitoral-sera-dosado-por-moraes.htm, skipping...
[ERROR - 2026-03-03 19:20:47,579 - Worker_2] Status code == 403 for https://noticias.uol.com.br/politica/ultimas-noticias/2023/08/14/governador-do-es-diz-que-governo-lula-e-positivo-mas-cobra-espaco-ao-psb.htm, skipping...
[ERROR - 2026-03-03 19:20:51,691 - Worker_4] Status code == 403 for https://noticias.uol.com.br/cotidiano/ultimas-noticias/2023/08/14/cliente-matou-advogado-apos-ser-traido-quando-estava-na-cadeia-diz-policia.htm, skipping...
[ERROR - 2026-03-03 19:20:51,693 - Worker_1] Status code == 403 for https://noticias.uol.com.br/internacional/ultimas-noticias/2023/08/14/vulcao-etna-entra-em-erupcao-e-provoca-fechamento-de-aeroporto-na-italia.htm, skipping...
[ERROR - 2026-03-03 19:21:01,191 - Worker_1] Status code == 403 for https://noticias.uol.com.br/politica/ultimas-noticias/2023/08/14/tre-cassa-governador-de-rr-por-distribuicao-de-cestas-basicas-nas-eleicoes.htm, skipping...
[ERROR - 2026-03-03 19:21:01,546 - Worker_0] Status code == 403 for https://tab.uol.com.br/noticias/redacao/2023/08/13/sem-andre-valadao-lagoinha-se-reune-para-conquistar-o-mundo-para-cristo.htm, skipping...
[ERROR - 2026-03-03 19:21:05,971 - Worker_0] Status code == 403 for https://noticias.uol.com.br/internacional/ultimas-noticias/2023/08/14/dirigente-politico-pedro-briones-e-assassinado-no-equador.htm, skipping...
[ERROR - 2026-03-03 19:21:09,268 - Worker_2] Status code == 403 for https://noticias.uol.com.br/politica/ultimas-noticias/2023/08/14/em-live-prefeito-de-cidade-na-pb-diz-que-e-dia-de-sexo-drogas-e-rock.htm, skipping...
[ERROR - 2026-03-03 19:21:10,321 - Worker_0] Status code == 403 for https://noticias.uol.com.br/colunas/leonardo-sakamoto/2023/08/14/bolsonaro-fugiria-caso-seja-condenado-ou-enfrentaria-a-prisao-como-lula.htm, skipping...
[ERROR - 2026-03-03 19:21:10,380 - Worker_3] Status code == 403 for https://noticias.uol.com.br/saude/ultimas-noticias/redacao/2023/08/14/novo-pac-saude-nisia-trindade-orcamento-samu-prioridade.htm, skipping...
[ERROR - 2026-03-03 19:21:12,263 - Worker_4] Status code == 403 for https://tab.uol.com.br/noticias/redacao/2023/08/04/o-modus-operandi-de-thiago-brennand.htm, skipping...
[ERROR - 2026-03-03 19:21:14,684 - Worker_0] Status code == 403 for https://noticias.uol.com.br/internacional/ultimas-noticias/2023/08/14/caca-sovietico-estados-unidos.htm, skipping...
[ERROR - 2026-03-03 19:21:16,522 - Worker_2] Status code == 403 for https://noticias.uol.com.br/internacional/ultimas-noticias/2023/08/14/corpos-mexico-freezers.htm, skipping...
[ERROR - 2026-03-03 19:21:16,653 - Worker_4] Status code == 403 for https://noticias.uol.com.br/cotidiano/ultimas-noticias/2023/08/14/flavio-dino-ministro-assina-demissao-policiais-morte-genivaldo.htm, skipping...
[ERROR - 2026-03-03 19:21:23,490 - Worker_0] Status code == 403 for https://noticias.uol.com.br/cotidiano/ultimas-noticias/2023/08/14/idoso-com-tumor-gigante-faz-cirurgia-de-retirada.htm, skipping...
[ERROR - 2026-03-03 19:21:26,696 - Worker_4] Status code == 403 for https://tab.uol.com.br/noticias/redacao/2023/07/26/onda-rosa-ouro-branco-o-fetiche-no-pais-dos-cornos-e-mais.htm, skipping...
[ERROR - 2026-03-03 19:21:27,366 - Worker_1] Status code == 403 for https://noticias.uol.com.br/cotidiano/ultimas-noticias/2023/08/15/namorado-morte-paraiba.htm, skipping...
[ERROR - 2026-03-03 19:21:39,304 - Worker_2] Status code == 403 for https://noticias.uol.com.br/ultimas-noticias/deutschewelle/2023/08/15/paraguai-quer-reaver-trofeus-de-guerra-devolucao-divide-historiadores.htm, skipping...
[ERROR - 2026-03-03 19:21:45,651 - Worker_2] Status code == 403 for https://noticias.uol.com.br/politica/ultimas-noticias/2023/08/15/cpi-do-81-bolsonaristas-usam-depoimento-de-fotografo-para-atacar-imprensa.htm, skipping...
[ERROR - 2026-03-03 19:21:48,804 - Worker_1] Status code == 403 for https://noticias.uol.com.br/colunas/rogerio-gentile/2023/08/15/desembargador-cita-escola-base-e-manda-tirar-do-ar-reportagem-de-russomanno.htm, skipping...
[ERROR - 2026-03-03 19:21:49,757 - Worker_2] Status code == 403 for https://noticias.uol.com.br/cotidiano/ultimas-noticias/2023/08/15/homem-sobe-em-capo-de-carro-para-perseguir-ex-e-e-levado-a-pm-em-al-veja.htm, skipping...
[ERROR - 2026-03-03 19:21:52,907 - Worker_1] Status code == 403 for https://noticias.uol.com.br/politica/ultimas-noticias/2023/08/15/lira-diz-que-fala-de-haddad-foi-inapropriada-e-cita-mudancas-no-arcabouco.htm, skipping...
[ERROR - 2026-03-03 19:21:53,942 - Worker_4] Status code == 403 for https://noticias.uol.com.br/colunas/kennedy-alencar/2023/08/15/analise-da-noticia-texto.htm, skipping...
[ERROR - 2026-03-03 19:21:57,339 - Worker_1] Status code == 403 for https://tab.uol.com.br/noticias/redacao/2023/08/15/fada-da-bunda-o-reinado-da-personal-carol-vaz-treinando-celebridades.htm, skipping...
[ERROR - 2026-03-03 19:21:58,291 - Worker_4] Status code == 403 for https://tab.uol.com.br/colunas/matheus-pichonelli/2023/08/15/de-neymar-a-larissa-manoela-o-papel-de-pais-gestores-na-familia-moderna.htm, skipping...
[ERROR - 2026-03-03 19:21:59,162 - Worker_2] Status code == 403 for https://noticias.uol.com.br/colunas/tales-faria/2023/08/15/arcabouco-fiscal-nao-tem-mais-data-limite-para-votacao-na-camara.htm, skipping...
[ERROR - 2026-03-03 19:22:02,820 - Worker_3] Status code == 403 for https://noticias.uol.com.br/cotidiano/ultimas-noticias/2023/08/15/lancha-explode-e-menino-fica-com-70-do-corpo-queimado-no-df-marinha-apura.htm, skipping...
[ERROR - 2026-03-03 19:22:03,262 - Worker_2] Status code == 403 for https://noticias.uol.com.br/cotidiano/ultimas-noticias/2023/08/15/relatos-queda-de-luz-brasil.htm, skipping...
[ERROR - 2026-03-03 19:22:15,689 - Worker_0] Status code == 403 for https://noticias.uol.com.br/politica/ultimas-noticias/2023/08/15/pessoas-trans-nao-podem-escolher-prisao-decide-stf-escolha-e-de-juizes.htm, skipping...
[ERROR - 2026-03-03 19:22:22,137 - Worker_1] Status code == 403 for https://noticias.uol.com.br/ultimas-noticias/redacao/2023/07/27/pesquisa-percepcoes-sobre-racismo-no-brasil.htm, skipping...
[ERROR - 2026-03-03 19:22:23,237 - Worker_3] Status code == 403 for https://noticias.uol.com.br/politica/ultimas-noticias/2023/08/15/cpi-do-mst-stedile-camarada-kim-kataguiri.htm, skipping...
[ERROR - 2026-03-03 19:22:25,224 - Worker_4] Status code == 403 for https://noticias.uol.com.br/politica/ultimas-noticias/2023/08/15/cpi-do-mst-deputados-esquerda-bone-mst-depoimento.htm, skipping...
[ERROR - 2026-03-03 19:22:27,934 - Worker_2] Status code == 403 for https://noticias.uol.com.br/cotidiano/ultimas-noticias/2023/08/15/justica-torna-reu-brasileiro-acusado-de-matar-esposa-e-filha-no-japao.htm, skipping...
[ERROR - 2026-03-03 19:22:56,291 - Worker_4] Status code == 403 for https://tab.uol.com.br/noticias/redacao/2023/08/13/sem-andre-valadao-lagoinha-se-reune-para-conquistar-o-mundo-para-cristo.htm, skipping...
[ERROR - 2026-03-03 19:23:13,563 - Worker_4] Status code == 403 for https://tab.uol.com.br/noticias/redacao/2023/07/26/onda-rosa-ouro-branco-o-fetiche-no-pais-dos-cornos-e-mais.htm, skipping...
[ERROR - 2026-03-03 19:23:38,143 - Worker_0] Status code == 403 for https://noticias.uol.com.br/confere/ultimas-noticias/2023/08/16/pfizer-nao-disse-que-funcionarios-receberam-vacina-especial-contra-covid.htm, skipping...
[ERROR - 2026-03-03 19:23:39,373 - Worker_3] Status code == 403 for https://tab.uol.com.br/noticias/redacao/2023/08/16/charlataes-e-abusos-boom-de-turismo-de-ayahuasca-abre-debate-na-colombia.htm, skipping...
[ERROR - 2026-03-03 19:23:40,917 - Worker_2] Status code == 403 for https://tab.uol.com.br/noticias/redacao/2023/08/15/fada-da-bunda-o-reinado-da-personal-carol-vaz-treinando-celebridades.htm, skipping...
[ERROR - 2026-03-03 19:23:45,699 - Worker_1] Status code == 403 for https://noticias.uol.com.br/ultimas-noticias/reuters/2023/08/16/multidao-no-paquistao-vandaliza-igrejas-e-incendeia-casas-apos-acusar-2-pessoas-de-blasfemia.htm, skipping...
[ERROR - 2026-03-03 19:23:45,965 - Worker_3] Status code == 403 for https://noticias.uol.com.br/ultimas-noticias/2023/08/16/mega-sena-concurso-2621-sorteio-16-de-agosto.htm, skipping...
[ERROR - 2026-03-03 19:23:48,024 - Worker_2] Status code == 403 for https://noticias.uol.com.br/ultimas-noticias/agencia-estado/2023/08/16/mudancas-no-pl-do-marco-temporal-incentivam-invasao-de-terra-indigena-e-grilagem.htm, skipping...
[ERROR - 2026-03-03 19:23:50,338 - Worker_3] Status code == 403 for https://noticias.uol.com.br/cotidiano/ultimas-noticias/2023/08/16/eposa-humorista-assassinado-minas-gerais.htm, skipping...
[ERROR - 2026-03-03 19:23:52,729 - Worker_4] Status code == 403 for https://noticias.uol.com.br/cotidiano/ultimas-noticias/2023/08/16/resgate-trabalho-escravo-maranhao.htm, skipping...
[ERROR - 2026-03-03 19:23:54,630 - Worker_2] Status code == 403 for https://noticias.uol.com.br/colunas/andre-santana/2023/08/16/mano-brown-recebera-titulo-de-doutor-honoris-causa-de-universidade-da-bahia.htm, skipping...
[ERROR - 2026-03-03 19:23:59,733 - Worker_1] Status code == 403 for https://noticias.uol.com.br/ultimas-noticias/redacao/2023/07/27/pesquisa-percepcoes-sobre-racismo-no-brasil.htm, skipping...
[ERROR - 2026-03-03 19:24:03,628 - Worker_3] Status code == 403 for https://noticias.uol.com.br/politica/ultimas-noticias/2023/08/16/tarcisio-projeto-multa-mascaras-bolsonaro-deve.htm, skipping...
[ERROR - 2026-03-03 19:24:04,111 - Worker_1] Status code == 403 for https://noticias.uol.com.br/politica/ultimas-noticias/2023/08/16/bolsonaro-pix-mascara.htm, skipping...
[ERROR - 2026-03-03 19:24:06,741 - Worker_0] Status code == 403 for https://noticias.uol.com.br/cotidiano/ultimas-noticias/2023/08/16/policia-identifica-agiotas-filmados-acoitando-vitima-no-mt-um-esta-preso.htm, skipping...
[ERROR - 2026-03-03 19:24:18,573 - Worker_2] Status code == 403 for https://noticias.uol.com.br/cotidiano/ultimas-noticias/2023/08/16/mulher-dopar-marido-morte-pr.htm, skipping...
[ERROR - 2026-03-03 19:24:22,983 - Worker_2] Status code == 403 for https://noticias.uol.com.br/ultimas-noticias/afp/2023/08/16/vietna-elefantas-acorrentadas-no-zoologico-de-hanoi-causam-indignacao.htm, skipping...
[ERROR - 2026-03-03 19:24:30,301 - Worker_0] Status code == 403 for https://noticias.uol.com.br/politica/ultimas-noticias/2023/08/16/walter-delgatti-neto-depoimento-pf.htm, skipping...
[ERROR - 2026-03-03 19:24:31,544 - Worker_2] Status code == 403 for https://tab.uol.com.br/noticias/redacao/2023/08/13/sem-andre-valadao-lagoinha-se-reune-para-conquistar-o-mundo-para-cristo.htm, skipping...
[ERROR - 2026-03-03 19:24:37,085 - Worker_0] Status code == 403 for https://noticias.uol.com.br/colunas/leonardo-sakamoto/2023/08/16/falta-de-imagens-sugere-que-chacina-do-guaruja-foi-planejada-como-vinganca.htm, skipping...
[ERROR - 2026-03-03 19:24:37,270 - Worker_3] Status code == 403 for https://noticias.uol.com.br/colunas/josias-de-souza/2023/08/16/lula-ja-invade-cidadelas-de-bolsonaro-revela-a-quaest.htm, skipping...
[ERROR - 2026-03-03 19:24:40,373 - Worker_2] Status code == 403 for https://noticias.uol.com.br/colunas/josias-de-souza/2023/08/16/novo-advogado-faz-de-mauro-cid-um-espinho-no-pe-de-bolsonaro.htm, skipping...
[ERROR - 2026-03-03 19:24:44,021 - Worker_1] Status code == 403 for https://noticias.uol.com.br/colunas/jose-roberto-de-toledo/2023/08/16/como-lira-e-relacao-com-congresso-estao-influenciando-popularidade-de-lula.htm, skipping...
[ERROR - 2026-03-03 19:24:53,396 - Worker_3] Status code == 403 for https://economia.uol.com.br/mais/ultimas-noticias/2023/08/17/nubank-o-que-significa-a-venda-de-acoes-do-controlador.htm, skipping...
[ERROR - 2026-03-03 19:24:53,518 - Worker_4] Status code == 403 for https://tab.uol.com.br/noticias/redacao/2023/07/26/onda-rosa-ouro-branco-o-fetiche-no-pais-dos-cornos-e-mais.htm, skipping...
[ERROR - 2026-03-03 19:24:56,059 - Worker_0] Status code == 403 for https://economia.uol.com.br/imposto-de-renda/noticias/redacao/2023/03/09/imposto-de-renda-2023-receita-libera-download-do-programa.htm, skipping...
[ERROR - 2026-03-03 19:24:57,508 - Worker_2] Status code == 403 for https://noticias.uol.com.br/cotidiano/ultimas-noticias/2023/08/17/mendigo-gato-desaparecido.htm, skipping...
[ERROR - 2026-03-03 19:24:57,511 - Worker_3] Status code == 403 for https://noticias.uol.com.br/colunas/walter-maierovitch/2023/08/17/o-hacker-delgatti-e-o-tommaso-buscetta-brasileiro.htm, skipping...
[ERROR - 2026-03-03 19:24:57,608 - Worker_4] Status code == 403 for https://noticias.uol.com.br/colunas/aguirre-talento/2023/08/17/pf-prende-organizadores-da-festa-da-selma-a-incitacao-do-81.htm, skipping...
[ERROR - 2026-03-03 19:25:01,000 - Worker_1] Status code == 403 for https://noticias.uol.com.br/cotidiano/ultimas-noticias/2023/08/16/comerciante-e-humorista-e-morto-a-tiros-dentro-de-farmacia-em-mg.htm, skipping...
[ERROR - 2026-03-03 19:25:03,850 - Worker_3] Status code == 403 for https://noticias.uol.com.br/politica/ultimas-noticias/2023/08/17/stf-juiz-das-garantias-obrigatoriedade-julgamento.htm, skipping...
[ERROR - 2026-03-03 19:25:11,338 - Worker_0] Status code == 403 for https://noticias.uol.com.br/saude/ultimas-noticias/redacao/2023/08/17/covid-paes-diz-ser-contra-voltar-a-usar-mascaras-apos-recomendacao-da-ufrj.htm, skipping...
[ERROR - 2026-03-03 19:25:15,473 - Worker_1] Status code == 403 for https://tab.uol.com.br/noticias/redacao/2023/08/16/charlataes-e-abusos-boom-de-turismo-de-ayahuasca-abre-debate-na-colombia.htm, skipping...
[ERROR - 2026-03-03 19:25:16,582 - Worker_2] Status code == 403 for https://tab.uol.com.br/noticias/redacao/2023/08/15/fada-da-bunda-o-reinado-da-personal-carol-vaz-treinando-celebridades.htm, skipping...
[ERROR - 2026-03-03 19:25:21,582 - Worker_4] Status code == 403 for https://noticias.uol.com.br/colunas/juliana-dal-piva/2023/08/17/apos-pf-avaliar-contradicoes-hacker-delgatti-vai-prestar-novo-depoimento.htm, skipping...
[ERROR - 2026-03-03 19:25:22,735 - Worker_0] Status code == 403 for https://noticias.uol.com.br/cotidiano/ultimas-noticias/2023/08/16/caso-gcms-itapecerica-da-serra.htm, skipping...
[ERROR - 2026-03-03 19:25:23,913 - Worker_3] Status code == 403 for https://educacao.uol.com.br/noticias/2023/08/17/prefeitura-sp-kit-lanterna-foto-metralhadora.htm, skipping...
[ERROR - 2026-03-03 19:25:27,680 - Worker_1] Status code == 403 for https://noticias.uol.com.br/cotidiano/ultimas-noticias/2023/08/16/resgate-trabalho-escravo-maranhao.htm, skipping...
[ERROR - 2026-03-03 19:25:29,365 - Worker_4] Status code == 403 for https://noticias.uol.com.br/cotidiano/ultimas-noticias/2023/08/17/fiscal-que-postou-foto-com-maco-de-dinheiro-e-alvo-de-operacao-no-rio.htm, skipping...
[ERROR - 2026-03-03 19:25:30,506 - Worker_2] Status code == 403 for https://noticias.uol.com.br/politica/ultimas-noticias/2023/08/17/justica-nega-transferencia-de-silvinei-da-papuda-para-batalhao-da-pm.htm, skipping...
[ERROR - 2026-03-03 19:25:34,907 - Worker_0] Status code == 403 for https://noticias.uol.com.br/ultimas-noticias/redacao/2023/07/27/pesquisa-percepcoes-sobre-racismo-no-brasil.htm, skipping...
[ERROR - 2026-03-03 19:25:35,201 - Worker_1] Status code == 403 for https://noticias.uol.com.br/ultimas-noticias/agencia-estado/2023/08/17/stj-nega-acao-de-lula-contra-eduardo-bolsonaro-por-fake-news-sobre-marisa.htm, skipping...
[ERROR - 2026-03-03 19:25:35,981 - Worker_4] Status code == 403 for https://noticias.uol.com.br/colunas/josias-de-souza/2023/08/17/pf-ve-embate-de-bolsonaro-com-delgatti-como-briga-de-gambas.htm, skipping...
[ERROR - 2026-03-03 19:25:37,156 - Worker_2] Status code == 403 for https://tab.uol.com.br/noticias/redacao/2023/08/17/temo-total-filho-tinha-medo-que-brennand-agredisse-ate-a-namorada-dele.htm, skipping...
[ERROR - 2026-03-03 19:25:38,349 - Worker_3] Status code == 403 for https://noticias.uol.com.br/cotidiano/ultimas-noticias/2023/08/17/cavalos-maus-tratos-goias.htm, skipping...
[ERROR - 2026-03-03 19:25:39,568 - Worker_1] Status code == 403 for https://noticias.uol.com.br/colunas/carolina-brigido/2023/08/17/lava-jato-x-vaza-jato-ao-atacar-hacker-moro-tenta-salvar-a-propria-pele.htm, skipping...
[ERROR - 2026-03-03 19:25:42,710 - Worker_3] Status code == 403 for https://noticias.uol.com.br/saude/ultimas-noticias/redacao/2023/08/17/unimed-beneficencia-portuguesa-convenio-cirurgia-crianca-cancer-cranio.htm, skipping...
[ERROR - 2026-03-03 19:25:49,097 - Worker_3] Status code == 403 for https://noticias.uol.com.br/internacional/ultimas-noticias/2023/08/17/homem-e-condenado-a-pagar-r-6-bi-por-divulgar-fotos-intimas-da-ex-namorada.htm, skipping...
[ERROR - 2026-03-03 19:25:53,589 - Worker_4] Status code == 403 for https://noticias.uol.com.br/cotidiano/ultimas-noticias/2023/08/17/homens-sao-atacados-a-tiros-apos-marcarem-encontro-pela-internet-um-morreu.htm, skipping...
[ERROR - 2026-03-03 19:25:56,585 - Worker_1] Status code == 403 for https://noticias.uol.com.br/colunas/leonardo-sakamoto/2023/08/17/burro-demais-wassef-incrimina-bolsonaro-com-estrategia-suicida-do-rolex.htm, skipping...
[ERROR - 2026-03-03 19:25:57,952 - Worker_4] Status code == 403 for https://noticias.uol.com.br/cotidiano/ultimas-noticias/2023/08/17/celular-grava-audio-guardas-tortura-e-sexo-oral-abordagem-sp.htm, skipping...
[ERROR - 2026-03-03 19:26:04,697 - Worker_4] Status code == 403 for https://noticias.uol.com.br/politica/ultimas-noticias/2023/08/17/josias-em-privado-ate-valdemar-ja-admite-hipotese-de-prisao-de-bolsonaro.htm, skipping...
[ERROR - 2026-03-03 19:26:06,304 - Worker_2] Status code == 403 for https://noticias.uol.com.br/cotidiano/ultimas-noticias/2023/08/17/helicoptero-engenheiro-funai.htm, skipping...
[ERROR - 2026-03-03 19:26:09,482 - Worker_3] Status code == 403 for https://noticias.uol.com.br/colunas/jose-roberto-de-toledo/2023/08/17/coluna-toledo-delgatti.htm, skipping...
[ERROR - 2026-03-03 19:26:20,796 - Worker_3] Status code == 403 for https://noticias.uol.com.br/internacional/ultimas-noticias/2023/08/17/tiroteio-equador.htm, skipping...
[ERROR - 2026-03-03 19:26:21,760 - Worker_4] Status code == 403 for https://noticias.uol.com.br/ultimas-noticias/ansa/2023/08/17/crianca-morre-sugada-por-ralo-de-piscina-em-termas-na-italia.htm, skipping...
[ERROR - 2026-03-03 19:26:24,795 - Worker_1] Status code == 403 for https://tab.uol.com.br/colunas/matheus-pichonelli/2023/08/17/o-que-seria-de-eduardo-e-monica-em-tempos-de-chatbot-no-whatsapp.htm, skipping...
[ERROR - 2026-03-03 19:26:25,859 - Worker_4] Status code == 403 for https://noticias.uol.com.br/cotidiano/ultimas-noticias/2023/08/17/homem-tenta-matar-mulheres-a-enxadadas-e-as-mantem-em-carcere-privado-em-mg.htm, skipping...
[ERROR - 2026-03-03 19:26:28,892 - Worker_1] Status code == 403 for https://noticias.uol.com.br/cotidiano/ultimas-noticias/2023/08/17/mae-filhos-encontrados-mortos-carro-submerso.htm, skipping...
[ERROR - 2026-03-03 19:26:29,739 - Worker_3] Status code == 403 for https://tab.uol.com.br/noticias/redacao/2023/07/26/onda-rosa-ouro-branco-o-fetiche-no-pais-dos-cornos-e-mais.htm, skipping...
[ERROR - 2026-03-03 19:26:40,433 - Worker_0] Status code == 403 for https://noticias.uol.com.br/internacional/ultimas-noticias/2023/08/18/ponte-desaba-competicao-indonesia.htm, skipping...
[ERROR - 2026-03-03 19:26:45,605 - Worker_3] Status code == 403 for https://tab.uol.com.br/noticias/redacao/2023/08/16/charlataes-e-abusos-boom-de-turismo-de-ayahuasca-abre-debate-na-colombia.htm, skipping...
[ERROR - 2026-03-03 19:26:49,040 - Worker_1] Status code == 403 for https://tab.uol.com.br/noticias/redacao/2023/08/15/fada-da-bunda-o-reinado-da-personal-carol-vaz-treinando-celebridades.htm, skipping...
[ERROR - 2026-03-03 19:27:08,792 - Worker_3] Status code == 403 for https://tab.uol.com.br/noticias/redacao/2023/08/17/temo-total-filho-tinha-medo-que-brennand-agredisse-ate-a-namorada-dele.htm, skipping...
[ERROR - 2026-03-03 19:27:43,775 - Worker_0] Status code == 403 for https://tab.uol.com.br/colunas/matheus-pichonelli/2023/08/18/por-que-turma-a-anticorrupcao-nao-expeliu-bolsonaro-como-fez-com-aecio.htm, skipping...
[ERROR - 2026-03-03 19:27:50,825 - Worker_3] Status code == 403 for https://noticias.uol.com.br/politica/ultimas-noticias/2023/08/18/advogado-mauro-cid-ligacao-defesa-jair-bolsonaro.htm, skipping...
[ERROR - 2026-03-03 19:27:53,154 - Worker_2] Status code == 403 for https://noticias.uol.com.br/cotidiano/ultimas-noticias/2023/08/18/pai-de-dois-e-amava-viajar-quem-era-o-humorista-morto-apos-postagem.htm, skipping...
[ERROR - 2026-03-03 19:27:54,004 - Worker_0] Status code == 403 for https://noticias.uol.com.br/politica/ultimas-noticias/2023/08/18/bolsonaro-discurso-risco-titulo-goias.htm, skipping...
[ERROR - 2026-03-03 19:27:54,692 - Worker_1] Status code == 403 for https://noticias.uol.com.br/internacional/ultimas-noticias/2023/08/18/motor-de-aviao-pega-fogo-apos-decolagem-e-faz-pouso-de-emergencia-veja.htm, skipping...
[ERROR - 2026-03-03 19:27:57,243 - Worker_3] Status code == 403 for http://noticias.uol.com.br/cotidiano/ultimas-noticias/2023/08/18/guarda-foragido-suspeito-ordenar-sexo-oral-tortura-abordagem-sp.htm, skipping...
[ERROR - 2026-03-03 19:27:59,089 - Worker_1] Status code == 403 for https://noticias.uol.com.br/politica/ultimas-noticias/2023/08/18/mauro-cid-advogado-cezar-bitencourt-audio-veja.htm, skipping...
[ERROR - 2026-03-03 19:28:00,580 - Worker_0] Status code == 403 for https://noticias.uol.com.br/cotidiano/ultimas-noticias/2023/08/18/caso-influenciadora-salvador.htm, skipping...
[ERROR - 2026-03-03 19:28:06,139 - Worker_4] Status code == 403 for https://tab.uol.com.br/noticias/redacao/2023/07/26/onda-rosa-ouro-branco-o-fetiche-no-pais-dos-cornos-e-mais.htm, skipping...
[ERROR - 2026-03-03 19:28:10,135 - Worker_2] Status code == 403 for https://noticias.uol.com.br/internacional/ultimas-noticias/2023/08/19/serial-killer-com-193-mortes-pode-deixar-a-prisao-por-bom-comportamento.htm, skipping...
[ERROR - 2026-03-03 19:28:10,500 - Worker_4] Status code == 403 for https://noticias.uol.com.br/cotidiano/ultimas-noticias/2023/08/19/ap-tripulantes-de-helicoptero-sao-achados-com-vida-apos-3-dias-na-floresta.htm, skipping...
[ERROR - 2026-03-03 19:28:16,557 - Worker_0] Status code == 403 for https://noticias.uol.com.br/politica/ultimas-noticias/2023/08/19/nunes-marques-e-mendonca-votam-contra-mas-stf-torna-zambelli-re-por-9-a-2.htm, skipping...
[ERROR - 2026-03-03 19:28:23,015 - Worker_2] Status code == 403 for https://noticias.uol.com.br/cotidiano/ultimas-noticias/2023/08/19/menina-de-7-anos-corta-o-cabelo-apos-ser-chamada-de-macaca.htm, skipping...
[ERROR - 2026-03-03 19:28:29,404 - Worker_0] Status code == 403 for https://tab.uol.com.br/noticias/redacao/2023/08/16/charlataes-e-abusos-boom-de-turismo-de-ayahuasca-abre-debate-na-colombia.htm, skipping...
[ERROR - 2026-03-03 19:28:30,108 - Worker_2] Status code == 403 for https://tab.uol.com.br/noticias/redacao/2023/08/15/fada-da-bunda-o-reinado-da-personal-carol-vaz-treinando-celebridades.htm, skipping...
[ERROR - 2026-03-03 19:28:38,076 - Worker_2] Status code == 403 for https://noticias.uol.com.br/cotidiano/ultimas-noticias/2023/08/19/casal-de-tamanduas-bandeira-e-reunido-no-rs-kiara-e-gumercindo.htm, skipping...
[ERROR - 2026-03-03 19:28:38,804 - Worker_1] Status code == 403 for https://noticias.uol.com.br/internacional/ultimas-noticias/2023/08/19/sou-ma-enfermeira-e-condenada-por-matar-sete-bebes-na-inglaterra.htm, skipping...
[ERROR - 2026-03-03 19:28:41,937 - Worker_3] Status code == 403 for https://noticias.uol.com.br/colunas/leonardo-sakamoto/2023/08/19/bolsonaro-nao-consegue-esconder-o-medo-de-ser-preso-e-o-risco-de-fugir.htm, skipping...
[ERROR - 2026-03-03 19:28:43,152 - Worker_1] Status code == 403 for https://noticias.uol.com.br/cotidiano/ultimas-noticias/2023/08/16/resgate-trabalho-escravo-maranhao.htm, skipping...
[ERROR - 2026-03-03 19:28:50,355 - Worker_0] Status code == 403 for https://noticias.uol.com.br/cotidiano/ultimas-noticias/2023/08/19/ventos-fortes-destelham-casas-e-fazem-estragos-no-pr-e-sc.htm, skipping...
[ERROR - 2026-03-03 19:28:54,452 - Worker_2] Status code == 403 for https://noticias.uol.com.br/ultimas-noticias/redacao/2023/07/27/pesquisa-percepcoes-sobre-racismo-no-brasil.htm, skipping...
[ERROR - 2026-03-03 19:28:58,894 - Worker_2] Status code == 403 for https://tab.uol.com.br/noticias/redacao/2023/08/17/temo-total-filho-tinha-medo-que-brennand-agredisse-ate-a-namorada-dele.htm, skipping...
[ERROR - 2026-03-03 19:29:01,406 - Worker_3] Status code == 403 for https://noticias.uol.com.br/ultimas-noticias/2023/08/19/mega-sena-concurso-2622-sorteio-19-de-agosto.htm, skipping...
[ERROR - 2026-03-03 19:29:04,323 - Worker_4] Status code == 403 for https://noticias.uol.com.br/cotidiano/ultimas-noticias/2023/08/19/dono-da-seleta-condenado-por-estupro-e-preso-em-belo-horizonte.htm, skipping...
[ERROR - 2026-03-03 19:29:05,895 - Worker_2] Status code == 403 for https://noticias.uol.com.br/cotidiano/ultimas-noticias/2023/08/19/professor-ajuda-aluno-a-andar-em-escola.htm, skipping...
[ERROR - 2026-03-03 19:29:09,989 - Worker_2] Status code == 403 for https://noticias.uol.com.br/cotidiano/ultimas-noticias/2023/08/19/policia-pede-prisao-temporaria-de-namorado-de-medica-encontra-morta-em-mala.htm, skipping...
[ERROR - 2026-03-03 19:29:14,079 - Worker_2] Status code == 403 for https://noticias.uol.com.br/colunas/walter-maierovitch/2023/08/19/bolsonaro-prepara-fuga-sem-perda-de-lideranca-e-entrega-cid-a-propria-sorte.htm, skipping...
[ERROR - 2026-03-03 19:29:18,200 - Worker_2] Status code == 403 for https://noticias.uol.com.br/ultimas-noticias/afp/2023/08/19/santa-muerte-o-culto-rotulado-de-satanico-que-atrai-ate-traficantes.htm, skipping...
[ERROR - 2026-03-03 19:29:21,385 - Worker_3] Status code == 404 for https://www.uol.com.br/splash/noticias/2023/08/19/monica-mattos-quem-foi-e-o-que-faz-hoje-a-ex-atriz-porno-famosa.htm, skipping...
[ERROR - 2026-03-03 19:29:32,010 - Worker_2] Status code == 403 for https://noticias.uol.com.br/cotidiano/ultimas-noticias/2023/08/19/homem-conhecido-como-mendigo-gato-e-encontrado-no-rio-de-janeiro.htm, skipping...
[ERROR - 2026-03-03 19:29:46,619 - Worker_2] Status code == 403 for https://noticias.uol.com.br/cotidiano/ultimas-noticias/2023/08/18/caso-influenciadora-salvador.htm, skipping...
[ERROR - 2026-03-03 19:29:48,302 - Worker_3] Status code == 403 for https://noticias.uol.com.br/cotidiano/ultimas-noticias/2023/08/18/medica-e-encontrada-morta-dentro-de-mala-em-apartamento-no-interior-de-sp.htm, skipping...
[ERROR - 2026-03-03 19:29:52,469 - Worker_3] Status code == 403 for https://noticias.uol.com.br/cotidiano/ultimas-noticias/2023/08/19/homem-morre-em-acao-da-pm-no-guaruja-operacao-escudo-chega-a-19-mortes.htm, skipping...
[ERROR - 2026-03-03 19:29:52,474 - Worker_4] Status code == 403 for https://noticias.uol.com.br/cotidiano/ultimas-noticias/2023/08/19/paciente-atestado-302-dias-diarreia.htm, skipping...
[ERROR - 2026-03-03 19:29:54,604 - Worker_0] Status code == 403 for https://noticias.uol.com.br/colunas/jamil-chade/2023/08/19/autoridades-monitoram-risco-de-fuga-de-bolsonaro.htm, skipping...
[ERROR - 2026-03-03 19:29:58,855 - Worker_0] Status code == 403 for https://tab.uol.com.br/noticias/redacao/2023/07/26/onda-rosa-ouro-branco-o-fetiche-no-pais-dos-cornos-e-mais.htm, skipping...
[ERROR - 2026-03-03 19:30:10,692 - Worker_0] Status code == 403 for https://noticias.uol.com.br/colunas/pra-comecar-a-semana/2023/08/20/lula-vai-a-africa-arcabouco-volta-a-camara.htm, skipping...
[ERROR - 2026-03-03 19:30:16,238 - Worker_2] Status code == 403 for https://noticias.uol.com.br/politica/ultimas-noticias/2023/08/20/ministro-da-defesa-de-lula-mucio-album-de-musicas.htm, skipping...
[ERROR - 2026-03-03 19:30:17,816 - Worker_1] Status code == 404 for https://www.uol.com.br/universa/horoscopo/noticias/redacao/2023/08/20/qual-o-signo-mais-infiel-do-zodiaco-descubra-no-ranking-da-infidelidade.htm, skipping...
[ERROR - 2026-03-03 19:30:20,351 - Worker_2] Status code == 403 for https://noticias.uol.com.br/colunas/josias-de-souza/2023/08/20/silencio-reduz-estatura-do-alto-comando-das-forcas-armadas.htm, skipping...
[ERROR - 2026-03-03 19:30:25,052 - Worker_3] Status code == 403 for https://tab.uol.com.br/noticias/redacao/2023/08/15/fada-da-bunda-o-reinado-da-personal-carol-vaz-treinando-celebridades.htm, skipping...
[ERROR - 2026-03-03 19:30:27,550 - Worker_2] Status code == 403 for https://noticias.uol.com.br/cotidiano/ultimas-noticias/2023/08/20/menino-atingido-linha-chilena-rio-estado-grave.htm, skipping...
[ERROR - 2026-03-03 19:30:29,189 - Worker_3] Status code == 403 for https://noticias.uol.com.br/cotidiano/ultimas-noticias/2023/08/20/mulher-de-63-anos-e-assassinada-em-casa-pelo-companheiro-em-sao-paulo.htm, skipping...
[ERROR - 2026-03-03 19:30:41,915 - Worker_4] Status code == 403 for https://noticias.uol.com.br/colunas/josias-de-souza/2023/08/20/com-lingua-presa-na-defesa-mucio-solta-a-voz-na-musica.htm, skipping...
[ERROR - 2026-03-03 19:30:42,225 - Worker_0] Status code == 403 for https://noticias.uol.com.br/colunas/carlos-madeiro/2023/08/20/afegaos-se-conhecem-em-aeroporto-no-brasil-e-se-casam-apos-fuga-do-taliba.htm, skipping...
[ERROR - 2026-03-03 19:30:46,584 - Worker_0] Status code == 403 for https://noticias.uol.com.br/cotidiano/ultimas-noticias/2023/08/20/policial-civil-dono-de-arma-usada-para-atirar-em-advogado-e-preso-no-am.htm, skipping...
[ERROR - 2026-03-03 19:30:51,689 - Worker_4] Status code == 403 for https://noticias.uol.com.br/ultimas-noticias/redacao/2023/07/27/pesquisa-percepcoes-sobre-racismo-no-brasil.htm, skipping...
[ERROR - 2026-03-03 19:30:53,346 - Worker_0] Status code == 403 for https://tab.uol.com.br/noticias/redacao/2023/08/17/temo-total-filho-tinha-medo-que-brennand-agredisse-ate-a-namorada-dele.htm, skipping...
[ERROR - 2026-03-03 19:30:58,407 - Worker_3] Status code == 403 for https://noticias.uol.com.br/colunas/juliana-dal-piva/2023/08/20/documentario-mostra-o-negocio-por-tras-da-mentira-na-politica.htm, skipping...
[ERROR - 2026-03-03 19:31:42,662 - Worker_3] Status code == 403 for https://noticias.uol.com.br/cotidiano/ultimas-noticias/2023/08/19/caso-empresario-morte-foz-do-iguacu.htm, skipping...
[ERROR - 2026-03-03 19:31:48,897 - Worker_4] Status code == 403 for https://tab.uol.com.br/noticias/redacao/2023/07/26/onda-rosa-ouro-branco-o-fetiche-no-pais-dos-cornos-e-mais.htm, skipping...
[ERROR - 2026-03-03 19:31:50,525 - Worker_2] Status code == 403 for https://noticias.uol.com.br/politica/ultimas-noticias/2023/08/21/deputado-ramagem-quebra-sigilo-delgatti.htm, skipping...
[ERROR - 2026-03-03 19:31:55,687 - Worker_0] Status code == 403 for https://noticias.uol.com.br/cotidiano/ultimas-noticias/2023/08/21/homem-perna-presa-vao-trem-plataforma-metro.htm, skipping...
[ERROR - 2026-03-03 19:31:57,692 - Worker_2] Status code == 403 for https://noticias.uol.com.br/politica/ultimas-noticias/2023/08/21/tales-pela-logica-militar-cid-nao-delata-bolsonaro-mas-fala-a-verdade.htm, skipping...
[ERROR - 2026-03-03 19:31:59,396 - Worker_3] Status code == 403 for https://noticias.uol.com.br/meio-ambiente/ultimas-noticias/redacao/2023/08/21/juiz-sinop-proibe-destruicao-maquinarios-acoes-ambientais.htm, skipping...
[ERROR - 2026-03-03 19:32:10,727 - Worker_3] Status code == 403 for https://noticias.uol.com.br/colunas/carolina-brigido/2023/08/21/juiz-que-condenou-hacker-da-vaza-jato-coleciona-decisoes-polemicas.htm, skipping...
[ERROR - 2026-03-03 19:32:12,099 - Worker_0] Status code == 403 for https://noticias.uol.com.br/colunas/rogerio-gentile/2023/08/21/justica-de-sp-manda-despejar-livraria-cultura-do-conjunto-nacional.htm, skipping...
[ERROR - 2026-03-03 19:32:15,087 - Worker_3] Status code == 403 for https://noticias.uol.com.br/internacional/ultimas-noticias/2023/08/21/foragida-dada-como-morta-e-achada-viva-escondida-entre-paredes-de-casa.htm, skipping...
[ERROR - 2026-03-03 19:32:19,031 - Worker_4] Status code == 403 for https://noticias.uol.com.br/cotidiano/ultimas-noticias/2023/08/21/procurador-preso-suspeita-carcere-mt.htm, skipping...
[ERROR - 2026-03-03 19:32:21,041 - Worker_0] Status code == 403 for https://tab.uol.com.br/noticias/redacao/2023/08/15/fada-da-bunda-o-reinado-da-personal-carol-vaz-treinando-celebridades.htm, skipping...
[ERROR - 2026-03-03 19:32:23,308 - Worker_1] Status code == 403 for https://noticias.uol.com.br/cotidiano/ultimas-noticias/2023/08/21/namorado-colocou-medica-em-mala-para-tirar-corpo-de-casa-diz-policia.htm, skipping...
[ERROR - 2026-03-03 19:32:31,764 - Worker_0] Status code == 403 for https://noticias.uol.com.br/cotidiano/ultimas-noticias/2023/08/20/mulher-de-81-anos-morre-apos-ser-empurrada-andando-na-rua-no-rj.htm, skipping...
[ERROR - 2026-03-03 19:32:36,305 - Worker_2] Status code == 403 for https://noticias.uol.com.br/ultimas-noticias/agencia-estado/2023/08/21/sp-e-outros-estados-devem-ter-calor-recorde-nesta-semana.htm, skipping...
[ERROR - 2026-03-03 19:32:38,308 - Worker_1] Status code == 403 for https://noticias.uol.com.br/ultimas-noticias/redacao/2023/07/27/pesquisa-percepcoes-sobre-racismo-no-brasil.htm, skipping...
[ERROR - 2026-03-03 19:32:40,682 - Worker_2] Status code == 403 for https://tab.uol.com.br/noticias/redacao/2023/08/17/temo-total-filho-tinha-medo-que-brennand-agredisse-ate-a-namorada-dele.htm, skipping...
[ERROR - 2026-03-03 19:32:48,523 - Worker_3] Status code == 403 for https://noticias.uol.com.br/cotidiano/ultimas-noticias/2023/08/21/morte-maria-bernadete-investigacao-disputa-faccoes-criminosas.htm, skipping...
[ERROR - 2026-03-03 19:32:56,472 - Worker_0] Status code == 403 for https://noticias.uol.com.br/cotidiano/ultimas-noticias/2023/08/21/foragido-mg-bahia.htm, skipping...
[ERROR - 2026-03-03 19:33:03,853 - Worker_1] Status code == 403 for https://noticias.uol.com.br/cotidiano/ultimas-noticias/2023/08/21/cameras-crime-elevador-namorado.htm, skipping...
[ERROR - 2026-03-03 19:33:07,850 - Worker_0] Status code == 403 for https://noticias.uol.com.br/colunas/leonardo-sakamoto/2023/08/21/viciado-em-abandonar-aliados-bolsonaro-pode-ser-largado-ao-virar-toxico.htm, skipping...
[ERROR - 2026-03-03 19:33:07,958 - Worker_1] Status code == 403 for https://noticias.uol.com.br/politica/ultimas-noticias/2023/08/21/carla-com-bolsonaro-no-centro-de-investigacoes-hacker-paga-conta-antiga.htm, skipping...
[ERROR - 2026-03-03 19:33:09,242 - Worker_2] Status code == 403 for https://noticias.uol.com.br/cotidiano/ultimas-noticias/2023/08/21/barbeiro-morto-evento-rio-de-janeiro.htm, skipping...
[ERROR - 2026-03-03 19:33:11,946 - Worker_0] Status code == 403 for https://noticias.uol.com.br/politica/ultimas-noticias/2023/08/21/leia-integra-delgatti-neto.htm, skipping...
[ERROR - 2026-03-03 19:33:16,094 - Worker_0] Status code == 403 for https://noticias.uol.com.br/colunas/josias-de-souza/2023/08/21/antes-de-viajar-lula-se-acertou-com-o-centrao-fardado-e-o-civil.htm, skipping...
[ERROR - 2026-03-03 19:33:17,535 - Worker_2] Status code == 403 for https://noticias.uol.com.br/colunas/fernanda-magnotta/2023/08/21/em-reuniao-eua-e-asiaticos-discutem-contencao-de-china-e-coreia-do-norte.htm, skipping...
[ERROR - 2026-03-03 19:33:19,668 - Worker_4] Status code == 403 for https://noticias.uol.com.br/cotidiano/ultimas-noticias/2023/08/21/123milhas-passageira-afetada-faz-vaquinha-para-visitar-filho-apos-4-anos.htm, skipping...
[ERROR - 2026-03-03 19:33:19,695 - Worker_1] Status code == 403 for https://noticias.uol.com.br/cotidiano/ultimas-noticias/2023/08/21/radial-leste-em-sp-videos-mostram-assaltos-com-carros-em-movimento.htm, skipping...
[ERROR - 2026-03-03 19:33:20,229 - Worker_0] Status code == 403 for https://noticias.uol.com.br/politica/ultimas-noticias/2023/08/21/cpi-8-de-janeiro-moraes-compartilhamento-inqueritos-ibaneis-torres.htm, skipping...
[ERROR - 2026-03-03 19:33:20,288 - Worker_3] Status code == 403 for https://noticias.uol.com.br/cotidiano/ultimas-noticias/2023/08/21/mulher-e-suspeita-de-roubar-cabelo-de-cadaver-para-fazer-alongamento.htm, skipping...
[ERROR - 2026-03-03 19:33:23,787 - Worker_1] Status code == 403 for https://noticias.uol.com.br/politica/ultimas-noticias/2023/08/21/pf-quebra-senhas-celulares-frederick-wassef.htm, skipping...
[ERROR - 2026-03-03 19:33:24,333 - Worker_0] Status code == 403 for https://noticias.uol.com.br/cotidiano/ultimas-noticias/2023/08/21/juiza-que-mandou-prender-ex-reitor-da-ufsc-e-afastada-pelo-cnj.htm, skipping...
[ERROR - 2026-03-03 19:33:30,139 - Worker_4] Status code == 403 for https://tab.uol.com.br/noticias/redacao/2023/07/26/onda-rosa-ouro-branco-o-fetiche-no-pais-dos-cornos-e-mais.htm, skipping...
[ERROR - 2026-03-03 19:33:30,571 - Worker_2] Status code == 403 for https://noticias.uol.com.br/politica/ultimas-noticias/2023/08/22/russomanno-e-ameacado-durante-gravacao-no-centro-de-sp.htm, skipping...
[ERROR - 2026-03-03 19:34:02,972 - Worker_2] Status code == 403 for https://tab.uol.com.br/noticias/redacao/2023/08/15/fada-da-bunda-o-reinado-da-personal-carol-vaz-treinando-celebridades.htm, skipping...
[ERROR - 2026-03-03 19:34:32,691 - Worker_2] Status code == 403 for https://tab.uol.com.br/noticias/redacao/2023/08/17/temo-total-filho-tinha-medo-que-brennand-agredisse-ate-a-namorada-dele.htm, skipping...
[ERROR - 2026-03-03 19:34:52,736 - Worker_1] Status code == 403 for https://tab.uol.com.br/colunas/matheus-pichonelli/2023/08/22/olga-carmona-fez-homenagem-a-mae-de-amiga-sem-saber-que-jogava-pelo-pai.htm, skipping...
[ERROR - 2026-03-03 19:35:13,717 - Worker_3] Status code == 403 for https://economia.uol.com.br/videos/2023/08/21/midia-e-marketing-169-renata-gomide-vp-de-consumer-do-grupo-boticario.htm, skipping...
[ERROR - 2026-03-03 19:35:13,720 - Worker_1] Status code == 403 for https://economia.uol.com.br/colunas/todos-a-bordo/2023/08/14/abertas-ou-fechadas-regra-para-cortinas-do-aviao-e-questao-de-seguranca.htm, skipping...
[ERROR - 2026-03-03 19:35:17,562 - Worker_2] Status code == 403 for https://tab.uol.com.br/noticias/redacao/2023/07/26/onda-rosa-ouro-branco-o-fetiche-no-pais-dos-cornos-e-mais.htm, skipping...
[ERROR - 2026-03-03 19:35:18,091 - Worker_3] Status code == 403 for https://economia.uol.com.br/imposto-de-renda/noticias/redacao/2023/03/09/imposto-de-renda-2023-receita-libera-download-do-programa.htm, skipping...
[ERROR - 2026-03-03 19:35:21,352 - Worker_1] Status code == 403 for https://noticias.uol.com.br/ultimas-noticias/agencia-brasil/2023/08/23/incra-notifica-ocupantes-de-terras-do-quilombo-de-mae-bernadete.htm, skipping...
[ERROR - 2026-03-03 19:35:27,023 - Worker_2] Status code == 403 for https://economia.uol.com.br/colunas/graciliano-rocha/2023/08/23/fim-do-parcelamento-sem-juro-pune-classe-c-e-pequenos-negocios.htm, skipping...
[ERROR - 2026-03-03 19:35:28,498 - Worker_1] Status code == 403 for https://economia.uol.com.br/noticias/redacao/2023/08/23/camara-aprova-texto-base-da-mp-do-salario-minimo-e-isencao-maior-no-ir.htm, skipping...
[ERROR - 2026-03-03 19:35:34,015 - Worker_2] Status code == 403 for https://tab.uol.com.br/noticias/redacao/2023/08/15/fada-da-bunda-o-reinado-da-personal-carol-vaz-treinando-celebridades.htm, skipping...
[ERROR - 2026-03-03 19:35:38,794 - Worker_4] Status code == 403 for https://economia.uol.com.br/noticias/redacao/2023/08/20/habibs.htm, skipping...
[ERROR - 2026-03-03 19:35:44,700 - Worker_0] Status code == 403 for https://tab.uol.com.br/colunas/matheus-pichonelli/2023/08/23/de-joao-vs-a-anna-delvey-de-onde-vem-o-fetiche-pelos-falsos-milionarios.htm, skipping...
[ERROR - 2026-03-03 19:35:52,449 - Worker_2] Status code == 403 for https://noticias.uol.com.br/politica/ultimas-noticias/2023/08/23/tales-resposta-de-bolsonaro-serve-a-bolha-dele-mas-nao-funciona-para-a-pf.htm, skipping...
[ERROR - 2026-03-03 19:35:54,806 - Worker_0] Status code == 403 for https://tab.uol.com.br/noticias/redacao/2023/08/17/temo-total-filho-tinha-medo-que-brennand-agredisse-ate-a-namorada-dele.htm, skipping...
[ERROR - 2026-03-03 19:35:57,231 - Worker_4] Status code == 403 for https://noticias.uol.com.br/colunas/carolina-brigido/2023/08/23/voto-conservador-de-zanin-reforca-apelo-para-lula-incluir-minorias-no-stf.htm, skipping...
[ERROR - 2026-03-03 19:36:00,494 - Worker_3] Status code == 403 for https://noticias.uol.com.br/politica/ultimas-noticias/2023/08/23/bolsonaro-zema-cidado-honorario.htm, skipping...
[ERROR - 2026-03-03 19:36:00,884 - Worker_1] Status code == 403 for https://noticias.uol.com.br/colunas/jamil-chade/2023/08/23/lideres-definem-que-brics-deve-ter-expansao-de-5-ou-6-paises.htm, skipping...
[ERROR - 2026-03-03 19:36:01,581 - Worker_4] Status code == 403 for https://noticias.uol.com.br/ultimas-noticias/rfi/2023/08/23/argentina-vive-noite-de-terror-com-comercios-saqueados-e-violencia.htm, skipping...
[ERROR - 2026-03-03 19:36:06,939 - Worker_0] Status code == 403 for https://noticias.uol.com.br/internacional/ultimas-noticias/2023/08/23/lider-grupo-wagner-queda-aviao-legacy-600.htm, skipping...
[ERROR - 2026-03-03 19:36:10,037 - Worker_2] Status code == 403 for https://educacao.uol.com.br/noticias/2023/08/23/mp-inquerito-site-coleta-de-dados-secretaria-educacao-sp-publicidade.htm, skipping...
[ERROR - 2026-03-03 19:36:13,914 - Worker_4] Status code == 403 for https://noticias.uol.com.br/internacional/ultimas-noticias/2023/08/23/prigozhin-veja-momento-da-queda-de-aviao-que-levava-mercenario.htm, skipping...
[ERROR - 2026-03-03 19:36:14,816 - Worker_3] Status code == 403 for https://noticias.uol.com.br/colunas/leonardo-sakamoto/2023/08/23/bolsonaro-aposta-na-certeza-de-impunidade-ao-confirmar-ataques-as-urnas.htm, skipping...
[ERROR - 2026-03-03 19:36:16,909 - Worker_0] Status code == 403 for https://noticias.uol.com.br/politica/ultimas-noticias/2023/08/23/marina-silva-exploracao-petroleo-foz-amazonas.htm, skipping...
[ERROR - 2026-03-03 19:36:17,420 - Worker_2] Status code == 403 for https://noticias.uol.com.br/cotidiano/ultimas-noticias/2023/08/23/carteiro-chuta-cachorro-video.htm, skipping...
[ERROR - 2026-03-03 19:36:19,002 - Worker_3] Status code == 403 for https://economia.uol.com.br/colunas/todos-a-bordo/2023/08/19/comissarios-voo-bordo-profissao-selecao-gol-azul-latam.htm, skipping...
[ERROR - 2026-03-03 19:36:36,681 - Worker_4] Status code == 403 for https://economia.uol.com.br/videos/2023/08/21/midia-e-marketing-169-renata-gomide-vp-de-consumer-do-grupo-boticario.htm, skipping...
[ERROR - 2026-03-03 19:36:38,279 - Worker_3] Status code == 403 for https://economia.uol.com.br/noticias/afp/2023/08/23/fmi-aprova-liberacao-de-us-75-bilhoes-para-a-argentina.htm, skipping...
[ERROR - 2026-03-03 19:36:41,576 - Worker_1] Status code == 403 for https://tab.uol.com.br/noticias/redacao/2023/07/26/onda-rosa-ouro-branco-o-fetiche-no-pais-dos-cornos-e-mais.htm, skipping...
[ERROR - 2026-03-03 19:36:44,898 - Worker_0] Status code == 403 for https://economia.uol.com.br/imposto-de-renda/noticias/redacao/2023/03/09/imposto-de-renda-2023-receita-libera-download-do-programa.htm, skipping...
[ERROR - 2026-03-03 19:37:01,276 - Worker_2] Status code == 403 for https://tab.uol.com.br/noticias/redacao/2023/08/15/fada-da-bunda-o-reinado-da-personal-carol-vaz-treinando-celebridades.htm, skipping...
[ERROR - 2026-03-03 19:37:04,385 - Worker_0] Status code == 403 for https://economia.uol.com.br/noticias/redacao/2023/08/20/habibs.htm, skipping...
[ERROR - 2026-03-03 19:37:17,137 - Worker_0] Status code == 403 for https://tab.uol.com.br/noticias/redacao/2023/08/17/temo-total-filho-tinha-medo-que-brennand-agredisse-ate-a-namorada-dele.htm, skipping...
[ERROR - 2026-03-03 19:37:30,183 - Worker_4] Status code == 403 for https://noticias.uol.com.br/internacional/ultimas-noticias/2023/08/24/brasileiro-morto-avc-malta.htm, skipping...
[ERROR - 2026-03-03 19:37:30,703 - Worker_1] Status code == 403 for https://noticias.uol.com.br/colunas/fernanda-magnotta/2023/08/24/o-ativismo-via-brics-muita-espuma-e-pouco-chopp.htm, skipping...
[ERROR - 2026-03-03 19:37:32,943 - Worker_2] Status code == 403 for https://noticias.uol.com.br/politica/ultimas-noticias/2023/08/24/gilmar-revisa-voto-e-defende-descriminalizacao-apenas-ao-porte-de-maconha.htm, skipping...
[ERROR - 2026-03-03 19:37:33,881 - Worker_0] Status code == 403 for https://noticias.uol.com.br/cotidiano/ultimas-noticias/2023/08/24/stf-descriminalizacao-drogas-julgamento.htm, skipping...
[ERROR - 2026-03-03 19:37:34,380 - Worker_4] Status code == 403 for https://economia.uol.com.br/ao-vivo/2023/03/31/monitor-de-ofertas-uol.htm, skipping...
[ERROR - 2026-03-03 19:37:37,392 - Worker_3] Status code == 403 for https://noticias.uol.com.br/colunas/josias-de-souza/2023/08/24/na-cupula-do-brics-lula-bateu-palmas-para-xi-jinping-dancar.htm, skipping...
[ERROR - 2026-03-03 19:37:41,773 - Worker_3] Status code == 403 for https://noticias.uol.com.br/cotidiano/ultimas-noticias/2023/08/23/caso-casal-beijo-sp.htm, skipping...
[ERROR - 2026-03-03 19:37:43,595 - Worker_1] Status code == 403 for https://noticias.uol.com.br/politica/ultimas-noticias/2023/08/24/jair-renan-esta-muito-sossegado-diz-advogado-apos-busca-e-apreensao.htm, skipping...
[ERROR - 2026-03-03 19:37:43,894 - Worker_4] Status code == 403 for https://noticias.uol.com.br/cotidiano/ultimas-noticias/2023/08/24/menina-de-10-anos-e-resgatada-24-horas-apos-ser-sequestrada-em-sc.htm, skipping...
[ERROR - 2026-03-03 19:37:48,069 - Worker_1] Status code == 403 for https://noticias.uol.com.br/saude/ultimas-noticias/redacao/2023/08/24/funcionaria-hospital-internacao-negada-estado-grave.htm, skipping...
[ERROR - 2026-03-03 19:37:49,606 - Worker_0] Status code == 403 for https://noticias.uol.com.br/colunas/jose-roberto-de-toledo/2023/08/24/em-3-meses-agrada-lira-custou-r-15-bi-a-lula.htm, skipping...
[ERROR - 2026-03-03 19:37:51,678 - Worker_3] Status code == 403 for https://noticias.uol.com.br/colunas/leonardo-sakamoto/2023/08/24/operacao-policial-contra-jair-renan-mostra-que-exemplo-se-aprende-em-casa.htm, skipping...
[ERROR - 2026-03-03 19:37:52,443 - Worker_1] Status code == 403 for https://noticias.uol.com.br/ultimas-noticias/reuters/2023/08/24/saques-argentina-disputa-presidencial-inflacao.htm, skipping...
[ERROR - 2026-03-03 19:37:55,911 - Worker_4] Status code == 403 for https://noticias.uol.com.br/cotidiano/ultimas-noticias/2023/08/24/zanin-descriminalizacao-porte-drogas.htm, skipping...
[ERROR - 2026-03-03 19:37:58,858 - Worker_3] Status code == 403 for https://noticias.uol.com.br/politica/ultimas-noticias/2023/08/24/dal-piva-bolsonaro-nao-protege-filhos-mas-a-si-mesmo-por-temer-strike.htm, skipping...
[ERROR - 2026-03-03 19:38:03,291 - Worker_1] Status code == 403 for https://noticias.uol.com.br/cotidiano/ultimas-noticias/2023/08/24/dupla-e-presa-apos-roubar-10-celulares-em-moema.htm, skipping...
[ERROR - 2026-03-03 19:38:07,186 - Worker_0] Status code == 403 for https://noticias.uol.com.br/politica/ultimas-noticias/2023/08/25/policia-federal-imagens-ataque-alexandre-moraes.htm, skipping...
[ERROR - 2026-03-03 19:38:09,074 - Worker_3] Status code == 403 for https://tab.uol.com.br/noticias/redacao/2023/07/26/onda-rosa-ouro-branco-o-fetiche-no-pais-dos-cornos-e-mais.htm, skipping...
[ERROR - 2026-03-03 19:38:11,284 - Worker_0] Status code == 403 for https://tab.uol.com.br/noticias/redacao/2023/08/25/mestre-dos-lagos-o-empresario-que-conquistou-famosos-com-fe-e-permutas.htm, skipping...
[ERROR - 2026-03-03 19:38:19,750 - Worker_3] Status code == 403 for https://noticias.uol.com.br/politica/ultimas-noticias/2023/08/25/o-que-se-sabe-operacao-jair-renan-filho-bolsonaro.htm, skipping...
[ERROR - 2026-03-03 19:38:23,181 - Worker_4] Status code == 403 for https://noticias.uol.com.br/cotidiano/ultimas-noticias/2023/08/25/mulher-acidente-botucatu.htm, skipping...
[ERROR - 2026-03-03 19:38:23,491 - Worker_0] Status code == 403 for https://tab.uol.com.br/noticias/redacao/2023/05/18/carrefour-mantem-empresa-de-seguranca-que-agrediu-casal-negro-em-salvador.htm, skipping...
[ERROR - 2026-03-03 19:38:30,357 - Worker_3] Status code == 403 for https://tab.uol.com.br/colunas/matheus-pichonelli/2023/08/25/convocar-tata-werneck-e-caua-para-cpi-das-piramides-e-golpe-de-marketing.htm, skipping...
[ERROR - 2026-03-03 19:38:32,387 - Worker_0] Status code == 403 for https://noticias.uol.com.br/politica/ultimas-noticias/2023/08/25/prisao-jair-bolsonaro-diretor-policia-federal.htm, skipping...
[ERROR - 2026-03-03 19:38:36,705 - Worker_0] Status code == 404 for https://www.uol.com.br/universa/horoscopo/noticias/redacao/2023/07/28/a-melhor-festa-e-a-de-libra-o-signo-da-pistas-de-como-cada-um-celebra.htm, skipping...
[ERROR - 2026-03-03 19:38:39,460 - Worker_2] Status code == 403 for https://noticias.uol.com.br/ultimas-noticias/rfi/2023/08/25/alem-de-trump-conheca-outros-presos-famosos-e-suas-fotos-de-fichas-criminais.htm, skipping...
[ERROR - 2026-03-03 19:38:41,115 - Worker_0] Status code == 403 for https://noticias.uol.com.br/politica/ultimas-noticias/2023/08/25/meyer-nigri-mensagens-bolsonaro.htm, skipping...
[ERROR - 2026-03-03 19:38:43,861 - Worker_2] Status code == 403 for https://noticias.uol.com.br/politica/ultimas-noticias/2023/08/25/advogado-de-gentili-reage-a-promessa-de-aras-para-investigar-humorista.htm, skipping...
[ERROR - 2026-03-03 19:38:46,233 - Worker_4] Status code == 403 for https://noticias.uol.com.br/ultimas-noticias/ansa/2023/08/25/russia-encontra-caixas-pretas-de-aviao-em-que-estava-prigozhin.htm, skipping...
[ERROR - 2026-03-03 19:38:48,002 - Worker_2] Status code == 403 for https://noticias.uol.com.br/internacional/ultimas-noticias/2023/08/25/quadro-amaldicoado-e-devolvido-duas-vezes-apos-donos-ficarem-assustados.htm, skipping...
[ERROR - 2026-03-03 19:38:48,878 - Worker_3] Status code == 403 for https://noticias.uol.com.br/ultimas-noticias/afp/2023/08/25/doenca-ligada-a-pobreza-e-que-entorta-pernas-alerta-pais-do-reino-unido.htm, skipping...
[ERROR - 2026-03-03 19:38:53,235 - Worker_4] Status code == 403 for https://noticias.uol.com.br/politica/ultimas-noticias/2023/08/25/diretor-da-pf-andrei-passos-rodrigues-fala-ao-uol-entrevista.htm, skipping...
[ERROR - 2026-03-03 19:38:55,999 - Worker_1] Status code == 403 for https://noticias.uol.com.br/confere/ultimas-noticias/2023/08/25/biden-nao-dormiu-durante-evento-em-homenagem-as-vitimas-no-havai.htm, skipping...
[ERROR - 2026-03-03 19:39:00,392 - Worker_3] Status code == 403 for https://noticias.uol.com.br/colunas/josias-de-souza/2023/08/25/comandante-do-exercito-faz-um-discurso-dubio-debil-e-doloroso.htm, skipping...
[ERROR - 2026-03-03 19:39:02,207 - Worker_4] Status code == 403 for https://noticias.uol.com.br/ultimas-noticias/redacao/2023/07/27/pesquisa-percepcoes-sobre-racismo-no-brasil.htm, skipping...
[ERROR - 2026-03-03 19:39:03,117 - Worker_1] Status code == 403 for https://noticias.uol.com.br/internacional/ultimas-noticias/2023/08/25/video-flagra-momento-em-que-motoqueiro-morre-ao-ser-atingido-por-cooler.htm, skipping...
[ERROR - 2026-03-03 19:39:08,608 - Worker_4] Status code == 403 for https://noticias.uol.com.br/cotidiano/ultimas-noticias/2023/08/25/homem-invade-unidade-de-saude-armado-e-baleia-duas-pessoas-em-salvadorba.htm, skipping...
[ERROR - 2026-03-03 19:39:14,417 - Worker_3] Status code == 403 for https://noticias.uol.com.br/cotidiano/ultimas-noticias/2023/08/25/homem-voltou-incendiar-casa-5-horas-apos-matar-mulher-facadas-pr.htm, skipping...
[ERROR - 2026-03-03 19:39:16,091 - Worker_4] Status code == 403 for https://noticias.uol.com.br/cotidiano/ultimas-noticias/2023/08/25/novo-video-deputado-que-quebrou-placa-de-marielle-xingando-agente-rj.htm, skipping...
[ERROR - 2026-03-03 19:39:18,144 - Worker_1] Status code == 403 for https://noticias.uol.com.br/politica/ultimas-noticias/2023/08/25/seguranca-de-lula-participava-de-grupo-de-whatsapp-que-discutiu-golpe.htm, skipping...
[ERROR - 2026-03-03 19:39:21,077 - Worker_0] Status code == 403 for https://noticias.uol.com.br/politica/ultimas-noticias/2023/08/25/diretor-pf-andrei-pix-bolsonaro-bloqueio.htm, skipping...
[ERROR - 2026-03-03 19:39:22,533 - Worker_1] Status code == 403 for https://noticias.uol.com.br/politica/ultimas-noticias/2023/08/25/81-presidente-da-camara-de-porto-alegre-cita-incomodo-com-dia-do-patriota.htm, skipping...
[ERROR - 2026-03-03 19:39:29,555 - Worker_3] Status code == 403 for https://noticias.uol.com.br/ultimas-noticias/agencia-estado/2023/08/25/mulher-e-mantida-refem-por-24h-no-morumbi-policia-busca-autores-do-sequestro.htm, skipping...
[ERROR - 2026-03-03 19:39:34,940 - Worker_2] Status code == 403 for https://noticias.uol.com.br/politica/ultimas-noticias/2023/08/25/deltan-depor-lava-jato.htm, skipping...
[ERROR - 2026-03-03 19:39:42,945 - Worker_0] Status code == 403 for https://noticias.uol.com.br/colunas/jamil-chade/2023/08/25/brasil-usa-diplomacia-da-saude-para-recuperar-espaco-na-africa.htm, skipping...
[ERROR - 2026-03-03 19:40:05,157 - Worker_0] Status code == 403 for https://noticias.uol.com.br/cotidiano/ultimas-noticias/2023/08/24/mulher-de-20-anos-e-morta-com-20-facadas-e-tem-casa-incendiada-no-pr.htm, skipping...
[ERROR - 2026-03-03 19:40:08,382 - Worker_4] Status code == 403 for https://tab.uol.com.br/noticias/redacao/2023/07/26/onda-rosa-ouro-branco-o-fetiche-no-pais-dos-cornos-e-mais.htm, skipping...
[ERROR - 2026-03-03 19:40:11,769 - Worker_1] Status code == 403 for https://tab.uol.com.br/noticias/redacao/2023/08/25/mestre-dos-lagos-o-empresario-que-conquistou-famosos-com-fe-e-permutas.htm, skipping...
[ERROR - 2026-03-03 19:40:15,871 - Worker_1] Status code == 403 for https://noticias.uol.com.br/cotidiano/ultimas-noticias/2023/08/26/balanco-1-mes-operacao-escudo-guaruja-apos-morte-de-pm.htm, skipping...
[ERROR - 2026-03-03 19:40:22,504 - Worker_1] Status code == 403 for https://noticias.uol.com.br/internacional/ultimas-noticias/2023/08/26/brasileiro-acusado-roubar-87-milhoes-joias-brasileiras.htm, skipping...
[ERROR - 2026-03-03 19:40:25,904 - Worker_4] Status code == 403 for https://noticias.uol.com.br/politica/ultimas-noticias/2023/08/26/lula-dilma-pedaladas-trf1.htm, skipping...
[ERROR - 2026-03-03 19:40:26,614 - Worker_1] Status code == 403 for https://noticias.uol.com.br/politica/ultimas-noticias/2023/08/25/prisao-jair-bolsonaro-diretor-policia-federal.htm, skipping...
[ERROR - 2026-03-03 19:40:39,799 - Worker_2] Status code == 403 for https://noticias.uol.com.br/politica/ultimas-noticias/2023/08/25/advogado-de-gentili-reage-a-promessa-de-aras-para-investigar-humorista.htm, skipping...
[ERROR - 2026-03-03 19:40:45,122 - Worker_1] Status code == 403 for https://noticias.uol.com.br/ultimas-noticias/agencia-estado/2023/08/26/homicidios-tem-queda-historica-em-sp-enquanto-furtos-chegam-a-pico-recorde-em-julho.htm, skipping...
[ERROR - 2026-03-03 19:40:46,127 - Worker_0] Status code == 403 for https://noticias.uol.com.br/ultimas-noticias/afp/2023/08/26/escocia-lanca-a-maior-operacao-de-buscas-por-monstro-do-lago-ness.htm, skipping...
[ERROR - 2026-03-03 19:40:50,226 - Worker_0] Status code == 403 for https://noticias.uol.com.br/cotidiano/ultimas-noticias/2023/08/26/mulher-e-presa-por-fazer-cirurgias-na-sala-da-casa-da-mae-dela.htm, skipping...
[ERROR - 2026-03-03 19:40:56,265 - Worker_3] Status code == 403 for https://noticias.uol.com.br/ultimas-noticias/redacao/2023/07/27/pesquisa-percepcoes-sobre-racismo-no-brasil.htm, skipping...
[ERROR - 2026-03-03 19:40:59,911 - Worker_1] Status code == 403 for https://tab.uol.com.br/noticias/redacao/2023/08/17/temo-total-filho-tinha-medo-que-brennand-agredisse-ate-a-namorada-dele.htm, skipping...
[ERROR - 2026-03-03 19:41:02,520 - Worker_2] Status code == 403 for https://noticias.uol.com.br/ultimas-noticias/ansa/2023/08/26/equador-vai-repetir-eleicoes-no-exterior-apos-ataque-hacker.htm, skipping...
[ERROR - 2026-03-03 19:41:10,307 - Worker_4] Status code == 403 for https://noticias.uol.com.br/colunas/andre-santana/2023/08/26/votos-de-zanin-revelam-o-ministro-terrivelmente-conservador-de-lula.htm, skipping...
[ERROR - 2026-03-03 19:41:11,842 - Worker_3] Status code == 403 for https://noticias.uol.com.br/colunas/leonardo-sakamoto/2023/08/26/porto-alegre-celebra-criminosos-golpistas-ao-tornar-81-o-dia-do-patriota.htm, skipping...
[ERROR - 2026-03-03 19:41:16,635 - Worker_0] Status code == 403 for https://noticias.uol.com.br/ultimas-noticias/2023/08/26/mega-sena-2625-concurso-numeros-sorteio-de-hoje-26-de-agosto.htm, skipping...
[ERROR - 2026-03-03 19:41:24,142 - Worker_2] Status code == 403 for https://noticias.uol.com.br/colunas/leonardo-sakamoto/2023/08/26/zanin-vota-contra-acao-de-indigenas-que-denunciam-violencia-policial-em-ms.htm, skipping...
[ERROR - 2026-03-03 19:41:26,149 - Worker_4] Status code == 403 for https://noticias.uol.com.br/cotidiano/ultimas-noticias/2023/08/26/piloto-azul-alarme-falso-sequestro.htm, skipping...
[ERROR - 2026-03-03 19:41:32,346 - Worker_0] Status code == 403 for https://noticias.uol.com.br/politica/ultimas-noticias/2023/08/26/aras-nao-nega-conversa-mas-refuta-que-blindou-empresarios-golpistas.htm, skipping...
[ERROR - 2026-03-03 19:41:32,758 - Worker_2] Status code == 403 for https://noticias.uol.com.br/politica/ultimas-noticias/2023/08/25/bolsonaro-chega-festa-do-peao-barretos-tarcisio.htm, skipping...
[ERROR - 2026-03-03 19:41:36,737 - Worker_0] Status code == 403 for https://noticias.uol.com.br/politica/ultimas-noticias/2023/08/26/michelle-bolsonaro-debocha-investigacao-pf-mijoias-pra-voces.htm, skipping...
[ERROR - 2026-03-03 19:41:37,646 - Worker_3] Status code == 403 for https://noticias.uol.com.br/cotidiano/ultimas-noticias/2023/08/26/mulher-e-condenada-a-17-de-anos-prisao-apos-mandar-matar-a-mae-por-raiva.htm, skipping...
[ERROR - 2026-03-03 19:41:38,343 - Worker_4] Status code == 403 for https://noticias.uol.com.br/cotidiano/ultimas-noticias/2023/08/26/homem-morre-raia-da-usp-afogamento-bombeiros-sao-paulo.htm, skipping...
[ERROR - 2026-03-03 19:41:39,026 - Worker_1] Status code == 403 for https://noticias.uol.com.br/cotidiano/ultimas-noticias/2023/08/26/bandidos-de-bicicleta-fazem-arrastao-em-praia-de-sao-vicente.htm, skipping...
[ERROR - 2026-03-03 19:41:42,278 - Worker_3] Status code == 403 for https://tab.uol.com.br/noticias/redacao/2023/07/26/onda-rosa-ouro-branco-o-fetiche-no-pais-dos-cornos-e-mais.htm, skipping...
[ERROR - 2026-03-03 19:41:45,522 - Worker_4] Status code == 403 for https://tab.uol.com.br/noticias/redacao/2023/08/25/mestre-dos-lagos-o-empresario-que-conquistou-famosos-com-fe-e-permutas.htm, skipping...
[ERROR - 2026-03-03 19:41:59,580 - Worker_2] Status code == 403 for https://noticias.uol.com.br/politica/ultimas-noticias/2023/08/27/lula-discurso-cupula-cplp.htm, skipping...
[ERROR - 2026-03-03 19:42:00,672 - Worker_0] Status code == 403 for https://noticias.uol.com.br/cotidiano/ultimas-noticias/2023/08/27/filho-bombeiro-morte-acidente-goias.htm, skipping...
[ERROR - 2026-03-03 19:42:03,959 - Worker_4] Status code == 403 for https://noticias.uol.com.br/cotidiano/ultimas-noticias/2023/08/27/biologo-flagra-momento-em-que-sucuri-de-6-metros-entra-em-lago-em-go.htm, skipping...
[ERROR - 2026-03-03 19:42:03,985 - Worker_2] Status code == 403 for https://tab.uol.com.br/colunas/matheus-pichonelli/2023/08/27/existe-amor-em-sp-mas-ele-foi-atropelado-em-frente-ao-posto-de-gasolina.htm, skipping...
[ERROR - 2026-03-03 19:42:08,236 - Worker_3] Status code == 403 for https://noticias.uol.com.br/politica/ultimas-noticias/2023/08/27/ex-deputado-detido-suspeita-agredir-esposa-dentro-de-carro-mt.htm, skipping...
[ERROR - 2026-03-03 19:42:08,294 - Worker_1] Status code == 403 for https://noticias.uol.com.br/colunas/carlos-madeiro/2023/08/27/peso-sangue-e-ate-tamanho-do-coracao-criterios-definem-receptor-de-orgaos.htm, skipping...
[ERROR - 2026-03-03 19:42:13,384 - Worker_2] Status code == 403 for https://noticias.uol.com.br/cotidiano/ultimas-noticias/2023/08/27/agressao-pm-contra-mulher-no-ceara.htm, skipping...
[ERROR - 2026-03-03 19:42:21,124 - Worker_4] Status code == 403 for https://noticias.uol.com.br/ultimas-noticias/afp/2023/08/27/centenas-de-pessoas-fogem-das-enchentes-causadas-por-supertufao-nas-filipinas.htm, skipping...
[ERROR - 2026-03-03 19:42:24,128 - Worker_2] Status code == 403 for https://noticias.uol.com.br/colunas/leonardo-sakamoto/2023/08/27/stf-questiona-tarcisio-por-homenagem-ao-agressor-de-estudantes-erasmo-dias.htm, skipping...
[ERROR - 2026-03-03 19:42:28,598 - Worker_3] Status code == 403 for https://noticias.uol.com.br/ultimas-noticias/redacao/2023/07/27/pesquisa-percepcoes-sobre-racismo-no-brasil.htm, skipping...
[ERROR - 2026-03-03 19:42:30,592 - Worker_4] Status code == 403 for https://tab.uol.com.br/noticias/redacao/2023/08/17/temo-total-filho-tinha-medo-que-brennand-agredisse-ate-a-namorada-dele.htm, skipping...
[ERROR - 2026-03-03 19:42:36,606 - Worker_3] Status code == 403 for https://noticias.uol.com.br/cotidiano/ultimas-noticias/2023/08/27/pm-encontra-crianca-esquartejada-geladeira-sp.htm, skipping...
[ERROR - 2026-03-03 19:43:12,156 - Worker_1] Status code == 403 for https://noticias.uol.com.br/colunas/pra-comecar-a-semana/2023/08/27/duas-vezes-bolsonaro-x-pf.htm, skipping...
[ERROR - 2026-03-03 19:43:18,810 - Worker_1] Status code == 403 for https://tab.uol.com.br/noticias/redacao/2023/07/26/onda-rosa-ouro-branco-o-fetiche-no-pais-dos-cornos-e-mais.htm, skipping...
[ERROR - 2026-03-03 19:43:22,919 - Worker_1] Status code == 403 for https://tab.uol.com.br/noticias/redacao/2023/08/25/mestre-dos-lagos-o-empresario-que-conquistou-famosos-com-fe-e-permutas.htm, skipping...
[ERROR - 2026-03-03 19:43:24,431 - Worker_2] Status code == 403 for https://noticias.uol.com.br/politica/ultimas-noticias/2023/08/28/relatora-cpi-precisa-saber-se-dinheiro-das-joias-foi-para-8-de-janeiro.htm, skipping...
[ERROR - 2026-03-03 19:43:29,596 - Worker_4] Status code == 403 for https://noticias.uol.com.br/politica/ultimas-noticias/2023/08/28/tarcisio-exonera-numero-2-da-agricultura-que-denunciou-fraude-em-estradas.htm, skipping...
[ERROR - 2026-03-03 19:43:40,053 - Worker_1] Status code == 403 for https://noticias.uol.com.br/cotidiano/ultimas-noticias/2023/08/28/influenciadora-larissa-borges-morte.htm, skipping...
[ERROR - 2026-03-03 19:43:50,970 - Worker_1] Status code == 403 for https://noticias.uol.com.br/politica/ultimas-noticias/2023/08/28/josias-cpi-tratar-golpista-como-lobo-solitario-e-ideia-absurda-e-temeraria.htm, skipping...
[ERROR - 2026-03-03 19:43:55,983 - Worker_0] Status code == 403 for https://economia.uol.com.br/imposto-de-renda/noticias/redacao/2023/08/28/veja-como-fica-tabela-do-ir-e-faixa-de-isencao-apos-sancao-de-lula.htm, skipping...
[ERROR - 2026-03-03 19:44:04,904 - Worker_3] Status code == 403 for https://noticias.uol.com.br/internacional/ultimas-noticias/2023/08/28/minhoca-encontrada-cerebro-paciente.htm, skipping...
[ERROR - 2026-03-03 19:44:07,867 - Worker_2] Status code == 403 for https://noticias.uol.com.br/politica/ultimas-noticias/2023/08/28/anuncio-evento-pl-mulher.htm, skipping...
[ERROR - 2026-03-03 19:44:10,526 - Worker_1] Status code == 403 for https://noticias.uol.com.br/politica/ultimas-noticias/2023/08/28/super-ricos-proposta-lider-governo-congresso-dificuldade.htm, skipping...
[ERROR - 2026-03-03 19:44:15,548 - Worker_2] Status code == 403 for https://noticias.uol.com.br/politica/ultimas-noticias/2023/08/28/justica-aceita-denuncia-ricardo-salles-exportacao-madeira.htm, skipping...
[ERROR - 2026-03-03 19:44:16,233 - Worker_3] Status code == 403 for https://noticias.uol.com.br/cotidiano/ultimas-noticias/2023/08/28/duas-mulheres-brigam-na-fila-para-visitar-o-mesmo-detento-em-presidio-de-ms.htm, skipping...
[ERROR - 2026-03-03 19:44:18,354 - Worker_1] Status code == 403 for https://noticias.uol.com.br/ultimas-noticias/redacao/2023/07/27/pesquisa-percepcoes-sobre-racismo-no-brasil.htm, skipping...
[ERROR - 2026-03-03 19:44:18,798 - Worker_4] Status code == 403 for https://tab.uol.com.br/noticias/redacao/2023/08/17/temo-total-filho-tinha-medo-que-brennand-agredisse-ate-a-namorada-dele.htm, skipping...
[ERROR - 2026-03-03 19:44:20,361 - Worker_3] Status code == 403 for https://noticias.uol.com.br/cotidiano/ultimas-noticias/2023/08/28/carro-capota-acidente-ceara-video.htm, skipping...
[ERROR - 2026-03-03 19:44:23,158 - Worker_4] Status code == 403 for https://tab.uol.com.br/colunas/matheus-pichonelli/2023/08/28/com-faustao-doacoes-no-brasil-tem-tudo-para-crescer-rede-social-e-desafio.htm, skipping...
[ERROR - 2026-03-03 19:44:23,554 - Worker_2] Status code == 403 for https://noticias.uol.com.br/ultimas-noticias/agencia-estado/2023/08/28/mesma-acusado-de-manter-empregada-como-escrava-desembargador-recebeu-r-178-mil-do-tj-sc.htm, skipping...
[ERROR - 2026-03-03 19:44:54,965 - Worker_4] Status code == 403 for https://economia.uol.com.br/noticias/redacao/2023/08/28/salario-minimo-lula-assina.htm, skipping...
[ERROR - 2026-03-03 19:45:02,295 - Worker_1] Status code == 403 for https://tab.uol.com.br/noticias/redacao/2023/07/26/onda-rosa-ouro-branco-o-fetiche-no-pais-dos-cornos-e-mais.htm, skipping...
[ERROR - 2026-03-03 19:45:06,400 - Worker_1] Status code == 403 for https://tab.uol.com.br/noticias/redacao/2023/08/25/mestre-dos-lagos-o-empresario-que-conquistou-famosos-com-fe-e-permutas.htm, skipping...
[ERROR - 2026-03-03 19:45:08,386 - Worker_0] Status code == 403 for https://economia.uol.com.br/imposto-de-renda/noticias/redacao/2023/03/09/imposto-de-renda-2023-receita-libera-download-do-programa.htm, skipping...
[ERROR - 2026-03-03 19:45:10,471 - Worker_4] Status code == 403 for https://economia.uol.com.br/noticias/estadao-conteudo/2023/08/29/china-sera-parceiro-decisivo-para-petrobras-retomar-presenca-global-diz-prates.htm, skipping...
[ERROR - 2026-03-03 19:45:32,504 - Worker_4] Status code == 403 for https://tab.uol.com.br/noticias/redacao/2023/08/29/quiseram-se-apropriar-da-minha-historia-diz-pai-de-liana-friedenbach.htm, skipping...
[ERROR - 2026-03-03 19:45:36,113 - Worker_0] Status code == 403 for https://noticias.uol.com.br/colunas/carla-araujo/2023/08/29/preparativos-depoimento-pf-bolsonaro-sem-wassef-caso-joias-rolex.htm, skipping...
[ERROR - 2026-03-03 19:45:40,377 - Worker_4] Status code == 403 for https://noticias.uol.com.br/internacional/ultimas-noticias/2023/08/29/ventos-de-130-kmh-provocam-turbulencia-em-voo-e-aterrorizam-passageiros.htm, skipping...
[ERROR - 2026-03-03 19:45:42,254 - Worker_1] Status code == 403 for https://noticias.uol.com.br/politica/ultimas-noticias/2023/08/29/cpi-do-mst-samia-bomfim-ricardo-salles-reu-justica.htm, skipping...
[ERROR - 2026-03-03 19:45:48,798 - Worker_2] Status code == 403 for https://noticias.uol.com.br/politica/ultimas-noticias/2023/08/29/operacao-pf-atos-golpistas-29-de-agosto.htm, skipping...
[ERROR - 2026-03-03 19:45:52,929 - Worker_2] Status code == 403 for https://noticias.uol.com.br/cotidiano/ultimas-noticias/2023/08/29/casal-beijo-morte-sp.htm, skipping...
[ERROR - 2026-03-03 19:45:56,616 - Worker_1] Status code == 403 for https://noticias.uol.com.br/ultimas-noticias/redacao/2023/07/27/pesquisa-percepcoes-sobre-racismo-no-brasil.htm, skipping...
[ERROR - 2026-03-03 19:45:57,036 - Worker_2] Status code == 403 for https://noticias.uol.com.br/politica/ultimas-noticias/2023/08/29/lula-daniela-teixeira-stj.htm, skipping...
[ERROR - 2026-03-03 19:45:57,104 - Worker_0] Status code == 404 for https://www.uol.com.br/universa/horoscopo/noticias/redacao/2023/08/01/signos-nos-negocios-quais-sao-os-pontos-fracos-e-fortes-para-empreender.htm, skipping...
[ERROR - 2026-03-03 19:46:00,791 - Worker_1] Status code == 403 for https://tab.uol.com.br/noticias/redacao/2023/08/17/temo-total-filho-tinha-medo-que-brennand-agredisse-ate-a-namorada-dele.htm, skipping...
[ERROR - 2026-03-03 19:46:10,289 - Worker_1] Status code == 403 for https://noticias.uol.com.br/confere/ultimas-noticias/2023/08/29/post-usa-materia-de-2022-para-enganar-sobre-aumento-de-casos-de-covid.htm, skipping...
[ERROR - 2026-03-03 19:46:16,954 - Worker_3] Status code == 403 for https://tab.uol.com.br/noticias/aba-anonima/2023/08/29/amo-ver-meu-namorado-com-outra-diz-cuckquean-que-faz-sucesso-no-tiktok.htm, skipping...
[ERROR - 2026-03-03 19:46:19,058 - Worker_4] Status code == 403 for https://noticias.uol.com.br/colunas/leonardo-sakamoto/2023/08/29/zambelli-e-salles-vao-ficando-cada-vez-mais-pesados-para-valdemar-carregar.htm, skipping...
[ERROR - 2026-03-03 19:46:28,779 - Worker_0] Status code == 403 for https://noticias.uol.com.br/ultimas-noticias/afp/2023/08/29/papa-exalta-heranca-da-grande-russia-e-irrita-ucrania.htm, skipping...
[ERROR - 2026-03-03 19:46:29,665 - Worker_4] Status code == 403 for https://noticias.uol.com.br/colunas/tales-faria/2023/08/29/outro-coronel-afastado-mostra-que-general-deixou-bombas-contra-lula-no-gsi.htm, skipping...
[ERROR - 2026-03-03 19:46:34,317 - Worker_2] Status code == 403 for https://noticias.uol.com.br/cotidiano/ultimas-noticias/2023/08/29/danca-rio-de-janeiro-cavalo-escola.htm, skipping...
[ERROR - 2026-03-03 19:46:38,326 - Worker_3] Status code == 403 for https://noticias.uol.com.br/cotidiano/ultimas-noticias/2023/08/29/onibus-perde-controle-invade-casa-barueri.htm, skipping...
[ERROR - 2026-03-03 19:46:42,736 - Worker_4] Status code == 403 for https://tab.uol.com.br/noticias/redacao/2023/07/26/onda-rosa-ouro-branco-o-fetiche-no-pais-dos-cornos-e-mais.htm, skipping...
[ERROR - 2026-03-03 19:46:42,988 - Worker_0] Status code == 403 for https://noticias.uol.com.br/colunas/josias-de-souza/2023/08/30/governo-lula-desistiu-de-proibir-pazuellos-em-cargo-de-ministro.htm, skipping...
[ERROR - 2026-03-03 19:46:43,898 - Worker_2] Status code == 403 for https://noticias.uol.com.br/ultimas-noticias/deutschewelle/2023/08/30/a-russia-quer-drenar-a-ucrania-guerra-revela-sede-de-r-60-trilhoes-de-putin.htm, skipping...
[ERROR - 2026-03-03 19:46:46,057 - Worker_3] Status code == 403 for https://noticias.uol.com.br/politica/ultimas-noticias/2023/08/30/camilo-cristofaro-cassacao-ccj.htm, skipping...
[ERROR - 2026-03-03 19:46:52,726 - Worker_3] Status code == 403 for https://noticias.uol.com.br/colunas/jamil-chade/2023/08/30/macron-faz-populismo-com-amazonia-e-gera-mal-estar-em-brasilia.htm, skipping...
[ERROR - 2026-03-03 19:46:53,397 - Worker_2] Status code == 403 for https://noticias.uol.com.br/politica/ultimas-noticias/2023/08/30/stf-julgamento-marco-temporal-terras-indigenas.htm, skipping...
[ERROR - 2026-03-03 19:46:53,565 - Worker_4] Status code == 403 for https://noticias.uol.com.br/colunas/leonardo-sakamoto/2023/08/30/extrema-direita-usa-discurso-contra-terras-indigenas-para-se-fortalecer.htm, skipping...
[ERROR - 2026-03-03 19:46:57,780 - Worker_2] Status code == 403 for https://noticias.uol.com.br/internacional/ultimas-noticias/2023/08/30/touro-mulher-espanha-video.htm, skipping...
[ERROR - 2026-03-03 19:46:57,932 - Worker_4] Status code == 403 for https://noticias.uol.com.br/colunas/kennedy-alencar/2023/08/29/delacao-de-cid-reforcaria-provas-e-demoliria-narrativa-de-bolsonaro.htm, skipping...
[ERROR - 2026-03-03 19:47:06,609 - Worker_3] Status code == 403 for https://noticias.uol.com.br/cotidiano/ultimas-noticias/2023/08/30/familia-influenciadora-larissa-borges.htm, skipping...
[ERROR - 2026-03-03 19:47:09,114 - Worker_2] Status code == 403 for https://noticias.uol.com.br/colunas/aguirre-talento/2023/08/30/pf-arrombamento-wassef.htm, skipping...
[ERROR - 2026-03-03 19:47:10,996 - Worker_0] Status code == 403 for https://noticias.uol.com.br/politica/ultimas-noticias/2023/08/30/cabo-daciolo-homenagem-esposa-morreu-ontem.htm, skipping...
[ERROR - 2026-03-03 19:47:12,901 - Worker_4] Status code == 403 for https://noticias.uol.com.br/ultimas-noticias/agencia-estado/2023/08/30/aras-decisao-do-stf-sobre-foro-de-bolsonaro-pode-anular-provas-no-caso-das-joias.htm, skipping...
[ERROR - 2026-03-03 19:47:15,101 - Worker_0] Status code == 403 for https://noticias.uol.com.br/politica/ultimas-noticias/2023/08/30/flavio-bolsonaro-faz-bo-apos-influenciadora-dizer-que-ele-transou-com-trans.htm, skipping...
[ERROR - 2026-03-03 19:47:16,988 - Worker_2] Status code == 403 for https://noticias.uol.com.br/cotidiano/ultimas-noticias/2023/08/30/caso-apresentacao-polemica-rj.htm, skipping...
[ERROR - 2026-03-03 19:47:21,103 - Worker_2] Status code == 403 for https://noticias.uol.com.br/colunas/rogerio-gentile/2023/08/30/chulapa-deve-r-723-mil-em-condominio-nao-paga-e-justica-toma-apartamento.htm, skipping...
[ERROR - 2026-03-03 19:47:21,459 - Worker_0] Status code == 403 for https://noticias.uol.com.br/internacional/ultimas-noticias/2023/08/30/veterana-exercito-bacteria-perna.htm, skipping...
[ERROR - 2026-03-03 19:47:22,662 - Worker_3] Status code == 403 for https://tab.uol.com.br/noticias/redacao/2023/08/29/quiseram-se-apropriar-da-minha-historia-diz-pai-de-liana-friedenbach.htm, skipping...
[ERROR - 2026-03-03 19:47:25,293 - Worker_2] Status code == 403 for https://noticias.uol.com.br/colunas/reinaldo-azevedo/2023/08/30/manter-deficit-zero-pode-ajudar-a-tributar-explorada-classe-de-bilionarios.htm, skipping...
[ERROR - 2026-03-03 19:47:25,856 - Worker_0] Status code == 403 for https://noticias.uol.com.br/colunas/jose-roberto-de-toledo/2023/08/30/marco-temporal-aborto-e-mais-como-zanin-pode-votar-em-pautas-importantes.htm, skipping...
[ERROR - 2026-03-03 19:47:30,848 - Worker_1] Status code == 403 for https://noticias.uol.com.br/cotidiano/ultimas-noticias/2023/08/30/empresario-desaparecido-encontrado-morto-sc.htm, skipping...
[ERROR - 2026-03-03 19:47:34,146 - Worker_0] Status code == 403 for https://noticias.uol.com.br/ultimas-noticias/redacao/2023/07/27/pesquisa-percepcoes-sobre-racismo-no-brasil.htm, skipping...
[ERROR - 2026-03-03 19:47:37,673 - Worker_2] Status code == 403 for https://tab.uol.com.br/noticias/redacao/2023/08/30/gente-rica-nao-gosta-de-ser-cobrada-os-calotes-de-thiago-brennand.htm, skipping...
[ERROR - 2026-03-03 19:47:38,522 - Worker_4] Status code == 403 for https://tab.uol.com.br/colunas/matheus-pichonelli/2023/08/30/ainda-estou-pagando-meu-carro-usado-devo-temer-a-taxacao-de-super-ricos.htm, skipping...
[ERROR - 2026-03-03 19:47:41,737 - Worker_0] Status code == 403 for https://noticias.uol.com.br/politica/ultimas-noticias/2023/08/30/votos-marco-temporal-julgamento-indigenas.htm, skipping...
[ERROR - 2026-03-03 19:47:42,040 - Worker_2] Status code == 403 for https://noticias.uol.com.br/cotidiano/ultimas-noticias/2023/08/30/nao-era-de-brigar-diz-irma-de-homem-morto-com-mata-leao-em-portugal.htm, skipping...
[ERROR - 2026-03-03 19:47:47,201 - Worker_1] Status code == 403 for https://noticias.uol.com.br/cotidiano/ultimas-noticias/2023/08/30/50-vitimas-resgatadas-carcere-tortura-clinica-clandestina-goias.htm, skipping...
[ERROR - 2026-03-03 19:47:48,360 - Worker_0] Status code == 403 for https://noticias.uol.com.br/colunas/juliana-dal-piva/2023/08/30/flavio-dino-volta-a-ganhar-forca-na-corrida-pela-vaga-de-rosa-weber-no-stf.htm, skipping...
[ERROR - 2026-03-03 19:47:51,566 - Worker_1] Status code == 403 for https://noticias.uol.com.br/colunas/leonardo-sakamoto/2023/08/30/stf-pode-negar-direito-de-indigenas-enquanto-senado-estuda-outras-maldades.htm, skipping...
[ERROR - 2026-03-03 19:48:01,941 - Worker_2] Status code == 403 for https://noticias.uol.com.br/politica/ultimas-noticias/2023/08/30/zanin-voto-marco-temporal-julgamento-indigenas-ruralistas.htm, skipping...
[ERROR - 2026-03-03 19:48:03,956 - Worker_3] Status code == 403 for https://noticias.uol.com.br/confere/ultimas-noticias/2023/08/30/cantora-presa-pela-pf-nao-foi-detida-por-cantar-musica-gospel.htm, skipping...
[ERROR - 2026-03-03 19:48:16,172 - Worker_2] Status code == 403 for https://noticias.uol.com.br/cotidiano/ultimas-noticias/2023/08/30/condenado-a-33-anos-de-prisao-gil-rugai-pede-progressao-para-regime-aberto.htm, skipping...
[ERROR - 2026-03-03 19:48:16,574 - Worker_0] Status code == 403 for https://noticias.uol.com.br/cotidiano/ultimas-noticias/2023/08/30/assalto-tortura-morte-mulher-ceara-motorista-endividado-crime.htm, skipping...
[ERROR - 2026-03-03 19:48:25,662 - Worker_4] Status code == 403 for https://tab.uol.com.br/noticias/redacao/2023/07/26/onda-rosa-ouro-branco-o-fetiche-no-pais-dos-cornos-e-mais.htm, skipping...
[ERROR - 2026-03-03 19:48:28,168 - Worker_1] Status code == 403 for https://noticias.uol.com.br/politica/ultimas-noticias/2023/08/31/lula-evento-brasil-sem-fome.htm, skipping...
[ERROR - 2026-03-03 19:48:29,430 - Worker_0] Status code == 403 for https://educacao.uol.com.br/noticias/2023/08/31/gestao-tarcisio-ensina-que-capital-tem-praia-e-pedro-2-assinou-lei-aurea.htm, skipping...
[ERROR - 2026-03-03 19:48:33,592 - Worker_0] Status code == 403 for https://noticias.uol.com.br/politica/ultimas-noticias/2023/08/31/dal-piva-ruptura-de-dialogo-com-cid-gera-tensao-em-nucleo-de-bolsonaro.htm, skipping...
[ERROR - 2026-03-03 19:48:52,920 - Worker_2] Status code == 403 for https://educacao.uol.com.br/noticias/2023/08/31/psol-pede-investigacao-slides-governo-tarcisio.htm, skipping...
[ERROR - 2026-03-03 19:48:54,031 - Worker_0] Status code == 403 for https://noticias.uol.com.br/colunas/leonardo-sakamoto/2023/08/31/alta-de-emprego-e-renda-beneficia-boulos-mas-nunes-tem-bilhoes-para-gastar.htm, skipping...
[ERROR - 2026-03-03 19:48:54,238 - Worker_3] Status code == 403 for https://noticias.uol.com.br/cotidiano/ultimas-noticias/2023/08/31/crianca-morre-engasgada-uva.htm, skipping...
[ERROR - 2026-03-03 19:49:01,149 - Worker_4] Status code == 403 for https://tab.uol.com.br/noticias/redacao/2023/08/29/quiseram-se-apropriar-da-minha-historia-diz-pai-de-liana-friedenbach.htm, skipping...
[ERROR - 2026-03-03 19:49:01,390 - Worker_0] Status code == 403 for https://noticias.uol.com.br/politica/ultimas-noticias/2023/08/31/moraes-48-horas-hospital-tratamento-roberto-jefferson.htm, skipping...
[ERROR - 2026-03-03 19:49:26,363 - Worker_3] Status code == 403 for https://tab.uol.com.br/noticias/redacao/2023/08/30/gente-rica-nao-gosta-de-ser-cobrada-os-calotes-de-thiago-brennand.htm, skipping...
[ERROR - 2026-03-03 19:50:10,068 - Worker_4] Status code == 403 for https://noticias.uol.com.br/internacional/ultimas-noticias/2023/08/31/irmas-podem-ser-presas-por-rebolarem-em-tumulos-de-soldados-ucranianos.htm, skipping...
[ERROR - 2026-03-03 19:50:13,472 - Worker_2] Status code == 403 for https://noticias.uol.com.br/politica/ultimas-noticias/2023/02/01/coletiva-pacheco-impeachment-ministros-stf.htm, skipping...
[ERROR - 2026-03-03 19:50:16,345 - Worker_3] Status code == 403 for https://noticias.uol.com.br/cotidiano/ultimas-noticias/2023/02/01/defesa-suspeito-estupro-e-morte-aluna-ufpi.htm, skipping...
[ERROR - 2026-03-03 19:50:22,413 - Worker_2] Status code == 403 for https://noticias.uol.com.br/colunas/reinaldo-azevedo/2023/02/01/o-senado-e-esgoto-das-redes-por-que-progressistas-devem-ler-marx-e-engels.htm, skipping...
[ERROR - 2026-03-03 19:50:32,086 - Worker_1] Status code == 403 for https://tab.uol.com.br/noticias/redacao/2023/01/27/ponto-turistico-ambulante-camaro-da-policia-civil-para-o-transito-em-sc.htm, skipping...
[ERROR - 2026-03-03 19:50:35,227 - Worker_3] Status code == 403 for https://noticias.uol.com.br/politica/ultimas-noticias/2023/02/01/lira-reeleicao-camara.htm, skipping...
[ERROR - 2026-03-03 19:50:36,104 - Worker_0] Status code == 403 for https://noticias.uol.com.br/colunas/leonardo-sakamoto/2023/02/01/com-vitoria-de-pacheco-lula-vence-bolsonaro-pela-segunda-vez-em-tres-meses.htm, skipping...
[ERROR - 2026-03-03 19:50:36,478 - Worker_1] Status code == 403 for https://noticias.uol.com.br/cotidiano/ultimas-noticias/2023/02/01/motorista-estupro-onibus-campina-grande.htm, skipping...
[ERROR - 2026-03-03 19:50:39,364 - Worker_3] Status code == 403 for https://noticias.uol.com.br/ultimas-noticias/2023/02/01/mega-sena-2560-concurso-numeros-sorteio-de-hoje-premio.htm, skipping...
[ERROR - 2026-03-03 19:50:42,684 - Worker_2] Status code == 403 for https://noticias.uol.com.br/ultimas-noticias/bbc/2023/02/01/como-os-burros-mudaram-o-curso-da-historia-humana.htm, skipping...
[ERROR - 2026-03-03 19:50:43,261 - Worker_4] Status code == 403 for https://noticias.uol.com.br/internacional/ultimas-noticias/2023/02/01/casal-deixa-bebe-no-check-in-do-aeroporto-para-nao-comprar-passagem-extra.htm, skipping...
[ERROR - 2026-03-03 19:50:46,805 - Worker_2] Status code == 403 for https://noticias.uol.com.br/colunas/jose-roberto-de-toledo/2023/02/01/fisiologismo-aproveita-polarizacao-e-fatura-com-eleicao-no-congresso.htm, skipping...
[ERROR - 2026-03-03 19:50:50,903 - Worker_2] Status code == 403 for https://noticias.uol.com.br/politica/ultimas-noticias/2023/02/01/integra-discurso-arthur-lira-reeleito-presidente-camara.htm, skipping...
[ERROR - 2026-03-03 19:50:54,412 - Worker_0] Status code == 403 for https://noticias.uol.com.br/newsletters/uol-thais-oyama/2023/01/31/quao-poderoso-se-sente-alguem-que-se-elege-presidente-da-camara.htm, skipping...
[ERROR - 2026-03-03 19:50:55,007 - Worker_2] Status code == 403 for https://noticias.uol.com.br/politica/ultimas-noticias/2023/02/01/parlamentares-mostram-chegada-gabinetes-posse.htm, skipping...
[ERROR - 2026-03-03 19:50:56,498 - Worker_4] Status code == 403 for https://tab.uol.com.br/noticias/redacao/2023/01/29/perdeu-mane-como-provocacao-em-acampamento-golpista-virou-caso-de-policia.htm, skipping...
[ERROR - 2026-03-03 19:50:58,957 - Worker_3] Status code == 403 for https://noticias.uol.com.br/politica/ultimas-noticias/2023/02/01/eleicao-do-senado-8-senadores-migram-para-base-de-lula-veja-quem-sao.htm, skipping...
[ERROR - 2026-03-03 19:51:00,107 - Worker_1] Status code == 403 for https://noticias.uol.com.br/colunas/josias-de-souza/2023/02/01/volta-do-congresso-leva-lula-a-trocar-satanizacao-de-bolsoanro-pelo-servico.htm, skipping...
[ERROR - 2026-03-03 19:51:03,777 - Worker_2] Status code == 403 for https://noticias.uol.com.br/colunas/juliana-dal-piva/2023/02/01/michelle-vai-ao-congresso-acompanhar-eleicao-no-senado-e-apoiar-marinho.htm, skipping...
[ERROR - 2026-03-03 19:51:05,554 - Worker_0] Status code == 403 for https://noticias.uol.com.br/cotidiano/ultimas-noticias/2023/02/01/homem-preso-sao-jose-dos-campos.htm, skipping...
[ERROR - 2026-03-03 19:51:10,318 - Worker_3] Status code == 403 for https://noticias.uol.com.br/politica/ultimas-noticias/2023/02/01/pastor-exonerado-apos-video-de-sexo-em-predio-da-prefeitura-de-pouso-alegre.htm, skipping...
[ERROR - 2026-03-03 19:51:17,068 - Worker_4] Status code == 403 for https://noticias.uol.com.br/colunas/walter-maierovitch/2023/02/01/peixe-fora-dagua-no-stf-aras-se-vestiu-de-democrata-e-escondeu-bolsonaro.htm, skipping...
[ERROR - 2026-03-03 19:51:19,106 - Worker_3] Status code == 403 for https://noticias.uol.com.br/colunas/josias-de-souza/2023/02/01/bolsonaro-aproveita-as-ferias-para-se-divertir-na-roda-gigante-do-golpismo.htm, skipping...
[ERROR - 2026-03-03 19:51:25,124 - Worker_1] Status code == 403 for https://noticias.uol.com.br/politica/ultimas-noticias/2023/02/01/rodrigo-pacheco-e-reeleito-a-presidente-do-senado.htm, skipping...
[ERROR - 2026-03-03 19:51:26,990 - Worker_4] Status code == 403 for https://noticias.uol.com.br/politica/ultimas-noticias/2023/02/01/leia-a-integra-do-discurso-de-alexandre-de-moraes-na-reabertura-do-tse.htm, skipping...
[ERROR - 2026-03-03 19:51:27,229 - Worker_2] Status code == 403 for https://noticias.uol.com.br/politica/ultimas-noticias/2023/02/01/mostrou-a-forca-do-partido-liberal-diz-valdemar-apos-derrota-de-marinho.htm, skipping...
[ERROR - 2026-03-03 19:51:27,783 - Worker_3] Status code == 403 for https://noticias.uol.com.br/cotidiano/ultimas-noticias/2023/02/01/video-colisao-frontal-entre-motos-deixa-dois-mortos-no-espirito-santo.htm, skipping...
[ERROR - 2026-03-03 19:51:29,542 - Worker_1] Status code == 403 for https://noticias.uol.com.br/politica/ultimas-noticias/2023/02/01/bastidores-eleicoes-congressos.htm, skipping...
[ERROR - 2026-03-03 19:51:31,110 - Worker_4] Status code == 403 for https://noticias.uol.com.br/politica/ultimas-noticias/2023/02/01/arthur-lira-discurso-reeleicao-camara.htm, skipping...
[ERROR - 2026-03-03 19:51:31,642 - Worker_2] Status code == 403 for https://economia.uol.com.br/noticias/redacao/2023/02/01/selic-juros-copom-banco-central-01-de-fevereiro-2023.htm, skipping...
[ERROR - 2026-03-03 19:51:32,182 - Worker_3] Status code == 403 for https://economia.uol.com.br/newsletters/uol-todos-a-bordo/2023/02/01/o-dia-que-a-musica-morreu-a-queda-que-matou-buddy-holly-e-ritchie-valens.htm, skipping...
[ERROR - 2026-03-03 19:51:35,213 - Worker_4] Status code == 403 for https://noticias.uol.com.br/politica/ultimas-noticias/2023/02/01/alexandre-de-moraes-tse-abertura-ano-judiciario-2023.htm, skipping...
[ERROR - 2026-03-03 19:51:36,557 - Worker_3] Status code == 403 for https://economia.uol.com.br/noticias/redacao/2023/02/01/cgu-investiga-apagao-que-permitiu-cadastro-sem-checagem-no-auxilio-brasil.htm, skipping...
[ERROR - 2026-03-03 19:51:39,322 - Worker_4] Status code == 403 for https://noticias.uol.com.br/cotidiano/ultimas-noticias/2023/02/01/estao-ali-morrendo-estagiarias-de-hospital-no-am-debocham-de-pacientes.htm, skipping...
[ERROR - 2026-03-03 19:51:40,660 - Worker_3] Status code == 403 for https://noticias.uol.com.br/colunas/madeleine-lacsko/2023/02/01/a-redencao-de-rodrigo-pacheco-e-o-xadrez-de-gilberto-kassab.htm, skipping...
[ERROR - 2026-03-03 19:51:59,995 - Worker_4] Status code == 403 for https://noticias.uol.com.br/confere/ultimas-noticias/2023/02/01/e-falso-que-biscoito-luppo-cause-paralisia-e-seja-vendido-no-brasil.htm, skipping...
[ERROR - 2026-03-03 19:52:02,654 - Worker_3] Status code == 403 for https://economia.uol.com.br/videos/2023/01/23/midia-e-marketing-154-maria-fernanda-albuquerque-vp-global-de-marketing-da-havaianas.htm, skipping...
[ERROR - 2026-03-03 19:52:07,430 - Worker_0] Status code == 403 for https://noticias.uol.com.br/colunas/tales-faria/2023/02/02/tales-do-val-e-tao-conspirador-e-trapalhao-que-criou-desconfianca-geral.htm, skipping...
[ERROR - 2026-03-03 19:52:11,511 - Worker_3] Status code == 403 for https://noticias.uol.com.br/colunas/jose-roberto-de-toledo/2023/02/02/golpe-era-forcar-xandao-a-se-dizer-impedido-de-investigar-bolsonaro.htm, skipping...
[ERROR - 2026-03-03 19:52:11,636 - Worker_0] Status code == 403 for https://tab.uol.com.br/noticias/redacao/2023/02/02/ofensa-a-moral-prefeitura-manda-tirar-luminoso-em-forma-de-penis-em-sc.htm, skipping...
[ERROR - 2026-03-03 19:52:15,978 - Worker_0] Status code == 403 for https://noticias.uol.com.br/newsletters/uol-crise-climatica/2023/02/02/europa-evita-o-pior-em-crise-energetica-com-renovaveis-desbancando-gas.htm, skipping...
[ERROR - 2026-03-03 19:52:18,172 - Worker_3] Status code == 403 for https://noticias.uol.com.br/colunas/leonardo-sakamoto/2023/02/02/revelacao-de-marcos-do-val-pavimenta-pedido-de-prisao-de-jair-bolsonaro.htm, skipping...
[ERROR - 2026-03-03 19:52:20,184 - Worker_1] Status code == 403 for https://noticias.uol.com.br/colunas/andre-santana/2023/02/02/porque-escultura-de-iemanja-negra-causa-incomodo-na-festa-do-2-de-fevereiro.htm, skipping...
[ERROR - 2026-03-03 19:52:22,567 - Worker_3] Status code == 403 for https://noticias.uol.com.br/cotidiano/ultimas-noticias/2023/02/02/bebe-entra-em-piscina-sem-os-pais-verem-e-morre-afogado-no-litoral-de-sp.htm, skipping...
[ERROR - 2026-03-03 19:52:23,582 - Worker_4] Status code == 403 for https://economia.uol.com.br/noticias/redacao/2023/01/30/sandra-chayo-hope-lingerie-basica-nao-precisa-ser-bege-chata.htm, skipping...
[ERROR - 2026-03-03 19:52:24,654 - Worker_1] Status code == 403 for https://noticias.uol.com.br/politica/ultimas-noticias/2023/02/02/por-que-brasil-pode-receber-1-bilhao-da-alemanha.htm, skipping...
[ERROR - 2026-03-03 19:52:26,963 - Worker_3] Status code == 403 for https://noticias.uol.com.br/colunas/tales-faria/2023/02/02/marcos-do-val-revela-por-que-bolsonaro-teme-voltar-ao-brasil.htm, skipping...
[ERROR - 2026-03-03 19:52:27,308 - Worker_0] Status code == 403 for https://economia.uol.com.br/noticias/redacao/2023/02/02/luiza-trajano-bilionarios-forbes.htm, skipping...
[ERROR - 2026-03-03 19:52:28,822 - Worker_1] Status code == 403 for https://noticias.uol.com.br/ultimas-noticias/agencia-estado/2023/02/02/anatel-amplia-permissao-de-uso-de-bloqueador-de-sinais-para-alem-de-presidios.htm, skipping...
[ERROR - 2026-03-03 19:52:32,136 - Worker_4] Status code == 403 for https://noticias.uol.com.br/ultimas-noticias/afp/2023/02/02/doenca-misteriosa-deixa-20-mortos-na-costa-do-marfim.htm, skipping...
[ERROR - 2026-03-03 19:52:35,560 - Worker_2] Status code == 403 for https://noticias.uol.com.br/cotidiano/ultimas-noticias/2023/02/02/chacina-df-mais-de-100-crimes.htm, skipping...
[ERROR - 2026-03-03 19:52:36,260 - Worker_4] Status code == 403 for https://economia.uol.com.br/noticias/redacao/2023/02/02/desconto-do-inss-no-salario-vai-mudar-a-partir-de-fevereiro-veja-valores.htm, skipping...
[ERROR - 2026-03-03 19:52:37,907 - Worker_1] Status code == 403 for https://noticias.uol.com.br/colunas/rogerio-gentile/2023/02/02/justica-penhora-caches-e-premios-do-mc-guime-no-big-brother-brasil.htm, skipping...
[ERROR - 2026-03-03 19:52:40,366 - Worker_4] Status code == 403 for https://noticias.uol.com.br/cotidiano/ultimas-noticias/2023/02/02/video-alunos-pulam-de-onibus-em-movimento-para-se-salvar-de-acidente-no-ce.htm, skipping...
[ERROR - 2026-03-03 19:52:47,968 - Worker_3] Status code == 403 for https://noticias.uol.com.br/colunas/madeleine-lacsko/2023/02/02/daniel-silveira-ja-gravou-deputados-traidores-com-aval-de-bolsonaro.htm, skipping...
[ERROR - 2026-03-03 19:52:48,952 - Worker_4] Status code == 403 for https://noticias.uol.com.br/politica/ultimas-noticias/2023/02/02/lula-diz-que-vai-discutir-com-biden-regulacao-das-redes-sociais.htm, skipping...
[ERROR - 2026-03-03 19:52:58,558 - Worker_4] Status code == 403 for https://noticias.uol.com.br/ultimas-noticias/agencia-estado/2023/02/01/relatos-sao-de-30-meninas-yanomami-gravidas-de-garimpeiros-diz-secretario.htm, skipping...
[ERROR - 2026-03-03 19:52:59,747 - Worker_0] Status code == 403 for https://economia.uol.com.br/noticias/estadao-conteudo/2023/02/02/musk-perde-1-lugar-na-lista-dos-mais-ricos-da-forbes-para-ceo-da-lvmh.htm, skipping...
[ERROR - 2026-03-03 19:53:03,833 - Worker_0] Status code == 403 for https://noticias.uol.com.br/colunas/josmar-jozino/2023/02/02/empresario-acusado-de-mandar-matar-cara-preta-do-pcc-e-capturado-na-bahia.htm, skipping...
[ERROR - 2026-03-03 19:53:25,108 - Worker_2] Status code == 403 for https://noticias.uol.com.br/politica/ultimas-noticias/2023/02/02/lula-reeleicao-2026.htm, skipping...
[ERROR - 2026-03-03 19:53:33,830 - Worker_2] Status code == 403 for https://economia.uol.com.br/newsletters/uol-todos-a-bordo/2023/02/01/o-dia-que-a-musica-morreu-a-queda-que-matou-buddy-holly-e-ritchie-valens.htm, skipping...
[ERROR - 2026-03-03 19:53:34,410 - Worker_1] Status code == 403 for https://noticias.uol.com.br/internacional/ultimas-noticias/2023/02/02/policial-expulsa-por-sexo-com-6-agentes-revela-detalhes-das-relacoes.htm, skipping...
[ERROR - 2026-03-03 19:53:37,930 - Worker_2] Status code == 403 for https://noticias.uol.com.br/internacional/ultimas-noticias/2023/02/02/briga-por-lugar-na-cama-entre-namorados-acaba-em-policia-na-inglaterra.htm, skipping...
[ERROR - 2026-03-03 19:53:38,503 - Worker_1] Status code == 403 for https://noticias.uol.com.br/colunas/josias-de-souza/2023/02/02/supremo-e-tse-aderem-ao-slogan-sem-anistia.htm, skipping...
[ERROR - 2026-03-03 19:53:42,663 - Worker_1] Status code == 403 for https://tab.uol.com.br/noticias/redacao/2023/02/02/house-firsting-vila-oferece-primeira-moradia-a-quem-quer-sair-da-rua.htm, skipping...
[ERROR - 2026-03-03 19:53:42,762 - Worker_3] Status code == 403 for https://noticias.uol.com.br/cotidiano/ultimas-noticias/2023/02/02/vereador-bombinha-cachorro.htm, skipping...
[ERROR - 2026-03-03 19:53:47,138 - Worker_3] Status code == 403 for https://noticias.uol.com.br/politica/ultimas-noticias/2023/02/02/dinheiro-daniel-silveira-salario-deputado-defesa.htm, skipping...
[ERROR - 2026-03-03 19:53:53,235 - Worker_0] Status code == 403 for https://noticias.uol.com.br/colunas/juliana-dal-piva/2023/02/02/em-mensagem-do-val-disse-que-silveira-instigou-bolsonaro-a-atacar-ministro.htm, skipping...
[ERROR - 2026-03-03 19:53:53,745 - Worker_1] Status code == 403 for https://noticias.uol.com.br/colunas/reinaldo-azevedo/2023/02/02/pacheco-lira-e-lula-vencem-no-congresso-e-o-apocalipse-nao-veio-de-novo.htm, skipping...
[ERROR - 2026-03-03 19:53:54,546 - Worker_4] Status code == 403 for https://noticias.uol.com.br/internacional/ultimas-noticias/2023/02/02/policial-demitida-relata-fetiches-troca-de-casal-e-jogo-sexual-com-colegas.htm, skipping...
[ERROR - 2026-03-03 19:53:59,940 - Worker_0] Status code == 403 for https://noticias.uol.com.br/cotidiano/ultimas-noticias/2023/02/01/musa-role-presa-sao-paulo-suspeita-sequestro-pix-hozana-carmelino.htm, skipping...
[ERROR - 2026-03-03 19:54:07,207 - Worker_4] Status code == 403 for https://economia.uol.com.br/videos/2023/01/23/midia-e-marketing-154-maria-fernanda-albuquerque-vp-global-de-marketing-da-havaianas.htm, skipping...
[ERROR - 2026-03-03 19:54:11,453 - Worker_0] Status code == 403 for https://noticias.uol.com.br/newsletters/uol-jose-trajano/2023/02/02/jogador-de-futebol-no-brasil-e-um-pobre-coitado-e-a-fenapaf-nao-esta-nem-ai.htm, skipping...
[ERROR - 2026-03-03 19:54:18,206 - Worker_2] Status code == 403 for https://noticias.uol.com.br/colunas/alberto-bombig/2023/02/03/falas-de-moraes-e-gilmar-aumentam-toxicidade-de-bolsonaro-e-causam-panico.htm, skipping...
[ERROR - 2026-03-03 19:54:19,437 - Worker_3] Status code == 403 for https://noticias.uol.com.br/ultimas-noticias/bbc/2023/02/03/o-mafioso-italiano-foragido-ha-16-anos-preso-trabalhando-como-pizzaiolo.htm, skipping...
[ERROR - 2026-03-03 19:54:20,407 - Worker_0] Status code == 403 for https://noticias.uol.com.br/cotidiano/ultimas-noticias/2023/02/03/bebe-morre-apos-engolir-bateria-de-litio-no-parana.htm, skipping...
[ERROR - 2026-03-03 19:54:22,600 - Worker_2] Status code == 403 for https://noticias.uol.com.br/politica/ultimas-noticias/2023/02/03/stf-deputada-federal-carla-zambelli-armada-homem-negro.htm, skipping...
[ERROR - 2026-03-03 19:54:23,803 - Worker_3] Status code == 403 for https://noticias.uol.com.br/colunas/madeleine-lacsko/2023/02/03/o-que-as-organizacoes-tabajara-pensam-sobre-a-operacao-tabajara-do-golpe.htm, skipping...
[ERROR - 2026-03-03 19:54:24,774 - Worker_0] Status code == 403 for https://noticias.uol.com.br/colunas/walter-maierovitch/2023/02/03/a-jornal-italiano-bolsonaro-diz-ser-italiano-e-que-voltara-ao-poder.htm, skipping...
[ERROR - 2026-03-03 19:54:37,296 - Worker_3] Status code == 403 for https://noticias.uol.com.br/internacional/ultimas-noticias/2023/02/03/ninho-de-vespa-gigante-assusta-ate-mesmo-dedetizador-aterrorizante.htm, skipping...
[ERROR - 2026-03-03 19:54:43,724 - Worker_3] Status code == 403 for https://noticias.uol.com.br/internacional/ultimas-noticias/2023/02/03/peixe-pre-historico-e-ameacado-de-extincao-e-achado-em-praia-dos-eua.htm, skipping...
[ERROR - 2026-03-03 19:54:53,326 - Worker_3] Status code == 403 for https://tab.uol.com.br/noticias/redacao/2023/02/03/testamento-pet-as-familias-que-deixam-sua-heranca-a-animais-de-estimacao.htm, skipping...
[ERROR - 2026-03-03 19:55:00,893 - Worker_0] Status code == 403 for https://noticias.uol.com.br/colunas/reinaldo-azevedo/2023/02/03/e-golpe-capivara-nao-mais-tabajara-e-as-razoes-nada-secretas-de-do-val.htm, skipping...
[ERROR - 2026-03-03 19:55:03,973 - Worker_2] Status code == 403 for https://noticias.uol.com.br/cotidiano/ultimas-noticias/2023/02/03/briga-generalizada-atrasa-voo-e-termina-com-15-passageiros-expulsos-na-ba.htm, skipping...
[ERROR - 2026-03-03 19:55:04,710 - Worker_3] Status code == 403 for https://tab.uol.com.br/noticias/redacao/2023/02/03/ela-foi-alem-juiza-explica-o-legado-de-gloria-maria-para-mulheres-negras.htm, skipping...
[ERROR - 2026-03-03 19:55:05,158 - Worker_1] Status code == 403 for https://noticias.uol.com.br/colunas/josias-de-souza/2023/02/03/moraes-leva-pedrada-de-doido-porque-tratou-coisa-seria-como-mera-maluquice.htm, skipping...
[ERROR - 2026-03-03 19:55:09,264 - Worker_1] Status code == 403 for https://noticias.uol.com.br/politica/ultimas-noticias/2023/02/03/do-val-diz-que-vai-solicitar-a-pgr-afastamento-de-moraes-de-inqueritos.htm, skipping...
[ERROR - 2026-03-03 19:55:13,934 - Worker_3] Status code == 403 for https://noticias.uol.com.br/politica/ultimas-noticias/2023/02/03/do-val-moraes-apuracao.htm, skipping...
[ERROR - 2026-03-03 19:55:29,500 - Worker_0] Status code == 403 for https://noticias.uol.com.br/cotidiano/ultimas-noticias/2023/02/03/choque-total-tucano-surpreende-familia-ao-abocanhar-filhote-de-ninho.htm, skipping...
[ERROR - 2026-03-03 19:55:39,749 - Worker_3] Status code == 403 for https://tab.uol.com.br/noticias/redacao/2023/02/03/bloomsbury-o-bairro-mais-queer-de-londres.htm, skipping...
[ERROR - 2026-03-03 19:55:40,426 - Worker_4] Status code == 403 for https://noticias.uol.com.br/newsletters/uol-nos-negros/2023/02/03/morre-gloria-maria-que-mostrou-a-negros-que-o-possivel-e-logo-ali.htm, skipping...
[ERROR - 2026-03-03 19:55:44,803 - Worker_2] Status code == 403 for https://noticias.uol.com.br/internacional/ultimas-noticias/2023/02/03/menino-de-8-anos-e-atacado-por-tubarao-que-tentava-roubar-um-peixe.htm, skipping...
[ERROR - 2026-03-03 19:55:50,738 - Worker_3] Status code == 403 for https://noticias.uol.com.br/cotidiano/ultimas-noticias/2023/02/03/acusado-estupro-sp.htm, skipping...
[ERROR - 2026-03-03 19:55:51,827 - Worker_4] Status code == 403 for https://noticias.uol.com.br/colunas/jamil-chade/2023/02/03/moraes-confirma-versao-de-do-val-e-fala-em-operacao-tabajara.htm, skipping...
[ERROR - 2026-03-03 19:56:00,308 - Worker_4] Status code == 403 for http://noticias.uol.com.br/politica/ultimas-noticias/2023/02/03/moraes-diz-que-todas-as-versoes-de-do-val-sao-antagonicas-entre-si.htm, skipping...
[ERROR - 2026-03-03 19:56:06,654 - Worker_0] Status code == 403 for https://tab.uol.com.br/noticias/redacao/2023/02/02/house-firsting-vila-oferece-primeira-moradia-a-quem-quer-sair-da-rua.htm, skipping...
[ERROR - 2026-03-03 19:56:09,089 - Worker_2] Status code == 403 for https://noticias.uol.com.br/cotidiano/ultimas-noticias/2023/02/03/golpe-familiares-sobreviventes-boate-kiss-indenizacoes.htm, skipping...
[ERROR - 2026-03-03 19:56:11,061 - Worker_0] Status code == 403 for https://noticias.uol.com.br/cotidiano/ultimas-noticias/2023/02/03/navio-porto-rio-de-janeiro.htm, skipping...
[ERROR - 2026-03-03 19:56:13,497 - Worker_2] Status code == 403 for https://noticias.uol.com.br/colunas/jose-roberto-de-toledo/2023/02/03/darwin-atrapalha-o-futuro-do-bolsonarismo.htm, skipping...
[ERROR - 2026-03-03 19:56:45,569 - Worker_0] Status code == 403 for https://noticias.uol.com.br/ultimas-noticias/agencia-estado/2023/02/04/troca-de-tiros-entre-pms-e-suspeitos-deixa-dois-mortos-e-dois-feridos-no-rio.htm, skipping...
[ERROR - 2026-03-03 19:56:46,914 - Worker_4] Status code == 403 for https://tab.uol.com.br/noticias/redacao/2023/02/04/como-a-pacata-pindamonhangaba-ganhou-titulo-de-cidade-inteligente.htm, skipping...
[ERROR - 2026-03-03 19:56:53,154 - Worker_3] Status code == 403 for https://noticias.uol.com.br/colunas/balaio-do-kotscho/2023/02/04/militares-ganham-de-lula-a-chance-de-se-redimir-da-catastrofe-bolsonarista.htm, skipping...
[ERROR - 2026-03-03 19:56:59,870 - Worker_1] Status code == 403 for https://tab.uol.com.br/noticias/redacao/2023/02/03/testamento-pet-as-familias-que-deixam-sua-heranca-a-animais-de-estimacao.htm, skipping...
[ERROR - 2026-03-03 19:57:00,810 - Worker_2] Status code == 403 for https://noticias.uol.com.br/cotidiano/ultimas-noticias/2023/02/04/influenciadora-achadinhos-lixao-sao-paulo.htm, skipping...
[ERROR - 2026-03-03 19:57:04,184 - Worker_1] Status code == 403 for https://economia.uol.com.br/newsletters/midia-e-marketing/2023/02/03/gustavo-herbetta-diretor-de-marketing-do-comite-olimpico-brasileiro-cob.htm, skipping...
[ERROR - 2026-03-03 19:57:09,153 - Worker_4] Status code == 403 for https://noticias.uol.com.br/politica/ultimas-noticias/2023/02/04/garimpeiros-terra-yanomami-bloqueio-aereo-sonia-guajajara.htm, skipping...
[ERROR - 2026-03-03 19:57:14,306 - Worker_2] Status code == 403 for https://noticias.uol.com.br/colunas/fernanda-magnotta/2023/02/04/baloes-de-vigilancia-abrem-novo-capitulo-na-rivalidade-entre-eua-e-china.htm, skipping...
[ERROR - 2026-03-03 19:57:22,610 - Worker_4] Status code == 403 for https://noticias.uol.com.br/colunas/leonardo-sakamoto/2023/02/04/militares-negam-aeronave-aos-yanomami-mas-garantem-em-festa-dos-bolsonaros.htm, skipping...
[ERROR - 2026-03-03 19:57:28,074 - Worker_3] Status code == 403 for https://tab.uol.com.br/noticias/redacao/2023/02/03/bloomsbury-o-bairro-mais-queer-de-londres.htm, skipping...
[ERROR - 2026-03-03 19:57:33,856 - Worker_0] Status code == 403 for https://noticias.uol.com.br/newsletters/uol-nos-negros/2023/02/03/morre-gloria-maria-que-mostrou-a-negros-que-o-possivel-e-logo-ali.htm, skipping...
[ERROR - 2026-03-03 19:57:38,779 - Worker_4] Status code == 403 for https://noticias.uol.com.br/colunas/josias-de-souza/2023/02/04/bolsonaro-magnificou-o-primeiro-mes-de-lula-3.htm, skipping...
[ERROR - 2026-03-03 19:57:43,144 - Worker_4] Status code == 403 for https://tab.uol.com.br/noticias/redacao/2023/02/04/de-anonima-a-dona-fatima-de-tubarao-idosa-virou-patriota-por-necessidade.htm, skipping...
[ERROR - 2026-03-03 19:57:47,255 - Worker_4] Status code == 403 for https://noticias.uol.com.br/colunas/jamil-chade/2023/02/04/profissional-a-ameaca-golpista-da-extrema-direita-e-tudo-menos-tabajara.htm, skipping...
[ERROR - 2026-03-03 19:57:49,981 - Worker_2] Status code == 403 for https://noticias.uol.com.br/ultimas-noticias/2023/02/04/mega-sena-2561-veja-as-dezenas-sorteadas-para-o-premio-de-r-135-milhoes.htm, skipping...
[ERROR - 2026-03-03 19:57:56,341 - Worker_2] Status code == 403 for https://noticias.uol.com.br/ultimas-noticias/agencia-estado/2023/02/04/claudio-castro-do-pl-de-bolsonaro-verdadeiro-povo-brasileiro-defende-o-stf.htm, skipping...
[ERROR - 2026-03-03 19:57:57,163 - Worker_0] Status code == 403 for https://noticias.uol.com.br/cotidiano/ultimas-noticias/2023/02/04/serial-killer-da-baixada-fluminense-sailson-condenacao-quem-e.htm, skipping...
[ERROR - 2026-03-03 19:58:06,700 - Worker_3] Status code == 404 for https://www.uol.com.br/esporte/futebol/ultimas-noticias/2023/02/04/joao-paulo-se-machuca-sozinho-e-santos-troca-de-goleiro-com-17-min-de-jogo.htm, skipping...
[ERROR - 2026-03-03 19:58:07,407 - Worker_4] Status code == 403 for https://noticias.uol.com.br/ultimas-noticias/agencia-estado/2023/02/04/vereadora-perde-mandato-por-denunciar-suposta-apologia-ao-nazismo-em-sc.htm, skipping...
[ERROR - 2026-03-03 19:58:07,791 - Worker_1] Status code == 403 for https://tab.uol.com.br/noticias/redacao/2023/02/02/house-firsting-vila-oferece-primeira-moradia-a-quem-quer-sair-da-rua.htm, skipping...
[ERROR - 2026-03-03 19:58:11,064 - Worker_3] Status code == 403 for https://noticias.uol.com.br/internacional/ultimas-noticias/2023/02/04/balao-espiao-da-china-foi-abatido-pelos-estados-unidos.htm, skipping...
[ERROR - 2026-03-03 19:58:16,674 - Worker_2] Status code == 403 for https://noticias.uol.com.br/cotidiano/ultimas-noticias/2023/02/04/churrascaria-veganos-se-matem-placa-polemica-pedido-de-desculpas.htm, skipping...
[ERROR - 2026-03-03 19:58:37,920 - Worker_1] Status code == 403 for https://noticias.uol.com.br/politica/ultimas-noticias/2023/02/05/vereadora-ana-lucia-racismo-ameaca-de-morto-cassada-maria-tereza-capra.htm, skipping...
[ERROR - 2026-03-03 19:58:47,498 - Worker_2] Status code == 403 for https://noticias.uol.com.br/colunas/juliana-dal-piva/2023/02/05/pl-planeja-michelle-governo-df.htm, skipping...
[ERROR - 2026-03-03 19:58:49,502 - Worker_3] Status code == 403 for https://noticias.uol.com.br/internacional/ultimas-noticias/2023/02/05/homem-salva-caozinho-pendurado-pela-coleira-em-porta-de-elevador.htm, skipping...
[ERROR - 2026-03-03 19:58:50,651 - Worker_4] Status code == 403 for https://noticias.uol.com.br/cotidiano/ultimas-noticias/2023/02/05/por-que-nao-fecharam-o-clube-como-hebraica-reagiu-a-tragedia-com-garoto.htm, skipping...
[ERROR - 2026-03-03 19:58:53,858 - Worker_3] Status code == 403 for https://noticias.uol.com.br/colunas/balaio-do-kotscho/2023/02/04/militares-ganham-de-lula-a-chance-de-se-redimir-da-catastrofe-bolsonarista.htm, skipping...
[ERROR - 2026-03-03 19:58:54,001 - Worker_1] Status code == 403 for https://tab.uol.com.br/noticias/redacao/2023/02/05/liberdade-e-abrigo-diz-tradutora-que-organiza-o-ano-novo-chines-em-sp.htm, skipping...
[ERROR - 2026-03-03 19:59:04,611 - Worker_1] Status code == 403 for https://noticias.uol.com.br/colunas/josmar-jozino/2023/02/05/empresaria-e-morta-a-facadas-dentro-de-veiculo-na-zona-leste-de-sao-paulo.htm, skipping...
[ERROR - 2026-03-03 19:59:07,849 - Worker_2] Status code == 403 for https://noticias.uol.com.br/colunas/pra-comecar-a-semana/2023/02/05/lula-vai-aos-eua-flamengo-comeca-disputa-pelo-mundial.htm, skipping...
[ERROR - 2026-03-03 19:59:25,455 - Worker_3] Status code == 403 for https://noticias.uol.com.br/cotidiano/ultimas-noticias/2023/02/05/mulher-e-morta-por-ex-namorado-em-diadema.htm, skipping...
[ERROR - 2026-03-03 19:59:41,401 - Worker_4] Status code == 403 for https://noticias.uol.com.br/cotidiano/ultimas-noticias/2023/02/05/homem-descumpre-ordem-acelera-carro-atropela-policial-e-foge-veja-video.htm, skipping...
[ERROR - 2026-03-03 19:59:49,307 - Worker_3] Status code == 403 for https://noticias.uol.com.br/cotidiano/ultimas-noticias/2023/02/05/mata-ex-mulher-frente-filha-8-anos-tiro-cabeca-df-feminicidio-homem.htm, skipping...
[ERROR - 2026-03-03 19:59:52,890 - Worker_4] Status code == 403 for https://noticias.uol.com.br/ultimas-noticias/rfi/2023/02/05/china-denuncia-reacao-excessiva-de-americanos-apos-balao-chines-ser-derrubado-nos-eua.htm, skipping...
[ERROR - 2026-03-03 19:59:55,504 - Worker_2] Status code == 403 for https://noticias.uol.com.br/ultimas-noticias/agencia-estado/2023/02/05/garimpeiros-pedem-socorro-para-sairem-de-terra-indigena-yanomami.htm, skipping...
[ERROR - 2026-03-03 20:00:05,228 - Worker_1] Status code == 403 for https://noticias.uol.com.br/colunas/jamil-chade/2023/02/05/em-lisboa-as-feridas-abertas-de-um-brasil-abalado.htm, skipping...
[ERROR - 2026-03-03 20:00:16,798 - Worker_2] Status code == 403 for https://tab.uol.com.br/noticias/redacao/2023/02/02/house-firsting-vila-oferece-primeira-moradia-a-quem-quer-sair-da-rua.htm, skipping...
[ERROR - 2026-03-03 20:00:17,401 - Worker_0] Status code == 403 for https://noticias.uol.com.br/ultimas-noticias/bbc/2023/02/04/quando-e-por-que-o-cristianismo-abandonou-a-circuncisao-e-o-judaismo-nao.htm, skipping...
[ERROR - 2026-03-03 20:00:21,147 - Worker_1] Status code == 403 for https://noticias.uol.com.br/colunas/josias-de-souza/2023/02/05/gilmar-mira-turma-do-porao-e-atira-em-si-mesmo.htm, skipping...
[ERROR - 2026-03-03 20:00:24,908 - Worker_4] Status code == 403 for https://tab.uol.com.br/colunas/matheus-pichonelli/2023/02/05/o-que-eu-entendi-de-tudo-em-todo-lugar-ao-mesmo-tempo.htm, skipping...
[ERROR - 2026-03-03 20:00:29,039 - Worker_4] Status code == 403 for https://tab.uol.com.br/noticias/redacao/2023/02/05/festa-da-firma-dominatrix-profissional-inaugura-estudio-bdsm-em-sp.htm, skipping...
[ERROR - 2026-03-03 20:00:35,622 - Worker_2] Status code == 403 for https://noticias.uol.com.br/politica/ultimas-noticias/2023/02/05/embaixador-da-ue-no-brasil-critica-postura-de-lula-com-paises-de-esquerda.htm, skipping...
[ERROR - 2026-03-03 20:00:38,000 - Worker_3] Status code == 403 for https://noticias.uol.com.br/colunas/jamil-chade/2023/02/05/carta-as-pessoas-de-bem-quem-sao-os-humanos.htm, skipping...
[ERROR - 2026-03-03 20:00:40,976 - Worker_1] Status code == 403 for https://noticias.uol.com.br/politica/ultimas-noticias/2023/02/05/bebe-yanomami-com-quadro-de-desnutricao-e-desidratacao-morre-em-roraima.htm, skipping...
[ERROR - 2026-03-03 20:00:42,122 - Worker_3] Status code == 403 for https://noticias.uol.com.br/cotidiano/ultimas-noticias/2023/02/06/video-mostra-momento-em-que-aviao-cai-sobre-casa-no-pa-2-ficaram-feridos.htm, skipping...
[ERROR - 2026-03-03 20:00:45,103 - Worker_0] Status code == 403 for https://noticias.uol.com.br/internacional/ultimas-noticias/2023/02/06/terremoto-na-turquia-e-siria-resgate-menino-preso-em-escombros.htm, skipping...
[ERROR - 2026-03-03 20:00:53,077 - Worker_3] Status code == 403 for https://noticias.uol.com.br/cotidiano/ultimas-noticias/2023/02/05/policial-mata-jovem-abordagem-mato-grosso.htm, skipping...
[ERROR - 2026-03-03 20:01:10,354 - Worker_0] Status code == 403 for https://noticias.uol.com.br/cotidiano/ultimas-noticias/2023/02/02/gorete-bolos-encomendas-equilibra-cabeca-moto-ceara.htm, skipping...
[ERROR - 2026-03-03 20:01:11,026 - Worker_4] Status code == 403 for https://noticias.uol.com.br/internacional/ultimas-noticias/2023/02/06/terromoto-turquia-siria.htm, skipping...
[ERROR - 2026-03-03 20:01:18,822 - Worker_1] Status code == 403 for https://tab.uol.com.br/noticias/redacao/2023/02/06/cidade-dos-dinossauros-uberaba-ja-revelou-283-fosseis-em-uma-unica-obra.htm, skipping...
[ERROR - 2026-03-03 20:01:22,499 - Worker_2] Status code == 403 for https://noticias.uol.com.br/cotidiano/ultimas-noticias/2023/02/06/video-gemeas-siamesas-dao-as-maos-pela-1-vez-apos-cirurgia-de-15h.htm, skipping...
[ERROR - 2026-03-03 20:01:36,222 - Worker_2] Status code == 403 for https://noticias.uol.com.br/cotidiano/ultimas-noticias/2023/02/06/video-vitimas-registraram-temporal-antes-de-embarcacao-afundar-no-rio.htm, skipping...
[ERROR - 2026-03-03 20:01:42,643 - Worker_2] Status code == 403 for https://noticias.uol.com.br/internacional/ultimas-noticias/2023/02/06/terremoto-provoca-destruicao-em-cidades-da-turquia-e-siria-veja-imagens.htm, skipping...
[ERROR - 2026-03-03 20:01:46,746 - Worker_2] Status code == 403 for https://noticias.uol.com.br/newsletters/uol-flavio-gomes/2023/02/05/a-ford-voltou-hora-de-buscar-uma-belina-ou-um-corcel.htm, skipping...
[ERROR - 2026-03-03 20:01:52,389 - Worker_0] Status code == 403 for https://noticias.uol.com.br/internacional/ultimas-noticias/2023/02/06/por-que-a-turquia-e-um-dos-paises-com-mais-terremotos-no-mundo.htm, skipping...
[ERROR - 2026-03-03 20:01:53,913 - Worker_4] Status code == 403 for https://noticias.uol.com.br/politica/ultimas-noticias/2023/02/06/torres-diz-que-adotou-medidas-contra-golpistas-e-pede-revogacao-de-prisao.htm, skipping...
[ERROR - 2026-03-03 20:01:56,513 - Worker_0] Status code == 403 for https://noticias.uol.com.br/ultimas-noticias/afp/2023/02/06/chile-recebe-ajuda-internacional-para-combater-incendios.htm, skipping...
[ERROR - 2026-03-03 20:01:59,806 - Worker_1] Status code == 403 for https://noticias.uol.com.br/ultimas-noticias/agencia-estado/2023/02/05/garimpeiros-pedem-socorro-para-sairem-de-terra-indigena-yanomami.htm, skipping...
[ERROR - 2026-03-03 20:02:00,009 - Worker_3] Status code == 403 for https://noticias.uol.com.br/politica/ultimas-noticias/2023/02/06/mst-banqueiros-e-chico-buarque-escondido-a-posse-de-mercadante-no-bndes.htm, skipping...
[ERROR - 2026-03-03 20:02:00,615 - Worker_0] Status code == 403 for https://noticias.uol.com.br/colunas/josmar-jozino/2023/02/06/casal-e-preso-por-suspeita-de-envolvimento-na-morte-de-empresaria-em-sp.htm, skipping...
[ERROR - 2026-03-03 20:02:03,261 - Worker_2] Status code == 403 for https://noticias.uol.com.br/politica/ultimas-noticias/2023/02/06/garimpeiros-impedem-entrega-doacoes-terra-yanomami-diz-guajajara.htm, skipping...
[ERROR - 2026-03-03 20:02:11,350 - Worker_0] Status code == 403 for https://noticias.uol.com.br/cotidiano/ultimas-noticias/2023/02/06/video-mulher-e-arrastada-pela-bolsa-em-tentativa-de-assalto-em-goias.htm, skipping...
[ERROR - 2026-03-03 20:02:12,994 - Worker_3] Status code == 403 for https://noticias.uol.com.br/colunas/josias-de-souza/2023/02/06/sob-lula-rentista-nao-perde-por-esperar-ganha.htm, skipping...
[ERROR - 2026-03-03 20:02:13,183 - Worker_1] Status code == 403 for https://noticias.uol.com.br/colunas/balaio-do-kotscho/2023/02/06/garimpeiros-pedem-ajuda-do-exercito-para-fugir-governo-descarta-dar-apoio.htm, skipping...
[ERROR - 2026-03-03 20:02:17,178 - Worker_3] Status code == 403 for https://tab.uol.com.br/noticias/redacao/2023/02/02/house-firsting-vila-oferece-primeira-moradia-a-quem-quer-sair-da-rua.htm, skipping...
[ERROR - 2026-03-03 20:02:17,329 - Worker_1] Status code == 403 for https://noticias.uol.com.br/cotidiano/ultimas-noticias/2023/02/06/que-chova-canivetes-faria-limers-se-preparam-para-receber-carnaval.htm, skipping...
[ERROR - 2026-03-03 20:02:21,191 - Worker_2] Status code == 403 for https://noticias.uol.com.br/cotidiano/ultimas-noticias/2023/02/06/ufpi-mestrando-estupro-apos-morte-aluna-fotos.htm, skipping...
[ERROR - 2026-03-03 20:02:21,434 - Worker_1] Status code == 403 for https://noticias.uol.com.br/colunas/madeleine-lacsko/2023/02/06/lula-acelera-no-nos-x-eles-e-parece-abandonar-a-ideia-de-pacificacao.htm, skipping...
[ERROR - 2026-03-03 20:02:24,288 - Worker_4] Status code == 403 for https://noticias.uol.com.br/colunas/rogerio-gentile/2023/02/06/justica-manda-despejar-rafael-ilha-a-pedido-da-ex-mulher.htm, skipping...
[ERROR - 2026-03-03 20:02:30,953 - Worker_3] Status code == 403 for https://noticias.uol.com.br/internacional/ultimas-noticias/2023/02/06/jamil-com-bom-historico-gesto-de-lula-a-turquia-pode-reaproximar-erdogan.htm, skipping...
[ERROR - 2026-03-03 20:02:32,262 - Worker_2] Status code == 403 for https://tab.uol.com.br/noticias/redacao/2023/02/05/festa-da-firma-dominatrix-profissional-inaugura-estudio-bdsm-em-sp.htm, skipping...
[ERROR - 2026-03-03 20:02:33,764 - Worker_4] Status code == 403 for https://noticias.uol.com.br/politica/ultimas-noticias/2023/02/06/lula-tentativa-de-golpe-foi-revolta-dos-ricos-que-perderam-a-eleicao.htm, skipping...
[ERROR - 2026-03-03 20:02:37,445 - Worker_1] Status code == 403 for https://noticias.uol.com.br/internacional/ultimas-noticias/2023/02/06/presidente-turco-erdogan-uma-semana-luto-nacional.htm, skipping...
[ERROR - 2026-03-03 20:02:37,861 - Worker_4] Status code == 403 for https://noticias.uol.com.br/politica/ultimas-noticias/2023/02/06/lula-ministerio-da-saude-nisia-trindade-cirurgias-sus.htm, skipping...
[ERROR - 2026-03-03 20:02:41,959 - Worker_4] Status code == 403 for https://noticias.uol.com.br/politica/ultimas-noticias/2023/02/06/zambelli-moraes-redes-sociais.htm, skipping...
[ERROR - 2026-03-03 20:02:43,005 - Worker_2] Status code == 403 for https://noticias.uol.com.br/colunas/jamil-chade/2023/02/06/4-milhoes-de-pessoas-viviam-crise-humanitaria-em-regiao-antes-de-terremoto.htm, skipping...
[ERROR - 2026-03-03 20:02:47,125 - Worker_2] Status code == 403 for https://noticias.uol.com.br/colunas/josias-de-souza/2023/02/07/venezuela-e-cuba-pagarao-dividas-diz-lula-puxe-uma-cadeira-ou-um-ronco.htm, skipping...
[ERROR - 2026-03-03 20:02:56,528 - Worker_1] Status code == 403 for https://noticias.uol.com.br/confere/ultimas-noticias/2023/02/07/e-falso-que-medicos-alemaes-tenham-descoberto-que-coronavirus-e-bacteria.htm, skipping...
[ERROR - 2026-03-03 20:02:56,769 - Worker_0] Status code == 403 for https://noticias.uol.com.br/cotidiano/ultimas-noticias/2023/02/07/jovem-assalto-hospital-a-pe.htm, skipping...
[ERROR - 2026-03-03 20:03:00,648 - Worker_1] Status code == 403 for https://noticias.uol.com.br/internacional/ultimas-noticias/2023/02/06/terromoto-turquia-siria.htm, skipping...
[ERROR - 2026-03-03 20:03:04,274 - Worker_4] Status code == 403 for https://noticias.uol.com.br/cotidiano/ultimas-noticias/2023/02/07/piloto-que-xingou-nordestinos-e-condenado-a-pagar-r-25-mil.htm, skipping...
[ERROR - 2026-03-03 20:03:17,020 - Worker_1] Status code == 403 for https://noticias.uol.com.br/cotidiano/ultimas-noticias/2023/02/06/morte-advogado-leandro-mathias.htm, skipping...
[ERROR - 2026-03-03 20:03:26,338 - Worker_2] Status code == 403 for https://noticias.uol.com.br/internacional/ultimas-noticias/2023/02/07/idosa-declarada-como-morta-ressuscita-quando-chega-em-funeraria.htm, skipping...
[ERROR - 2026-03-03 20:03:46,656 - Worker_3] Status code == 403 for https://noticias.uol.com.br/cotidiano/ultimas-noticias/2023/02/07/empresaria-morta-policia.htm, skipping...
[ERROR - 2026-03-03 20:03:47,650 - Worker_1] Status code == 403 for https://noticias.uol.com.br/cotidiano/ultimas-noticias/2023/02/07/medico-desaparecido-rio-de-janeiro.htm, skipping...
[ERROR - 2026-03-03 20:03:47,678 - Worker_2] Status code == 403 for https://noticias.uol.com.br/colunas/balaio-do-kotscho/2023/02/07/desfalcado-do-var-caseiro-o-super-flamengo-cai-na-real-e-um-time-comum.htm, skipping...
[ERROR - 2026-03-03 20:03:47,938 - Worker_4] Status code == 403 for https://noticias.uol.com.br/politica/ultimas-noticias/2023/02/07/coronel-preso-retardou-linha-de-pms-em-ato-golpista-diz-ex-interventor.htm, skipping...
[ERROR - 2026-03-03 20:03:52,007 - Worker_2] Status code == 403 for https://noticias.uol.com.br/colunas/thais-oyama/2023/02/07/tres-hipoteses-para-lula-3-resolver-falar-como-dilma-2.htm, skipping...
[ERROR - 2026-03-03 20:03:53,323 - Worker_0] Status code == 403 for https://noticias.uol.com.br/politica/ultimas-noticias/2023/02/07/mucio-yanomamis-garimpeiros-fuga-monitoramento.htm, skipping...
[ERROR - 2026-03-03 20:03:55,417 - Worker_3] Status code == 403 for https://noticias.uol.com.br/politica/ultimas-noticias/2023/02/07/tse-minuta-golpista-acao-bolsonaro.htm, skipping...
[ERROR - 2026-03-03 20:03:56,381 - Worker_2] Status code == 403 for https://noticias.uol.com.br/colunas/thais-oyama/2023/02/07/tres-hipoteses-para-lula-3-resolver-falar-como-dilma-2.htm, skipping...
[ERROR - 2026-03-03 20:03:56,776 - Worker_1] Status code == 403 for https://noticias.uol.com.br/cotidiano/ultimas-noticias/2023/02/07/vitimas-naufragio-baia-de-guanabara.htm, skipping...
[ERROR - 2026-03-03 20:03:59,776 - Worker_3] Status code == 403 for https://noticias.uol.com.br/internacional/ultimas-noticias/2023/02/07/pais-porco-espinho-brigam-com-leopardo-para-proteger-filhotes.htm, skipping...
[ERROR - 2026-03-03 20:04:01,121 - Worker_1] Status code == 403 for https://noticias.uol.com.br/internacional/ultimas-noticias/2023/02/07/mulher-que-perdeu-memoria-de-filha-e-namorado-vive-roteiro-de-filme.htm, skipping...
[ERROR - 2026-03-03 20:04:04,543 - Worker_0] Status code == 403 for https://noticias.uol.com.br/cotidiano/ultimas-noticias/2023/02/07/gerente-de-banco-e-sequestrado-e-amarrado-a-falsos-explosivos-para-roubo.htm, skipping...
[ERROR - 2026-03-03 20:04:05,161 - Worker_2] Status code == 403 for https://noticias.uol.com.br/cotidiano/ultimas-noticias/2023/02/07/estupro-turista-brasileira-paris.htm, skipping...
[ERROR - 2026-03-03 20:04:05,208 - Worker_1] Status code == 403 for https://noticias.uol.com.br/cotidiano/ultimas-noticias/2023/02/07/pix-lanchonete-sc.htm, skipping...
[ERROR - 2026-03-03 20:04:08,661 - Worker_4] Status code == 403 for https://noticias.uol.com.br/internacional/ultimas-noticias/2023/02/07/streamer-e-assaltada-duas-vezes-em-lives-no-chile-e-na-argentina.htm, skipping...
[ERROR - 2026-03-03 20:04:13,421 - Worker_0] Status code == 403 for https://noticias.uol.com.br/cotidiano/ultimas-noticias/2023/02/07/caminhao-transporta-casa-madeira-chapeco-santa-catarina.htm, skipping...
[ERROR - 2026-03-03 20:04:14,058 - Worker_2] Status code == 403 for https://tab.uol.com.br/noticias/aba-anonima/2023/02/07/abri-casamento-para-ficar-com-uma-mulher----e-acabei-casando-com-o-ex-dela.htm, skipping...
[ERROR - 2026-03-03 20:04:14,817 - Worker_3] Status code == 403 for https://noticias.uol.com.br/colunas/kennedy-alencar/2023/02/07/kennedy-troca-no-comando-do-exercito-freou-golpismo-militar.htm, skipping...
[ERROR - 2026-03-03 20:04:20,407 - Worker_1] Status code == 403 for https://noticias.uol.com.br/cotidiano/ultimas-noticias/2023/02/07/pm-mata-o-marido-ex-policial-militar-apos-ser-agredida-no-interior-de-sp.htm, skipping...
[ERROR - 2026-03-03 20:04:22,677 - Worker_2] Status code == 403 for https://noticias.uol.com.br/cotidiano/ultimas-noticias/2023/02/06/que-chova-canivetes-faria-limers-se-preparam-para-receber-carnaval.htm, skipping...
[ERROR - 2026-03-03 20:04:26,605 - Worker_4] Status code == 403 for https://noticias.uol.com.br/colunas/rogerio-gentile/2023/02/06/justica-manda-despejar-rafael-ilha-a-pedido-da-ex-mulher.htm, skipping...
[ERROR - 2026-03-03 20:04:27,118 - Worker_2] Status code == 403 for https://economia.uol.com.br/videos/2023/02/06/midia-e-marketing-155-andrea-bisker-fundadora-da-sparkoff.htm, skipping...
[ERROR - 2026-03-03 20:04:30,098 - Worker_3] Status code == 403 for https://noticias.uol.com.br/politica/ultimas-noticias/2023/02/07/apos-extracao-de-dados-moraes-autoriza-pf-a-devolver-celular-a-do-val.htm, skipping...
[ERROR - 2026-03-03 20:04:30,719 - Worker_4] Status code == 403 for https://noticias.uol.com.br/internacional/ultimas-noticias/2023/02/07/pescador-e-resgatado-agarrado-a-galao-plastico-30h-apos-barco-afundar.htm, skipping...
[ERROR - 2026-03-03 20:04:33,559 - Worker_2] Status code == 403 for https://noticias.uol.com.br/cotidiano/ultimas-noticias/2023/02/06/homem-morreu-ao-lado-bilhete-premiado-pr.htm, skipping...
[ERROR - 2026-03-03 20:04:42,401 - Worker_2] Status code == 403 for https://noticias.uol.com.br/cotidiano/ultimas-noticias/2023/02/07/policia-investiga-cena-de-sexo-de-trisal-em-praia-turistica-de-fortaleza.htm, skipping...
[ERROR - 2026-03-03 20:04:43,331 - Worker_3] Status code == 403 for https://tab.uol.com.br/noticias/redacao/2023/02/05/festa-da-firma-dominatrix-profissional-inaugura-estudio-bdsm-em-sp.htm, skipping...
[ERROR - 2026-03-03 20:04:46,605 - Worker_4] Status code == 403 for https://noticias.uol.com.br/colunas/juliana-dal-piva/2023/02/07/uol-revela-nacionalidade-norueguesa-ex-de-bolsonaro-perde-cidadania-brasil.htm, skipping...
[ERROR - 2026-03-03 20:04:48,877 - Worker_1] Status code == 403 for https://tab.uol.com.br/noticias/redacao/2023/02/07/velorios-virtuais-continuam-crescem-e-entram-ate-no-metaverso.htm, skipping...
[ERROR - 2026-03-03 20:05:27,337 - Worker_4] Status code == 403 for https://tab.uol.com.br/noticias/redacao/2023/02/08/dediquei-meu-livro-a-marielle-franco-e-meus-pais-nao-foram-a-premiacao.htm, skipping...
[ERROR - 2026-03-03 20:05:45,149 - Worker_3] Status code == 403 for https://tab.uol.com.br/noticias/redacao/2023/02/08/despejados-da-pandemia-vivem-na-rua-sem-renda-ou-auxilio-aluguel-em-sp.htm, skipping...
[ERROR - 2026-03-03 20:06:04,218 - Worker_3] Status code == 404 for https://www.uol.com.br/universa/horoscopo/noticias/redacao/2023/02/08/quem-e-de-aries-tende-a-ser-infiel-marcia-fernandes-conta-tudo-do-signo.htm, skipping...
[ERROR - 2026-03-03 20:06:18,150 - Worker_0] Status code == 403 for https://tab.uol.com.br/colunas/luiza-sahd/2023/02/08/grammy-anitta-perde-oportunidade-de-conscientizar-fas-sobre-racismo.htm, skipping...
[ERROR - 2026-03-03 20:07:13,518 - Worker_2] Status code == 403 for https://noticias.uol.com.br/cotidiano/ultimas-noticias/2023/02/09/helicoptero-vargem-alta-espirito-santo.htm, skipping...
[ERROR - 2026-03-03 20:07:17,871 - Worker_1] Status code == 403 for https://noticias.uol.com.br/colunas/chico-alves/2023/02/09/grupo-judaico-critica-eduardo-bolsonaro-por-comparar-desarmamento-a-nazismo.htm, skipping...
[ERROR - 2026-03-03 20:07:21,075 - Worker_0] Status code == 403 for https://noticias.uol.com.br/politica/ultimas-noticias/2023/02/09/cronologia-mensagens-ibaneis-rocha-8-de-janeiro.htm, skipping...
[ERROR - 2026-03-03 20:07:22,291 - Worker_2] Status code == 403 for https://noticias.uol.com.br/colunas/thais-oyama/2023/02/09/valdemar-para-bolsonaristas-alvo-e-governo-nao-moraes.htm, skipping...
[ERROR - 2026-03-03 20:07:25,470 - Worker_0] Status code == 403 for https://noticias.uol.com.br/cotidiano/ultimas-noticias/2023/02/09/sargento-que-ficou-conhecido-por-formar-trisal-no-ac-e-expulso-da-pm.htm, skipping...
[ERROR - 2026-03-03 20:07:28,941 - Worker_2] Status code == 403 for https://noticias.uol.com.br/cotidiano/ultimas-noticias/2023/02/08/quem-pode-perder-nacionalidade-brasileira-como-ex-mulher-de-bolsonaro.htm, skipping...
[ERROR - 2026-03-03 20:07:29,866 - Worker_0] Status code == 403 for https://noticias.uol.com.br/politica/ultimas-noticias/2023/02/09/pericia-da-pf-aponta-que-ibaneis-nao-se-omitiu-em-atos-golpistas-de-81.htm, skipping...
[ERROR - 2026-03-03 20:07:40,124 - Worker_2] Status code == 403 for https://noticias.uol.com.br/politica/ultimas-noticias/2023/02/09/ibaneis-rocha-pede-ao-stf-revogacao-do-afastamento-apos-pericia-da-pf.htm, skipping...
[ERROR - 2026-03-03 20:08:07,905 - Worker_0] Status code == 404 for https://www.uol.com.br/universa/horoscopo/noticias/redacao/2023/02/09/protetor-espiritual-ou-deslealdade-saiba-o-que-significa-sonhar-com-gatos.htm, skipping...
[ERROR - 2026-03-03 20:08:18,486 - Worker_2] Status code == 403 for https://tab.uol.com.br/noticias/redacao/2023/02/09/chuva-de-sombrinhas-retomada-do-dia-do-frevo-antecipa-carnaval-no-recife.htm, skipping...
[ERROR - 2026-03-03 20:08:52,689 - Worker_0] Status code == 403 for https://noticias.uol.com.br/colunas/madeleine-lacsko/2023/02/09/governo-lula-precisa-reverter-lei-da-era-dilma-que-facilita-lavagem-de-ouro.htm, skipping...
[ERROR - 2026-03-03 20:08:57,231 - Worker_1] Status code == 403 for https://noticias.uol.com.br/cotidiano/ultimas-noticias/2023/02/09/trens-joao-pessoa-colidem-feridos.htm, skipping...
[ERROR - 2026-03-03 20:08:57,801 - Worker_4] Status code == 403 for https://tab.uol.com.br/colunas/trombadas/2023/02/09/os-encantos-do-universo.htm, skipping...
[ERROR - 2026-03-03 20:09:01,415 - Worker_2] Status code == 403 for https://economia.uol.com.br/videos/2023/02/06/midia-e-marketing-155-andrea-bisker-fundadora-da-sparkoff.htm, skipping...
[ERROR - 2026-03-03 20:09:02,523 - Worker_0] Status code == 403 for https://economia.uol.com.br/noticias/redacao/2023/02/09/golpe-falso-funcionario-banco-como-evitar.htm, skipping...
[ERROR - 2026-03-03 20:09:04,189 - Worker_3] Status code == 403 for https://noticias.uol.com.br/colunas/josmar-jozino/2023/02/09/policial-e-morto-em-sao-carlos-ao-negociar-10-kg-de-cocaina-com-traficante.htm, skipping...
[ERROR - 2026-03-03 20:09:10,317 - Worker_2] Status code == 403 for https://noticias.uol.com.br/colunas/jamil-chade/2023/02/09/eua-se-aproximam-de-pacto-para-financiar-acao-contra-desmatamento-no-brasil.htm, skipping...
[ERROR - 2026-03-03 20:09:15,239 - Worker_3] Status code == 403 for https://noticias.uol.com.br/colunas/crise-climatica/2023/02/09/ambientalistas-dos-eua-falam-em-oportunidade-historica-de-lula-e-biden.htm, skipping...
[ERROR - 2026-03-03 20:09:23,772 - Worker_2] Status code == 403 for https://noticias.uol.com.br/colunas/walter-maierovitch/2023/02/11/bolsonaro-podera-nao-sair-do-stf.htm, skipping...
[ERROR - 2026-03-03 20:09:30,399 - Worker_4] Status code == 403 for https://noticias.uol.com.br/colunas/balaio-do-kotscho/2023/02/11/agencia-publica-abre-caixa-preta-do-comite-de-crise-da-covid-de-braga-netto.htm, skipping...
[ERROR - 2026-03-03 20:09:30,481 - Worker_2] Status code == 403 for https://noticias.uol.com.br/cotidiano/ultimas-noticias/2023/02/11/video-policiais-atiram-assalto-zona-sul-de-sp.htm, skipping...
[ERROR - 2026-03-03 20:09:34,772 - Worker_4] Status code == 403 for https://noticias.uol.com.br/confere/ultimas-noticias/2023/02/11/e-falso-que-coca-cola-com-limao-causa-cancer.htm, skipping...
[ERROR - 2026-03-03 20:09:49,686 - Worker_4] Status code == 403 for https://noticias.uol.com.br/colunas/jamil-chade/2023/02/11/lula-pediu-que-biden-reavaliasse-relacao-com-cuba-e-venezuela.htm, skipping...
[ERROR - 2026-03-03 20:10:05,376 - Worker_3] Status code == 403 for https://tab.uol.com.br/noticias/redacao/2023/02/11/sou-fa-e-impersonator-a-brasileira-que-vive-na-europa-imitando-a-rihanna.htm, skipping...
[ERROR - 2026-03-03 20:10:17,408 - Worker_2] Status code == 403 for https://tab.uol.com.br/noticias/redacao/2023/02/10/brasileira-de-13-anos-lidera-banda-de-musicos-de-rua-no-japao.htm, skipping...
[ERROR - 2026-03-03 20:10:28,432 - Worker_4] Status code == 403 for https://noticias.uol.com.br/ultimas-noticias/bbc/2023/02/11/do-picadeiro-ao-cinema-a-historia-de-benjamim-de-oliveira-o-palhaco-negro-do-brasil.htm, skipping...
[ERROR - 2026-03-03 20:10:29,314 - Worker_0] Status code == 403 for https://noticias.uol.com.br/colunas/fernanda-magnotta/2023/02/11/lula-e-biden-concordaram-sobre-dois-temas-mas-houve-um-terreno-espinhoso.htm, skipping...
[ERROR - 2026-03-03 20:10:50,799 - Worker_4] Status code == 403 for https://noticias.uol.com.br/politica/ultimas-noticias/2023/02/11/entrevista-lula-jn.htm, skipping...
[ERROR - 2026-03-03 20:10:51,766 - Worker_2] Status code == 403 for https://noticias.uol.com.br/colunas/jamil-chade/2023/02/11/depois-de-biden-lula-recebera-ministro-de-putin-e-debate-guerra-com-xi.htm?cmpid=copiaecola, skipping...
[ERROR - 2026-03-03 20:11:06,409 - Worker_4] Status code == 403 for https://noticias.uol.com.br/ultimas-noticias/agencia-estado/2023/02/10/1-projeto-de-moro-mira-procuradoria-petista-da-verdade.htm, skipping...
[ERROR - 2026-03-03 20:11:10,526 - Worker_4] Status code == 403 for https://noticias.uol.com.br/internacional/ultimas-noticias/2023/02/11/bombeiros-mg-turquia-terremoto-buscas.htm, skipping...
[ERROR - 2026-03-03 20:11:11,937 - Worker_2] Status code == 403 for https://noticias.uol.com.br/ultimas-noticias/2023/02/11/mega-sena-2563-concurso-numeros-sorteio-hoje-premio.htm, skipping...
[ERROR - 2026-03-03 20:11:13,118 - Worker_1] Status code == 403 for https://tab.uol.com.br/noticias/aba-anonima/2023/02/07/abri-casamento-para-ficar-com-uma-mulher----e-acabei-casando-com-o-ex-dela.htm, skipping...
[ERROR - 2026-03-03 20:11:13,946 - Worker_3] Status code == 403 for https://noticias.uol.com.br/newsletters/uol-jose-trajano/2023/02/09/o-que-vitor-pereira-anotou-no-caderninho-enquanto-o-flamengo-perdia.htm, skipping...
[ERROR - 2026-03-03 20:11:16,049 - Worker_2] Status code == 403 for https://noticias.uol.com.br/colunas/reinaldo-azevedo/2023/02/11/o-e-da-coisa---lula-com-biden-democracia-direitos-humanos-meio-ambiente.htm, skipping...
[ERROR - 2026-03-03 20:11:21,431 - Worker_0] Status code == 403 for https://noticias.uol.com.br/colunas/jamil-chade/2023/02/11/bezos-e-di-caprio-fecham-operacao-emergencial-na-amazonia-com-marina-silva.htm, skipping...
[ERROR - 2026-03-03 20:11:25,536 - Worker_0] Status code == 403 for https://noticias.uol.com.br/cotidiano/ultimas-noticias/2023/02/11/rota-fuga-garimpeiros-terra-yanomami-cidades-roraima.htm, skipping...
[ERROR - 2026-03-03 20:11:29,633 - Worker_0] Status code == 403 for https://noticias.uol.com.br/colunas/andre-santana/2023/02/12/a-bahia-nao-e-suja-sem-pichada-ja-insegura-rui-costa-pode-responder.htm, skipping...
[ERROR - 2026-03-03 20:11:34,243 - Worker_2] Status code == 403 for https://noticias.uol.com.br/cotidiano/ultimas-noticias/2023/02/12/corda-rompe-queda-20m-resgate-helicoptero-parque-parana.htm, skipping...
[ERROR - 2026-03-03 20:11:38,282 - Worker_4] Status code == 403 for https://noticias.uol.com.br/internacional/ultimas-noticias/2023/02/12/aviao-fab-chega-brasil-brasileiros-turcos-terremoto.htm, skipping...
[ERROR - 2026-03-03 20:11:40,644 - Worker_2] Status code == 403 for https://noticias.uol.com.br/internacional/ultimas-noticias/2023/02/12/china-ovni-derruba-eua-canada.htm, skipping...
[ERROR - 2026-03-03 20:12:07,359 - Worker_4] Status code == 403 for https://noticias.uol.com.br/cotidiano/ultimas-noticias/2023/02/09/foi-no-automatico-jovem-se-confunde-e-curte-formatura-errada-no-es.htm, skipping...
[ERROR - 2026-03-03 20:12:08,827 - Worker_3] Status code == 403 for https://tab.uol.com.br/noticias/redacao/2023/02/11/sou-fa-e-impersonator-a-brasileira-que-vive-na-europa-imitando-a-rihanna.htm, skipping...
[ERROR - 2026-03-03 20:12:14,349 - Worker_4] Status code == 403 for https://noticias.uol.com.br/colunas/jamil-chade/2023/02/12/lula-usara-amazonia-como-instrumento-geopolitico-para-reposicionar-brasil.htm, skipping...
[ERROR - 2026-03-03 20:12:32,173 - Worker_2] Status code == 403 for https://noticias.uol.com.br/ultimas-noticias/rfi/2023/02/12/alemanha-partido-de-scholz-sofre-derrota-para-conservadores-apos-20-anos-no-poder-em-berlim.htm, skipping...
[ERROR - 2026-03-03 20:12:40,658 - Worker_0] Status code == 403 for https://noticias.uol.com.br/ultimas-noticias/reuters/2023/02/12/trabalhadores-da-area-da-saude-da-espanha-fazem-enorme-protesto-em-madri.htm, skipping...
[ERROR - 2026-03-03 20:12:40,887 - Worker_2] Status code == 403 for https://tab.uol.com.br/noticias/redacao/2023/02/12/aposentado-de-rondonia-faz-centro-cultural-em-casa-e-cria-berimbaussauro.htm, skipping...
[ERROR - 2026-03-03 20:12:48,585 - Worker_4] Status code == 403 for https://noticias.uol.com.br/ultimas-noticias/bbc/2023/02/12/mais-de-5-mil-russas-gravidas-chegaram-a-argentina-em-busca-de-cidadania-dizem-autoridades.htm, skipping...
[ERROR - 2026-03-03 20:13:03,905 - Worker_2] Status code == 403 for https://tab.uol.com.br/colunas/matheus-pichonelli/2023/02/12/os-banshees-de-inisherin-nao-e-filme-sobre-amizade-e-sobre-um-mau-amigo.htm, skipping...
[ERROR - 2026-03-03 20:13:04,162 - Worker_0] Status code == 403 for https://noticias.uol.com.br/internacional/ultimas-noticias/2023/02/11/objeto-voador-eua-canada-abatido.htm, skipping...
[ERROR - 2026-03-03 20:13:04,225 - Worker_1] Status code == 403 for https://noticias.uol.com.br/cotidiano/ultimas-noticias/2023/02/12/quem-sao-jornalistas-mortas-acidente-parana.htm, skipping...
[ERROR - 2026-03-03 20:13:10,282 - Worker_2] Status code == 403 for https://noticias.uol.com.br/newsletters/uol-jose-trajano/2023/02/09/o-que-vitor-pereira-anotou-no-caderninho-enquanto-o-flamengo-perdia.htm, skipping...
[ERROR - 2026-03-03 20:13:12,246 - Worker_3] Status code == 403 for https://noticias.uol.com.br/politica/ultimas-noticias/2023/02/12/tarcisio-covid-despachar-bandeirantes.htm, skipping...
[ERROR - 2026-03-03 20:13:12,941 - Worker_0] Status code == 403 for https://noticias.uol.com.br/internacional/ultimas-noticias/2023/02/12/eua-abatem-objeto-nao-identificado-lago-huron.htm, skipping...
[ERROR - 2026-03-03 20:13:16,370 - Worker_3] Status code == 403 for https://noticias.uol.com.br/colunas/leonardo-sakamoto/2023/02/12/reeleicao-de-bolsonaro-teria-dizimado-o-povo-yanomami-de-fome-e-doenca.htm, skipping...
[ERROR - 2026-03-03 20:13:20,505 - Worker_3] Status code == 403 for https://noticias.uol.com.br/ultimas-noticias/agencia-estado/2023/02/12/bombeiros-acham-corpos-desaparecidos-apos-naufragio-do-dia-5-na-baia-da-guanabara.htm, skipping...
[ERROR - 2026-03-03 20:13:26,697 - Worker_0] Status code == 403 for https://tab.uol.com.br/noticias/redacao/2023/02/12/morro-lutando-quem-e-a-prostituta-comparada-com-janja-por-bolsonaristas.htm, skipping...
[ERROR - 2026-03-03 20:13:32,909 - Worker_4] Status code == 403 for https://noticias.uol.com.br/internacional/ultimas-noticias/2023/02/12/como-e-o-supertanque-bmpt-terminator-russia-ucrania.htm, skipping...
[ERROR - 2026-03-03 20:14:31,136 - Worker_1] Status code == 403 for https://tab.uol.com.br/noticias/redacao/2023/02/11/sou-fa-e-impersonator-a-brasileira-que-vive-na-europa-imitando-a-rihanna.htm, skipping...
[ERROR - 2026-03-03 20:14:43,948 - Worker_2] Status code == 403 for https://noticias.uol.com.br/cotidiano/ultimas-noticias/2023/02/13/derrite-diz-que-nao-ira-afastar-policiais-rota-que-mataram-assaltante-sp.htm, skipping...
[ERROR - 2026-03-03 20:15:01,444 - Worker_0] Status code == 403 for https://tab.uol.com.br/noticias/redacao/2023/02/12/aposentado-de-rondonia-faz-centro-cultural-em-casa-e-cria-berimbaussauro.htm, skipping...
[ERROR - 2026-03-03 20:15:53,784 - Worker_1] Status code == 403 for https://noticias.uol.com.br/internacional/ultimas-noticias/2023/02/13/morre-cachorro-de-resgate-mexicano-enviado-a-turquia-apos-terremoto.htm, skipping...
[ERROR - 2026-03-03 20:15:56,956 - Worker_4] Status code == 403 for https://noticias.uol.com.br/cotidiano/ultimas-noticias/2023/02/13/bastidores-foto-raio-cristo-redentor.htm, skipping...
[ERROR - 2026-03-03 20:16:04,413 - Worker_2] Status code == 403 for https://noticias.uol.com.br/cotidiano/ultimas-noticias/2023/02/14/empresario-assassinado-audiencia-procon-mato-grosso-do-sul.htm, skipping...
[ERROR - 2026-03-03 20:16:10,786 - Worker_0] Status code == 403 for https://noticias.uol.com.br/cotidiano/ultimas-noticias/2023/02/14/mulher-chama-policia-para-ser-presa-auxilio-reclusao.htm, skipping...
[ERROR - 2026-03-03 20:16:13,432 - Worker_2] Status code == 403 for https://noticias.uol.com.br/newsletters/uol-nos-negros/2023/02/14/rainhas-de-bateria-conheca-11-mulheres-negras-que-sao-destaque-do-carnaval.htm, skipping...
[ERROR - 2026-03-03 20:16:15,616 - Worker_3] Status code == 403 for https://tab.uol.com.br/noticias/redacao/2023/02/14/livraria-cultura-cronica-de-uma-morte-anunciada.htm, skipping...
[ERROR - 2026-03-03 20:16:19,987 - Worker_3] Status code == 403 for https://noticias.uol.com.br/politica/ultimas-noticias/2023/02/14/consignado-auxilio-brasil-suspeita-uso-eleitoral-caixa-favorecer-bolsonaro.htm, skipping...
[ERROR - 2026-03-03 20:16:20,849 - Worker_4] Status code == 403 for https://noticias.uol.com.br/politica/ultimas-noticias/2023/02/14/bolsonaro-tse-minuta-acao-inelegibilidade.htm, skipping...
[ERROR - 2026-03-03 20:16:22,524 - Worker_2] Status code == 403 for https://noticias.uol.com.br/politica/ultimas-noticias/2023/02/14/pesquisa-quaest-governo-lula.htm, skipping...
[ERROR - 2026-03-03 20:16:25,224 - Worker_4] Status code == 403 for https://noticias.uol.com.br/ultimas-noticias/2023/02/14/mega-sena-2564-concurso-numeros-sorteio-de-hoje-premio.htm, skipping...
[ERROR - 2026-03-03 20:16:26,661 - Worker_2] Status code == 403 for https://noticias.uol.com.br/confere/ultimas-noticias/2023/02/14/checagem-salgueiro-pernambuco-rio-sao-francisco.htm, skipping...
[ERROR - 2026-03-03 20:16:26,822 - Worker_0] Status code == 403 for https://noticias.uol.com.br/politica/ultimas-noticias/2023/02/14/dirceu-stj-pena-lava-jato.htm, skipping...
[ERROR - 2026-03-03 20:16:29,273 - Worker_1] Status code == 403 for https://noticias.uol.com.br/colunas/leonardo-sakamoto/2023/02/14/sob-bolsonaro-caixa-virou-guiche-para-compra-de-voto-de-eleitores-pobres.htm, skipping...
[ERROR - 2026-03-03 20:16:34,517 - Worker_3] Status code == 403 for https://noticias.uol.com.br/colunas/thais-oyama/2023/02/13/perfil-do-vice-presidente-geraldo-alckmin.htm, skipping...
[ERROR - 2026-03-03 20:16:35,259 - Worker_2] Status code == 403 for https://noticias.uol.com.br/colunas/jamil-chade/2023/02/14/apos-escolha-de-dilma-bolsonaristas-tentam-se-infiltrar-no-banco-dos-brics.htm, skipping...
[ERROR - 2026-03-03 20:16:39,780 - Worker_4] Status code == 403 for https://noticias.uol.com.br/politica/ultimas-noticias/2023/02/14/popo-bolsonaro-atos-golpistas-8-de-janeiro.htm, skipping...
[ERROR - 2026-03-03 20:16:47,823 - Worker_0] Status code == 403 for https://noticias.uol.com.br/politica/ultimas-noticias/2023/02/14/lula-santo-amaro-minha-casa-minha-vida.htm, skipping...
[ERROR - 2026-03-03 20:16:48,151 - Worker_3] Status code == 403 for https://noticias.uol.com.br/cotidiano/ultimas-noticias/2023/02/09/foi-no-automatico-jovem-se-confunde-e-curte-formatura-errada-no-es.htm, skipping...
[ERROR - 2026-03-03 20:16:53,452 - Worker_4] Status code == 403 for https://noticias.uol.com.br/cotidiano/ultimas-noticias/2023/02/14/alicia-muller-perfil-faculdade-medicina-usp-formatura-golpe-desvio.htm, skipping...
[ERROR - 2026-03-03 20:16:56,311 - Worker_2] Status code == 403 for https://noticias.uol.com.br/colunas/chico-alves/2023/02/14/lula-conseguiu-o-que-queria-mostrou-ao-brasil-que-o-bc-esta-nu.htm, skipping...
[ERROR - 2026-03-03 20:16:57,830 - Worker_4] Status code == 403 for https://noticias.uol.com.br/colunas/madeleine-lacsko/2023/02/14/luloafetivos-parecem-acreditar-em-baixar-os-juros-no-grito-e-no-bullying.htm, skipping...
[ERROR - 2026-03-03 20:17:05,700 - Worker_3] Status code == 403 for https://noticias.uol.com.br/cotidiano/ultimas-noticias/2023/02/14/homem-tortura-mulher-para.htm, skipping...
[ERROR - 2026-03-03 20:17:16,097 - Worker_2] Status code == 403 for https://noticias.uol.com.br/ultimas-noticias/redacao/2023/02/14/rainhas-de-bateria-conheca-11-mulheres-negras-que-sao-destaque-do-carnaval.htm, skipping...
[ERROR - 2026-03-03 20:17:16,803 - Worker_4] Status code == 403 for https://noticias.uol.com.br/colunas/carolina-brigido/2023/02/14/cotado-para-1-vaga-de-lula-no-stf-zanin-intensifica-presenca-em-brasilia.htm, skipping...
[ERROR - 2026-03-03 20:17:20,477 - Worker_2] Status code == 403 for https://noticias.uol.com.br/cotidiano/ultimas-noticias/2023/02/14/suspeito-de-matar-empresario-em-procon-de-ms-foi-reformado-por-incapacidade.htm, skipping...
[ERROR - 2026-03-03 20:17:21,042 - Worker_4] Status code == 403 for https://tab.uol.com.br/noticias/redacao/2023/02/12/aposentado-de-rondonia-faz-centro-cultural-em-casa-e-cria-berimbaussauro.htm, skipping...
[ERROR - 2026-03-03 20:17:31,010 - Worker_1] Status code == 403 for https://noticias.uol.com.br/cotidiano/ultimas-noticias/2023/02/14/justica-pensao-filhos-petista-morto-por-bolsonarista-foz-do-iguacu.htm, skipping...
[ERROR - 2026-03-03 20:18:21,884 - Worker_2] Status code == 403 for https://tab.uol.com.br/colunas/matheus-pichonelli/2023/02/14/durante-campanha-bolsonaro-se-comportou-como-paga-lanche-da-republica.htm, skipping...
[ERROR - 2026-03-03 20:18:41,448 - Worker_0] Status code == 403 for https://tab.uol.com.br/noticias/redacao/2023/02/14/livraria-cultura-cronica-de-uma-morte-anunciada.htm, skipping...
[ERROR - 2026-03-03 20:18:50,569 - Worker_0] Status code == 403 for https://noticias.uol.com.br/politica/ultimas-noticias/2023/02/15/pl-confirma-cargo-para-michelle-bolsonaro-viajar-o-brasil.htm, skipping...
[ERROR - 2026-03-03 20:18:58,616 - Worker_1] Status code == 403 for https://noticias.uol.com.br/cotidiano/ultimas-noticias/2023/02/15/colorido-quem-e-um-dos-lideres-do-pcc-que-abriu-igrejas.htm, skipping...
[ERROR - 2026-03-03 20:18:59,077 - Worker_3] Status code == 403 for https://noticias.uol.com.br/ultimas-noticias/rfi/2023/02/15/policia-identifica-mulher-esquartejada-que-teve-corpo-espalhado-em-parque-de-paris.htm, skipping...
[ERROR - 2026-03-03 20:19:02,746 - Worker_1] Status code == 403 for https://noticias.uol.com.br/colunas/thais-oyama/2023/02/13/perfil-do-vice-presidente-geraldo-alckmin.htm, skipping...
[ERROR - 2026-03-03 20:19:07,423 - Worker_2] Status code == 403 for https://noticias.uol.com.br/cotidiano/ultimas-noticias/2023/02/15/incendio-penitenciaria-flroianopolis-mortes.htm, skipping...
[ERROR - 2026-03-03 20:19:09,263 - Worker_3] Status code == 403 for https://noticias.uol.com.br/politica/ultimas-noticias/2023/02/15/stj-mantem-acusados-de-matar-dom-e-bruno-em-presidios-federais.htm, skipping...
[ERROR - 2026-03-03 20:19:16,015 - Worker_1] Status code == 403 for https://noticias.uol.com.br/politica/ultimas-noticias/2023/02/15/pf-operacao-contra-ouro-ilegal.htm, skipping...
[ERROR - 2026-03-03 20:19:25,881 - Worker_3] Status code == 403 for https://noticias.uol.com.br/colunas/josias-de-souza/2023/02/15/a-bola-da-economia-retorna-aos-pes-de-haddad.htm, skipping...
[ERROR - 2026-03-03 20:19:29,766 - Worker_0] Status code == 403 for https://noticias.uol.com.br/meio-ambiente/ultimas-noticias/redacao/2023/02/15/contato-entre-polvo-e-ser-humano-e-perigoso.htm, skipping...
[ERROR - 2026-03-03 20:19:32,708 - Worker_2] Status code == 403 for https://noticias.uol.com.br/politica/ultimas-noticias/2023/02/15/cgu-ira-quebrar-sigilo-de-cartao-de-vacinacao-de-bolsonaro.htm, skipping...
[ERROR - 2026-03-03 20:19:34,127 - Worker_0] Status code == 403 for https://noticias.uol.com.br/politica/ultimas-noticias/2023/02/15/procuradoria-pede-para-tcu-apurar-uso-eleitoral-da-caixa-revelado-pelo-uol.htm, skipping...
[ERROR - 2026-03-03 20:19:39,386 - Worker_4] Status code == 403 for https://noticias.uol.com.br/colunas/reinaldo-azevedo/2023/02/15/depois-de-tudo-fica-o-desafio-por-que-temos-os-juros-mais-altos-da-terra.htm, skipping...
[ERROR - 2026-03-03 20:19:40,241 - Worker_3] Status code == 403 for https://noticias.uol.com.br/cotidiano/ultimas-noticias/2023/02/15/pr-homem-morre-apos-tatuador-aplicar-anestesico-para-dor-no-braco.htm, skipping...
[ERROR - 2026-03-03 20:19:43,676 - Worker_2] Status code == 403 for https://tab.uol.com.br/noticias/redacao/2023/02/12/aposentado-de-rondonia-faz-centro-cultural-em-casa-e-cria-berimbaussauro.htm, skipping...
[ERROR - 2026-03-03 20:19:44,580 - Worker_1] Status code == 403 for https://noticias.uol.com.br/cotidiano/ultimas-noticias/2023/02/15/suspeito-de-matar-e-estuprar-estudante-da-ufpi-e-denunciado-pelo-mp.htm, skipping...
[ERROR - 2026-03-03 20:19:47,764 - Worker_0] Status code == 403 for https://noticias.uol.com.br/colunas/madeleine-lacsko/2023/02/15/curso-de-estelionato-que-acabou-em-sequestro-e-o-mais-puro-suco-de-brasil.htm, skipping...
[ERROR - 2026-03-03 20:19:50,609 - Worker_2] Status code == 403 for https://noticias.uol.com.br/colunas/carolina-brigido/2023/02/15/tse-abre-porta-para-incluir-atos-golpistas-nos-processos-de-bolsonaro.htm, skipping...
[ERROR - 2026-03-03 20:19:52,124 - Worker_0] Status code == 403 for https://noticias.uol.com.br/politica/ultimas-noticias/2023/02/15/bombig-preocupacao-de-bolsonaro-nao-e-com-inelegibilidadeecomaprisao.htm, skipping...
[ERROR - 2026-03-03 20:20:01,985 - Worker_0] Status code == 403 for https://tab.uol.com.br/colunas/matheus-pichonelli/2023/02/15/eua-desmentem-teoria-sobre-ovnis-e-ets-e-essa-nao-e-uma-boa-noticia.htm, skipping...
[ERROR - 2026-03-03 20:20:24,771 - Worker_2] Status code == 403 for https://noticias.uol.com.br/colunas/presenca-historica/2023/02/15/elza-pele-e-gloria-quem-tem-direito-a-memoria-familiar-no-brasil.htm, skipping...
[ERROR - 2026-03-03 20:20:31,457 - Worker_1] Status code == 403 for https://noticias.uol.com.br/newsletters/uol-a-companhia/2023/02/14/investimento-em-acoes-da-vale.htm, skipping...
[ERROR - 2026-03-03 20:20:33,595 - Worker_4] Status code == 403 for https://noticias.uol.com.br/ultimas-noticias/afp/2023/02/16/jovens-sao-resgatadas-de-escombros-na-turquia-11-dias-apos-terremoto.htm, skipping...
[ERROR - 2026-03-03 20:20:38,854 - Worker_2] Status code == 403 for https://noticias.uol.com.br/internacional/ultimas-noticias/2023/02/15/menino-resgatado-de-caverna-inundada-da-tailandia-morre-no-reino-unido.htm, skipping...
[ERROR - 2026-03-03 20:20:40,512 - Worker_0] Status code == 403 for https://noticias.uol.com.br/politica/ultimas-noticias/2023/02/16/exercito-81-general.htm, skipping...
[ERROR - 2026-03-03 20:20:43,218 - Worker_2] Status code == 403 for https://noticias.uol.com.br/politica/ultimas-noticias/2023/02/16/metade-dos-envolvidos-no-81-recebeu-auxilio-emergencial-diz-mpf.htm, skipping...
[ERROR - 2026-03-03 20:20:47,264 - Worker_4] Status code == 403 for https://noticias.uol.com.br/colunas/josias-de-souza/2023/02/16/uniao-brasil-e-pp-podem-unir-codigos-de-barras.htm, skipping...
[ERROR - 2026-03-03 20:20:47,572 - Worker_2] Status code == 403 for https://noticias.uol.com.br/cotidiano/ultimas-noticias/2023/02/16/capitao-marinha-cargo-estupro-de-vulneravel.htm, skipping...
[ERROR - 2026-03-03 20:20:51,070 - Worker_3] Status code == 403 for https://noticias.uol.com.br/ultimas-noticias/agencia-brasil/2023/02/16/fraude-em-cotas-de-genero-faz-tse-anular-votos-em-dois-municipios.htm, skipping...
[ERROR - 2026-03-03 20:20:51,278 - Worker_1] Status code == 403 for https://noticias.uol.com.br/colunas/jamil-chade/2023/02/17/paria-internacional-sob-bolsonaro-brasil-vive-agora-deficit-de-diplomatas.htm, skipping...
[ERROR - 2026-03-03 20:20:52,115 - Worker_0] Status code == 403 for https://noticias.uol.com.br/internacional/ultimas-noticias/2023/02/16/recusa-em-vender-municoes-e-para-nao-entrar-na-guerra-da-ucrania-diz-lula.htm, skipping...
[ERROR - 2026-03-03 20:21:04,816 - Worker_3] Status code == 403 for https://tab.uol.com.br/noticias/redacao/2023/02/16/pesquisador-da-usp-soa-alerta-contra-atentados-de-extrema-direita-no-brasil.htm, skipping...
[ERROR - 2026-03-03 20:21:04,957 - Worker_1] Status code == 403 for https://noticias.uol.com.br/politica/ultimas-noticias/2023/02/16/stf-quer-que-tjrj-reanalise-queixa-de-difamacao-contra-carlos-bolsonaro.htm, skipping...
[ERROR - 2026-03-03 20:21:06,517 - Worker_4] Status code == 403 for https://noticias.uol.com.br/politica/ultimas-noticias/2023/02/16/lewandowski-stf-julgamento-alcance-justica-militar.htm, skipping...
[ERROR - 2026-03-03 20:21:24,524 - Worker_4] Status code == 403 for https://noticias.uol.com.br/cotidiano/ultimas-noticias/2023/02/16/menino-ame-morre-parana.htm, skipping...
[ERROR - 2026-03-03 20:21:25,038 - Worker_3] Status code == 403 for https://noticias.uol.com.br/ultimas-noticias/2023/02/16/mega-sena-2565-concurso-numeros-sorteados-hoje-premio.htm, skipping...
[ERROR - 2026-03-03 20:21:30,696 - Worker_1] Status code == 403 for https://noticias.uol.com.br/internacional/ultimas-noticias/2023/02/16/bombeiro-salva-gato-na-turquia-e-ele-recusa-sair-de-perto.htm, skipping...
[ERROR - 2026-03-03 20:21:37,359 - Worker_1] Status code == 403 for https://noticias.uol.com.br/ultimas-noticias/agencia-estado/2023/02/16/flavio-dino-recadastramento-de-cacs-alcanca-10-das-armas-prazo-vai-ate-marco.htm, skipping...
[ERROR - 2026-03-03 20:21:41,492 - Worker_1] Status code == 403 for https://noticias.uol.com.br/colunas/leonardo-sakamoto/2023/02/16/pgr-pede-para-stf-ignorar-que-bolsonaro-mentiu-sobre-covid-vacina-e-aids.htm, skipping...
[ERROR - 2026-03-03 20:21:42,427 - Worker_2] Status code == 403 for https://noticias.uol.com.br/internacional/ultimas-noticias/2023/02/16/tiroteio-no-texas-deixa-uma-pessoa-morta-e-outras-tres-feridas.htm, skipping...
[ERROR - 2026-03-03 20:21:46,526 - Worker_2] Status code == 403 for https://noticias.uol.com.br/colunas/madeleine-lacsko/2023/02/16/michelle-bolsonaro-pode-virar-rainha-do-xadrez-politico-evangelico.htm, skipping...
[ERROR - 2026-03-03 20:21:50,185 - Worker_1] Status code == 403 for https://tab.uol.com.br/noticias/redacao/2023/02/12/aposentado-de-rondonia-faz-centro-cultural-em-casa-e-cria-berimbaussauro.htm, skipping...
[ERROR - 2026-03-03 20:21:59,165 - Worker_4] Status code == 403 for https://noticias.uol.com.br/colunas/josias-de-souza/2023/02/16/senador-pro-garimpo-no-comando-de-comissao-sobre-yanomami-e-desrespeitoso.htm, skipping...
[ERROR - 2026-03-03 20:22:10,157 - Worker_2] Status code == 403 for https://noticias.uol.com.br/politica/ultimas-noticias/2023/02/16/viuva-de-bruno-pereira-assume-cargo-no-ministerio-dos-povos-indigenas.htm, skipping...
[ERROR - 2026-03-03 20:22:13,471 - Worker_0] Status code == 403 for https://noticias.uol.com.br/internacional/ultimas-noticias/2023/02/16/biden-objetos-voadores-eua.htm, skipping...
[ERROR - 2026-03-03 20:22:34,868 - Worker_0] Status code == 403 for https://tab.uol.com.br/noticias/redacao/2023/02/16/bota-no-rego-familia-se-dedica-a-escola-de-samba-mais-antiga-de-portugal.htm, skipping...
[ERROR - 2026-03-03 20:22:58,777 - Worker_1] Status code == 403 for https://tab.uol.com.br/noticias/redacao/2023/02/17/carnaval-esquenta-o-saara-tradicional-ponto-de-comercio-popular-no-rio.htm, skipping...
[ERROR - 2026-03-03 20:23:18,064 - Worker_4] Status code == 403 for https://tab.uol.com.br/noticias/redacao/2023/02/16/pesquisador-da-usp-soa-alerta-contra-atentados-de-extrema-direita-no-brasil.htm, skipping...
[ERROR - 2026-03-03 20:23:32,522 - Worker_3] Status code == 403 for https://noticias.uol.com.br/ultimas-noticias/reuters/2023/02/17/apos-terremoto-devastador-milhares-de-sirios-voltam-para-casa-em-zona-de-guerra.htm, skipping...
[ERROR - 2026-03-03 20:23:43,841 - Worker_4] Status code == 403 for https://noticias.uol.com.br/politica/ultimas-noticias/2023/02/17/cgu-tira-sigilo-e-da-10-dias-para-exercito-liberar-processo-contra-pazuello.htm, skipping...
[ERROR - 2026-03-03 20:23:46,418 - Worker_1] Status code == 403 for https://noticias.uol.com.br/ultimas-noticias/reuters/2023/02/17/ataque-de-helicoptero-dos-eua-na-siria-mata-membro-do-ei-e-fere-4-soldados-norte-americanos.htm, skipping...
[ERROR - 2026-03-03 20:23:53,107 - Worker_1] Status code == 403 for https://noticias.uol.com.br/saude/ultimas-noticias/redacao/2023/02/17/covid-sao-paulo-novas-doses-pfizer-bivalente.htm, skipping...
[ERROR - 2026-03-03 20:24:05,005 - Worker_4] Status code == 403 for https://noticias.uol.com.br/politica/ultimas-noticias/2023/02/17/em-telegramas-itamaraty-comparou-caso-marielle-com-facada-em-bolsonaro.htm, skipping...
[ERROR - 2026-03-03 20:24:06,507 - Worker_1] Status code == 403 for https://noticias.uol.com.br/cotidiano/ultimas-noticias/2023/02/17/me-sinto-marcado-diz-jovem-que-denunciou-medico-por-estupro.htm, skipping...
[ERROR - 2026-03-03 20:24:10,336 - Worker_0] Status code == 403 for https://noticias.uol.com.br/politica/ultimas-noticias/2023/02/17/cgu-investigacao-fraude-dados-falsos-cartao-de-vacinacao-bolsonaro.htm, skipping...
[ERROR - 2026-03-03 20:24:11,677 - Worker_3] Status code == 403 for https://noticias.uol.com.br/cotidiano/ultimas-noticias/2023/02/17/chuvas-feriado-carnaval-sao-paulo.htm, skipping...
[ERROR - 2026-03-03 20:24:18,725 - Worker_4] Status code == 403 for https://noticias.uol.com.br/colunas/thais-oyama/2023/02/17/da-campanha-ao-planalto-as-metamorfoses-da-frente-ampla-de-lula.htm, skipping...
[ERROR - 2026-03-03 20:24:25,015 - Worker_3] Status code == 403 for https://noticias.uol.com.br/politica/ultimas-noticias/2023/02/17/julgamento-stf-porte-de-arma-zambelli.htm, skipping...
[ERROR - 2026-03-03 20:24:33,865 - Worker_3] Status code == 403 for https://tab.uol.com.br/colunas/matheus-pichonelli/2023/02/17/o-que-e-avivamento-culto-nos-eua-reune-fieis-ha-nove-dias-e-gera-debate.htm, skipping...
[ERROR - 2026-03-03 20:25:06,899 - Worker_4] Status code == 403 for https://tab.uol.com.br/noticias/redacao/2023/02/17/carnaval-esquenta-o-saara-tradicional-ponto-de-comercio-popular-no-rio.htm, skipping...
[ERROR - 2026-03-03 20:25:12,133 - Worker_0] Status code == 403 for https://tab.uol.com.br/noticias/aba-anonima/2023/02/14/para-dancar-e-trepar-uma-noite-em-uma-balada-nudista-na-zona-sul-de-sp.htm, skipping...
[ERROR - 2026-03-03 20:25:48,181 - Worker_4] Status code == 403 for https://noticias.uol.com.br/politica/ultimas-noticias/2023/02/17/presidente-bolsonaro-registro-vacina-cartao-covid-19-fraude-vacinacao.htm, skipping...
[ERROR - 2026-03-03 20:25:52,140 - Worker_2] Status code == 403 for https://noticias.uol.com.br/colunas/carlos-madeiro/2023/02/18/sem-emergencia-sertao-alagoano-perde-carros-pipa-e-critica-governo-lula.htm, skipping...
[ERROR - 2026-03-03 20:26:04,040 - Worker_3] Status code == 403 for https://noticias.uol.com.br/cotidiano/ultimas-noticias/2023/02/18/cidade-sao-paulo-chuva-media-mes.htm, skipping...
[ERROR - 2026-03-03 20:26:08,057 - Worker_2] Status code == 403 for https://noticias.uol.com.br/colunas/fernanda-magnotta/2023/02/18/crise-de-ovnis-reforca-necessidade-de-rever-sistema-de-governanca-do-ceu.htm, skipping...
[ERROR - 2026-03-03 20:26:13,307 - Worker_4] Status code == 403 for https://noticias.uol.com.br/cotidiano/ultimas-noticias/2023/02/18/ongs-pedem-proibicao-venda-animais-olx-mercado-livre.htm, skipping...
[ERROR - 2026-03-03 20:26:18,935 - Worker_2] Status code == 403 for https://noticias.uol.com.br/ultimas-noticias/2023/02/18/mega-sena-2566-veja-numeros-sorteio.htm, skipping...
[ERROR - 2026-03-03 20:26:26,332 - Worker_4] Status code == 403 for https://noticias.uol.com.br/internacional/ultimas-noticias/2023/02/18/homem-china-esconde-esposa-premio-loteria.htm, skipping...
[ERROR - 2026-03-03 20:26:34,467 - Worker_3] Status code == 403 for https://noticias.uol.com.br/meio-ambiente/ultimas-noticias/redacao/2023/02/14/nosso-amigo-jovem-nada-com-polvo-nas-costas-no-litoral-de-santa-catarina.htm, skipping...
[ERROR - 2026-03-03 20:26:36,650 - Worker_2] Status code == 403 for https://tab.uol.com.br/colunas/matheus-pichonelli/2023/02/17/o-que-e-avivamento-culto-nos-eua-reune-fieis-ha-nove-dias-e-gera-debate.htm, skipping...
[ERROR - 2026-03-03 20:26:38,574 - Worker_3] Status code == 403 for https://noticias.uol.com.br/cotidiano/ultimas-noticias/2023/02/14/queria-ter-corpo-de-academia-rapido-apliquei-o-veneno-e-vivo-um-pesadelo.htm, skipping...
[ERROR - 2026-03-03 20:26:46,370 - Worker_1] Status code == 403 for https://noticias.uol.com.br/colunas/reinaldo-azevedo/2023/02/18/o-e-da-coisa-mercadismo-antimercado-ainda-baba-mas-agenda-do-pais-avanca.htm, skipping...
[ERROR - 2026-03-03 20:26:55,589 - Worker_0] Status code == 403 for https://noticias.uol.com.br/meio-ambiente/ultimas-noticias/redacao/2023/02/20/cogumelo-mais-perigoso-do-mundo-ja-matou-dois-imperadores.htm, skipping...
[ERROR - 2026-03-03 20:26:57,935 - Worker_1] Status code == 403 for https://tab.uol.com.br/noticias/redacao/2023/02/20/por-causa-das-chuvas-turistas-ficam-sem-comunicacao-e-presos-no-litoral.htm, skipping...
[ERROR - 2026-03-03 20:27:06,922 - Worker_1] Status code == 403 for https://tab.uol.com.br/noticias/redacao/2023/02/17/carnaval-esquenta-o-saara-tradicional-ponto-de-comercio-popular-no-rio.htm, skipping...
[ERROR - 2026-03-03 20:27:08,030 - Worker_3] Status code == 403 for https://economia.uol.com.br/noticias/redacao/2023/02/20/cpf-identidade-nacional.htm, skipping...
[ERROR - 2026-03-03 20:27:09,774 - Worker_0] Status code == 404 for https://www.uol.com.br/universa/horoscopo/noticias/redacao/2023/02/20/sol-esta-em-peixes-temporada-intuitiva-e-espiritual-traz-mais-esperanca.htm, skipping...
[ERROR - 2026-03-03 20:27:11,333 - Worker_1] Status code == 403 for https://noticias.uol.com.br/cotidiano/ultimas-noticias/2023/02/20/apos-temporal-moradores-compartilham-wifi-solidario-na-barra-do-sahy.htm, skipping...
[ERROR - 2026-03-03 20:27:23,223 - Worker_2] Status code == 403 for https://noticias.uol.com.br/cotidiano/ultimas-noticias/2023/02/20/sp-sobe-para-37-o-numero-de-mortos-vitimados-pelas-chuvas-no-litoral-norte.htm, skipping...
[ERROR - 2026-03-03 20:27:25,042 - Worker_1] Status code == 403 for https://noticias.uol.com.br/cotidiano/ultimas-noticias/2023/02/20/chuva-sao-paulo-20-de-fevereiro.htm, skipping...
[ERROR - 2026-03-03 20:27:28,592 - Worker_3] Status code == 403 for https://noticias.uol.com.br/cotidiano/ultimas-noticias/2023/02/20/bem-abalada-mae-busca-filha-e-genro-que-passavam-ferias-em-sao-sebastiao.htm, skipping...
[ERROR - 2026-03-03 20:27:29,390 - Worker_1] Status code == 403 for https://noticias.uol.com.br/cotidiano/ultimas-noticias/2023/02/20/previsao-chuva-novos-deslizamentos-cemaden.htm, skipping...
[ERROR - 2026-03-03 20:27:32,118 - Worker_4] Status code == 403 for https://tab.uol.com.br/noticias/redacao/2023/02/20/com-caipirinha-a-r-12-a-volta-do-baile-de-carnaval-a-um-clube-do-interior.htm, skipping...
[ERROR - 2026-03-03 20:27:32,805 - Worker_0] Status code == 403 for https://noticias.uol.com.br/colunas/josias-de-souza/2023/02/20/chuvas-dito-e-feito-tudo-foi-dito-e-nada-foi-feito.htm, skipping...
[ERROR - 2026-03-03 20:27:41,157 - Worker_2] Status code == 403 for https://noticias.uol.com.br/colunas/jamil-chade/2023/02/20/em-cupula-lula-propoe-acao-internacional-contra-desinformacao-nas-redes.htm, skipping...
[ERROR - 2026-03-03 20:27:48,667 - Worker_4] Status code == 403 for https://noticias.uol.com.br/colunas/walter-maierovitch/2023/02/19/conferencia-de-munique-termina-sem-resultado-pelo-fim-da-guerra-na-ucrania.htm, skipping...
[ERROR - 2026-03-03 20:27:50,433 - Worker_0] Status code == 403 for https://noticias.uol.com.br/colunas/reinaldo-azevedo/2023/02/19/selic-a-1375-e-a-cloroquina-do-bc-para-inflacao-efeito-colateral-e-letal.htm, skipping...
[ERROR - 2026-03-03 20:27:50,523 - Worker_2] Status code == 403 for https://economia.uol.com.br/colunas/mariana-londres/2023/02/20/decisao-do-stf-vai-impactar-contas-de-luz-entenda.htm, skipping...
[ERROR - 2026-03-03 20:27:53,760 - Worker_3] Status code == 403 for https://noticias.uol.com.br/cotidiano/ultimas-noticias/2023/02/20/um-mes-crise-terra-yanomami-investigacao-bolsonaro.htm, skipping...
[ERROR - 2026-03-03 20:27:59,165 - Worker_0] Status code == 403 for https://noticias.uol.com.br/colunas/leonardo-sakamoto/2023/02/20/visita-de-lula-a-tragedia-em-sp-contrasta-com-bolsonaro-de-jet-ski-em-sc.htm, skipping...
[ERROR - 2026-03-03 20:28:01,545 - Worker_2] Status code == 403 for https://noticias.uol.com.br/cotidiano/ultimas-noticias/2023/02/20/gerente-de-hotel-em-sao-sebastiao-acolhe-vitimas-cobertas-de-lama.htm, skipping...
[ERROR - 2026-03-03 20:28:02,119 - Worker_4] Status code == 403 for https://noticias.uol.com.br/internacional/ultimas-noticias/2023/02/20/novo-terremoto-de-grande-magnitude-atinge-turquia-e-siria.htm, skipping...
[ERROR - 2026-03-03 20:28:02,758 - Worker_3] Status code == 403 for https://tab.uol.com.br/noticias/redacao/2023/02/19/bloco-de-tiago-abravanel-e-esvaziado-por-michel-telo-na-av-faria-lima.htm, skipping...
[ERROR - 2026-03-03 20:28:05,970 - Worker_1] Status code == 403 for https://noticias.uol.com.br/politica/ultimas-noticias/2023/02/20/impedida-de-chegar-a-sao-sebastiao-tebet-representa-governo-no-guaruja.htm, skipping...
[ERROR - 2026-03-03 20:28:06,484 - Worker_4] Status code == 403 for https://economia.uol.com.br/mais/ultimas-noticias/2023/02/20/como-ganhar-ate-100-com-o-minha-casa-minha-vida.htm, skipping...
[ERROR - 2026-03-03 20:28:10,440 - Worker_1] Status code == 403 for https://noticias.uol.com.br/cotidiano/ultimas-noticias/2023/02/20/rodovias-liberadas-litoral-norte-sao-paulo.htm, skipping...
[ERROR - 2026-03-03 20:28:10,885 - Worker_4] Status code == 403 for https://noticias.uol.com.br/colunas/jamil-chade/2023/02/19/carta-ao-presidente-lula-precisamos-falar-de-democracia.htm, skipping...
[ERROR - 2026-03-03 20:28:12,622 - Worker_2] Status code == 403 for https://noticias.uol.com.br/cotidiano/ultimas-noticias/2023/02/20/em-praia-isolada-por-chuva-exercito-retira-corpos-de-helicoptero.htm, skipping...
[ERROR - 2026-03-03 20:28:19,781 - Worker_3] Status code == 403 for https://tab.uol.com.br/noticias/redacao/2023/02/15/carnaval-2023-falencia-da-livraria-cultura-venezuela-ostentacao-e-mais.htm, skipping...
[ERROR - 2026-03-03 20:28:19,926 - Worker_0] Status code == 403 for https://noticias.uol.com.br/cotidiano/ultimas-noticias/2023/02/20/medico-e-morto-e-tem-corpo-enterrado-em-bosque-apos-encontro-por-aplicativo.htm, skipping...
[ERROR - 2026-03-03 20:28:33,702 - Worker_0] Status code == 403 for https://economia.uol.com.br/noticias/redacao/2023/02/17/dove-cria-servico-de-cadeiras-de-praia-para-pessoas-com-corpos-diversos.htm, skipping...
[ERROR - 2026-03-03 20:28:53,663 - Worker_3] Status code == 403 for https://tab.uol.com.br/noticias/redacao/2023/02/20/pode-me-ajudar-familia-procura-por-crianca-desaparecia-apos-chuva-em-sp.htm, skipping...
[ERROR - 2026-03-03 20:28:54,663 - Worker_1] Status code == 403 for https://tab.uol.com.br/noticias/redacao/2023/02/20/por-r-15-cariocas-e-turistas-se-misturam-no-setor-popular-na-sapucai.htm, skipping...
[ERROR - 2026-03-03 20:28:57,780 - Worker_3] Status code == 403 for https://tab.uol.com.br/noticias/redacao/2023/02/19/em-meio-a-folia-catadores-de-reciclaveis-buscam-garantir-o-sustento.htm, skipping...
[ERROR - 2026-03-03 20:29:09,325 - Worker_0] Status code == 403 for https://noticias.uol.com.br/cotidiano/ultimas-noticias/2023/02/21/bombeiros-deslizamentos-sao-sebastiao.htm, skipping...
[ERROR - 2026-03-03 20:29:13,675 - Worker_0] Status code == 403 for https://noticias.uol.com.br/ultimas-noticias/afp/2023/02/21/seis-mortos-em-novo-terremoto-na-turquia.htm, skipping...
[ERROR - 2026-03-03 20:29:17,952 - Worker_1] Status code == 403 for https://noticias.uol.com.br/cotidiano/ultimas-noticias/2023/02/21/volta-turistas-litoral-norte-sp.htm, skipping...
[ERROR - 2026-03-03 20:29:19,442 - Worker_2] Status code == 403 for https://tab.uol.com.br/noticias/redacao/2023/02/17/carnaval-esquenta-o-saara-tradicional-ponto-de-comercio-popular-no-rio.htm, skipping...
[ERROR - 2026-03-03 20:29:23,796 - Worker_2] Status code == 403 for https://noticias.uol.com.br/internacional/ultimas-noticias/2023/02/21/pais-de-madeleine-aceitam-fazer-teste-de-dna-com-jovem-que-diz-ser-a-menina.htm, skipping...
[ERROR - 2026-03-03 20:29:30,630 - Worker_1] Status code == 403 for https://noticias.uol.com.br/cotidiano/ultimas-noticias/2023/02/21/voluntarios-resgatam-50-animais-presos-em-escombros-em-sao-sebastiao.htm, skipping...
[ERROR - 2026-03-03 20:29:34,730 - Worker_1] Status code == 403 for https://noticias.uol.com.br/cotidiano/ultimas-noticias/2023/02/21/ministro-governo-bolsonaro-destinou-so-r-25-mil-para-desastres-em-2023.htm, skipping...
[ERROR - 2026-03-03 20:29:44,253 - Worker_3] Status code == 403 for https://tab.uol.com.br/noticias/redacao/2023/02/21/carnaval-mais-secreto-e-tradicional-de-sp-como-e-o-desfile-da-7-divisao.htm, skipping...
[ERROR - 2026-03-03 20:29:48,413 - Worker_3] Status code == 403 for https://noticias.uol.com.br/cotidiano/ultimas-noticias/2023/02/21/numero-carros-retorno-litoral-sp.htm, skipping...
[ERROR - 2026-03-03 20:29:52,377 - Worker_0] Status code == 403 for https://noticias.uol.com.br/colunas/walter-maierovitch/2023/02/21/putin-x-biden-replica-do-russo-defende-guerra-treplica-de-biden-vira-hoje.htm, skipping...
[ERROR - 2026-03-03 20:29:55,976 - Worker_4] Status code == 404 for https://www.uol.com.br/universa/horoscopo/noticias/redacao/2023/02/21/romantico-e-profano-o-que-esperar-de-peixes-na-hora-do-sexo.htm, skipping...
[ERROR - 2026-03-03 20:30:03,888 - Worker_0] Status code == 403 for https://noticias.uol.com.br/ultimas-noticias/agencia-estado/2023/02/21/tarcisio-confirma-44-mortes-no-litoral-e-prepara-saidas-maritimas-para-populacao.htm, skipping...
[ERROR - 2026-03-03 20:30:07,994 - Worker_0] Status code == 403 for https://noticias.uol.com.br/cotidiano/ultimas-noticias/2023/02/21/volta-para-sp-trecho-congestionado-na-imigrantes-devido-ao-fluxo-de-carros.htm, skipping...
[ERROR - 2026-03-03 20:30:12,734 - Worker_2] Status code == 403 for https://noticias.uol.com.br/colunas/jamil-chade/2023/02/21/regulacao-das-redes-pode-reforcar-liberdade-de-expressao---se-for-bem-feita.htm, skipping...
[ERROR - 2026-03-03 20:30:13,549 - Worker_3] Status code == 403 for https://noticias.uol.com.br/colunas/balaio-do-kotscho/2023/02/21/a-boa-noticia-que-chega-de-roraima-povo-yanomani-ja-nao-morre-mais-de-fome.htm, skipping...
[ERROR - 2026-03-03 20:30:15,023 - Worker_4] Status code == 403 for https://tab.uol.com.br/noticias/redacao/2023/02/19/bloco-de-tiago-abravanel-e-esvaziado-por-michel-telo-na-av-faria-lima.htm, skipping...
[ERROR - 2026-03-03 20:30:31,135 - Worker_4] Status code == 403 for https://tab.uol.com.br/noticias/redacao/2023/02/21/desabrigados-sofrem-a-cada-chuva-e-precisam-de-psicologicos-diz-voluntario.htm, skipping...
[ERROR - 2026-03-03 20:30:32,836 - Worker_0] Status code == 403 for https://noticias.uol.com.br/ultimas-noticias/bbc/2023/02/21/as-empresas-que-decidiram-manter-semana-de-4-dias-apos-teste-aprovado.htm, skipping...
[ERROR - 2026-03-03 20:30:33,387 - Worker_2] Status code == 403 for https://noticias.uol.com.br/cotidiano/ultimas-noticias/2023/02/21/prefeito-sao-sebastiao-operacao-de-guerra-resgate-vitimas-chuva.htm, skipping...
[ERROR - 2026-03-03 20:30:53,380 - Worker_4] Status code == 403 for https://noticias.uol.com.br/cotidiano/ultimas-noticias/2023/02/14/queria-ter-corpo-de-academia-rapido-apliquei-o-veneno-e-vivo-um-pesadelo.htm, skipping...
[ERROR - 2026-03-03 20:30:57,924 - Worker_2] Status code == 403 for https://noticias.uol.com.br/cotidiano/ultimas-noticias/2023/02/21/homem-tenta-salvar-irma-e-morre-soterrado-em-sp-orfa-de-2-anos-e-internado.htm, skipping...
[ERROR - 2026-03-03 20:30:58,630 - Worker_1] Status code == 403 for https://noticias.uol.com.br/cotidiano/ultimas-noticias/2023/02/21/chuvas-em-sp-veja-quem-sao-as-vitimas.htm, skipping...
[ERROR - 2026-03-03 20:31:02,291 - Worker_2] Status code == 403 for https://noticias.uol.com.br/ultimas-noticias/bbc/2023/02/21/mais-do-que-baloes-como-espionagem-chinesa-testa-novos-campos-na-disputa-global-com-eua.htm, skipping...
[ERROR - 2026-03-03 20:31:02,816 - Worker_1] Status code == 403 for https://tab.uol.com.br/noticias/redacao/2023/02/19/em-meio-a-folia-catadores-de-reciclaveis-buscam-garantir-o-sustento.htm, skipping...
[ERROR - 2026-03-03 20:31:03,287 - Worker_0] Status code == 403 for https://tab.uol.com.br/noticias/redacao/2023/02/21/sabrina-sato-satanista-e-salgueiro-profana-afinal-qual-a-origem-do-diabo.htm, skipping...
[ERROR - 2026-03-03 20:31:18,799 - Worker_1] Status code == 403 for https://tab.uol.com.br/noticias/redacao/2023/02/21/moradora-de-barrra-do-sahy-se-desespera-com-inquilinos-soterrados.htm, skipping...
[ERROR - 2026-03-03 20:31:20,007 - Worker_3] Status code == 403 for https://noticias.uol.com.br/colunas/jamil-chade/2023/02/21/europeus-aceitam-propostas-de-lula-sobre-ucrania-em-resolucao-da-onu.htm, skipping...
[ERROR - 2026-03-03 20:31:25,231 - Worker_4] Status code == 403 for https://noticias.uol.com.br/ultimas-noticias/rfi/2023/02/22/novo-assassinato-de-professora-a-facadas-reativa-traumatismo-de-ataques-a-escolas-na-franca.htm, skipping...
[ERROR - 2026-03-03 20:31:27,677 - Worker_1] Status code == 403 for https://noticias.uol.com.br/politica/ultimas-noticias/2023/02/22/ministerio-da-justica-manda-pf-abrir-inquerito-sobre-morte-de-marielle.htm, skipping...
[ERROR - 2026-03-03 20:31:29,908 - Worker_3] Status code == 403 for https://noticias.uol.com.br/colunas/carlos-madeiro/2023/02/22/como-garimpo-esquentou-ouro-ilegal-para-fazer-esquema-bilionario-no-para.htm, skipping...
[ERROR - 2026-03-03 20:31:31,813 - Worker_1] Status code == 403 for https://noticias.uol.com.br/cotidiano/ultimas-noticias/2023/02/22/novo-boletim-chuvas-litoral-sp.htm, skipping...
[ERROR - 2026-03-03 20:31:34,013 - Worker_3] Status code == 403 for https://noticias.uol.com.br/cotidiano/ultimas-noticias/2023/02/22/quem-sao-mortos-chacina-bar-mato-grosso.htm, skipping...
[ERROR - 2026-03-03 20:31:44,453 - Worker_0] Status code == 403 for https://noticias.uol.com.br/ultimas-noticias/afp/2023/02/22/ciclone-freddy-deixa-atro-mortos-em-madagascar.htm, skipping...
[ERROR - 2026-03-03 20:31:44,651 - Worker_2] Status code == 403 for https://noticias.uol.com.br/cotidiano/ultimas-noticias/2023/02/22/fotografa-passa-noite-em-carro-durante-temporal-no-litoral-norte-de-sp.htm, skipping...
[ERROR - 2026-03-03 20:31:48,563 - Worker_0] Status code == 403 for https://noticias.uol.com.br/cotidiano/ultimas-noticias/2023/02/22/tragedia-no-litoral-de-sp-alertas.htm, skipping...
[ERROR - 2026-03-03 20:31:49,566 - Worker_1] Status code == 403 for https://noticias.uol.com.br/politica/ultimas-noticias/2023/02/22/barroso-diz-haver-consenso-global-para-regulamentacao-das-midias-digitais.htm, skipping...
[ERROR - 2026-03-03 20:31:52,422 - Worker_4] Status code == 403 for https://tab.uol.com.br/noticias/redacao/2023/02/21/carnaval-mais-secreto-e-tradicional-de-sp-como-e-o-desfile-da-7-divisao.htm, skipping...
[ERROR - 2026-03-03 20:31:53,378 - Worker_2] Status code == 403 for https://noticias.uol.com.br/colunas/balaio-do-kotscho/2023/02/22/na-tragedia-de-caraguatatuba-vitimas-viviam-na-planicie-nao-nas-encostas.htm, skipping...
[ERROR - 2026-03-03 20:32:00,108 - Worker_2] Status code == 403 for https://tab.uol.com.br/noticias/redacao/2023/02/22/em-sao-sebastiao-11-pessoas-entraram-na-correnteza-de-lama-para-se-salvar.htm, skipping...
[ERROR - 2026-03-03 20:32:02,380 - Worker_0] Status code == 403 for https://noticias.uol.com.br/cotidiano/ultimas-noticias/2023/02/22/litoral-de-sp-medica-diz-que-ha-vitimas-com-fraturas-e-picadas-de-cobras.htm, skipping...
[ERROR - 2026-03-03 20:32:06,412 - Worker_4] Status code == 403 for https://tab.uol.com.br/noticias/redacao/2023/02/22/malhei-para-isso-folioes-fervem-6-dias-no-carnaval-de-salvador.htm, skipping...
[ERROR - 2026-03-03 20:32:06,515 - Worker_0] Status code == 403 for https://noticias.uol.com.br/cotidiano/ultimas-noticias/2023/02/22/dupla-mata-7-pessoas-a-tiros-apos-perder-jogo-de-sinuca-em-bar-de-mt.htm, skipping...
[ERROR - 2026-03-03 20:32:15,725 - Worker_3] Status code == 403 for https://noticias.uol.com.br/internacional/ultimas-noticias/2023/02/22/brasileira-vende-roupas-de-doacao-em-portugal-fazer-uma-graninha.htm, skipping...
[ERROR - 2026-03-03 20:32:19,926 - Worker_3] Status code == 403 for https://tab.uol.com.br/noticias/redacao/2023/02/19/bloco-de-tiago-abravanel-e-esvaziado-por-michel-telo-na-av-faria-lima.htm, skipping...
[ERROR - 2026-03-03 20:32:23,515 - Worker_2] Status code == 403 for https://noticias.uol.com.br/cotidiano/ultimas-noticias/2023/02/22/homem-morte-lolo.htm, skipping...
[ERROR - 2026-03-03 20:32:24,296 - Worker_3] Status code == 403 for https://noticias.uol.com.br/colunas/chico-alves/2023/02/22/das-fake-news-bolsonaristas-ao-titulo-da-imperatriz-o-cpx-merece-comemorar.htm, skipping...
[ERROR - 2026-03-03 20:32:37,566 - Worker_0] Status code == 403 for https://noticias.uol.com.br/ultimas-noticias/bbc/2023/02/22/cargo-vitalicio-e-salario-de-r-35-mil-as-esposas-de-ministros-de-lula-nos-tribunais-de-contas.htm, skipping...
[ERROR - 2026-03-03 20:32:40,487 - Worker_4] Status code == 403 for https://noticias.uol.com.br/cotidiano/ultimas-noticias/2023/02/22/mulher-e-presa-com-13-celulares-na-calca-e-debocha-da-pm-calma-senhor.htm, skipping...
[ERROR - 2026-03-03 20:32:48,735 - Worker_0] Status code == 403 for https://noticias.uol.com.br/cotidiano/ultimas-noticias/2023/02/22/menina-internada-pimenta-anapolis.htm, skipping...
[ERROR - 2026-03-03 20:32:49,783 - Worker_4] Status code == 403 for https://noticias.uol.com.br/colunas/reinaldo-azevedo/2023/02/22/o-evento-extremo-que-matou-em-sao-sebastiao-e-a-desigualdade-nao-a-chuva.htm, skipping...
[ERROR - 2026-03-03 20:32:53,136 - Worker_0] Status code == 403 for https://noticias.uol.com.br/colunas/alberto-bombig/2023/02/22/aproximacao-entre-lula-e-tarcisio-tambem-gera-desconforto-no-pt.htm, skipping...
[ERROR - 2026-03-03 20:32:58,541 - Worker_4] Status code == 403 for https://noticias.uol.com.br/cotidiano/ultimas-noticias/2023/02/22/da-janela-de-casa-vi-um-corpo-descendo-na-lama-a-tragedia-na-vila-sahy.htm, skipping...
[ERROR - 2026-03-03 20:33:03,183 - Worker_2] Status code == 403 for https://noticias.uol.com.br/internacional/ultimas-noticias/2023/02/22/familia-de-jovem-que-afirma-ser-madeleine-se-recusa-a-fazer-teste-de-dna.htm, skipping...
[ERROR - 2026-03-03 20:33:10,298 - Worker_2] Status code == 403 for https://tab.uol.com.br/noticias/redacao/2023/02/19/em-meio-a-folia-catadores-de-reciclaveis-buscam-garantir-o-sustento.htm, skipping...
[ERROR - 2026-03-03 20:33:12,176 - Worker_0] Status code == 403 for https://economia.uol.com.br/noticias/estadao-conteudo/2023/02/22/adepara-confirma-teste-positivo-para-vaca-louca-no-para.htm, skipping...
[ERROR - 2026-03-03 20:33:16,603 - Worker_0] Status code == 403 for https://noticias.uol.com.br/cotidiano/ultimas-noticias/2023/02/22/delegado-entrevista-chacina-apos-derrota-na-sinuca-mt.htm, skipping...
[ERROR - 2026-03-03 20:33:19,589 - Worker_1] Status code == 403 for https://noticias.uol.com.br/cotidiano/ultimas-noticias/2023/02/22/suspeito-morto-chacina-mt.htm, skipping...
[ERROR - 2026-03-03 20:33:20,979 - Worker_0] Status code == 403 for https://noticias.uol.com.br/cotidiano/ultimas-noticias/2023/02/22/casa-caiu-em-cima-dele-ela-perdeu-inquilino-nas-chuvas-na-vila-sahy.htm, skipping...
[ERROR - 2026-03-03 20:33:22,764 - Worker_4] Status code == 403 for https://noticias.uol.com.br/colunas/reinaldo-azevedo/2023/02/23/zambelli-entrou-na-maquina-de-moer-carne-do-bolsonarismo-o-que-vai-sobrar.htm, skipping...
[ERROR - 2026-03-03 20:33:29,868 - Worker_1] Status code == 403 for https://noticias.uol.com.br/colunas/leonardo-sakamoto/2023/02/23/chacina-com-sete-mortes-apos-jogo-de-sinuca-e-puro-suco-da-era-bolsonaro.htm, skipping...
[ERROR - 2026-03-03 20:33:34,232 - Worker_1] Status code == 403 for https://noticias.uol.com.br/colunas/chico-alves/2023/02/23/bia-kicis-usa-video-de-ficcao-como-se-fosse-real-para-criticar-desarmamento.htm, skipping...
[ERROR - 2026-03-03 20:33:35,455 - Worker_0] Status code == 403 for https://noticias.uol.com.br/colunas/josias-de-souza/2023/02/23/gente-chique-do-litoral-paulista-nao-quer-chamar-pobreza-de-minha-vizinha.htm, skipping...
[ERROR - 2026-03-03 20:33:36,012 - Worker_3] Status code == 403 for https://noticias.uol.com.br/cotidiano/ultimas-noticias/2023/02/23/homem-racismo-mogi-das-cruzes.htm, skipping...
[ERROR - 2026-03-03 20:33:43,238 - Worker_4] Status code == 403 for https://noticias.uol.com.br/ultimas-noticias/afp/2023/02/23/leoa-foge-de-caminhonete-em-movimento-na-africa-do-sul.htm, skipping...
[ERROR - 2026-03-03 20:33:48,476 - Worker_0] Status code == 403 for https://noticias.uol.com.br/politica/ultimas-noticias/2023/02/23/barroso-redes-sociais-regulacao-unesco.htm, skipping...
[ERROR - 2026-03-03 20:33:50,103 - Worker_4] Status code == 403 for https://tab.uol.com.br/noticias/redacao/2023/02/21/carnaval-mais-secreto-e-tradicional-de-sp-como-e-o-desfile-da-7-divisao.htm, skipping...
[ERROR - 2026-03-03 20:33:53,089 - Worker_1] Status code == 403 for https://noticias.uol.com.br/cotidiano/ultimas-noticias/2023/02/23/litoral-sp-prefeito-diz-que-casas-populares-foram-barradas-em-bairro-nobre.htm, skipping...
[ERROR - 2026-03-03 20:33:54,212 - Worker_4] Status code == 403 for https://noticias.uol.com.br/cotidiano/ultimas-noticias/2023/02/23/prf-resgata-trabalhadores-escravidao-rio-grande-do-sul.htm, skipping...
[ERROR - 2026-03-03 20:33:55,812 - Worker_2] Status code == 403 for https://noticias.uol.com.br/cotidiano/ultimas-noticias/2023/02/23/mortos-chuva-litoral-sp.htm, skipping...
[ERROR - 2026-03-03 20:34:07,548 - Worker_4] Status code == 403 for https://noticias.uol.com.br/cotidiano/ultimas-noticias/2023/02/22/indigenas-chuva-litoral-norte.htm, skipping...
[ERROR - 2026-03-03 20:34:09,137 - Worker_0] Status code == 403 for https://noticias.uol.com.br/saude/ultimas-noticias/redacao/2023/02/23/lotes-camisinhas-blowtex.htm, skipping...
[ERROR - 2026-03-03 20:34:11,694 - Worker_4] Status code == 403 for https://noticias.uol.com.br/cotidiano/ultimas-noticias/2023/02/23/a-favela-chegou-no-predio-como-a-rio-santos-divide-ricos-e-pobres-em-sp.htm, skipping...
[ERROR - 2026-03-03 20:34:13,057 - Worker_1] Status code == 403 for https://noticias.uol.com.br/cotidiano/ultimas-noticias/2023/02/23/elize-matsunaga-motorista-aplicativos.htm, skipping...
[ERROR - 2026-03-03 20:34:14,151 - Worker_2] Status code == 403 for https://noticias.uol.com.br/colunas/thais-oyama/2023/02/23/com-dinheiro-liberado-pl-planeja-grande-estreia-de-michelle-bolsonaro.htm, skipping...
[ERROR - 2026-03-03 20:34:16,482 - Worker_0] Status code == 403 for https://noticias.uol.com.br/cotidiano/ultimas-noticias/2023/02/23/arena-church-entrevista.htm, skipping...
[ERROR - 2026-03-03 20:34:22,885 - Worker_2] Status code == 403 for https://noticias.uol.com.br/cotidiano/ultimas-noticias/2023/02/23/receita-apreende-conteiner-de-portugal-com-15-toneladas-de-lixo-hospitalar.htm, skipping...
[ERROR - 2026-03-03 20:34:32,469 - Worker_2] Status code == 403 for https://noticias.uol.com.br/cotidiano/ultimas-noticias/2023/02/23/chuva-em-sp-ministro-diz-que-reconstrucao-de-rodovias-deve-durar-6-meses.htm, skipping...
[ERROR - 2026-03-03 20:34:32,554 - Worker_0] Status code == 403 for https://noticias.uol.com.br/opiniao/coluna/2023/02/23/favelas-sao-sebastiao-e-petropolis-o-que-essas-tragedias-tem-em-comum.htm, skipping...
[ERROR - 2026-03-03 20:34:39,274 - Worker_0] Status code == 403 for https://tab.uol.com.br/colunas/trombadas/2023/02/23/o-pe-de-cerejeira-de-dona-iria.htm, skipping...
[ERROR - 2026-03-03 20:34:40,987 - Worker_4] Status code == 403 for https://noticias.uol.com.br/cotidiano/ultimas-noticias/2023/02/23/medico-relata-atendimento-as-vitimas-em-barra-do-sahy-pediu-para-morrer.htm, skipping...
[ERROR - 2026-03-03 20:34:43,012 - Worker_1] Status code == 403 for https://noticias.uol.com.br/colunas/presenca-historica/2023/02/23/do-bbb-a-vida-real-ideais-europeus-criam-a-ideia-do-negro-como-perigoso.htm, skipping...
[ERROR - 2026-03-03 20:34:45,370 - Worker_4] Status code == 403 for https://noticias.uol.com.br/cotidiano/ultimas-noticias/2023/02/23/homem-carrinho-compra-mulher-goias.htm, skipping...
[ERROR - 2026-03-03 20:34:45,496 - Worker_3] Status code == 403 for https://noticias.uol.com.br/cotidiano/ultimas-noticias/2023/02/23/ms-tatuador-tem-rosto-atingido-por-soda-caustica-jogada-por-ex-e-fica-cego.htm, skipping...
[ERROR - 2026-03-03 20:34:48,735 - Worker_0] Status code == 403 for https://noticias.uol.com.br/ultimas-noticias/agencia-estado/2023/02/23/navio-atlantico-chega-a-sao-sebastiao-para-atendimento-medico.htm, skipping...
[ERROR - 2026-03-03 20:34:54,306 - Worker_4] Status code == 403 for https://noticias.uol.com.br/colunas/rogerio-gentile/2023/02/23/justica-bloqueia-ford-k-de-roberto-jefferson-por-ofensa-a-moraes.htm, skipping...
[ERROR - 2026-03-03 20:34:56,683 - Worker_1] Status code == 403 for https://noticias.uol.com.br/ultimas-noticias/2023/02/23/mega-sena-2567-concurso-numeros-sorteio-de-hoje-premio.htm, skipping...
[ERROR - 2026-03-03 20:34:58,769 - Worker_4] Status code == 403 for https://tab.uol.com.br/noticias/redacao/2023/02/23/bloco-feijao-brasileiros-tocam-zeca-pagodinho-no-carnaval-de-new-orleans.htm, skipping...
[ERROR - 2026-03-03 20:35:03,935 - Worker_2] Status code == 403 for https://noticias.uol.com.br/internacional/ultimas-noticias/2023/02/22/pancadaria-rola-em-voo-da-latam-apos-passageiros-se-recusarem-a-descer.htm, skipping...
[ERROR - 2026-03-03 20:35:07,005 - Worker_3] Status code == 403 for https://noticias.uol.com.br/cotidiano/ultimas-noticias/2023/02/23/morador-barra-do-sahy-desalojado.htm, skipping...
[ERROR - 2026-03-03 20:35:10,076 - Worker_0] Status code == 403 for https://noticias.uol.com.br/colunas/tales-faria/2023/02/23/chacina-de-sinop-tem-a-marca-do-aumento-do-numero-de-cacs-no-pais.htm, skipping...
[ERROR - 2026-03-03 20:35:13,227 - Worker_2] Status code == 403 for https://noticias.uol.com.br/cotidiano/ultimas-noticias/2023/02/23/falso-massagista-preso-rio-de-janeiro.htm, skipping...
[ERROR - 2026-03-03 20:35:14,032 - Worker_4] Status code == 403 for https://noticias.uol.com.br/cotidiano/ultimas-noticias/2023/02/23/atirador-chacina-bar-mt-se-entrega-a-policia.htm, skipping...
[ERROR - 2026-03-03 20:35:15,967 - Worker_3] Status code == 403 for https://noticias.uol.com.br/cotidiano/ultimas-noticias/2023/02/23/chuva-em-sp-causa-alagamentos-e-queda-de-arvores.htm, skipping...
[ERROR - 2026-03-03 20:35:18,402 - Worker_4] Status code == 403 for https://noticias.uol.com.br/colunas/walter-maierovitch/2023/02/23/dino-atua-dentro-da-legalidade-ao-auxiliar-mp-rj-a-investigar-caso-marielle.htm, skipping...
[ERROR - 2026-03-03 20:35:19,927 - Worker_0] Status code == 403 for https://noticias.uol.com.br/internacional/ultimas-noticias/2023/02/23/homem-retirado-dos-escombros-na-siria-volta-a-vida-dias-apos-o-funeral.htm, skipping...
[ERROR - 2026-03-03 20:35:22,534 - Worker_4] Status code == 403 for https://noticias.uol.com.br/ultimas-noticias/rfi/2023/02/19/clima-calotas-polares-podem-entrar-em-colapso-com-apenas-meio-grau-de-aquecimento-adicional.htm, skipping...
[ERROR - 2026-03-03 20:35:24,074 - Worker_0] Status code == 403 for https://noticias.uol.com.br/cotidiano/ultimas-noticias/2023/02/24/esteticista-faz-sucesso-com-barbearia-naturista-todo-mundo-igual.htm, skipping...
[ERROR - 2026-03-03 20:35:25,089 - Worker_3] Status code == 403 for https://noticias.uol.com.br/colunas/leonardo-sakamoto/2023/02/24/caixa-encerra-agiotagem-sobre-brasileiros-pobres-mas-bomba-esta-armada.htm, skipping...
[ERROR - 2026-03-03 20:35:29,462 - Worker_3] Status code == 403 for https://tab.uol.com.br/noticias/redacao/2023/02/24/quem-ta-vivo-ta-sofrendo-tambem-diz-voluntario-no-litoral-norte-de-sp.htm, skipping...
[ERROR - 2026-03-03 20:35:38,982 - Worker_1] Status code == 403 for https://noticias.uol.com.br/internacional/ultimas-noticias/2023/02/24/zelensky-brasil-lula.htm, skipping...
[ERROR - 2026-03-03 20:35:41,811 - Worker_4] Status code == 403 for https://noticias.uol.com.br/cotidiano/ultimas-noticias/2023/02/24/estilo-de-advogado-de-atirador-de-sinop-inspira-memes-nosso-saul-goodman.htm, skipping...
[ERROR - 2026-03-03 20:35:45,940 - Worker_4] Status code == 403 for https://noticias.uol.com.br/colunas/thais-oyama/2023/02/13/perfil-do-vice-presidente-geraldo-alckmin.htm, skipping...
[ERROR - 2026-03-03 20:35:58,159 - Worker_4] Status code == 403 for https://noticias.uol.com.br/colunas/josias-de-souza/2023/02/24/lula-tem-final-de-semana-para-se-livrar-de-armadilha-do-subsidio-a-gasolina.htm, skipping...
[ERROR - 2026-03-03 20:36:03,203 - Worker_1] Status code == 403 for https://noticias.uol.com.br/politica/ultimas-noticias/2023/02/24/bolsonaro-reclama-de-salario-de-r-33-mil-e-diz-que-nem-lembrava-da-esposa.htm, skipping...
[ERROR - 2026-03-03 20:36:15,612 - Worker_0] Status code == 403 for https://noticias.uol.com.br/internacional/ultimas-noticias/2023/02/24/jovem-polonesa-nao-e-madeleine-mccann-sumida-desde-2007-afirma-policia.htm, skipping...
[ERROR - 2026-03-03 20:36:20,946 - Worker_3] Status code == 403 for https://noticias.uol.com.br/colunas/madeleine-lacsko/2023/02/24/zambelli-isentona-mostra-que-economia-da-atencao-esta-institucionalizada.htm, skipping...
[ERROR - 2026-03-03 20:36:24,738 - Worker_2] Status code == 403 for https://tab.uol.com.br/noticias/redacao/2023/02/24/oxe-mainha-a-cindelera-recifense-que-virou-icone-do-carnaval-local.htm, skipping...
[ERROR - 2026-03-03 20:36:28,872 - Worker_2] Status code == 403 for https://noticias.uol.com.br/cotidiano/ultimas-noticias/2023/02/24/antes-depois-litoral-norte-sp.htm, skipping...
[ERROR - 2026-03-03 20:36:33,555 - Worker_2] Status code == 403 for https://noticias.uol.com.br/cotidiano/ultimas-noticias/2023/02/23/navio-anfibio-resgate-litoral-sao-paulo-chuvas.htm, skipping...
[ERROR - 2026-03-03 20:36:37,745 - Worker_4] Status code == 403 for https://noticias.uol.com.br/cotidiano/ultimas-noticias/2023/02/24/sobrevivente-chacina-sinop-enterra-marido-e-filha-mortos.htm, skipping...
[ERROR - 2026-03-03 20:36:40,366 - Worker_0] Status code == 403 for https://noticias.uol.com.br/cotidiano/ultimas-noticias/2023/02/24/chuvas-sp-24-de-fevereiro.htm, skipping...
[ERROR - 2026-03-03 20:36:42,737 - Worker_2] Status code == 403 for https://tab.uol.com.br/colunas/trombadas/2023/02/23/o-pe-de-cerejeira-de-dona-iria.htm, skipping...
[ERROR - 2026-03-03 20:36:58,187 - Worker_2] Status code == 403 for https://siterg.uol.com.br/cultura/2023/02/24/oscar-relembre-as-10-apresentacoes-mais-iconicas-da-premiacao/, skipping...
[ERROR - 2026-03-03 20:37:34,945 - Worker_3] Status code == 403 for https://tab.uol.com.br/noticias/redacao/2023/02/25/como-a-comunidade-de-itatinga-duramente-atingida-se-organiza-apos-chuvas.htm, skipping...
[ERROR - 2026-03-03 20:38:03,769 - Worker_1] Status code == 403 for https://noticias.uol.com.br/colunas/thais-oyama/2023/02/13/perfil-do-vice-presidente-geraldo-alckmin.htm, skipping...
[ERROR - 2026-03-03 20:38:23,721 - Worker_3] Status code == 403 for https://tab.uol.com.br/colunas/michel-alcoforado/2023/02/25/o-racismo-ambiental-pode-acabar-com-o-lazer-da-elite-brasileira.htm, skipping...
[ERROR - 2026-03-03 20:38:39,544 - Worker_3] Status code == 403 for https://tab.uol.com.br/noticias/redacao/2023/02/24/oxe-mainha-a-cindelera-recifense-que-virou-icone-do-carnaval-local.htm, skipping...
[ERROR - 2026-03-03 20:39:01,034 - Worker_3] Status code == 403 for https://noticias.uol.com.br/cotidiano/ultimas-noticias/2023/02/25/video-homem-e-resgatado-7-km-mar-adentro-com-stand-up-paddle-em-pe.htm, skipping...
[ERROR - 2026-03-03 20:39:07,094 - Worker_0] Status code == 403 for https://noticias.uol.com.br/colunas/balaio-do-kotscho/2023/02/25/eu-ja-falei-com-a-caixa-diz-wajngarten-em-video-sobre-casas-em-maresias.htm, skipping...
[ERROR - 2026-03-03 20:39:11,211 - Worker_0] Status code == 403 for https://noticias.uol.com.br/cotidiano/ultimas-noticias/2023/02/25/nem-sabia-de-jogo-de-sinuca-filho-de-vitima-lamenta-chacina-em-sinop.htm, skipping...
[ERROR - 2026-03-03 20:39:15,238 - Worker_1] Status code == 403 for https://noticias.uol.com.br/politica/ultimas-noticias/2023/02/25/ibama-acao-casa-anderson-torres-aves.htm, skipping...
[ERROR - 2026-03-03 20:39:18,028 - Worker_3] Status code == 403 for https://noticias.uol.com.br/politica/ultimas-noticias/2023/02/24/busca-e-apreensao-anderson-torres.htm, skipping...
[ERROR - 2026-03-03 20:39:25,110 - Worker_1] Status code == 403 for https://noticias.uol.com.br/colunas/walter-maierovitch/2023/02/25/dia-seguinte-como-mundo-civilizado-acordou-1-ano-apos-invasao-da-ucrania.htm, skipping...
[ERROR - 2026-03-03 20:39:27,007 - Worker_3] Status code == 403 for https://noticias.uol.com.br/ultimas-noticias/afp/2023/02/25/terremoto-de-61-graus-abala-ilha-japonesa-de-hokkaido.htm, skipping...
[ERROR - 2026-03-03 20:39:32,776 - Worker_2] Status code == 403 for https://noticias.uol.com.br/internacional/ultimas-noticias/2023/02/25/zelensky-pede-ajuda-de-republicanos-para-conseguir-mais-armas-para-ucrania.htm, skipping...
[ERROR - 2026-03-03 20:39:42,228 - Worker_2] Status code == 403 for https://noticias.uol.com.br/colunas/jamil-chade/2023/02/26/na-onu-governo-inicia-desmonte-do-bolsonarismo-e-quer-retomar-protagonismo.htm, skipping...
[ERROR - 2026-03-03 20:39:43,272 - Worker_0] Status code == 403 for https://noticias.uol.com.br/ultimas-noticias/rfi/2023/02/19/clima-calotas-polares-podem-entrar-em-colapso-com-apenas-meio-grau-de-aquecimento-adicional.htm, skipping...
[ERROR - 2026-03-03 20:39:46,371 - Worker_2] Status code == 403 for https://noticias.uol.com.br/ultimas-noticias/agencia-estado/2023/02/26/pt-ataca-propostas-de-haddad-que-pode-sofrer-novo-reves.htm, skipping...
[ERROR - 2026-03-03 20:39:46,710 - Worker_4] Status code == 403 for https://noticias.uol.com.br/colunas/leonardo-sakamoto/2023/02/26/nudez-de-yanomamis-desnutridos-faz-instagram-e-facebook-removerem-fotos.htm, skipping...
[ERROR - 2026-03-03 20:39:47,610 - Worker_3] Status code == 403 for https://noticias.uol.com.br/colunas/reinaldo-azevedo/2023/02/26/bezerro-de-ouro-1-deputado-desafia-stf-e-diz-que-pregar-golpe-e-um-direito.htm, skipping...
[ERROR - 2026-03-03 20:39:51,710 - Worker_3] Status code == 403 for https://noticias.uol.com.br/cotidiano/ultimas-noticias/2023/02/26/nao-e-trisal-mas-cabe-mais-um-marmita-de-casal-vira-nova-opcao-de-sexo.htm, skipping...
[ERROR - 2026-03-03 20:39:53,008 - Worker_4] Status code == 403 for https://noticias.uol.com.br/colunas/pra-comecar-a-semana/2023/02/26/leao-divulga-novas-regras-do-ir-lula-toma-vacina-fifa-premia-os-melhores.htm, skipping...
[ERROR - 2026-03-03 20:40:05,384 - Worker_3] Status code == 403 for https://noticias.uol.com.br/colunas/thais-oyama/2023/02/13/perfil-do-vice-presidente-geraldo-alckmin.htm, skipping...
[ERROR - 2026-03-03 20:40:15,058 - Worker_2] Status code == 403 for https://noticias.uol.com.br/cotidiano/ultimas-noticias/2023/02/26/carro-balsa-santos.htm, skipping...
[ERROR - 2026-03-03 20:40:15,652 - Worker_0] Status code == 403 for https://noticias.uol.com.br/politica/ultimas-noticias/2023/02/26/apos-deixar-uti-dirceu-diz-que-tera-alta-ate-amanha-e-ficara-em-brasilia.htm, skipping...
[ERROR - 2026-03-03 20:40:29,501 - Worker_0] Status code == 403 for https://noticias.uol.com.br/ultimas-noticias/rfi/2023/02/26/sobrevivente-relata-explosao-em-barco-que-naufragou-na-italia-ao-menos-8-criancas-morreram.htm, skipping...
[ERROR - 2026-03-03 20:40:32,659 - Worker_3] Status code == 403 for https://noticias.uol.com.br/colunas/balaio-do-kotscho/2023/02/26/diretas-ja-nao-sr-joao-doria-o-que-voce-escreveu-nao-e-verdade-lamento.htm, skipping...
[ERROR - 2026-03-03 20:40:38,269 - Worker_1] Status code == 403 for https://noticias.uol.com.br/colunas/jamil-chade/2023/02/26/ucrania-pede-na-onu-homenagem-as-vitimas-da-agressao-e-brasil-fica-sentado.htm?cmpid=copiaecola, skipping...
[ERROR - 2026-03-03 20:40:42,673 - Worker_1] Status code == 403 for https://noticias.uol.com.br/colunas/carlos-madeiro/2023/02/26/cientistas-cobram-do-governo-rede-integrada-de-alerta-para-eventos-extremos.htm, skipping...
[ERROR - 2026-03-03 20:40:44,203 - Worker_4] Status code == 403 for https://noticias.uol.com.br/cotidiano/ultimas-noticias/2023/02/26/filha-mae-internacao-clinica-psiquiatrica-rj.htm, skipping...
[ERROR - 2026-03-03 20:40:50,772 - Worker_3] Status code == 403 for https://tab.uol.com.br/noticias/redacao/2023/02/26/com-lama-pelos-joelhos-grupo-resgata-animais-euma-porca-na-barra-do-sahy.htm, skipping...
[ERROR - 2026-03-03 20:40:55,795 - Worker_1] Status code == 403 for https://noticias.uol.com.br/internacional/ultimas-noticias/2023/02/25/gato-tido-como-morto-por-dona-e-encontrado-apos-sumico-de-9-anos.htm, skipping...
[ERROR - 2026-03-03 20:41:11,312 - Worker_2] Status code == 403 for https://noticias.uol.com.br/politica/ultimas-noticias/2023/02/25/vistas-como-irrelevantes-agendas-de-bolsonaro-nos-eua-irritam-aliados.htm, skipping...
[ERROR - 2026-03-03 20:41:20,451 - Worker_1] Status code == 403 for https://noticias.uol.com.br/internacional/ultimas-noticias/2023/02/26/bomba-segunda-guerra-exercito-italiano.htm, skipping...
[ERROR - 2026-03-03 20:41:22,072 - Worker_0] Status code == 403 for https://noticias.uol.com.br/internacional/ultimas-noticias/2023/02/25/tartaruga-perde-patas-traseiras-e-recebe-rodas-de-lego-para-se-locomover.htm, skipping...
[ERROR - 2026-03-03 20:41:26,172 - Worker_0] Status code == 403 for https://noticias.uol.com.br/colunas/josias-de-souza/2023/02/26/lider-da-bancada-evangelica-estupra-constituicao-logica-e-paciencia-alheia.htm, skipping...
[ERROR - 2026-03-03 20:41:42,387 - Worker_0] Status code == 403 for https://noticias.uol.com.br/cotidiano/ultimas-noticias/2023/02/26/sao-sebastiao-alerta-risco-deslizamentos-segunda.htm, skipping...
[ERROR - 2026-03-03 20:41:46,773 - Worker_0] Status code == 403 for https://noticias.uol.com.br/ultimas-noticias/rfi/2023/02/19/clima-calotas-polares-podem-entrar-em-colapso-com-apenas-meio-grau-de-aquecimento-adicional.htm, skipping...
[ERROR - 2026-03-03 20:41:48,062 - Worker_4] Status code == 403 for https://noticias.uol.com.br/politica/ultimas-noticias/2023/02/27/gilmar-manda-pacheco-explicar-por-que-nao-oficializou-cpi-sobre-atos-de-81.htm, skipping...
[ERROR - 2026-03-03 20:41:48,661 - Worker_3] Status code == 403 for https://noticias.uol.com.br/cotidiano/ultimas-noticias/2023/02/27/sp-prefeitura-sugere-mudar-lei-para-frear-construcao-de-microapartamentos.htm, skipping...
[ERROR - 2026-03-03 20:41:49,212 - Worker_1] Status code == 403 for https://noticias.uol.com.br/saude/ultimas-noticias/redacao/2023/02/27/lula-vacina-alckmin-covid.htm, skipping...
[ERROR - 2026-03-03 20:41:53,559 - Worker_1] Status code == 403 for https://noticias.uol.com.br/colunas/madeleine-lacsko/2023/02/27/bolsonaro-store-e-mais-uma-aposta-digital-na-arrogancia-progressista.htm, skipping...
[ERROR - 2026-03-03 20:41:53,561 - Worker_2] Status code == 403 for https://noticias.uol.com.br/cotidiano/ultimas-noticias/2023/02/27/brasileira-candidata-a-recorde-de-mais-velha-do-mundo-morre-em-al.htm, skipping...
[ERROR - 2026-03-03 20:41:58,140 - Worker_0] Status code == 403 for https://noticias.uol.com.br/cotidiano/ultimas-noticias/2023/02/27/mae-de-menino-que-caiu-de-predio-deixou-filho-em-casa-para-passear-de-barco.htm, skipping...
[ERROR - 2026-03-03 20:42:07,921 - Worker_1] Status code == 403 for https://noticias.uol.com.br/colunas/reinaldo-azevedo/2023/02/27/falso-stf-nao-impos-retroatividade-em-csll-imprensa-veiculou-fake-news.htm, skipping...
[ERROR - 2026-03-03 20:42:11,965 - Worker_2] Status code == 403 for https://noticias.uol.com.br/colunas/thais-oyama/2023/02/13/perfil-do-vice-presidente-geraldo-alckmin.htm, skipping...
[ERROR - 2026-03-03 20:42:16,151 - Worker_0] Status code == 403 for https://noticias.uol.com.br/cotidiano/ultimas-noticias/2023/02/27/homem-fogo-familiares-goias.htm, skipping...
[ERROR - 2026-03-03 20:42:20,519 - Worker_0] Status code == 403 for https://noticias.uol.com.br/colunas/balaio-do-kotscho/2023/02/27/o-irmao-de-jose-alencar-e-o-ministro-de-lula-modos-de-reagir-as-denuncias.htm, skipping...
[ERROR - 2026-03-03 20:42:23,109 - Worker_1] Status code == 403 for https://noticias.uol.com.br/ultimas-noticias/deutschewelle/2023/02/27/coreia-do-norte-aparicao-de-filha-de-kim-jong-un-instiga-especulacoes.htm, skipping...
[ERROR - 2026-03-03 20:42:34,277 - Worker_0] Status code == 403 for https://noticias.uol.com.br/politica/ultimas-noticias/2023/02/27/moraes-prorroga-inquerito-contra-o-ibaneis-e-torres-no-stf-por-mais-60-dias.htm, skipping...
[ERROR - 2026-03-03 20:42:37,186 - Worker_2] Status code == 403 for https://noticias.uol.com.br/ultimas-noticias/agencia-estado/2023/02/27/governo-lanca-programa-para-setor-de-turismo-em-municipios-atingidos-por-chuvas.htm, skipping...
[ERROR - 2026-03-03 20:42:38,410 - Worker_0] Status code == 403 for https://noticias.uol.com.br/colunas/leonardo-sakamoto/2023/02/27/em-sao-sebastiao-nao-foram-apenas-casas-que-vieram-abaixo-fossas-tambem.htm, skipping...
[ERROR - 2026-03-03 20:42:44,085 - Worker_4] Status code == 403 for https://noticias.uol.com.br/politica/ultimas-noticias/2023/02/27/dirceu-alta-medica.htm, skipping...
[ERROR - 2026-03-03 20:43:03,090 - Worker_1] Status code == 403 for https://noticias.uol.com.br/cotidiano/ultimas-noticias/2023/02/27/passageira-grava-motorista-de-aplicativo-cheirando-droga-em-corrida-no-rj.htm, skipping...
[ERROR - 2026-03-03 20:43:08,702 - Worker_2] Status code == 403 for https://tab.uol.com.br/noticias/redacao/2023/02/26/com-lama-pelos-joelhos-grupo-resgata-animais-euma-porca-na-barra-do-sahy.htm, skipping...
[ERROR - 2026-03-03 20:43:08,725 - Worker_0] Status code == 403 for https://tab.uol.com.br/noticias/redacao/2023/02/27/deu-bode-a-rotina-de-familias-que-adotaram-cabras-e-cabritos-de-estimacao.htm, skipping...
[ERROR - 2026-03-03 20:43:13,747 - Worker_3] Status code == 403 for https://noticias.uol.com.br/politica/ultimas-noticias/2023/02/27/moraes-militares-stf-atos-golpistas-8-de-janeiro.htm, skipping...
[ERROR - 2026-03-03 20:43:32,350 - Worker_2] Status code == 403 for https://noticias.uol.com.br/politica/ultimas-noticias/2023/02/27/mpf-diz-que-torres-poderia-ter-destruido-minuta-e-pede-para-mante-lo-preso.htm, skipping...
[ERROR - 2026-03-03 20:43:36,454 - Worker_2] Status code == 403 for https://noticias.uol.com.br/cotidiano/ultimas-noticias/2023/02/27/video-gato-e-salvo-com-respiracao-boca-a-boca-apos-resgate-no-df.htm, skipping...
[ERROR - 2026-03-03 20:43:40,559 - Worker_2] Status code == 403 for https://noticias.uol.com.br/politica/ultimas-noticias/2023/02/27/aumento-desmatamento-especie-de-revanche-diz-marina-silva.htm, skipping...
[ERROR - 2026-03-03 20:43:44,657 - Worker_2] Status code == 403 for https://noticias.uol.com.br/colunas/carla-araujo/2023/02/27/exercito-concorda-com-decisao-de-moraes-sobre-julgamento-de-militares.htm, skipping...
[ERROR - 2026-03-03 20:43:46,311 - Worker_3] Status code == 403 for https://noticias.uol.com.br/internacional/ultimas-noticias/2023/02/27/chile-militariza-fronteira-com-bolivia-e-peru-para-conter-imigracao-ilegal.htm, skipping...
[ERROR - 2026-03-03 20:43:51,380 - Worker_4] Status code == 403 for https://noticias.uol.com.br/cotidiano/ultimas-noticias/2023/02/27/aviao-taubate-sp-piloto-ferimentos-leves.htm, skipping...
[ERROR - 2026-03-03 20:44:00,616 - Worker_4] Status code == 403 for https://noticias.uol.com.br/politica/ultimas-noticias/2023/02/27/pf-analisa-digitais-encontradas-na-minuta-do-golpe-apreendida-com-torres.htm, skipping...
[ERROR - 2026-03-03 20:44:07,486 - Worker_2] Status code == 404 for https://www.uol.com.br/universa/horoscopo/noticias/redacao/2023/02/24/sera-que-vai-terminar-como-signos-agem-quando-querem-o-fim-da-relacao.htm, skipping...
[ERROR - 2026-03-03 20:44:43,359 - Worker_1] Status code == 403 for https://noticias.uol.com.br/politica/ultimas-noticias/2023/02/28/chefe-da-lava-jato-ve-lula-juridicamente-inocente-e-prisao-sem-sustentacao.htm, skipping...
[ERROR - 2026-03-03 20:44:45,356 - Worker_0] Status code == 403 for https://tab.uol.com.br/noticias/redacao/2023/02/28/minha-casa-minha-espera-por-que-ha-540-casas-abandonadas-em-uberaba-mg.htm, skipping...
[ERROR - 2026-03-03 20:44:49,466 - Worker_0] Status code == 403 for https://noticias.uol.com.br/politica/ultimas-noticias/2023/02/28/maierovitch-ministro-das-comunicacoes-comete-crime-lula-deveriaafasta-lo.htm, skipping...
[ERROR - 2026-03-03 20:44:51,868 - Worker_1] Status code == 403 for https://noticias.uol.com.br/colunas/chico-alves/2023/02/28/vereador-gaucho-ofende-baianos-que-foram-vitimas-de-trabalho-escravo.htm, skipping...
[ERROR - 2026-03-03 20:45:02,926 - Worker_1] Status code == 403 for https://noticias.uol.com.br/politica/ultimas-noticias/2023/02/28/governadora-do-df-assina-proposta-de-reajuste-de-18-para-forcas-policiais.htm, skipping...
[ERROR - 2026-03-03 20:45:07,296 - Worker_1] Status code == 403 for https://tab.uol.com.br/colunas/matheus-pichonelli/2023/02/28/coach-do-campari-replica-vitimismo-que-so-enxerga-nas-inimigas.htm, skipping...
[ERROR - 2026-03-03 20:45:16,047 - Worker_1] Status code == 403 for https://noticias.uol.com.br/ultimas-noticias/agencia-estado/2023/02/28/comandante-diz-que-frase-sobre-lula-foi-tirada-do-contexto.htm, skipping...
[ERROR - 2026-03-03 20:45:20,059 - Worker_0] Status code == 403 for https://noticias.uol.com.br/ultimas-noticias/redacao/2023/02/28/simbolo-de-forca-historias-de-quem-descobriu-o-valor-do-cabelo-crespo.htm, skipping...
[ERROR - 2026-03-03 20:45:24,909 - Worker_1] Status code == 403 for https://noticias.uol.com.br/politica/ultimas-noticias/2023/02/28/lula-reinstala-conselho-combate-a-fome-consea.htm, skipping...
[ERROR - 2026-03-03 20:45:26,752 - Worker_0] Status code == 403 for https://noticias.uol.com.br/colunas/carolina-brigido/2023/02/28/qual-o-futuro-dos-inqueritos-abertos-contra-bolsonaro-no-stf.htm, skipping...
[ERROR - 2026-03-03 20:45:31,039 - Worker_4] Status code == 403 for https://tab.uol.com.br/noticias/redacao/2023/02/27/deu-bode-a-rotina-de-familias-que-adotaram-cabras-e-cabritos-de-estimacao.htm, skipping...
[ERROR - 2026-03-03 20:45:32,324 - Worker_3] Status code == 403 for https://noticias.uol.com.br/cotidiano/ultimas-noticias/2023/02/28/vai-ser-uma-noite-em-claro-diz-morador-de-sao-sebastiao.htm, skipping...
[ERROR - 2026-03-03 20:45:48,520 - Worker_1] Status code == 403 for https://noticias.uol.com.br/cotidiano/ultimas-noticias/2023/02/28/homem-mulher-caso-anapolis-go.htm, skipping...
[ERROR - 2026-03-03 20:45:52,628 - Worker_1] Status code == 403 for https://noticias.uol.com.br/politica/ultimas-noticias/2023/02/28/juscelino-filho-dia-do-cavalo.htm, skipping...
[ERROR - 2026-03-03 20:46:00,340 - Worker_2] Status code == 403 for https://noticias.uol.com.br/politica/ultimas-noticias/2023/02/28/oposicao-pressiona-pacheco-sobre-cpi-com-cartazes-pro-golpistas.htm, skipping...
[ERROR - 2026-03-03 20:46:03,170 - Worker_3] Status code == 403 for https://noticias.uol.com.br/cotidiano/ultimas-noticias/2023/02/28/eu-vi-ele-ser-morto-diz-mae-de-menino-autista-cujo-marido-morreu-baleado.htm, skipping...
[ERROR - 2026-03-03 20:46:04,440 - Worker_0] Status code == 403 for https://noticias.uol.com.br/colunas/madeleine-lacsko/2023/02/28/depois-de-rachadinha-milicia-e-orcamento-secreto-vem-os-cavalos-de-raca.htm, skipping...
[ERROR - 2026-03-03 20:46:10,810 - Worker_1] Status code == 403 for https://noticias.uol.com.br/colunas/jose-roberto-de-toledo/2023/02/28/proxima-demanda-de-empresarios-de-bento-goncalves-sera-volta-da-escravidao.htm, skipping...
[ERROR - 2026-03-03 20:46:13,240 - Worker_0] Status code == 403 for https://noticias.uol.com.br/cotidiano/ultimas-noticias/2023/02/28/chuvas-sao-sebastiao-28-de-fevereiro.htm, skipping...
[ERROR - 2026-03-03 20:46:17,935 - Worker_4] Status code == 403 for https://noticias.uol.com.br/cotidiano/ultimas-noticias/2023/02/27/video-briga-cliente-entregador-rio-sorvete.htm, skipping...
[ERROR - 2026-03-03 20:46:22,022 - Worker_4] Status code == 403 for https://noticias.uol.com.br/internacional/ultimas-noticias/2023/02/28/brasileiro-suspeito-homicidio-preso-portugal-carnes-em-mala.htm, skipping...
[ERROR - 2026-03-03 20:46:23,729 - Worker_1] Status code == 403 for https://noticias.uol.com.br/internacional/ultimas-noticias/2023/02/28/kerry-amazonia-e-teste-para-humanidade-e-brasil-esta-na-linha-de-frente.htm, skipping...
[ERROR - 2026-03-03 20:46:26,132 - Worker_4] Status code == 403 for https://noticias.uol.com.br/colunas/josias-de-souza/2023/02/28/moraes-descobre-que-golpistas-civis-e-militares-tem-as-mesmas-flatulencias.htm, skipping...
[ERROR - 2026-03-03 20:46:27,850 - Worker_1] Status code == 403 for https://noticias.uol.com.br/colunas/carolina-brigido/2023/02/28/cnj-acaba-de-sepultar-lava-jato-ao-afastar-juiz-marcelo-bretas-do-rio.htm, skipping...
[ERROR - 2026-03-03 20:46:30,244 - Worker_4] Status code == 403 for https://noticias.uol.com.br/politica/ultimas-noticias/2023/02/28/sakamoto-cupula-do-exercito-nao-precisa-nem-gostar-de-lulamasobedece-lo.htm, skipping...
[ERROR - 2026-03-03 20:46:35,486 - Worker_0] Status code == 403 for https://noticias.uol.com.br/internacional/ultimas-noticias/2023/02/28/grupo-wagner-mercenarios-russia-ameaca-putin.htm, skipping...
[ERROR - 2026-03-03 20:46:41,997 - Worker_4] Status code == 403 for https://noticias.uol.com.br/colunas/reinaldo-azevedo/2023/02/28/cpi-vira-tramoia-golpista-investigado-quer-investigar-tem-gato-na-tuba.htm, skipping...
[ERROR - 2026-03-03 20:46:42,814 - Worker_3] Status code == 403 for https://noticias.uol.com.br/internacional/ultimas-noticias/2023/02/28/tiktoker-cobre-cozinha-dos-pais-com-pasta-de-amendoim-e-viraliza.htm, skipping...
[ERROR - 2026-03-03 20:46:46,230 - Worker_2] Status code == 403 for https://noticias.uol.com.br/internacional/ultimas-noticias/2023/02/28/chefe-da-mafia-italiana-foge-de-prisao-de-alta-seguranca-utilizando-lencois.htm, skipping...
[ERROR - 2026-03-03 20:46:48,963 - Worker_0] Status code == 403 for https://noticias.uol.com.br/cotidiano/ultimas-noticias/2023/02/27/sp-prefeitura-sugere-mudar-lei-para-frear-construcao-de-microapartamentos.htm, skipping...
[ERROR - 2026-03-03 20:47:05,728 - Worker_3] Status code == 404 for https://www.uol.com.br/universa/horoscopo/noticias/redacao/2023/03/01/sonhar-com-cabelo-pode-indicar-necessidade-de-mudanca-veja-significados.htm, skipping...
[ERROR - 2026-03-03 20:47:27,029 - Worker_0] Status code == 403 for https://tab.uol.com.br/noticias/redacao/2023/02/28/minha-casa-minha-espera-por-que-ha-540-casas-abandonadas-em-uberaba-mg.htm, skipping...
[ERROR - 2026-03-03 20:47:44,674 - Worker_0] Status code == 403 for https://economia.uol.com.br/noticias/redacao/2023/02/27/entrevista-pepsico.htm, skipping...
[ERROR - 2026-03-03 20:48:00,908 - Worker_1] Status code == 403 for https://tab.uol.com.br/noticias/redacao/2023/02/27/deu-bode-a-rotina-de-familias-que-adotaram-cabras-e-cabritos-de-estimacao.htm, skipping...
[ERROR - 2026-03-03 20:48:09,685 - Worker_0] Status code == 403 for https://economia.uol.com.br/noticias/redacao/2023/03/01/diarista-e-proibida-de-esquentar-marmita-no-rj-so-pra-moradores.htm, skipping...
[ERROR - 2026-03-03 20:48:14,133 - Worker_0] Status code == 403 for https://economia.uol.com.br/colunas/pagbank-investimentos/2023/03/01/petrobras-reducao-de-juros-e-otimismo-nos-eua-sao-os-destaques-da-manha.htm, skipping...
[ERROR - 2026-03-03 20:48:15,259 - Worker_3] Status code == 403 for https://noticias.uol.com.br/politica/ultimas-noticias/2023/03/01/toffoli-atende-pgr-e-arquiva-investigacoes-da-cpi-da-covid-contra-bolsonaro.htm, skipping...
[ERROR - 2026-03-03 20:48:18,247 - Worker_0] Status code == 403 for https://tab.uol.com.br/noticias/redacao/2023/03/01/tragedia-no-litoral-cabras-que-viram-pets-a-vila-fantasma-em-minas-e-mais.htm, skipping...
[ERROR - 2026-03-03 20:48:43,476 - Worker_3] Status code == 403 for https://noticias.uol.com.br/colunas/leonardo-sakamoto/2023/03/01/o-que-aurora-e-salton-agora-tem-em-comum-com-empresas-como-zara-e-odebrecht.htm, skipping...
[ERROR - 2026-03-03 20:49:09,876 - Worker_3] Status code == 403 for https://tab.uol.com.br/noticias/redacao/2023/03/02/emergencia-climatica-fecha-maior-pista-de-patinacao-no-gelo-do-canada.htm, skipping...
[ERROR - 2026-03-03 20:49:25,664 - Worker_2] Status code == 403 for https://noticias.uol.com.br/colunas/thais-oyama/2023/03/02/caso-silveira-e-ponta-do-iceberg-do-grande-embate-que-lula-tera-de-arbitrar.htm, skipping...
[ERROR - 2026-03-03 20:49:49,948 - Worker_4] Status code == 403 for https://noticias.uol.com.br/politica/ultimas-noticias/2023/03/02/anielle-franco-ministra-de-lula-entra-na-lista-de-mulheres-do-ano-da-time.htm, skipping...
[ERROR - 2026-03-03 20:49:50,422 - Worker_3] Status code == 403 for https://noticias.uol.com.br/colunas/jamil-chade/2023/03/02/russia-lamenta-voto-do-brasil-na-onu-e-diz-que-mediacao-nao-e-necessaria.htm, skipping...
[ERROR - 2026-03-03 20:49:54,318 - Worker_4] Status code == 403 for https://noticias.uol.com.br/politica/ultimas-noticias/2023/03/02/sandro-fantinel-dino-aciona-pf-contra-vereador-por-difamar-ministro-do-stf.htm, skipping...
[ERROR - 2026-03-03 20:49:58,918 - Worker_1] Status code == 403 for https://noticias.uol.com.br/internacional/ultimas-noticias/2023/03/02/gemeas-engravidar-juntas.htm, skipping...
[ERROR - 2026-03-03 20:50:13,791 - Worker_2] Status code == 403 for https://noticias.uol.com.br/politica/ultimas-noticias/2023/03/02/lula-falara-com-juscelino-na-2-se-nao-provar-inocencia-sai-do-governo.htm, skipping...
[ERROR - 2026-03-03 20:50:18,372 - Worker_1] Status code == 403 for https://tab.uol.com.br/colunas/matheus-pichonelli/2023/03/02/punido-vereador-gaucho-personaliza-onda-de-odio-ao-nordeste-apos-eleicao.htm, skipping...
[ERROR - 2026-03-03 20:50:21,145 - Worker_3] Status code == 403 for https://noticias.uol.com.br/colunas/jamil-chade/2023/03/02/zelensky-pede-apoio-de-lula-para-seu-plano-de-paz-brasil-mostra-cautela.htm, skipping...
[ERROR - 2026-03-03 20:50:25,582 - Worker_3] Status code == 403 for https://noticias.uol.com.br/internacional/ultimas-noticias/2023/03/01/begolea-fernandes-carne-humana.htm, skipping...
[ERROR - 2026-03-03 20:50:26,225 - Worker_2] Status code == 403 for https://noticias.uol.com.br/ultimas-noticias/rfi/2023/03/01/entra-em-vigor-lei-que-da-residencia-automatica-a-brasileiros-que-estao-em-portugal.htm, skipping...
[ERROR - 2026-03-03 20:50:29,959 - Worker_3] Status code == 403 for https://noticias.uol.com.br/cotidiano/ultimas-noticias/2023/03/02/5-pms-sao-presos-por-morte-de-adolescente-rendido-no-es-video-desmente-bo.htm, skipping...
[ERROR - 2026-03-03 20:50:30,429 - Worker_4] Status code == 403 for https://tab.uol.com.br/noticias/redacao/2023/03/01/tragedia-no-litoral-cabras-que-viram-pets-a-vila-fantasma-em-minas-e-mais.htm, skipping...
[ERROR - 2026-03-03 20:50:32,859 - Worker_2] Status code == 403 for https://tab.uol.com.br/noticias/redacao/2023/03/02/metroviario-caiu-no-trilho-perdeu-um-braco-e-continua-trabalhando-no-metro.htm, skipping...
[ERROR - 2026-03-03 20:50:37,222 - Worker_2] Status code == 403 for https://noticias.uol.com.br/politica/ultimas-noticias/2023/03/02/metade-presos-atos-antidemocraticos-8-janeiro-deixaram-prisao.htm, skipping...
[ERROR - 2026-03-03 20:50:39,786 - Worker_4] Status code == 403 for https://noticias.uol.com.br/ultimas-noticias/agencia-estado/2023/03/02/defesa-de-vereadora-que-repudiou-suposto-gesto-nazista-pede-anulacao-da-cassacao.htm, skipping...
[ERROR - 2026-03-03 20:50:43,665 - Worker_2] Status code == 403 for https://noticias.uol.com.br/cotidiano/ultimas-noticias/2023/03/02/justica-proibe-mulher-com-300-caes-e-gatos-de-receber-novos-animais-no-pr.htm, skipping...
[ERROR - 2026-03-03 20:50:53,187 - Worker_4] Status code == 403 for https://noticias.uol.com.br/internacional/ultimas-noticias/2023/03/02/o-que-disse-brasileiro-preso-em-aeroporto-portugal-carne-humana-em-mala.htm, skipping...
[ERROR - 2026-03-03 20:50:54,406 - Worker_3] Status code == 403 for https://tab.uol.com.br/noticias/redacao/2023/03/02/ouvi-barulho-de-choque-resgatado-diz-que-castigo-era-so-para-baianos.htm, skipping...
[ERROR - 2026-03-03 20:50:57,460 - Worker_2] Status code == 403 for https://noticias.uol.com.br/politica/ultimas-noticias/2023/03/03/fatima-de-tubarao-stf-doenca-grave.htm, skipping...
[ERROR - 2026-03-03 20:51:03,844 - Worker_2] Status code == 403 for https://tab.uol.com.br/noticias/redacao/2023/03/02/ouvi-barulho-de-choque-resgatado-diz-que-castigo-era-so-para-baianos.htm, skipping...
[ERROR - 2026-03-03 20:51:04,881 - Worker_1] Status code == 403 for https://tab.uol.com.br/colunas/matheus-pichonelli/2023/03/03/descricao-de-alojamento-na-serra-gaucha-parece-distopia-de-jose-saramago.htm, skipping...
[ERROR - 2026-03-03 20:51:12,386 - Worker_4] Status code == 403 for https://noticias.uol.com.br/ultimas-noticias/afp/2023/03/03/dezenas-de-pessoas-dormem-em-barracas-na-rua-a-espera-de-asilo-na-ue.htm, skipping...
[ERROR - 2026-03-03 20:51:21,888 - Worker_2] Status code == 403 for https://noticias.uol.com.br/internacional/ultimas-noticias/2023/03/03/homem-e-preso-apos-dna-liga-lo-a-morte-ocorrida-ha-mais-de-40-anos-nos-eua.htm, skipping...
[ERROR - 2026-03-03 20:51:26,001 - Worker_2] Status code == 403 for https://noticias.uol.com.br/cotidiano/ultimas-noticias/2023/03/03/homem-se-fantasia-de-pm-promove-falsa-blitz-em-rua-de-sp-e-acaba-detido.htm, skipping...
[ERROR - 2026-03-03 20:51:38,943 - Worker_4] Status code == 403 for https://noticias.uol.com.br/ultimas-noticias/reuters/2023/03/03/biopsia-de-biden-confirmou-carcinoma-basocelular-tecido-canceroso-foi-removido-diz-casa-branca.htm, skipping...
[ERROR - 2026-03-03 20:51:49,121 - Worker_1] Status code == 403 for https://noticias.uol.com.br/politica/ultimas-noticias/2023/03/03/jornal-bolsonaro-quis-trazer-ilegalmente-joias-de-r-165-mi-para-michelle.htm, skipping...
[ERROR - 2026-03-03 20:51:49,809 - Worker_2] Status code == 403 for https://noticias.uol.com.br/cotidiano/ultimas-noticias/2023/03/03/heloa-valentina-gemeas-siamesas-alta.htm, skipping...
[ERROR - 2026-03-03 20:51:59,878 - Worker_1] Status code == 403 for https://noticias.uol.com.br/politica/ultimas-noticias/2023/03/03/vereadora-cidade-ceara-namorado-encontrados.htm, skipping...
[ERROR - 2026-03-03 20:52:16,150 - Worker_2] Status code == 404 for https://www.uol.com.br/carros/noticias/redacao/2023/03/03/acessorios-proibidos-5-paixoes-nacionais-que-voce-deve-evitar-no-seu-carro.htm, skipping...
[ERROR - 2026-03-03 20:52:18,179 - Worker_0] Status code == 403 for https://noticias.uol.com.br/cotidiano/ultimas-noticias/2023/03/03/presos-audiencia-de-custodia-stf.htm, skipping...
[ERROR - 2026-03-03 20:52:20,782 - Worker_3] Status code == 403 for https://noticias.uol.com.br/colunas/balaio-do-kotscho/2023/03/03/parece-ate-que-michelle-e-candidata-a-presidente-em-nome-de-que-e-de-quem.htm, skipping...
[ERROR - 2026-03-03 20:52:24,795 - Worker_2] Status code == 403 for https://noticias.uol.com.br/colunas/carolina-brigido/2023/03/03/cade-vai-analisar-se-petrobras-vai-praticar-precos-abusivos-com-reoneracao.htm, skipping...
[ERROR - 2026-03-03 20:52:24,878 - Worker_3] Status code == 403 for https://noticias.uol.com.br/internacional/ultimas-noticias/2023/03/03/mae-begolea-brasileiro-preso-lisboa-morte-alan.htm, skipping...
[ERROR - 2026-03-03 20:52:37,426 - Worker_1] Status code == 403 for https://noticias.uol.com.br/colunas/leonardo-sakamoto/2023/03/03/prisao-confisco-perda-de-credito-veja-punicao-prevista-a-quem-escraviza.htm, skipping...
[ERROR - 2026-03-03 20:52:38,647 - Worker_2] Status code == 403 for https://noticias.uol.com.br/cotidiano/ultimas-noticias/2023/03/03/rj-desobedece-stf-sobre-cameras-em-policiais-e-pgr-ameaca-com-intervencao.htm, skipping...
[ERROR - 2026-03-03 20:52:40,350 - Worker_4] Status code == 403 for https://noticias.uol.com.br/internacional/ultimas-noticias/2023/03/03/homem-que-gastou-r62-mil-em-modificacoes-faz-novas-tatuagens-toda-semana.htm, skipping...
[ERROR - 2026-03-03 20:52:42,568 - Worker_3] Status code == 403 for https://noticias.uol.com.br/colunas/presenca-historica/2023/03/03/pedido-de-desculpa-impede-que-escravidao-se-torne-crime-hediondo-no-brasil.htm, skipping...
[ERROR - 2026-03-03 20:52:45,511 - Worker_2] Status code == 403 for https://noticias.uol.com.br/ultimas-noticias/reuters/2023/03/03/mst-decidiu-nao-sair-de-fazendas-da-suzano-na-bahia-e-vai-aguardar-reintegracao-diz-dirigente.htm, skipping...
[ERROR - 2026-03-03 20:52:46,942 - Worker_3] Status code == 403 for https://noticias.uol.com.br/politica/ultimas-noticias/2023/03/03/mpf-pede-que-juiz-que-apoiou-lula-desista-de-julgar-processos-da-lava-jato.htm, skipping...
[ERROR - 2026-03-03 20:52:49,914 - Worker_4] Status code == 403 for https://noticias.uol.com.br/ultimas-noticias/deutschewelle/2023/03/03/quem-esta-por-tras-dos-casos-de-meninas-envenenadas-no-ira.htm, skipping...
[ERROR - 2026-03-03 20:52:51,365 - Worker_3] Status code == 403 for https://noticias.uol.com.br/colunas/leonardo-sakamoto/2023/03/03/ministro-dos-cavalos-testa-rapidez-de-lula-em-se-livrar-de-seus-pangares.htm, skipping...
[ERROR - 2026-03-03 20:52:54,213 - Worker_4] Status code == 403 for https://tab.uol.com.br/noticias/redacao/2023/03/01/tragedia-no-litoral-cabras-que-viram-pets-a-vila-fantasma-em-minas-e-mais.htm, skipping...
[ERROR - 2026-03-03 20:52:57,379 - Worker_0] Status code == 403 for https://tab.uol.com.br/noticias/redacao/2023/03/02/metroviario-caiu-no-trilho-perdeu-um-braco-e-continua-trabalhando-no-metro.htm, skipping...
[ERROR - 2026-03-03 20:52:58,246 - Worker_3] Status code == 403 for https://noticias.uol.com.br/colunas/tales-faria/2023/03/03/lula-demitiu-o-ministro-na-pratica-e-isso-trara-problemas-com-o-centrao.htm, skipping...
[ERROR - 2026-03-03 20:53:00,354 - Worker_1] Status code == 403 for https://noticias.uol.com.br/confere/ultimas-noticias/2023/03/03/nao-existe-resolucao-que-isenta-polticos-e-ministros-do-stf-de-se-vacinarem.htm, skipping...
[ERROR - 2026-03-03 20:53:02,991 - Worker_4] Status code == 403 for https://noticias.uol.com.br/cotidiano/ultimas-noticias/2023/03/03/stalker-preso-por-ameacar-mulher-ja-deu-prejuizo-de-r18-mil-em-dj-no-rio.htm, skipping...
[ERROR - 2026-03-03 20:53:06,670 - Worker_0] Status code == 403 for https://noticias.uol.com.br/cotidiano/ultimas-noticias/2023/03/03/anpr-diz-que-intervir-no-rj-e-natural-apos-descumprimento-de-ordem-do-stf.htm, skipping...
[ERROR - 2026-03-03 20:53:06,782 - Worker_3] Status code == 403 for https://noticias.uol.com.br/politica/ultimas-noticias/2023/03/03/yanny-brena-vereadora.htm, skipping...
[ERROR - 2026-03-03 20:53:12,091 - Worker_2] Status code == 403 for https://noticias.uol.com.br/confere/ultimas-noticias/2023/03/03/e-falso-que-rj-baixou-idade-do-idoso-para-52-anos.htm, skipping...
[ERROR - 2026-03-03 20:53:16,199 - Worker_2] Status code == 403 for https://noticias.uol.com.br/cotidiano/ultimas-noticias/2023/03/04/tutora-leva-caozinho-para-tosa-no-ms-e-recebe-as-cinzas-em-uma-caixa.htm, skipping...
[ERROR - 2026-03-03 20:53:18,735 - Worker_4] Status code == 403 for https://noticias.uol.com.br/ultimas-noticias/deutschewelle/2023/03/04/do-nao-de-lula-a-guerra-por-que-paises-ricos-ja-temem-uma-nova-ordem-mundial.htm, skipping...
[ERROR - 2026-03-03 20:53:22,877 - Worker_4] Status code == 403 for https://noticias.uol.com.br/politica/ultimas-noticias/2023/03/04/joiais-michelle-bolsonaro-arabia-saudita-bento-albuquerque.htm, skipping...
[ERROR - 2026-03-03 20:53:29,410 - Worker_4] Status code == 403 for https://noticias.uol.com.br/internacional/ultimas-noticias/2023/03/04/madeleine-mccann-christian-brueckner-processo.htm, skipping...
[ERROR - 2026-03-03 20:53:55,150 - Worker_0] Status code == 403 for https://noticias.uol.com.br/politica/ultimas-noticias/2023/03/03/jornal-bolsonaro-quis-trazer-ilegalmente-joias-de-r-165-mi-para-michelle.htm, skipping...
[ERROR - 2026-03-03 20:53:57,455 - Worker_4] Status code == 403 for https://tab.uol.com.br/noticias/redacao/2023/03/04/trauma-paratleta-e-preso-mesmo-com-autorizacao-para-cultivo-de-cannabis.htm, skipping...
[ERROR - 2026-03-03 20:53:58,392 - Worker_1] Status code == 403 for https://tab.uol.com.br/noticias/redacao/2023/03/04/de-uva-a-navio-negreiro-ma-sorte-do-capitalismo-sao-os-empresarios-burros.htm, skipping...
[ERROR - 2026-03-03 20:53:59,264 - Worker_0] Status code == 403 for https://noticias.uol.com.br/colunas/jamil-chade/2023/03/04/governo-bolsonaro-boicotou-tentativa-da-onu-de-examinar-genocidio-no-brasil.htm, skipping...
[ERROR - 2026-03-03 20:54:03,367 - Worker_0] Status code == 403 for https://noticias.uol.com.br/politica/ultimas-noticias/2023/03/04/tcu-2016-presentes-presidenciais.htm, skipping...
[ERROR - 2026-03-03 20:54:07,213 - Worker_3] Status code == 403 for https://economia.uol.com.br/noticias/redacao/2023/02/27/entrevista-pepsico.htm, skipping...
[ERROR - 2026-03-03 20:54:07,480 - Worker_1] Status code == 403 for https://noticias.uol.com.br/ultimas-noticias/2023/03/04/mega-sena-2570-concurso-numeros-sorteio-premio.htm, skipping...
[ERROR - 2026-03-03 20:54:12,113 - Worker_2] Status code == 403 for https://noticias.uol.com.br/colunas/josmar-jozino/2023/03/04/elektra-a-mulher-mais-perigosa-do-pcc-e-presa-pela-policia-militar-em-sp.htm, skipping...
[ERROR - 2026-03-03 20:54:12,666 - Worker_0] Status code == 403 for https://noticias.uol.com.br/politica/ultimas-noticias/2023/03/04/apos-ironizar-joias-michelle-provoca-saudade-do-que-nao-vivemos.htm, skipping...
[ERROR - 2026-03-03 20:54:13,861 - Worker_1] Status code == 403 for https://noticias.uol.com.br/colunas/aguirre-talento/2023/03/04/empresarios-bancaram-gastos-do-qg-golpista-em-brasilia-diz-pf.htm, skipping...
[ERROR - 2026-03-03 20:54:17,992 - Worker_1] Status code == 403 for https://noticias.uol.com.br/politica/ultimas-noticias/2023/03/04/receita-mpf-guarulhos-joia-bolsonaro.htm, skipping...
[ERROR - 2026-03-03 20:54:26,278 - Worker_2] Status code == 403 for https://noticias.uol.com.br/colunas/josias-de-souza/2023/03/04/michelle-se-enrosca-no-pior-pecado-capital-o-do-capital-propriamente-dito.htm, skipping...
[ERROR - 2026-03-03 20:54:35,283 - Worker_4] Status code == 403 for https://economia.uol.com.br/colunas/pagbank-investimentos/2023/03/01/petrobras-reducao-de-juros-e-otimismo-nos-eua-sao-os-destaques-da-manha.htm, skipping...
[ERROR - 2026-03-03 20:54:39,482 - Worker_4] Status code == 403 for https://tab.uol.com.br/noticias/redacao/2023/03/01/tragedia-no-litoral-cabras-que-viram-pets-a-vila-fantasma-em-minas-e-mais.htm, skipping...
[ERROR - 2026-03-03 20:54:40,800 - Worker_1] Status code == 403 for https://noticias.uol.com.br/colunas/balaio-do-kotscho/2023/03/04/pegaram-jair-com-a-mao-na-botija-e-michelle-debocha-eu-tenho-tudo-isso.htm, skipping...
[ERROR - 2026-03-03 20:54:42,331 - Worker_0] Status code == 403 for https://tab.uol.com.br/noticias/redacao/2023/03/02/metroviario-caiu-no-trilho-perdeu-um-braco-e-continua-trabalhando-no-metro.htm, skipping...
[ERROR - 2026-03-03 20:54:48,033 - Worker_4] Status code == 403 for https://noticias.uol.com.br/internacional/ultimas-noticias/2023/03/04/australia-recolhe-24-toneladas-de-cocaina-maior-apreensao-do-pais.htm, skipping...
[ERROR - 2026-03-03 20:54:51,321 - Worker_0] Status code == 403 for https://noticias.uol.com.br/politica/ultimas-noticias/2023/03/04/cupula-da-receita-pressionou-por-devolucao-das-joias-a-arabia-saudita.htm, skipping...
[ERROR - 2026-03-03 20:54:54,265 - Worker_1] Status code == 403 for https://noticias.uol.com.br/politica/ultimas-noticias/2023/03/04/nos-eua-bolsonaro-acena-com-candidatura-em-2026-missao-nao-acabou.htm, skipping...
[ERROR - 2026-03-03 20:54:55,443 - Worker_0] Status code == 403 for https://noticias.uol.com.br/colunas/leonardo-sakamoto/2023/03/04/do-cheque-de-queiroz-a-joia-da-arabia-mutretas-com-michelle-sobem-patamar.htm, skipping...
[ERROR - 2026-03-03 20:55:08,784 - Worker_0] Status code == 403 for https://tab.uol.com.br/noticias/redacao/2023/03/02/ouvi-barulho-de-choque-resgatado-diz-que-castigo-era-so-para-baianos.htm, skipping...
[ERROR - 2026-03-03 20:55:18,318 - Worker_1] Status code == 403 for https://tab.uol.com.br/noticias/redacao/2023/03/05/primeiros-fugitivos-da-serra-gaucha-podem-ficar-de-fora-das-indenizacoes.htm, skipping...
[ERROR - 2026-03-03 20:55:32,051 - Worker_4] Status code == 403 for https://noticias.uol.com.br/colunas/chico-alves/2023/03/05/grupo-espirita-lanca-versao-antirracista-das-obras-de-allan-kardec.htm, skipping...
[ERROR - 2026-03-03 20:55:38,726 - Worker_4] Status code == 403 for https://noticias.uol.com.br/colunas/fernanda-magnotta/2023/03/05/criticas-dos-eua-sobre-navios-iranianos-no-brasil-remete-a-crise-antiga.htm, skipping...
[ERROR - 2026-03-03 20:55:40,457 - Worker_3] Status code == 403 for https://tab.uol.com.br/noticias/redacao/2023/03/05/gateira-paixao-de-lina-bo-bardi-por-animais-incluia-formigas-e-baratas.htm, skipping...
[ERROR - 2026-03-03 20:55:53,373 - Worker_3] Status code == 403 for https://noticias.uol.com.br/politica/ultimas-noticias/2023/03/05/mamae-falei-condenado-servidores.htm, skipping...
[ERROR - 2026-03-03 20:55:57,437 - Worker_1] Status code == 403 for https://economia.uol.com.br/noticias/redacao/2023/03/05/por-que-preco-ovo-alto-2023.htm, skipping...
[ERROR - 2026-03-03 20:56:04,560 - Worker_3] Status code == 403 for https://noticias.uol.com.br/cotidiano/ultimas-noticias/2023/03/05/tiroteio-shopping-rio-de-janeiro.htm, skipping...
[ERROR - 2026-03-03 20:56:04,916 - Worker_2] Status code == 403 for https://economia.uol.com.br/noticias/redacao/2023/02/27/entrevista-pepsico.htm, skipping...
[ERROR - 2026-03-03 20:56:06,003 - Worker_1] Status code == 403 for https://noticias.uol.com.br/colunas/walter-maierovitch/2023/03/04/lula-erra-ao-invocar-presuncao-de-inocencia-para-adiar-demissao-de-ministro.htm, skipping...
[ERROR - 2026-03-03 20:56:17,080 - Worker_4] Status code == 403 for https://noticias.uol.com.br/cotidiano/ultimas-noticias/2023/03/05/psicopata-do-tinder-e-preso-no-interior-de-sp-por-estelionato-e-ameaca.htm, skipping...
[ERROR - 2026-03-03 20:56:17,953 - Worker_2] Status code == 403 for https://noticias.uol.com.br/colunas/josias-de-souza/2023/03/05/uniao-brasil-defende-seu-ministro-do-cavalo-cavalgando-antigas-culpas-do-pt.htm, skipping...
[ERROR - 2026-03-03 20:56:25,993 - Worker_4] Status code == 403 for https://noticias.uol.com.br/colunas/carlos-madeiro/2023/03/05/peixe-devorador-vindo-do-caribe-se-espalha-pelo-ne-e-ameaca-litoral-do-pais.htm, skipping...
[ERROR - 2026-03-03 20:56:26,975 - Worker_3] Status code == 403 for https://tab.uol.com.br/noticias/redacao/2023/03/05/olimpo-reinauguracao-da-famosa-casa-de-shows-carioca-tem-nostalgia-e-caos.htm, skipping...
[ERROR - 2026-03-03 20:56:29,961 - Worker_0] Status code == 403 for https://economia.uol.com.br/colunas/pagbank-investimentos/2023/03/01/petrobras-reducao-de-juros-e-otimismo-nos-eua-sao-os-destaques-da-manha.htm, skipping...
[ERROR - 2026-03-03 20:56:31,100 - Worker_1] Status code == 403 for https://noticias.uol.com.br/colunas/pra-comecar-a-semana/2023/03/05/e-hora-de-pedir-de-volta-o-dinheiro-esquecido-em-bancos.htm, skipping...
[ERROR - 2026-03-03 20:56:33,703 - Worker_3] Status code == 403 for https://tab.uol.com.br/noticias/redacao/2023/03/01/tragedia-no-litoral-cabras-que-viram-pets-a-vila-fantasma-em-minas-e-mais.htm, skipping...
[ERROR - 2026-03-03 20:56:41,675 - Worker_2] Status code == 403 for https://noticias.uol.com.br/politica/ultimas-noticias/2023/03/05/entrevista-sergio-cabral-lula-bolsonaro.htm, skipping...
[ERROR - 2026-03-03 20:56:43,517 - Worker_3] Status code == 403 for https://noticias.uol.com.br/confere/ultimas-noticias/2023/03/05/covid-com-bivalente-mentiras-sobre-vacinas-voltam-a-circular.htm, skipping...
[ERROR - 2026-03-03 20:56:48,357 - Worker_0] Status code == 403 for https://noticias.uol.com.br/cotidiano/ultimas-noticias/2023/03/05/jose-rainha-preso-fnl.htm, skipping...
[ERROR - 2026-03-03 20:56:51,336 - Worker_1] Status code == 403 for https://noticias.uol.com.br/colunas/reinaldo-azevedo/2023/03/05/entrega-de-joias-masculinas-13-meses-depois-mais-dana-do-que-ajuda-o-mito.htm, skipping...
[ERROR - 2026-03-03 20:56:53,179 - Worker_4] Status code == 403 for https://noticias.uol.com.br/cotidiano/ultimas-noticias/2023/03/05/morre-pedrinho-matador.htm, skipping...
[ERROR - 2026-03-03 20:57:00,807 - Worker_1] Status code == 403 for https://noticias.uol.com.br/colunas/josias-de-souza/2023/03/05/gestao-bolsonaro-conseguiu-dar-ao-presente-saudita-uma-aparencia-de-suborno.htm, skipping...
[ERROR - 2026-03-03 20:57:04,911 - Worker_4] Status code == 403 for https://noticias.uol.com.br/colunas/josias-de-souza/2023/03/06/casal-bolsonaro-brilha-no-escandalo-das-joias.htm, skipping...
[ERROR - 2026-03-03 20:57:06,305 - Worker_2] Status code == 403 for https://noticias.uol.com.br/internacional/ultimas-noticias/2023/03/06/homem-tem-avc-e-morre-depois-de-misturar-duas-pilulas-de-viagra-com-bebida.htm, skipping...
[ERROR - 2026-03-03 20:57:12,820 - Worker_0] Status code == 403 for https://noticias.uol.com.br/colunas/madeleine-lacsko/2023/03/06/lula-prefere-o-vinculo-com-ortega-a-lideranca-democratica-latino-americana.htm, skipping...
[ERROR - 2026-03-03 20:57:14,492 - Worker_4] Status code == 403 for https://noticias.uol.com.br/colunas/alberto-bombig/2023/03/06/em-sp-valdemar-ja-se-distancia-do-cla-bolsonaro-e-ruma-para-o-centro.htm, skipping...
[ERROR - 2026-03-03 20:57:15,190 - Worker_3] Status code == 403 for https://noticias.uol.com.br/politica/ultimas-noticias/2023/03/06/o-que-se-sabe-joias-michelle-arabia-saudita.htm, skipping...
[ERROR - 2026-03-03 20:57:22,921 - Worker_2] Status code == 403 for https://noticias.uol.com.br/meio-ambiente/ultimas-noticias/redacao/2023/03/06/o-que-voce-precisa-saber-sobre-o-peixe-leao-e-por-que-ele-e-um-perigo.htm, skipping...
[ERROR - 2026-03-03 20:57:24,304 - Worker_4] Status code == 403 for https://noticias.uol.com.br/colunas/balaio-do-kotscho/2023/03/06/o-inocente-juscelino-filho-e-um-cara-de-pau-que-entrou-no-partido-errado.htm, skipping...
[ERROR - 2026-03-03 20:57:24,854 - Worker_1] Status code == 403 for https://noticias.uol.com.br/colunas/josias-de-souza/2023/03/06/derretimento-politico-de-bolsonaro-mudou-de-patamar-avaliam-os-aliados.htm, skipping...
[ERROR - 2026-03-03 20:57:33,416 - Worker_4] Status code == 403 for https://noticias.uol.com.br/colunas/thais-oyama/2023/03/06/caso-das-joias-sauditas-divide-aliados-de-bolsonaro-sobre-volta-ao-brasil.htm, skipping...
[ERROR - 2026-03-03 20:57:34,062 - Worker_1] Status code == 403 for https://noticias.uol.com.br/colunas/josmar-jozino/2023/03/06/pcc-faz-lavagem-cerebral-em-preso-e-o-convence-a-se-matar-queimado-na-cela.htm, skipping...
[ERROR - 2026-03-03 20:57:41,954 - Worker_4] Status code == 403 for https://noticias.uol.com.br/colunas/leonardo-sakamoto/2023/03/06/o-que-a-muamba-de-joia-de-michelle-e-os-escravizados-do-vinho-tem-em-comum.htm, skipping...
[ERROR - 2026-03-03 20:57:42,636 - Worker_1] Status code == 403 for https://noticias.uol.com.br/colunas/tales-faria/2023/03/06/para-os-filhos-bolsonaro-se-livra-de-processo-e-michelle-sai-queimada.htm, skipping...
[ERROR - 2026-03-03 20:57:42,883 - Worker_3] Status code == 403 for https://noticias.uol.com.br/politica/ultimas-noticias/2023/03/06/sindifisco-fiscal-pode-manter-decisao-sobre-joias-gracas-a-estabilidade.htm, skipping...
[ERROR - 2026-03-03 20:57:47,078 - Worker_1] Status code == 403 for https://tab.uol.com.br/noticias/redacao/2023/03/06/voluntarias-brasileiras-fazem-carnaval-com-refugiados-ucranianos-na-polonia.htm, skipping...
[ERROR - 2026-03-03 20:57:50,886 - Worker_0] Status code == 403 for https://noticias.uol.com.br/cotidiano/ultimas-noticias/2023/03/06/confusao-hospital-regional-de-ferraz-de-vasconcelos.htm, skipping...
[ERROR - 2026-03-03 20:57:52,580 - Worker_3] Status code == 403 for https://noticias.uol.com.br/politica/ultimas-noticias/2023/03/06/sakamoto-lula-troca-a-depuracao-da-corrupcao-pela-governabilidade.htm, skipping...
[ERROR - 2026-03-03 20:57:54,984 - Worker_0] Status code == 403 for https://noticias.uol.com.br/cotidiano/ultimas-noticias/2023/03/06/massoterapeuta-morte-ce.htm, skipping...
[ERROR - 2026-03-03 20:57:55,779 - Worker_1] Status code == 403 for https://noticias.uol.com.br/politica/ultimas-noticias/2023/03/06/familia-real-arabia-saudita-patrimonio.htm, skipping...
[ERROR - 2026-03-03 20:57:56,680 - Worker_3] Status code == 403 for https://noticias.uol.com.br/internacional/ultimas-noticias/2023/03/06/mulher-passa-por-cirurgia-apos-vibrador-de-cristal-ficar-preso-na-bexiga.htm, skipping...
[ERROR - 2026-03-03 20:58:01,409 - Worker_0] Status code == 403 for https://noticias.uol.com.br/cotidiano/ultimas-noticias/2023/03/06/novo-ataque-de-tubarao-litoral-pernambuco.htm, skipping...
[ERROR - 2026-03-03 20:58:08,987 - Worker_1] Status code == 403 for https://noticias.uol.com.br/politica/ultimas-noticias/2023/03/06/ce-laudo-aponta-vereadora-namorado-asfixia.htm, skipping...
[ERROR - 2026-03-03 20:58:10,017 - Worker_0] Status code == 403 for https://noticias.uol.com.br/cotidiano/ultimas-noticias/2023/03/06/nao-mordeu-e-nem-avancou-cachorro-e-reprovado-em-primeiro-dia-na-creche.htm, skipping...
[ERROR - 2026-03-03 20:58:11,316 - Worker_3] Status code == 403 for https://noticias.uol.com.br/colunas/jamil-chade/2023/03/06/silvio-almeida-inaugura-nova-relacao-com-onu-e-faz-desmonte-do-bolsonarismo.htm, skipping...
[ERROR - 2026-03-03 20:58:15,079 - Worker_2] Status code == 403 for https://noticias.uol.com.br/politica/ultimas-noticias/2023/03/06/vereadora-ceara-ferimentos-pescoco-namorado-mortos.htm, skipping...
[ERROR - 2026-03-03 20:58:15,744 - Worker_3] Status code == 403 for https://tab.uol.com.br/noticias/redacao/2023/03/06/primeiro-salao-de-beleza-dentro-de-metro-atrai-curiosos-em-sp.htm, skipping...
[ERROR - 2026-03-03 20:58:23,562 - Worker_2] Status code == 403 for https://noticias.uol.com.br/cotidiano/ultimas-noticias/2023/03/06/mae-confessa-assassinato-incendio-df.htm, skipping...
[ERROR - 2026-03-03 20:58:32,973 - Worker_2] Status code == 403 for https://noticias.uol.com.br/ultimas-noticias/agencia-estado/2023/03/06/promotoria-pede-que-vereador-de-caxias-do-sul-pague-indenizacao-por-xenofobia.htm, skipping...
[ERROR - 2026-03-03 20:58:36,659 - Worker_4] Status code == 403 for https://tab.uol.com.br/noticias/redacao/2023/03/06/de-onde-vem-a-fortuna-de-thiago-brennand-investigado-por-crimes-sexuais.htm, skipping...
[ERROR - 2026-03-03 20:58:39,575 - Worker_2] Status code == 403 for https://noticias.uol.com.br/politica/ultimas-noticias/2023/03/06/juscelino-lula.htm, skipping...
[ERROR - 2026-03-03 20:58:39,853 - Worker_3] Status code == 403 for https://noticias.uol.com.br/politica/ultimas-noticias/2023/03/06/vereadora-trans-e-chamada-de-senhor-por-presidente-de-camara-em-mg.htm, skipping...
[ERROR - 2026-03-03 20:58:43,950 - Worker_2] Status code == 403 for https://noticias.uol.com.br/politica/ultimas-noticias/2023/03/06/receita-vai-apurar-entrada-de-outro-conjunto-de-joias-para-bolsonaro.htm, skipping...
[ERROR - 2026-03-03 20:58:46,011 - Worker_1] Status code == 403 for https://noticias.uol.com.br/cotidiano/ultimas-noticias/2023/03/06/mp-pede-justica-elize-matsunaga-prisao-uso-documento-falso.htm, skipping...
[ERROR - 2026-03-03 20:58:54,628 - Worker_1] Status code == 403 for https://noticias.uol.com.br/politica/ultimas-noticias/2023/03/06/pf-abre-inquerito-joias-michelle-bolsonaro.htm, skipping...
[ERROR - 2026-03-03 20:59:12,124 - Worker_4] Status code == 403 for https://economia.uol.com.br/videos/2023/03/06/midia-e-marketing-157-joildo-santos-co-fundador-do-g10-favelas-e-ceo-da-agencia-cria-brasil.htm, skipping...
[ERROR - 2026-03-03 20:59:58,401 - Worker_2] Status code == 403 for https://noticias.uol.com.br/confere/ultimas-noticias/2023/03/07/verba-para-carros-pipa-foi-cortada-durante-o-governo-bolsonaro.htm, skipping...
[ERROR - 2026-03-03 21:00:02,078 - Worker_4] Status code == 403 for https://noticias.uol.com.br/cotidiano/ultimas-noticias/2023/03/07/como-foi-assassinato-pedrinho-matador-sp.htm, skipping...
[ERROR - 2026-03-03 21:00:02,516 - Worker_2] Status code == 403 for https://noticias.uol.com.br/cotidiano/ultimas-noticias/2023/03/07/aranha-mais-letal-do-mundo-e-capturada-em-casa-em-santa-catarina.htm, skipping...
[ERROR - 2026-03-03 21:00:06,570 - Worker_4] Status code == 403 for https://tab.uol.com.br/noticias/redacao/2023/03/06/voluntarias-brasileiras-fazem-carnaval-com-refugiados-ucranianos-na-polonia.htm, skipping...
[ERROR - 2026-03-03 21:00:08,833 - Worker_2] Status code == 403 for https://noticias.uol.com.br/politica/ultimas-noticias/2023/03/07/jornal-bolsonaro-esta-com-2-pacote-de-joias-trazidas-ilegalmente-ao-pais.htm, skipping...
[ERROR - 2026-03-03 21:00:09,827 - Worker_0] Status code == 404 for https://www.uol.com.br/universa/horoscopo/noticias/redacao/2023/03/05/quaresma-pesada-foque-em-limpar-a-energia-e-os-pensamentos-com-estas-dicas.htm, skipping...
[ERROR - 2026-03-03 21:00:11,598 - Worker_1] Status code == 403 for https://noticias.uol.com.br/internacional/ultimas-noticias/2023/03/07/chuva-de-vermes-atinge-cidade-da-china-e-carros-ficam-cobertos.htm, skipping...
[ERROR - 2026-03-03 21:00:12,256 - Worker_3] Status code == 403 for https://noticias.uol.com.br/politica/ultimas-noticias/2023/03/07/ministra-pronunciamento-de-marco.htm, skipping...
[ERROR - 2026-03-03 21:00:14,040 - Worker_0] Status code == 403 for https://noticias.uol.com.br/colunas/tales-faria/2023/03/07/arthur-lira-impos-primeira-derrota-ao-pt-e-manteve-juscelino-como-ministro.htm, skipping...
[ERROR - 2026-03-03 21:00:16,374 - Worker_3] Status code == 403 for https://noticias.uol.com.br/politica/ultimas-noticias/2023/03/07/damares-paralisia-facial-herpes-zoster.htm, skipping...
[ERROR - 2026-03-03 21:00:18,703 - Worker_0] Status code == 403 for https://noticias.uol.com.br/colunas/leonardo-sakamoto/2023/03/07/ministerio-diz-que-95-dos-escravizados-do-vinho-sao-negros-e-93-baianos.htm, skipping...
[ERROR - 2026-03-03 21:00:19,909 - Worker_2] Status code == 403 for https://noticias.uol.com.br/politica/ultimas-noticias/2023/03/07/pacheco-medalha-tse.htm, skipping...
[ERROR - 2026-03-03 21:00:20,512 - Worker_3] Status code == 403 for https://noticias.uol.com.br/colunas/reinaldo-azevedo/2023/03/07/o-e-da-coisa-bolsonaro-a-cada-hora-mais-enrolado-no-escandalo-das-joias.htm, skipping...
[ERROR - 2026-03-03 21:00:24,620 - Worker_3] Status code == 403 for https://noticias.uol.com.br/colunas/josias-de-souza/2023/03/07/apos-comprar-terreno-na-lua-lula-vira-socio-de-haras-localizado-em-saturno.htm, skipping...
[ERROR - 2026-03-03 21:00:25,560 - Worker_4] Status code == 403 for https://noticias.uol.com.br/colunas/madeleine-lacsko/2023/03/07/ao-dar-vitoria-a-juscelino-filho-lula-decide-o-norte-moral-do-governo.htm, skipping...
[ERROR - 2026-03-03 21:00:28,746 - Worker_3] Status code == 403 for https://noticias.uol.com.br/politica/ultimas-noticias/2023/03/06/ce-laudo-aponta-vereadora-namorado-asfixia.htm, skipping...
[ERROR - 2026-03-03 21:00:33,840 - Worker_2] Status code == 403 for https://noticias.uol.com.br/politica/ultimas-noticias/2023/03/07/ms-deputado-exibe-livro-de-hitler-em-tribuna-e-critica-proibicao-de-venda.htm, skipping...
[ERROR - 2026-03-03 21:00:37,955 - Worker_2] Status code == 403 for https://noticias.uol.com.br/colunas/balaio-do-kotscho/2023/03/07/r-1-milhao-por-mes-bento-e-os-generais-nao-apoiaram-bolsonaro-de-graca.htm, skipping...
[ERROR - 2026-03-03 21:00:38,827 - Worker_3] Status code == 403 for https://tab.uol.com.br/noticias/redacao/2023/03/06/primeiro-salao-de-beleza-dentro-de-metro-atrai-curiosos-em-sp.htm, skipping...
[ERROR - 2026-03-03 21:00:42,159 - Worker_2] Status code == 403 for https://noticias.uol.com.br/politica/ultimas-noticias/2023/03/07/moraes-anderson-torres-depoimento-cpi-atos-golpistas-df.htm, skipping...
[ERROR - 2026-03-03 21:00:42,935 - Worker_3] Status code == 403 for https://noticias.uol.com.br/cotidiano/ultimas-noticias/2023/03/07/por-que-ha-tantos-tubaroes-na-costa-pernambucana.htm, skipping...
[ERROR - 2026-03-03 21:00:49,345 - Worker_3] Status code == 403 for https://noticias.uol.com.br/cotidiano/ultimas-noticias/2023/03/07/incendio-atinge-shopping-no-ma-e-deixa-feridos-veja-videos.htm, skipping...
[ERROR - 2026-03-03 21:00:49,485 - Worker_4] Status code == 403 for https://noticias.uol.com.br/ultimas-noticias/afp/2023/03/07/homem-e-condenado-na-espanha-a-pagar-a-ex-esposa-27-anos-de-salario-por-trabalho-domestico.htm, skipping...
[ERROR - 2026-03-03 21:00:53,625 - Worker_4] Status code == 403 for https://noticias.uol.com.br/ultimas-noticias/afp/2023/03/07/dois-dos-quatro-americanos-sequestrados-no-mexico-sao-encontrados-mortos.htm, skipping...
[ERROR - 2026-03-03 21:01:40,584 - Worker_1] Status code == 403 for https://noticias.uol.com.br/politica/ultimas-noticias/2023/03/08/anderson-torres-cpi-df-atos-antidemocraticos.htm, skipping...
[ERROR - 2026-03-03 21:02:20,240 - Worker_4] Status code == 403 for https://noticias.uol.com.br/ultimas-noticias/agencia-brasil/2023/03/07/cerca-de-16-mi-de-pessoas-resgatam-r-621-mi-em-valores-esquecidos.htm, skipping...
[ERROR - 2026-03-03 21:02:22,152 - Worker_3] Status code == 403 for https://noticias.uol.com.br/politica/ultimas-noticias/2023/03/07/jornal-bolsonaro-esta-com-2-pacote-de-joias-trazidas-ilegalmente-ao-pais.htm, skipping...
[ERROR - 2026-03-03 21:02:23,583 - Worker_0] Status code == 403 for https://tab.uol.com.br/noticias/redacao/2023/03/08/maus-tratos-no-rs-trapalhada-de-bolsonaro-baratas-de-lina-bo-bardi-e-mais.htm, skipping...
[ERROR - 2026-03-03 21:02:26,507 - Worker_3] Status code == 403 for https://noticias.uol.com.br/cotidiano/ultimas-noticias/2023/03/08/shopping-em-osasco-se-o-teto-continuar-caindo-vamos-ser-soterrados.htm, skipping...
[ERROR - 2026-03-03 21:02:29,881 - Worker_4] Status code == 403 for https://noticias.uol.com.br/ultimas-noticias/afp/2023/03/08/dois-mortos-em-roubo-frustrado-de-us-325-milhoes-em-aeroporto-no-chile.htm, skipping...
[ERROR - 2026-03-03 21:02:30,859 - Worker_3] Status code == 403 for https://noticias.uol.com.br/colunas/carla-araujo/2023/03/08/sem-presidente-misogino-cobrir-o-planalto-mudou-para-jornalistas-mulheres.htm, skipping...
[ERROR - 2026-03-03 21:02:32,246 - Worker_0] Status code == 403 for https://tab.uol.com.br/noticias/redacao/2023/03/08/alem-de-advogada-prevent-senior-processa-ex-paciente-vitima-do-kit-covid.htm, skipping...
[ERROR - 2026-03-03 21:02:35,267 - Worker_3] Status code == 403 for https://noticias.uol.com.br/politica/ultimas-noticias/2023/03/08/stf-julgamento-abordagem-racismo.htm, skipping...
[ERROR - 2026-03-03 21:02:36,628 - Worker_0] Status code == 403 for https://noticias.uol.com.br/politica/ultimas-noticias/2023/03/08/bolsonaro-joias-ex-chefe-receita-whatsapp.htm, skipping...
[ERROR - 2026-03-03 21:02:39,504 - Worker_2] Status code == 403 for https://noticias.uol.com.br/politica/ultimas-noticias/2023/03/08/lira-diz-camara-nao-e-palco-preconceito-fala-transfobica-nikolas-ferreira.htm, skipping...
[ERROR - 2026-03-03 21:02:39,643 - Worker_3] Status code == 403 for https://noticias.uol.com.br/colunas/madeleine-lacsko/2023/03/08/a-maquina-de-expulsar-mulheres-do-debate-publico-nunca-esteve-tao-bem.htm, skipping...
[ERROR - 2026-03-03 21:02:44,103 - Worker_3] Status code == 403 for https://noticias.uol.com.br/internacional/ultimas-noticias/2023/03/08/ta-chovendo-verme-entenda-origem-das-larvas-que-cobrem-carros-na-china.htm, skipping...
[ERROR - 2026-03-03 21:02:54,104 - Worker_3] Status code == 403 for https://noticias.uol.com.br/cotidiano/ultimas-noticias/2023/03/08/desabamento-osasco-8-de-marco.htm, skipping...
[ERROR - 2026-03-03 21:02:58,713 - Worker_3] Status code == 403 for https://tab.uol.com.br/noticias/redacao/2023/03/06/primeiro-salao-de-beleza-dentro-de-metro-atrai-curiosos-em-sp.htm, skipping...
[ERROR - 2026-03-03 21:02:59,491 - Worker_4] Status code == 403 for https://noticias.uol.com.br/politica/ultimas-noticias/2023/03/08/em-pauta-no-stf-abordagem-racista-e-tema-de-queixa-a-conselho-da-onu.htm, skipping...
[ERROR - 2026-03-03 21:03:00,386 - Worker_2] Status code == 403 for https://noticias.uol.com.br/politica/ultimas-noticias/2023/03/07/delegado-receita-barrou-joias-michelle-bolsonaro.htm, skipping...
[ERROR - 2026-03-03 21:03:04,886 - Worker_2] Status code == 403 for https://noticias.uol.com.br/politica/ultimas-noticias/2023/03/08/mpf-pede-camara-apure-fala-transfobica-nikolas-ferreira.htm, skipping...
[ERROR - 2026-03-03 21:03:07,844 - Worker_3] Status code == 403 for https://noticias.uol.com.br/politica/ultimas-noticias/2023/03/08/flavio-bolsonaro-defende-apropriacao-joias-pai-personalissimo.htm, skipping...
[ERROR - 2026-03-03 21:03:09,250 - Worker_2] Status code == 403 for https://noticias.uol.com.br/internacional/ultimas-noticias/2023/03/08/adolescentes-sao-hospitalizados-apos-reproduzirem-trend-do-tiktok-nos-eua.htm, skipping...
[ERROR - 2026-03-03 21:03:11,826 - Worker_0] Status code == 403 for https://noticias.uol.com.br/colunas/chico-alves/2023/03/08/parlamentares-feministas-lancam-manifesto-em-defesa-do-aborto-legal.htm, skipping...
[ERROR - 2026-03-03 21:03:12,223 - Worker_3] Status code == 403 for https://noticias.uol.com.br/cotidiano/ultimas-noticias/2023/03/08/tive-medo-da-minha-filha-ser-pisoteada-relata-mae-que-estava-em-shopping.htm, skipping...
[ERROR - 2026-03-03 21:03:13,624 - Worker_2] Status code == 403 for https://noticias.uol.com.br/cotidiano/ultimas-noticias/2023/03/08/chuva-alagamento-insper-sao-paulo.htm, skipping...
[ERROR - 2026-03-03 21:03:16,148 - Worker_1] Status code == 403 for https://noticias.uol.com.br/cotidiano/ultimas-noticias/2023/03/08/e-asmatica-diz-namorado-de-jovem-que-esta-na-uti-apos-cheirar-pimenta.htm, skipping...
[ERROR - 2026-03-03 21:03:18,030 - Worker_2] Status code == 403 for https://noticias.uol.com.br/cotidiano/ultimas-noticias/2023/03/08/osasco-plaza-shopping-bombeiros.htm, skipping...
[ERROR - 2026-03-03 21:03:21,995 - Worker_3] Status code == 403 for https://noticias.uol.com.br/cotidiano/ultimas-noticias/2023/03/08/cobra-atravessa-rua-na-faixa-de-pedestres-em-area-nobre-de-florianopolis.htm, skipping...
[ERROR - 2026-03-03 21:03:22,394 - Worker_2] Status code == 403 for https://noticias.uol.com.br/cotidiano/ultimas-noticias/2023/03/08/secretario-e-acusado-de-tentar-estuprar-mulher-dentro-de-prefeitura-em-go.htm, skipping...
[ERROR - 2026-03-03 21:03:26,368 - Worker_3] Status code == 403 for https://noticias.uol.com.br/cotidiano/ultimas-noticias/2023/03/08/chuva-granizo-8-marco.htm, skipping...
[ERROR - 2026-03-03 21:03:27,359 - Worker_4] Status code == 403 for https://noticias.uol.com.br/colunas/josias-de-souza/2023/03/08/com-joias-das-arabias-bolsonaro-compraria-triplex-do-guaruja-varias-vezes.htm, skipping...
[ERROR - 2026-03-03 21:03:36,277 - Worker_4] Status code == 403 for https://noticias.uol.com.br/meio-ambiente/ultimas-noticias/redacao/2023/03/08/aranha-armadeira.htm, skipping...
[ERROR - 2026-03-03 21:03:37,583 - Worker_3] Status code == 403 for https://noticias.uol.com.br/ultimas-noticias/afp/2023/03/08/queda-de-bakhmut-deixaria-caminho-aberto-para-russia-alerta-zelensky.htm, skipping...
[ERROR - 2026-03-03 21:03:40,878 - Worker_0] Status code == 403 for https://noticias.uol.com.br/cotidiano/ultimas-noticias/2023/03/08/shopping-do-ma-cobrou-estacionamento-em-meio-a-incendio-2-pessoas-morreram.htm, skipping...
[ERROR - 2026-03-03 21:03:53,547 - Worker_3] Status code == 403 for https://noticias.uol.com.br/internacional/ultimas-noticias/2023/03/09/alemanha-tiroteio-9-de-marco.htm, skipping...
[ERROR - 2026-03-03 21:03:56,296 - Worker_0] Status code == 403 for https://noticias.uol.com.br/colunas/reinaldo-azevedo/2023/03/09/nikolas-nao-sera-cassado-seu-odio-tem-de-ser-contido-pela-lei-mpf-e-stf.htm, skipping...
[ERROR - 2026-03-03 21:04:02,176 - Worker_3] Status code == 403 for https://noticias.uol.com.br/politica/ultimas-noticias/2023/03/09/aziz-refinaria-petrobras-joias.htm, skipping...
[ERROR - 2026-03-03 21:04:07,101 - Worker_0] Status code == 403 for https://noticias.uol.com.br/colunas/josias-de-souza/2023/03/09/boquinha-do-zero-quatro-mantem-tradicao-dos-bolsonaro-de-viver-do-estado.htm, skipping...
[ERROR - 2026-03-03 21:04:16,559 - Worker_0] Status code == 403 for https://noticias.uol.com.br/cotidiano/ultimas-noticias/2023/03/09/ataque-de-abelhas-em-bh.htm, skipping...
[ERROR - 2026-03-03 21:04:18,685 - Worker_1] Status code == 403 for https://noticias.uol.com.br/internacional/ultimas-noticias/2023/03/09/mulher-morre-desnutrida-apos-passar-9-anos-com-feto-calcificado-no-utero.htm, skipping...
[ERROR - 2026-03-03 21:04:19,946 - Worker_3] Status code == 403 for https://noticias.uol.com.br/colunas/chico-alves/2023/03/09/parte-mais-grave-do-caso-da-muamba-de-bolsonaro-nao-esta-nos-videos.htm, skipping...
[ERROR - 2026-03-03 21:04:25,332 - Worker_0] Status code == 403 for https://noticias.uol.com.br/confere/ultimas-noticias/2023/03/09/e-falso-que-jose-dirceu-esteja-em-coma-ex-ministro-repousa-em-casa.htm, skipping...
[ERROR - 2026-03-03 21:04:48,415 - Worker_4] Status code == 403 for https://noticias.uol.com.br/internacional/ultimas-noticias/2023/03/09/ataque-tiros-israel-feridos.htm, skipping...
[ERROR - 2026-03-03 21:04:52,307 - Worker_1] Status code == 403 for https://noticias.uol.com.br/cotidiano/ultimas-noticias/2023/03/09/mulher-reage-a-assedio-e-esfaqueada-e-morre-em-fortaleza.htm, skipping...
[ERROR - 2026-03-03 21:04:52,785 - Worker_4] Status code == 403 for https://noticias.uol.com.br/colunas/thais-oyama/2023/03/09/pesquisa-quer-medir-estrago-em-bolsonaro-e-potencial-de-michelle.htm, skipping...
[ERROR - 2026-03-03 21:04:57,160 - Worker_4] Status code == 403 for https://noticias.uol.com.br/politica/ultimas-noticias/2023/03/09/tcu-joias-bolsonaro-arabia-saudita.htm, skipping...
[ERROR - 2026-03-03 21:05:03,741 - Worker_0] Status code == 403 for https://noticias.uol.com.br/colunas/balaio-do-kotscho/2023/03/09/para-surpresa-de-ninguem-ex-presidente-terceiriza-culpa-por-roubo-de-joias.htm, skipping...
[ERROR - 2026-03-03 21:05:05,771 - Worker_2] Status code == 403 for https://tab.uol.com.br/colunas/trombadas/2023/03/09/a-lingua-do-p-de-wagnao.htm, skipping...
[ERROR - 2026-03-03 21:05:08,115 - Worker_0] Status code == 403 for https://noticias.uol.com.br/colunas/josmar-jozino/2023/03/09/dhpp-nao-esclarece-mortes-atribuidas-a-guerra-do-pcc-na-zona-leste-de-sp.htm, skipping...
[ERROR - 2026-03-03 21:05:13,693 - Worker_3] Status code == 403 for https://tab.uol.com.br/noticias/redacao/2023/03/08/alem-de-advogada-prevent-senior-processa-ex-paciente-vitima-do-kit-covid.htm, skipping...
[ERROR - 2026-03-03 21:05:17,262 - Worker_1] Status code == 403 for https://noticias.uol.com.br/ultimas-noticias/deutschewelle/2023/03/09/como-decisoes-de-putin-fizeram-stalin-voltar-a-ser-popular-na-russia.htm, skipping...
[ERROR - 2026-03-03 21:05:18,069 - Worker_3] Status code == 403 for https://noticias.uol.com.br/cotidiano/ultimas-noticias/2023/03/09/video-tornado-rio-grande-do-sul.htm, skipping...
[ERROR - 2026-03-03 21:05:22,202 - Worker_3] Status code == 403 for https://tab.uol.com.br/colunas/matheus-pichonelli/2023/03/09/refutar-fala-irresponsavel-de-nikolas-ferreira-e-dar-palanque-para-imbecil.htm, skipping...
[ERROR - 2026-03-03 21:05:35,663 - Worker_1] Status code == 403 for https://noticias.uol.com.br/colunas/madeleine-lacsko/2023/03/09/nikolas-e-o-triunfo-da-perversidade-na-economia-da-atencao.htm, skipping...
[ERROR - 2026-03-03 21:05:37,560 - Worker_4] Status code == 403 for https://noticias.uol.com.br/cotidiano/ultimas-noticias/2023/03/09/quem-e-a-idosa-morta-temporal-sao-paulo.htm, skipping...
[ERROR - 2026-03-03 21:05:41,744 - Worker_4] Status code == 403 for https://tab.uol.com.br/noticias/redacao/2023/03/09/brasileirinhas-porno-alexandre-frota-rita-cadillac-leila-lopes.htm, skipping...
[ERROR - 2026-03-03 21:05:45,223 - Worker_3] Status code == 403 for https://noticias.uol.com.br/politica/ultimas-noticias/2023/03/08/mpf-pede-camara-apure-fala-transfobica-nikolas-ferreira.htm, skipping...
[ERROR - 2026-03-03 21:05:47,449 - Worker_2] Status code == 403 for https://noticias.uol.com.br/colunas/leonardo-sakamoto/2023/03/09/jair-tentava-surrupiar-joias-enquanto-bolsonaristas-tomavam-chuva-por-ele.htm, skipping...
[ERROR - 2026-03-03 21:05:55,569 - Worker_1] Status code == 403 for https://noticias.uol.com.br/cotidiano/ultimas-noticias/2023/03/09/sucuri-de-6-metros-e-encontrada-escondida-dentro-de-bueiro-no-ms-veja.htm, skipping...
[ERROR - 2026-03-03 21:05:58,988 - Worker_2] Status code == 403 for https://noticias.uol.com.br/colunas/josias-de-souza/2023/03/09/caso-das-joias-esbarra-em-guedes-e-sachsida.htm, skipping...
[ERROR - 2026-03-03 21:05:59,678 - Worker_1] Status code == 403 for https://noticias.uol.com.br/ultimas-noticias/reuters/2023/03/09/barroso-do-stf-deixa-uti-depois-de-passar-por-nova-cirurgia-apos-obstrucao-intestinal.htm, skipping...
[ERROR - 2026-03-03 21:06:03,103 - Worker_2] Status code == 403 for https://noticias.uol.com.br/internacional/ultimas-noticias/2023/03/09/cientistas-revivem-virus-zumbi-que-estava-congelado-ha-48-mil-anos.htm, skipping...
[ERROR - 2026-03-03 21:06:03,775 - Worker_1] Status code == 403 for https://noticias.uol.com.br/politica/ultimas-noticias/2023/03/09/tales-mourao-diz-que-jamais-receberia-presente-no-valor-dejoiasarabes.htm, skipping...
[ERROR - 2026-03-03 21:06:07,187 - Worker_2] Status code == 403 for https://noticias.uol.com.br/politica/ultimas-noticias/2023/03/09/governo-bolsonaro-omitir-joias-comunicado-governo-saudita.htm, skipping...
[ERROR - 2026-03-03 21:06:14,743 - Worker_1] Status code == 403 for https://noticias.uol.com.br/internacional/ultimas-noticias/2023/03/10/brasileiro-esfaqueado-amsterda-hospital.htm, skipping...
[ERROR - 2026-03-03 21:06:22,174 - Worker_3] Status code == 403 for https://tab.uol.com.br/noticias/redacao/2023/03/10/limpei-ate-privada-dentistas-de-clinicas-populares-relatam-precarizacao.htm, skipping...
[ERROR - 2026-03-03 21:06:23,792 - Worker_1] Status code == 403 for https://tab.uol.com.br/videos/2023/03/10/brasil-para-maiores-1-frota-o-ex-gala-que-mudou-o-porno-br-para-sempre.htm, skipping...
[ERROR - 2026-03-03 21:06:35,144 - Worker_1] Status code == 403 for https://noticias.uol.com.br/politica/ultimas-noticias/2023/03/10/bolsonaro-arma-emirados-arabes.htm, skipping...
[ERROR - 2026-03-03 21:06:38,812 - Worker_0] Status code == 403 for https://noticias.uol.com.br/politica/ultimas-noticias/2023/03/10/militares-forcas-armadas-investigacao-8-de-janeiro.htm, skipping...
[ERROR - 2026-03-03 21:06:41,720 - Worker_4] Status code == 403 for https://noticias.uol.com.br/colunas/leonardo-sakamoto/2023/03/10/militares-fizeram-bico-de-guarda-costas-de-terrorista-no-ataque-ao-planalto.htm, skipping...
[ERROR - 2026-03-03 21:06:48,469 - Worker_0] Status code == 403 for https://noticias.uol.com.br/cotidiano/ultimas-noticias/2023/03/10/padre-policia-morte.htm, skipping...
[ERROR - 2026-03-03 21:06:52,596 - Worker_0] Status code == 403 for https://noticias.uol.com.br/politica/ultimas-noticias/2023/03/10/nikolas-ferreira-quebra-de-decoro.htm, skipping...
[ERROR - 2026-03-03 21:06:56,713 - Worker_0] Status code == 403 for https://noticias.uol.com.br/confere/ultimas-noticias/2023/03/10/checagem-lula-igualdade-salarial.htm, skipping...
[ERROR - 2026-03-03 21:07:05,080 - Worker_0] Status code == 403 for https://noticias.uol.com.br/colunas/tales-faria/2023/03/10/arthur-lira-disse-a-aliados-que-enquadrou-governo-mas-pede-tempo.htm, skipping...
[ERROR - 2026-03-03 21:07:06,165 - Worker_2] Status code == 403 for https://noticias.uol.com.br/ultimas-noticias/agencia-estado/2023/03/10/374-municipios-estao-em-situacao-de-emergencia-no-rs-por-estiagem.htm, skipping...
[ERROR - 2026-03-03 21:07:06,991 - Worker_3] Status code == 403 for https://noticias.uol.com.br/cotidiano/ultimas-noticias/2023/03/10/mulher-tem-nadega-lambida-por-farmaceutico-no-df.htm, skipping...
[ERROR - 2026-03-03 21:07:08,646 - Worker_4] Status code == 403 for https://noticias.uol.com.br/colunas/thais-oyama/2023/03/09/pesquisa-quer-medir-estrago-em-bolsonaro-e-potencial-de-michelle.htm, skipping...
[ERROR - 2026-03-03 21:07:09,196 - Worker_0] Status code == 403 for https://noticias.uol.com.br/cotidiano/ultimas-noticias/2023/03/10/gato-pode-ter-causado-vazamento-de-gas-que-explodiu-2-restaurantes-no-pi.htm, skipping...
[ERROR - 2026-03-03 21:07:16,773 - Worker_1] Status code == 403 for https://noticias.uol.com.br/ultimas-noticias/deutschewelle/2023/03/10/igrejas-catolicas-alemas-vao-ministrar-bencao-a-casais-gays.htm, skipping...
[ERROR - 2026-03-03 21:07:17,792 - Worker_3] Status code == 403 for https://tab.uol.com.br/noticias/redacao/2023/03/08/alem-de-advogada-prevent-senior-processa-ex-paciente-vitima-do-kit-covid.htm, skipping...
[ERROR - 2026-03-03 21:07:20,350 - Worker_0] Status code == 403 for https://noticias.uol.com.br/politica/ultimas-noticias/2023/03/10/mp-tcu-devolva-bolsonaro-joias.htm, skipping...
[ERROR - 2026-03-03 21:07:34,578 - Worker_1] Status code == 403 for https://noticias.uol.com.br/colunas/alberto-bombig/2023/03/10/valdemar-ve-michelle-como-vitima-no-caso-das-joias-e-crise-se-agrava-no-cla.htm, skipping...
[ERROR - 2026-03-03 21:07:38,027 - Worker_2] Status code == 403 for https://tab.uol.com.br/noticias/redacao/2023/03/09/brasileirinhas-porno-alexandre-frota-rita-cadillac-leila-lopes.htm, skipping...
[ERROR - 2026-03-03 21:08:22,549 - Worker_1] Status code == 403 for https://noticias.uol.com.br/cotidiano/ultimas-noticias/2023/03/11/mulher-defende-filho-de-14-anos-de-agressoes-de-vizinho-e-e-morta-a-facadas.htm, skipping...
[ERROR - 2026-03-03 21:08:24,858 - Worker_4] Status code == 403 for https://noticias.uol.com.br/cotidiano/ultimas-noticias/2023/03/11/universitarias-debocham-colega-idade.htm, skipping...
[ERROR - 2026-03-03 21:08:27,470 - Worker_0] Status code == 403 for https://economia.uol.com.br/imposto-de-renda/noticias/redacao/2023/03/09/imposto-de-renda-2023-receita-libera-download-do-programa.htm, skipping...
[ERROR - 2026-03-03 21:08:27,894 - Worker_3] Status code == 403 for https://tab.uol.com.br/noticias/redacao/2023/03/10/limpei-ate-privada-dentistas-de-clinicas-populares-relatam-precarizacao.htm, skipping...
[ERROR - 2026-03-03 21:08:28,867 - Worker_1] Status code == 403 for https://noticias.uol.com.br/colunas/juliana-dal-piva/2023/03/11/caso-das-joias-responsabilidade-envolve-outros-assessores-de-bolsonaro.htm, skipping...
[ERROR - 2026-03-03 21:08:31,585 - Worker_0] Status code == 403 for https://noticias.uol.com.br/cotidiano/ultimas-noticias/2023/03/11/padre-dirigia-caminhonete-envolvida-em-acidente-que-matou-4-jovens-em-ms.htm, skipping...
[ERROR - 2026-03-03 21:08:32,731 - Worker_2] Status code == 403 for https://tab.uol.com.br/videos/2023/03/10/brasil-para-maiores-1-frota-o-ex-gala-que-mudou-o-porno-br-para-sempre.htm, skipping...
[ERROR - 2026-03-03 21:08:41,555 - Worker_2] Status code == 403 for https://economia.uol.com.br/noticias/redacao/2023/03/10/a-chegada-da-chinesa-gwm-ao-brasil-estamos-comecando-tudo-do-zero.htm, skipping...
[ERROR - 2026-03-03 21:08:47,508 - Worker_1] Status code == 403 for https://noticias.uol.com.br/colunas/jamil-chade/2023/03/11/governo-lula-se-reune-com-oposicao-venezuelana-e-aposta-em-eleicao-de-2024.htm, skipping...
[ERROR - 2026-03-03 21:08:52,357 - Worker_3] Status code == 403 for https://noticias.uol.com.br/cotidiano/ultimas-noticias/2023/03/11/estupro-crianca-shopping-manaus.htm, skipping...
[ERROR - 2026-03-03 21:08:52,711 - Worker_2] Status code == 403 for https://economia.uol.com.br/noticias/redacao/2023/02/27/quem-e-a-mulher-mais-poderosa-do-capitalismo-no-brasil-que-gere-r-600-bi.htm, skipping...
[ERROR - 2026-03-03 21:08:57,072 - Worker_2] Status code == 403 for https://noticias.uol.com.br/ultimas-noticias/agencia-estado/2023/03/11/cgu-multa-em-r-420-mil-alvo-da-operacao-boca-livre-por-fraudes-via-lei-rouanet.htm, skipping...
[ERROR - 2026-03-03 21:09:06,117 - Worker_2] Status code == 403 for http://noticias.uol.com.br/colunas/carolina-brigido/2023/03/11/pf-estuda-pedir-prisao-de-bolsonaro-se-ele-nao-voltar-ao-brasil-ate-abril.htm, skipping...
[ERROR - 2026-03-03 21:09:08,523 - Worker_0] Status code == 403 for https://economia.uol.com.br/imposto-de-renda/noticias/redacao/2023/03/10/ir-2023-como-declarar-ganho-com-conteudo-sexual-do-onlyfans.htm, skipping...
[ERROR - 2026-03-03 21:09:16,085 - Worker_2] Status code == 403 for https://noticias.uol.com.br/colunas/josmar-jozino/2023/03/11/empresario-ameacado-pelo-pcc-e-removido-de-prisao-vip-para-cova-dos-leoes.htm, skipping...
[ERROR - 2026-03-03 21:09:23,423 - Worker_3] Status code == 403 for https://tab.uol.com.br/noticias/redacao/2023/03/08/maus-tratos-no-rs-trapalhada-de-bolsonaro-baratas-de-lina-bo-bardi-e-mais.htm, skipping...
[ERROR - 2026-03-03 21:09:25,164 - Worker_2] Status code == 403 for https://noticias.uol.com.br/ultimas-noticias/agencia-estado/2023/03/11/pelo-menos-sete-militares-atuaram-para-reaver-diamantes-apreendidos.htm, skipping...
[ERROR - 2026-03-03 21:09:29,273 - Worker_2] Status code == 403 for https://noticias.uol.com.br/ultimas-noticias/afp/2023/03/11/um-tiranossauro-rex-sera-leiloado-na-suica.htm, skipping...
[ERROR - 2026-03-03 21:09:40,151 - Worker_4] Status code == 403 for https://noticias.uol.com.br/cotidiano/ultimas-noticias/2023/03/11/aviao-monomotor-pouso-grande-bh-video.htm, skipping...
[ERROR - 2026-03-03 21:09:41,464 - Worker_0] Status code == 403 for https://tab.uol.com.br/noticias/redacao/2023/03/11/argentina-1985-quem-e-hoje-a-bebe-que-nasceu-em-umaviatura-da-repressao.htm, skipping...
[ERROR - 2026-03-03 21:09:42,954 - Worker_2] Status code == 403 for https://noticias.uol.com.br/colunas/alberto-bombig/2023/03/10/valdemar-ve-michelle-como-vitima-no-caso-das-joias-e-crise-se-agrava-no-cla.htm, skipping...
[ERROR - 2026-03-03 21:09:44,773 - Worker_3] Status code == 403 for https://tab.uol.com.br/noticias/redacao/2023/03/09/brasileirinhas-porno-alexandre-frota-rita-cadillac-leila-lopes.htm, skipping...
[ERROR - 2026-03-03 21:09:45,856 - Worker_0] Status code == 403 for https://noticias.uol.com.br/colunas/josias-de-souza/2023/03/10/viniculas-demoram-a-perceber-que-melhor-remedio-para-a-culpa-e-reconhece-la.htm, skipping...
[ERROR - 2026-03-03 21:09:49,162 - Worker_3] Status code == 403 for https://noticias.uol.com.br/politica/ultimas-noticias/2023/03/10/ex-ministro-eliseu-padilha-esta-internado-em-estado-grave-diz-familia.htm, skipping...
[ERROR - 2026-03-03 21:09:52,834 - Worker_2] Status code == 403 for https://noticias.uol.com.br/cotidiano/ultimas-noticias/2023/03/11/quem-sao-as-4-mulheres-que-morreram-em-acidente-de-carro-na-br-163-em-ms.htm, skipping...
[ERROR - 2026-03-03 21:09:59,232 - Worker_0] Status code == 403 for https://noticias.uol.com.br/ultimas-noticias/agencia-estado/2023/03/11/minha-vida-nao-acaba-com-uma-cassacao-diz-nikolas-ferreira-apos-criticas.htm, skipping...
[ERROR - 2026-03-03 21:10:00,285 - Worker_3] Status code == 403 for https://noticias.uol.com.br/ultimas-noticias/agencia-estado/2023/03/10/rigida-e-casada-com-vereador-bolsonarista-quem-e-a-procuradora-do-caso-das-joias.htm, skipping...
[ERROR - 2026-03-03 21:10:02,316 - Worker_4] Status code == 403 for https://noticias.uol.com.br/ultimas-noticias/agencia-brasil/2023/03/11/gestantes-e-puerperas-do-rio-terao-vacina-bivalente-a-partir-do-dia-13.htm, skipping...
[ERROR - 2026-03-03 21:10:03,414 - Worker_0] Status code == 403 for https://economia.uol.com.br/noticias/redacao/2023/03/11/energia-solar-compensa-ter-em-casa.htm, skipping...
[ERROR - 2026-03-03 21:10:10,640 - Worker_3] Status code == 403 for https://noticias.uol.com.br/cotidiano/ultimas-noticias/2023/03/11/pm-mata-suspeito-roubo-zona-oeste-sp.htm, skipping...
[ERROR - 2026-03-03 21:10:17,017 - Worker_3] Status code == 403 for https://noticias.uol.com.br/cotidiano/ultimas-noticias/2023/03/11/fui-para-churrasco-mas-era-reuniao-da-hinode-eles-relatam-piores-dates.htm, skipping...
[ERROR - 2026-03-03 21:10:18,276 - Worker_0] Status code == 403 for https://tab.uol.com.br/noticias/redacao/2023/03/11/voltei-a-ser-maloqueiro-apos-baques-a-volta-por-cima-de-mc-bin-laden.htm, skipping...
[ERROR - 2026-03-03 21:10:18,549 - Worker_1] Status code == 403 for https://noticias.uol.com.br/cotidiano/ultimas-noticias/2023/03/12/preso-familia-carcere-privado-ribeirao-preto.htm, skipping...
[ERROR - 2026-03-03 21:10:19,226 - Worker_2] Status code == 403 for https://noticias.uol.com.br/cotidiano/ultimas-noticias/2023/03/12/fome-sede-desmaios-desconto-salarios-trabalho-escravo-uruguaiana-operacao.htm, skipping...
[ERROR - 2026-03-03 21:10:21,210 - Worker_3] Status code == 403 for https://economia.uol.com.br/imposto-de-renda/noticias/redacao/2023/03/09/imposto-de-renda-2023-receita-libera-download-do-programa.htm, skipping...
[ERROR - 2026-03-03 21:10:26,798 - Worker_0] Status code == 403 for https://noticias.uol.com.br/ultimas-noticias/agencia-estado/2023/03/12/divida-podera-ser-paga-em-terra-para-reforma-agraria-diz-ministro.htm, skipping...
[ERROR - 2026-03-03 21:10:27,082 - Worker_1] Status code == 403 for https://noticias.uol.com.br/cotidiano/ultimas-noticias/2023/03/12/suspeito-agenciar-trabalho-escravo-solto-fianca.htm, skipping...
[ERROR - 2026-03-03 21:10:31,097 - Worker_0] Status code == 403 for https://tab.uol.com.br/videos/2023/03/10/brasil-para-maiores-1-frota-o-ex-gala-que-mudou-o-porno-br-para-sempre.htm, skipping...
[ERROR - 2026-03-03 21:10:32,752 - Worker_3] Status code == 403 for https://tab.uol.com.br/noticias/redacao/2023/03/12/ex-organista-estilista-do-papa-francisco-cultua-o-corpo-e-so-veste-preto.htm, skipping...
[ERROR - 2026-03-03 21:11:00,446 - Worker_3] Status code == 403 for https://noticias.uol.com.br/politica/ultimas-noticias/2023/03/12/michelle-bolsonaro-diz-que-esta-morando-de-aluguel.htm, skipping...
[ERROR - 2026-03-03 21:11:01,651 - Worker_1] Status code == 403 for https://noticias.uol.com.br/ultimas-noticias/agencia-estado/2023/03/12/receita-rastreia-suspeitos-antes-do-pouso-e-vistoria-12-mil-por-dia-em-sp.htm, skipping...
[ERROR - 2026-03-03 21:11:16,122 - Worker_1] Status code == 403 for https://noticias.uol.com.br/cotidiano/ultimas-noticias/2023/03/12/militar-baleado-ao-reagir-arrastao-rio-de-janeiro.htm, skipping...
[ERROR - 2026-03-03 21:11:17,281 - Worker_4] Status code == 403 for https://tab.uol.com.br/noticias/redacao/2023/03/08/maus-tratos-no-rs-trapalhada-de-bolsonaro-baratas-de-lina-bo-bardi-e-mais.htm, skipping...
[ERROR - 2026-03-03 21:11:18,561 - Worker_2] Status code == 403 for https://noticias.uol.com.br/colunas/fernanda-magnotta/2023/03/12/trato-com-nicaragua-e-venezuela-expoem-contradicoes-da-esquerda-brasileira.htm, skipping...
[ERROR - 2026-03-03 21:11:18,999 - Worker_0] Status code == 403 for https://noticias.uol.com.br/cotidiano/ultimas-noticias/2023/03/12/trabalhadores-resgatados-no-rs-receberao-r-295-mil-cada.htm, skipping...
[ERROR - 2026-03-03 21:11:45,922 - Worker_4] Status code == 403 for https://tab.uol.com.br/noticias/redacao/2023/03/09/brasileirinhas-porno-alexandre-frota-rita-cadillac-leila-lopes.htm, skipping...
[ERROR - 2026-03-03 21:12:24,228 - Worker_1] Status code == 403 for https://tab.uol.com.br/noticias/redacao/2023/03/11/voltei-a-ser-maloqueiro-apos-baques-a-volta-por-cima-de-mc-bin-laden.htm, skipping...
[ERROR - 2026-03-03 21:12:29,618 - Worker_0] Status code == 403 for https://tab.uol.com.br/noticias/redacao/2023/03/12/ex-organista-estilista-do-papa-francisco-cultua-o-corpo-e-so-veste-preto.htm, skipping...
[ERROR - 2026-03-03 21:12:33,024 - Worker_4] Status code == 403 for https://tab.uol.com.br/videos/2023/03/10/brasil-para-maiores-1-frota-o-ex-gala-que-mudou-o-porno-br-para-sempre.htm, skipping...
[ERROR - 2026-03-03 21:12:33,365 - Worker_1] Status code == 403 for https://noticias.uol.com.br/cotidiano/ultimas-noticias/2023/03/13/universitaria-alvo-de-deboche-idade-homenagens-colegas.htm, skipping...
[ERROR - 2026-03-03 21:12:33,982 - Worker_0] Status code == 403 for https://noticias.uol.com.br/colunas/balaio-do-kotscho/2023/03/13/a-vida-e-a-morte-quando-faltam-palavras-justamente-para-quem-vive-delas.htm, skipping...
[ERROR - 2026-03-03 21:12:34,306 - Worker_3] Status code == 403 for https://noticias.uol.com.br/colunas/chico-alves/2023/03/13/contra-posicao-do-comandante-do-exercito-clube-militar-vai-celebrar-3103.htm, skipping...
[ERROR - 2026-03-03 21:12:48,322 - Worker_3] Status code == 403 for https://noticias.uol.com.br/internacional/ultimas-noticias/2023/03/13/marca-de-seu-pontificado-por-que-o-papa-francisco-lava-os-pes-dos-presos.htm, skipping...
[ERROR - 2026-03-03 21:12:51,506 - Worker_4] Status code == 403 for https://noticias.uol.com.br/cotidiano/ultimas-noticias/2023/03/13/camera-supermercado-menina-mg.htm, skipping...
[ERROR - 2026-03-03 21:12:56,130 - Worker_4] Status code == 403 for https://noticias.uol.com.br/internacional/ultimas-noticias/2023/03/13/brasileira-esquartejada-queimada-estados-unidos.htm, skipping...
[ERROR - 2026-03-03 21:13:00,657 - Worker_2] Status code == 403 for https://noticias.uol.com.br/politica/ultimas-noticias/2023/03/13/michelle-viaja-para-eua-e-atrapalha-planos-de-mega-evento-do-pl.htm, skipping...
[ERROR - 2026-03-03 21:13:07,291 - Worker_2] Status code == 403 for https://noticias.uol.com.br/cotidiano/ultimas-noticias/2023/03/13/pm-prende-homem-que-matou-fotografo-a-facadas-apartamento-centro-sp.htm, skipping...
[ERROR - 2026-03-03 21:13:07,756 - Worker_4] Status code == 403 for https://noticias.uol.com.br/colunas/thais-oyama/2023/03/13/lula-esta-com-pressa-porque-nao-tem-gordura-para-queimar.htm, skipping...
[ERROR - 2026-03-03 21:13:11,673 - Worker_2] Status code == 403 for https://noticias.uol.com.br/politica/ultimas-noticias/2023/03/13/cgu-sigilo-cartao-vacinacao-bolsonaro.htm, skipping...
[ERROR - 2026-03-03 21:13:15,884 - Worker_2] Status code == 403 for https://tab.uol.com.br/noticias/redacao/2023/03/13/destruicao-de-reputacao-ex-diretor-de-tv-narra-inferno-pessoal-em-livro.htm, skipping...
[ERROR - 2026-03-03 21:13:17,108 - Worker_4] Status code == 403 for https://noticias.uol.com.br/colunas/leonardo-sakamoto/2023/03/13/bolsonarismo-apela-ao-rouba-mas-faz-para-defender-jair-no-caso-das-joias.htm, skipping...
[ERROR - 2026-03-03 21:13:20,024 - Worker_2] Status code == 403 for https://noticias.uol.com.br/politica/ultimas-noticias/2023/03/13/ministra-marina-silva-internada.htm, skipping...
[ERROR - 2026-03-03 21:13:24,179 - Worker_1] Status code == 403 for https://noticias.uol.com.br/colunas/jamil-chade/2023/03/13/importacao-belica-ao-brasil-cresce-expansao-coincide-com-governo-bolsonaro.htm, skipping...
[ERROR - 2026-03-03 21:13:31,717 - Worker_0] Status code == 403 for https://noticias.uol.com.br/colunas/rogerio-gentile/2023/03/13/mc-pipokinha-vence-facebook-na-justica-nao-ha-exposicao-sexual-afrontosa.htm, skipping...
[ERROR - 2026-03-03 21:13:40,654 - Worker_2] Status code == 403 for https://tab.uol.com.br/noticias/redacao/2023/03/09/brasileirinhas-porno-alexandre-frota-rita-cadillac-leila-lopes.htm, skipping...
[ERROR - 2026-03-03 21:13:44,970 - Worker_0] Status code == 403 for https://noticias.uol.com.br/cotidiano/ultimas-noticias/2023/03/13/ba-empresario-com-1-milhao-de-seguidores-e-morto-a-tiros-em-restaurante.htm, skipping...
[ERROR - 2026-03-03 21:13:46,013 - Worker_3] Status code == 403 for https://noticias.uol.com.br/colunas/carla-araujo/2023/03/13/aposta-on-line-regulamentacao-de-loteria-pode-aumentar-arrecadacao-em-140.htm, skipping...
[ERROR - 2026-03-03 21:14:00,677 - Worker_1] Status code == 403 for https://noticias.uol.com.br/ultimas-noticias/afp/2023/03/13/crianca-de-tres-anos-mata-irma-com-um-tiro-nos-eua.htm, skipping...
[ERROR - 2026-03-03 21:14:07,448 - Worker_1] Status code == 403 for https://noticias.uol.com.br/cotidiano/ultimas-noticias/2023/03/12/caso-thais-medeiros-pimenta.htm, skipping...
[ERROR - 2026-03-03 21:14:11,920 - Worker_1] Status code == 403 for https://noticias.uol.com.br/politica/ultimas-noticias/2023/03/13/defesa-bolsonaro-entregara-joias-tcu.htm, skipping...
[ERROR - 2026-03-03 21:14:21,533 - Worker_1] Status code == 403 for https://noticias.uol.com.br/cotidiano/ultimas-noticias/2023/03/13/crianca-da-a-luz-bebe-padrasto-preso-acre.htm, skipping...
[ERROR - 2026-03-03 21:14:22,106 - Worker_4] Status code == 403 for https://noticias.uol.com.br/cotidiano/ultimas-noticias/2023/03/13/chuva-sp-13-de-marco.htm, skipping...
[ERROR - 2026-03-03 21:14:33,872 - Worker_2] Status code == 403 for https://noticias.uol.com.br/politica/ultimas-noticias/2023/03/14/bolsonaro-contrata-advogado-de-brennand-para-defesa-no-caso-das-joias.htm, skipping...
[ERROR - 2026-03-03 21:14:35,203 - Worker_0] Status code == 403 for https://noticias.uol.com.br/colunas/jamil-chade/2023/03/14/marielle-define-quem-somos.htm, skipping...
[ERROR - 2026-03-03 21:14:42,782 - Worker_2] Status code == 403 for https://noticias.uol.com.br/ultimas-noticias/2023/03/14/mega-sena-2573-concurso-numeros-sorteio-de-hoje-premio.htm, skipping...
[ERROR - 2026-03-03 21:14:49,387 - Worker_1] Status code == 403 for https://noticias.uol.com.br/ultimas-noticias/afp/2023/03/14/responsavel-por-atentado-contra-vice-presidente-argentina-diz-nao-se-arrepender.htm, skipping...
[ERROR - 2026-03-03 21:14:51,985 - Worker_3] Status code == 403 for https://tab.uol.com.br/videos/2023/03/10/brasil-para-maiores-1-frota-o-ex-gala-que-mudou-o-porno-br-para-sempre.htm, skipping...
[ERROR - 2026-03-03 21:15:01,097 - Worker_0] Status code == 403 for https://noticias.uol.com.br/cotidiano/ultimas-noticias/2023/03/14/o-que-pode-ter-motivado-ataques-no-rn.htm, skipping...
[ERROR - 2026-03-03 21:15:02,719 - Worker_1] Status code == 403 for https://noticias.uol.com.br/cotidiano/ultimas-noticias/2023/03/14/estudante-de-medicina-e-investigado-por-ameacas-e-injurias-homofobicas.htm, skipping...
[ERROR - 2026-03-03 21:15:05,947 - Worker_3] Status code == 403 for https://noticias.uol.com.br/cotidiano/ultimas-noticias/2023/03/14/preso-transferido-ataques-rn.htm, skipping...
[ERROR - 2026-03-03 21:15:09,456 - Worker_2] Status code == 403 for https://noticias.uol.com.br/cotidiano/ultimas-noticias/2023/03/14/flavio-dino-forca-nacional-rn-ataques.htm, skipping...
[ERROR - 2026-03-03 21:15:11,419 - Worker_4] Status code == 403 for https://noticias.uol.com.br/ultimas-noticias/efe/2023/03/14/homem-de-57-anos-e-libertado-apos-passar-quase-35-anos-em-prisao-dos-eua.htm, skipping...
[ERROR - 2026-03-03 21:15:15,809 - Worker_4] Status code == 403 for https://noticias.uol.com.br/cotidiano/ultimas-noticias/2023/03/13/camera-supermercado-menina-mg.htm, skipping...
[ERROR - 2026-03-03 21:15:20,076 - Worker_4] Status code == 404 for https://www.uol.com.br/universa/horoscopo/noticias/redacao/2023/03/14/ano-novo-astrologico-marcia-sensitiva-ensina-ritual-para-abrir-caminhos.htm, skipping...
[ERROR - 2026-03-03 21:15:24,154 - Worker_0] Status code == 403 for https://tab.uol.com.br/noticias/redacao/2023/03/14/vai-ter-legenda-em-blaihait-publico-faz-imersao-em-idioma-inventado.htm, skipping...
[ERROR - 2026-03-03 21:15:24,467 - Worker_4] Status code == 403 for https://noticias.uol.com.br/internacional/ultimas-noticias/2023/03/14/mulher-acorda-falando-tres-sotaques-diferentes-apos-cirurgia-na-coluna.htm, skipping...
[ERROR - 2026-03-03 21:15:31,704 - Worker_2] Status code == 403 for https://noticias.uol.com.br/colunas/carla-araujo/2023/03/14/a-pf-bento-albuquerque-isenta-bolsonaro-e-diz-que-se-surpreendeu-com-joias.htm, skipping...
[ERROR - 2026-03-03 21:15:32,973 - Worker_0] Status code == 403 for https://noticias.uol.com.br/ultimas-noticias/redacao/2023/03/14/por-que-e-tao-importante-saber-quem-mandou-matar-marielle.htm, skipping...
[ERROR - 2026-03-03 21:15:33,408 - Worker_4] Status code == 403 for https://tab.uol.com.br/noticias/redacao/2023/03/13/destruicao-de-reputacao-ex-diretor-de-tv-narra-inferno-pessoal-em-livro.htm, skipping...
[ERROR - 2026-03-03 21:15:39,173 - Worker_1] Status code == 403 for https://noticias.uol.com.br/cotidiano/ultimas-noticias/2023/03/14/mulher-carta-despedida.htm, skipping...
[ERROR - 2026-03-03 21:15:42,314 - Worker_4] Status code == 403 for https://tab.uol.com.br/colunas/matheus-pichonelli/2023/03/14/acusados-de-golpe-em-scarpa-abracam-nas-redes-o-lema-deus-patria-e-familia.htm, skipping...
[ERROR - 2026-03-03 21:15:53,600 - Worker_1] Status code == 403 for https://tab.uol.com.br/noticias/redacao/2023/03/09/brasileirinhas-porno-alexandre-frota-rita-cadillac-leila-lopes.htm, skipping...
[ERROR - 2026-03-03 21:16:18,747 - Worker_3] Status code == 403 for https://noticias.uol.com.br/colunas/jose-roberto-de-toledo/2023/03/14/marielle-franco-foi-morta-por-atrapalhar-os-planos-de-expansao-da-milicia.htm, skipping...
[ERROR - 2026-03-03 21:16:20,897 - Worker_1] Status code == 403 for https://noticias.uol.com.br/internacional/ultimas-noticias/2023/03/14/bomba-derrete-carne-guerra-russia-ucrania.htm, skipping...
[ERROR - 2026-03-03 21:16:25,026 - Worker_1] Status code == 403 for https://noticias.uol.com.br/cotidiano/ultimas-noticias/2023/03/14/defensor-publico-e-preso-em-campo-grande-por-suspeita-de-fazer-parte-do-pcc.htm, skipping...
[ERROR - 2026-03-03 21:16:25,054 - Worker_4] Status code == 403 for https://noticias.uol.com.br/cotidiano/ultimas-noticias/2023/03/14/estacao-osasco-agua.htm, skipping...
[ERROR - 2026-03-03 21:16:31,501 - Worker_1] Status code == 403 for https://noticias.uol.com.br/colunas/madeleine-lacsko/2023/03/14/fala-de-lula-sobre-escravidao-foi-ou-nao-racista.htm, skipping...
[ERROR - 2026-03-03 21:16:32,043 - Worker_0] Status code == 403 for https://noticias.uol.com.br/colunas/rogerio-gentile/2023/03/14/bolsonarista-sosia-de-roberto-carlos-e-condenado-por-ofensa-a-mirian-leitao.htm, skipping...
[ERROR - 2026-03-03 21:16:36,450 - Worker_2] Status code == 403 for https://noticias.uol.com.br/politica/ultimas-noticias/2023/03/14/mulheres-presas-atos-golpistas-8-de-janeiro.htm, skipping...
[ERROR - 2026-03-03 21:16:40,439 - Worker_4] Status code == 403 for https://noticias.uol.com.br/colunas/leonardo-sakamoto/2023/03/14/brasil-precisa-responder-se-politicos-e-milicianos-mandaram-matar-marielle.htm, skipping...
[ERROR - 2026-03-03 21:16:44,549 - Worker_4] Status code == 403 for https://noticias.uol.com.br/politica/ultimas-noticias/2023/03/15/moraes-ibaneis-rocha.htm, skipping...
[ERROR - 2026-03-03 21:16:48,664 - Worker_4] Status code == 403 for https://noticias.uol.com.br/colunas/chico-alves/2023/03/15/ja-devolveu-o-relogio-pergunta-deputado-do-psol-a-eduardo-bolsonaro.htm, skipping...
[ERROR - 2026-03-03 21:16:51,972 - Worker_2] Status code == 403 for https://noticias.uol.com.br/colunas/josias-de-souza/2023/03/15/decisao-do-tcu-sobre-joias-da-a-bolsonaro-aparencia-de-um-ladrao-de-circo.htm, skipping...
[ERROR - 2026-03-03 21:16:57,285 - Worker_4] Status code == 403 for https://tab.uol.com.br/videos/2023/03/10/brasil-para-maiores-1-frota-o-ex-gala-que-mudou-o-porno-br-para-sempre.htm, skipping...
[ERROR - 2026-03-03 21:16:58,084 - Worker_1] Status code == 403 for https://noticias.uol.com.br/cotidiano/ultimas-noticias/2023/03/15/justica-suspende-concurso-apos-aprovacao-de-professor-que-elaborou-a-prova.htm, skipping...
[ERROR - 2026-03-03 21:17:05,073 - Worker_2] Status code == 403 for https://noticias.uol.com.br/cotidiano/ultimas-noticias/2023/03/15/governadora-rn-envio-mossoro.htm, skipping...
[ERROR - 2026-03-03 21:17:06,008 - Worker_3] Status code == 403 for https://noticias.uol.com.br/politica/ultimas-noticias/2023/03/15/defesa-bolsonaro-joias-tcu-presidencia.htm, skipping...
[ERROR - 2026-03-03 21:17:06,800 - Worker_1] Status code == 403 for https://noticias.uol.com.br/colunas/carolina-brigido/2023/03/15/tcu-fecha-cerco-contra-bolsonaro-com-nova-investigacao-sobre-joias.htm, skipping...
[ERROR - 2026-03-03 21:17:10,116 - Worker_3] Status code == 403 for https://noticias.uol.com.br/colunas/carlos-madeiro/2023/03/15/lewandowski-do-stf-anula-contrato-de-cessao-de-fernanado-de-noronha-a-pe.htm, skipping...
[ERROR - 2026-03-03 21:17:10,933 - Worker_1] Status code == 403 for https://noticias.uol.com.br/cotidiano/ultimas-noticias/2023/03/15/menina-rj-ma.htm, skipping...
[ERROR - 2026-03-03 21:17:15,040 - Worker_1] Status code == 403 for https://noticias.uol.com.br/politica/ultimas-noticias/2023/03/15/eleicao-alesp.htm, skipping...
[ERROR - 2026-03-03 21:17:19,195 - Worker_1] Status code == 404 for https://www.uol.com.br/universa/horoscopo/noticias/redacao/2023/03/14/ano-novo-astrologico-marcia-sensitiva-ensina-ritual-para-abrir-caminhos.htm, skipping...
[ERROR - 2026-03-03 21:17:33,588 - Worker_3] Status code == 403 for https://noticias.uol.com.br/cotidiano/ultimas-noticias/2023/03/15/casada-ha-16-anos-ela-nunca-morou-com-marido-e-ele-sequer-foi-a-cerimonia.htm, skipping...
[ERROR - 2026-03-03 21:17:42,694 - Worker_3] Status code == 403 for https://noticias.uol.com.br/colunas/madeleine-lacsko/2023/03/15/qual-o-limite-do-fetiche-da-elite-urbana-por-miseria.htm, skipping...
[ERROR - 2026-03-03 21:17:45,881 - Worker_1] Status code == 403 for https://noticias.uol.com.br/colunas/leonardo-sakamoto/2023/03/15/escandalo-das-joias-pulveriza-imagem-de-bolsonaro-como-homem-do-povo.htm, skipping...
[ERROR - 2026-03-03 21:17:49,369 - Worker_4] Status code == 403 for https://tab.uol.com.br/noticias/redacao/2023/03/15/porno-de-celebridades-processos-da-prevent-mc-bin-laden-e-mais.htm, skipping...
[ERROR - 2026-03-03 21:17:53,507 - Worker_4] Status code == 403 for https://noticias.uol.com.br/cotidiano/ultimas-noticias/2023/03/15/sc-professor-afastado-por-defender-nazismo-volta-as-aulas-e-elogia-hitler.htm, skipping...
[ERROR - 2026-03-03 21:17:54,361 - Worker_1] Status code == 403 for https://noticias.uol.com.br/internacional/ultimas-noticias/2023/03/15/insetos-pilhos-buenos-aires-recorde-calor.htm, skipping...
[ERROR - 2026-03-03 21:17:55,715 - Worker_2] Status code == 403 for https://noticias.uol.com.br/ultimas-noticias/reuters/2023/03/15/operacao-policial-no-rio-deixa-3-mortos-e-prende-19-na-cidade-de-deus.htm, skipping...
[ERROR - 2026-03-03 21:17:56,154 - Worker_3] Status code == 403 for https://noticias.uol.com.br/colunas/aguirre-talento/2023/03/15/presos-no-81-dizem-a-pf-que-igrejas-pagaram-onibus-para-ato-em-brasilia.htm, skipping...
[ERROR - 2026-03-03 21:17:57,084 - Worker_0] Status code == 403 for https://noticias.uol.com.br/cotidiano/ultimas-noticias/2023/03/15/tumulo-lazaro-vandalizado-goias.htm, skipping...
[ERROR - 2026-03-03 21:17:57,616 - Worker_4] Status code == 403 for https://noticias.uol.com.br/cotidiano/ultimas-noticias/2023/03/15/relatorio-aponta-condicoes-insalubres-presidios-rn.htm, skipping...
[ERROR - 2026-03-03 21:17:58,469 - Worker_1] Status code == 403 for https://tab.uol.com.br/noticias/redacao/2023/03/15/fiz-por-merecer-autor-mais-proibido-do-pais-foi-reporter-de-um-tempo-mau.htm, skipping...
[ERROR - 2026-03-03 21:17:59,849 - Worker_2] Status code == 403 for https://noticias.uol.com.br/ultimas-noticias/afp/2023/03/15/nove-mortos-por-inundacoes-em-regiao-atingida-por-terremoto-na-turquia.htm, skipping...
[ERROR - 2026-03-03 21:18:00,559 - Worker_3] Status code == 403 for https://noticias.uol.com.br/cotidiano/ultimas-noticias/2023/03/15/feminicidio-mulher-itajai.htm, skipping...
[ERROR - 2026-03-03 21:18:01,976 - Worker_4] Status code == 403 for https://noticias.uol.com.br/ultimas-noticias/agencia-estado/2023/03/15/de-saida-do-stf-lewandowski-trava-5-acoes-da-lava-jato-em-acordo-com-a-odebrecht.htm, skipping...
[ERROR - 2026-03-03 21:18:06,051 - Worker_0] Status code == 403 for https://noticias.uol.com.br/cotidiano/ultimas-noticias/2023/03/15/governo-lula-forca-tarefa-rn-ataques.htm, skipping...
[ERROR - 2026-03-03 21:18:07,349 - Worker_3] Status code == 403 for https://noticias.uol.com.br/cotidiano/ultimas-noticias/2023/03/15/jairinho-decisao-cremerj.htm, skipping...
[ERROR - 2026-03-03 21:18:08,514 - Worker_4] Status code == 403 for https://tab.uol.com.br/noticias/redacao/2023/03/09/brasileirinhas-porno-alexandre-frota-rita-cadillac-leila-lopes.htm, skipping...
[ERROR - 2026-03-03 21:18:10,477 - Worker_0] Status code == 403 for https://noticias.uol.com.br/cotidiano/ultimas-noticias/2023/03/15/criancas-sao-resgatadas-de-casa-cheia-de-lixo-e-restos-de-comida-em-go.htm, skipping...
[ERROR - 2026-03-03 21:18:13,747 - Worker_2] Status code == 403 for https://noticias.uol.com.br/cotidiano/ultimas-noticias/2023/03/15/vitimas-crianca-idosa-mortas-apartamento-vazamento-gas-bh.htm, skipping...
[ERROR - 2026-03-03 21:18:15,086 - Worker_4] Status code == 403 for https://tab.uol.com.br/noticias/redacao/2023/03/15/moradores-do-parque-novo-mundo-preferem-paulo-freire-em-nome-da-estacao.htm, skipping...
[ERROR - 2026-03-03 21:18:21,749 - Worker_0] Status code == 403 for https://noticias.uol.com.br/cotidiano/ultimas-noticias/2023/03/15/governo-de-alagoas-corpo-gleise-graciela-firmiano.htm, skipping...
[ERROR - 2026-03-03 21:18:22,004 - Worker_1] Status code == 403 for https://noticias.uol.com.br/politica/ultimas-noticias/2023/03/15/sobe-e-desce-alesp.htm, skipping...
[ERROR - 2026-03-03 21:18:22,955 - Worker_2] Status code == 403 for https://noticias.uol.com.br/politica/ultimas-noticias/2023/03/15/prime-procurador-uerj.htm, skipping...
[ERROR - 2026-03-03 21:18:27,062 - Worker_2] Status code == 403 for https://noticias.uol.com.br/cotidiano/ultimas-noticias/2023/03/15/pastor-preso-ameaca-estupro-goias.htm, skipping...
[ERROR - 2026-03-03 21:18:28,693 - Worker_4] Status code == 403 for https://noticias.uol.com.br/cotidiano/ultimas-noticias/2023/03/15/policial-ladrao-moto-carona.htm, skipping...
[ERROR - 2026-03-03 21:18:31,230 - Worker_1] Status code == 403 for https://noticias.uol.com.br/cotidiano/ultimas-noticias/2023/03/15/imoveis-interditados-obra-metro-zona-norte-sp.htm, skipping...
[ERROR - 2026-03-03 21:18:35,418 - Worker_1] Status code == 403 for https://noticias.uol.com.br/colunas/thais-oyama/2023/03/15/pt-entra-na-briga-de-foice-por-vaga-no-stf-contra-zanin-o-homem-esfinge.htm, skipping...
[ERROR - 2026-03-03 21:18:37,821 - Worker_0] Status code == 403 for https://economia.uol.com.br/noticias/redacao/2023/03/15/gol-e-azul-ja-toparam-diz-ministro-sobre-passagem-a-r-200.htm, skipping...
[ERROR - 2026-03-03 21:18:44,408 - Worker_4] Status code == 403 for https://noticias.uol.com.br/colunas/presenca-historica/2023/03/15/preto-correndo-e-ladrao-passou-da-hora-de-falar-sobre-perfilamento-racial.htm, skipping...
[ERROR - 2026-03-03 21:18:44,943 - Worker_1] Status code == 403 for https://economia.uol.com.br/colunas/jose-paulo-kupfer/2023/03/15/acoes-do-credit-suisse-derretem-crise-global-a-caminho.htm, skipping...
[ERROR - 2026-03-03 21:18:46,100 - Worker_2] Status code == 403 for https://noticias.uol.com.br/politica/ultimas-noticias/2023/03/15/eduardo-cunha-decisao-suspensa-6-carros.htm, skipping...
[ERROR - 2026-03-03 21:18:49,520 - Worker_0] Status code == 403 for https://tab.uol.com.br/colunas/matheus-pichonelli/2023/03/15/tarcisio-desbanca-paulo-freira-para-manter-distancia-segura-de-base-radical.htm, skipping...
[ERROR - 2026-03-03 21:18:50,289 - Worker_2] Status code == 403 for https://noticias.uol.com.br/cotidiano/ultimas-noticias/2023/03/15/atacada-por-tubarao-em-pe-diz-ter-sido-alvo-de-piadas-e-pede-ajuda-parem.htm, skipping...
[ERROR - 2026-03-03 21:18:53,610 - Worker_0] Status code == 403 for https://noticias.uol.com.br/colunas/jose-roberto-de-toledo/2023/03/15/tcu-desmoraliza-bolsonaro-mais-uma-vez-ao-pedir-devolucao-de-joias-sauditas.htm, skipping...
[ERROR - 2026-03-03 21:18:57,413 - Worker_4] Status code == 403 for https://economia.uol.com.br/imposto-de-renda/noticias/redacao/2023/03/09/imposto-de-renda-2023-receita-libera-download-do-programa.htm, skipping...
[ERROR - 2026-03-03 21:18:59,586 - Worker_2] Status code == 403 for https://noticias.uol.com.br/politica/ultimas-noticias/2023/03/16/lula-me-usou-na-campanha-mas-nao-me-chamou-nem-para-a-posse-diz-requiao.htm, skipping...
[ERROR - 2026-03-03 21:19:05,811 - Worker_1] Status code == 403 for https://noticias.uol.com.br/cotidiano/ultimas-noticias/2023/03/16/bombeiro-estelionato-amoroso-distrito-federal.htm, skipping...
[ERROR - 2026-03-03 21:19:06,089 - Worker_2] Status code == 403 for https://noticias.uol.com.br/colunas/leonardo-sakamoto/2023/03/16/domestica-vitima-de-escravidao-toma-posse-como-deputada-estadual-em-sp.htm, skipping...
[ERROR - 2026-03-03 21:19:09,906 - Worker_1] Status code == 403 for https://noticias.uol.com.br/colunas/walter-maierovitch/2023/03/16/devolver-joias-nao-exclui-crime-de-peculato-cometido-por-bolsonaro.htm, skipping...
[ERROR - 2026-03-03 21:19:11,179 - Worker_4] Status code == 403 for https://noticias.uol.com.br/colunas/thais-oyama/2023/03/16/imagem-de-presidente-anti-establishment-e-tudo-o-que-o-lula-quer.htm, skipping...
[ERROR - 2026-03-03 21:19:14,161 - Worker_3] Status code == 403 for https://noticias.uol.com.br/ultimas-noticias/afp/2023/03/16/espanha-aprova-reforma-da-previdencia-e-diz-que-franca-demorou-para-fazer-o-mesmo.htm, skipping...
[ERROR - 2026-03-03 21:19:14,224 - Worker_0] Status code == 403 for https://tab.uol.com.br/videos/2023/03/10/brasil-para-maiores-1-frota-o-ex-gala-que-mudou-o-porno-br-para-sempre.htm, skipping...
[ERROR - 2026-03-03 21:19:18,379 - Worker_0] Status code == 403 for https://noticias.uol.com.br/ultimas-noticias/afp/2023/03/16/espanha-aprova-lei-contra-maus-tratos-aos-animais.htm, skipping...
[ERROR - 2026-03-03 21:19:19,106 - Worker_1] Status code == 403 for https://noticias.uol.com.br/cotidiano/ultimas-noticias/2023/03/16/descobri-que-o-brasil-existia-com-22-anos-conta-professora-de-russo.htm, skipping...
[ERROR - 2026-03-03 21:19:22,561 - Worker_0] Status code == 403 for https://tab.uol.com.br/colunas/matheus-pichonelli/2023/03/16/jovem-cuidado-com-as-redes-voce-pode-estar-gravando-sua-propria-estupidez.htm, skipping...
[ERROR - 2026-03-03 21:19:33,442 - Worker_2] Status code == 403 for https://noticias.uol.com.br/cotidiano/ultimas-noticias/2023/03/16/criminosos-fecham-rodovia-e-queimam-veiculos-no-rj.htm, skipping...
[ERROR - 2026-03-03 21:19:42,898 - Worker_4] Status code == 403 for https://noticias.uol.com.br/colunas/josmar-jozino/2023/03/16/comparsa-da-familia-busca-po-pagou-r-35-milhoes-para-ser-solto-diz-pf.htm, skipping...
[ERROR - 2026-03-03 21:19:44,669 - Worker_3] Status code == 403 for https://noticias.uol.com.br/politica/ultimas-noticias/2023/03/16/evento-posse-stm.htm, skipping...
[ERROR - 2026-03-03 21:19:51,751 - Worker_3] Status code == 403 for https://noticias.uol.com.br/internacional/ultimas-noticias/2023/03/16/arma-eua-minas-russia-ucrania.htm, skipping...
[ERROR - 2026-03-03 21:20:05,297 - Worker_1] Status code == 403 for https://noticias.uol.com.br/colunas/aguirre-talento/2023/03/16/detida-pela-pf-diz-que-deputada-bolsonarista-organizou-onibus-para-81.htm, skipping...
[ERROR - 2026-03-03 21:20:10,028 - Worker_3] Status code == 403 for https://noticias.uol.com.br/cotidiano/ultimas-noticias/2023/03/16/universitarias-debocharam-colega-40-anos-desiste-curso.htm, skipping...
[ERROR - 2026-03-03 21:20:14,231 - Worker_3] Status code == 403 for https://tab.uol.com.br/noticias/redacao/2023/03/15/fiz-por-merecer-autor-mais-proibido-do-pais-foi-reporter-de-um-tempo-mau.htm, skipping...
[ERROR - 2026-03-03 21:20:18,913 - Worker_1] Status code == 403 for https://noticias.uol.com.br/internacional/ultimas-noticias/2023/03/16/macron-impoe-sua-reforma-da-previdencia-e-paris-tem-dia-de-protestos.htm, skipping...
[ERROR - 2026-03-03 21:20:24,474 - Worker_4] Status code == 403 for http://tab.uol.com.br/videos/2023/03/16/brasil-para-maiores-2-da-kombi-viagra-a-era-das-celebridades-a-saga-da-brasileirinhas.htm, skipping...
[ERROR - 2026-03-03 21:20:24,535 - Worker_3] Status code == 403 for https://tab.uol.com.br/noticias/redacao/2023/03/09/brasileirinhas-porno-alexandre-frota-rita-cadillac-leila-lopes.htm, skipping...
[ERROR - 2026-03-03 21:20:28,654 - Worker_4] Status code == 403 for https://noticias.uol.com.br/cotidiano/ultimas-noticias/2023/03/16/jovem-thais-medeiros-caso-pimenta-namorado.htm, skipping...
[ERROR - 2026-03-03 21:20:28,656 - Worker_3] Status code == 403 for https://noticias.uol.com.br/ultimas-noticias/reuters/2023/03/16/numero-de-mortos-por-ciclone-freddy-passa-de-400-em-malaui-e-mocambique.htm, skipping...
[ERROR - 2026-03-03 21:20:33,677 - Worker_2] Status code == 403 for https://tab.uol.com.br/noticias/redacao/2023/03/15/moradores-do-parque-novo-mundo-preferem-paulo-freire-em-nome-da-estacao.htm, skipping...
[ERROR - 2026-03-03 21:20:37,078 - Worker_0] Status code == 403 for https://noticias.uol.com.br/cotidiano/ultimas-noticias/2023/03/16/professor-afastado-segunda-vez-elogiar-hitler-santa-catarina.htm, skipping...
[ERROR - 2026-03-03 21:21:54,016 - Worker_0] Status code == 403 for https://noticias.uol.com.br/ultimas-noticias/afp/2023/03/17/oposicao-na-franca-apresenta-mocao-de-censura-contra-governo-por-polemica-reforma.htm, skipping...
[ERROR - 2026-03-03 21:22:00,802 - Worker_3] Status code == 403 for https://noticias.uol.com.br/ultimas-noticias/afp/2023/03/17/russia-condecora-pilotos-envolvidos-em-incidente-com-drone-dos-eua-no-mar-negro.htm, skipping...
[ERROR - 2026-03-03 21:22:01,174 - Worker_2] Status code == 403 for https://noticias.uol.com.br/colunas/carolina-brigido/2023/03/17/constituicao-nao-protege-atos-criminosos-de-81-diz-kassio-nunes-marques.htm, skipping...
[ERROR - 2026-03-03 21:22:05,165 - Worker_0] Status code == 403 for https://noticias.uol.com.br/colunas/leonardo-sakamoto/2023/03/17/punir-sapato-e-guime-nao-basta-e-preciso-evitar-assedio-sexual-em-empresas.htm, skipping...
[ERROR - 2026-03-03 21:22:07,957 - Worker_2] Status code == 403 for https://tab.uol.com.br/noticias/redacao/2023/03/17/orgulho-e-compaixao-parentes-falam-sobre-a-rotina-depois-da-prisao-do-81.htm, skipping...
[ERROR - 2026-03-03 21:22:09,525 - Worker_0] Status code == 403 for https://noticias.uol.com.br/confere/ultimas-noticias/2023/03/17/e-falso-que-oms-pediu-desculpas-por-nao-recomendar-cloroquina.htm, skipping...
[ERROR - 2026-03-03 21:22:12,900 - Worker_4] Status code == 403 for https://noticias.uol.com.br/ultimas-noticias/afp/2023/03/17/paris-acumula-10000-toneladas-de-lixo-em-suas-ruas-por-protestos.htm, skipping...
[ERROR - 2026-03-03 21:22:13,673 - Worker_1] Status code == 403 for https://noticias.uol.com.br/internacional/ultimas-noticias/2023/03/17/bebe-morre-apos-pais-acreditarem-na-alimentacao-pela-luz-solar.htm, skipping...
[ERROR - 2026-03-03 21:22:13,878 - Worker_0] Status code == 403 for https://noticias.uol.com.br/politica/ultimas-noticias/2023/03/17/major-e-condenado-a-2-anos-de-prisao-por-atividade-politico-partidaria.htm, skipping...
[ERROR - 2026-03-03 21:22:18,048 - Worker_1] Status code == 403 for https://noticias.uol.com.br/ultimas-noticias/agencia-estado/2023/03/17/justica-de-sc-nega-prisao-mas-amplia-afastamento-de-professor-que-elogiou-hitler.htm, skipping...
[ERROR - 2026-03-03 21:22:22,451 - Worker_1] Status code == 403 for https://tab.uol.com.br/noticias/redacao/2023/03/15/fiz-por-merecer-autor-mais-proibido-do-pais-foi-reporter-de-um-tempo-mau.htm, skipping...
[ERROR - 2026-03-03 21:22:25,644 - Worker_2] Status code == 403 for https://noticias.uol.com.br/cotidiano/ultimas-noticias/2023/03/17/queda-helicoptero-sao-paulo.htm, skipping...
[ERROR - 2026-03-03 21:22:25,892 - Worker_3] Status code == 403 for https://tab.uol.com.br/colunas/matheus-pichonelli/2023/03/17/pastor-acougueiro-turista-os-algozes-das-meninas-nao-usam-peruca.htm, skipping...
[ERROR - 2026-03-03 21:22:29,782 - Worker_2] Status code == 403 for https://noticias.uol.com.br/colunas/balaio-do-kotscho/2023/03/17/diretoria-do-sao-paulo-destroi-o-unico-clube-brasileiro-tricampeao-mundial.htm, skipping...
[ERROR - 2026-03-03 21:22:30,312 - Worker_3] Status code == 403 for https://tab.uol.com.br/noticias/redacao/2023/03/09/brasileirinhas-porno-alexandre-frota-rita-cadillac-leila-lopes.htm, skipping...
[ERROR - 2026-03-03 21:22:33,748 - Worker_0] Status code == 403 for https://tab.uol.com.br/videos/2023/03/16/brasil-para-maiores-2-da-kombi-viagra-a-era-das-celebridades-a-saga-da-brasileirinhas.htm, skipping...
[ERROR - 2026-03-03 21:22:40,078 - Worker_3] Status code == 403 for https://tab.uol.com.br/noticias/redacao/2023/03/15/moradores-do-parque-novo-mundo-preferem-paulo-freire-em-nome-da-estacao.htm, skipping...
[ERROR - 2026-03-03 21:23:13,645 - Worker_2] Status code == 403 for https://tab.uol.com.br/noticias/redacao/2023/03/17/nossa-hora-de-se-vingar-americano-faz-versoes-de-hits-brasileiros-na-web.htm, skipping...
[ERROR - 2026-03-03 21:23:33,710 - Worker_1] Status code == 403 for https://tab.uol.com.br/noticias/redacao/2023/03/18/correio-da-ma-noticia-mossoro-vive-tensao-por-ataques-e-desinformacao.htm, skipping...
[ERROR - 2026-03-03 21:23:42,500 - Worker_1] Status code == 403 for https://noticias.uol.com.br/ultimas-noticias/deutschewelle/2023/03/18/grave-risco-o-que-e-o-pacto-militar-que-causou-irritacao-imediata-na-china.htm, skipping...
[ERROR - 2026-03-03 21:23:43,498 - Worker_0] Status code == 403 for https://noticias.uol.com.br/ultimas-noticias/deutschewelle/2023/03/18/tudo-era-encoberto-escandalo-de-pedofilia-ligado-ao-papa-joao-paulo-2-divide-a-polonia.htm, skipping...
[ERROR - 2026-03-03 21:24:00,381 - Worker_1] Status code == 403 for https://noticias.uol.com.br/ultimas-noticias/2023/03/18/mega-sena-2575-concurso-numeros-sorteio-premio.htm, skipping...
[ERROR - 2026-03-03 21:24:04,520 - Worker_1] Status code == 403 for https://noticias.uol.com.br/cotidiano/ultimas-noticias/2023/03/18/moradores-abrigados-casas-parentes-amigos-prefeitura-falta-apoio.htm, skipping...
[ERROR - 2026-03-03 21:24:09,885 - Worker_3] Status code == 403 for https://noticias.uol.com.br/internacional/ultimas-noticias/2023/03/18/mae-argentina-confunde-gemeos-governo.htm, skipping...
[ERROR - 2026-03-03 21:24:10,867 - Worker_1] Status code == 403 for https://noticias.uol.com.br/cotidiano/ultimas-noticias/2023/03/18/acidente-entre-carro-e-carreta-deixa-5-mortos-no-rj.htm, skipping...
[ERROR - 2026-03-03 21:24:21,267 - Worker_3] Status code == 403 for https://noticias.uol.com.br/cotidiano/ultimas-noticias/2023/03/18/ataques-rn-policiais-forca-nacional-dino.htm, skipping...
[ERROR - 2026-03-03 21:24:24,053 - Worker_4] Status code == 403 for https://noticias.uol.com.br/colunas/juliana-dal-piva/2023/03/18/agencia-russa-de-noticias-sputnik-esta-fechando-as-portas-no-brasil.htm, skipping...
[ERROR - 2026-03-03 21:24:34,702 - Worker_1] Status code == 403 for https://tab.uol.com.br/noticias/redacao/2023/03/15/fiz-por-merecer-autor-mais-proibido-do-pais-foi-reporter-de-um-tempo-mau.htm, skipping...
[ERROR - 2026-03-03 21:24:52,760 - Worker_0] Status code == 403 for https://tab.uol.com.br/videos/2023/03/16/brasil-para-maiores-2-da-kombi-viagra-a-era-das-celebridades-a-saga-da-brasileirinhas.htm, skipping...
[ERROR - 2026-03-03 21:25:23,068 - Worker_1] Status code == 403 for https://tab.uol.com.br/noticias/redacao/2023/03/17/nossa-hora-de-se-vingar-americano-faz-versoes-de-hits-brasileiros-na-web.htm, skipping...
[ERROR - 2026-03-03 21:25:45,986 - Worker_2] Status code == 403 for https://tab.uol.com.br/noticias/redacao/2023/03/18/correio-da-ma-noticia-mossoro-vive-tensao-por-ataques-e-desinformacao.htm, skipping...
[ERROR - 2026-03-03 21:26:28,396 - Worker_4] Status code == 403 for https://noticias.uol.com.br/internacional/ultimas-noticias/2023/03/19/mig-29-como-sao-cacas-que-chegarao-a-ucrania.htm, skipping...
[ERROR - 2026-03-03 21:26:31,520 - Worker_0] Status code == 403 for https://noticias.uol.com.br/politica/ultimas-noticias/2023/03/19/deputada-metralhadora-lula-conselho-de-etica-pt.htm, skipping...
[ERROR - 2026-03-03 21:26:32,016 - Worker_1] Status code == 403 for https://noticias.uol.com.br/cotidiano/ultimas-noticias/2023/03/19/pf-prende-2-em-acao-contra-o-garimpo-ilegal-no-interior-do-para.htm, skipping...
[ERROR - 2026-03-03 21:26:32,998 - Worker_3] Status code == 403 for https://tab.uol.com.br/noticias/redacao/2023/03/15/fiz-por-merecer-autor-mais-proibido-do-pais-foi-reporter-de-um-tempo-mau.htm, skipping...
[ERROR - 2026-03-03 21:26:40,728 - Worker_1] Status code == 403 for https://tab.uol.com.br/colunas/matheus-pichonelli/2023/03/19/por-que-nao-devemos-cair-no-papo-de-que-81-foi-uma-loucura-coletiva.htm, skipping...
[ERROR - 2026-03-03 21:26:44,077 - Worker_3] Status code == 403 for https://tab.uol.com.br/videos/2023/03/16/brasil-para-maiores-2-da-kombi-viagra-a-era-das-celebridades-a-saga-da-brasileirinhas.htm, skipping...
[ERROR - 2026-03-03 21:26:48,924 - Worker_2] Status code == 403 for https://noticias.uol.com.br/cotidiano/ultimas-noticias/2023/03/19/irmas-suspeitas-de-exploracao-sexual-em-garimpo-na-ti-yanomami-sao-presas.htm, skipping...
[ERROR - 2026-03-03 21:26:54,395 - Worker_0] Status code == 403 for https://noticias.uol.com.br/politica/ultimas-noticias/2023/03/15/prime-procurador-uerj.htm, skipping...
[ERROR - 2026-03-03 21:27:05,162 - Worker_0] Status code == 403 for https://noticias.uol.com.br/cotidiano/ultimas-noticias/2023/03/19/bebe-morre-sinais-de-espancamento-mae-presa-espirito-santo.htm, skipping...
[ERROR - 2026-03-03 21:27:09,294 - Worker_0] Status code == 403 for https://noticias.uol.com.br/ultimas-noticias/agencia-estado/2023/03/19/aluguel-dispara-em-bairro-afetado-por-temporal-em-sao-sebastiao.htm, skipping...
[ERROR - 2026-03-03 21:27:10,634 - Worker_2] Status code == 403 for https://siterg.uol.com.br/cultura/2023/03/19/marco-luque-eu-acho-que-a-minha-arte-e-mais-do-que-so-o-humor/, skipping...
[ERROR - 2026-03-03 21:27:13,398 - Worker_0] Status code == 403 for https://noticias.uol.com.br/internacional/ultimas-noticias/2023/03/19/instrutor-brasileiro-morre-caverna-australia.htm, skipping...
[ERROR - 2026-03-03 21:27:17,512 - Worker_0] Status code == 403 for https://noticias.uol.com.br/colunas/jamil-chade/2023/03/19/carta-aos-banqueiros-quem-pagara-para-voces-serem-resgatados-desta-vez.htm, skipping...
[ERROR - 2026-03-03 21:27:21,964 - Worker_0] Status code == 403 for https://tab.uol.com.br/noticias/redacao/2023/03/19/nao-sou-saudosista-gaucho-troca-roupas-modernas-por-vestes-do-seculo-19.htm, skipping...
[ERROR - 2026-03-03 21:27:32,396 - Worker_2] Status code == 403 for https://noticias.uol.com.br/cotidiano/ultimas-noticias/2023/03/20/disparo-acidental-delegado-morre-pr.htm, skipping...
[ERROR - 2026-03-03 21:27:33,137 - Worker_0] Status code == 403 for https://noticias.uol.com.br/colunas/thais-oyama/2023/03/20/polarizacao-comeca-em-lula-e-termina-no-tinder.htm, skipping...
[ERROR - 2026-03-03 21:27:36,500 - Worker_2] Status code == 403 for https://noticias.uol.com.br/politica/ultimas-noticias/2023/03/20/governo-lula-volta-no-tempo-ao-relancar-mais-medicos-critica-mandetta.htm, skipping...
[ERROR - 2026-03-03 21:27:41,955 - Worker_0] Status code == 403 for https://noticias.uol.com.br/colunas/jamil-chade/2023/03/20/opositor-de-ortega-conta-tortura-nos-calaboucos-do-regime-na-nicaragua.htm, skipping...
[ERROR - 2026-03-03 21:27:54,785 - Worker_1] Status code == 403 for https://noticias.uol.com.br/cotidiano/ultimas-noticias/2023/03/20/apoiador-de-lula-mata-bolsonarista-apos-briga-em-bar-no-mato-grosso-diz-pm.htm, skipping...
[ERROR - 2026-03-03 21:27:59,146 - Worker_1] Status code == 403 for https://noticias.uol.com.br/politica/ultimas-noticias/2023/03/20/bolsonaro-pede-que-tcu-oriente-o-local-correto-para-devolver-joias-ilegais.htm, skipping...
[ERROR - 2026-03-03 21:28:03,517 - Worker_3] Status code == 403 for https://noticias.uol.com.br/colunas/aguirre-talento/2023/03/20/moraes-diz-que-bolsonarista-preso-incentivou-violencia-contra-lula-e-stf.htm, skipping...
[ERROR - 2026-03-03 21:28:03,553 - Worker_1] Status code == 403 for https://noticias.uol.com.br/cotidiano/ultimas-noticias/2023/03/19/frentista-ateia-fogo-em-cliente-apos-discussao-em-posto-de-gasolina-no-pr.htm, skipping...
[ERROR - 2026-03-03 21:28:07,648 - Worker_1] Status code == 403 for https://noticias.uol.com.br/cotidiano/ultimas-noticias/2023/03/20/chico-alves-crise-em-prisoes-do-rn-pode-semear-revoltas-em-outrosestados.htm, skipping...
[ERROR - 2026-03-03 21:28:10,353 - Worker_0] Status code == 403 for https://noticias.uol.com.br/cotidiano/ultimas-noticias/2023/03/20/cliente-compra-iphone-pela-amazon-e-recebe-perfume-para-bebe-em-pernambuco.htm, skipping...
[ERROR - 2026-03-03 21:28:11,924 - Worker_3] Status code == 403 for https://noticias.uol.com.br/saude/ultimas-noticias/redacao/2023/03/20/mais-medicos-entenda-o-que-mudou-no-programa-retomado-nesta-segunda-20.htm, skipping...
[ERROR - 2026-03-03 21:28:14,043 - Worker_2] Status code == 403 for https://noticias.uol.com.br/cotidiano/ultimas-noticias/2023/03/20/homem-mae-maus-tratos-carcere-privado-olinda.htm, skipping...
[ERROR - 2026-03-03 21:28:25,459 - Worker_1] Status code == 403 for https://noticias.uol.com.br/internacional/ultimas-noticias/2023/03/19/mig-29-como-sao-cacas-que-chegarao-a-ucrania.htm, skipping...
[ERROR - 2026-03-03 21:28:30,499 - Worker_2] Status code == 403 for https://noticias.uol.com.br/politica/ultimas-noticias/2023/03/20/joias-ministerio-publico-federal-e-policia-federal-unificam-investigacoes.htm, skipping...
[ERROR - 2026-03-03 21:28:33,875 - Worker_1] Status code == 403 for https://noticias.uol.com.br/cotidiano/ultimas-noticias/2023/03/20/caminhao-de-gas-explode-e-mata-uma-pessoa-no-interior-de-sao-paulo.htm, skipping...
[ERROR - 2026-03-03 21:28:34,568 - Worker_0] Status code == 403 for https://tab.uol.com.br/noticias/redacao/2023/03/15/fiz-por-merecer-autor-mais-proibido-do-pais-foi-reporter-de-um-tempo-mau.htm, skipping...
[ERROR - 2026-03-03 21:28:35,983 - Worker_3] Status code == 403 for https://noticias.uol.com.br/colunas/josias-de-souza/2023/03/20/reedicao-de-velhos-programas-reforcam-pecepcao-de-que-novo-lula-e-o-mesmo.htm, skipping...
[ERROR - 2026-03-03 21:28:37,990 - Worker_1] Status code == 403 for https://noticias.uol.com.br/internacional/ultimas-noticias/2023/03/20/missil-mutante-nova-arma-eua.htm, skipping...
[ERROR - 2026-03-03 21:28:42,103 - Worker_1] Status code == 403 for https://tab.uol.com.br/videos/2023/03/16/brasil-para-maiores-2-da-kombi-viagra-a-era-das-celebridades-a-saga-da-brasileirinhas.htm, skipping...
[ERROR - 2026-03-03 21:28:42,803 - Worker_3] Status code == 403 for https://noticias.uol.com.br/ultimas-noticias/afp/2023/03/20/governo-frances-supera-primeira-mocao-de-censura-no-parlamento-contra-reforma-da-previdencia.htm, skipping...
[ERROR - 2026-03-03 21:28:56,982 - Worker_4] Status code == 403 for https://noticias.uol.com.br/politica/ultimas-noticias/2023/03/20/tse-pede-acesso-a-pericia-de-minuta-acao-pode-tornar-bolsonaro-inelegivel.htm, skipping...
[ERROR - 2026-03-03 21:29:00,602 - Worker_3] Status code == 403 for https://tab.uol.com.br/noticias/redacao/2023/03/20/puro-amor-casa-de-sergio-mamberti-guarda-acervo-da-cultura-brasileira.htm, skipping...
[ERROR - 2026-03-03 21:29:01,498 - Worker_0] Status code == 403 for https://noticias.uol.com.br/politica/ultimas-noticias/2023/03/15/prime-procurador-uerj.htm, skipping...
[ERROR - 2026-03-03 21:29:04,999 - Worker_3] Status code == 403 for https://noticias.uol.com.br/cotidiano/ultimas-noticias/2023/03/20/elevador-com-11-pessoas-despenca-em-maceio-veja-video.htm, skipping...
[ERROR - 2026-03-03 21:29:09,361 - Worker_3] Status code == 403 for https://noticias.uol.com.br/ultimas-noticias/agencia-estado/2023/03/20/lira-mede-forcas-com-alcolumbre-para-segurar-mandatos-de-aliados.htm, skipping...
[ERROR - 2026-03-03 21:29:10,248 - Worker_0] Status code == 403 for https://tab.uol.com.br/noticias/redacao/2023/03/19/nao-sou-saudosista-gaucho-troca-roupas-modernas-por-vestes-do-seculo-19.htm, skipping...
[ERROR - 2026-03-03 21:29:13,799 - Worker_3] Status code == 403 for https://noticias.uol.com.br/ultimas-noticias/agencia-brasil/2023/03/20/pf-liberta-paraguaios-que-trabalhavam-em-situacao-analoga-a-escravidao.htm, skipping...
[ERROR - 2026-03-03 21:29:16,866 - Worker_2] Status code == 403 for https://noticias.uol.com.br/politica/ultimas-noticias/2023/03/20/pgr-novas-denuncias-atos-golpistas.htm, skipping...
[ERROR - 2026-03-03 21:29:20,484 - Worker_4] Status code == 403 for https://noticias.uol.com.br/politica/ultimas-noticias/2023/03/20/moraes-nikolas-ferreira.htm, skipping...
[ERROR - 2026-03-03 21:29:23,541 - Worker_0] Status code == 403 for https://noticias.uol.com.br/colunas/madeleine-lacsko/2023/03/20/debate-economico-foi-capturado-pela-polarizacao-irracional.htm, skipping...
[ERROR - 2026-03-03 21:30:27,166 - Worker_3] Status code == 403 for https://tab.uol.com.br/noticias/redacao/2023/03/21/cogumelo-magico-atrai-adeptos-e-vira-tendencia-de-mercado-no-brasil.htm, skipping...
[ERROR - 2026-03-03 21:30:35,738 - Worker_3] Status code == 403 for https://noticias.uol.com.br/ultimas-noticias/erratas/2023/03/21/home-estado-do-espirito-santo-tera-de-indenizar-contarato-e-marido.htm, skipping...
[ERROR - 2026-03-03 21:30:35,789 - Worker_0] Status code == 403 for https://tab.uol.com.br/noticias/redacao/2023/03/15/fiz-por-merecer-autor-mais-proibido-do-pais-foi-reporter-de-um-tempo-mau.htm, skipping...
[ERROR - 2026-03-03 21:30:38,943 - Worker_2] Status code == 403 for https://noticias.uol.com.br/cotidiano/ultimas-noticias/2023/03/21/cliente-queimado-por-frentista-posto-curitiba-discussao-banal.htm, skipping...
[ERROR - 2026-03-03 21:30:48,962 - Worker_0] Status code == 403 for https://noticias.uol.com.br/colunas/leonardo-sakamoto/2023/03/21/sorriam-pois-estamos-discutindo-juros-e-nao-mais-videos-de-golden-shower.htm, skipping...
[ERROR - 2026-03-03 21:30:55,795 - Worker_1] Status code == 403 for https://tab.uol.com.br/videos/2023/03/16/brasil-para-maiores-2-da-kombi-viagra-a-era-das-celebridades-a-saga-da-brasileirinhas.htm, skipping...
[ERROR - 2026-03-03 21:31:01,966 - Worker_2] Status code == 403 for https://noticias.uol.com.br/politica/ultimas-noticias/2023/03/21/desembargador-manda-soltar-o-doleiro-alberto-youssef-pivo-da-lava-jato.htm, skipping...
[ERROR - 2026-03-03 21:31:02,747 - Worker_3] Status code == 403 for https://tab.uol.com.br/noticias/redacao/2023/03/20/puro-amor-casa-de-sergio-mamberti-guarda-acervo-da-cultura-brasileira.htm, skipping...
[ERROR - 2026-03-03 21:31:06,467 - Worker_1] Status code == 403 for https://noticias.uol.com.br/politica/ultimas-noticias/2023/03/15/prime-procurador-uerj.htm, skipping...
[ERROR - 2026-03-03 21:31:07,744 - Worker_4] Status code == 403 for https://noticias.uol.com.br/internacional/ultimas-noticias/2023/03/21/donald-trump-o-que-se-sabe-possivel-prisao.htm, skipping...
[ERROR - 2026-03-03 21:31:07,989 - Worker_0] Status code == 403 for https://educacao.uol.com.br/noticias/2023/03/21/novo-ensino-medio-mudar-lula-camilo.htm, skipping...
[ERROR - 2026-03-03 21:31:10,579 - Worker_1] Status code == 403 for https://noticias.uol.com.br/cotidiano/ultimas-noticias/2023/03/21/cliente-ameaca-motoboy-ifood-rj.htm, skipping...
[ERROR - 2026-03-03 21:31:22,220 - Worker_1] Status code == 403 for https://noticias.uol.com.br/politica/ultimas-noticias/2023/03/21/lula-medidas-igualdade-racial.htm, skipping...
[ERROR - 2026-03-03 21:31:26,137 - Worker_0] Status code == 403 for https://noticias.uol.com.br/politica/ultimas-noticias/2023/03/21/bastidores-evento-pl-mulher-michelle-bolsonaro.htm, skipping...
[ERROR - 2026-03-03 21:31:35,053 - Worker_0] Status code == 403 for https://noticias.uol.com.br/internacional/ultimas-noticias/2023/03/21/terremoto-atinge-regiao-metropolitana-do-chile-e-assusta-populacao.htm, skipping...
[ERROR - 2026-03-03 21:31:35,117 - Worker_4] Status code == 403 for https://noticias.uol.com.br/internacional/ultimas-noticias/2023/03/21/video-homem-negro-asfixia.htm, skipping...
[ERROR - 2026-03-03 21:31:39,441 - Worker_0] Status code == 403 for https://tab.uol.com.br/noticias/redacao/2023/03/19/nao-sou-saudosista-gaucho-troca-roupas-modernas-por-vestes-do-seculo-19.htm, skipping...
[ERROR - 2026-03-03 21:31:39,523 - Worker_4] Status code == 403 for https://noticias.uol.com.br/colunas/josias-de-souza/2023/03/21/decisao-sobre-juros-de-1375-e-marcada-por-teimosia-do-bc-e-inacao-de-lula.htm, skipping...
[ERROR - 2026-03-03 21:31:43,795 - Worker_0] Status code == 403 for https://noticias.uol.com.br/colunas/josias-de-souza/2023/03/22/sol-so-brilhara-em-abril-sinaliza-lula-a-investidor-que-espera-a-alvorada.htm, skipping...
[ERROR - 2026-03-03 21:31:47,509 - Worker_2] Status code == 403 for https://noticias.uol.com.br/politica/ultimas-noticias/2023/03/22/morte-de-vereadora-do-ce-foi-feminicidio-diz-pericia.htm, skipping...
[ERROR - 2026-03-03 21:31:52,540 - Worker_0] Status code == 403 for https://noticias.uol.com.br/cotidiano/ultimas-noticias/2023/03/22/estatua-belzebu-casa-alvorada.htm, skipping...
[ERROR - 2026-03-03 21:31:53,578 - Worker_3] Status code == 403 for https://noticias.uol.com.br/colunas/josias-de-souza/2023/03/22/politizacao-do-plano-do-pcc-para-eliminar-autoridades-e-sinal-de-psicopatia.htm, skipping...
[ERROR - 2026-03-03 21:31:55,136 - Worker_4] Status code == 403 for https://noticias.uol.com.br/cotidiano/ultimas-noticias/2023/03/22/goiania-aviao-queda-feridos.htm, skipping...
[ERROR - 2026-03-03 21:32:01,057 - Worker_1] Status code == 403 for https://noticias.uol.com.br/colunas/thais-oyama/2023/03/22/campos-neto-e-o-novo-inimigo-do-povo.htm, skipping...
[ERROR - 2026-03-03 21:32:01,513 - Worker_4] Status code == 403 for https://noticias.uol.com.br/colunas/balaio-do-kotscho/2023/03/22/moro-volta-aos-holofotes-agora-no-papel-de-vitima-de-ataque-que-nao-houve.htm, skipping...
[ERROR - 2026-03-03 21:32:04,349 - Worker_3] Status code == 403 for https://noticias.uol.com.br/cotidiano/ultimas-noticias/2023/03/22/incendio-colegio-belo-horizonte-socorridos-bombeiros.htm, skipping...
[ERROR - 2026-03-03 21:32:09,561 - Worker_1] Status code == 403 for https://noticias.uol.com.br/politica/ultimas-noticias/2023/03/22/o-que-se-sabe-sobre-o-plano-do-pcc-contra-moro.htm, skipping...
[ERROR - 2026-03-03 21:32:12,743 - Worker_4] Status code == 403 for https://noticias.uol.com.br/politica/ultimas-noticias/2023/03/22/apreensoes-pf-operacao-pcc.htm, skipping...
[ERROR - 2026-03-03 21:32:15,111 - Worker_2] Status code == 403 for https://noticias.uol.com.br/internacional/ultimas-noticias/2023/03/22/nova-york-se-prepara-provavel-prisao-trump.htm, skipping...
[ERROR - 2026-03-03 21:32:16,838 - Worker_4] Status code == 403 for https://noticias.uol.com.br/cotidiano/ultimas-noticias/2023/03/21/homem-agressao-mulher-missa.htm, skipping...
[ERROR - 2026-03-03 21:32:19,752 - Worker_3] Status code == 403 for https://noticias.uol.com.br/colunas/jose-roberto-de-toledo/2023/03/22/manter-juro-recorde-e-bc-chantageando-governo-corto-o-meu-se-cortar-o-seu.htm, skipping...
[ERROR - 2026-03-03 21:32:24,167 - Worker_3] Status code == 403 for https://tab.uol.com.br/colunas/matheus-pichonelli/2023/03/22/moro-x-lula-e-prisao-de-yousseff-marcam-nova-fase-da-lava-jato.htm, skipping...
[ERROR - 2026-03-03 21:32:33,569 - Worker_2] Status code == 403 for https://noticias.uol.com.br/colunas/josias-de-souza/2023/03/22/lula-paga-antecipadamente-ao-centrao-por-apoio-a-propostas-que-nao-enviou.htm, skipping...
[ERROR - 2026-03-03 21:32:35,357 - Worker_3] Status code == 403 for https://noticias.uol.com.br/colunas/leonardo-sakamoto/2023/03/22/timing-de-frase-infeliz-de-lula-sobre-moro-esquenta-teorias-da-conspiracao.htm, skipping...
[ERROR - 2026-03-03 21:32:40,895 - Worker_4] Status code == 403 for https://noticias.uol.com.br/colunas/madeleine-lacsko/2023/03/22/timing-nao-poderia-ser-pior-para-lula-nem-melhor-para-moro.htm, skipping...
[ERROR - 2026-03-03 21:32:46,610 - Worker_1] Status code == 403 for https://tab.uol.com.br/noticias/redacao/2023/03/22/como-um-filme-de-arte-criou-sem-querer-o-porno-brasileiro.htm, skipping...
[ERROR - 2026-03-03 21:32:46,768 - Worker_3] Status code == 403 for https://tab.uol.com.br/noticias/redacao/2023/03/21/cogumelo-magico-atrai-adeptos-e-vira-tendencia-de-mercado-no-brasil.htm, skipping...
[ERROR - 2026-03-03 21:32:50,738 - Worker_1] Status code == 403 for https://noticias.uol.com.br/politica/ultimas-noticias/2023/03/22/sergio-moro-fala-senado-pcc.htm, skipping...
[ERROR - 2026-03-03 21:32:54,870 - Worker_1] Status code == 403 for https://noticias.uol.com.br/ultimas-noticias/agencia-estado/2023/03/22/cidade-de-sp-comeca-a-vacinar-contra-variola-dos-macacos-nesta-quarta.htm, skipping...
[ERROR - 2026-03-03 21:33:01,450 - Worker_4] Status code == 403 for https://noticias.uol.com.br/cotidiano/ultimas-noticias/2023/03/22/caranguejo-aeroporto-de-vitoria.htm, skipping...
[ERROR - 2026-03-03 21:33:01,781 - Worker_2] Status code == 403 for https://tab.uol.com.br/noticias/redacao/2023/03/22/violencia-no-rn-um-dandi-em-gramado-o-castelo-de-mamberti-e-mais.htm, skipping...
[ERROR - 2026-03-03 21:33:07,993 - Worker_1] Status code == 403 for https://noticias.uol.com.br/cotidiano/ultimas-noticias/2023/03/22/retroescavadeira-morte-sao-carlos.htm, skipping...
[ERROR - 2026-03-03 21:33:11,515 - Worker_3] Status code == 403 for https://noticias.uol.com.br/colunas/tales-faria/2023/03/22/arthur-lira-gera-primeira-crise-institucional-do-governo-lula-no-congresso.htm, skipping...
[ERROR - 2026-03-03 21:33:22,774 - Worker_3] Status code == 403 for https://tab.uol.com.br/videos/2023/03/16/brasil-para-maiores-2-da-kombi-viagra-a-era-das-celebridades-a-saga-da-brasileirinhas.htm, skipping...
[ERROR - 2026-03-03 21:33:26,063 - Worker_2] Status code == 403 for https://tab.uol.com.br/noticias/redacao/2023/03/22/refugiadas-no-brasil-ucranianas-vao-voltar-para-casa-mesmo-com-a-guerra.htm, skipping...
[ERROR - 2026-03-03 21:33:30,154 - Worker_2] Status code == 403 for https://tab.uol.com.br/noticias/redacao/2023/03/20/puro-amor-casa-de-sergio-mamberti-guarda-acervo-da-cultura-brasileira.htm, skipping...
[ERROR - 2026-03-03 21:33:56,211 - Worker_1] Status code == 403 for https://noticias.uol.com.br/colunas/josmar-jozino/2023/03/22/mulher-do-pcc-mais-procurada-pela-pf-foi-presa-na-rua-conte-lopes-em-sp.htm, skipping...
[ERROR - 2026-03-03 21:33:58,983 - Worker_0] Status code == 403 for https://noticias.uol.com.br/internacional/ultimas-noticias/2023/03/22/australia-cobra-marrom-cama.htm, skipping...
[ERROR - 2026-03-03 21:34:03,343 - Worker_0] Status code == 403 for https://noticias.uol.com.br/politica/ultimas-noticias/2023/03/22/quem-e-lincoln-gakiya-promotor-alvo-de-ataques-ao-lado-de-sergio-moro.htm, skipping...
[ERROR - 2026-03-03 21:34:04,562 - Worker_3] Status code == 403 for https://noticias.uol.com.br/ultimas-noticias/agencia-estado/2023/03/22/amazonia-multas-por-desmatamento-aumentam-169-no-primeiro-trimestre.htm, skipping...
[ERROR - 2026-03-03 21:34:07,707 - Worker_0] Status code == 403 for https://noticias.uol.com.br/colunas/balaio-do-kotscho/2023/03/23/catraca-livre-uma-forma-civilizada-de-protesto-sem-prejudicar-a-populacao.htm, skipping...
[ERROR - 2026-03-03 21:34:08,966 - Worker_3] Status code == 403 for https://noticias.uol.com.br/colunas/jamil-chade/2023/03/23/ue-exige-compromisso-do-brasil-por-fim-de-desmatamento-para-fechar-acordo.htm, skipping...
[ERROR - 2026-03-03 21:34:14,466 - Worker_0] Status code == 403 for https://noticias.uol.com.br/colunas/chico-alves/2023/03/22/politizacao-de-plano-do-pcc-contra-moro-e-mais-uma-baixaria-de-bolsonaro.htm, skipping...
[ERROR - 2026-03-03 21:34:18,819 - Worker_0] Status code == 403 for https://noticias.uol.com.br/cotidiano/ultimas-noticias/2023/03/23/greve-metro-sp.htm, skipping...
[ERROR - 2026-03-03 21:34:23,142 - Worker_0] Status code == 403 for https://noticias.uol.com.br/colunas/aguirre-talento/2023/03/23/lider-golpista-preso-emitiu-passaporte-e-planejava-fugir-do-pais-diz-pf.htm, skipping...
[ERROR - 2026-03-03 21:34:23,185 - Worker_4] Status code == 403 for https://noticias.uol.com.br/cotidiano/ultimas-noticias/2023/03/23/julgamento-leandro-boldrini-caso-bernardo-tres-passos-rio-grande-do-sul.htm, skipping...
[ERROR - 2026-03-03 21:34:32,950 - Worker_2] Status code == 403 for https://noticias.uol.com.br/politica/ultimas-noticias/2023/03/23/lira-cobra-bom-senso-do-senado-e-critica-pacheco-sobre-mps-na-gaveta.htm, skipping...
[ERROR - 2026-03-03 21:34:36,009 - Worker_4] Status code == 403 for https://noticias.uol.com.br/cotidiano/ultimas-noticias/2023/03/23/morte-caso-retroescavadeira.htm, skipping...
[ERROR - 2026-03-03 21:34:37,072 - Worker_3] Status code == 403 for https://noticias.uol.com.br/internacional/ultimas-noticias/2023/03/23/inglesa-fica-um-ano-sem-fazer-xixi-por-causa-de-sindrome-rara.htm, skipping...
[ERROR - 2026-03-03 21:34:40,754 - Worker_4] Status code == 403 for https://tab.uol.com.br/colunas/trombadas/2023/03/23/as-ondas-curtas-de-bil.htm, skipping...
[ERROR - 2026-03-03 21:34:44,110 - Worker_2] Status code == 403 for https://noticias.uol.com.br/politica/ultimas-noticias/2023/03/23/lula-moro-armacao.htm, skipping...
[ERROR - 2026-03-03 21:34:52,819 - Worker_2] Status code == 403 for https://noticias.uol.com.br/colunas/carlos-madeiro/2023/03/23/facebook-e-condenado-a-indenizar-8-milhoes-de-brasileiros-por-dados-vazados.htm, skipping...
[ERROR - 2026-03-03 21:34:57,047 - Worker_2] Status code == 403 for https://noticias.uol.com.br/internacional/ultimas-noticias/2023/03/22/como-sao-os-tanques-leopard-2-ucrania.htm, skipping...
[ERROR - 2026-03-03 21:34:59,401 - Worker_1] Status code == 403 for https://noticias.uol.com.br/cotidiano/ultimas-noticias/2023/03/23/vereadores-caso-exploracao-sexual.htm, skipping...
[ERROR - 2026-03-03 21:35:00,937 - Worker_3] Status code == 403 for https://noticias.uol.com.br/cotidiano/ultimas-noticias/2023/03/23/juiza-tira-sigilo-de-ordens-de-prisao-e-busca-contra-membros-do-pcc.htm, skipping...
[ERROR - 2026-03-03 21:35:06,489 - Worker_4] Status code == 403 for https://noticias.uol.com.br/colunas/camilo-vannuchi/2023/03/23/sao-paulo-deve-ganhar-comissao-especial-dos-memoriais-dos-mortos-politicos.htm, skipping...
[ERROR - 2026-03-03 21:35:14,510 - Worker_2] Status code == 403 for https://noticias.uol.com.br/colunas/josias-de-souza/2023/03/23/aliados-e-auxiliares-sugerem-que-lula-seja-pragmatico-no-trato-com-o-bc.htm, skipping...
[ERROR - 2026-03-03 21:35:27,487 - Worker_1] Status code == 403 for https://noticias.uol.com.br/colunas/josias-de-souza/2023/03/23/lula-tambem-tem-seus-surtos-de-genialidade-e-mais-uma-armacao-do-moro.htm, skipping...
[ERROR - 2026-03-03 21:35:31,596 - Worker_1] Status code == 403 for https://noticias.uol.com.br/colunas/josias-de-souza/2023/03/23/moro-foi-salvo-do-pcc-porque-autoridades-fizeram-oposto-do-que-ele-defende.htm, skipping...
[ERROR - 2026-03-03 21:35:38,058 - Worker_3] Status code == 403 for https://noticias.uol.com.br/cotidiano/ultimas-noticias/2023/03/23/policia-do-rio-operacao-um-dos-traficantes-mais-procurados-do-pais.htm, skipping...
[ERROR - 2026-03-03 21:35:38,071 - Worker_0] Status code == 403 for https://noticias.uol.com.br/cotidiano/ultimas-noticias/2023/03/23/metro-plano-de-contingencia-liberar-3-linhas-greve.htm, skipping...
[ERROR - 2026-03-03 21:35:38,072 - Worker_1] Status code == 403 for https://noticias.uol.com.br/cotidiano/ultimas-noticias/2023/03/23/caso-lollapalooza-nao-e-isolado-ha-irregularidades-em-eventos-diz-fiscal.htm, skipping...
[ERROR - 2026-03-03 21:35:42,204 - Worker_0] Status code == 403 for https://noticias.uol.com.br/internacional/ultimas-noticias/2023/03/23/um-milhao-de-pessoas-vao-as-ruas-contra-reforma-da-previdencia-na-franca.htm, skipping...
[ERROR - 2026-03-03 21:35:49,036 - Worker_0] Status code == 403 for https://tab.uol.com.br/noticias/redacao/2023/03/22/refugiadas-no-brasil-ucranianas-vao-voltar-para-casa-mesmo-com-a-guerra.htm, skipping...
[ERROR - 2026-03-03 21:35:54,060 - Worker_4] Status code == 403 for https://noticias.uol.com.br/colunas/chico-alves/2023/03/23/haddad-tenta-harmonia-com-bc-mas-nao-ha-retorno-diz-ex-diretor-do-banco.htm, skipping...
[ERROR - 2026-03-03 21:35:58,223 - Worker_4] Status code == 403 for https://tab.uol.com.br/noticias/redacao/2023/03/20/puro-amor-casa-de-sergio-mamberti-guarda-acervo-da-cultura-brasileira.htm, skipping...
[ERROR - 2026-03-03 21:36:01,055 - Worker_1] Status code == 403 for https://noticias.uol.com.br/politica/ultimas-noticias/2023/03/23/moro-rebate-fala-lula-ameaca-pcc.htm, skipping...
[ERROR - 2026-03-03 21:36:01,370 - Worker_0] Status code == 403 for https://noticias.uol.com.br/cotidiano/ultimas-noticias/2023/03/23/sp-sindicato-mantem-greve-do-metro-mesmo-apos-decisao-judicial.htm, skipping...
[ERROR - 2026-03-03 21:36:02,921 - Worker_3] Status code == 403 for https://noticias.uol.com.br/politica/ultimas-noticias/2023/03/23/vereadora-ce-agressao-antes-ser-morta-vitima-sofreu-mata-leao.htm, skipping...
[ERROR - 2026-03-03 21:36:03,412 - Worker_2] Status code == 403 for https://noticias.uol.com.br/cotidiano/ultimas-noticias/reporter-brasil/2023/03/23/exclusivo-lollapalooza-e-flagrado-com-trabalhadores-escravizados-em-sp.htm, skipping...
[ERROR - 2026-03-03 21:36:07,825 - Worker_2] Status code == 403 for https://noticias.uol.com.br/cotidiano/ultimas-noticias/2023/03/23/professora-usa-guarda-chuva-para-se-proteger-de-goteira-ao-dar-aula-no-para.htm, skipping...
[ERROR - 2026-03-03 21:36:09,207 - Worker_4] Status code == 403 for https://noticias.uol.com.br/politica/ultimas-noticias/2023/03/23/reacao-governo-copom-lula-juros.htm, skipping...
[ERROR - 2026-03-03 21:36:16,413 - Worker_3] Status code == 403 for https://noticias.uol.com.br/ultimas-noticias/agencia-estado/2023/03/23/fab-pagou-r-134-mi-a-uma-empresa-da-florida-em-parcelas-diarias-durante-5-anos.htm, skipping...
[ERROR - 2026-03-03 21:36:18,508 - Worker_0] Status code == 403 for https://tab.uol.com.br/noticias/redacao/2023/03/23/da-favela-a-florida-a-historia-da-lagoinha-a-igreja-pop-do-cla-valadao.htm, skipping...
[ERROR - 2026-03-03 21:36:18,795 - Worker_1] Status code == 403 for https://noticias.uol.com.br/cotidiano/ultimas-noticias/2023/03/23/forjado-suspeito-executar-plano-ataque-morte-moro.htm, skipping...
[ERROR - 2026-03-03 21:36:20,287 - Worker_4] Status code == 403 for https://noticias.uol.com.br/colunas/reinaldo-azevedo/2023/03/22/extremistas-tentam-ligar-lula-e-pt-a-acao-contra-o-pcc-do-governo-lula.htm, skipping...
[ERROR - 2026-03-03 21:36:24,847 - Worker_0] Status code == 403 for https://noticias.uol.com.br/cotidiano/ultimas-noticias/2023/03/24/caso-chacina-sinop-mp.htm, skipping...
[ERROR - 2026-03-03 21:36:26,407 - Worker_2] Status code == 403 for https://economia.uol.com.br/imposto-de-renda/noticias/redacao/2023/03/09/imposto-de-renda-2023-receita-libera-download-do-programa.htm, skipping...
[ERROR - 2026-03-03 21:36:34,251 - Worker_1] Status code == 403 for https://tab.uol.com.br/noticias/redacao/2023/03/24/fruta-legume-e-adoracao-flash-mob-em-mercado-foi-organizado-por-igreja.htm, skipping...
[ERROR - 2026-03-03 21:36:37,996 - Worker_4] Status code == 403 for https://noticias.uol.com.br/ultimas-noticias/agencia-estado/2023/03/24/camara-de-sp-aprova-aumento-das-multas-por-descarte-irregular-de-lixo.htm, skipping...
[ERROR - 2026-03-03 21:36:42,810 - Worker_0] Status code == 403 for https://economia.uol.com.br/noticias/redacao/2023/03/24/ans-suspende-venda-de-32-planos-de-saude-por-reclamacoes-veja-lista.htm, skipping...
[ERROR - 2026-03-03 21:36:44,866 - Worker_4] Status code == 403 for https://noticias.uol.com.br/cotidiano/ultimas-noticias/2023/03/24/idosa-resgatada-10-meses-bau-caminhao-rio-grande-do-sul.htm, skipping...
[ERROR - 2026-03-03 21:36:51,732 - Worker_0] Status code == 403 for https://noticias.uol.com.br/ultimas-noticias/redacao/2023/03/24/marcola-poe-r-60-milhoes-em-plano-para-ser-resgatado.htm, skipping...
[ERROR - 2026-03-03 21:36:58,822 - Worker_2] Status code == 403 for https://noticias.uol.com.br/colunas/thiago-herdy/2023/03/24/socios-da-localiza-bancaram-28-dos-gastos-eleitorais-de-zema.htm, skipping...
[ERROR - 2026-03-03 21:37:02,352 - Worker_3] Status code == 403 for https://noticias.uol.com.br/ultimas-noticias/afp/2023/03/24/opositor-indiano-rahul-gandhi-e-expulso-do-parlamento-apos-ser-condenado.htm, skipping...
[ERROR - 2026-03-03 21:37:05,745 - Worker_0] Status code == 403 for https://noticias.uol.com.br/politica/ultimas-noticias/2023/03/24/pcc-gastou-milhoes-plano-de-resgate-marcola.htm, skipping...
[ERROR - 2026-03-03 21:37:06,757 - Worker_3] Status code == 403 for https://noticias.uol.com.br/ultimas-noticias/agencia-estado/2023/03/24/a-frente-do-banco-dos-brics-dilma-recebera-r-220-mil-por-mes.htm, skipping...
[ERROR - 2026-03-03 21:37:07,721 - Worker_2] Status code == 403 for https://noticias.uol.com.br/colunas/jamil-chade/2023/03/24/banco-dos-brics-omite-impeachment-em-perfil-sobre-dilma.htm, skipping...
[ERROR - 2026-03-03 21:37:08,164 - Worker_1] Status code == 403 for https://economia.uol.com.br/colunas/carlos-juliano-barros/2023/03/23/trabalheira-do-onlyfans-ao-xvideos-sera-que-ate-o-porno-foi-uberizado.htm, skipping...
[ERROR - 2026-03-03 21:37:12,385 - Worker_0] Status code == 403 for https://noticias.uol.com.br/colunas/carolina-brigido/2023/03/24/tcu-destaca-dois-servidores-para-fazer-pente-fino-em-presentes-de-bolsonaro.htm, skipping...
[ERROR - 2026-03-03 21:37:12,522 - Worker_1] Status code == 403 for https://noticias.uol.com.br/cotidiano/ultimas-noticias/2023/03/24/idoso-pula-caminhao-perdeu-freio-e-morre-atropelado-goias.htm, skipping...
[ERROR - 2026-03-03 21:37:20,706 - Worker_3] Status code == 403 for https://noticias.uol.com.br/colunas/chico-alves/2023/03/24/ao-devolver-joias-bolsonaro-aprende-que-nao-pode-ficar-com-o-que-nao-e-seu.htm, skipping...
[ERROR - 2026-03-03 21:37:21,252 - Worker_1] Status code == 403 for https://noticias.uol.com.br/cotidiano/ultimas-noticias/2023/03/24/acidente-micro-onibus-e-caminhao-mortos-feridos-para.htm, skipping...
[ERROR - 2026-03-03 21:37:25,721 - Worker_1] Status code == 403 for https://noticias.uol.com.br/colunas/madeleine-lacsko/2023/03/24/cade-o-boicote-ao-lollapaloozza-pela-galera-que-boicotou-vinicola.htm, skipping...
[ERROR - 2026-03-03 21:37:29,392 - Worker_2] Status code == 403 for https://economia.uol.com.br/noticias/redacao/2023/03/24/decreto-raspadinha.htm, skipping...
[ERROR - 2026-03-03 21:37:30,129 - Worker_1] Status code == 403 for https://noticias.uol.com.br/ultimas-noticias/agencia-estado/2023/03/24/apos-tumulto-com-manobra-da-oposicao-governo-de-sp-emplaca-todas-as-cpis-na-alesp.htm, skipping...
[ERROR - 2026-03-03 21:37:30,160 - Worker_3] Status code == 403 for https://noticias.uol.com.br/politica/ultimas-noticias/2023/03/24/lula-recebe-lira-no-alvorada-para-tentar-destravar-impasse-no-rito-das-mps.htm, skipping...
[ERROR - 2026-03-03 21:37:30,175 - Worker_4] Status code == 403 for https://noticias.uol.com.br/cotidiano/ultimas-noticias/2023/03/24/desaparecida-achada-morta-sc-sogra-presa.htm, skipping...
[ERROR - 2026-03-03 21:37:33,756 - Worker_2] Status code == 403 for https://noticias.uol.com.br/cotidiano/ultimas-noticias/2023/03/24/leo-41-chefe-trafico-para-quem-e.htm, skipping...
[ERROR - 2026-03-03 21:37:34,546 - Worker_4] Status code == 403 for https://noticias.uol.com.br/cotidiano/ultimas-noticias/2023/03/24/estudantes-spray-colatina.htm, skipping...
[ERROR - 2026-03-03 21:37:37,853 - Worker_2] Status code == 403 for https://economia.uol.com.br/mais/ultimas-noticias/2023/03/24/quanto-rendem-os-r-63-milhoes-da-mega-sena-na-poupanca.htm, skipping...
[ERROR - 2026-03-03 21:37:43,995 - Worker_1] Status code == 403 for https://tab.uol.com.br/noticias/redacao/2023/03/24/a-princesa-onde-anda-ana-paula-valadao-do-banda-gospel-diante-do-trono.htm, skipping...
[ERROR - 2026-03-03 21:38:01,658 - Worker_4] Status code == 403 for https://economia.uol.com.br/noticias/redacao/2023/03/24/ceo-da-win-the-game-nao-basta-ser-saf-para-time-nao-quebrar.htm, skipping...
[ERROR - 2026-03-03 21:38:04,253 - Worker_1] Status code == 403 for https://tab.uol.com.br/colunas/matheus-pichonelli/2023/03/24/lula-so-tem-a-ganhar-se-esquecer-sergio-moro-de-vez.htm, skipping...
[ERROR - 2026-03-03 21:38:14,772 - Worker_3] Status code == 403 for https://economia.uol.com.br/imposto-de-renda/noticias/redacao/2023/03/09/imposto-de-renda-2023-receita-libera-download-do-programa.htm, skipping...
[ERROR - 2026-03-03 21:38:25,719 - Worker_3] Status code == 403 for https://tab.uol.com.br/colunas/luiza-sahd/2023/03/25/se-mauricio-de-sousa-nao-merece-cadeira-na-abl-quem-merece.htm, skipping...
[ERROR - 2026-03-03 21:38:47,369 - Worker_1] Status code == 403 for https://noticias.uol.com.br/internacional/ultimas-noticias/2023/03/25/explosao-em-fabrica-de-chocolate-deixa-mortos-nos-estados-unidos.htm, skipping...
[ERROR - 2026-03-03 21:38:58,505 - Worker_2] Status code == 403 for https://noticias.uol.com.br/cotidiano/ultimas-noticias/2023/03/25/homem-pedofilia-mae.htm, skipping...
[ERROR - 2026-03-03 21:39:06,218 - Worker_4] Status code == 403 for https://noticias.uol.com.br/ultimas-noticias/2023/03/25/mega-sena-2577-concurso-numeros-sorteio-de-hoje.htm, skipping...
[ERROR - 2026-03-03 21:39:09,274 - Worker_0] Status code == 403 for https://tab.uol.com.br/noticias/redacao/2023/03/22/como-um-filme-de-arte-criou-sem-querer-o-porno-brasileiro.htm, skipping...
[ERROR - 2026-03-03 21:39:15,714 - Worker_4] Status code == 403 for https://noticias.uol.com.br/politica/ultimas-noticias/2023/03/25/dilma-rousseff-banco-brics-salario.htm, skipping...
[ERROR - 2026-03-03 21:39:20,479 - Worker_0] Status code == 403 for https://noticias.uol.com.br/ultimas-noticias/2023/03/25/mega-sena-concurso-2577.htm, skipping...
[ERROR - 2026-03-03 21:39:28,768 - Worker_3] Status code == 403 for https://noticias.uol.com.br/colunas/leonardo-sakamoto/2023/03/25/pneumonia-de-lula-que-adiou-ida-a-china-pode-antecipar-queda-de-juros.htm, skipping...
[ERROR - 2026-03-03 21:39:44,125 - Worker_3] Status code == 403 for https://noticias.uol.com.br/cotidiano/ultimas-noticias/2023/03/25/onca-pintada-e-filmada-em-estrada-perto-das-cataratas-do-iguacu-veja-video.htm, skipping...
[ERROR - 2026-03-03 21:39:52,119 - Worker_1] Status code == 403 for https://noticias.uol.com.br/cotidiano/ultimas-noticias/2023/03/25/favelas-de-rio-e-sao-paulo-recebem-acao-de-coleta-de-dados-para-censo-2022.htm, skipping...
[ERROR - 2026-03-03 21:39:53,078 - Worker_2] Status code == 403 for https://tab.uol.com.br/noticias/redacao/2023/03/24/a-princesa-onde-anda-ana-paula-valadao-do-banda-gospel-diante-do-trono.htm, skipping...
[ERROR - 2026-03-03 21:40:04,702 - Worker_4] Status code == 403 for https://noticias.uol.com.br/internacional/ultimas-noticias/2023/03/25/tornado-deixa-mortos-e-causa-danos-nos-estados-unidos.htm, skipping...
[ERROR - 2026-03-03 21:40:11,019 - Worker_4] Status code == 403 for https://noticias.uol.com.br/colunas/walter-maierovitch/2023/03/25/entre-lula-e-moro-pcc-busca-cadaveres-de-excelencia.htm, skipping...
[ERROR - 2026-03-03 21:40:12,229 - Worker_1] Status code == 403 for https://noticias.uol.com.br/cotidiano/ultimas-noticias/2023/03/25/homem-raptado-e-colocado-em-mala-de-carro-e-salvo-por-fazer-sinal-com-mao.htm, skipping...
[ERROR - 2026-03-03 21:40:14,616 - Worker_0] Status code == 403 for https://noticias.uol.com.br/ultimas-noticias/agencia-estado/2023/03/25/mst-invade-fazenda-da-uniao-no-interior-de-goias.htm, skipping...
[ERROR - 2026-03-03 21:40:17,934 - Worker_2] Status code == 403 for https://noticias.uol.com.br/politica/ultimas-noticias/2023/03/25/lula-cancela-viagem-para-china-devido-a-pneumonia.htm, skipping...
[ERROR - 2026-03-03 21:40:19,666 - Worker_4] Status code == 403 for https://noticias.uol.com.br/colunas/jamil-chade/2023/03/25/lula-com-pneumonia-ao-lado-de-xi-jinping-preocupava-china.htm, skipping...
[ERROR - 2026-03-03 21:40:35,882 - Worker_1] Status code == 403 for https://noticias.uol.com.br/colunas/carla-araujo/2023/03/27/bolsonaro-sera-presidente-de-honra-do-pl-com-salario-de-ministro-do-stf.htm, skipping...
[ERROR - 2026-03-03 21:40:41,058 - Worker_2] Status code == 403 for https://noticias.uol.com.br/cotidiano/ultimas-noticias/2023/03/27/ataque-facadas-feridos-escola-sao-paulo.htm, skipping...
[ERROR - 2026-03-03 21:40:48,107 - Worker_1] Status code == 403 for https://noticias.uol.com.br/colunas/rogerio-gentile/2023/03/27/torturado-aos-17-pela-ditadura-idoso-em-situacao-de-rua-sera-indenizado.htm, skipping...
[ERROR - 2026-03-03 21:40:56,947 - Worker_3] Status code == 403 for https://tab.uol.com.br/colunas/luiza-sahd/2023/03/25/se-mauricio-de-sousa-nao-merece-cadeira-na-abl-quem-merece.htm, skipping...
[ERROR - 2026-03-03 21:41:14,170 - Worker_0] Status code == 403 for https://noticias.uol.com.br/colunas/carolina-brigido/2023/03/27/apoio-do-pt-e-criterio-tecnico-lula-inicia-hoje-nomeacoes-para-judiciario.htm, skipping...
[ERROR - 2026-03-03 21:41:18,259 - Worker_0] Status code == 403 for https://noticias.uol.com.br/cotidiano/ultimas-noticias/2023/03/27/advogado-suspenso-prisao-df.htm, skipping...
[ERROR - 2026-03-03 21:41:21,133 - Worker_1] Status code == 403 for https://noticias.uol.com.br/cotidiano/ultimas-noticias/2023/03/27/elevador-despenca-em-hotel-na-praia-do-forte-e-deixa-quatro-feridos-veja.htm, skipping...
[ERROR - 2026-03-03 21:41:22,736 - Worker_3] Status code == 403 for https://noticias.uol.com.br/cotidiano/ultimas-noticias/2023/03/27/mostrava-os-peitos-dava-tapa-ex-funcionarios-assedio-dentista-sao-paulo.htm, skipping...
[ERROR - 2026-03-03 21:41:26,851 - Worker_3] Status code == 403 for https://noticias.uol.com.br/cotidiano/ultimas-noticias/2023/03/27/agressor-antecipou-em-rede-social-que-faria-ataque-em-escola-de-sp.htm, skipping...
[ERROR - 2026-03-03 21:41:31,355 - Worker_0] Status code == 403 for https://tab.uol.com.br/colunas/michel-alcoforado/2023/03/26/enquanto-pais-de-alunos-querem-fim-da-linguagem-neutra-ia-nos-engole-vivos.htm, skipping...
[ERROR - 2026-03-03 21:41:34,786 - Worker_1] Status code == 403 for https://noticias.uol.com.br/cotidiano/ultimas-noticias/2023/03/27/autor-de-ataque-a-escola-adolescente-deixa-a-delegacia-com-rosto-coberto.htm, skipping...
[ERROR - 2026-03-03 21:41:44,284 - Worker_4] Status code == 403 for https://tab.uol.com.br/noticias/redacao/2023/03/27/medicos-negacionistas-vendem-detox-e-reversao-vacinal-pelo-whatapp.htm, skipping...
[ERROR - 2026-03-03 21:41:45,318 - Worker_3] Status code == 403 for https://noticias.uol.com.br/cotidiano/ultimas-noticias/2023/03/27/alunos-se-trancaram-ataque-escola-sp.htm, skipping...
[ERROR - 2026-03-03 21:41:47,505 - Worker_2] Status code == 403 for https://noticias.uol.com.br/cotidiano/ultimas-noticias/2023/03/27/homem-atira-em-funcionario-de-pizzaria-em-sp.htm, skipping...
[ERROR - 2026-03-03 21:41:49,424 - Worker_3] Status code == 403 for https://noticias.uol.com.br/cotidiano/ultimas-noticias/2023/03/27/o-que-policia-encontrou-aluno-ataque-facadas-escola-sp.htm, skipping...
[ERROR - 2026-03-03 21:41:50,152 - Worker_0] Status code == 403 for https://tab.uol.com.br/noticias/redacao/2023/03/22/como-um-filme-de-arte-criou-sem-querer-o-porno-brasileiro.htm, skipping...
[ERROR - 2026-03-03 21:41:50,593 - Worker_4] Status code == 403 for https://tab.uol.com.br/noticias/redacao/2023/03/27/ninguem-escapa-golpistas-do-pix-usam-fotos-de-delegados-em-pernambuco.htm, skipping...
[ERROR - 2026-03-03 21:41:54,699 - Worker_4] Status code == 403 for https://tab.uol.com.br/noticias/redacao/2023/03/27/autor-de-ataque-publicou-em-comunidade-de-admiradores-do-massacre-de-suzano.htm, skipping...
[ERROR - 2026-03-03 21:41:58,112 - Worker_3] Status code == 403 for https://noticias.uol.com.br/cotidiano/ultimas-noticias/2023/03/27/homem-preso-estuprar-filha-13-anos-gravida-gemeos-mg.htm, skipping...
[ERROR - 2026-03-03 21:41:58,113 - Worker_2] Status code == 403 for https://noticias.uol.com.br/cotidiano/ultimas-noticias/2023/03/27/video-ataque-escola-sao-paulo.htm, skipping...
[ERROR - 2026-03-03 21:41:58,802 - Worker_4] Status code == 403 for https://noticias.uol.com.br/internacional/ultimas-noticias/2023/03/27/crianca-desenterra-granada-da-2-guerra-mundial-em-jardim-na-inglaterra.htm, skipping...
[ERROR - 2026-03-03 21:41:58,933 - Worker_1] Status code == 403 for https://noticias.uol.com.br/colunas/jeferson-tenorio/2023/03/27/tragedia-em-escola-e-mais-um-atestado-de-que-educacao-continua-falhando.htm, skipping...
[ERROR - 2026-03-03 21:42:06,997 - Worker_3] Status code == 403 for https://noticias.uol.com.br/politica/ultimas-noticias/2023/03/27/retorno-bolsonaro-seguranca-publica.htm, skipping...
[ERROR - 2026-03-03 21:42:10,927 - Worker_0] Status code == 403 for https://noticias.uol.com.br/cotidiano/ultimas-noticias/2023/03/27/casal-pelado-invade-salao-video.htm, skipping...
[ERROR - 2026-03-03 21:42:16,199 - Worker_1] Status code == 403 for https://noticias.uol.com.br/internacional/ultimas-noticias/2023/03/27/mae-acha-filho-morto-em-vala-por-aplicativo-do-iphone-no-reino-unido.htm, skipping...
[ERROR - 2026-03-03 21:42:17,186 - Worker_4] Status code == 403 for https://noticias.uol.com.br/colunas/reinaldo-azevedo/2023/03/27/cuidado-imprensa-com-nova-lava-jato-estranhe-se-o-estranhavel-ao-menos.htm, skipping...
[ERROR - 2026-03-03 21:42:20,340 - Worker_1] Status code == 403 for https://noticias.uol.com.br/confere/ultimas-noticias/2023/03/27/lula-nao-estava-bebado-em-video-ao-lado-de-janja-velocidade-foi-alterada.htm, skipping...
[ERROR - 2026-03-03 21:42:24,455 - Worker_1] Status code == 403 for https://noticias.uol.com.br/cotidiano/ultimas-noticias/2023/03/27/adolescente-fica-em-estado-grave-apos-acidente-de-jet-ski-em-sp-assista.htm, skipping...
[ERROR - 2026-03-03 21:42:25,135 - Worker_3] Status code == 403 for https://noticias.uol.com.br/colunas/leonardo-sakamoto/2023/03/27/armar-professor-e-funcionario-nao-evitaria-tragedias-como-o-da-vila-sonia.htm, skipping...
[ERROR - 2026-03-03 21:42:26,285 - Worker_4] Status code == 403 for https://noticias.uol.com.br/politica/ultimas-noticias/2023/03/27/romeu-zema-diz-ser-necessario-aumentar-seu-salario-e-de-secretarios-em-298.htm, skipping...
[ERROR - 2026-03-03 21:42:28,608 - Worker_1] Status code == 403 for https://noticias.uol.com.br/politica/ultimas-noticias/2023/03/27/depoimento-filipe-barros-tse-bolsonaro-acao-eleitoral.htm, skipping...
[ERROR - 2026-03-03 21:42:30,377 - Worker_4] Status code == 403 for https://noticias.uol.com.br/cotidiano/ultimas-noticias/2023/03/27/daniel-cravinhos-entrevista.htm, skipping...
[ERROR - 2026-03-03 21:42:34,413 - Worker_3] Status code == 403 for https://noticias.uol.com.br/internacional/ultimas-noticias/2023/03/27/tiroteio-escola-nashville-eua.htm, skipping...
[ERROR - 2026-03-03 21:42:34,496 - Worker_4] Status code == 403 for https://noticias.uol.com.br/cotidiano/ultimas-noticias/2023/03/27/madeleine-ataque-e-chaga-do-nosso-tempo-so-reforcar-segurancanaoresolve.htm, skipping...
[ERROR - 2026-03-03 21:42:41,152 - Worker_2] Status code == 403 for https://noticias.uol.com.br/cotidiano/ultimas-noticias/2023/03/27/adolescente-planejou-ataque-com-arma-sp-secretario-escola.htm, skipping...
[ERROR - 2026-03-03 21:42:48,629 - Worker_3] Status code == 403 for https://noticias.uol.com.br/cotidiano/ultimas-noticias/2023/03/28/aluno-faca-escola-rio.htm, skipping...
[ERROR - 2026-03-03 21:43:08,128 - Worker_1] Status code == 403 for https://tab.uol.com.br/noticias/redacao/2023/03/28/mudei-completamente-ativacao-de-arquetipo-viraliza-no-tiktok.htm, skipping...
[ERROR - 2026-03-03 21:43:20,338 - Worker_0] Status code == 403 for https://noticias.uol.com.br/cotidiano/ultimas-noticias/2023/03/28/diretora-impediu-ataque-em-escola-no-rio-com-cadeira.htm, skipping...
[ERROR - 2026-03-03 21:43:27,846 - Worker_2] Status code == 403 for https://noticias.uol.com.br/colunas/leonardo-sakamoto/2023/03/28/bolsonaro-nao-tem-cara-de-ladrao-diz-senador-o-que-e-ter-cara-de-ladrao.htm, skipping...
[ERROR - 2026-03-03 21:43:31,970 - Worker_1] Status code == 403 for https://noticias.uol.com.br/politica/ultimas-noticias/2023/03/28/rui-falcao-nao-fez-fala-chupetinha-nikolas-ferreira.htm, skipping...
[ERROR - 2026-03-03 21:43:36,424 - Worker_2] Status code == 403 for https://noticias.uol.com.br/cotidiano/ultimas-noticias/2023/03/28/pai-e-filha-eletrocutados-amazonas.htm, skipping...
[ERROR - 2026-03-03 21:43:38,611 - Worker_1] Status code == 403 for https://tab.uol.com.br/noticias/redacao/2023/03/27/medicos-negacionistas-vendem-detox-e-reversao-vacinal-pelo-whatapp.htm, skipping...
[ERROR - 2026-03-03 21:43:41,197 - Worker_3] Status code == 403 for https://noticias.uol.com.br/politica/ultimas-noticias/2023/03/28/glenn-greenwald-david-miranda-uti.htm, skipping...
[ERROR - 2026-03-03 21:43:45,324 - Worker_3] Status code == 403 for https://noticias.uol.com.br/colunas/jose-roberto-de-toledo/2023/03/28/assassinato-anunciado-deveria-aumentar-as-chances-de-regular-redes-sociais.htm, skipping...
[ERROR - 2026-03-03 21:43:49,435 - Worker_3] Status code == 403 for https://tab.uol.com.br/videos/2023/03/23/brasil-para-maiores-3-banheira-do-gugu-e-rita-cadillac-tv-nos-anos-90-e-o-porno-de-celebridades.htm, skipping...
[ERROR - 2026-03-03 21:43:49,751 - Worker_2] Status code == 403 for https://noticias.uol.com.br/cotidiano/ultimas-noticias/2023/03/28/medo-de-hemorragia-marido-pula-do-telhado-para-salvar-esposa-apos-queda.htm, skipping...
[ERROR - 2026-03-03 21:43:50,826 - Worker_0] Status code == 403 for https://tab.uol.com.br/noticias/redacao/2023/03/22/como-um-filme-de-arte-criou-sem-querer-o-porno-brasileiro.htm, skipping...
[ERROR - 2026-03-03 21:43:52,279 - Worker_4] Status code == 403 for https://noticias.uol.com.br/cotidiano/ultimas-noticias/2023/03/28/mp-pede-internacao-provisoria-aluno-acusado-de-ataque-em-escola-de-sp.htm, skipping...
[ERROR - 2026-03-03 21:43:53,862 - Worker_2] Status code == 403 for https://tab.uol.com.br/colunas/matheus-pichonelli/2023/03/28/apoiador-de-lula-paulo-coelho-jogou-a-toalha-nao-esta-cedo-para-isso.htm, skipping...
[ERROR - 2026-03-03 21:44:02,836 - Worker_2] Status code == 403 for https://noticias.uol.com.br/cotidiano/ultimas-noticias/2023/03/28/feminicidio-jovem-para-rio-grande-do-sul.htm, skipping...
[ERROR - 2026-03-03 21:44:03,497 - Worker_3] Status code == 403 for https://noticias.uol.com.br/cotidiano/ultimas-noticias/2023/03/28/policia-diz-que-aluno-tentou-obter-arma-e-que-professora-foi-alvo-fragil.htm, skipping...
[ERROR - 2026-03-03 21:44:07,357 - Worker_2] Status code == 403 for https://economia.uol.com.br/noticias/redacao/2023/03/28/simone-tebet-reforma-tributaria-prefeitos.htm, skipping...
[ERROR - 2026-03-03 21:44:10,839 - Worker_4] Status code == 403 for https://noticias.uol.com.br/politica/ultimas-noticias/2023/03/28/flavio-dino-oposicao-falas-ccj-camara.htm, skipping...
[ERROR - 2026-03-03 21:44:20,579 - Worker_3] Status code == 403 for https://noticias.uol.com.br/cotidiano/ultimas-noticias/2023/03/28/medico-assassinado-espirito-santo.htm, skipping...
[ERROR - 2026-03-03 21:44:25,815 - Worker_1] Status code == 403 for https://economia.uol.com.br/noticias/redacao/2023/03/27/adib-jacob-bayer.htm, skipping...
[ERROR - 2026-03-03 21:44:26,646 - Worker_0] Status code == 403 for https://noticias.uol.com.br/ultimas-noticias/redacao/2023/03/28/na-usina-eu-era-escravo-seu-manoel-conta-como-mudou-a-vida-com-a-escola.htm, skipping...
[ERROR - 2026-03-03 21:44:30,745 - Worker_0] Status code == 403 for https://noticias.uol.com.br/cotidiano/ultimas-noticias/2023/03/28/usava-gato-mia-para-passar-mao-as-acusacoes-de-assedio-contra-dentista.htm, skipping...
[ERROR - 2026-03-03 21:44:32,479 - Worker_4] Status code == 403 for https://noticias.uol.com.br/cotidiano/ultimas-noticias/2023/03/28/stf-decide-que-familia-de-vitima-de-bala-perdida-tem-direito-a-indenizacao.htm, skipping...
[ERROR - 2026-03-03 21:44:33,225 - Worker_2] Status code == 403 for https://economia.uol.com.br/noticias/redacao/2023/03/28/uol-concorre-a-premio-de-fotografia-por-registro-em-motociata-no-rj.htm, skipping...
[ERROR - 2026-03-03 21:44:37,358 - Worker_2] Status code == 403 for https://noticias.uol.com.br/colunas/josias-de-souza/2023/03/28/em-privado-lula-menospreza-volta-de-bolsonaro.htm, skipping...
[ERROR - 2026-03-03 21:44:41,486 - Worker_4] Status code == 403 for https://noticias.uol.com.br/politica/ultimas-noticias/2023/03/28/bolsonaro-guardou-joias-fazenda-nelson-piquet-brasilia.htm, skipping...
[ERROR - 2026-03-03 21:44:41,983 - Worker_1] Status code == 403 for https://economia.uol.com.br/colunas/a-companhia/2023/03/28/lucro-de-administradora-de-shopping-subiu-70-em-2022-vale-investir-agora.htm, skipping...
[ERROR - 2026-03-03 21:44:42,867 - Worker_0] Status code == 403 for https://noticias.uol.com.br/politica/ultimas-noticias/2023/03/28/marcha-municipios-28-de-marco.htm, skipping...
[ERROR - 2026-03-03 21:44:46,145 - Worker_2] Status code == 403 for https://noticias.uol.com.br/cotidiano/ultimas-noticias/2023/03/28/carreta-com-5-mil-quilos-em-explosivos-tomba-em-rodovia-de-mg.htm, skipping...
[ERROR - 2026-03-03 21:44:55,164 - Worker_2] Status code == 403 for https://tab.uol.com.br/noticias/redacao/2023/03/29/o-culpado-vai-ter-que-pagar-familia-perde-pai-e-filho-no-jacarezinho.htm, skipping...
[ERROR - 2026-03-03 21:46:04,621 - Worker_3] Status code == 403 for https://tab.uol.com.br/videos/2023/03/23/brasil-para-maiores-3-banheira-do-gugu-e-rita-cadillac-tv-nos-anos-90-e-o-porno-de-celebridades.htm, skipping...
[ERROR - 2026-03-03 21:46:35,784 - Worker_1] Status code == 403 for https://noticias.uol.com.br/internacional/ultimas-noticias/2023/03/29/me-sinto-bonita-estadunidense-confronta-padroes-ao-assumir-barba.htm, skipping...
[ERROR - 2026-03-03 21:46:36,702 - Worker_4] Status code == 403 for https://tab.uol.com.br/noticias/redacao/2023/03/29/eu-que-tirava-a-roupa-dos-homens-ana-fadigas-e-a-historia-da-g-magazine.htm, skipping...
[ERROR - 2026-03-03 21:46:40,289 - Worker_0] Status code == 403 for https://noticias.uol.com.br/internacional/ultimas-noticias/2023/03/29/guerra-ucrania-como-sao-tanques-leopard-challenger.htm, skipping...
[ERROR - 2026-03-03 21:46:43,204 - Worker_3] Status code == 403 for https://noticias.uol.com.br/ultimas-noticias/redacao/2023/03/28/na-usina-eu-era-escravo-seu-manoel-conta-como-mudou-a-vida-com-a-escola.htm, skipping...
[ERROR - 2026-03-03 21:46:43,550 - Worker_2] Status code == 403 for https://tab.uol.com.br/noticias/redacao/2023/03/29/da-zona-leste-ao-centro-a-rota-do-trafico-de-drogas-sinteticas-k-em-sp.htm, skipping...
[ERROR - 2026-03-03 21:46:47,961 - Worker_2] Status code == 403 for https://noticias.uol.com.br/colunas/thais-oyama/2023/03/29/bolsonaro-reage-aos-palavroes-a-medidas-de-seguranca-para-sua-chegada.htm, skipping...
[ERROR - 2026-03-03 21:46:49,166 - Worker_1] Status code == 403 for https://noticias.uol.com.br/cotidiano/ultimas-noticias/2023/03/29/jovem-morta-ex-sogra-atual-50-kg-cal-santa-catarina.htm, skipping...
[ERROR - 2026-03-03 21:46:57,476 - Worker_2] Status code == 403 for https://noticias.uol.com.br/internacional/ultimas-noticias/2023/03/27/brasileira-exercito-eua.htm, skipping...
[ERROR - 2026-03-03 21:46:59,770 - Worker_0] Status code == 403 for https://noticias.uol.com.br/cotidiano/ultimas-noticias/2023/03/29/o-que-se-sabe-corpos-casa-minas-gerais.htm, skipping...
[ERROR - 2026-03-03 21:47:04,578 - Worker_1] Status code == 403 for https://noticias.uol.com.br/colunas/aguirre-talento/2023/03/29/moraes-abre-inquerito-contra-deputada-por-suspeita-de-organizar-81.htm, skipping...
[ERROR - 2026-03-03 21:47:08,457 - Worker_0] Status code == 403 for https://noticias.uol.com.br/colunas/carolina-brigido/2023/03/30/moro-troca-de-lado-na-lava-jato-e-bate-na-mesma-medida-que-apanhou.htm, skipping...
[ERROR - 2026-03-03 21:47:08,781 - Worker_1] Status code == 403 for https://tab.uol.com.br/noticias/redacao/2023/03/29/o-culpado-vai-ter-que-pagar-familia-perde-pai-e-filho-no-jacarezinho.htm, skipping...
[ERROR - 2026-03-03 21:47:15,017 - Worker_0] Status code == 403 for https://noticias.uol.com.br/internacional/ultimas-noticias/2023/03/30/dono-de-plantacao-de-maconha-se-esconde-no-telhado-para-fugir-da-policia.htm, skipping...
[ERROR - 2026-03-03 21:47:24,375 - Worker_0] Status code == 403 for https://noticias.uol.com.br/politica/ultimas-noticias/2023/03/30/felipe-neto-apelido-nikolas-ferreira-chupetinha.htm, skipping...
[ERROR - 2026-03-03 21:47:25,467 - Worker_2] Status code == 403 for https://noticias.uol.com.br/colunas/josias-de-souza/2023/03/30/bolsonaro-amarga-antiapoteose-no-retorno-e-perde-os-holofotes-para-haddad.htm, skipping...
[ERROR - 2026-03-03 21:47:28,483 - Worker_0] Status code == 403 for https://tab.uol.com.br/noticias/redacao/2023/03/29/o-cla-valadao-atentado-em-sao-paulo-detox-vacinal-e-mais.htm, skipping...
[ERROR - 2026-03-03 21:47:29,590 - Worker_2] Status code == 403 for https://noticias.uol.com.br/colunas/walter-maierovitch/2023/03/30/bolsonaro-volta-carregando-na-bagagem-riscos-juridicos.htm, skipping...
[ERROR - 2026-03-03 21:47:33,659 - Worker_4] Status code == 403 for https://noticias.uol.com.br/internacional/ultimas-noticias/2023/03/30/parlamento-turco-ratifica-adesao-da-finlandia-a-otan.htm?89121, skipping...
[ERROR - 2026-03-03 21:47:33,667 - Worker_2] Status code == 403 for https://noticias.uol.com.br/cotidiano/ultimas-noticias/2023/03/30/justica-manda-mulher-pagar-r-98-de-pensao-para-ciclista-atropelado-em-sp.htm, skipping...
[ERROR - 2026-03-03 21:47:34,950 - Worker_0] Status code == 403 for https://noticias.uol.com.br/cotidiano/ultimas-noticias/2023/03/30/foi-um-trago-e-minha-vida-mudou-quem-usa-k9-narra-piripaque-devastador.htm, skipping...
[ERROR - 2026-03-03 21:47:37,727 - Worker_1] Status code == 403 for https://noticias.uol.com.br/cotidiano/ultimas-noticias/2023/03/30/com-fortes-chuvas-rio-entra-em-estado-de-atencao-e-sirenes-sao-acionadas.htm, skipping...
[ERROR - 2026-03-03 21:47:44,235 - Worker_4] Status code == 403 for https://noticias.uol.com.br/colunas/tales-faria/2023/03/30/lira-foi-com-muita-sede-ao-pote-subestimou-adversarios-e-se-enfraqueceu.htm, skipping...
[ERROR - 2026-03-03 21:47:48,358 - Worker_0] Status code == 403 for https://noticias.uol.com.br/internacional/ultimas-noticias/2023/03/30/arvore-australia-toxina-aranha.htm, skipping...
[ERROR - 2026-03-03 21:47:51,482 - Worker_2] Status code == 403 for https://noticias.uol.com.br/colunas/madeleine-lacsko/2023/03/30/a-quinta-serie-esta-dominando-a-politica-nacional.htm, skipping...
[ERROR - 2026-03-03 21:47:52,453 - Worker_0] Status code == 403 for https://noticias.uol.com.br/politica/ultimas-noticias/2023/03/30/stf-tem-maioria-para-derrubar-prisao-especial-para-quem-tem-ensino-superior.htm, skipping...
[ERROR - 2026-03-03 21:47:58,152 - Worker_2] Status code == 403 for https://noticias.uol.com.br/internacional/ultimas-noticias/2023/03/30/indiciamento-nos-eua-trump-sera-preso-entenda-o-caso-do-ex-presidente.htm, skipping...
[ERROR - 2026-03-03 21:48:00,514 - Worker_4] Status code == 403 for https://noticias.uol.com.br/cotidiano/ultimas-noticias/2023/03/30/professor-faixa-bolsonaro.htm, skipping...
[ERROR - 2026-03-03 21:48:01,075 - Worker_0] Status code == 403 for https://tab.uol.com.br/videos/2023/03/23/brasil-para-maiores-3-banheira-do-gugu-e-rita-cadillac-tv-nos-anos-90-e-o-porno-de-celebridades.htm, skipping...
[ERROR - 2026-03-03 21:48:02,740 - Worker_1] Status code == 403 for https://noticias.uol.com.br/cotidiano/ultimas-noticias/2023/03/30/maior-peixe-do-mundo-registro-enterro.htm, skipping...
[ERROR - 2026-03-03 21:48:04,905 - Worker_4] Status code == 403 for https://noticias.uol.com.br/cotidiano/ultimas-noticias/2023/03/29/em-registro-raro-maior-peixe-do-mundo-e-encontrado-morto-no-es-assista.htm, skipping...
[ERROR - 2026-03-03 21:48:09,137 - Worker_4] Status code == 403 for https://noticias.uol.com.br/cotidiano/ultimas-noticias/2023/03/30/policia-prende-suspeito-de-receptar-joias-replica-taca-copa.htm, skipping...
[ERROR - 2026-03-03 21:48:13,611 - Worker_3] Status code == 403 for https://noticias.uol.com.br/politica/ultimas-noticias/2023/03/30/rodrigo-roca-deixa-defesa-anderson-torres.htm, skipping...
[ERROR - 2026-03-03 21:48:16,850 - Worker_0] Status code == 403 for https://noticias.uol.com.br/cotidiano/ultimas-noticias/2023/03/30/padrasto-preso-estupro-hiv.htm, skipping...
[ERROR - 2026-03-03 21:48:22,237 - Worker_2] Status code == 403 for https://noticias.uol.com.br/internacional/ultimas-noticias/2023/03/30/papa-francisco-esta-com-bronquite-infecciosa-diz-vaticano.htm, skipping...
[ERROR - 2026-03-03 21:48:26,509 - Worker_4] Status code == 403 for https://tab.uol.com.br/videos/2023/03/30/brasil-para-maiores-4-musa-do-porno-marcia-imperator-testou-fidelidade-e-limites-na-tv.htm, skipping...
[ERROR - 2026-03-03 21:48:30,689 - Worker_4] Status code == 403 for https://tab.uol.com.br/noticias/redacao/2023/03/29/eu-que-tirava-a-roupa-dos-homens-ana-fadigas-e-a-historia-da-g-magazine.htm, skipping...
[ERROR - 2026-03-03 21:48:36,096 - Worker_0] Status code == 403 for https://tab.uol.com.br/noticias/redacao/2023/03/29/da-zona-leste-ao-centro-a-rota-do-trafico-de-drogas-sinteticas-k-em-sp.htm, skipping...
[ERROR - 2026-03-03 21:48:42,105 - Worker_1] Status code == 403 for https://noticias.uol.com.br/politica/ultimas-noticias/2023/03/30/lewandowski-data-aposentadoria-stf.htm, skipping...
[ERROR - 2026-03-03 21:48:50,939 - Worker_1] Status code == 403 for https://noticias.uol.com.br/cotidiano/ultimas-noticias/2023/03/30/tiro-alerj-bombeiros.htm, skipping...
[ERROR - 2026-03-03 21:48:59,369 - Worker_1] Status code == 403 for https://noticias.uol.com.br/ultimas-noticias/agencia-estado/2023/03/30/diarias-da-equipe-de-bolsonaro-nos-eua-custaram-ao-menos-r-530-mil-a-uniao.htm, skipping...
[ERROR - 2026-03-03 21:48:59,424 - Worker_4] Status code == 403 for https://noticias.uol.com.br/cotidiano/ultimas-noticias/2023/03/30/culpo-o-sistema-diz-mae-de-brasileiro-de-16-anos-assassinado-no-canada.htm, skipping...
[ERROR - 2026-03-03 21:49:03,495 - Worker_1] Status code == 403 for https://noticias.uol.com.br/cotidiano/ultimas-noticias/2023/03/30/namoro-gospel-homem-investigado-atrair-mulheres-estupro-bh.htm, skipping...
[INFO - 2026-03-03 21:49:15,474 - MainThread] Processed 26035 links - 21410/26035 succeeded (82.2%).
[INFO - 2026-03-03 21:49:15,475 - MainThread] Total time taken to complete: 396min
