[INFO - 2025-10-21 14:25:12,230 - MainThread] 2471 links from 'out/uol_links/2014/2-2014.txt'.
[ERROR - 2025-10-21 14:25:19,577 - Worker_0] Status code == 403 for http://blogdojuliogomes.blogosfera.uol.com.br/2014/02/01/aragones-foi-o-homem-que-mudou-os-rumos-da-espanha/, skipping...
[ERROR - 2025-10-21 14:25:23,865 - Worker_0] Status code == 404 for http://carnaval.uol.com.br/2014/salvador/, skipping...
[ERROR - 2025-10-21 14:25:24,727 - Worker_4] Status code == 404 for http://carnaval.uol.com.br/2014/sao-paulo/, skipping...
[ERROR - 2025-10-21 14:25:32,758 - Worker_2] Status code == 404 for http://placar.esporte.uol.com.br/futebol/paulista/?id=/2014/02/01/santos-x-botafogo-sp, skipping...
[ERROR - 2025-10-21 14:25:34,105 - Worker_4] Status code == 404 for http://esporte.uol.com.br/f1/ultimas-noticias/2014/02/01/chefe-de-schumacher-e-barrichello-ross-brawn-anuncia-aposentadoria.htm, skipping...
[ERROR - 2025-10-21 14:25:38,181 - Worker_3] Status code == 403 for http://mauriciostycer.blogosfera.uol.com.br/2014/02/01/amor-a-vida-atirou-em-todas-as-direcoes-e-so-acertou-no-que-nao-previu/, skipping...
[ERROR - 2025-10-21 14:25:40,439 - Worker_4] Status code == 403 for http://educacao.uol.com.br/noticias/2014/02/01/filho-de-ex-jogador-da-selecao-brasileira-de-futebol-e-campeao-no-sisu.htm, skipping...
[ERROR - 2025-10-21 14:25:44,694 - Worker_4] Status code == 404 for http://carnaval.uol.com.br/2014/rio-de-janeiro/, skipping...
[ERROR - 2025-10-21 14:25:48,779 - Worker_1] Status code == 404 for http://criancas.uol.com.br/album/2014/01/31/na-volta-as-aulas-veja-uma-selecao-de-livros-com-aventuras-na-escola.jhtm?abrefoto=1, skipping...
[ERROR - 2025-10-21 14:25:53,038 - Worker_1] Status code == 404 for http://carnaval.uol.com.br/2014/blocos-de-rua/, skipping...
[ERROR - 2025-10-21 14:26:00,290 - Worker_0] Status code == 404 for http://carnaval.uol.com.br/2014/recife-e-olinda/, skipping...
[ERROR - 2025-10-21 14:26:03,147 - Worker_2] Status code == 404 for http://esporte.uol.com.br/f1/ultimas-noticias/2014/02/01/f-1-inicia-ano-com-drama-de-campea-e-vantagem-do-motor-mercedes.htm, skipping...
[ERROR - 2025-10-21 14:26:12,632 - Worker_2] Status code == 404 for http://carnaval.uol.com.br/2014/salvador/, skipping...
[ERROR - 2025-10-21 14:26:14,850 - Worker_3] Status code == 403 for http://saqueevoleio.blogosfera.uol.com.br/2014/02/02/federer-e-goleiro-da-selecao-em-comercial-com-messi/, skipping...
[ERROR - 2025-10-21 14:26:23,503 - Worker_1] Status code == 404 for http://carnaval.uol.com.br/2014/recife-e-olinda/, skipping...
[ERROR - 2025-10-21 14:26:23,595 - Worker_0] Failed to connect with http://natelinha.ne10.uol.com.br/novelas/2014/02/02/em-familia-primos-fazem-juras-de-fidelidade-as-escondidas-e-se-beijam-70868.php after 3 attempts, skipping...
[ERROR - 2025-10-21 14:26:24,942 - Worker_2] Status code == 403 for http://uolesporte.blogosfera.uol.com.br/2014/02/02/beckham-curte-aposentadoria-na-cozinha-e-construindo-com-brinquedos/, skipping...
[ERROR - 2025-10-21 14:26:25,651 - Worker_4] Status code == 404 for http://carnaval.uol.com.br/2014/sao-paulo/, skipping...
[ERROR - 2025-10-21 14:26:28,672 - Worker_1] Status code == 403 for http://colunaesplanada.blogosfera.uol.com.br/2014/02/02/foto-polemica-de-joaquim-barbosa-em-miami-vira-alvo-de-mensaleiros/, skipping...
[ERROR - 2025-10-21 14:26:35,976 - Worker_0] Status code == 403 for http://nagradedomma.blogosfera.uol.com.br/2014/02/02/barao-impecavel-erro-abafado/, skipping...
[ERROR - 2025-10-21 14:26:40,206 - Worker_0] Status code == 404 for http://carnaval.uol.com.br/2014/rio-de-janeiro/, skipping...
[ERROR - 2025-10-21 14:26:53,812 - Worker_0] Status code == 404 for http://carnaval.uol.com.br/2014/blocos-de-rua/, skipping...
[ERROR - 2025-10-21 14:26:57,592 - Worker_1] Status code == 403 for http://rodrigomattos.blogosfera.uol.com.br/2014/02/02/corinthians-tem-pior-inicio-no-paulista-em-10-anos/, skipping...
[ERROR - 2025-10-21 14:27:04,666 - Worker_3] Status code == 403 for http://uolesporte.blogosfera.uol.com.br/2014/02/02/ceni-tenta-passar-a-perna-em-valdivia-assista/, skipping...
[ERROR - 2025-10-21 14:27:08,933 - Worker_3] Status code == 403 for http://uolesportevetv.blogosfera.uol.com.br/2014/02/02/cleber-machado-omite-globo-e-culpa-fpf-por-jogo-do-corinthians/, skipping...
[ERROR - 2025-10-21 14:27:11,907 - Worker_4] Status code == 403 for http://josiasdesouza.blogosfera.uol.com.br/2014/02/02/policiais-federais-discutem-greve-nesta-semana/, skipping...
[ERROR - 2025-10-21 14:27:16,241 - Worker_4] Status code == 404 for http://carnaval.uol.com.br/2014/salvador/, skipping...
[ERROR - 2025-10-21 14:27:18,976 - Worker_3] Failed to connect with http://natelinha.ne10.uol.com.br/novelas/2014/02/03/atriz-fala-da-dificuldade-em-gravar-cena-de-estupro-para-em-familia-70875.php after 3 attempts, skipping...
[ERROR - 2025-10-21 14:27:21,575 - Worker_2] Status code == 403 for http://uolesportevetv.blogosfera.uol.com.br/2014/02/03/bom-moco-caio-ribeiro-condena-rasteira-de-ceni-e-piti-de-oswaldo/, skipping...
[ERROR - 2025-10-21 14:27:22,464 - Worker_0] Status code == 403 for http://economia.uol.com.br/financas-pessoais/noticias/redacao/2014/02/03/acoes-da-petrobras-caem-35-em-pouco-mais-de-2-meses-saiba-o-que-fazer.htm, skipping...
[ERROR - 2025-10-21 14:27:27,357 - Worker_4] Status code == 403 for http://economia.uol.com.br/cotacoes/noticias/redacao/2014/02/03/bovespa-cai-mais-de-3-maior-baixa-em-sete-meses-petrobras-despenca-58.htm, skipping...
[ERROR - 2025-10-21 14:27:39,080 - Worker_0] Status code == 404 for http://carnaval.uol.com.br/2014/recife-e-olinda/, skipping...
[ERROR - 2025-10-21 14:27:44,674 - Worker_2] Status code == 403 for http://noticias.uol.com.br/album/album-do-dia/2014/02/03/imagens-do-dia---3-de-fevereiro-de-2014.htm?abrefoto=40, skipping...
[ERROR - 2025-10-21 14:27:55,775 - Worker_0] Status code == 404 for http://carnaval.uol.com.br/2014/sao-paulo/, skipping...
[ERROR - 2025-10-21 14:28:21,120 - Worker_4] Status code == 404 for http://guia.uol.com.br/belo-horizonte/noticias/2014/01/29/diversidade-urbana-de-nova-york-e-retratada-por-fotografo-mineiro-em-mostra.htm, skipping...
[ERROR - 2025-10-21 14:28:38,010 - Worker_3] Status code == 403 for http://uolesporte.blogosfera.uol.com.br/2014/02/03/atacante-e-expulso-e-supreende-modelo-dentro-de-banheira-no-vestiario/, skipping...
[ERROR - 2025-10-21 14:28:41,748 - Worker_1] Status code == 404 for http://carnaval.uol.com.br/2014/rio-de-janeiro/, skipping...
[ERROR - 2025-10-21 14:28:43,410 - Worker_2] Status code == 403 for http://omundoemmovimento.blogosfera.uol.com.br/2014/02/03/fiesta-comeca-o-ano-em-terceiro-lugar/, skipping...
[ERROR - 2025-10-21 14:28:44,789 - Worker_3] Status code == 404 for http://guia.uol.com.br/rio-de-janeiro/exposicoes/noticias/2014/01/23/museu-de-arte-do-rio-apresenta-exposicao-sobre-surfe-e-skate.htm, skipping...
[ERROR - 2025-10-21 14:29:19,679 - Worker_4] Status code == 404 for http://esporte.band.uol.com.br/futebol/estaduais/paulista/2014/noticia/?id=100000661574&t=argel-assume-a-lusa-e-diz-na-quarta-o-time-dara-uma-resposta, skipping...
[ERROR - 2025-10-21 14:29:32,431 - Worker_4] Status code == 403 for http://noticias.uol.com.br/cotidiano/ultimas-noticias/2014/02/03/pm-cria-monstros-diz-policial-do-ce-expulso-por-defender-desmilitarizacao.htm, skipping...
[ERROR - 2025-10-21 14:29:51,936 - Worker_3] Status code == 403 for http://noticias.uol.com.br/politica/ultimas-noticias/2014/02/03/pgr-aponta-erro-no-calculo-da-pena-de-cristiano-paz.htm, skipping...
[ERROR - 2025-10-21 14:30:03,619 - Worker_3] Status code == 403 for http://noticias.uol.com.br/album/album-do-dia/2014/02/03/imagens-do-dia---3-de-fevereiro-de-2014.htm?abrefoto=6, skipping...
[ERROR - 2025-10-21 14:30:15,696 - Worker_1] Failed to connect with http://jogos.uol.com.br/ultimas-noticias/2014/02/03/com-acesso-antecipado-e-kickstarter-jogadores-viram-coautores-dos-games.htm after 3 attempts, skipping...
[ERROR - 2025-10-21 14:30:26,765 - Worker_1] Status code == 404 for http://carnaval.uol.com.br/2014/blocos-de-rua/, skipping...
[ERROR - 2025-10-21 14:30:28,391 - Worker_2] Status code == 403 for http://noticias.uol.com.br/album/album-do-dia/2014/02/03/imagens-do-dia---3-de-fevereiro-de-2014.htm?abrefoto=54, skipping...
[ERROR - 2025-10-21 14:30:30,818 - Worker_1] Status code == 403 for http://noticias.uol.com.br/midiaglobal/nytimes/2014/02/03/mcdonalds-tenta-se-adaptar-a-clientes-que-nao-consomem.htm, skipping...
[ERROR - 2025-10-21 14:30:33,979 - Worker_4] Status code == 403 for http://noticias.uol.com.br/album/2014/02/03/forte-terremoto-atinge-a-grecia.htm?abrefoto=3, skipping...
[ERROR - 2025-10-21 14:30:34,870 - Worker_1] Status code == 403 for http://noticias.uol.com.br/cotidiano/ultimas-noticias/2014/02/03/nao-vamos-recuar-diz-comandante-geral-da-pm-apos-morte-de-soldado-de-upp.htm, skipping...
[ERROR - 2025-10-21 14:30:36,282 - Worker_3] Status code == 403 for http://blogdojuca.uol.com.br/2014/02/cob-se-adapta-a-nova-legislacao-conquistada-pelos-atletas/, skipping...
[ERROR - 2025-10-21 14:30:36,772 - Worker_2] Status code == 403 for http://rodrigomattos.blogosfera.uol.com.br/2014/02/03/corinthians-dobrara-seguranca-e-tera-ate-30-homens-no-ct/, skipping...
[ERROR - 2025-10-21 14:30:39,129 - Worker_1] Status code == 403 for http://tecnologia.uol.com.br/noticias/afp/2014/02/03/onde-estao-os-fundadores-do-facebook.htm, skipping...
[ERROR - 2025-10-21 14:30:40,332 - Worker_3] Status code == 403 for http://noticias.uol.com.br/meio-ambiente/ultimas-noticias/redacao/2014/02/03/nova-york-quer-eliminar-2200-cisnes-por-considerar-uma-especie-invasora.htm, skipping...
[ERROR - 2025-10-21 14:30:43,174 - Worker_1] Status code == 403 for http://noticias.uol.com.br/cotidiano/ultimas-noticias/2014/02/03/novo-chefe-de-policia-civil-do-rio-assume-e-promete-mudancas.htm, skipping...
[ERROR - 2025-10-21 14:30:44,388 - Worker_3] Status code == 403 for http://noticias.uol.com.br/album/album-do-dia/2014/02/04/imagens-do-dia---4-de-fevereiro-de-2014.htm?abrefoto=36, skipping...
[ERROR - 2025-10-21 14:30:45,634 - Worker_2] Status code == 404 for http://carnaval.uol.com.br/2014/salvador/, skipping...
[ERROR - 2025-10-21 14:30:46,293 - Worker_0] Status code == 403 for http://colunaesplanada.blogosfera.uol.com.br/2014/02/04/infraero-paga-r-16-milhoes-a-consultor-por-plano-de-reestruturacao/, skipping...
[ERROR - 2025-10-21 14:30:47,261 - Worker_1] Status code == 404 for http://guia.uol.com.br/sao-paulo/exposicoes/noticias/2014/02/04/exposicao-celebra-240-anos-do-mosteiro-da-luz-com-fotos-e-pinturas.htm, skipping...
[ERROR - 2025-10-21 14:30:49,706 - Worker_2] Status code == 403 for http://noticias.uol.com.br/politica/ultimas-noticias/2014/02/04/joao-paulo-cunha-se-entrega-a-pf-em-brasilia.htm, skipping...
[ERROR - 2025-10-21 14:30:50,343 - Worker_0] Status code == 403 for http://noticias.uol.com.br/ultimas-noticias/bbc/2014/02/04/historia-de-naufrago-salvadorenho-ainda-tem-detalhes-contraditorios.htm, skipping...
[ERROR - 2025-10-21 14:30:53,926 - Worker_2] Status code == 404 for http://carnaval.uol.com.br/2014/recife-e-olinda/, skipping...
[ERROR - 2025-10-21 14:30:55,879 - Worker_3] Status code == 404 for http://carnaval.uol.com.br/2014/sao-paulo/, skipping...
[ERROR - 2025-10-21 14:31:02,247 - Worker_3] Status code == 403 for http://noticias.uol.com.br/midiaglobal/lemonde/2014/02/04/apple-city-a-face-primitiva-da-urbanizacao-chinesa.htm, skipping...
[ERROR - 2025-10-21 14:31:04,022 - Worker_4] Status code == 403 for http://noticias.uol.com.br/midiaglobal/outros/2014/02/04/vigilantes-em-marcha-no-mexico.htm, skipping...
[ERROR - 2025-10-21 14:31:05,164 - Worker_1] Status code == 403 for http://educacao.uol.com.br/noticias/agencia-estado/2014/02/04/ministerio-publico-vai-investigar-danca-sensual-de-alunos-em-escola-de-sp.htm, skipping...
[ERROR - 2025-10-21 14:31:07,197 - Worker_2] Status code == 403 for http://noticias.uol.com.br/midiaglobal/outros/2014/02/04/gigante-da-midia-japonesa-sob-suspeita-de-favorecer-o-governo.htm, skipping...
[ERROR - 2025-10-21 14:31:08,063 - Worker_4] Status code == 403 for http://noticias.uol.com.br/politica/ultimas-noticias/2014/02/04/assembleia-do-ma-recria-conselhao-de-roseana-cada-reuniao-custara-r-152-mil.htm, skipping...
[ERROR - 2025-10-21 14:31:10,968 - Worker_3] Status code == 404 for http://carnaval.uol.com.br/2014/rio-de-janeiro/, skipping...
[ERROR - 2025-10-21 14:31:14,640 - Worker_0] Status code == 403 for http://noticias.uol.com.br/cotidiano/ultimas-noticias/2014/02/04/juiz-reintegrado-apos-criticar-justica-em-sc--ele-tera-de-desencalhar-5000-acoes.htm, skipping...
[ERROR - 2025-10-21 14:31:15,021 - Worker_3] Status code == 403 for http://noticias.uol.com.br/album/album-do-dia/2014/02/04/imagens-do-dia---4-de-fevereiro-de-2014.htm?abrefoto=61, skipping...
[ERROR - 2025-10-21 14:31:18,694 - Worker_0] Status code == 404 for http://boaforma.uol.com.br/album/2014/02/04/fernanda-paes-leme-e-capa-da-shape-de-fevereiro.htm?abrefoto=1, skipping...
[ERROR - 2025-10-21 14:31:19,359 - Worker_4] Status code == 404 for http://carnaval.uol.com.br/2014/blocos-de-rua/, skipping...
[ERROR - 2025-10-21 14:31:22,871 - Worker_0] Status code == 403 for http://companhiadeviagem.blogosfera.uol.com.br/2014/02/03/que-tal-jantar-em-uma-caverna/, skipping...
[ERROR - 2025-10-21 14:31:23,165 - Worker_2] Status code == 403 for http://noticias.uol.com.br/saude/ultimas-noticias/redacao/2014/02/04/homem-perde-320-quilos-apos-tratamento-ordenado-pelo-rei-da-arabia-saudita.htm, skipping...
[ERROR - 2025-10-21 14:31:27,307 - Worker_2] Status code == 403 for http://uolesporte.blogosfera.uol.com.br/2014/02/04/baixista-confirma-que-red-hot-nao-tocou-ao-vivo-no-super-bowl/, skipping...
[ERROR - 2025-10-21 14:31:29,157 - Worker_0] Status code == 403 for http://noticias.uol.com.br/cotidiano/ultimas-noticias/2014/02/04/falta-de-energia-afetou-6-milhoes-de-pessoas-no-pais-diz-ons.htm, skipping...
[ERROR - 2025-10-21 14:31:29,837 - Worker_3] Status code == 403 for http://noticias.uol.com.br/politica/ultimas-noticias/2014/02/04/ministro-do-stf-manda-parte-do-processo-do-cartel-para-1-instancia-4-reus-ficam-no-stf.htm, skipping...
[ERROR - 2025-10-21 14:31:31,469 - Worker_2] Status code == 403 for http://blogdojuca.uol.com.br/2014/02/juninho-pernambucano-se-despede/, skipping...
[ERROR - 2025-10-21 14:31:33,094 - Worker_4] Status code == 403 for http://noticias.uol.com.br/ultimas-noticias/afp/2014/02/04/libia-se-declara-livre-de-armas-quimicas.htm, skipping...
[ERROR - 2025-10-21 14:31:35,519 - Worker_2] Status code == 403 for http://noticias.uol.com.br/ultimas-noticias/reuters/2014/02/05/governo-vai-pagar-termeletricas-para-conta-de-luz-nao-subir-diz-mantega.htm, skipping...
[ERROR - 2025-10-21 14:31:36,155 - Worker_3] Status code == 403 for http://noticias.uol.com.br/politica/ultimas-noticias/2014/02/05/em-carta-ao-amigo-mendes-suplicy-diz-crer-que-houve-mais-de-3500-doadores-a-mensaleiros.htm, skipping...
[ERROR - 2025-10-21 14:31:37,161 - Worker_4] Status code == 403 for http://noticias.uol.com.br/midiaglobal/outros/2014/02/05/syrahs-da-california-em-um-dia-de-inverno.htm, skipping...
[ERROR - 2025-10-21 14:31:37,981 - Worker_0] Status code == 404 for http://carnaval.uol.com.br/2014/salvador/, skipping...
[ERROR - 2025-10-21 14:31:39,669 - Worker_2] Status code == 403 for http://mauriciostycer.blogosfera.uol.com.br/2014/02/05/sbt-divulga-mensagem-de-apoio-a-grupo-que-amarrou-homem-nu-em-poste/, skipping...
[ERROR - 2025-10-21 14:31:41,318 - Worker_4] Status code == 403 for http://blogdomenon.blogosfera.uol.com.br/2014/02/05/ceni-discorda-dos-rumos-que-paulo-andre-da-ao-bom-senso/, skipping...
[ERROR - 2025-10-21 14:31:41,320 - Worker_1] Status code == 404 for http://guia.uol.com.br/sao-paulo/cinema/noticias/2014/01/29/mostra-retrospectiva-faz-homenagem-a-james-dean-no-ccbb-veja-programacao.htm, skipping...
[ERROR - 2025-10-21 14:31:43,733 - Worker_2] Status code == 403 for http://noticias.uol.com.br/midiaglobal/lemonde/2014/02/05/sudao-do-sul-uma-jornada-por-bor-uma-cidade-torturada.htm, skipping...
[ERROR - 2025-10-21 14:31:44,807 - Worker_3] Status code == 404 for http://guia.uol.com.br/rio-de-janeiro/cinema/noticias/2014/02/04/mostra-apresenta-panorama-sobre-personagens-homossexuais-no-cinema-nacional.htm, skipping...
[ERROR - 2025-10-21 14:31:45,585 - Worker_1] Status code == 404 for http://carnaval.uol.com.br/2014/recife-e-olinda/, skipping...
[ERROR - 2025-10-21 14:31:45,618 - Worker_4] Status code == 404 for http://mulher.uol.com.br/comportamento/album/2014/02/05/sucesso-no-facebook-psicologa-honesta-diz-verdades-crueis-aos-pacientes.htm?abrefoto=1, skipping...
[ERROR - 2025-10-21 14:31:49,019 - Worker_3] Status code == 403 for http://obrasiltavendo.blogosfera.uol.com.br/2014/02/05/como-calcular-seu-cache-na-revista-masculina/, skipping...
[ERROR - 2025-10-21 14:31:49,833 - Worker_4] Status code == 404 for http://carnaval.uol.com.br/2014/sao-paulo/, skipping...
[ERROR - 2025-10-21 14:31:51,372 - Worker_0] Status code == 403 for http://noticias.uol.com.br/cotidiano/ultimas-noticias/2014/02/05/policiais-federais-entram-em-estado-de-greve.htm, skipping...
[ERROR - 2025-10-21 14:31:53,174 - Worker_3] Status code == 403 for http://blogdojuca.uol.com.br/2014/02/o-rei-pirou/, skipping...
[ERROR - 2025-10-21 14:31:54,823 - Worker_1] Status code == 403 for http://gilmar.blogosfera.uol.com.br/2014/02/05/dormir-de-conchinha-aos-40/, skipping...
[ERROR - 2025-10-21 14:31:56,661 - Worker_2] Status code == 404 for http://guia.uol.com.br/curitiba/noticias/2014/02/04/com-450-pecas-festival-de-curitiba-traz-montagens-de-shakespeare-e-bergman.htm, skipping...
[ERROR - 2025-10-21 14:31:57,396 - Worker_3] Status code == 404 for http://carnaval.uol.com.br/2014/rio-de-janeiro/, skipping...
[ERROR - 2025-10-21 14:31:58,877 - Worker_1] Status code == 403 for http://noticias.uol.com.br/ultimas-noticias/bbc/2014/02/05/passaporte-falso-pode-ajudar-a-manter-pizzolato-na-italia.htm, skipping...
[ERROR - 2025-10-21 14:32:05,590 - Worker_2] Status code == 403 for http://noticias.uol.com.br/cotidiano/ultimas-noticias/2014/02/05/policia-prende-suspeito-por-morte-de-universitaria-em-minas-gerais.htm, skipping...
[ERROR - 2025-10-21 14:32:05,923 - Worker_3] Status code == 403 for http://noticias.uol.com.br/ciencia/ultimas-noticias/afp/2014/02/05/amputado-tem-implantada-protese-de-mao-que-restitui-o-tato.htm, skipping...
[ERROR - 2025-10-21 14:32:06,239 - Worker_4] Status code == 403 for http://noticias.uol.com.br/cotidiano/ultimas-noticias/2014/02/05/mega-sena-acumula-de-novo-e-pode-pagar-r-41-milhoes-no-sabado.htm, skipping...
[ERROR - 2025-10-21 14:32:09,719 - Worker_1] Status code == 404 for http://guia.uol.com.br/album/2014/02/05/confira-as-pecas-de-teatro-que-estreiam-no-mes-de-fevereiro-em-sp.htm, skipping...
[ERROR - 2025-10-21 14:32:14,353 - Worker_2] Status code == 403 for http://anamariabahiana.blogosfera.uol.com.br/2014/02/05/um-robocop-para-tempos-de-colera/, skipping...
[ERROR - 2025-10-21 14:32:16,187 - Worker_1] Status code == 404 for http://carnaval.uol.com.br/2014/blocos-de-rua/, skipping...
[ERROR - 2025-10-21 14:32:16,344 - Worker_0] Status code == 404 for http://guia.uol.com.br/brasilia/noticias/2014/02/05/the-wailers-comemora-aniversario-de-bob-marley-nesta-quinta-6-em-brasilia.htm, skipping...
[ERROR - 2025-10-21 14:32:25,474 - Worker_2] Status code == 404 for http://carnaval.uol.com.br/2014/recife-e-olinda/noticias/2014/02/05/sou-o-maior-escritor-do-mundo-brinca-suassuna-sobre-homenagem-do-galo.htm, skipping...
[ERROR - 2025-10-21 14:32:28,544 - Worker_3] Status code == 403 for http://noticias.uol.com.br/ultimas-noticias/bbc/2014/02/06/tres-geracoes-de-familia-somali-encaram-drama-da-mutilacao-genital-feminina.htm, skipping...
[ERROR - 2025-10-21 14:32:32,282 - Worker_1] Status code == 404 for http://cenapop.virgula.uol.com.br/2014/02/06/33613-esta-agradando-o-publico-com-a-sua-bunda-diz-clara-sobre-vanessa/, skipping...
[ERROR - 2025-10-21 14:32:38,214 - Worker_4] Status code == 403 for http://noticias.uol.com.br/cotidiano/ultimas-noticias/2014/02/06/numero-de-cidades-com-falta-dagua-em-sp-chega-a-19.htm, skipping...
[ERROR - 2025-10-21 14:32:38,617 - Worker_3] Failed to connect with http://blogdobirner.virgula.uol.com.br/2014/02/06/ceni-nao-gosta-de-pato-muricy-tera-que-administrar-o-problema/ after 3 attempts, skipping...
[ERROR - 2025-10-21 14:32:42,364 - Worker_4] Status code == 403 for http://mauriciostycer.blogosfera.uol.com.br/2014/02/06/apresentadora-diz-que-nao-defendeu-justiceiros/, skipping...
[ERROR - 2025-10-21 14:32:42,670 - Worker_3] Status code == 403 for http://noticias.uol.com.br/midiaglobal/lemonde/2014/02/06/o-fim-da-vida-privada-e-um-mito.htm, skipping...
[ERROR - 2025-10-21 14:32:48,066 - Worker_2] Status code == 404 for http://carnaval.uol.com.br/2014/salvador/, skipping...
[ERROR - 2025-10-21 14:32:48,864 - Worker_4] Status code == 404 for http://carnaval.uol.com.br/2014/sao-paulo/, skipping...
[ERROR - 2025-10-21 14:32:48,951 - Worker_3] Status code == 403 for http://noticias.uol.com.br/meio-ambiente/ultimas-noticias/redacao/2014/02/06/porto-alegre-registra-segunda-maior-temperatura-de-sua-historia.htm, skipping...
[ERROR - 2025-10-21 14:32:52,864 - Worker_0] Status code == 403 for http://josiasdesouza.blogosfera.uol.com.br/2014/02/06/camara-vota-pela-2a-vez-cassacao-de-donadon/, skipping...
[ERROR - 2025-10-21 14:32:53,016 - Worker_4] Status code == 403 for http://blogdosakamoto.blogosfera.uol.com.br/2014/02/06/o-pelourinho-carioca-e-a-transmissao-do-odio-via-concessao-publica-de-tv/, skipping...
[ERROR - 2025-10-21 14:32:55,260 - Worker_1] Status code == 403 for http://noticias.uol.com.br/ciencia/album/2014/02/03/veja-imagens-de-ciencia-do-mes-fevereiro2014.htm?abrefoto=19, skipping...
[ERROR - 2025-10-21 14:32:59,785 - Worker_0] Status code == 404 for http://bandsports.band.uol.com.br/sochi/2014/video/2014/02/06/14852896/patinacao-artistica-a-surpreendente-apresentacao-de-yuzuru-hanyu.html, skipping...
[ERROR - 2025-10-21 14:33:02,876 - Worker_3] Status code == 404 for http://carnaval.uol.com.br/2014/blocos-de-rua/noticias/2014/01/31/divirta-se-na-rua-com-o-app-carnauol.htm, skipping...
[ERROR - 2025-10-21 14:33:03,864 - Worker_0] Status code == 403 for http://noticias.uol.com.br/midiaglobal/elpais/2014/02/06/europeu-por-1-milhao-de-euros-paises-da-ue-vendem-passaportes-para-fortunas-estrangeiras.htm, skipping...
[ERROR - 2025-10-21 14:33:03,877 - Worker_2] Status code == 403 for http://noticias.uol.com.br/cotidiano/ultimas-noticias/2014/02/06/cidades-do-interior-de-sp-cadastrarao-pocos-para-emergencia.htm, skipping...
[ERROR - 2025-10-21 14:33:09,873 - Worker_4] Failed to connect with http://natelinha.ne10.uol.com.br/novelas/2014/02/06/em-familia-em-discussao-shirley-empurra-seu-pai-e-ele-cai-no-chao-71079.php after 3 attempts, skipping...
[ERROR - 2025-10-21 14:33:10,098 - Worker_3] Status code == 404 for http://carnaval.uol.com.br/2014/rio-de-janeiro/, skipping...
[ERROR - 2025-10-21 14:33:15,012 - Worker_0] Status code == 404 for http://carnaval.uol.com.br/2014/blocos-de-rua/, skipping...
[ERROR - 2025-10-21 14:33:16,834 - Worker_1] Status code == 403 for http://noticias.uol.com.br/saude/ultimas-noticias/redacao/2014/02/06/cuidados-no-sexo-oral-e-com-vibradores-evitam-dsts-entre-mulheres.htm, skipping...
[ERROR - 2025-10-21 14:33:18,524 - Worker_4] Status code == 403 for http://blogdasophia.blogosfera.uol.com.br/2014/02/06/todo-aposentado-pode-pedir-a-desaposentacao/, skipping...
[ERROR - 2025-10-21 14:33:19,065 - Worker_0] Status code == 403 for http://noticias.uol.com.br/cotidiano/ultimas-noticias/2014/02/06/diadema-sp-anuncia-racionamento-de-agua-com-carros-de-som.htm, skipping...
[ERROR - 2025-10-21 14:33:19,774 - Worker_2] Status code == 404 for http://carnaval.uol.com.br/2014/recife-e-olinda/, skipping...
[ERROR - 2025-10-21 14:33:23,921 - Worker_2] Status code == 403 for http://cornetafc.blogosfera.uol.com.br/2014/02/06/com-ganso-pato-e-frangos-sao-paulo-vira-granja/, skipping...
[ERROR - 2025-10-21 14:33:25,902 - Worker_0] Status code == 403 for http://noticias.uol.com.br/midiaglobal/lemonde/2014/02/06/samantha-power-na-republica-centro-africana-levamos-muito-a-serio-os-riscos-de-genocidio.htm, skipping...
[ERROR - 2025-10-21 14:33:26,266 - Worker_3] Status code == 404 for http://carnaval.uol.com.br/2014/blocos-de-rua/noticias/2014/02/05/bloco-spanta-nenem-faz-ultimo-ensaio-no-sabado-8-com-tatau-do-araketu.htm, skipping...
[ERROR - 2025-10-21 14:33:28,570 - Worker_4] Status code == 403 for http://educacao.uol.com.br/noticias/2014/02/06/professores-universitarios-postam-no-facebook-critica-contra-pobre-em-aviao.htm, skipping...
[ERROR - 2025-10-21 14:33:32,617 - Worker_4] Status code == 403 for http://noticias.uol.com.br/cotidiano/ultimas-noticias/2014/02/06/dilma-volta-a-dizer-que-sistema-eletrico-precisa-ser-a-prova-de-raios.htm, skipping...
[ERROR - 2025-10-21 14:33:32,760 - Worker_2] Status code == 404 for http://carnaval.uol.com.br/2014/sao-paulo/noticias/2014/02/06/vai-vai-e-tom-maior-fazem-desfiles-turisticos-a-paulinia-e-foz-do-iguacu.htm, skipping...
[ERROR - 2025-10-21 14:33:32,795 - Worker_3] Status code == 404 for http://carnaval.uol.com.br/2014/salvador/noticias/2014/02/06/considerado-machista-no-passado-olodum-abre-espaco-para-mulheres.htm, skipping...
[ERROR - 2025-10-21 14:33:35,048 - Worker_0] Status code == 403 for http://noticias.uol.com.br/politica/ultimas-noticias/2014/02/07/azeredo-diz-que-relatorio-da-procuradoria-nao-condiz-com-provas.htm, skipping...
[ERROR - 2025-10-21 14:33:36,672 - Worker_4] Status code == 403 for http://noticias.uol.com.br/cotidiano/ultimas-noticias/2014/02/07/justica-decreta-falencia-de-spa-de-luxo-que-deixou-clientes-na-mao.htm, skipping...
[ERROR - 2025-10-21 14:33:37,021 - Worker_3] Status code == 403 for http://tecnologia.uol.com.br/album/2014/01/02/aconteceu-2014.htm?abrefoto=16, skipping...
[ERROR - 2025-10-21 14:33:43,442 - Worker_1] Failed to connect with http://blogdobirner.virgula.uol.com.br/2014/02/07/corinthians-ofereceu-outros-atletas-por-jadson-sao-paulo-recusou/ after 3 attempts, skipping...
[ERROR - 2025-10-21 14:33:43,618 - Worker_0] Status code == 403 for http://noticias.uol.com.br/meio-ambiente/ultimas-noticias/redacao/2014/02/07/calor-em-sao-paulo-deve-continuar-ate-sexta-feira-da-proxima-semana.htm, skipping...
[ERROR - 2025-10-21 14:33:43,721 - Worker_2] Status code == 403 for http://noticias.uol.com.br/album/2014/02/07/national-geographic-premia-melhores-fotos-de-2013.htm?abrefoto=13, skipping...
[ERROR - 2025-10-21 14:33:47,729 - Worker_0] Status code == 403 for http://blogdosakamoto.blogosfera.uol.com.br/2014/02/07/resgates-por-trabalho-escravo-urbano-passam-o-rural-pela-primeira-vez/, skipping...
[ERROR - 2025-10-21 14:33:47,888 - Worker_2] Status code == 403 for http://popload.blogosfera.uol.com.br/2014/02/07/e-agora-quem-vai-ficar-com-morrissey/, skipping...
[ERROR - 2025-10-21 14:33:49,848 - Worker_1] Status code == 403 for http://noticias.uol.com.br/midiaglobal/lemonde/2014/02/07/com-o-aumento-do-trafico-internacional-a-franca-destroi-seu-estoque-de-marfim-ilegal.htm, skipping...
[ERROR - 2025-10-21 14:33:51,831 - Worker_4] Status code == 403 for http://noticias.uol.com.br/album/2014/02/07/conheca-os-petiscos-consumidos-nas-praias-de-todo-o-brasil.htm?abrefoto=1, skipping...
[ERROR - 2025-10-21 14:33:52,300 - Worker_3] Status code == 404 for http://carnaval.uol.com.br/2014/salvador/, skipping...
[ERROR - 2025-10-21 14:33:56,350 - Worker_3] Status code == 403 for http://noticias.uol.com.br/saude/ultimas-noticias/redacao/2014/02/07/estudo-associa-baixos-niveis-de-vitamina-d-a-doenca-grave-em-gestante.htm, skipping...
[ERROR - 2025-10-21 14:33:57,367 - Worker_2] Status code == 404 for http://carnaval.uol.com.br/2014/sao-paulo/, skipping...
[ERROR - 2025-10-21 14:33:58,173 - Worker_1] Status code == 403 for http://educacao.uol.com.br/noticias/2014/02/07/sisu-aluna-de-15-anos-e-aprovada-na-ufac-e-garante-matricula-na-justica.htm, skipping...
[ERROR - 2025-10-21 14:34:02,698 - Worker_3] Status code == 403 for http://noticias.uol.com.br/saude/album/2014/01/31/conheca-as-doencas-que-podem.htm?abrefoto=1, skipping...
[ERROR - 2025-10-21 14:34:04,619 - Worker_1] Status code == 403 for http://noticias.uol.com.br/cotidiano/ultimas-noticias/2014/02/07/cidade-de-sao-paulo-tera-coleta-mecanizada-de-lixo.htm, skipping...
[ERROR - 2025-10-21 14:34:05,563 - Worker_2] Status code == 403 for http://noticias.uol.com.br/politica/ultimas-noticias/2014/02/07/lider-do-pt-no-senado-vai-responder-por-homicidio-no-supremo.htm, skipping...
[ERROR - 2025-10-21 14:34:05,610 - Worker_4] Status code == 403 for http://robertosadovski.blogosfera.uol.com.br/2014/02/07/trapaca-consolida-david-o-russell-como-grande-diretor-de-atores/, skipping...
[ERROR - 2025-10-21 14:34:10,406 - Worker_4] Status code == 404 for http://bandsports.band.uol.com.br/sochi/2014/video/2014/02/07/14853840/indiano-perde-o-controle-mas-volta-ao-treno-e-termina-o-percurso.html, skipping...
[ERROR - 2025-10-21 14:34:13,680 - Worker_0] Status code == 403 for http://noticias.uol.com.br/midiaglobal/nytimes/2014/02/07/tribunais-nao-sao-capazes-de-acabar-com-guerras-civis.htm, skipping...
[ERROR - 2025-10-21 14:34:14,324 - Worker_2] Status code == 403 for http://blogdomenon.blogosfera.uol.com.br/2014/02/07/lusa-entra-na-justica-comum-no-dia-19/, skipping...
[ERROR - 2025-10-21 14:34:14,668 - Worker_4] Status code == 404 for http://carnaval.uol.com.br/2014/rio-de-janeiro/, skipping...
[ERROR - 2025-10-21 14:34:15,916 - Worker_3] Status code == 403 for http://noticias.uol.com.br/saude/ultimas-noticias/afp/2014/02/07/mulheres-correm-maior-risco-de-sofrer-avc-do-que-os-homens.htm, skipping...
[ERROR - 2025-10-21 14:34:18,733 - Worker_4] Status code == 403 for http://noticias.uol.com.br/cotidiano/ultimas-noticias/2014/02/07/juiz-condena-medicos-que-retiraram-orgaos-de-garoto-ainda-vivo-para-vender.htm, skipping...
[ERROR - 2025-10-21 14:34:20,028 - Worker_1] Status code == 403 for http://noticias.uol.com.br/saude/ultimas-noticias/redacao/2014/02/07/especialista-alerta-para-doencas-que-podem-atrapalhar-a-festa-da-copa.htm, skipping...
[ERROR - 2025-10-21 14:34:20,324 - Worker_0] Status code == 404 for http://carnaval.uol.com.br/2014/blocos-de-rua/, skipping...
[ERROR - 2025-10-21 14:34:20,642 - Worker_2] Status code == 403 for http://noticias.uol.com.br/ultimas-noticias/redacao/2014/02/07/pensei-em-me-matar-diz-naufrago-salvadorenho-veja-mais-frases-da-semana.htm, skipping...
[ERROR - 2025-10-21 14:34:24,076 - Worker_1] Status code == 403 for http://noticias.uol.com.br/cotidiano/ultimas-noticias/2014/02/07/demanda-de-energia-bate-recordes-pelo-quarto-dia-seguido-no-pais.htm, skipping...
[ERROR - 2025-10-21 14:34:26,668 - Worker_0] Status code == 403 for http://noticias.uol.com.br/midiaglobal/derspiegel/2014/02/07/dupla-cidadania-governo-merkel-avalia-quem-e-alemao.htm, skipping...
[ERROR - 2025-10-21 14:34:29,800 - Worker_2] Status code == 404 for http://carnaval.uol.com.br/2014/recife-e-olinda/, skipping...
[ERROR - 2025-10-21 14:34:32,818 - Worker_1] Status code == 403 for http://blogdosimao.blogosfera.uol.com.br/2014/02/07/almoco-eu-quero-ovo-frito/, skipping...
[ERROR - 2025-10-21 14:34:33,101 - Worker_0] Status code == 403 for http://tecnologia.uol.com.br/noticias/redacao/2014/02/07/com-us-20-pesquisadores-criam-dispositivo-que-controla-carros-remotamente.htm, skipping...
[ERROR - 2025-10-21 14:34:35,815 - Worker_3] Status code == 403 for http://noticias.uol.com.br/album/album-do-dia/2014/02/07/imagens-do-dia---7-de-fevereiro-de-2014.htm?abrefoto=60, skipping...
[ERROR - 2025-10-21 14:34:37,148 - Worker_0] Status code == 403 for http://noticias.uol.com.br/politica/ultimas-noticias/2014/02/07/procurador-geral-da-republica-pede-22-anos-de-prisao-para-azeredo-por-mensalao-tucano.htm, skipping...
[ERROR - 2025-10-21 14:34:39,161 - Worker_2] Status code == 403 for http://educacao.uol.com.br/noticias/2014/02/06/professores-universitarios-postam-no-facebook-critica-contra-pobre-em-aviao.htm, skipping...
[ERROR - 2025-10-21 14:34:44,636 - Worker_3] Status code == 403 for http://noticias.uol.com.br/saude/ultimas-noticias/redacao/2014/02/08/busca-de-estabilidade-leva-medicos-da-argentina-para-o-brasil.htm, skipping...
[ERROR - 2025-10-21 14:34:54,169 - Worker_3] Status code == 403 for http://noticias.uol.com.br/tabloide/ultimas-noticias/tabloideanas/2014/02/05/corretor-de-imoveis-para-que-criancas-vendem-casa-dos-pais-em-menos-de-uma-semana.htm, skipping...
[ERROR - 2025-10-21 14:34:54,571 - Worker_4] Status code == 403 for http://noticias.uol.com.br/cotidiano/ultimas-noticias/2014/02/08/usuarios-do-bilhete-mensal-fazem-mais-de-120-viagens-de-onibus-por-mes.htm, skipping...
[ERROR - 2025-10-21 14:34:57,858 - Worker_0] Status code == 404 for http://carnaval.uol.com.br/2014/salvador/, skipping...
[ERROR - 2025-10-21 14:34:59,156 - Worker_1] Status code == 404 for http://carnaval.uol.com.br/2014/sao-paulo/, skipping...
[ERROR - 2025-10-21 14:35:04,354 - Worker_3] Status code == 404 for http://carnaval.uol.com.br/2014/blocos-de-rua/noticias/2014/02/05/uol-transmite-carnauol-ao-vivo-com-shows-de-bangalafumenga-e-roberta-sa.htm, skipping...
[ERROR - 2025-10-21 14:35:07,069 - Worker_0] Status code == 403 for http://allansieber.blogosfera.uol.com.br/2014/02/05/bifaland-12/, skipping...
[ERROR - 2025-10-21 14:35:08,082 - Worker_4] Status code == 403 for http://noticias.uol.com.br/cotidiano/ultimas-noticias/2014/02/08/indiciado-por-explosao-no-rio-jovem-ja-tinha-duas-passagens-pela-policia.htm, skipping...
[ERROR - 2025-10-21 14:35:09,240 - Worker_1] Failed to connect with http://natelinha.ne10.uol.com.br/noticias/2014/02/08/sheherazade-fala-sobre-polemica-pt-e-psol-defendem-a-censura-71155.php after 3 attempts, skipping...
[ERROR - 2025-10-21 14:35:10,576 - Worker_3] Status code == 403 for http://noticias.uol.com.br/cotidiano/ultimas-noticias/2014/02/08/pm-aposentado-e-assassinado-em-regiao-de-chacina-em-campinas.htm, skipping...
[ERROR - 2025-10-21 14:35:14,628 - Worker_3] Status code == 403 for http://noticias.uol.com.br/ultimas-noticias/reuters/2014/02/08/previsoes-para-fevereiro-pioram-sistema-indica-cenario-de-racionamento-de-energia.htm, skipping...
[ERROR - 2025-10-21 14:35:18,399 - Worker_2] Status code == 403 for http://noticias.uol.com.br/midiaglobal/nytimes/2014/02/08/espanha-ve-sua-realidade-refletida-no-drama-real.htm, skipping...
[ERROR - 2025-10-21 14:35:20,104 - Worker_1] Status code == 404 for http://carnaval.uol.com.br/2014/rio-de-janeiro/, skipping...
[ERROR - 2025-10-21 14:35:21,613 - Worker_4] Status code == 403 for http://uolesporte.blogosfera.uol.com.br/2014/02/08/ex-sensacao-espanhola-perde-dois-gols-incriveis-veja-os-lances/, skipping...
[ERROR - 2025-10-21 14:35:22,652 - Worker_2] Status code == 404 for http://carnaval.uol.com.br/2014/blocos-de-rua/, skipping...
[ERROR - 2025-10-21 14:35:22,700 - Worker_0] Status code == 403 for http://colunaesplanada.blogosfera.uol.com.br/2014/02/08/alvo-da-policia-deputado-federal-entrega-esquema-via-sms/, skipping...
[ERROR - 2025-10-21 14:35:24,359 - Worker_1] Status code == 404 for http://carnaval.uol.com.br/2014/rio-de-janeiro/album/escolas-de-samba/2014/02/02/unidos-da-tijuca.htm?abrefoto=6, skipping...
[ERROR - 2025-10-21 14:35:25,496 - Worker_3] Status code == 403 for http://educacao.uol.com.br/album/2014/02/06/aprenda-sobre-historia-da-arte-museus-disponibilizam-22-acervos-online.htm?abrefoto=20, skipping...
[ERROR - 2025-10-21 14:35:26,754 - Worker_0] Status code == 403 for http://noticias.uol.com.br/midiaglobal/nytimes/2014/02/08/estudo-considera-normal-trabalho-de-parto-mais-prolongado.htm, skipping...
[ERROR - 2025-10-21 14:35:28,964 - Worker_2] Status code == 403 for http://noticias.uol.com.br/cotidiano/ultimas-noticias/2014/02/08/nao-tive-intencao-de-machucar-diz-envolvido-em-explosao-que-feriu-camera.htm, skipping...
[ERROR - 2025-10-21 14:35:30,428 - Worker_4] Status code == 404 for http://carnaval.uol.com.br/2014/recife-e-olinda/, skipping...
[ERROR - 2025-10-21 14:35:34,328 - Worker_3] Status code == 403 for http://noticias.uol.com.br/album/album-do-dia/2014/02/08/imagens-do-dia---8-de-fevereiro-de-2014.htm?abrefoto=51, skipping...
[ERROR - 2025-10-21 14:35:37,196 - Worker_4] Status code == 403 for http://blogdojuca.uol.com.br/2014/02/danilo-as-voltas-com-o-terror/, skipping...
[ERROR - 2025-10-21 14:35:42,878 - Worker_1] Status code == 403 for http://noticias.uol.com.br/saude/ultimas-noticias/redacao/2014/02/09/entidades-medicas-soltam-nota-repudiando-agressoes-ao-direito-trabalhista.htm, skipping...
[ERROR - 2025-10-21 14:35:46,002 - Worker_4] Status code == 403 for http://noticias.uol.com.br/ultimas-noticias/agencia-estado/2014/02/09/acidente-com-van-deixa-19-feridos-em-sao-manuel.htm, skipping...
[ERROR - 2025-10-21 14:35:46,564 - Worker_2] Status code == 404 for http://bandsports.band.uol.com.br/sochi/2014/noticia/100000662806/russa-de-15-anos-arranca-sorriso-de-putin.html, skipping...
[ERROR - 2025-10-21 14:35:50,077 - Worker_3] Status code == 403 for http://noticias.uol.com.br/cotidiano/ultimas-noticias/2014/02/09/suspeito-de-ferir-camera-diz-conhecer-de-vista-homem-que-causou-explosao.htm, skipping...
[ERROR - 2025-10-21 14:35:50,692 - Worker_2] Status code == 403 for http://uolesporte.blogosfera.uol.com.br/2014/02/09/roberto-carlos-ganha-placa-de-poderoso-chefao-na-turquia/, skipping...
[ERROR - 2025-10-21 14:35:57,117 - Worker_2] Status code == 403 for http://noticias.uol.com.br/cotidiano/ultimas-noticias/2014/02/09/alckmin-volta-a-descartar-racionamento-de-agua-em-sp.htm, skipping...
[ERROR - 2025-10-21 14:35:57,158 - Worker_1] Status code == 403 for http://reginanavarro.blogosfera.uol.com.br/2014/02/08/a-prostituicao-alem-da-esquina/, skipping...
[ERROR - 2025-10-21 14:35:58,907 - Worker_3] Status code == 404 for http://carnaval.uol.com.br/2014/salvador/, skipping...
[ERROR - 2025-10-21 14:36:01,342 - Worker_2] Status code == 404 for http://carnaval.uol.com.br/2014/sao-paulo/, skipping...
[ERROR - 2025-10-21 14:36:04,104 - Worker_4] Status code == 403 for http://noticias.uol.com.br/midiaglobal/lemonde/2014/02/09/india-e-abalada-por-debate-inedito-sobre-racismo-na-sociedade.htm, skipping...
[ERROR - 2025-10-21 14:36:07,901 - Worker_1] Status code == 403 for http://noticias.uol.com.br/cotidiano/ultimas-noticias/2014/02/09/jornalista-renato-pompeu-morre-aos-72-anos.htm, skipping...
[ERROR - 2025-10-21 14:36:10,564 - Worker_2] Status code == 403 for http://noticias.uol.com.br/album/album-do-dia/2014/02/09/imagens-do-dia---9-de-fevereiro-de-2014.htm?abrefoto=57, skipping...
[ERROR - 2025-10-21 14:36:11,822 - Worker_3] Status code == 403 for http://noticias.uol.com.br/cotidiano/ultimas-noticias/2014/02/09/apos-polemica-retorno-de-frei-a-missa-em-bh-faz-numero-de-fieis-dobrar.htm, skipping...
[ERROR - 2025-10-21 14:36:11,974 - Worker_1] Status code == 403 for http://noticias.uol.com.br/ultimas-noticias/afp/2014/02/09/bolivia-chama-chile-de-pais-agressor-sobre-conflito-maritimo.htm, skipping...
[ERROR - 2025-10-21 14:36:18,236 - Worker_3] Status code == 403 for http://noticias.uol.com.br/album/2014/02/08/conheca-a-mansao-onde-al-capone-morreu-e-que-esta-a-venda-em-miami.htm?abrefoto=2, skipping...
[ERROR - 2025-10-21 14:36:18,458 - Worker_1] Status code == 404 for http://carnaval.uol.com.br/2014/rio-de-janeiro/, skipping...
[ERROR - 2025-10-21 14:36:19,784 - Worker_4] Status code == 403 for http://noticias.uol.com.br/album/2014/02/09/girafa-de-dois-anos-e-sacrificada-em-zoologico-de-copenhague.htm?abrefoto=11, skipping...
[ERROR - 2025-10-21 14:36:22,517 - Worker_1] Status code == 403 for http://noticias.uol.com.br/midiaglobal/nytimes/2014/02/09/ele-atacou-o-japao-em-1942-e-sobreviveu-ate-hoje-para-contar-a-historia.htm, skipping...
[ERROR - 2025-10-21 14:36:23,790 - Worker_2] Status code == 404 for http://carnaval.uol.com.br/2014/blocos-de-rua/, skipping...
[ERROR - 2025-10-21 14:36:23,823 - Worker_4] Status code == 403 for http://noticias.uol.com.br/ultimas-noticias/redacao/2014/02/08/skatistas-sao-suspeitos-de-matar-gay-em-sp-veja-videos-de-destaque.htm, skipping...
[ERROR - 2025-10-21 14:36:23,939 - Worker_0] Status code == 404 for http://carnaval.uol.com.br/2014/blocos-de-rua/album/2014/02/09/veja-o-publico-que-participou-do-carnauol-em-sao-paulo.htm?abrefoto=1, skipping...
[ERROR - 2025-10-21 14:36:32,479 - Worker_4] Status code == 404 for http://carnaval.uol.com.br/2014/recife-e-olinda/, skipping...
[ERROR - 2025-10-21 14:36:35,245 - Worker_2] Status code == 403 for http://uolesportevetv.blogosfera.uol.com.br/2014/02/09/taffarel-diz-que-bordao-corneta-de-galvao-ficou-eternizado-na-turquia/, skipping...
[ERROR - 2025-10-21 14:36:42,297 - Worker_3] Status code == 403 for http://noticias.uol.com.br/midiaglobal/nytimes/2014/02/09/homens-fogem-do-sri-lanka-para-enfrentar-tres-anos-de-prisao-nos-eua.htm, skipping...
[ERROR - 2025-10-21 14:36:43,612 - Worker_4] Status code == 403 for http://blogdomariomagalhaes.blogosfera.uol.com.br/2014/02/09/homenagem-a-eduardo-coutinho-exibe-versao-mutilada-de-edificio-master/, skipping...
[ERROR - 2025-10-21 14:36:46,380 - Worker_3] Status code == 403 for http://noticias.uol.com.br/cotidiano/ultimas-noticias/2014/02/10/morte-de-cinegrafista-foi-assassinato-diz-carvalho.htm, skipping...
[ERROR - 2025-10-21 14:36:46,964 - Worker_1] Status code == 403 for http://blogdosakamoto.blogosfera.uol.com.br/2014/02/10/se-miami-e-o-brasil-que-deu-certo-entao-o-brasil-deu-muito-errado/, skipping...
[ERROR - 2025-10-21 14:36:47,870 - Worker_4] Status code == 404 for http://carnaval.uol.com.br/2014/salvador/, skipping...
[ERROR - 2025-10-21 14:36:50,427 - Worker_3] Status code == 403 for http://noticias.uol.com.br/ultimas-noticias/reuters/2014/02/10/ministerio-diz-que-fornecimento-de-energia-eletrica-esta-assegurado.htm, skipping...
[ERROR - 2025-10-21 14:36:51,012 - Worker_1] Status code == 403 for http://noticias.uol.com.br/ultimas-noticias/efe/2014/02/08/ucrania-investiga-sequestrador-de-aviao-turco-por-terrorismo.htm, skipping...
[ERROR - 2025-10-21 14:36:51,272 - Worker_0] Status code == 403 for http://josiasdesouza.blogosfera.uol.com.br/2014/02/10/mais-medicos-e-vendido-em-campanha-publicitaria-como-um-programa-redentor/, skipping...
[ERROR - 2025-10-21 14:36:52,032 - Worker_4] Status code == 403 for http://tablog.blogosfera.uol.com.br/2014/02/passaro-lira-imita-alarme-camera-e-ate-motoserra/, skipping...
[ERROR - 2025-10-21 14:36:53,228 - Worker_2] Status code == 404 for http://carnaval.uol.com.br/2014/recife-e-olinda/, skipping...
[ERROR - 2025-10-21 14:36:54,474 - Worker_3] Status code == 403 for http://noticias.uol.com.br/midiaglobal/nytimes/2014/02/10/atendimento-para-pessoas-em-crise-se-adapta-a-era-das-mensagens-de-texto.htm, skipping...
[ERROR - 2025-10-21 14:36:55,275 - Worker_1] Status code == 404 for http://carnaval.uol.com.br/2014/sao-paulo/, skipping...
[ERROR - 2025-10-21 14:36:55,320 - Worker_0] Status code == 403 for http://noticias.uol.com.br/midiaglobal/nytimes/2014/02/10/depois-de-muitas-voltas-um-sonho-se-desfaz.htm, skipping...
[ERROR - 2025-10-21 14:36:56,092 - Worker_4] Status code == 403 for http://noticias.uol.com.br/saude/ultimas-noticias/redacao/2014/02/10/medico-que-abandonou-programa-e-fugiu-para-os-eua-tinha-sido-elogiado.htm, skipping...
[ERROR - 2025-10-21 14:36:59,428 - Worker_1] Status code == 403 for http://noticias.uol.com.br/album/album-do-dia/2014/02/10/imagens-do-dia---10-de-fevereiro-de-2014.htm?abrefoto=55, skipping...
[ERROR - 2025-10-21 14:37:01,138 - Worker_4] Status code == 403 for http://noticias.uol.com.br/saude/ultimas-noticias/redacao/2014/02/10/pesquisadores-da-usp-usam-corrente-eletrica-para-tratar-depressao.htm, skipping...
[ERROR - 2025-10-21 14:37:07,485 - Worker_4] Status code == 404 for http://guia.uol.com.br/belo-horizonte/cinema/noticias/2014/02/07/com-godard-e-bressane-mostra-exibe-56-filmes-que-passaram-batidos-em-2013.htm, skipping...
[ERROR - 2025-10-21 14:37:08,369 - Worker_0] Status code == 404 for http://guia.uol.com.br/album/2014/02/04/confira-as-pecas-do-festival-de-teatro-de-curitiba-2014.htm, skipping...
[ERROR - 2025-10-21 14:37:09,526 - Worker_3] Status code == 404 for http://carnaval.uol.com.br/2014/rio-de-janeiro/, skipping...
[ERROR - 2025-10-21 14:37:11,777 - Worker_2] Status code == 404 for http://carnaval.uol.com.br/2014/rio-de-janeiro/noticias/2014/02/10/apos-decadas-em-2-plano-escolas-voltam-a-apostar-em-bons-sambas-enredos.htm, skipping...
[ERROR - 2025-10-21 14:37:12,423 - Worker_0] Status code == 403 for http://noticias.uol.com.br/saude/ultimas-noticias/bbc/2014/02/10/cubana-que-largou-mais-medicos-teme-ser-sequestrada-no-brasil.htm, skipping...
[ERROR - 2025-10-21 14:37:13,576 - Worker_3] Status code == 403 for http://noticias.uol.com.br/internacional/ultimas-noticias/2014/02/10/estatua-do-deus-apolo-e-encontrada-na-faixa-de-gaza.htm, skipping...
[ERROR - 2025-10-21 14:37:15,837 - Worker_1] Status code == 403 for http://noticias.uol.com.br/cotidiano/ultimas-noticias/2014/02/10/prefeitura-responde-a-tribunal-para-liberar-corredores-de-onibus-em-sp.htm, skipping...
[ERROR - 2025-10-21 14:37:18,793 - Worker_0] Status code == 403 for http://noticias.uol.com.br/cotidiano/ultimas-noticias/2014/02/10/advogado-quer-descaracterizar-homicidio-na-morte-de-cinegrafista.htm, skipping...
[ERROR - 2025-10-21 14:37:19,891 - Worker_1] Status code == 404 for http://guia.uol.com.br/brasilia/noticias/2014/02/10/banda-norueguesa-bigbang-se-apresenta-na-sexta-14-em-brasilia.htm, skipping...
[ERROR - 2025-10-21 14:37:23,454 - Worker_2] Status code == 404 for http://carnaval.uol.com.br/2014/blocos-de-rua/, skipping...
[ERROR - 2025-10-21 14:37:24,014 - Worker_1] Status code == 403 for http://josiasdesouza.blogosfera.uol.com.br/2014/02/10/black-blocs-tem-seu-primeiro-feito-um-cadaver/, skipping...
[ERROR - 2025-10-21 14:37:25,117 - Worker_0] Status code == 403 for http://noticias.uol.com.br/midiaglobal/nytimes/2014/02/10/exames-geneticos-criancas-saudaveis-e-duvida-etica.htm, skipping...
[ERROR - 2025-10-21 14:37:28,092 - Worker_1] Status code == 403 for http://educacao.uol.com.br/noticias/2014/02/10/me-senti-fracassada-diz-aluna-de-medicina-da-gama-filho-que-desistiu-de-mestrado.htm, skipping...
[ERROR - 2025-10-21 14:37:31,703 - Worker_2] Status code == 403 for http://noticias.uol.com.br/cotidiano/ultimas-noticias/2014/02/10/morre-cinegrafista-da-band-atingido-por-explosivo-em-protesto-no-rio.htm, skipping...
[ERROR - 2025-10-21 14:37:32,144 - Worker_4] Status code == 403 for http://noticias.uol.com.br/cotidiano/ultimas-noticias/2014/02/10/policia-prende-suspeitos-de-matar-jovem-em-ritual-de-magia-negra-em-bh.htm, skipping...
[ERROR - 2025-10-21 14:37:32,239 - Worker_1] Status code == 403 for http://mauriciostycer.blogosfera.uol.com.br/2014/02/10/apresentador-da-serie-o-infiltrado-sera-novo-reporter-do-cqc/, skipping...
[ERROR - 2025-10-21 14:37:36,456 - Worker_1] Status code == 403 for http://uolesporte.blogosfera.uol.com.br/2014/02/10/hulk-marca-golaco-do-meio-de-campo-mas-nem-liga/, skipping...
[ERROR - 2025-10-21 14:37:39,798 - Worker_3] Status code == 403 for http://noticias.uol.com.br/cotidiano/ultimas-noticias/2014/02/10/delegado-diz-que-suspeito-preso-reconheceu-foto-de-homem-que-acendeu-bomba.htm, skipping...
[ERROR - 2025-10-21 14:37:44,497 - Worker_4] Failed to connect with http://blogdobirner.virgula.uol.com.br/2014/02/10/futebol-continua-sendo-castigado-pela-politica/ after 3 attempts, skipping...
[ERROR - 2025-10-21 14:37:45,042 - Worker_1] Status code == 403 for http://noticias.uol.com.br/midiaglobal/derspiegel/2014/02/11/economias-em-desenvolvimento-atingem-uma-parede-de-tijolos.htm, skipping...
[ERROR - 2025-10-21 14:37:47,007 - Worker_2] Status code == 403 for http://noticias.uol.com.br/album/album-do-dia/2014/02/11/imagens-do-dia---11-de-fevereiro-de-2014.htm?abrefoto=55, skipping...
[ERROR - 2025-10-21 14:37:47,416 - Worker_3] Status code == 404 for http://jovempan.uol.com.br/esportes/futebol/futebol-nacional/campeonato-paulista/2014/coronel-da-pm-pede-fim-de-relacao-promiscua-entre-clubes-e-organizadas.html, skipping...
[ERROR - 2025-10-21 14:37:51,544 - Worker_4] Status code == 404 for http://carnaval.uol.com.br/2014/rio-de-janeiro/noticias/2014/02/11/quero-chegar-no-nivel-da-viviane-araujo-diz-laura-keller-da-inocentes.htm, skipping...
[ERROR - 2025-10-21 14:37:52,009 - Worker_0] Status code == 403 for http://noticias.uol.com.br/cotidiano/ultimas-noticias/2014/02/11/policia-desvenda-assassinato-em-mossoro-rn-apos-postagens-no-facebook.htm, skipping...
[ERROR - 2025-10-21 14:37:55,879 - Worker_1] Status code == 403 for http://noticias.uol.com.br/cotidiano/ultimas-noticias/2014/02/11/justica-nega-pedido-de-pensao-para-suzane-von-richthofen.htm, skipping...
[ERROR - 2025-10-21 14:37:58,123 - Worker_2] Status code == 404 for http://carnaval.uol.com.br/2014/salvador/, skipping...
[ERROR - 2025-10-21 14:37:58,169 - Worker_4] Status code == 403 for http://saltoalto.blogosfera.uol.com.br/2014/02/11/fas-mandam-ate-conselhos-para-bruna-e-neymar-apos-fim-do-namoro/, skipping...
[ERROR - 2025-10-21 14:38:00,128 - Worker_1] Status code == 404 for http://carnaval.uol.com.br/2014/sao-paulo/, skipping...
[ERROR - 2025-10-21 14:38:00,845 - Worker_0] Status code == 403 for http://blogdomenon.blogosfera.uol.com.br/2014/02/11/pato-ninguem-sabe-quanto-eu-chorei-quanto-eu-sofri/, skipping...
[ERROR - 2025-10-21 14:38:02,200 - Worker_2] Status code == 403 for http://noticias.uol.com.br/midiaglobal/the-international-new-york-times/2014/02/11/solucao-para-lixo-nuclear-e-encontrada-em-depositos-de-sal-no-deserto.htm, skipping...
[ERROR - 2025-10-21 14:38:04,252 - Worker_1] Status code == 403 for http://josiasdesouza.blogosfera.uol.com.br/2014/02/11/defeccoes-expoem-fragilidade-do-mais-medicos/, skipping...
[ERROR - 2025-10-21 14:38:08,465 - Worker_1] Status code == 403 for http://nilsonxavier.blogosfera.uol.com.br/2014/02/11/cronologia-das-primeiras-fases-de-em-familia-confundiu-o-publico/, skipping...
[ERROR - 2025-10-21 14:38:16,058 - Worker_4] Status code == 403 for http://noticias.uol.com.br/cotidiano/ultimas-noticias/2014/02/11/cidades-no-espirito-santo-ficam-sem-energia.htm, skipping...
[ERROR - 2025-10-21 14:38:17,249 - Worker_1] Status code == 403 for http://uolesporte.blogosfera.uol.com.br/2014/02/11/apos-polemica-camarones-de-17-anos-desabafa-e-bloqueia-redes-sociais/, skipping...
[ERROR - 2025-10-21 14:38:19,563 - Worker_3] Status code == 403 for http://noticias.uol.com.br/midiaglobal/the-international-new-york-times/2014/02/11/hospital-judaico-de-teera-recebe-ajuda-do-governo-no-ira.htm, skipping...
[ERROR - 2025-10-21 14:38:19,942 - Worker_0] Failed to connect with http://natelinha.ne10.uol.com.br/bbb14/2014/02/11/exbbb-bella-maia-depila-axilas-peludas-eu-depilei-meu-sovaco-71295.php after 3 attempts, skipping...
[ERROR - 2025-10-21 14:38:20,107 - Worker_4] Status code == 403 for http://noticias.uol.com.br/ultimas-noticias/bbc/2014/02/11/elite-de-sao-paulo-e-pobre-de-espirito-diz-fernando-haddad.htm, skipping...
[ERROR - 2025-10-21 14:38:21,456 - Worker_1] Status code == 404 for http://charges.uol.com.br/chamada/2014/02/12/e-num-consultorio-do-sus, skipping...
[ERROR - 2025-10-21 14:38:23,839 - Worker_3] Status code == 404 for http://carnaval.uol.com.br/2014/rio-de-janeiro/, skipping...
[ERROR - 2025-10-21 14:38:23,999 - Worker_0] Status code == 403 for http://noticias.uol.com.br/politica/ultimas-noticias/2014/02/11/joaquim-barbosa-suspende-mais-uma-decisao-de-lewandowski.htm, skipping...
[ERROR - 2025-10-21 14:38:26,706 - Worker_4] Status code == 403 for http://economia.uol.com.br/noticias/afp/2014/02/11/eua-camara-de-representantes-aprova-elevar-teto-da-divida-ate-2015.htm, skipping...
[ERROR - 2025-10-21 14:38:28,039 - Worker_0] Status code == 403 for http://noticias.uol.com.br/ultimas-noticias/afp/2014/02/11/bebe-de-mulher-clinicamente-morta-nasce-por-cesariana-no-canada.htm, skipping...
[ERROR - 2025-10-21 14:38:28,064 - Worker_3] Status code == 404 for http://carnaval.uol.com.br/2014/blocos-de-rua/, skipping...
[ERROR - 2025-10-21 14:38:29,417 - Worker_2] Status code == 403 for http://noticias.uol.com.br/ultimas-noticias/afp/2014/02/11/anistia-internacional-denuncia-limpeza-etnica-na-republica-centro-africana.htm, skipping...
[ERROR - 2025-10-21 14:38:31,498 - Worker_1] Failed to connect with http://blogdobirner.virgula.uol.com.br/2014/02/11/a-pesada-guerra-verbal-no-sao-paulo-situacao-e-oposicao-trocam-acusacoes/ after 3 attempts, skipping...
[ERROR - 2025-10-21 14:38:33,572 - Worker_2] Status code == 403 for http://allansieber.blogosfera.uol.com.br/2014/02/10/e-liiiiiiiiiiiiindo/, skipping...
[ERROR - 2025-10-21 14:38:36,011 - Worker_4] Status code == 403 for http://blogdosakamoto.blogosfera.uol.com.br/2014/02/11/em-quanto-tempo-esqueceremos-o-nome-do-cinegrafista-santiago/, skipping...
[ERROR - 2025-10-21 14:38:37,284 - Worker_0] Status code == 404 for http://carnaval.uol.com.br/2014/recife-e-olinda/, skipping...
[ERROR - 2025-10-21 14:38:38,008 - Worker_1] Status code == 403 for http://economia.uol.com.br/empregos-e-carreiras/noticias/redacao/2014/02/11/hsbc-e-condenado-em-r-675-mi-por-espionar-funcionarios-em-licenca-medica.htm, skipping...
[ERROR - 2025-10-21 14:38:40,068 - Worker_4] Status code == 403 for http://economia.uol.com.br/noticias/redacao/2014/02/11/bb-foi-o-que-mais-subiu-juros-do-emprestimo-pessoal-em-fevereiro-diz-procon.htm, skipping...
[ERROR - 2025-10-21 14:38:46,145 - Worker_3] Status code == 403 for http://noticias.uol.com.br/saude/ultimas-noticias/redacao/2014/02/12/dores-nas-costas-podem-ser-evitadas-com-exercicios-de-fortalecimento.htm, skipping...
[ERROR - 2025-10-21 14:38:50,190 - Worker_3] Status code == 403 for http://noticias.uol.com.br/politica/ultimas-noticias/2014/02/12/a-conviccao-da-inocencia-me-fez-vir-aqui-afirma-donadon.htm, skipping...
[ERROR - 2025-10-21 14:38:53,117 - Worker_0] Status code == 403 for http://noticias.uol.com.br/ultimas-noticias/redacao/2014/01/13/baixe-o-aplicativo-uol-noticias-no-ipad-iphone-e-android.htm, skipping...
[ERROR - 2025-10-21 14:38:55,958 - Worker_1] Status code == 404 for http://carnaval.uol.com.br/2014/salvador/, skipping...
[ERROR - 2025-10-21 14:38:57,137 - Worker_4] Status code == 403 for http://noticias.uol.com.br/midiaglobal/nytimes/2014/02/12/sem-emprego-na-cisjordania-palestinos-trabalham-em-industrias-israelenses-as-quais-se-opoem.htm, skipping...
[ERROR - 2025-10-21 14:38:57,322 - Worker_0] Status code == 404 for http://carnaval.uol.com.br/2014/sao-paulo/, skipping...
[ERROR - 2025-10-21 14:38:58,543 - Worker_2] Status code == 403 for http://noticias.uol.com.br/cotidiano/ultimas-noticias/2014/02/12/stj-aplica-medida-preventiva-da-lei-maria-da-penha.htm, skipping...
[ERROR - 2025-10-21 14:39:00,007 - Worker_1] Status code == 403 for http://noticias.uol.com.br/midiaglobal/lemonde/2014/02/12/direitos-dos-animais-deveres-dos-homens.htm, skipping...
[ERROR - 2025-10-21 14:39:01,399 - Worker_4] Status code == 403 for http://negociosdoesporte.blogosfera.uol.com.br/2014/02/12/paulo-andre-na-china-nem-o-marin-teria-essa-ideia/, skipping...
[ERROR - 2025-10-21 14:39:01,494 - Worker_0] Status code == 403 for http://uolesporte.blogosfera.uol.com.br/2014/02/12/de-bicicleta-e-de-cabeca-atacante-faz-defesas-incriveis-na-libertadores/, skipping...
[ERROR - 2025-10-21 14:39:02,648 - Worker_2] Status code == 403 for http://noticias.uol.com.br/politica/ultimas-noticias/2014/02/12/camara-donadon.htm, skipping...
[ERROR - 2025-10-21 14:39:08,239 - Worker_1] Status code == 403 for http://noticias.uol.com.br/cotidiano/ultimas-noticias/2014/02/12/velocidade-de-onibus-era-compativel-diz-delegada-acidente-matou-2-em-sp.htm, skipping...
[ERROR - 2025-10-21 14:39:12,114 - Worker_4] Status code == 403 for http://noticias.uol.com.br/cotidiano/ultimas-noticias/2014/02/12/onibus-esmaga-carro-em-acidente-na-zona-sul-de-sao-paulo.htm, skipping...
[ERROR - 2025-10-21 14:39:16,161 - Worker_4] Status code == 403 for http://noticias.uol.com.br/cotidiano/ultimas-noticias/2014/02/12/mega-sena-acumula-mais-uma-vez-e-pode-pagar-r-62-milhoes-no-sabado.htm, skipping...
[ERROR - 2025-10-21 14:39:22,574 - Worker_4] Status code == 403 for http://blogdojuca.uol.com.br/2014/02/a-ma-troca/, skipping...
[ERROR - 2025-10-21 14:39:28,655 - Worker_3] Status code == 404 for http://carnaval.uol.com.br/2014/rio-de-janeiro/, skipping...
[ERROR - 2025-10-21 14:39:30,918 - Worker_1] Status code == 403 for http://noticias.uol.com.br/album/album-do-dia/2014/02/12/imagens-do-dia---12-de-fevereiro-de-2014.htm?abrefoto=46, skipping...
[ERROR - 2025-10-21 14:39:33,957 - Worker_4] Status code == 404 for http://carnaval.uol.com.br/2014/blocos-de-rua/, skipping...
[ERROR - 2025-10-21 14:39:35,029 - Worker_3] Status code == 403 for http://noticias.uol.com.br/cotidiano/ultimas-noticias/2014/02/12/jovem-que-forjou-sequestro-para-exorquir-mae-que-ganhou-na-mega-e-solto.htm, skipping...
[ERROR - 2025-10-21 14:39:35,473 - Worker_2] Status code == 404 for http://carnaval.uol.com.br/2014/recife-e-olinda/, skipping...
[ERROR - 2025-10-21 14:39:36,500 - Worker_0] Status code == 403 for http://noticias.uol.com.br/tabloide/ultimas-noticias/tabloideanas/2014/02/11/bilionario-misterioso-coloca-a-venda-ilha-grega.htm, skipping...
[ERROR - 2025-10-21 14:39:38,119 - Worker_4] Status code == 403 for http://josiasdesouza.blogosfera.uol.com.br/2014/02/12/deputado-ofende-quilombolas-indios-gays-e-lesbicas-tudo-que-nao-presta/, skipping...
[ERROR - 2025-10-21 14:39:40,555 - Worker_0] Status code == 404 for http://guia.uol.com.br/sao-paulo/shows/noticias/2014/02/12/shows-de-paula-fernandes-otto-e-guilherme-arantes-sao-destaques-da-semana.htm, skipping...
[ERROR - 2025-10-21 14:39:41,314 - Worker_3] Status code == 403 for http://noticias.uol.com.br/album/album-do-dia/2014/02/12/imagens-do-dia---12-de-fevereiro-de-2014.htm?abrefoto=35, skipping...
[ERROR - 2025-10-21 14:39:45,474 - Worker_3] Status code == 403 for http://blogdoneto.blogosfera.uol.com.br/2014/02/11/nao-consigo-acreditar-no-imperador/, skipping...
[ERROR - 2025-10-21 14:39:45,955 - Worker_1] Status code == 403 for http://economia.uol.com.br/cotacoes/noticias/redacao/2014/01/14/consulte-cotacoes-de-dolar-e-acoes-em-tablets-e-celulares.htm, skipping...
[ERROR - 2025-10-21 14:39:46,655 - Worker_2] Status code == 403 for http://noticias.uol.com.br/cotidiano/ultimas-noticias/2014/02/12/crianca-morre-apos-ingerir-veneno-preparado-pela-mae-em-mogi-das-cruzes.htm, skipping...
[ERROR - 2025-10-21 14:39:46,972 - Worker_0] Status code == 403 for http://tecnologia.uol.com.br/noticias/redacao/2014/02/12/uniao-europeia-pede-que-controle-da-web-deixe-de-ser-centralizado-nos-eua.htm, skipping...
[ERROR - 2025-10-21 14:39:51,872 - Worker_4] Status code == 403 for http://educacao.uol.com.br/noticias/2014/02/13/cinco-instituicoes-se-candidatam-para-receber-alunos-de-descredenciadas.htm, skipping...
[ERROR - 2025-10-21 14:39:53,037 - Worker_2] Status code == 403 for http://cornetafc.blogosfera.uol.com.br/2014/02/13/flamengo-vira-presa-do-leon-e-tambem-da-zoeira/, skipping...
[ERROR - 2025-10-21 14:39:54,626 - Worker_1] Status code == 403 for http://noticias.uol.com.br/midiaglobal/freakonomics/2014/02/13/o-que-voce-nao-quer-saber-sobre-sites-de-relacionamento.htm, skipping...
[ERROR - 2025-10-21 14:39:57,018 - Worker_3] Status code == 403 for http://noticias.uol.com.br/ultimas-noticias/efe/2014/02/13/ulema-saudita-emite-lei-que-proibe-mulheres-de-irem-sozinhas-ao-medico.htm, skipping...
[ERROR - 2025-10-21 14:39:57,302 - Worker_2] Status code == 404 for http://carnaval.uol.com.br/2014/sao-paulo/noticias/2014/02/13/ainda-da-tempo-de-desfilar-fantasias-em-sp-custam-de-100-a-600-reais.htm, skipping...
[ERROR - 2025-10-21 14:39:58,183 - Worker_4] Status code == 403 for http://josiasdesouza.blogosfera.uol.com.br/2014/02/13/lei-de-goias-permite-a-pm-vetar-atos-publicos/, skipping...
[ERROR - 2025-10-21 14:40:01,410 - Worker_1] Status code == 403 for http://noticias.uol.com.br/ultimas-noticias/redacao/2014/01/13/baixe-o-aplicativo-uol-noticias-no-ipad-iphone-e-android.htm, skipping...
[ERROR - 2025-10-21 14:40:02,438 - Worker_0] Status code == 403 for http://noticias.uol.com.br/cotidiano/ultimas-noticias/2014/02/13/manifestantes-se-concentram-no-rio-para-ato-contra-aumento-das-passagens.htm, skipping...
[ERROR - 2025-10-21 14:40:02,453 - Worker_4] Status code == 404 for http://carnaval.uol.com.br/2014/blocos-de-rua/noticias/2014/02/13/tulipa-ruiz-sera-madrinha-do-bloco-academicos-do-baixo-augusta.htm, skipping...
[ERROR - 2025-10-21 14:40:08,178 - Worker_3] Status code == 404 for http://carnaval.uol.com.br/2014/salvador/, skipping...
[ERROR - 2025-10-21 14:40:08,724 - Worker_2] Status code == 403 for http://educacao.uol.com.br/noticias/2014/02/13/a-gente-nao-sabe-para-onde-vai-diz-caloura-de-curso-descredenciado-da-ufpr.htm, skipping...
[ERROR - 2025-10-21 14:40:09,415 - Worker_0] Status code == 404 for http://carnaval.uol.com.br/2014/sao-paulo/, skipping...
[ERROR - 2025-10-21 14:40:13,943 - Worker_4] Status code == 403 for http://noticias.uol.com.br/ultimas-noticias/bbc/2014/02/13/jornalista-da-bbc-descreve-caos-em-tentativa-de-socorro-a-cinegrafista-da-band.htm, skipping...
[ERROR - 2025-10-21 14:40:14,113 - Worker_1] Status code == 403 for http://noticias.uol.com.br/cotidiano/ultimas-noticias/2014/02/13/suspeito-ligou-para-colega-e-contou-que-matou-uma-pessoa-diz-delegado.htm, skipping...
[ERROR - 2025-10-21 14:40:16,751 - Worker_3] Status code == 403 for http://noticias.uol.com.br/tabloide/album/2014/02/13/casais-participam-de-cerimonias-de-casamento-com-tematica-de-aventuras-na-tailandia.htm?abrefoto=3, skipping...
[ERROR - 2025-10-21 14:40:18,008 - Worker_4] Status code == 404 for http://guia.uol.com.br/rio-de-janeiro/criancas/noticias/2014/02/13/roteiro-traz-atracoes-de-carnaval-para-criancas-com-blocos-de-rua-e-show.htm, skipping...
[ERROR - 2025-10-21 14:40:21,802 - Worker_0] Status code == 403 for http://noticias.uol.com.br/cotidiano/ultimas-noticias/2014/02/13/rolezeiros-querem-montar-associacao-voltada-a-projetos-sociais.htm, skipping...
[ERROR - 2025-10-21 14:40:22,012 - Worker_2] Status code == 403 for http://noticias.uol.com.br/saude/ultimas-noticias/redacao/2014/02/13/existe-algum-procedimento-para-aumentar-o-penis-jairo-bouer-responde.htm, skipping...
[ERROR - 2025-10-21 14:40:24,338 - Worker_4] Status code == 403 for http://noticias.uol.com.br/meio-ambiente/ultimas-noticias/redacao/2014/02/13/uso-de-botos-do-amazonas-como-isca-para-pesca-leva-a-extincao-da-especie.htm, skipping...
[ERROR - 2025-10-21 14:40:27,839 - Worker_3] Status code == 403 for http://noticias.uol.com.br/cotidiano/ultimas-noticias/2014/02/13/estudo-da-puc-aponta-indicios-de-fezes-em-chuveirinhos-na-zona-sul-do-rio.htm, skipping...
[ERROR - 2025-10-21 14:40:28,060 - Worker_0] Status code == 403 for http://noticias.uol.com.br/midiaglobal/nytimes/2014/02/13/sera-que-a-alemanha-pode-se-tornar-adulta.htm, skipping...
[ERROR - 2025-10-21 14:40:28,383 - Worker_4] Status code == 403 for http://noticias.uol.com.br/saude/ultimas-noticias/redacao/2014/02/13/australiana-perde-amigos-no-facebook-apos-fotos-de-marcas-do-cancer-de-mama.htm#fotoNav=4, skipping...
[ERROR - 2025-10-21 14:40:30,173 - Worker_1] Status code == 404 for http://guia.uol.com.br/album/2014/02/06/confira-bares-com-espacos-abertos-para-curtir-o-verao-em-curitiba.htm, skipping...
[ERROR - 2025-10-21 14:40:34,393 - Worker_1] Status code == 404 for http://carnaval.uol.com.br/2014/rio-de-janeiro/, skipping...
[ERROR - 2025-10-21 14:40:37,013 - Worker_0] Status code == 403 for http://noticias.uol.com.br/ciencia/album/2014/02/03/veja-imagens-de-ciencia-do-mes-fevereiro2014.htm?abrefoto=40, skipping...
[ERROR - 2025-10-21 14:40:37,604 - Worker_4] Status code == 403 for http://noticias.uol.com.br/cotidiano/ultimas-noticias/2014/02/13/manifestantes-fazem-minuto-de-silencio-em-homenagem-a-cinegrafista-morto.htm, skipping...
[ERROR - 2025-10-21 14:40:38,621 - Worker_1] Status code == 404 for http://carnaval.uol.com.br/2014/blocos-de-rua/, skipping...
[ERROR - 2025-10-21 14:40:41,070 - Worker_0] Status code == 404 for http://guia.uol.com.br/brasilia/restaurantes/noticias/2014/02/13/restaurantes-servem-menus-especiais-em-dia-dos-namorados-fora-de-epoca.htm, skipping...
[ERROR - 2025-10-21 14:40:41,691 - Worker_4] Status code == 403 for http://educacao.uol.com.br/album/2014/02/13/para-treinar-leitura-criancas-contam-historias-para-gatos-orfaos.htm?abrefoto=9, skipping...
[ERROR - 2025-10-21 14:40:42,698 - Worker_1] Status code == 403 for http://economia.uol.com.br/album/2014/02/13/airbus-mostra-avioes-a350-em-cingapura.htm?abrefoto=4, skipping...
[ERROR - 2025-10-21 14:40:46,077 - Worker_4] Status code == 404 for http://carnaval.uol.com.br/2014/rio-de-janeiro/noticias/2014/02/13/mangueira-convida-elton-john-para-desfilar-em-carro-da-parada-gay.htm, skipping...
[ERROR - 2025-10-21 14:40:49,206 - Worker_1] Status code == 404 for http://carnaval.uol.com.br/2014/recife-e-olinda/, skipping...
[ERROR - 2025-10-21 14:40:53,199 - Worker_4] Status code == 404 for http://bandsports.band.uol.com.br/sochi/2014/video/2014/02/13/14861213/patinacao-artistica-norte-americano-sofre-queda-mas-vai-a-final.html, skipping...
[ERROR - 2025-10-21 14:40:55,501 - Worker_0] Status code == 403 for http://noticias.uol.com.br/midiaglobal/nytimes/2014/02/13/iranianos-atacam-os-eua-no-aniversario-da-revolucao.htm, skipping...
[ERROR - 2025-10-21 14:40:56,109 - Worker_3] Status code == 403 for http://noticias.uol.com.br/ultimas-noticias/afp/2014/02/13/egipcio-e-preso-em-trem-na-franca-com-explosivos.htm, skipping...
[ERROR - 2025-10-21 14:40:56,697 - Worker_2] Status code == 403 for http://economia.uol.com.br/cotacoes/noticias/redacao/2014/01/14/consulte-cotacoes-de-dolar-e-acoes-em-tablets-e-celulares.htm, skipping...
[ERROR - 2025-10-21 14:40:59,729 - Worker_4] Status code == 502 for http://noticias.band.uol.com.br/brasilurgente/video/2014/02/13/14861322/carro-cai-em-corrego-com-seis-pessoas-dentro.html, skipping...
[ERROR - 2025-10-21 14:41:00,158 - Worker_3] Status code == 403 for http://noticias.uol.com.br/cotidiano/ultimas-noticias/2014/02/14/nove-meses-apos-ficar-pronto-teleferico-em-favela-do-rio-nao-sai-do-lugar.htm, skipping...
[ERROR - 2025-10-21 14:41:02,138 - Worker_0] Status code == 403 for http://popload.blogosfera.uol.com.br/2014/02/14/muse-faz-show-solo-no-centro-de-sp-em-abril/, skipping...
[ERROR - 2025-10-21 14:41:03,198 - Worker_2] Status code == 403 for http://noticias.uol.com.br/meio-ambiente/ultimas-noticias/redacao/2014/02/14/grande-degelo-do-artico-libera-parasita-mortal-para-mamiferos.htm, skipping...
[ERROR - 2025-10-21 14:41:09,323 - Worker_4] Status code == 403 for http://tecnologia.uol.com.br/noticias/redacao/2014/02/14/especialistas-comentam-mudancas-recentes-no-marco-civil-da-internet.htm, skipping...
[ERROR - 2025-10-21 14:41:13,373 - Worker_4] Status code == 403 for http://noticias.uol.com.br/politica/ultimas-noticias/2014/02/14/pgr-envia-dois-representantes-a-italia-para-tratar-da-extradicao-de-pizzolato.htm, skipping...
[ERROR - 2025-10-21 14:41:14,193 - Worker_0] Status code == 404 for http://carnaval.uol.com.br/2014/rio-de-janeiro/noticias/2014/02/14/boni-diz-que-e-operario-da-beija-flor-e-se-submete-ao-comando-da-escola.htm, skipping...
[ERROR - 2025-10-21 14:41:14,314 - Worker_1] Status code == 403 for http://noticias.uol.com.br/ultimas-noticias/redacao/2014/01/13/baixe-o-aplicativo-uol-noticias-no-ipad-iphone-e-android.htm, skipping...
[ERROR - 2025-10-21 14:41:17,422 - Worker_4] Status code == 403 for http://noticias.uol.com.br/midiaglobal/nytimes/2014/02/14/presos-que-escaparam-do-iraque-alimentam-a-insurgencia-na-siria.htm, skipping...
[ERROR - 2025-10-21 14:41:21,390 - Worker_2] Status code == 403 for http://noticias.uol.com.br/cotidiano/ultimas-noticias/2014/02/14/suspeitos-de-lancar-rojao-no-rio-sao-indiciados.htm, skipping...
[ERROR - 2025-10-21 14:41:22,859 - Worker_3] Status code == 404 for http://carnaval.uol.com.br/2014/salvador/, skipping...
[ERROR - 2025-10-21 14:41:27,147 - Worker_1] Status code == 404 for http://carnaval.uol.com.br/2014/sao-paulo/, skipping...
[ERROR - 2025-10-21 14:41:31,274 - Worker_3] Status code == 403 for http://nagradedomma.blogosfera.uol.com.br/2014/02/14/quatro-lutas-e-estreia-no-ufc/, skipping...
[ERROR - 2025-10-21 14:41:39,663 - Worker_2] Status code == 403 for http://noticias.uol.com.br/cotidiano/ultimas-noticias/2014/02/14/policia-investiga-seis-pessoas-por-paralisacao-do-metro-de-sao-paulo.htm, skipping...
[ERROR - 2025-10-21 14:41:45,057 - Worker_1] Status code == 403 for http://noticias.uol.com.br/ciencia/ultimas-noticias/afp/2014/02/14/pesquisa-mostra-que-1-em-4-americanos-ignora-que-a-terra-orbita-o-sol.htm, skipping...
[ERROR - 2025-10-21 14:41:47,340 - Worker_4] Status code == 404 for http://carnaval.uol.com.br/2014/rio-de-janeiro/, skipping...
[ERROR - 2025-10-21 14:41:49,112 - Worker_1] Status code == 403 for http://noticias.uol.com.br/album/album-do-dia/2014/02/14/imagens-do-dia---14-de-fevereiro-de-2014.htm?abrefoto=55, skipping...
[ERROR - 2025-10-21 14:41:49,487 - Worker_3] Status code == 403 for http://blogdojuca.uol.com.br/2014/02/o-acordo-assinado-pelo-corinthians-na-justica-do-trabalho/, skipping...
[ERROR - 2025-10-21 14:41:49,796 - Worker_0] Status code == 404 for http://carnaval.uol.com.br/2014/blocos-de-rua/, skipping...
[ERROR - 2025-10-21 14:41:51,440 - Worker_4] Status code == 403 for http://economia.uol.com.br/noticias/efe/2014/02/14/eua-autorizam-bancos-a-operar-com-negocios-de-venda-de-maconha.htm, skipping...
[ERROR - 2025-10-21 14:41:53,195 - Worker_1] Status code == 403 for http://noticias.uol.com.br/infograficos/2014/02/14/veja-quais-sao-os-reservatorios-de-agua-da-grande-sp.htm, skipping...
[ERROR - 2025-10-21 14:41:53,290 - Worker_2] Status code == 403 for http://mauriciostycer.blogosfera.uol.com.br/2014/02/14/detetive-ve-tv-a-dupla-vida-de-iranete-nos-programas-populares/, skipping...
[ERROR - 2025-10-21 14:41:57,258 - Worker_1] Status code == 403 for http://noticias.uol.com.br/saude/ultimas-noticias/bbc/2014/02/14/britanica-com-ossos-de-vidro-atinge-objetivo-de-ser-mae-apos-200-fraturas.htm, skipping...
[ERROR - 2025-10-21 14:41:57,342 - Worker_2] Status code == 403 for http://noticias.uol.com.br/ultimas-noticias/reuters/2014/02/14/horario-de-verao-gera-economia-de-r-405-milhoes-aponta-ons.htm, skipping...
[ERROR - 2025-10-21 14:42:00,365 - Worker_4] Status code == 404 for http://carnaval.uol.com.br/2014/recife-e-olinda/, skipping...
[ERROR - 2025-10-21 14:42:03,246 - Worker_0] Status code == 403 for http://nagradedomma.blogosfera.uol.com.br/2014/02/14/os-passos-do-spider/, skipping...
[ERROR - 2025-10-21 14:42:05,921 - Worker_3] Status code == 403 for http://noticias.uol.com.br/album/album-do-dia/2014/02/14/imagens-do-dia---14-de-fevereiro-de-2014.htm?abrefoto=52, skipping...
[ERROR - 2025-10-21 14:42:07,319 - Worker_0] Status code == 403 for http://noticias.uol.com.br/politica/ultimas-noticias/2014/02/14/ha-20-anos-modelo-sem-calcinha-quase-derruba-presidente-do-brasil.htm, skipping...
[ERROR - 2025-10-21 14:42:09,971 - Worker_3] Status code == 403 for http://noticias.uol.com.br/politica/ultimas-noticias/2014/02/14/valerio-e-tolentino-sao-condenados-por-corrupcao-no-mensalao-mineiro.htm, skipping...
[ERROR - 2025-10-21 14:42:10,681 - Worker_1] Status code == 403 for http://economia.uol.com.br/cotacoes/noticias/redacao/2014/01/14/consulte-cotacoes-de-dolar-e-acoes-em-tablets-e-celulares.htm, skipping...
[ERROR - 2025-10-21 14:42:11,128 - Worker_4] Status code == 403 for http://noticias.uol.com.br/ciencia/album/2014/02/03/veja-imagens-de-ciencia-do-mes-fevereiro2014.htm?abrefoto=41, skipping...
[ERROR - 2025-10-21 14:42:14,523 - Worker_3] Status code == 403 for http://blogdojuca.uol.com.br/2014/02/jogadores-gostaram-dos-estadios-sem-alambrados/, skipping...
[ERROR - 2025-10-21 14:42:14,741 - Worker_1] Status code == 403 for http://noticias.uol.com.br/cotidiano/ultimas-noticias/2014/02/14/condenados-por-venda-de-orgaos-medicos-sao-absolvidos-pelo-crm-mg.htm, skipping...
[ERROR - 2025-10-21 14:42:15,574 - Worker_2] Status code == 403 for http://uolesporte.blogosfera.uol.com.br/2014/02/15/palmeirenses-lembram-8-a-0-e-invadem-ct-por-motivacao-extra-para-o-derbi/, skipping...
[ERROR - 2025-10-21 14:42:17,557 - Worker_4] Status code == 403 for http://noticias.uol.com.br/meio-ambiente/ultimas-noticias/redacao/2014/02/14/grande-degelo-do-artico-libera-parasita-mortal-para-mamiferos.htm, skipping...
[ERROR - 2025-10-21 14:42:19,702 - Worker_2] Status code == 403 for http://uolesporte.blogosfera.uol.com.br/2014/02/15/time-poe-11-jogadores-embaixo-da-trave-e-se-safa-de-levar-gol-assista/, skipping...
[ERROR - 2025-10-21 14:42:23,497 - Worker_1] Status code == 403 for http://noticias.uol.com.br/midiaglobal/boston/2014/02/15/no-oriente-medio-quem-e-davi-e-quem-e-golias.htm, skipping...
[ERROR - 2025-10-21 14:42:27,013 - Worker_3] Failed to connect with http://tnh1.ne10.uol.com.br/noticia/geral/2014/02/15/289049/problemas-em-subestacao-causa-falta-de-energia-em-grande-parte-de-alagoas after 3 attempts, skipping...
[ERROR - 2025-10-21 14:42:27,702 - Worker_0] Status code == 403 for http://noticias.uol.com.br/ultimas-noticias/redacao/2014/01/13/baixe-o-aplicativo-uol-noticias-no-ipad-iphone-e-android.htm, skipping...
[ERROR - 2025-10-21 14:42:27,938 - Worker_1] Status code == 404 for http://carnaval.uol.com.br/2014/rio-de-janeiro/album/2014/02/15/bloco-spanta-nenem.htm?abrefoto=9, skipping...
[ERROR - 2025-10-21 14:42:28,541 - Worker_4] Status code == 403 for http://economia.uol.com.br/blogs-e-colunas/coluna/reinaldo-polito/2014/02/15/quem-segura-a-crise-corintiana.htm, skipping...
[ERROR - 2025-10-21 14:42:30,540 - Worker_2] Status code == 403 for http://noticias.uol.com.br/internacional/ultimas-noticias/2014/02/15/rolezeiros-franceses-usam-nike-e-zara-comem-kfc-e-ouvem-musica-pop.htm, skipping...
[ERROR - 2025-10-21 14:42:31,988 - Worker_1] Status code == 403 for http://noticias.uol.com.br/voce-manda/2014/02/13/chuvas-de-verao.htm?abrefoto=1, skipping...
[ERROR - 2025-10-21 14:42:31,991 - Worker_0] Status code == 404 for http://carnaval.uol.com.br/2014/salvador/, skipping...
[ERROR - 2025-10-21 14:42:32,821 - Worker_4] Status code == 404 for http://carnaval.uol.com.br/2014/sao-paulo/, skipping...
[ERROR - 2025-10-21 14:42:34,597 - Worker_2] Status code == 403 for http://noticias.uol.com.br/cotidiano/ultimas-noticias/2014/02/15/horario-de-verao-termina-a-0h-metros-do-rio-e-sp-funcionam-1-hora-a-mais.htm, skipping...
[ERROR - 2025-10-21 14:42:40,733 - Worker_0] Status code == 403 for http://noticias.uol.com.br/album/album-do-dia/2014/02/15/imagens-do-dia---15-de-fevereiro-de-2014.htm?abrefoto=1, skipping...
[ERROR - 2025-10-21 14:42:42,699 - Worker_1] Status code == 404 for http://carnaval.uol.com.br/2014/rio-de-janeiro/album/2014/02/15/comemorando-50-carnavais-banda-de-ipanema-realiza-o-primeiro-desfile-de-2014.htm?abrefoto=21, skipping...
[ERROR - 2025-10-21 14:42:49,303 - Worker_0] Status code == 403 for http://mauriciostycer.blogosfera.uol.com.br/2014/02/15/grazi-massafera-sofre-dupla-invasao-de-privacidade/, skipping...
[ERROR - 2025-10-21 14:42:55,034 - Worker_1] Failed to connect with http://natelinha.ne10.uol.com.br/celebridades/2014/02/15/fani-e-natalia-cassassola-se-beijam-e-exbbb-diz-assumimos-nosso-amor-71452.php after 3 attempts, skipping...
[ERROR - 2025-10-21 14:43:00,341 - Worker_3] Status code == 403 for http://noticias.uol.com.br/cotidiano/ultimas-noticias/2014/02/15/funcionario-cortou-energia-em-dia-da-pane-do-metro.htm, skipping...
[ERROR - 2025-10-21 14:43:00,783 - Worker_2] Status code == 404 for http://carnaval.uol.com.br/2014/rio-de-janeiro/, skipping...
[ERROR - 2025-10-21 14:43:00,941 - Worker_0] Status code == 403 for http://noticias.uol.com.br/midiaglobal/nytimes/2014/02/15/generosidade-na-necessidade-cultura-de-doacao-e-o-que-sustenta-a-sociedade-paquistanesa.htm, skipping...
[ERROR - 2025-10-21 14:43:01,355 - Worker_4] Status code == 403 for http://noticias.uol.com.br/ultimas-noticias/afp/2014/02/15/manifestantes-opositores-e-governistas-voltam-as-ruas-da-venezuela.htm, skipping...
[ERROR - 2025-10-21 14:43:04,490 - Worker_3] Status code == 403 for http://josiasdesouza.blogosfera.uol.com.br/2014/02/15/22-aprovam-ou-flertam-com-barbarie-por-que/, skipping...
[ERROR - 2025-10-21 14:43:05,045 - Worker_2] Status code == 404 for http://carnaval.uol.com.br/2014/blocos-de-rua/, skipping...
[ERROR - 2025-10-21 14:43:05,065 - Worker_0] Status code == 403 for http://uolesporte.blogosfera.uol.com.br/2014/02/15/de-cobertura-ou-em-chutaco-messi-ou-neymar-vote-no-gol-mais-belo-do-barca/, skipping...
[ERROR - 2025-10-21 14:43:05,402 - Worker_4] Status code == 403 for http://noticias.uol.com.br/midiaglobal/nytimes/2014/02/15/esperancas-e-casas-desmoronam-nas-plantacoes-de-cha-da-india.htm, skipping...
[ERROR - 2025-10-21 14:43:07,346 - Worker_1] Failed to connect with http://natelinha.ne10.uol.com.br/novelas/2014/02/15/parodia-de-avenida-brasil-e-exibida-na-argentina-assista-71485.php after 3 attempts, skipping...
[ERROR - 2025-10-21 14:43:09,486 - Worker_4] Status code == 403 for http://economia.uol.com.br/empreendedorismo/noticias/redacao/2014/02/12/pesque-pagues-usam-onda-japonesa-e-oferecem-sashimi-veja-dicas-do-negocio.htm, skipping...
[ERROR - 2025-10-21 14:43:11,219 - Worker_3] Status code == 403 for http://noticias.uol.com.br/ciencia/album/2014/02/15/operarios-encontram-presa-de-mamute-em-obra-nos-estados-unidos.htm?abrefoto=7, skipping...
[ERROR - 2025-10-21 14:43:11,573 - Worker_1] Status code == 404 for http://carnaval.uol.com.br/2014/blocos-de-rua/noticias/2014/02/15/dia-mais-feliz-da-minha-vida-diz-jornalista-que-se-casou-em-bloco-do-rio.htm, skipping...
[ERROR - 2025-10-21 14:43:15,603 - Worker_2] Status code == 404 for http://carnaval.uol.com.br/2014/recife-e-olinda/, skipping...
[ERROR - 2025-10-21 14:43:15,752 - Worker_4] Status code == 403 for http://noticias.uol.com.br/ciencia/album/2014/02/03/veja-imagens-de-ciencia-do-mes-fevereiro2014.htm?abrefoto=34, skipping...
[ERROR - 2025-10-21 14:43:17,714 - Worker_3] Status code == 403 for http://economia.uol.com.br/empreendedorismo/noticias/redacao/2014/02/11/lanchonete-que-faz-hamburguer-de-jacare-e-avestruz-quer-virar-franquia.htm, skipping...
[ERROR - 2025-10-21 14:43:20,528 - Worker_0] Status code == 403 for http://noticias.uol.com.br/cotidiano/ultimas-noticias/2014/02/15/cidade-de-sao-paulo-tem-cinco-regioes-em-estado-de-atencao-para-alagamentos.htm, skipping...
[ERROR - 2025-10-21 14:43:24,583 - Worker_0] Status code == 403 for http://economia.uol.com.br/cotacoes/noticias/redacao/2014/01/14/consulte-cotacoes-de-dolar-e-acoes-em-tablets-e-celulares.htm, skipping...
[ERROR - 2025-10-21 14:43:27,357 - Worker_2] Status code == 403 for http://uolesportevetv.blogosfera.uol.com.br/2014/02/16/lucio-fala-palavrao-no-ar-e-cleber-machado-diz-sao-coisas-do-classico/, skipping...
[ERROR - 2025-10-21 14:43:29,967 - Worker_3] Failed to connect with http://natelinha.ne10.uol.com.br/novelas/2014/02/15/em-familia-clara-e-marina-se-entrosam-e-tomam-banho-juntas-71454.php after 3 attempts, skipping...
[ERROR - 2025-10-21 14:43:38,613 - Worker_3] Status code == 403 for http://uolesporte.blogosfera.uol.com.br/2014/02/16/goleiro-da-golpe-de-vista-errado-e-toma-gol-de-longe-de-brasileiro-veja/, skipping...
[ERROR - 2025-10-21 14:43:41,393 - Worker_4] Status code == 403 for http://uolesporte.blogosfera.uol.com.br/2014/02/16/empate-salva-a-pele-do-palmeiras-mas-a-do-valdivia/, skipping...
[ERROR - 2025-10-21 14:43:42,226 - Worker_2] Status code == 403 for http://noticias.uol.com.br/ultimas-noticias/redacao/2014/01/13/baixe-o-aplicativo-uol-noticias-no-ipad-iphone-e-android.htm, skipping...
[ERROR - 2025-10-21 14:43:42,733 - Worker_3] Status code == 403 for http://uolesporte.blogosfera.uol.com.br/2014/02/16/ronaldo-treina-boxe-e-manda-recado-para-anderson-silva-mayweather-e-cigano/, skipping...
[ERROR - 2025-10-21 14:43:45,475 - Worker_4] Status code == 403 for http://noticias.uol.com.br/album/album-do-dia/2014/02/16/imagens-do-dia---16-de-fevereiro-de-2014.htm?abrefoto=33, skipping...
[ERROR - 2025-10-21 14:43:47,418 - Worker_3] Status code == 404 for http://carnaval.uol.com.br/2014/salvador/, skipping...
[ERROR - 2025-10-21 14:43:49,217 - Worker_0] Failed to connect with http://natelinha.ne10.uol.com.br/novelas/2014/02/16/em-familia-laerte-fica-cara-a-cara-com-luiza-e-pede-seu-telefone-71491.php after 3 attempts, skipping...
[ERROR - 2025-10-21 14:43:49,574 - Worker_1] Status code == 404 for http://carnaval.uol.com.br/2014/sao-paulo/, skipping...
[ERROR - 2025-10-21 14:43:49,583 - Worker_4] Status code == 403 for http://uolesporte.blogosfera.uol.com.br/2014/02/16/messi-faz-a-alegria-de-garotos-com-cancer-em-barcelona/, skipping...
[ERROR - 2025-10-21 14:43:56,242 - Worker_4] Status code == 403 for http://tecnologia.uol.com.br/album/2014/02/12/amigos-seguidor-listas-conheca-diferentes-tipos-de-relacoes-no-facebook.htm?abrefoto=2, skipping...
[ERROR - 2025-10-21 14:43:56,245 - Worker_3] Status code == 403 for http://noticias.uol.com.br/ciencia/album/2014/02/03/veja-imagens-de-ciencia-do-mes-fevereiro2014.htm?abrefoto=31, skipping...
[ERROR - 2025-10-21 14:44:04,734 - Worker_3] Status code == 403 for http://noticias.uol.com.br/ultimas-noticias/efe/2014/02/16/egito-fecha-passagem-para-israel-apos-ataque-extremista-contra-turistas.htm, skipping...
[ERROR - 2025-10-21 14:44:08,155 - Worker_0] Failed to connect with http://natelinha.ne10.uol.com.br/celebridades/2014/02/15/fani-e-natalia-cassassola-se-beijam-e-exbbb-diz-assumimos-nosso-amor-71452.php after 3 attempts, skipping...
[ERROR - 2025-10-21 14:44:10,527 - Worker_1] Status code == 403 for http://noticias.uol.com.br/tabloide/ultimas-noticias/tabloideanas/2014/02/16/mulher-e-presa-nos-eua-por-nao-ter-devolvido-filme-alugado-ha-nove-anos.htm, skipping...
[ERROR - 2025-10-21 14:44:10,723 - Worker_2] Status code == 403 for http://noticias.uol.com.br/midiaglobal/nytimes/2014/02/16/emissora-independente-de-noticias-enfrenta-a-furia-do-kremlin-e-questiona-motivos.htm, skipping...
[ERROR - 2025-10-21 14:44:14,130 - Worker_4] Status code == 404 for http://carnaval.uol.com.br/2014/rio-de-janeiro/, skipping...
[ERROR - 2025-10-21 14:44:17,110 - Worker_2] Status code == 403 for http://cornetafc.blogosfera.uol.com.br/2014/02/16/e-ele-fes-de-novo/, skipping...
[ERROR - 2025-10-21 14:44:17,521 - Worker_0] Status code == 404 for http://carnaval.uol.com.br/2014/blocos-de-rua/album/2014/02/16/bloco-quizomba.htm?abrefoto=8, skipping...
[ERROR - 2025-10-21 14:44:18,178 - Worker_4] Status code == 403 for http://noticias.uol.com.br/ultimas-noticias/afp/2014/02/16/mulher-afirma-ter-matado-mais-de-20-pessoas-nos-eua.htm, skipping...
[ERROR - 2025-10-21 14:44:21,417 - Worker_2] Status code == 404 for http://carnaval.uol.com.br/2014/blocos-de-rua/, skipping...
[ERROR - 2025-10-21 14:44:21,476 - Worker_1] Status code == 403 for http://blogdojuliogomes.blogosfera.uol.com.br/2014/02/16/arbitragem-no-rio-tecnicos-em-sp-definem-classicos/, skipping...
[ERROR - 2025-10-21 14:44:25,732 - Worker_3] Status code == 404 for http://carnaval.uol.com.br/2014/recife-e-olinda/, skipping...
[ERROR - 2025-10-21 14:44:28,218 - Worker_4] Failed to connect with http://natelinha.ne10.uol.com.br/noticias/2014/02/16/sonia-abrao-revela-magoa-com-o-panico-por-brincadeira-71496.php after 3 attempts, skipping...
[ERROR - 2025-10-21 14:44:29,972 - Worker_0] Status code == 403 for http://noticias.uol.com.br/album/2014/02/16/competicao-reune-praticantes-de-stand-up-paddle-e-seus-caes.htm?abrefoto=5, skipping...
[ERROR - 2025-10-21 14:44:30,369 - Worker_2] Status code == 403 for http://noticias.uol.com.br/midiaglobal/nytimes/2014/02/16/populacao-de-tigres-cresce-na-india-junto-com-medo-de-ataques.htm, skipping...
[ERROR - 2025-10-21 14:44:32,066 - Worker_1] Status code == 403 for http://uolesporte.blogosfera.uol.com.br/2014/02/16/classico-no-para-termina-no-zero-gracas-a-cachorro-zagueiro/, skipping...
[ERROR - 2025-10-21 14:44:32,336 - Worker_4] Status code == 403 for http://uolesporte.blogosfera.uol.com.br/2014/02/16/rihanna-protesta-contra-a-lei-anti-gay-da-russia-em-foto/, skipping...
[ERROR - 2025-10-21 14:47:21,225 - Worker_0] Status code == 403 for http://noticias.uol.com.br/album/2014/02/16/carnaval-fora-do-brasil.htm?abrefoto=7, skipping...
[ERROR - 2025-10-21 14:47:21,660 - Worker_2] Status code == 404 for http://cenapop.virgula.uol.com.br/2014/02/16/34603-aos-44-anos-luciana-gimenez-posta-foto-de-biquini-e-recebe-elogios/, skipping...
[ERROR - 2025-10-21 14:47:25,399 - Worker_0] Status code == 403 for http://nagradedomma.blogosfera.uol.com.br/2014/02/16/lyoto-e-jacare-cinturao-e-lesoes/, skipping...
[ERROR - 2025-10-21 14:47:25,501 - Worker_3] Status code == 403 for http://economia.uol.com.br/cotacoes/noticias/redacao/2014/01/14/consulte-cotacoes-de-dolar-e-acoes-em-tablets-e-celulares.htm, skipping...
[ERROR - 2025-10-21 14:47:26,873 - Worker_4] Status code == 403 for http://josiasdesouza.blogosfera.uol.com.br/2014/02/17/genoino-o-sirio-libanes-e-o-grande-paradoxo/, skipping...
[ERROR - 2025-10-21 14:51:30,471 - Worker_2] Status code == 403 for http://noticias.uol.com.br/cotidiano/ultimas-noticias/2014/02/17/pms-sao-indiciados-por-morte-que-teria-relacao-com-chacina-em-campinas-sp.htm, skipping...
[ERROR - 2025-10-21 14:51:32,836 - Worker_4] Status code == 403 for http://josiasdesouza.blogosfera.uol.com.br/2014/02/17/presidente-do-ibope-a-oposicao-nao-se-apropriou-do-sentimento-de-mudanca/, skipping...
[ERROR - 2025-10-21 14:51:34,895 - Worker_1] Status code == 403 for http://mauriciostycer.blogosfera.uol.com.br/2014/02/17/em-sua-volta-panico-ironiza-sabrina-e-a-troca-pela-cadela-fiel/, skipping...
[ERROR - 2025-10-21 14:51:37,509 - Worker_3] Status code == 403 for http://blogdosakamoto.blogosfera.uol.com.br/2014/02/17/fiscalizacao-localiza-dono-de-confeccao-que-tentou-vender-escravos-no-bras/, skipping...
[ERROR - 2025-10-21 14:52:06,774 - Worker_0] Failed to connect with http://www1.folha.uol.com.br/esporte/folhanacopa/2014/02/1413703-ex-desafeto-de-manaus-tecnico-ingles-tem-tratamento-vip-na-cidade.shtml after 3 attempts, skipping...
[ERROR - 2025-10-21 14:52:07,964 - Worker_2] Failed to connect with http://mulher.uol.com.br/moda/fashion-rio/2014/inverno/ after 3 attempts, skipping...
[ERROR - 2025-10-21 14:52:41,109 - Worker_4] Status code == 403 for http://noticias.uol.com.br/cotidiano/ultimas-noticias/2014/02/17/mp-denuncia-suspeitos-de-atirar-rojao-que-matou-cinegrafista-no-rio.htm, skipping...
[ERROR - 2025-10-21 14:52:41,439 - Worker_0] Failed to connect with http://esporte.uol.com.br/esportes-de-inverno/ultimas-noticias/2014/02/17/roupas-podem-fazer-a-diferenca-em-sochi-gordinho-do-canada-descobriu-hoje.htm after 3 attempts, skipping...
[ERROR - 2025-10-21 14:52:42,629 - Worker_2] Failed to connect with http://noticias.uol.com.br/ultimas-noticias/redacao/2014/01/13/baixe-o-aplicativo-uol-noticias-no-ipad-iphone-e-android.htm after 3 attempts, skipping...
[ERROR - 2025-10-21 14:52:42,666 - Worker_1] Status code == 403 for http://noticias.uol.com.br/politica/ultimas-noticias/2014/02/18/mendes-se-tornou-um-canal-de-insatisfacao-do-opportunity-diz-jornalista.htm, skipping...
[ERROR - 2025-10-21 14:52:46,669 - Worker_4] Status code == 404 for http://carnaval.uol.com.br/2014/salvador/, skipping...
[ERROR - 2025-10-21 14:52:46,733 - Worker_1] Status code == 403 for http://noticias.uol.com.br/midiaglobal/nytimes/2014/02/18/estados-norte-americanos-atraem-trabalhadores-com-salarios-minimos-mais-altos.htm, skipping...
[ERROR - 2025-10-21 14:52:46,775 - Worker_0] Status code == 403 for http://blogdojuca.uol.com.br/2014/02/o-fla-flu-brasileiro-no-futebol-e-na-politica/, skipping...
[ERROR - 2025-10-21 14:52:46,927 - Worker_2] Status code == 403 for http://uolesporte.blogosfera.uol.com.br/2014/02/17/onibus-de-time-gaucho-entala-no-ct-e-jogadores-precisam-ajudar-a-empurrar/, skipping...
[ERROR - 2025-10-21 14:52:52,013 - Worker_1] Status code == 404 for http://carnaval.uol.com.br/2014/sao-paulo/, skipping...
[ERROR - 2025-10-21 14:53:08,131 - Worker_2] Failed to connect with http://natelinha.ne10.uol.com.br/bbb14/2014/02/17/bbb14-as-duas-beijam-muito-bem-diz-aline-sobre-clara-e-vanessa-71558.php after 3 attempts, skipping...
[ERROR - 2025-10-21 14:53:38,112 - Worker_1] Failed to connect with http://natelinha.ne10.uol.com.br/novelas/2014/02/17/em-familia-luiza-descobre-passado-de-laerte-discute-e-e-atropelada-71522.php after 3 attempts, skipping...
[ERROR - 2025-10-21 14:53:38,119 - Worker_4] Failed to connect with http://televisao.uol.com.br/colunas/flavio-ricco/2014/02/17/oscar-filho-sofre-agressao-no-piaui-e-vai-parar-na-delegacia.htm after 3 attempts, skipping...
[ERROR - 2025-10-21 14:53:40,677 - Worker_0] Failed to connect with http://comidasebebidas.uol.com.br/receitas/2014/02/14/cestinha-de-atum.htm after 3 attempts, skipping...
[ERROR - 2025-10-21 14:53:41,003 - Worker_3] Failed to connect with http://guia.uol.com.br/curitiba/noticias/2014/01/22/mostra-homenageia-vinicius-de-moraes-com-obras-de-chico-buarque-e-toquinho.htm after 3 attempts, skipping...
[ERROR - 2025-10-21 14:53:44,255 - Worker_4] Status code == 403 for http://noticias.uol.com.br/ultimas-noticias/afp/2014/02/18/lula-manifesta-a-mujica-preocupacao-com-mercosul-e-na-unasul.htm, skipping...
[ERROR - 2025-10-21 14:54:26,499 - Worker_2] Failed to connect with http://guia.uol.com.br/sao-paulo/teatro/noticias/2014/02/14/musical-de-elis-regina-chega-em-marco-a-sp-ingressos-estao-a-venda.htm after 3 attempts, skipping...
[ERROR - 2025-10-21 14:54:27,551 - Worker_0] Failed to connect with http://www1.folha.uol.com.br/cotidiano/2014/02/1413786-apos-briga-homem-pula-de-predio-com-crianca-em-osasco-sp.shtml after 3 attempts, skipping...
[ERROR - 2025-10-21 14:54:30,778 - Worker_1] Status code == 403 for http://noticias.uol.com.br/cotidiano/ultimas-noticias/2014/02/17/defesa-diz-que-nao-ha-prova-contra-reus-do-carandiru-mp-fala-em-condenacao.htm, skipping...
[ERROR - 2025-10-21 14:54:30,778 - Worker_4] Status code == 403 for http://noticias.uol.com.br/midiaglobal/nytimes/2014/02/18/antes-de-reformar-sistema-bancario-europa-precisa-passar-por-teste-de-estresse.htm, skipping...
[ERROR - 2025-10-21 14:54:31,740 - Worker_0] Status code == 403 for http://noticias.uol.com.br/cotidiano/ultimas-noticias/2014/02/17/justica-determina-reajuste-de-75-a-motoristas-de-onibus-de-porto-alegre.htm, skipping...
[ERROR - 2025-10-21 14:54:31,756 - Worker_2] Status code == 403 for http://tecnologia.uol.com.br/noticias/redacao/2014/02/17/relator-inclui-neutralidade-da-rede-em-pec-do-direito-de-acesso-a-internet.htm, skipping...
[ERROR - 2025-10-21 14:55:00,552 - Worker_4] Failed to connect with http://noticias.uol.com.br/internacional/ultimas-noticias/2014/02/17/garoto-sirio-de-quatro-anos-e-encontrado-sozinho-em-deserto-na-jordania.htm after 3 attempts, skipping...
[ERROR - 2025-10-21 14:55:00,559 - Worker_1] Failed to connect with http://mulher.uol.com.br/gravidez-e-filhos/album/2014/02/17/sem-berco-quarto-que-estimula-a-autonomia-tem-tudo-ao-alcance-da-crianca.htm?abrefoto=1 after 3 attempts, skipping...
[ERROR - 2025-10-21 14:55:56,693 - Worker_3] Failed to connect with http://esporte.uol.com.br/tenis/ultimas-noticias/2014/02/17/soares-minimiza-queixas-elogia-caldeirao-e-se-diz-favorito-no-rio-open.htm after 3 attempts, skipping...
[ERROR - 2025-10-21 14:55:57,532 - Worker_2] Failed to connect with http://guia.uol.com.br/rio-de-janeiro/exposicoes/noticias/2014/02/04/exposicoes-com-fotos-de-cartier-bresson-doisneau-e-ghirri-chegam-ao-rio.htm after 3 attempts, skipping...
[ERROR - 2025-10-21 14:55:57,534 - Worker_0] Failed to connect with http://televisao.uol.com.br/bbb/bbb14/enquetes/2014/01/10/popularidade.htm after 3 attempts, skipping...
[ERROR - 2025-10-21 14:56:04,876 - Worker_2] Status code == 404 for http://carnaval.uol.com.br/2014/rio-de-janeiro/noticias/2014/02/17/monique-evans-posta-foto-antiga-de-quando-desfilava-no-carnaval-saudades.htm, skipping...
[ERROR - 2025-10-21 14:56:32,353 - Worker_3] Status code == 404 for http://carnaval.uol.com.br/2014/rio-de-janeiro/, skipping...
[ERROR - 2025-10-21 14:56:34,716 - Worker_2] Status code == 403 for http://uolesporte.blogosfera.uol.com.br/2014/02/17/torcedor-cego-acerta-cesta-de-tres-pontos-e-leva-torcida-ao-delirio-nos-eua/, skipping...
[ERROR - 2025-10-21 14:56:38,536 - Worker_4] Status code == 404 for http://carnaval.uol.com.br/2014/blocos-de-rua/, skipping...
[ERROR - 2025-10-21 14:56:39,168 - Worker_1] Status code == 403 for http://noticias.uol.com.br/midiaglobal/lemonde/2014/02/18/muculmanos-de-bouar-na-africa-pagam-para-serem-poupados-da-morte-por-milicia.htm, skipping...
[ERROR - 2025-10-21 14:56:39,746 - Worker_0] Status code == 403 for http://cornetafc.blogosfera.uol.com.br/2014/02/17/auxiliar-de-vasco-x-flamengo-vira-meme-apos-falha/, skipping...
[ERROR - 2025-10-21 14:56:42,590 - Worker_4] Status code == 403 for http://noticias.uol.com.br/album/album-do-dia/2014/02/17/imagens-do-dia---17-de-fevereiro-de-2014.htm?abrefoto=14, skipping...
[ERROR - 2025-10-21 14:56:43,441 - Worker_1] Status code == 404 for http://carnaval.uol.com.br/2014/recife-e-olinda/noticias/2014/02/17/sem-dar-ressaca-bebida-tipica-do-carnaval-de-olinda-foi-inspirada-em-sonho.htm, skipping...
[ERROR - 2025-10-21 14:59:07,217 - Worker_3] Failed to connect with http://carnaval.uol.com.br/2014/recife-e-olinda/ after 3 attempts, skipping...
[ERROR - 2025-10-21 14:59:09,226 - Worker_4] Failed to connect with http://copadomundo.uol.com.br/noticias/redacao/2014/01/13/app-uol-copa-traz-a-cobertura-completa-da-copa-do-mundo.htm after 3 attempts, skipping...
[ERROR - 2025-10-21 14:59:09,437 - Worker_2] Failed to connect with http://www1.folha.uol.com.br/poder/2014/02/1413734-arruda-e-condenado-por-improbidade-administrativa-pela-justica-do-df.shtml after 3 attempts, skipping...
[ERROR - 2025-10-21 14:59:10,089 - Worker_1] Failed to connect with http://esporte.uol.com.br/futebol/ultimas-noticias/2014/02/17/danilo-tem-proposta-do-vitoria-e-pode-deixar-o-corinthians-diz-agente.htm after 3 attempts, skipping...
[ERROR - 2025-10-21 14:59:17,264 - Worker_3] Failed to connect with http://televisao.uol.com.br/noticias/redacao/2014/02/17/ator-que-faz-pai-de-laerte-na-novela-das-nove-fala-sobre-irmao-travesti.htm after 3 attempts, skipping...
[ERROR - 2025-10-21 14:59:19,270 - Worker_4] Failed to connect with http://cinema.uol.com.br/noticias/redacao/2014/02/17/nossa-geracao-nao-sabe-o-que-e-morrer-por-uma-causa-diz-wagner-moura.htm after 3 attempts, skipping...
[ERROR - 2025-10-21 14:59:19,485 - Worker_2] Failed to connect with http://esporte.uol.com.br/futebol/campeonatos/liga-dos-campeoes/2014/tabela-de-jogos/oitavas-de-final/ after 3 attempts, skipping...
[ERROR - 2025-10-21 14:59:20,141 - Worker_1] Failed to connect with http://mulher.uol.com.br/moda/album/2014/02/17/mega-polo-moda-famosas-e-tendencias-da-moda-popular-para-o-inverno-2014.htm?abrefoto=46 after 3 attempts, skipping...
[ERROR - 2025-10-21 14:59:21,553 - Worker_0] Failed to connect with http://esporte.uol.com.br/futebol/campeonatos/paulista/ultimas-noticias/2014/02/17/novo-atacante-e-prioridade-no-corinthians-apos-falta-de-opcao-em-classico.htm after 3 attempts, skipping...
[ERROR - 2025-10-21 15:03:15,529 - Worker_3] Failed to connect with http://televisao.uol.com.br/bbb/bbb14/enquetes/2014/02/17/diego-leticia-e-cassio-formam-o-9-paredao-do-bbb14-quem-deve-sair.htm after 3 attempts, skipping...
[ERROR - 2025-10-21 15:03:17,533 - Worker_4] Failed to connect with http://televisao.uol.com.br/bbb/bbb14/noticias/redacao/2014/02/17/sisters-miram-em-roni-e-criticam-relacao-de-diego-e-franciele.htm after 3 attempts, skipping...
[ERROR - 2025-10-21 15:03:17,749 - Worker_2] Failed to connect with http://noticias.uol.com.br/cotidiano/ultimas-noticias/2014/02/17/senadores-defendem-endurecimento-de-punicao-para-casos-de-racismo.htm after 3 attempts, skipping...
[ERROR - 2025-10-21 15:03:18,404 - Worker_1] Failed to connect with http://televisao.uol.com.br/bbb/bbb14/noticias/redacao/2014/02/17/nos-somos-globais-quem-e-geisy-arruda-diz-angela-sobre-fama.htm after 3 attempts, skipping...
[ERROR - 2025-10-21 15:03:19,818 - Worker_0] Failed to connect with http://mulher.uol.com.br/moda/spfw/2014/inverno/index.htm after 3 attempts, skipping...
[ERROR - 2025-10-21 15:04:17,785 - Worker_3] Failed to connect with http://noticias.uol.com.br/cotidiano/ultimas-noticias/2014/02/17/mpf-agenda-de-ex-chefe-do-doi-ajudou-a-indiciar-seis-por-atentado-no-rio.htm after 3 attempts, skipping...
[ERROR - 2025-10-21 15:04:17,791 - Worker_4] Failed to connect with http://copadomundo.uol.com.br/noticias/redacao/2014/02/17/veteranos-ja-viram-oito-copas-do-mundo-mas-podem-ficar-de-fora-no-brasil.htm after 3 attempts, skipping...
[ERROR - 2025-10-21 15:04:17,931 - Worker_2] Failed to connect with http://economia.uol.com.br/cotacoes/noticias/redacao/2014/01/14/consulte-cotacoes-de-dolar-e-acoes-em-tablets-e-celulares.htm after 3 attempts, skipping...
[ERROR - 2025-10-21 15:04:21,853 - Worker_4] Status code == 404 for http://guia.uol.com.br/curitiba/noticias/2014/02/11/ingressos-para-shows-do-psycho-carnival-estao-a-venda-a-partir-de-r-35.htm, skipping...
[ERROR - 2025-10-21 15:04:52,998 - Worker_0] Failed to connect with http://celebridades.uol.com.br/ooops/ultimas-noticias/2014/02/18/atores-da-globo-fogem-de-novela-de-ruy-barbosa.htm after 3 attempts, skipping...
[ERROR - 2025-10-21 15:04:53,495 - Worker_1] Failed to connect with http://noticias.uol.com.br/politica/ultimas-noticias/2014/02/18/deputados-ligados-a-direitos-humanos-comemoram-pt-em-comissao-feliciano-ve-estrategia.htm after 3 attempts, skipping...
[ERROR - 2025-10-21 15:04:53,808 - Worker_3] Failed to connect with http://esporte.uol.com.br/mma/ultimas-noticias/2014/01/13/fique-por-dentro-do-mundo-das-lutas-com-o-aplicativo-uol-mma.htm after 3 attempts, skipping...
[ERROR - 2025-10-21 15:04:53,889 - Worker_2] Failed to connect with http://noticias.uol.com.br/politica/ultimas-noticias/2014/02/18/pt-exclui-pp-de-bolsonaro-e-fica-com-comissao-de-direitos-humanos.htm after 3 attempts, skipping...
[ERROR - 2025-10-21 15:04:55,550 - Worker_4] Failed to connect with http://esporte.uol.com.br/futebol/ultimas-noticias/2014/02/18/derrota-pedido-de-liminar-do-mp-sp-no-caso-portuguesa-e-rejeitado.htm after 3 attempts, skipping...
[ERROR - 2025-10-21 15:04:57,123 - Worker_0] Status code == 403 for http://educacao.uol.com.br/noticias/2014/02/18/estudantes-da-ufpe-reclamam-de-salas-com-mofo-infiltracoes-e-teto-caindo.htm, skipping...
[ERROR - 2025-10-21 15:04:59,296 - Worker_2] Status code == 403 for http://noticias.uol.com.br/album/2014/02/17/indios-munduruku-lutam-contra-o-garimpo.htm?abrefoto=10, skipping...
[ERROR - 2025-10-21 15:05:01,730 - Worker_3] Status code == 403 for http://economia.uol.com.br/noticias/redacao/2014/02/18/governo-suspende-venda-de-111-planos-de-saude-de-47-operadoras.htm, skipping...
[ERROR - 2025-10-21 15:05:54,187 - Worker_3] Failed to connect with http://copadomundo.uol.com.br/noticias/redacao/2014/02/18/prefeito-diz-que-imagem-de-curitiba-so-se-salva-com-realizacao-da-copa.htm after 3 attempts, skipping...
[ERROR - 2025-10-21 15:05:56,234 - Worker_0] Failed to connect with http://televisao.uol.com.br/noticias/redacao/2014/02/18/em-familia-ricardo-vai-embora-de-casa-apos-noite-de-amor-com-branca.htm after 3 attempts, skipping...
[ERROR - 2025-10-21 15:06:01,595 - Worker_3] Status code == 403 for http://noticias.uol.com.br/ultimas-noticias/redacao/2014/01/13/baixe-o-aplicativo-uol-noticias-no-ipad-iphone-e-android.htm, skipping...
[ERROR - 2025-10-21 15:06:02,220 - Worker_1] Status code == 404 for http://cenapop.virgula.uol.com.br/2014/02/18/34800-bbb-14-clara-deixa-seio-a-mostra-cassio-ve-e-avisa-a-sister/, skipping...
[ERROR - 2025-10-21 15:06:04,842 - Worker_4] Status code == 404 for http://carnaval.uol.com.br/2014/salvador/, skipping...
[ERROR - 2025-10-21 15:06:06,412 - Worker_1] Status code == 403 for http://uolesporte.blogosfera.uol.com.br/2014/02/18/goleiro-da-chilique-em-campo-e-tenta-enforcar-rival-apos-choque/, skipping...
[ERROR - 2025-10-21 15:06:06,972 - Worker_0] Status code == 404 for http://carnaval.uol.com.br/2014/sao-paulo/, skipping...
[ERROR - 2025-10-21 15:09:14,945 - Worker_2] Status code == 404 for http://carnaval.uol.com.br/2014/salvador/noticias/2014/02/18/em-primeiro-trio-da-carreira-solo-bell-marques-promete-cantar-ave-maria.htm, skipping...
[ERROR - 2025-10-21 15:09:15,074 - Worker_0] Status code == 403 for http://noticias.uol.com.br/internacional/ultimas-noticias/2014/02/18/sobe-para-14-numero-de-mortos-em-pior-dia-de-violencia-na-ucrania.htm, skipping...
[ERROR - 2025-10-21 15:09:16,469 - Worker_1] Status code == 403 for http://noticias.uol.com.br/cotidiano/ultimas-noticias/2014/02/18/sargento-da-pm-e-namorado-sao-encontrados-mortos-em-apartamento-de-bh.htm, skipping...
[ERROR - 2025-10-21 15:09:19,483 - Worker_2] Status code == 403 for http://rodrigomattos.blogosfera.uol.com.br/2014/02/18/fla-cobra-da-cbf-lista-de-atletas-irregulares-no-brasileiro/, skipping...
[ERROR - 2025-10-21 15:09:20,923 - Worker_0] Status code == 404 for http://tenisbrasil.uol.com.br/blogs/index.php/2014/02/18/site-vende-ingresso-para-final-do-rio-a-r-3-mil/, skipping...
[ERROR - 2025-10-21 15:09:38,516 - Worker_2] Status code == 403 for http://noticias.uol.com.br/cotidiano/ultimas-noticias/2014/02/18/mp-pede-indenizacao-de-r-1-mi-a-marca-acusada-de-trabalho-escravo-em-sp.htm, skipping...
[ERROR - 2025-10-21 15:09:41,323 - Worker_0] Status code == 403 for http://nagradedomma.blogosfera.uol.com.br/2014/02/18/lyoto-com-a-vacina-antifrustracao-em-dia/, skipping...
[ERROR - 2025-10-21 15:09:42,629 - Worker_2] Status code == 403 for http://noticias.uol.com.br/midiaglobal/nytimes/2014/02/18/economia-se-recupera-da-instabilidade-e-traz-mudanca-positiva-na-bolivia.htm, skipping...
[ERROR - 2025-10-21 15:11:08,120 - Worker_4] Failed to connect with http://guia.uol.com.br/album/2014/02/15/mostra-coletiva-no-rio-investiga-o-amor-e-suas-relacoes-com-dor-e-prazer.htm?abrefoto=1 after 3 attempts, skipping...
[ERROR - 2025-10-21 15:11:08,128 - Worker_0] Failed to connect with http://www1.folha.uol.com.br/cotidiano/2014/02/1413786-apos-briga-homem-pula-de-predio-com-crianca-em-osasco-sp.shtml after 3 attempts, skipping...
[ERROR - 2025-10-21 15:11:08,836 - Worker_1] Failed to connect with http://noticias.uol.com.br/midiaglobal/lemonde/2014/02/18/oposicao-sonha-com-primavera-cambojana-em-phnom-penh.htm after 3 attempts, skipping...
[ERROR - 2025-10-21 15:11:09,461 - Worker_2] Failed to connect with http://guia.uol.com.br/sao-paulo/shows/noticias/2014/02/18/shows-de-laura-pausini-vanguart-e-marcelo-d2-estao-na-agenda-da-semana.htm after 3 attempts, skipping...
[ERROR - 2025-10-21 15:11:12,546 - Worker_0] Status code == 403 for http://noticias.uol.com.br/midiaglobal/nytimes/2014/02/18/cresce-o-abismo-entre-egipcios-jovens-e-idosos.htm, skipping...
[ERROR - 2025-10-21 15:11:14,553 - Worker_2] Status code == 403 for http://blogdoperrone.blogosfera.uol.com.br/2014/02/gobbi-desabafa-saberei-me-comportar-como-ex-presidente-do-corinthians/, skipping...
[ERROR - 2025-10-21 15:11:15,173 - Worker_4] Status code == 403 for http://noticias.uol.com.br/internacional/ultimas-noticias/2014/02/17/garoto-sirio-de-quatro-anos-e-encontrado-sozinho-em-deserto-na-jordania.htm, skipping...
[ERROR - 2025-10-21 15:11:17,490 - Worker_3] Status code == 403 for http://noticias.uol.com.br/cotidiano/ultimas-noticias/2014/02/18/advogado-de-reus-do-carandiru-abandona-plenario-e-juiz-encerra-trabalhos.htm, skipping...
[ERROR - 2025-10-21 15:11:28,632 - Worker_2] Status code == 403 for http://noticias.uol.com.br/cotidiano/ultimas-noticias/2014/02/18/presidente-do-psb-e-suspeito-de-liderar-esquema-que-desviou-r-60-mi-na-ba.htm, skipping...
[ERROR - 2025-10-21 15:11:47,512 - Worker_4] Status code == 403 for http://noticias.uol.com.br/politica/ultimas-noticias/2014/02/18/pt-presidira-quatro-comissoes-da-camara-em-2014-veja-distribuicao-por-partido.htm, skipping...
[ERROR - 2025-10-21 15:11:47,773 - Worker_0] Status code == 404 for http://carnaval.uol.com.br/2014/rio-de-janeiro/, skipping...
[ERROR - 2025-10-21 15:11:51,449 - Worker_3] Status code == 404 for http://carnaval.uol.com.br/2014/blocos-de-rua/, skipping...
[ERROR - 2025-10-21 15:11:51,825 - Worker_0] Status code == 403 for http://noticias.uol.com.br/cotidiano/ultimas-noticias/2014/02/18/deputados-propoem-cpi-para-investigar-black-blocs.htm, skipping...
[ERROR - 2025-10-21 15:11:52,502 - Worker_2] Status code == 404 for http://carnaval.uol.com.br/2014/recife-e-olinda/, skipping...
[ERROR - 2025-10-21 15:12:24,361 - Worker_4] Status code == 403 for http://reginanavarro.blogosfera.uol.com.br/2014/02/18/a-dificil-liberdade-sexual/, skipping...
[ERROR - 2025-10-21 15:12:29,111 - Worker_1] Status code == 403 for http://economia.uol.com.br/cotacoes/noticias/redacao/2014/01/14/consulte-cotacoes-de-dolar-e-acoes-em-tablets-e-celulares.htm, skipping...
[ERROR - 2025-10-21 15:12:38,661 - Worker_2] Status code == 403 for http://blogdosakamoto.blogosfera.uol.com.br/2014/02/18/quem-ve-cubanos-como-escravos-nunca-se-indignou-com-escravos-de-verdade/, skipping...
[ERROR - 2025-10-21 15:12:42,763 - Worker_1] Status code == 403 for http://economia.uol.com.br/noticias/reuters/2014/02/19/medidas-contra-filas-em-santos-esbarram-em-safra-recorde-gargalos-e-desrespeito.htm, skipping...
[ERROR - 2025-10-21 15:13:30,382 - Worker_3] Status code == 403 for http://noticias.uol.com.br/ultimas-noticias/efe/2014/02/19/ban-lamenta-mortes-na-venezuela-e-pede-dialogo.htm, skipping...
[ERROR - 2025-10-21 15:13:33,388 - Worker_0] Status code == 404 for http://guia.uol.com.br/belo-horizonte/cinema/noticias/2014/02/07/com-godard-e-bressane-mostra-exibe-56-filmes-que-passaram-batidos-em-2013.htm, skipping...
[ERROR - 2025-10-21 15:13:33,812 - Worker_1] Status code == 403 for http://noticias.uol.com.br/midiaglobal/nytimes/2014/02/19/apos-40-anos-de-disputa-india-fica-mais-perto-da-criacao-do-polemico-29-estado.htm, skipping...
[ERROR - 2025-10-21 15:13:36,448 - Worker_2] Status code == 403 for http://noticias.uol.com.br/cotidiano/ultimas-noticias/2014/02/19/parecer-enviado-a-justica-e-ao-mp-contesta-tese-de-suicidio-do-pesseghini.htm, skipping...
[ERROR - 2025-10-21 15:13:37,864 - Worker_1] Status code == 403 for http://noticias.uol.com.br/album/album-do-dia/2014/02/19/imagens-do-dia---19-de-fevereiro-de-2014.htm?abrefoto=26, skipping...
[ERROR - 2025-10-21 15:13:43,336 - Worker_4] Failed to connect with http://natelinha.ne10.uol.com.br/bbb14/2014/02/19/bbb14-cassio-passa-hidratante-em-marcelo-e-o-brother-reclama-71657.php after 3 attempts, skipping...
[ERROR - 2025-10-21 15:13:47,388 - Worker_4] Status code == 403 for http://noticias.uol.com.br/ultimas-noticias/redacao/2014/01/13/baixe-o-aplicativo-uol-noticias-no-ipad-iphone-e-android.htm, skipping...
[ERROR - 2025-10-21 15:13:53,347 - Worker_2] Status code == 404 for http://carnaval.uol.com.br/2014/salvador/, skipping...
[ERROR - 2025-10-21 15:13:55,145 - Worker_4] Status code == 404 for http://carnaval.uol.com.br/2014/sao-paulo/, skipping...
[ERROR - 2025-10-21 15:13:57,427 - Worker_2] Status code == 403 for http://noticias.uol.com.br/internacional/ultimas-noticias/2014/02/19/miss-venezuelana-e-baleada-na-cabeca-durante-protesto-contra-maduro.htm, skipping...
[ERROR - 2025-10-21 15:14:02,113 - Worker_0] Status code == 403 for http://noticias.uol.com.br/politica/ultimas-noticias/2014/02/19/presidente-do-psdb-de-minas-diz-que-azeredo-e-simples-honrado-e-honesto.htm, skipping...
[ERROR - 2025-10-21 15:14:09,615 - Worker_2] Status code == 403 for http://noticias.uol.com.br/ultimas-noticias/bbc/2014/02/19/nenhum-pm-foi-punido-desde-junho-por-incidentes-em-protestos-em-sp.htm, skipping...
[ERROR - 2025-10-21 15:14:10,749 - Worker_4] Status code == 403 for http://tecnologia.uol.com.br/noticias/redacao/2014/02/19/facebook-anuncia-compra-do-aplicativo-whatsapp.htm, skipping...
[ERROR - 2025-10-21 15:14:10,888 - Worker_0] Status code == 403 for http://noticias.uol.com.br/midiaglobal/lemonde/2014/02/19/reducao-de-sancoes-economicas-ao-ira-atenua-falta-de-medicamentos-para-doencas-graves.htm, skipping...
[ERROR - 2025-10-21 15:14:13,704 - Worker_2] Status code == 403 for http://noticias.uol.com.br/politica/ultimas-noticias/2014/02/19/reu-no-mensalao-mineiro-eduardo-azeredo-renuncia-ao-mandato-de-deputado.htm, skipping...
[ERROR - 2025-10-21 15:14:14,843 - Worker_4] Status code == 403 for http://economia.uol.com.br/empreendedorismo/noticias/redacao/2014/02/19/uol-lanca-servico-gratis-para-gestao-de-micro-e-pequenas-empresas-online.htm, skipping...
[ERROR - 2025-10-21 15:14:21,174 - Worker_1] Status code == 404 for http://carnaval.uol.com.br/2014/rio-de-janeiro/, skipping...
[ERROR - 2025-10-21 15:14:21,216 - Worker_3] Status code == 403 for http://noticias.uol.com.br/cotidiano/ultimas-noticias/2014/02/19/mega-sena-paga-hoje-r-111-milhoes-veja-as-dezenas-sorteadas.htm, skipping...
[ERROR - 2025-10-21 15:14:23,396 - Worker_4] Status code == 404 for http://carnaval.uol.com.br/2014/blocos-de-rua/, skipping...
[ERROR - 2025-10-21 15:14:25,068 - Worker_2] Status code == 404 for http://guia.uol.com.br/rio-de-janeiro/shows/noticias/2014/02/18/elton-john-e-atracoes-de-samba-estao-em-roteiro-de-shows-da-semana.htm, skipping...
[ERROR - 2025-10-21 15:14:25,244 - Worker_1] Status code == 403 for http://noticias.uol.com.br/ciencia/ultimas-noticias/bbc/2014/02/19/macaco-consegue-controlar-os-movimentos-de-outro-com-o-pensamento.htm, skipping...
[ERROR - 2025-10-21 15:14:30,546 - Worker_0] Failed to connect with http://natelinha.ne10.uol.com.br/bbb14/2014/02/19/bbb14-valter-sobre-o-apetite-sexual-de-franciele-e-ninfomaniaca-71630.php after 3 attempts, skipping...
[ERROR - 2025-10-21 15:14:32,474 - Worker_3] Status code == 404 for http://carnaval.uol.com.br/2014/recife-e-olinda/, skipping...
[ERROR - 2025-10-21 15:14:37,535 - Worker_1] Status code == 403 for http://noticias.uol.com.br/internacional/ultimas-noticias/2014/02/19/justica-argentina-investigara-se-ex-presidente-joao-goulart-foi-assassinado.htm, skipping...
[ERROR - 2025-10-21 15:14:39,513 - Worker_0] Status code == 403 for http://saltoalto.blogosfera.uol.com.br/2014/02/19/157-m-e-36-anos-conheca-a-mulher-que-virou-pioneira-no-futebol-americano/, skipping...
[ERROR - 2025-10-21 15:14:41,371 - Worker_3] Status code == 403 for http://noticias.uol.com.br/midiaglobal/nytimes/2014/02/19/retorno-de-assessor-a-casa-branca-mostra-mudanca-do-papel-dos-eua-no-oriente-medio.htm, skipping...
[ERROR - 2025-10-21 15:14:41,585 - Worker_1] Status code == 403 for http://noticias.uol.com.br/ultimas-noticias/bbc/2014/02/19/comandante-da-pm-sp-numero-de-manifestantes-punidos-e-pequeno.htm, skipping...
[ERROR - 2025-10-21 15:14:42,643 - Worker_2] Status code == 403 for http://noticias.uol.com.br/internacional/ultimas-noticias/2014/02/19/caminhoneiro-brasileiro-que-causou-tragedia-na-argentina-estava-alcoolizado.htm, skipping...
[ERROR - 2025-10-21 15:14:43,374 - Worker_4] Failed to connect with http://blogdobirner.virgula.uol.com.br/2014/02/19/kardec-brocador-jo-quem-felipao-deve-chamar/ after 3 attempts, skipping...
[ERROR - 2025-10-21 15:14:43,593 - Worker_0] Status code == 403 for http://noticias.uol.com.br/internacional/ultimas-noticias/2014/02/19/apos-reuniao-presidente-da-ucrania-chega-a-acordo-de-tregua-com-a-oposicao-diz-comunicado-oficial.htm, skipping...
[ERROR - 2025-10-21 15:14:46,717 - Worker_2] Status code == 403 for http://economia.uol.com.br/noticias/redacao/2014/02/19/gol-e-air-france-klm-fazem-parceria-e-empresa-europeia-investe-us-100-mi.htm, skipping...
[ERROR - 2025-10-21 15:14:50,516 - Worker_0] Status code == 403 for http://economia.uol.com.br/cotacoes/noticias/redacao/2014/01/14/consulte-cotacoes-de-dolar-e-acoes-em-tablets-e-celulares.htm, skipping...
[ERROR - 2025-10-21 15:14:51,657 - Worker_1] Failed to connect with http://natelinha.ne10.uol.com.br/noticias/2014/02/19/gabriel-falcao-o-ben-de-malhacao-fala-sobre-namoro-com-vanessa-gerbelli-71655.php after 3 attempts, skipping...
[ERROR - 2025-10-21 15:14:55,283 - Worker_3] Status code == 403 for http://noticias.uol.com.br/politica/ultimas-noticias/2014/02/20/pgr-pede-manutencao-da-condenacao-por-formacao-de-quadrilha-para-dirceu.htm, skipping...
[ERROR - 2025-10-21 15:14:55,350 - Worker_2] Status code == 403 for http://mauriciostycer.blogosfera.uol.com.br/2014/02/20/detetive-ve-tv-apertem-os-cintos-o-piloto-esta-com-uniforme-errado/, skipping...
[ERROR - 2025-10-21 15:14:59,405 - Worker_2] Status code == 403 for http://noticias.uol.com.br/cotidiano/ultimas-noticias/2014/02/20/maioria-do-tj-decide-que-ex-deputado-que-matou-2-no-pr-vai-a-juri-popular.htm, skipping...
[ERROR - 2025-10-21 15:14:59,528 - Worker_3] Status code == 403 for http://tecnologia.uol.com.br/album/2014/02/20/toy-fair-2014-feira-de-brinquedos-exibe-produtos-high-tech.htm?abrefoto=10, skipping...
[ERROR - 2025-10-21 15:15:03,308 - Worker_0] Status code == 403 for http://noticias.uol.com.br/midiaglobal/lemonde/2014/02/20/internet-europeia-proposta-por-merkel-parece-dificil-de-realizar.htm, skipping...
[ERROR - 2025-10-21 15:15:05,606 - Worker_4] Status code == 403 for http://noticias.uol.com.br/ultimas-noticias/redacao/2014/01/13/baixe-o-aplicativo-uol-noticias-no-ipad-iphone-e-android.htm, skipping...
[ERROR - 2025-10-21 15:15:07,508 - Worker_0] Status code == 403 for http://tecnologia.uol.com.br/noticias/redacao/2014/02/20/creditos-de-celulares-terao-validade-minima-de-30-dias.htm, skipping...
[ERROR - 2025-10-21 15:15:08,618 - Worker_1] Status code == 403 for http://noticias.uol.com.br/cotidiano/ultimas-noticias/2014/02/19/mega-sena-r-111-milhoes.htm, skipping...
[ERROR - 2025-10-21 15:15:09,604 - Worker_3] Status code == 404 for http://carnaval.uol.com.br/2014/salvador/, skipping...
[ERROR - 2025-10-21 15:15:11,754 - Worker_0] Status code == 404 for http://carnaval.uol.com.br/2014/sao-paulo/, skipping...
[ERROR - 2025-10-21 15:15:18,605 - Worker_4] Status code == 403 for http://noticias.uol.com.br/internacional/ultimas-noticias/2014/02/20/tregua-na-ucrania-e-quebrada-e-pais-tem-39-mortes-em-dia-mais-violento.htm, skipping...
[ERROR - 2025-10-21 15:15:18,673 - Worker_1] Failed to connect with http://procurasecachorro.uol.com.br/blog/2014/02/veja-20-fantasias-para-cachorro-inspiradas-em-personagens/ after 3 attempts, skipping...
[ERROR - 2025-10-21 15:15:22,672 - Worker_4] Status code == 403 for http://noticias.uol.com.br/cotidiano/ultimas-noticias/2014/02/20/operacao-policial-que-investigou-amarildo-foi-um-fracasso-diz-delegada.htm, skipping...
[ERROR - 2025-10-21 15:15:23,295 - Worker_1] Status code == 404 for http://esporte.uol.com.br/f1/ultimas-noticias/2014/02/20/massa-revela-detalhes-de-visita-a-schumi-ele-teve-reacoes-com-a-boca.htm, skipping...
[ERROR - 2025-10-21 15:15:24,905 - Worker_2] Status code == 403 for http://noticias.uol.com.br/internacional/ultimas-noticias/2014/02/20/uniao-europeia-aprova-sancoes-contra-a-ucrania-diz-ministra.htm, skipping...
[ERROR - 2025-10-21 15:15:27,956 - Worker_0] Status code == 403 for http://tecnologia.uol.com.br/noticias/redacao/2014/02/20/marco-civil-fica-para-depois-do-carnaval-diz-presidente-da-camara.htm, skipping...
[ERROR - 2025-10-21 15:15:28,947 - Worker_2] Status code == 403 for http://noticias.uol.com.br/midiaglobal/nytimes/2014/02/20/no-afeganistao-crescem-as-tensoes-etnicas-na-midia-e-na-politica.htm, skipping...
[ERROR - 2025-10-21 15:15:32,025 - Worker_0] Status code == 403 for http://noticias.uol.com.br/internacional/ultimas-noticias/2014/02/20/com-pressao-da-ue-presidente-da-ucrania-admite-eleicoes-antecipadas.htm, skipping...
[ERROR - 2025-10-21 15:15:33,022 - Worker_2] Status code == 403 for http://economia.uol.com.br/noticias/redacao/2014/02/20/leitor-do-pagseguro-permite-pagamento-com-celular-e-tablet.htm, skipping...
[ERROR - 2025-10-21 15:15:34,215 - Worker_1] Status code == 403 for http://marcosperes.blogosfera.uol.com.br/2014/02/20/lebron-james-agradece-ao-pai-por-nao-estar-por-perto/, skipping...
[ERROR - 2025-10-21 15:15:41,405 - Worker_0] Status code == 404 for http://carnaval.uol.com.br/2014/rio-de-janeiro/, skipping...
[ERROR - 2025-10-21 15:15:42,977 - Worker_4] Status code == 404 for http://carnaval.uol.com.br/2014/blocos-de-rua/, skipping...
[ERROR - 2025-10-21 15:15:44,579 - Worker_3] Status code == 403 for http://noticias.uol.com.br/politica/ultimas-noticias/2014/02/20/senado-recorre-ao-stf-contra-decisao-que-liberou-salarios-acima-do-teto.htm, skipping...
[ERROR - 2025-10-21 15:15:46,590 - Worker_1] Status code == 403 for http://noticias.uol.com.br/album/album-do-dia/2014/02/20/imagens-do-dia---20-de-fevereiro-de-2014.htm?abrefoto=46, skipping...
[ERROR - 2025-10-21 15:15:47,026 - Worker_4] Status code == 403 for http://noticias.uol.com.br/ultimas-noticias/efe/2014/02/20/capriles-acusa-governo-da-venezuela-de-promover-confronto-ao-prender-lopez.htm, skipping...
[ERROR - 2025-10-21 15:15:48,630 - Worker_3] Status code == 403 for http://noticias.uol.com.br/midiaglobal/derspiegel/2014/02/20/sancoes-sao-ultimo-recurso-da-ue-contra-violencia-na-ucrania.htm, skipping...
[ERROR - 2025-10-21 15:15:50,826 - Worker_2] Status code == 403 for http://noticias.uol.com.br/cotidiano/ultimas-noticias/2014/02/20/justica-decreta-prisao-preventiva-de-envolvidos-na-morte-de-cinegrafista.htm, skipping...
[ERROR - 2025-10-21 15:15:51,472 - Worker_0] Failed to connect with http://natelinha.ne10.uol.com.br/celebridades/2014/02/20/panicat-carol-dias-fica-sem-parte-do-dedo-em-foto-por-edicao-de-photoshop-71683.php after 3 attempts, skipping...
[ERROR - 2025-10-21 15:15:53,326 - Worker_4] Status code == 403 for http://noticias.uol.com.br/politica/ultimas-noticias/2014/02/20/relator-vai-aguardar-fim-de-mensalao-para-decidir-sobre-1-instancia-para-azeredo.htm, skipping...
[ERROR - 2025-10-21 15:15:55,726 - Worker_0] Status code == 404 for http://carnaval.uol.com.br/2014/recife-e-olinda/, skipping...
[ERROR - 2025-10-21 15:15:59,720 - Worker_1] Status code == 403 for http://educacao.uol.com.br/noticias/2014/02/20/preconceito-esta-nos-professores-e-nao-nos-alunos-diz-docente-transexual.htm, skipping...
[ERROR - 2025-10-21 15:15:59,782 - Worker_0] Status code == 403 for http://noticias.uol.com.br/album/album-do-dia/2014/02/20/imagens-do-dia---20-de-fevereiro-de-2014.htm?abrefoto=28, skipping...
[ERROR - 2025-10-21 15:16:03,951 - Worker_0] Status code == 403 for http://josiasdesouza.blogosfera.uol.com.br/2014/02/20/politica-economica-inaugura-a-etapa-sao-tome/, skipping...
[ERROR - 2025-10-21 15:16:05,545 - Worker_3] Status code == 403 for http://rodrigomattos.blogosfera.uol.com.br/2014/02/20/governo-corta-gasto-com-seguranca-do-pais-mas-nao-da-copa/, skipping...
[ERROR - 2025-10-21 15:16:07,029 - Worker_2] Status code == 404 for http://carnaval.uol.com.br/2014/salvador/noticias/2014/02/20/fas-tratam-saida-de-bell-como-fim-do-chiclete-e-pagam-ate-r20-mil-por-adeu.htm, skipping...
[ERROR - 2025-10-21 15:16:08,013 - Worker_0] Status code == 403 for http://economia.uol.com.br/cotacoes/noticias/redacao/2014/01/14/consulte-cotacoes-de-dolar-e-acoes-em-tablets-e-celulares.htm, skipping...
[ERROR - 2025-10-21 15:16:11,859 - Worker_4] Status code == 403 for http://uolesportevetv.blogosfera.uol.com.br/2014/02/20/neto-conta-o-dia-em-que-roubou-o-presidente-da-conmebol/, skipping...
[ERROR - 2025-10-21 15:16:13,540 - Worker_2] Status code == 403 for http://noticias.uol.com.br/album/album-do-dia/2014/02/21/imagens-do-dia---21-de-fevereiro-de-2014.htm?abrefoto=27, skipping...
[ERROR - 2025-10-21 15:16:16,023 - Worker_1] Status code == 403 for http://noticias.uol.com.br/saude/ultimas-noticias/bbc/2014/02/21/festas-da-catapora-sao-populares-nos-eua.htm, skipping...
[ERROR - 2025-10-21 15:16:17,594 - Worker_2] Status code == 403 for http://noticias.uol.com.br/cotidiano/ultimas-noticias/2014/02/21/pf-faz-operacao-contra-advogados-suspeitos-de-lesar-30-mil-clientes-no-rs.htm, skipping...
[ERROR - 2025-10-21 15:16:18,576 - Worker_4] Status code == 404 for http://criancas.uol.com.br/album/2014/02/20/escolha-um-programa-para-aproveitar-o-carnaval-em-oito-cidades.jhtm?abrefoto=6, skipping...
[ERROR - 2025-10-21 15:16:20,978 - Worker_3] Status code == 403 for http://economia.uol.com.br/noticias/reuters/2014/02/21/cidade-de-detroit-entrega-plano-para-sair-da-falencia.htm, skipping...
[ERROR - 2025-10-21 15:16:21,653 - Worker_2] Status code == 403 for http://noticias.uol.com.br/politica/ultimas-noticias/2014/02/21/dos-25-condenados-no-mensalao-jefferson-sera-o-23-a-cumprir-pena.htm, skipping...
[ERROR - 2025-10-21 15:16:21,653 - Worker_0] Status code == 403 for http://noticias.uol.com.br/internacional/ultimas-noticias/2014/02/21/apos-ameaca-de-maduro-cnn-diz-que-venezuela-revogou-permissao-de-trabalho-da-emissora.htm, skipping...
[ERROR - 2025-10-21 15:16:22,733 - Worker_1] Status code == 403 for http://noticias.uol.com.br/ultimas-noticias/redacao/2014/01/13/baixe-o-aplicativo-uol-noticias-no-ipad-iphone-e-android.htm, skipping...
[ERROR - 2025-10-21 15:16:25,891 - Worker_0] Status code == 404 for http://carnaval.uol.com.br/2014/salvador/, skipping...
[ERROR - 2025-10-21 15:16:27,256 - Worker_3] Status code == 403 for http://noticias.uol.com.br/midiaglobal/lemonde/2014/02/21/recem-formado-governo-libanes-enfrenta-terrorismo.htm, skipping...
[ERROR - 2025-10-21 15:16:27,754 - Worker_4] Status code == 404 for http://carnaval.uol.com.br/2014/sao-paulo/, skipping...
[ERROR - 2025-10-21 15:16:28,026 - Worker_2] Status code == 403 for http://noticias.uol.com.br/ultimas-noticias/afp/2014/02/21/governo-venezuelano-ameaca-suspender-envio-de-gasolina-a-areas-com-protestos.htm, skipping...
[ERROR - 2025-10-21 15:16:31,306 - Worker_3] Status code == 403 for http://economia.uol.com.br/imposto-de-renda/noticias/redacao/2014/02/21/receita-divulga-regras-do-ir-2014-veja-quem-tem-de-declarar.htm, skipping...
[ERROR - 2025-10-21 15:16:31,806 - Worker_4] Status code == 403 for http://noticias.uol.com.br/midiaglobal/nytimes/2014/02/21/maior-sistema-carcerario-dos-eua-ny-vai-proibir-prisao-de-menores-em-solitarias.htm, skipping...
[ERROR - 2025-10-21 15:16:34,540 - Worker_2] Status code == 403 for http://noticias.uol.com.br/album/album-do-dia/2014/02/21/imagens-do-dia---21-de-fevereiro-de-2014.htm?abrefoto=26, skipping...
[ERROR - 2025-10-21 15:16:35,357 - Worker_3] Status code == 403 for http://noticias.uol.com.br/album/album-do-dia/2014/02/21/imagens-do-dia---21-de-fevereiro-de-2014.htm?abrefoto=39, skipping...
[ERROR - 2025-10-21 15:16:35,864 - Worker_4] Status code == 403 for http://noticias.uol.com.br/ultimas-noticias/bbc/2014/02/21/brasil-tambem-tem-adeptos-do-movimento-antivacina.htm, skipping...
[ERROR - 2025-10-21 15:16:38,613 - Worker_2] Status code == 404 for http://guia.uol.com.br/sao-paulo/exposicoes/noticias/2014/02/20/centenario-de-william-burroughs-e-comemorado-com-filmes-e-palestras-em-sp.htm, skipping...
[ERROR - 2025-10-21 15:16:38,717 - Worker_0] Status code == 403 for http://mauriciostycer.blogosfera.uol.com.br/2014/02/21/no-sabado-ator-e-juiz-em-joia-rara-na-quinta-feira-medico-em-em-familia/, skipping...
[ERROR - 2025-10-21 15:16:39,913 - Worker_4] Status code == 403 for http://noticias.uol.com.br/midiaglobal/nytimes/2014/02/21/crise-transforma-grecia-em-cemiterio-de-carros-abandonados.htm, skipping...
[ERROR - 2025-10-21 15:16:44,618 - Worker_3] Status code == 404 for http://carnaval.uol.com.br/2014/rio-de-janeiro/noticias/2014/02/21/apos-separacao-caua-e-grazi-passarao-o-carnaval-em-camarotes-concorrentes.htm, skipping...
[ERROR - 2025-10-21 15:16:46,933 - Worker_1] Status code == 403 for http://noticias.uol.com.br/politica/ultimas-noticias/2014/02/21/stf-manda-prender-roberto-jefferson-no-regime-semiaberto.htm, skipping...
[ERROR - 2025-10-21 15:16:48,486 - Worker_0] Status code == 403 for http://nagradedomma.blogosfera.uol.com.br/2014/02/21/5-motivos-para-ronda-rousey-ser-um-mal-necessario-para-o-ufc/, skipping...
[ERROR - 2025-10-21 15:16:48,667 - Worker_3] Status code == 403 for http://noticias.uol.com.br/politica/ultimas-noticias/2014/02/21/aprovacao-ao-governo-dilma-cai-pela-1-vez-desde-julho-mostra-ibope.htm, skipping...
[ERROR - 2025-10-21 15:16:54,049 - Worker_2] Status code == 403 for http://noticias.uol.com.br/cotidiano/ultimas-noticias/2014/02/21/acre-esta-isolado-por-terra-do-resto-do-brasil-com-br-364-interditada.htm, skipping...
[ERROR - 2025-10-21 15:16:55,002 - Worker_0] Status code == 404 for http://carnaval.uol.com.br/2014/rio-de-janeiro/, skipping...
[ERROR - 2025-10-21 15:16:55,859 - Worker_1] Status code == 403 for http://noticias.uol.com.br/cotidiano/ultimas-noticias/2014/02/21/justica-bloqueia-r-98-milhoes-de-cinco-reus-do-caso-alstom.htm, skipping...
[ERROR - 2025-10-21 15:16:59,061 - Worker_0] Status code == 404 for http://guia.uol.com.br/sao-paulo/passeios/noticias/2014/02/20/museu-do-futebol-abre-programacao-de-atividades-gratuitas-inspirada-na-copa.htm, skipping...
[ERROR - 2025-10-21 15:17:00,499 - Worker_2] Status code == 404 for http://carnaval.uol.com.br/2014/blocos-de-rua/, skipping...
[ERROR - 2025-10-21 15:17:02,320 - Worker_4] Status code == 403 for http://noticias.uol.com.br/ultimas-noticias/afp/2014/02/21/matteo-renzi-aceita-cargo-de-primeiro-ministro-da-italia.htm, skipping...
[ERROR - 2025-10-21 15:17:03,111 - Worker_0] Status code == 403 for http://noticias.uol.com.br/meio-ambiente/ultimas-noticias/redacao/2014/02/21/alertas-de-desmatamento-caem-19-na-amazonia-legal-no-2-semestre-de-2013.htm, skipping...
[ERROR - 2025-10-21 15:17:04,591 - Worker_1] Status code == 403 for http://blogdosakamoto.blogosfera.uol.com.br/2014/02/21/irritado-com-comentarios-conheca-a-opiniao-de-quem-os-le-como-profissao/, skipping...
[ERROR - 2025-10-21 15:17:07,388 - Worker_0] Status code == 404 for http://carnaval.uol.com.br/2014/rio-de-janeiro/noticias/2014/02/21/carlinhos-de-jesus-voltar-a-mangueira-e-respirar-de-novo.htm, skipping...
[ERROR - 2025-10-21 15:17:08,655 - Worker_4] Status code == 403 for http://noticias.uol.com.br/internacional/ultimas-noticias/2014/02/21/dilma-da-bola-e-camisa-autografadas-por-ronaldo-a-papa-francisco.htm, skipping...
[ERROR - 2025-10-21 15:17:09,367 - Worker_2] Status code == 404 for http://carnaval.uol.com.br/2014/recife-e-olinda/, skipping...
[ERROR - 2025-10-21 15:17:10,883 - Worker_1] Status code == 403 for http://noticias.uol.com.br/internacional/ultimas-noticias/2014/02/21/manifestante-ucraniana-que-tuitou-estou-morrendo-volta-as-redes-sociais.htm, skipping...
[ERROR - 2025-10-21 15:17:11,441 - Worker_0] Status code == 403 for http://noticias.uol.com.br/ultimas-noticias/afp/2014/02/21/yanukovytch-um-colosso-ucraniano-duas-vezes-contestado-pelas-ruas.htm, skipping...
[ERROR - 2025-10-21 15:17:12,768 - Worker_4] Status code == 403 for http://rodrigomattos.blogosfera.uol.com.br/2014/02/21/com-recurso-publico-beira-rio-tera-instalacao-da-fifa-sem-licitacao/, skipping...
[ERROR - 2025-10-21 15:17:14,932 - Worker_1] Status code == 403 for http://noticias.uol.com.br/album/album-do-dia/2014/02/21/imagens-do-dia---21-de-fevereiro-de-2014.htm?abrefoto=47, skipping...
[ERROR - 2025-10-21 15:17:15,493 - Worker_0] Status code == 403 for http://noticias.uol.com.br/internacional/ultimas-noticias/2014/02/21/americano-preso-injustamente-por-23-anos-ganha-indenizacao-milionaria-da-cidade-de-nova-york-eua.htm, skipping...
[ERROR - 2025-10-21 15:17:18,572 - Worker_3] Status code == 403 for http://noticias.uol.com.br/saude/ultimas-noticias/redacao/2014/02/20/medicos-e-idosos-devem-conversar-mais-sobre-sexo-afirma-geriatra.htm, skipping...
[ERROR - 2025-10-21 15:17:19,576 - Worker_0] Status code == 403 for http://economia.uol.com.br/cotacoes/noticias/redacao/2014/01/14/consulte-cotacoes-de-dolar-e-acoes-em-tablets-e-celulares.htm, skipping...
[ERROR - 2025-10-21 15:17:20,399 - Worker_2] Status code == 403 for http://noticias.uol.com.br/saude/ultimas-noticias/bbc/2014/02/21/movimento-antivacina-gera-surto-de-doencas-nos-eua.htm, skipping...
[ERROR - 2025-10-21 15:17:23,294 - Worker_4] Status code == 404 for http://guia.uol.com.br/album/2014/02/21/restaurante-alemao-haus-munchen-lanca-cardapio-de-verao-em-bh.htm, skipping...
[ERROR - 2025-10-21 15:17:23,739 - Worker_0] Status code == 403 for http://obrasiltavendo.blogosfera.uol.com.br/2014/02/21/finais-falsos/, skipping...
[ERROR - 2025-10-21 15:17:24,447 - Worker_2] Status code == 403 for http://noticias.uol.com.br/ultimas-noticias/efe/2014/02/22/primeira-dama-pede-que-nao-deixem-jovens-ser-bucha-de-canhao-na-venezuela.htm, skipping...
[ERROR - 2025-10-21 15:17:28,625 - Worker_1] Status code == 404 for http://guia.uol.com.br/sao-paulo/exposicoes/noticias/2014/02/22/exposicoes-de-miro-e-de-cazuza-sao-destaque-do-fim-de-semana-veja-outras.htm, skipping...
[ERROR - 2025-10-21 15:17:29,619 - Worker_4] Status code == 403 for http://noticias.uol.com.br/album/2014/02/19/fotografo-registra-o-amor-entre-homossexuais-o-redor-do-mundo.htm, skipping...
[ERROR - 2025-10-21 15:17:32,700 - Worker_1] Status code == 403 for http://noticias.uol.com.br/ultimas-noticias/redacao/2014/01/13/baixe-o-aplicativo-uol-noticias-no-ipad-iphone-e-android.htm, skipping...
[ERROR - 2025-10-21 15:17:33,786 - Worker_4] Status code == 403 for http://uoltecnologia.blogosfera.uol.com.br/2014/02/21/comediante-jerry-seinfeld-compara-usuarios-de-celular-a-reis-franceses/, skipping...
[ERROR - 2025-10-21 15:17:34,892 - Worker_0] Status code == 404 for http://carnaval.uol.com.br/2014/salvador/, skipping...
[ERROR - 2025-10-21 15:17:37,951 - Worker_1] Status code == 404 for http://carnaval.uol.com.br/2014/sao-paulo/, skipping...
[ERROR - 2025-10-21 15:17:37,972 - Worker_4] Status code == 403 for http://noticias.uol.com.br/midiaglobal/derspiegel/2014/02/22/nos-nao-perseguimos-nazistas-nos-perseguimos-assassinos-dizem-promotores-alemaes.htm, skipping...
[ERROR - 2025-10-21 15:17:39,001 - Worker_0] Status code == 403 for http://noticias.uol.com.br/midiaglobal/nytimes/2014/02/22/restauracao-de-igreja-une-cipriotas-gregos-e-turcos-em-pais-dividido-ha-decadas.htm, skipping...
[ERROR - 2025-10-21 15:17:42,128 - Worker_4] Status code == 403 for http://noticias.uol.com.br/internacional/ultimas-noticias/2014/02/22/deposto-presidente-da-ucrania-tenta-fuga-a-russia-e-barrado-e-se-esconde.htm, skipping...
[ERROR - 2025-10-21 15:17:43,855 - Worker_0] Status code == 403 for http://tecnologia.uol.com.br/noticias/redacao/2014/02/21/holandes-imagina-facebook-twitter-e-angry-birds-em-decadas-passadas.htm, skipping...
[ERROR - 2025-10-21 15:17:46,725 - Worker_1] Status code == 403 for http://economia.uol.com.br/financas-pessoais/noticias/redacao/2014/02/21/bancos-lancam-fundos-atrelados-a-acoes-no-exterior-para-pequeno-investidor.htm, skipping...
[ERROR - 2025-10-21 15:17:46,952 - Worker_4] Status code == 404 for http://carnaval.uol.com.br/2014/blocos-de-rua/album/2014/02/22/bloco-da-banda-gueri-gueri.htm?abrefoto=6#fotoNav=5, skipping...
[ERROR - 2025-10-21 15:17:48,068 - Worker_0] Status code == 403 for http://noticias.uol.com.br/ultimas-noticias/efe/2014/02/22/onu-aprova-resolucao-para-ampliar-entrada-  de-ajuda-humanitaria-na-siria.htm, skipping...
[ERROR - 2025-10-21 15:17:52,280 - Worker_0] Status code == 403 for http://noticias.uol.com.br/album/album-do-dia/2014/02/22/imagens-do-dia---22-de-fevereiro-de-2014.htm?abrefoto=35, skipping...
[ERROR - 2025-10-21 15:17:53,712 - Worker_1] Status code == 403 for http://josiasdesouza.blogosfera.uol.com.br/2014/02/22/datafolha-futuro-esta-nas-maos-dos-indecisos/, skipping...
[ERROR - 2025-10-21 15:17:56,590 - Worker_0] Status code == 403 for http://noticias.uol.com.br/album/2014/02/12/atos-pro-e-antigoverno-deixam-mortos-e-feridos-na-venezuela.htm?abrefoto=94, skipping...
[ERROR - 2025-10-21 15:18:00,891 - Worker_3] Status code == 403 for http://noticias.uol.com.br/midiaglobal/nytimes/2014/02/22/facebook-aposta-alto-primeiro-os-usuarios-depois-o-lucro.htm, skipping...
[ERROR - 2025-10-21 15:18:01,421 - Worker_1] Status code == 403 for http://tecnologia.uol.com.br/album/2014/02/22/rip-flappy-bird-relembre-jogos-viciantes-que-fizeram-voce-perder-horas-a-toa.htm, skipping...
[ERROR - 2025-10-21 15:18:04,161 - Worker_0] Status code == 403 for http://uolesporte.blogosfera.uol.com.br/2014/02/22/ta-bombando-golaco-  olimpico-na-irlanda-conta-com-ajuda-da-natureza/, skipping...
[ERROR - 2025-10-21 15:18:08,516 - Worker_0] Status code == 403 for http://uolesporte.blogosfera.uol.com.br/2014/02/22/televisao-confunde-jogador-do-barcelona-com-atriz-porno/, skipping...
[ERROR - 2025-10-21 15:18:09,539 - Worker_1] Status code == 404 for http://carnaval.uol.com.br/2014/rio-de-janeiro/, skipping...
[ERROR - 2025-10-21 15:18:12,571 - Worker_0] Status code == 403 for http://noticias.uol.com.br/album/album-do-dia/2014/02/22/imagens-do-dia---22-de-fevereiro-de-2014.htm?abrefoto=3, skipping...
[ERROR - 2025-10-21 15:18:16,403 - Worker_3] Failed to connect with http://natelinha.ne10.uol.com.br/celebridades/2014/02/22/filha-de-samara-felippo-e-internada-e-atriz-cancela-espetaculo-71789.php after 3 attempts, skipping...
[ERROR - 2025-10-21 15:18:16,500 - Worker_4] Status code == 404 for http://carnaval.uol.com.br/2014/blocos-de-rua/, skipping...
[ERROR - 2025-10-21 15:18:18,783 - Worker_2] Failed to connect with http://natelinha.ne10.uol.com.br/bbb14/2014/02/22/bbb14-angela-diz-que-nao-suporta-marcelo-e-detona-homem-tonto-71773.php after 3 attempts, skipping...
[ERROR - 2025-10-21 15:18:20,723 - Worker_3] Status code == 403 for http://tecnologia.uol.com.br/noticias/redacao/2014/02/22/usuarios-relatam-problema-com-whatsapp-aplicativo-foi-vendido-ao-facebook.htm, skipping...
[ERROR - 2025-10-21 15:18:20,804 - Worker_4] Status code == 404 for http://carnaval.uol.com.br/2014/blocos-de-rua/album/2014/02/22/bangalafumenga-e-sargento-pimenta-arrastao-multidao-em-sao-paulo.htm, skipping...
[ERROR - 2025-10-21 15:18:25,154 - Worker_4] Status code == 404 for http://carnaval.uol.com.br/2014/recife-e-olinda/, skipping...
[ERROR - 2025-10-21 15:18:31,956 - Worker_2] Status code == 403 for http://noticias.uol.com.br/politica/ultimas-noticias/2014/02/19/tj-al-decreta-falencia-de-grupo-empresarial-do-deputado-federal-mais-rico-do-pais.htm, skipping...
[ERROR - 2025-10-21 15:18:32,247 - Worker_1] Status code == 403 for http://uolcarros.blogosfera.uol.com.br/2014/02/21/provocacoes-automotivas-usam-diana-ross-sertanejo-rap-gatos-e-galinhas/, skipping...
[ERROR - 2025-10-21 15:18:36,292 - Worker_1] Status code == 403 for http://noticias.uol.com.br/politica/ultimas-noticias/2014/02/22/enquanto-aguarda-prisao-jefferson-so-fala-de-eleicoes-nas-redes-sociais.htm, skipping...
[ERROR - 2025-10-21 15:18:36,928 - Worker_0] Status code == 403 for http://uolesporte.blogosfera.uol.com.br/2014/02/22/felipe-melo-posta-foto-ao-lado-de-drogba-apenas-de-toalha-no-vestiario/, skipping...
[ERROR - 2025-10-21 15:18:39,843 - Worker_3] Status code == 403 for http://uolesporte.blogosfera.uol.com.br/2014/02/22/ex-zagueiro-de-arsenal-e-chelsea-protagoniza-lance-bizarro-na-australia/, skipping...
[ERROR - 2025-10-21 15:18:41,213 - Worker_4] Status code == 403 for http://economia.uol.com.br/cotacoes/noticias/redacao/2014/01/14/consulte-cotacoes-de-dolar-e-acoes-em-tablets-e-celulares.htm, skipping...
[ERROR - 2025-10-21 15:18:47,623 - Worker_4] Status code == 403 for http://uoltecnologia.blogosfera.uol.com.br/2014/02/21/artista-cria-gifs-animados-de-seus-filmes-favoritos-com-estilo-8-bit/, skipping...
[ERROR - 2025-10-21 15:18:48,258 - Worker_2] Status code == 403 for http://noticias.uol.com.br/album/2014/02/23/palestinos-vivem-em-cemiterio-na-cidade-de-gaza.htm?abrefoto=7, skipping...
[ERROR - 2025-10-21 15:18:51,710 - Worker_4] Status code == 403 for http://noticias.uol.com.br/internacional/ultimas-noticias/2014/02/23/ucrania-esta-pronta-para-falar-com-russia-mas-europa-e-prioridade-diz-presidente.htm, skipping...
[ERROR - 2025-10-21 15:18:54,698 - Worker_2] Status code == 403 for http://colunaesplanada.blogosfera.uol.com.br/2014/02/23/por-r-1-bi-apadrinhado-politico-destitue-conselho-de-fundo-da-conab/, skipping...
[ERROR - 2025-10-21 15:18:59,587 - Worker_1] Status code == 403 for http://noticias.uol.com.br/ultimas-noticias/redacao/2014/01/13/baixe-o-aplicativo-uol-noticias-no-ipad-iphone-e-android.htm, skipping...
[ERROR - 2025-10-21 15:19:01,214 - Worker_2] Status code == 403 for http://noticias.uol.com.br/album/album-do-dia/2014/02/23/imagens-do-dia---23-de-fevereiro-de-2014.htm?abrefoto=41, skipping...
[ERROR - 2025-10-21 15:19:03,897 - Worker_1] Status code == 404 for http://carnaval.uol.com.br/2014/salvador/, skipping...
[ERROR - 2025-10-21 15:19:04,527 - Worker_0] Status code == 404 for http://charges.uol.com.br/2014/02/22/tobby-entrevista-robocop/, skipping...
[ERROR - 2025-10-21 15:19:05,188 - Worker_4] Status code == 404 for http://carnaval.uol.com.br/2014/sao-paulo/, skipping...
[ERROR - 2025-10-21 15:19:05,259 - Worker_2] Status code == 403 for http://noticias.uol.com.br/cotidiano/ultimas-noticias/2014/02/23/onibus-devem-parar-em-bh-e-parte-da-regiao-metropolitana-nesta-2.htm, skipping...
[ERROR - 2025-10-21 15:19:09,260 - Worker_4] Status code == 403 for http://noticias.uol.com.br/midiaglobal/lemonde/2014/02/22/moeda-virtual-pode-tornar-sistema-financeiro-mais-seguro-e-barato.htm, skipping...
[ERROR - 2025-10-21 15:19:15,067 - Worker_1] Status code == 403 for http://noticias.uol.com.br/album/album-do-dia/2014/02/23/imagens-do-dia---23-de-fevereiro-de-2014.htm?abrefoto=43, skipping...
[ERROR - 2025-10-21 15:19:15,844 - Worker_4] Status code == 403 for http://tecnologia.uol.com.br/noticias/redacao/2014/02/14/gabriela-pugliesi-diz-que-reforcara-a-sinalizacao-de-publiposts-em-sites.htm, skipping...
[ERROR - 2025-10-21 15:19:17,728 - Worker_0] Status code == 403 for http://mauriciostycer.blogosfera.uol.com.br/2014/02/23/divulgar-spoilers-de-novelas-e-falta-de-respeito-diz-silvio-de-abreu/, skipping...
[ERROR - 2025-10-21 15:19:21,334 - Worker_1] Status code == 403 for http://noticias.uol.com.br/album/album-do-dia/2014/02/23/imagens-do-dia---23-de-fevereiro-de-2014.htm?abrefoto=37, skipping...
[ERROR - 2025-10-21 15:19:21,908 - Worker_0] Status code == 403 for http://blogdomenon.blogosfera.uol.com.br/2014/02/23/corinthians-esta-nas-maos-do-sao-paulo-haja-desconfianca/, skipping...
[ERROR - 2025-10-21 15:19:23,186 - Worker_2] Status code == 404 for http://guia.uol.com.br/album/2014/01/31/confira-roteiro-para-aproveitar-os-restaurantes-italianos-de-curitiba.htm, skipping...
[ERROR - 2025-10-21 15:19:25,330 - Worker_3] Failed to connect with http://natelinha.ne10.uol.com.br/bbb14/2014/02/23/bbb14-assistente-de-palco-de-faustao-detona-leticia-fura-olho-71819.php after 3 attempts, skipping...
[ERROR - 2025-10-21 15:19:25,389 - Worker_1] Status code == 403 for http://noticias.uol.com.br/midiaglobal/nytimes/2014/02/23/pub-ingles-e-especie-ameacada-de-extincao.htm, skipping...
[ERROR - 2025-10-21 15:19:30,359 - Worker_0] Status code == 404 for http://carnaval.uol.com.br/2014/rio-de-janeiro/, skipping...
[ERROR - 2025-10-21 15:19:32,012 - Worker_2] Status code == 404 for http://carnaval.uol.com.br/2014/blocos-de-rua/, skipping...
[ERROR - 2025-10-21 15:19:34,674 - Worker_0] Status code == 403 for http://tecnologia.uol.com.br/album/2014/02/17/historia-do-ipod-voce-lembra-dessas-antigas-versoes-do-tocador.htm?abrefoto=3, skipping...
[ERROR - 2025-10-21 15:19:36,091 - Worker_4] Status code == 403 for http://tecnologia.uol.com.br/noticias/redacao/2014/02/23/mwc-2014-feira-de-tecnologia-movel-comeca-com-galaxy-s5-e-mark-zuckerberg.htm, skipping...
[ERROR - 2025-10-21 15:19:37,450 - Worker_3] Status code == 404 for http://esporte.uol.com.br/f1/ultimas-noticias/2014/02/23/vettel-ve-red-bull-ruir-e-agora-encara-f-1-com-carrocapenga.htm, skipping...
[ERROR - 2025-10-21 15:19:38,944 - Worker_0] Status code == 404 for http://carnaval.uol.com.br/2014/blocos-de-rua/album/2014/02/23/academicos-do-baixo-augusta.htm, skipping...
[ERROR - 2025-10-21 15:19:40,270 - Worker_4] Status code == 403 for http://saqueevoleio.blogosfera.uol.com.br/2014/02/23/marcelo-melo-e-vice-no-rio-open-mas-quase-ninguem-ve-ruim-para-o-tenis/, skipping...
[ERROR - 2025-10-21 15:19:41,713 - Worker_3] Status code == 404 for http://carnaval.uol.com.br/2014/recife-e-olinda/, skipping...
[ERROR - 2025-10-21 15:19:43,006 - Worker_0] Status code == 404 for http://guia.uol.com.br/album/2014/02/20/classico-do-cinema-e-comedias-estao-entre-destaques-de-pecas-no-rio.htm, skipping...
[ERROR - 2025-10-21 15:19:46,434 - Worker_1] Status code == 403 for http://noticias.uol.com.br/midiaglobal/nytimes/2014/02/23/depois-de-odisseia-tortuosa-textos-tibetanos-encontram-lar-na-china.htm, skipping...
[ERROR - 2025-10-21 15:19:47,267 - Worker_0] Status code == 404 for http://carnaval.uol.com.br/2014/rio-de-janeiro/album/escolas-de-samba/2014/01/12/grande-rio---ensaios.htm?abrefoto=53, skipping...
[ERROR - 2025-10-21 15:19:50,622 - Worker_1] Status code == 403 for http://uolesporte.blogosfera.uol.com.br/2014/02/23/comentarista-maluco-se-empolga-com-milan-e-cria-cancao-para-autor-do-gol/, skipping...
[ERROR - 2025-10-21 15:19:52,844 - Worker_3] Status code == 403 for http://economia.uol.com.br/cotacoes/noticias/redacao/2014/01/14/consulte-cotacoes-de-dolar-e-acoes-em-tablets-e-celulares.htm, skipping...
[ERROR - 2025-10-21 15:19:58,600 - Worker_0] Status code == 403 for http://negociosdoesporte.blogosfera.uol.com.br/2014/02/24/rio-open-pode-ser-o-novo-guga-no-brasil/, skipping...
[ERROR - 2025-10-21 15:19:58,618 - Worker_4] Status code == 404 for http://carnaval.uol.com.br/2014/salvador/noticias/2014/02/24/pelourinho-tera-shows-de-carlinhos-brown-e-margareth-menezes-no-carnaval.htm, skipping...
[ERROR - 2025-10-21 15:19:59,380 - Worker_1] Status code == 404 for http://guia.uol.com.br/brasilia/bares/noticias/2014/01/23/bar-do-alemao-valoriza-sobremesas-com-confeitaria-propria-em-brasilia.htm, skipping...
[ERROR - 2025-10-21 15:20:03,123 - Worker_2] Status code == 404 for http://guia.uol.com.br/belo-horizonte/cinema/noticias/2014/02/07/com-godard-e-bressane-mostra-exibe-56-filmes-que-passaram-batidos-em-2013.htm, skipping...
[ERROR - 2025-10-21 15:20:06,952 - Worker_3] Status code == 403 for http://economia.uol.com.br/noticias/redacao/2014/02/24/em-bruxelas-dilma-diz-estranhar-acao-da-omc-contra-zona-franca-de-manaus.htm, skipping...
[ERROR - 2025-10-21 15:20:06,994 - Worker_0] Status code == 403 for http://noticias.uol.com.br/ultimas-noticias/redacao/2014/01/13/baixe-o-aplicativo-uol-noticias-no-ipad-iphone-e-android.htm, skipping...
[ERROR - 2025-10-21 15:20:08,685 - Worker_4] Failed to connect with http://blogdobirner.virgula.uol.com.br/2014/02/24/ganso-continua-devendo-muito-futebol-ao-sao-paulo-e-a-si-mesmo/ after 3 attempts, skipping...
[ERROR - 2025-10-21 15:20:11,021 - Worker_3] Status code == 403 for http://noticias.uol.com.br/cotidiano/ultimas-noticias/2014/02/24/menina-de-um-ano-passa-a-noite-perdida-em-lavoura-de-soja-no-interior-de-sp.htm, skipping...
[ERROR - 2025-10-21 15:20:12,973 - Worker_1] Status code == 404 for http://carnaval.uol.com.br/2014/salvador/, skipping...
[ERROR - 2025-10-21 15:20:15,275 - Worker_3] Status code == 404 for http://carnaval.uol.com.br/2014/sao-paulo/, skipping...
[ERROR - 2025-10-21 15:20:15,480 - Worker_0] Status code == 403 for http://noticias.uol.com.br/ultimas-noticias/reuters/2014/02/24/opositores-montam-barricadas-em-caracas-governo-e-oposicao-podem-ter-encontro.htm, skipping...
[ERROR - 2025-10-21 15:20:17,299 - Worker_1] Status code == 403 for http://tecnologia.uol.com.br/noticias/redacao/2014/02/24/galaxy-s5-tem-leitor-biometrico-e-camera-de-16-megapixels.htm, skipping...
[ERROR - 2025-10-21 15:20:21,368 - Worker_1] Status code == 403 for http://noticias.uol.com.br/ultimas-noticias/afp/2014/02/24/dilma-prefere-nao-fazer-comparacoes-entre-ucrania-e-venezuela.htm, skipping...
[ERROR - 2025-10-21 15:20:28,654 - Worker_0] Status code == 403 for http://noticias.uol.com.br/saude/ultimas-noticias/redacao/2014/02/24/saude-representa-so-8-do-total-de-investimentos-publicos-no-pais-diz-cfm.htm, skipping...
[ERROR - 2025-10-21 15:20:31,002 - Worker_4] Status code == 404 for http://carnaval.uol.com.br/2014/rio-de-janeiro/noticias/2014/02/24/nao-vai-a-sapucai-ainda-da-tempo-de-ver-ultimos-ensaios-das-escolas-do-rio.htm, skipping...
[ERROR - 2025-10-21 15:20:33,140 - Worker_1] Status code == 403 for http://noticias.uol.com.br/cotidiano/ultimas-noticias/2014/02/24/eu-bebi-ele-bebeu-diz-mulher-de-suspeito-por-atropelamento-em-sp.htm, skipping...
[ERROR - 2025-10-21 15:20:35,058 - Worker_4] Status code == 403 for http://noticias.uol.com.br/album/album-do-dia/2014/02/24/imagens-do-dia---24-de-fevereiro-de-2014.htm?abrefoto=44, skipping...
[ERROR - 2025-10-21 15:20:36,871 - Worker_3] Status code == 403 for http://reginanavarro.blogosfera.uol.com.br/2014/02/24/o-amor-a-gente-inventa-por-que/, skipping...
[ERROR - 2025-10-21 15:20:37,191 - Worker_1] Status code == 403 for http://noticias.uol.com.br/cotidiano/ultimas-noticias/2014/02/24/policia-busca-imagens-para-esclarecer-atropelamento-na-vila-madalena-em-sp.htm, skipping...
[ERROR - 2025-10-21 15:20:47,409 - Worker_2] Status code == 403 for http://omundoemmovimento.blogosfera.uol.com.br/2014/02/24/ford-foi-a-marca-que-mais-cresceu-em-2013/, skipping...
[ERROR - 2025-10-21 15:20:48,519 - Worker_3] Status code == 404 for http://carnaval.uol.com.br/2014/rio-de-janeiro/, skipping...
[ERROR - 2025-10-21 15:20:51,694 - Worker_2] Status code == 404 for http://carnaval.uol.com.br/2014/blocos-de-rua/, skipping...
[ERROR - 2025-10-21 15:20:55,212 - Worker_1] Status code == 403 for http://universosertanejo.blogosfera.uol.com.br/2014/02/24/munhoz-e-mariano-choram-e-adiam-dvd-gravacao-acontece-amanha/, skipping...
[ERROR - 2025-10-21 15:20:55,429 - Worker_3] Status code == 403 for http://nagradedomma.blogosfera.uol.com.br/2014/02/24/ufc-segura-astro-mas-perde-superluta/, skipping...
[ERROR - 2025-10-21 15:20:56,084 - Worker_0] Status code == 404 for http://carnaval.uol.com.br/2014/recife-e-olinda/, skipping...
[ERROR - 2025-10-21 15:20:56,562 - Worker_4] Status code == 403 for http://nagradedomma.blogosfera.uol.com.br/2014/02/24/ronda-e-sua-vitoria-sem-polemica/, skipping...
[ERROR - 2025-10-21 15:20:59,481 - Worker_3] Status code == 403 for http://noticias.uol.com.br/midiaglobal/nytimes/2014/02/24/sem-o-cruel-voce-esta-demitido-programa-sudanes-valoriza-empreendedores.htm, skipping...
[ERROR - 2025-10-21 15:21:02,481 - Worker_0] Status code == 403 for http://economia.uol.com.br/noticias/redacao/2014/02/24/ligacoes-de-fixo-para-movel-ficam-13-mais-baratas-a-partir-de-marco.htm, skipping...
[ERROR - 2025-10-21 15:21:03,539 - Worker_3] Status code == 403 for http://noticias.uol.com.br/ciencia/ultimas-noticias/afp/2014/02/24/astronomo-grava-impacto-de-asteroide-contra-a-lua.htm, skipping...
[ERROR - 2025-10-21 15:21:08,788 - Worker_0] Status code == 403 for http://economia.uol.com.br/cotacoes/noticias/redacao/2014/01/14/consulte-cotacoes-de-dolar-e-acoes-em-tablets-e-celulares.htm, skipping...
[ERROR - 2025-10-21 15:21:10,045 - Worker_2] Status code == 403 for http://noticias.uol.com.br/saude/ultimas-noticias/redacao/2014/02/24/cirurgia-de-reducao-de-estomago-so-e-eficaz-se-o-paciente-mudar-habitos.htm, skipping...
[ERROR - 2025-10-21 15:21:10,313 - Worker_3] Status code == 403 for http://nagradedomma.blogosfera.uol.com.br/2014/02/24/rory-macdonald-x-abacate/, skipping...
[ERROR - 2025-10-21 15:21:15,129 - Worker_1] Status code == 403 for http://noticias.uol.com.br/midiaglobal/nytimes/2014/02/25/imigrantes-ilegais-que-cresceram-nos-eua-querem-que-obama-suspenda-deportacoes.htm, skipping...
[ERROR - 2025-10-21 15:21:17,258 - Worker_4] Failed to connect with http://natelinha.ne10.uol.com.br/noticias/2014/02/24/irritada-com-espera-val-marchiori-vai-embora-e-detona-domingo-legal-71848.php after 3 attempts, skipping...
[ERROR - 2025-10-21 15:21:18,359 - Worker_0] Status code == 403 for http://uolesporte.blogosfera.uol.com.br/2014/02/25/defendeu-penalti-mas-comemorou-cedo-demais/, skipping...
[ERROR - 2025-10-21 15:21:21,312 - Worker_4] Status code == 403 for http://noticias.uol.com.br/ciencia/album/2014/02/03/veja-imagens-de-ciencia-do-mes-fevereiro2014.htm?abrefoto=49, skipping...
[ERROR - 2025-10-21 15:21:51,847 - Worker_2] Status code == 403 for http://noticias.uol.com.br/ultimas-noticias/afp/2014/02/25/influente-senador-dos-eua-propoe-cancelar-ajuda-a-uganda-por-ley-antigay.htm, skipping...
[ERROR - 2025-10-21 15:21:51,883 - Worker_0] Status code == 403 for http://tecnologia.uol.com.br/noticias/redacao/2014/02/25/compra-do-whatsapp-reforca-importancia-do-marco-civil-diz-ministro.htm, skipping...
[ERROR - 2025-10-21 15:21:55,897 - Worker_2] Status code == 403 for http://noticias.uol.com.br/ultimas-noticias/redacao/2014/01/13/baixe-o-aplicativo-uol-noticias-no-ipad-iphone-e-android.htm, skipping...
[ERROR - 2025-10-21 15:21:56,559 - Worker_4] Status code == 403 for http://noticias.uol.com.br/cotidiano/ultimas-noticias/2014/02/25/cheias-dos-rios-deixam-acre-amazonas-e-rondonia-em-estado-de-alerta.htm, skipping...
[ERROR - 2025-10-21 15:21:58,506 - Worker_0] Status code == 404 for http://carnaval.uol.com.br/2014/salvador/, skipping...
[ERROR - 2025-10-21 15:21:59,590 - Worker_3] Status code == 403 for http://educacao.uol.com.br/noticias/2014/02/25/usp-aparece-entre-as-50-melhores-do-mundo-em-sete-areas-de-estudo.htm, skipping...
[ERROR - 2025-10-21 15:22:00,139 - Worker_2] Status code == 404 for http://carnaval.uol.com.br/2014/sao-paulo/, skipping...
[ERROR - 2025-10-21 15:22:02,560 - Worker_0] Status code == 403 for http://noticias.uol.com.br/ultimas-noticias/ansa/2014/02/25/el-chapo-admite-ter-matado-entre-2-mil-e-3-mil.htm, skipping...
[ERROR - 2025-10-21 15:22:04,960 - Worker_1] Status code == 403 for http://economia.uol.com.br/noticias/redacao/2014/02/25/com-acao-do-bc-para-conter-dolar-divida-cambial-tem-maior-nivel-em-11-anos.htm, skipping...
[ERROR - 2025-10-21 15:22:08,069 - Worker_3] Status code == 403 for http://obrasiltavendo.blogosfera.uol.com.br/2014/02/25/fica-roni/, skipping...
[ERROR - 2025-10-21 15:22:09,855 - Worker_4] Status code == 403 for http://noticias.uol.com.br/internacional/ultimas-noticias/2014/02/25/venezuela-indica-ex-embaixador-no-brasil-para-washington.htm, skipping...
[ERROR - 2025-10-21 15:22:10,994 - Worker_2] Status code == 403 for http://noticias.uol.com.br/ultimas-noticias/bbc/2014/02/25/presidente-interino-da-ucrania-alerta-para-serie-ameaca-de-separatismo.htm, skipping...
[ERROR - 2025-10-21 15:22:14,955 - Worker_3] Status code == 403 for http://josiasdesouza.blogosfera.uol.com.br/2014/02/25/aniversario-do-real-virou-festa-partidaria-pena/, skipping...
[ERROR - 2025-10-21 15:22:16,488 - Worker_4] Status code == 403 for http://noticias.uol.com.br/ultimas-noticias/bbc/2014/02/25/casal-gay-russo-foge-da-homofobia-em-sochi-para-se-casar-em-buenos-aires.htm, skipping...
[ERROR - 2025-10-21 15:22:17,375 - Worker_0] Status code == 403 for http://economia.uol.com.br/noticias/redacao/2014/02/25/pela-1-vez-em-sao-paulo-justica-manda-caixa-corrigir-fgts-pela-inflacao.htm, skipping...
[ERROR - 2025-10-21 15:22:19,028 - Worker_3] Status code == 403 for http://economia.uol.com.br/noticias/redacao/2014/02/25/petrobras-anuncia-lucro-liquido-de-r-2357-bi-em-2013.htm, skipping...
[ERROR - 2025-10-21 15:22:23,692 - Worker_0] Status code == 403 for http://noticias.uol.com.br/midiaglobal/lemonde/2014/02/25/testes-de-personalidade-usados-em-recrutamentos-sao-questionados.htm, skipping...
[ERROR - 2025-10-21 15:22:26,157 - Worker_2] Failed to connect with http://tnh1.ne10.uol.com.br/noticia/maceio/2014/02/24/290175/denuncia-mulher-fratura-o-braco-e-morre-apos-suposta-negligencia-medica after 3 attempts, skipping...
[ERROR - 2025-10-21 15:22:28,125 - Worker_1] Status code == 404 for http://carnaval.uol.com.br/2014/rio-de-janeiro/, skipping...
[ERROR - 2025-10-21 15:22:28,214 - Worker_3] Status code == 404 for http://carnaval.uol.com.br/2014/rio-de-janeiro/noticias/2014/02/25/apos-aulas-daniela-albuquerque-esta-pronta-para-estrear-na-sapucai.htm, skipping...
[ERROR - 2025-10-21 15:22:30,463 - Worker_2] Status code == 404 for http://carnaval.uol.com.br/2014/blocos-de-rua/, skipping...
[ERROR - 2025-10-21 15:22:32,399 - Worker_3] Status code == 403 for http://blogdoperrone.blogosfera.uol.com.br/2014/02/candidato-de-oposicao-na-cbf-almoca-com-del-nero-e-candidatura-balanca-mais/, skipping...
[ERROR - 2025-10-21 15:22:32,444 - Worker_0] Status code == 404 for http://charges.uol.com.br/2014/02/26/gado-canta-esse-cara-sou-eu/, skipping...
[ERROR - 2025-10-21 15:22:35,836 - Worker_4] Failed to connect with http://natelinha.ne10.uol.com.br/noticias/2014/02/25/emissora-portuguesa-exibira-o-panico-na-band-saiba-mais-71912.php after 3 attempts, skipping...
[ERROR - 2025-10-21 15:22:36,496 - Worker_0] Status code == 403 for http://noticias.uol.com.br/cotidiano/ultimas-noticias/2014/02/25/moradores-da-favela-do-moinho-bloqueiam-via-no-centro-apos-acao-da-policia.htm, skipping...
[ERROR - 2025-10-21 15:22:37,210 - Worker_1] Status code == 404 for http://carnaval.uol.com.br/2014/recife-e-olinda/, skipping...
[ERROR - 2025-10-21 15:22:43,498 - Worker_1] Status code == 403 for http://noticias.uol.com.br/cotidiano/ultimas-noticias/2014/02/25/justica-manda-soltar-condutor-que-atropelou-10-na-vila-madalena.htm, skipping...
[ERROR - 2025-10-21 15:22:44,770 - Worker_0] Status code == 403 for http://noticias.uol.com.br/internacional/ultimas-noticias/2014/02/25/vista-do-espaco-coreia-do-norte-desaparece.htm, skipping...
[ERROR - 2025-10-21 15:22:47,419 - Worker_4] Status code == 404 for http://carnaval.uol.com.br/2014/blocos-de-rua/noticias/2014/02/25/bloco-da-favorita-traz-o-funk-carioca-com-carrossel-de-emocoes-e-marchinhas.htm, skipping...
[ERROR - 2025-10-21 15:22:50,050 - Worker_3] Status code == 403 for http://economia.uol.com.br/cotacoes/noticias/redacao/2014/01/14/consulte-cotacoes-de-dolar-e-acoes-em-tablets-e-celulares.htm, skipping...
[ERROR - 2025-10-21 15:22:50,236 - Worker_2] Status code == 403 for http://noticias.uol.com.br/cotidiano/ultimas-noticias/2014/02/25/leao-juba-que-sofreu-maus-tratos-no-ce-morre-em-santuario-ecologico.htm, skipping...
[ERROR - 2025-10-21 15:22:55,430 - Worker_0] Status code == 403 for http://blogdojuca.uol.com.br/2014/02/hernane-brocador-na-china/, skipping...
[ERROR - 2025-10-21 15:22:56,642 - Worker_1] Status code == 403 for http://noticias.uol.com.br/cotidiano/ultimas-noticias/2014/02/26/mega-sena-pode-pagar-r-7-milhoes-hoje-veja-as-dezenas-sorteadas.htm, skipping...
[ERROR - 2025-10-21 15:22:58,512 - Worker_4] Status code == 403 for http://noticias.uol.com.br/ultimas-noticias/bbc/2014/02/26/ex-general-se-entrincheira-em-caracas-contra-governo.htm, skipping...
[ERROR - 2025-10-21 15:22:59,012 - Worker_2] Status code == 403 for http://noticias.uol.com.br/ultimas-noticias/afp/2014/02/25/arca-do-tesouro-e-descoberta-por-casal-dos-eua.htm, skipping...
[ERROR - 2025-10-21 15:23:03,470 - Worker_4] Status code == 404 for http://esporte.uol.com.br/f1/ultimas-noticias/2014/02/26/williams-diz-estar-surpresa-com-primeiros-trabalhos-de-massa-na-equipe.htm, skipping...
[ERROR - 2025-10-21 15:23:05,567 - Worker_1] Status code == 403 for http://noticias.uol.com.br/album/2014/02/19/cheia-do-rio-madeira.htm?abrefoto=46, skipping...
[ERROR - 2025-10-21 15:23:07,112 - Worker_0] Status code == 404 for http://carnaval.uol.com.br/2014/sao-paulo/noticias/2014/02/26/sabrina-sato-convoca-seguidoras-a-desfilar-na-gavioes-da-fiel.htm, skipping...
[ERROR - 2025-10-21 15:23:07,531 - Worker_4] Status code == 403 for http://noticias.uol.com.br/cotidiano/ultimas-noticias/2014/02/26/empurrada-aos-trilhos-mulher-perde-o-braco-no-metro-se.htm, skipping...
[ERROR - 2025-10-21 15:23:07,671 - Worker_2] Status code == 403 for http://noticias.uol.com.br/ultimas-noticias/reuters/2014/02/26/governo-da-venezuela-enfrenta-acusacoes-de-tortura-apos-protestos.htm, skipping...
[ERROR - 2025-10-21 15:23:11,193 - Worker_0] Status code == 403 for http://noticias.uol.com.br/ultimas-noticias/redacao/2014/01/13/baixe-o-aplicativo-uol-noticias-no-ipad-iphone-e-android.htm, skipping...
[ERROR - 2025-10-21 15:23:12,375 - Worker_1] Status code == 404 for http://carnaval.uol.com.br/2014/salvador/, skipping...
[ERROR - 2025-10-21 15:23:13,947 - Worker_2] Status code == 403 for http://noticias.uol.com.br/midiaglobal/elpais/2014/02/26/familias-do-crime-organizado-disputam-mercado-do-narcotrafico-em-israel.htm, skipping...
[ERROR - 2025-10-21 15:23:14,257 - Worker_3] Status code == 404 for http://carnaval.uol.com.br/2014/sao-paulo/, skipping...
[ERROR - 2025-10-21 15:23:15,246 - Worker_0] Status code == 403 for http://noticias.uol.com.br/politica/ultimas-noticias/2014/02/26/barbosa-acusa-barroso-de-fazer-discurso-politico-e-contribuir-para-corrupcao.htm, skipping...
[ERROR - 2025-10-21 15:23:22,718 - Worker_2] Status code == 403 for http://noticias.uol.com.br/album/album-do-dia/2014/02/26/imagens-do-dia---26-de-fevereiro-de-2014.htm?abrefoto=10, skipping...
[ERROR - 2025-10-21 15:23:24,819 - Worker_4] Status code == 403 for http://noticias.uol.com.br/politica/ultimas-noticias/2014/02/26/barroso-vota-por-livrar-oito-reus-do-mensalao-da-acusacao-de-quadrilha.htm, skipping...
[ERROR - 2025-10-21 15:23:28,867 - Worker_4] Status code == 403 for http://noticias.uol.com.br/politica/ultimas-noticias/2014/02/26/petista-que-e-contrario-ao-aborto-presidira-comissao-de-direitos-humanos.htm, skipping...
[ERROR - 2025-10-21 15:23:28,971 - Worker_0] Status code == 403 for http://noticias.uol.com.br/cotidiano/ultimas-noticias/2014/02/26/mpf-faz-acordo-com-herdeiro-de-chico-xavier-para-preservar-acervo-do-medium.htm, skipping...
[ERROR - 2025-10-21 15:23:34,029 - Worker_2] Status code == 403 for http://blogdosakamoto.blogosfera.uol.com.br/2014/02/26/voce-nao-e-um-troll-entao-participe-do-concurso-o-comentario-de-ouro/, skipping...
[ERROR - 2025-10-21 15:23:37,038 - Worker_3] Status code == 404 for http://carnaval.uol.com.br/2014/rio-de-janeiro/, skipping...
[ERROR - 2025-10-21 15:23:37,384 - Worker_0] Status code == 403 for http://noticias.uol.com.br/internacional/ultimas-noticias/2014/02/26/agentes-de-inteligencia-sao-detidos-suspeitos-por-mortes-de-manifestantes-na-venezuela.htm, skipping...
[ERROR - 2025-10-21 15:23:37,816 - Worker_4] Status code == 404 for http://carnaval.uol.com.br/2014/blocos-de-rua/, skipping...
[ERROR - 2025-10-21 15:23:41,452 - Worker_0] Status code == 403 for http://noticias.uol.com.br/cotidiano/ultimas-noticias/2014/02/25/mizael-bispo-escreve-livro-e-chora-ao-falar-sobre-vida-na-prisao.htm, skipping...
[ERROR - 2025-10-21 15:23:43,394 - Worker_2] Status code == 404 for http://carnaval.uol.com.br/2014/sao-paulo/noticias/2014/02/26/miss-brasil-sobe-escadas-para-se-preparar-para-desfile-da-vai-vai.htm, skipping...
[ERROR - 2025-10-21 15:23:45,505 - Worker_0] Status code == 403 for http://noticias.uol.com.br/midiaglobal/the-international-new-york-times/2014/02/26/gracas-ao-ucranianos-ocidente-tem-chance-de-reverter-postura-a-deriva.htm, skipping...
[ERROR - 2025-10-21 15:23:46,098 - Worker_3] Status code == 404 for http://carnaval.uol.com.br/2014/recife-e-olinda/, skipping...
[ERROR - 2025-10-21 15:23:50,185 - Worker_3] Status code == 403 for http://economia.uol.com.br/noticias/redacao/2014/02/26/lucro-liquido-da-vale-despenca-9884-em-2013-para-r-115-milhoes.htm, skipping...
[ERROR - 2025-10-21 15:23:51,265 - Worker_4] Status code == 403 for http://noticias.uol.com.br/ciencia/album/2014/02/03/veja-imagens-de-ciencia-do-mes-fevereiro2014.htm?abrefoto=52, skipping...
[ERROR - 2025-10-21 15:23:55,345 - Worker_4] Status code == 403 for http://noticias.uol.com.br/midiaglobal/the-international-new-york-times/2014/02/26/presidente-de-uganda-tenta-se-manter-no-poder-a-qualquer-custo-para-o-pais.htm, skipping...
[ERROR - 2025-10-21 15:23:56,435 - Worker_0] Status code == 403 for http://uolesporte.blogosfera.uol.com.br/2014/02/26/jogador-tenta-devolver-bola-marca-gol-e-equipe-da-exemplo-de-fair-play/, skipping...
[ERROR - 2025-10-21 15:23:59,325 - Worker_3] Status code == 403 for http://noticias.uol.com.br/ciencia/ultimas-noticias/bbc/2014/02/26/cientistas-desvendam-misterio-de-cemiterio-de-baleias-em-deserto.htm, skipping...
[ERROR - 2025-10-21 15:23:59,419 - Worker_4] Status code == 403 for http://economia.uol.com.br/cotacoes/noticias/redacao/2014/01/14/consulte-cotacoes-de-dolar-e-acoes-em-tablets-e-celulares.htm, skipping...
[ERROR - 2025-10-21 15:24:00,185 - Worker_1] Status code == 404 for http://carnaval.uol.com.br/2014/rio-de-janeiro/noticias/2014/02/26/veja-a-ordem-dos-desfiles-e-horarios-das-escolas-de-samba-do-rio.htm, skipping...
[ERROR - 2025-10-21 15:24:03,469 - Worker_4] Status code == 403 for http://noticias.uol.com.br/album/album-do-dia/2014/02/26/imagens-do-dia---26-de-fevereiro-de-2014.htm?abrefoto=25, skipping...
[ERROR - 2025-10-21 15:24:03,582 - Worker_3] Status code == 404 for http://carnaval.uol.com.br/2014/sao-paulo/noticias/2014/02/26/veja-os-horarios-e-a-ordem-dos-desfiles-das-escolas-de-samba-de-sao-paulo.htm, skipping...
[ERROR - 2025-10-21 15:24:05,547 - Worker_0] Status code == 404 for http://carnaval.uol.com.br/2014/salvador/album/2014/02/27/saulo-fernandes-se-apresenta-no-carnaval-de-salvador.htm?abrefoto=10, skipping...
[ERROR - 2025-10-21 15:24:07,804 - Worker_1] Status code == 404 for http://carnaval.uol.com.br/2014/sao-paulo/noticias/2014/02/27/80-dos-ingressos-para-desfiles-de-escolas-em-sao-paulo-ja-foram-vendidos.htm, skipping...
[ERROR - 2025-10-21 15:24:10,099 - Worker_4] Status code == 404 for http://carnaval.uol.com.br/2014/blocos-de-rua/noticias/2014/02/27/bloco-punk-faz-marchinhas-de-carnaval-e-desfila-em-sp.htm, skipping...
[ERROR - 2025-10-21 15:24:10,460 - Worker_3] Status code == 403 for http://noticias.uol.com.br/saude/ultimas-noticias/bbc/2014/02/27/gra-bretanha-regulamenta-geracao-de-bebes-de-tres-pais.htm, skipping...
[ERROR - 2025-10-21 15:24:14,198 - Worker_0] Status code == 403 for http://noticias.uol.com.br/cotidiano/ultimas-noticias/2014/02/27/pms-ligam-sirene-em-congestionamento-e-sao-atacados-a-tiros-em-caxias-rj.htm, skipping...
[ERROR - 2025-10-21 15:24:14,540 - Worker_4] Status code == 404 for http://carnaval.uol.com.br/2014/salvador/album/2014/02/27/asa-de-aguia-no-carnaval-de-salvador.htm?abrefoto=1, skipping...
[ERROR - 2025-10-21 15:24:14,772 - Worker_3] Status code == 404 for http://carnaval.uol.com.br/2014/rio-de-janeiro/noticias/2014/02/27/rainha-da-vila-isabel-sabrina-sato-diz-que-se-sente-da-comunidade.htm, skipping...
[ERROR - 2025-10-21 15:24:20,051 - Worker_2] Status code == 403 for http://noticias.uol.com.br/ultimas-noticias/redacao/2014/01/13/baixe-o-aplicativo-uol-noticias-no-ipad-iphone-e-android.htm, skipping...
[ERROR - 2025-10-21 15:24:23,834 - Worker_1] Status code == 403 for http://balanacesta.blogosfera.uol.com.br/2014/02/27/ex-jogador-de-futebol-dragic-brilha-no-suns-e-exalta-neymar-e-kaka/, skipping...
[ERROR - 2025-10-21 15:24:24,204 - Worker_3] Status code == 404 for http://carnaval.uol.com.br/2014/salvador/, skipping...
[ERROR - 2025-10-21 15:24:28,169 - Worker_1] Status code == 404 for http://carnaval.uol.com.br/2014/sao-paulo/, skipping...
[ERROR - 2025-10-21 15:24:30,468 - Worker_3] Status code == 403 for http://noticias.uol.com.br/midiaglobal/nytimes/2014/02/27/veteranos-contratados-para-combater-piratas-sofrem-com-tedio.htm, skipping...
[ERROR - 2025-10-21 15:24:32,915 - Worker_0] Status code == 403 for http://noticias.uol.com.br/politica/ultimas-noticias/2014/02/27/dirceu-fica-preso-ate-marco-de-2015-delubio-e-genoino-devem-sair-neste-ano.htm, skipping...
[ERROR - 2025-10-21 15:24:34,521 - Worker_3] Status code == 403 for http://noticias.uol.com.br/cotidiano/ultimas-noticias/2014/02/27/morador-de-rua-e-linchado-apos-furtar-xampu-em-sorocaba.htm, skipping...
[ERROR - 2025-10-21 15:24:34,760 - Worker_4] Status code == 403 for http://noticias.uol.com.br/midiaglobal/lemonde/2014/02/27/refugiados-centro-africanos-enfrentam-dificuldades-no-sul-do-chade.htm, skipping...
[ERROR - 2025-10-21 15:24:36,962 - Worker_0] Status code == 403 for http://noticias.uol.com.br/politica/ultimas-noticias/2014/02/27/aviso-o-brasil-que-e-so-o-comeco-diz-barbosa-apos-derrota-no-stf.htm, skipping...
[ERROR - 2025-10-21 15:24:38,573 - Worker_3] Status code == 403 for http://noticias.uol.com.br/cotidiano/ultimas-noticias/2014/02/27/patrao-e-ex-empregado-dividem-40-mi-da-mega-sena-de-2007.htm, skipping...
[ERROR - 2025-10-21 15:24:41,401 - Worker_0] Status code == 404 for http://carnaval.uol.com.br/2014/infograficos/2014/02/24/duelo-das-rainhas-de-carnaval.htm, skipping...
[ERROR - 2025-10-21 15:24:45,941 - Worker_4] Status code == 404 for http://carnaval.uol.com.br/2014/rio-de-janeiro/, skipping...
[ERROR - 2025-10-21 15:24:47,842 - Worker_0] Status code == 403 for http://reginanavarro.blogosfera.uol.com.br/2014/02/27/nao-gosto-de-ter-que-pedir-dinheiro-para-o-meu-marido-se-eu-fosse-voce/, skipping...
[ERROR - 2025-10-21 15:24:49,161 - Worker_1] Status code == 403 for http://noticias.uol.com.br/politica/ultimas-noticias/2014/02/27/azeredo-entrega-defesa-ao-stf-sobre-mensalao-mineiro.htm, skipping...
[ERROR - 2025-10-21 15:24:50,241 - Worker_4] Status code == 404 for http://carnaval.uol.com.br/2014/salvador/album/2014/02/27/psirico-anima-carnaval-de-salvador.htm?abrefoto=3, skipping...
[ERROR - 2025-10-21 15:24:50,457 - Worker_2] Status code == 404 for http://carnaval.uol.com.br/2014/blocos-de-rua/, skipping...
[ERROR - 2025-10-21 15:24:54,315 - Worker_4] Status code == 403 for http://noticias.uol.com.br/cotidiano/ultimas-noticias/2014/02/27/mulher-que-perdeu-o-braco-quase-nunca-usava-metro-conta-namorado.htm, skipping...
[ERROR - 2025-10-21 15:24:54,500 - Worker_2] Status code == 403 for http://noticias.uol.com.br/ultimas-noticias/reuters/2014/02/27/ex-militar-que-ajudou-a-prender-saddam-disputara-eleicao-para-congresso-dos-eua.htm, skipping...
[ERROR - 2025-10-21 15:24:58,374 - Worker_1] Status code == 404 for http://carnaval.uol.com.br/2014/recife-e-olinda/, skipping...
[ERROR - 2025-10-21 15:24:58,378 - Worker_4] Status code == 403 for http://noticias.uol.com.br/politica/ultimas-noticias/2014/02/27/relatorio-denuncia-tortura-e-morte-de-rubens-paiva-por-militares.htm, skipping...
[ERROR - 2025-10-21 15:24:59,650 - Worker_3] Status code == 403 for http://noticias.uol.com.br/album/album-do-dia/2014/02/27/imagens-do-dia---27-de-fevereiro-de-2014.htm?abrefoto=47, skipping...
[ERROR - 2025-10-21 15:25:00,912 - Worker_2] Status code == 403 for http://noticias.uol.com.br/midiaglobal/nytimes/2014/02/27/ferramentas-protegem-smartphones-de-bisbilhoteiros.htm, skipping...
[ERROR - 2025-10-21 15:25:01,382 - Worker_0] Status code == 403 for http://noticias.uol.com.br/ultimas-noticias/ansa/2014/02/27/mais-um-dos-herois-cubanos-e-libertado-nos-eua.htm, skipping...
[ERROR - 2025-10-21 15:25:02,430 - Worker_1] Status code == 403 for http://noticias.uol.com.br/infograficos/2014/02/27/placar-da-absolvicao-dos-reus-do-mensalao-por-formacao-de-quadrilha.htm, skipping...
[ERROR - 2025-10-21 15:25:02,686 - Worker_4] Status code == 404 for http://carnaval.uol.com.br/2014/rio-de-janeiro/noticias/2014/02/27/depois-de-desfilar-gravida-shayene-cesario-volta-a-portela.htm, skipping...
[ERROR - 2025-10-21 15:25:06,501 - Worker_1] Status code == 403 for http://economia.uol.com.br/noticias/redacao/2014/02/27/mantega-fala-em-crescimento-moderado-para-2014-e-culpa-politica-dos-eua.htm, skipping...
[ERROR - 2025-10-21 15:25:06,735 - Worker_4] Status code == 403 for http://economia.uol.com.br/cotacoes/noticias/redacao/2014/01/14/consulte-cotacoes-de-dolar-e-acoes-em-tablets-e-celulares.htm, skipping...
[ERROR - 2025-10-21 15:25:10,579 - Worker_3] Status code == 403 for http://noticias.uol.com.br/album/album-do-dia/2014/02/27/imagens-do-dia---27-de-fevereiro-de-2014.htm?abrefoto=31, skipping...
[ERROR - 2025-10-21 15:25:11,034 - Worker_0] Status code == 403 for http://noticias.uol.com.br/cotidiano/ultimas-noticias/2014/02/27/bloco-carnavalesco-contra-cabral-e-vigiado-por-batalhao-de-grandes-eventos.htm, skipping...
[ERROR - 2025-10-21 15:25:14,966 - Worker_2] Status code == 403 for http://noticias.uol.com.br/ultimas-noticias/efe/2014/02/28/eua-estudam-mediacao-na-venezuela-com-ajuda-de-colombia-e-outros-paises.htm, skipping...
[ERROR - 2025-10-21 15:25:15,088 - Worker_0] Status code == 403 for http://noticias.uol.com.br/ultimas-noticias/efe/2014/02/28/transformacao-da-venezuela-vai-alem-de-mudanca-de-governo-diz-capriles.htm, skipping...
[ERROR - 2025-10-21 15:25:15,515 - Worker_1] Status code == 403 for http://noticias.uol.com.br/cotidiano/ultimas-noticias/2014/02/28/para-evitar-vazamento-anp-cimenta-poco-em-plataforma-de-petroleo-no-rio.htm, skipping...
[ERROR - 2025-10-21 15:25:17,264 - Worker_3] Status code == 404 for http://carnaval.uol.com.br/2014/album/2014/02/27/entenda-os-criterios-seguidos-pelos-jurados-ao-avaliar-os-quesitos-dos-desfiles.htm, skipping...
[ERROR - 2025-10-21 15:25:19,128 - Worker_0] Status code == 403 for http://noticias.uol.com.br/internacional/ultimas-noticias/2014/02/28/kiev-acusa-moscou-de-invasao-armada-na-crimeia.htm, skipping...
[ERROR - 2025-10-21 15:25:19,571 - Worker_1] Status code == 403 for http://noticias.uol.com.br/cotidiano/ultimas-noticias/2014/02/28/motoristas-sofrem-arrastao-na-padre-manoel-da-nobrega-em-cubatao.htm, skipping...
[ERROR - 2025-10-21 15:25:20,937 - Worker_4] Status code == 404 for http://jovempan.uol.com.br/entretenimento/carnaval/2014/relembre-os-melhores-micos-do-carnaval-brasileiro.html, skipping...
[ERROR - 2025-10-21 15:25:23,502 - Worker_0] Status code == 404 for http://produtos.ne10.uol.com.br/carnaval2014/2014/02/28/galo-da-madrugada-mistura-diversos-tipos-de-folioes-em-homenagem-ariano-suassuna/, skipping...
[ERROR - 2025-10-21 15:25:23,938 - Worker_3] Status code == 403 for http://noticias.uol.com.br/ultimas-noticias/redacao/2014/01/13/baixe-o-aplicativo-uol-noticias-no-ipad-iphone-e-android.htm, skipping...
[ERROR - 2025-10-21 15:25:25,785 - Worker_2] Status code == 403 for http://noticias.uol.com.br/ao-vivo/2014/02/28/siga-a-saida-para-o-carnaval-em-sp-rio-salvador-e-recife.htm, skipping...
[ERROR - 2025-10-21 15:25:25,886 - Worker_1] Status code == 403 for http://noticias.uol.com.br/cotidiano/ultimas-noticias/2014/02/28/pcc-investiu-r-500-mil-no-esquema-aereo.htm, skipping...
[ERROR - 2025-10-21 15:25:27,549 - Worker_0] Status code == 403 for http://noticias.uol.com.br/ultimas-noticias/reuters/2014/02/28/homem-declarado-morto-nos-eua-da-um-chute-e-escapa-de-saco-na-funeraria.htm, skipping...
[ERROR - 2025-10-21 15:25:27,562 - Worker_4] Status code == 404 for http://carnaval.uol.com.br/2014/salvador/, skipping...
[ERROR - 2025-10-21 15:25:28,229 - Worker_3] Status code == 404 for http://carnaval.uol.com.br/2014/sao-paulo/, skipping...
[ERROR - 2025-10-21 15:25:29,933 - Worker_1] Status code == 403 for http://noticias.uol.com.br/midiaglobal/lemonde/2014/02/28/um-ano-apos-operacao-serval-jihadistas-voltam-ao-mali.htm, skipping...
[ERROR - 2025-10-21 15:25:31,612 - Worker_4] Status code == 403 for http://noticias.uol.com.br/internacional/ultimas-noticias/2014/02/28/se-fosse-jovem-lutaria-nos-protestos-diz-ucraniano-de-80-anos-em-sp.htm, skipping...
[ERROR - 2025-10-21 15:25:33,993 - Worker_1] Status code == 403 for http://noticias.uol.com.br/ultimas-noticias/afp/2014/02/28/eua-yanukovytch-nao-tem-mais-legitimidade-para-liderar-ucrania.htm, skipping...
[ERROR - 2025-10-21 15:25:34,742 - Worker_2] Status code == 403 for http://cornetafc.blogosfera.uol.com.br/2014/02/28/conversa-de-boleiros-combinando-carnaval-bomba-no-whatsapp/, skipping...
[ERROR - 2025-10-21 15:25:38,090 - Worker_3] Status code == 404 for http://carnaval.uol.com.br/2014/carnauol/, skipping...
[ERROR - 2025-10-21 15:25:38,795 - Worker_2] Status code == 403 for http://noticias.uol.com.br/album/album-do-dia/2014/02/28/imagens-do-dia---28-de-fevereiro-de-2014.htm?abrefoto=50, skipping...
[ERROR - 2025-10-21 15:25:39,929 - Worker_4] Status code == 403 for http://noticias.uol.com.br/album/bbc/2014/02/27/fotografo-revela-melancolia-do-mundo-dos-garotos-de-programa.htm?abrefoto=4, skipping...
[ERROR - 2025-10-21 15:25:41,743 - Worker_0] Status code == 403 for http://economia.uol.com.br/noticias/redacao/2014/02/28/abercrombie-tem-queda-nas-vendas-e-vai-cortar-precos-para-tentar-sobreviver.htm, skipping...
[ERROR - 2025-10-21 15:25:45,304 - Worker_1] Status code == 403 for http://noticias.uol.com.br/album/album-do-dia/2014/02/28/imagens-do-dia---28-de-fevereiro-de-2014.htm?abrefoto=33, skipping...
[ERROR - 2025-10-21 15:25:45,479 - Worker_2] Status code == 404 for http://carnaval.uol.com.br/2014/infograficos/2014/02/25/strip-quiz---andressa-urach.htm, skipping...
[ERROR - 2025-10-21 15:25:48,172 - Worker_0] Status code == 403 for http://blogdomariomagalhaes.blogosfera.uol.com.br/2014/02/28/no-carnaval-de-cabral-epoca-revela-que-pf-descobriu-suposta-propina-de-5/, skipping...
[ERROR - 2025-10-21 15:25:49,406 - Worker_1] Status code == 403 for http://noticias.uol.com.br/saude/ultimas-noticias/redacao/2014/02/28/alcool-em-excesso-gera-alteracoes-no-cerebro-descubra-mitos-e-verdades.htm, skipping...
[ERROR - 2025-10-21 15:25:51,249 - Worker_3] Status code == 403 for http://noticias.uol.com.br/album/album-do-dia/2014/02/28/imagens-do-dia---28-de-fevereiro-de-2014.htm?abrefoto=52, skipping...
[ERROR - 2025-10-21 15:25:53,246 - Worker_4] Status code == 404 for http://carnaval.uol.com.br/2014/rio-de-janeiro/, skipping...
[ERROR - 2025-10-21 15:25:54,716 - Worker_0] Status code == 404 for http://carnaval.uol.com.br/2014/album/2014/02/28/famosos-mostram-que-estao-em-clima-de-carnaval-nas-redes-sociais.htm?abrefoto=13, skipping...
[ERROR - 2025-10-21 15:25:55,350 - Worker_2] Status code == 404 for http://carnaval.uol.com.br/2014/salvador/noticias/2014/02/28/daniela-mercury-investe-em-hits-para-agitar-folioes-em-trio-em-salvador.htm, skipping...
[ERROR - 2025-10-21 15:25:55,417 - Worker_3] Status code == 403 for http://nagradedomma.blogosfera.uol.com.br/2014/02/28/lyoto-e-sua-nova-disputa-de-cinturao, skipping...
[ERROR - 2025-10-21 15:25:57,509 - Worker_4] Status code == 404 for http://carnaval.uol.com.br/2014/blocos-de-rua/, skipping...
[ERROR - 2025-10-21 15:25:59,658 - Worker_3] Status code == 403 for http://tecnologia.uol.com.br/album/2014/02/28/aplicativos-gratis-para-smartphone-ajudam-folioes-a-curtirem-o-carnaval.htm?abrefoto=1, skipping...
[ERROR - 2025-10-21 15:26:01,087 - Worker_1] Status code == 403 for http://educacao.uol.com.br/noticias/2014/02/28/apos-decisao-da-justica-usp-leste-adia-novamente-inicio-das-aulas.htm, skipping...
[ERROR - 2025-10-21 15:26:01,993 - Worker_4] Status code == 404 for http://carnaval.uol.com.br/2014/noticias/redacao/2014/02/28/cidade-mineira-cancela-carnaval-para-pagar-gravacao-de-dvd-de-lucas-lucco.htm, skipping...
[ERROR - 2025-10-21 15:26:05,417 - Worker_2] Failed to connect with http://procurasecachorro.uol.com.br/blog/2014/02/fotografo-registra-caes-estilosos-pelas-ruas-de-ny/ after 3 attempts, skipping...
[ERROR - 2025-10-21 15:26:06,244 - Worker_4] Status code == 404 for http://carnaval.uol.com.br/2014/recife-e-olinda/, skipping...
[ERROR - 2025-10-21 15:26:09,466 - Worker_2] Status code == 403 for http://noticias.uol.com.br/midiaglobal/nytimes/2014/02/28/conhecida-pela-guerra-regiao-do-caucaso-ganha-revitalizacao-para-atrair-turistas-e-investidores.htm, skipping...
[ERROR - 2025-10-21 15:26:09,793 - Worker_1] Status code == 404 for http://carnaval.uol.com.br/2014/recife-e-olinda/album/2014/02/28/bloco-boi-marinho-abre-o-carnaval-de-rua-de-recife.htm?abrefoto=2, skipping...
[ERROR - 2025-10-21 15:26:10,364 - Worker_4] Status code == 403 for http://nagradedomma.blogosfera.uol.com.br/2014/02/27/a-briga-de-sonnen-x-wanderlei/, skipping...
[ERROR - 2025-10-21 15:26:10,508 - Worker_3] Status code == 403 for http://noticias.uol.com.br/album/2014/02/28/paquistaneses-caminham-3000-km-em-protesto-contra-sumicos-e-mortes.htm?abrefoto=1, skipping...
[ERROR - 2025-10-21 15:26:14,058 - Worker_1] Status code == 404 for http://carnaval.uol.com.br/2014/recife-e-olinda/album/2014/02/28/com-d2-nana-vasconcelos-comanda-tradicional-noite-de-maracatu-em-recife.htm?abrefoto=1, skipping...
[ERROR - 2025-10-21 15:26:16,814 - Worker_3] Status code == 403 for http://noticias.uol.com.br/midiaglobal/nytimes/2014/02/28/lider-turco-renega-legado-de-julgamentos-que-domaram-militares.htm, skipping...
[ERROR - 2025-10-21 15:26:18,094 - Worker_2] Status code == 403 for http://uolesporte.blogosfera.uol.com.br/2014/02/28/bananas-cascos-e-raio-encolhedor-patinadores-ganham-poderes-de-videogame/, skipping...
[ERROR - 2025-10-21 15:26:18,107 - Worker_1] Status code == 403 for http://noticias.uol.com.br/album/2014/02/28/movimentacao-de-carnaval.htm?abrefoto=28, skipping...
[ERROR - 2025-10-21 15:26:21,881 - Worker_4] Status code == 403 for http://noticias.uol.com.br/cotidiano/ultimas-noticias/2014/02/28/policia-de-sumare-prende-ladrao-fichado-desde-1948.htm, skipping...
[ERROR - 2025-10-21 15:26:22,172 - Worker_1] Status code == 403 for http://economia.uol.com.br/cotacoes/noticias/redacao/2014/01/14/consulte-cotacoes-de-dolar-e-acoes-em-tablets-e-celulares.htm, skipping...
[ERROR - 2025-10-21 15:26:25,391 - Worker_0] Status code == 403 for http://noticias.uol.com.br/ultimas-noticias/afp/2014/02/28/putin-faz-apelo-para-evitar-escalada-da-situacao-na-ucrania.htm, skipping...
[ERROR - 2025-10-21 15:26:25,940 - Worker_4] Status code == 403 for http://noticias.uol.com.br/cotidiano/ultimas-noticias/2014/02/28/sp-motorista-enfrenta-transito-lento-nas-estradas-para-litoral-e-interior.htm, skipping...
[INFO - 2025-10-21 15:26:30,901 - MainThread] Processed 2471 links - 1555/2471 succeeded (62.9%).
[INFO - 2025-10-21 15:26:30,901 - MainThread] Total time taken to complete: 61min
