[INFO - 2025-10-25 19:35:05,548 - MainThread] 2041 links from 'out/uol_links/2016/2-2016.txt'.
[ERROR - 2025-10-25 19:35:15,672 - Worker_2] Status code == 403 for http://blogdorafaelreis.blogosfera.uol.com.br/2016/01/29/para-eles-e-melhor-jogar-com-pedreiros-e-eletricistas-que-ficar-no-brasil/, skipping...
[ERROR - 2025-10-25 19:35:17,573 - Worker_1] Status code == 403 for http://noticias.uol.com.br/ultimas-noticias/bbc/2016/01/31/voce-poderia-ser-espiao-tente-resolver-quebra-cabeca-de-servico-de-inteligencia-britanico.htm, skipping...
[ERROR - 2025-10-25 19:35:17,725 - Worker_0] Status code == 404 for http://entretenimento.band.uol.com.br/paniconaband/2016/aovivo.asp, skipping...
[ERROR - 2025-10-25 19:35:19,696 - Worker_4] Status code == 404 for http://carnaval.uol.com.br/2016/noticias/redacao/2016/01/31/bloco-escravos-da-maua-tem-familia-mario-bros-e-pedido-de-casamento.htm#fotoNav=2, skipping...
[ERROR - 2025-10-25 19:35:22,985 - Worker_3] Status code == 404 for http://noticias.uol.com.br/ultimas-noticias/ansa/2016/01/31/na-italia-ator-e-internado-em-uti-apos-encenar-enforcamento.jhtm, skipping...
[ERROR - 2025-10-25 19:35:24,479 - Worker_2] Status code == 403 for http://uolesporte.blogosfera.uol.com.br/2016/01/31/diego-costa-pega-adversario-pelo-pescoco-em-jogo-do-chelsea/, skipping...
[ERROR - 2025-10-25 19:35:38,145 - Worker_2] Status code == 403 for http://blogdobaldini.blogosfera.uol.com.br/2016/01/31/rumores-em-las-vegas-floyd-volta-a-lutar-e-pacquiao-mais-2-anos-com-arum/, skipping...
[ERROR - 2025-10-25 19:35:44,855 - Worker_3] Status code == 404 for http://esporte.uol.com.br/futebol/campeonatos/paulista/ultimas-noticias/2016/01/31/botafogo-sp-x-palmeiras.htm, skipping...
[ERROR - 2025-10-25 19:35:45,024 - Worker_0] Status code == 403 for http://noticias.uol.com.br/ultimas-noticias/agencia-estado/2016/01/31/sistema-cantareira-volta-a-subir-e-fecha-mes-com-454-da-capacidade.htm, skipping...
[ERROR - 2025-10-25 19:35:47,027 - Worker_2] Status code == 403 for http://noticias.uol.com.br/ultimas-noticias/agencia-estado/2016/01/31/onda-de-assassinatos-coloca-em-alerta-secretaria-de-seguranca-publica-no-parana.htm, skipping...
[ERROR - 2025-10-25 19:35:49,284 - Worker_0] Status code == 403 for http://mauriciostycer.blogosfera.uol.com.br/2016/01/29/dez-mandamentos-filme-desnuda-as-falhas-e-os-exageros-da-novela/, skipping...
[ERROR - 2025-10-25 19:35:54,006 - Worker_4] Status code == 403 for http://blogdojuca.uol.com.br/2016/01/djoko-infernal/, skipping...
[ERROR - 2025-10-25 19:35:56,244 - Worker_1] Status code == 404 for http://carnaval.uol.com.br/2016/noticias/agencia-estado/2016/01/31/com-estreia-de-gilberto-gil-bloco-da-preta-leva-meio-milhao-as-ruas-do-rio.htm, skipping...
[ERROR - 2025-10-25 19:35:58,200 - Worker_4] Status code == 403 for http://noticias.uol.com.br/midiaglobal/nytimes/2016/01/31/opiniao-nigerianos-devem-pressionar-por-distribuicao-mais-justa-da-riqueza.htm, skipping...
[ERROR - 2025-10-25 19:35:58,360 - Worker_2] Status code == 403 for http://noticias.uol.com.br/politica/ultimas-noticias/2016/01/31/grupo-de-esquerda-invade-perfis-do-vem-para-rua-e-movimento-brasil-livre.htm, skipping...
[ERROR - 2025-10-25 19:36:00,463 - Worker_1] Status code == 403 for http://noticias.uol.com.br/ultimas-noticias/bbc/2016/01/31/a-tribo-amazonica-que-nao-usa-o-conceito-de-numeros.htm, skipping...
[ERROR - 2025-10-25 19:36:09,388 - Worker_1] Status code == 403 for http://noticias.uol.com.br/ultimas-noticias/agencia-estado/2016/01/31/em-carta-lobista-preso-cita-ligacao-com-lula-como-facilitadora-de-negocio.htm, skipping...
[ERROR - 2025-10-25 19:36:18,469 - Worker_4] Status code == 403 for http://noticias.uol.com.br/ciencia/ultimas-noticias/afp/2016/02/01/reino-unido-autoriza-pela-primeira-vez-manipulacao-de-embrioes-humanos.htm, skipping...
[ERROR - 2025-10-25 19:36:23,199 - Worker_3] Status code == 403 for http://pvc.blogosfera.uol.com.br/2016/02/01/o-mal-que-a-decisao-de-guardiola-faz-ao-bayern-e-ao-manchester-city/, skipping...
[ERROR - 2025-10-25 19:36:29,690 - Worker_3] Status code == 403 for http://noticias.uol.com.br/politica/ultimas-noticias/2016/02/01/todos-adoram-kakay-e-ele-tambem.htm, skipping...
[ERROR - 2025-10-25 19:36:34,076 - Worker_4] Status code == 403 for http://noticias.uol.com.br/saude/ultimas-noticias/bbc/2016/02/01/sou-plena-feliz-e-existo-porque-minha-mae-nao-optou-pelo-aborto-diz-jornalista-com-microcefalia.htm, skipping...
[ERROR - 2025-10-25 19:36:38,316 - Worker_4] Status code == 403 for http://educacao.uol.com.br/noticias/2016/02/01/mec-divulga-lista-de-candidatos-pre-selecionados-no-fies-2016.htm, skipping...
[ERROR - 2025-10-25 19:36:43,918 - Worker_1] Status code == 404 for http://carnaval.uol.com.br/2016/noticias/agencia-estado/2016/01/31/com-fantastias-e-trajes-tipicos-comunidade-boliviana-brinca-carnaval-em-sp.htm#fotoNav=8, skipping...
[ERROR - 2025-10-25 19:36:48,091 - Worker_1] Status code == 403 for http://noticias.uol.com.br/saude/ultimas-noticias/redacao/2016/02/01/oms-declara-emergencia-internacional-por-surto-de-zika.htm, skipping...
[ERROR - 2025-10-25 19:36:52,959 - Worker_2] Status code == 403 for http://noticias.uol.com.br/internacional/ultimas-noticias/2016/02/01/menina-de-1-ano-e-2-meses-pratica-snowboard-como-gente-grande.htm, skipping...
[ERROR - 2025-10-25 19:36:55,468 - Worker_3] Status code == 403 for http://noticias.uol.com.br/ultimas-noticias/agencia-estado/2016/02/01/so-assumo-minhas-responsabilidades-diz-dirceu-ao-negar-indicacao-de-duque.htm, skipping...
[ERROR - 2025-10-25 19:36:59,357 - Worker_1] Status code == 403 for http://noticias.uol.com.br/politica/ultimas-noticias/2016/02/01/cunha-entra-com-recursos-no-stf-sobre-rito-do-impeachment.htm, skipping...
[ERROR - 2025-10-25 19:37:29,487 - Worker_4] Status code == 403 for http://blogdorafaelreis.blogosfera.uol.com.br/2016/02/01/murtosa-de-sampaoli-virou-tecnico-pela-web-e-e-desafio-para-o-palmeiras/, skipping...
[ERROR - 2025-10-25 19:37:32,409 - Worker_2] Status code == 404 for http://carnaval.uol.com.br/2016/album/2016/02/01/quem-foi-a-mais-bela-dos-blocos-do-fim-de-semana.htm, skipping...
[ERROR - 2025-10-25 19:37:36,631 - Worker_2] Status code == 403 for http://uolesporte.blogosfera.uol.com.br/2016/02/01/malcom-erra-nome-de-seu-novo-clube-em-foto-e-internautas-nao-perdoam/, skipping...
[ERROR - 2025-10-25 19:37:55,198 - Worker_1] Status code == 403 for http://mauriciostycer.blogosfera.uol.com.br/2016/01/29/dez-mandamentos-filme-desnuda-as-falhas-e-os-exageros-da-novela/, skipping...
[ERROR - 2025-10-25 19:38:04,002 - Worker_1] Status code == 403 for http://omundoemmovimento.blogosfera.uol.com.br/2016/02/01/vendas-descambam-ano-comeca-abaixo-das-expectativas/, skipping...
[ERROR - 2025-10-25 19:38:22,098 - Worker_0] Status code == 403 for http://noticias.uol.com.br/ultimas-noticias/bbc/2016/02/01/como-10-mil-criancas-imigrantes-sumiram-sem-deixar-rastro-na-europa.htm, skipping...
[ERROR - 2025-10-25 19:38:28,769 - Worker_0] Status code == 403 for http://blogdoohata.blogosfera.uol.com.br/2016/01/31/mundial-do-palmeiras-e-subaproveitado-diz-cartola-que-o-resgatou-na-fifa/, skipping...
[ERROR - 2025-10-25 19:38:33,115 - Worker_0] Status code == 403 for http://futebolemnumeros.blogosfera.uol.com.br/2016/02/01/paulistao-tem-publico-tres-vezes-maior-do-que-no-carioca/, skipping...
[ERROR - 2025-10-25 19:38:39,847 - Worker_1] Status code == 403 for http://noticias.uol.com.br/album/2016/01/03/charges-2016.htm?abrefoto=30, skipping...
[ERROR - 2025-10-25 19:38:41,075 - Worker_3] Status code == 404 for http://carnaval.uol.com.br/2016/sao-paulo/album/escolas-de-samba/2015/12/23/unidos-de-vila-maria.htm, skipping...
[ERROR - 2025-10-25 19:38:43,833 - Worker_0] Status code == 403 for http://economia.uol.com.br/noticias/redacao/2016/02/02/mp-investiga-se-cervejas-trocam-cevada-por-milho-sem-avisar-na-embalagem.htm, skipping...
[ERROR - 2025-10-25 19:38:44,168 - Worker_1] Status code == 403 for http://educacao.uol.com.br/noticias/2016/02/02/mec-revoga-medida-que-restringia-os-repasses-do-fies-as-instituicoes-privadas.htm, skipping...
[ERROR - 2025-10-25 19:38:52,929 - Worker_2] Status code == 403 for http://economia.uol.com.br/cotacoes/noticias/redacao/2016/02/01/dolar-cai-pelo-terceiro-dia-e-fecha-abaixo-de-r-4-cotado-a-r-3959.htm, skipping...
[ERROR - 2025-10-25 19:38:56,762 - Worker_3] Status code == 403 for http://economia.uol.com.br/noticias/bbc/2016/02/02/como-desconhecida-empresa-italiana-controla-mercado-global-de-oculos-escuros.htm, skipping...
[ERROR - 2025-10-25 19:38:57,760 - Worker_1] Status code == 403 for http://noticias.uol.com.br/cotidiano/ultimas-noticias/2016/02/02/comerciante-sobrevive-apos-ventania-que-o-arremessou-de-telhado-em-sc.htm, skipping...
[ERROR - 2025-10-25 19:38:57,769 - Worker_4] Status code == 403 for http://noticias.uol.com.br/politica/ultimas-noticias/2016/02/02/dilma-mensagem-ao-congresso.htm, skipping...
[ERROR - 2025-10-25 19:39:02,067 - Worker_1] Status code == 403 for http://josiasdesouza.blogosfera.uol.com.br/2016/02/02/falta-a-humildade-de-dilma-um-que-de-contricao/, skipping...
[ERROR - 2025-10-25 19:39:08,870 - Worker_3] Status code == 403 for http://noticias.uol.com.br/midiaglobal/lemonde/2016/02/02/terrorismo-retratado-em-filmes-e-mal-aceito-pelos-cinemas-franceses.htm, skipping...
[ERROR - 2025-10-25 19:39:13,185 - Worker_3] Status code == 403 for http://mauriciostycer.blogosfera.uol.com.br/2016/02/02/gugu-ainda-da-tempo-de-desistir-de-abrir-o-mausoleu-de-dercy/, skipping...
[ERROR - 2025-10-25 19:39:13,538 - Worker_1] Status code == 404 for http://esporte.uol.com.br/f1/ultimas-noticias/2016/02/02/renault-divulga-primeiras-imagens-de-carro-para-temporada-2016-da-formula-1.htm, skipping...
[ERROR - 2025-10-25 19:39:17,425 - Worker_3] Status code == 403 for http://educacao.uol.com.br/noticias/2016/02/02/pre-selecionados-do-fies-devem-concluir-inscricao-no-site-ate-sabado.htm, skipping...
[ERROR - 2025-10-25 19:39:17,709 - Worker_1] Status code == 403 for http://noticias.uol.com.br/cotidiano/ultimas-noticias/2016/02/02/veja-os-numeros-sorteados-da-mega-sena-nesta-terca-feira.htm, skipping...
[ERROR - 2025-10-25 19:39:18,205 - Worker_0] Status code == 404 for http://carnaval.uol.com.br/2016/album/2016/02/02/porta-bandeira-da-vai-vai-se-mantem-em-forma-com-muay-thai.htm?abrefoto=12, skipping...
[ERROR - 2025-10-25 19:39:21,884 - Worker_1] Status code == 403 for http://noticias.uol.com.br/ultimas-noticias/agencia-estado/2016/02/02/dilma-diz-que-reforma-da-previdencia-sera-exequivel-e-justa-para-os-brasileiros.htm, skipping...
[ERROR - 2025-10-25 19:39:29,412 - Worker_1] Status code == 500 for http://musica.uol.com.br/noticias/redacao/2016/02/02/o-novo-cd-de-rihanna-nao-e-de-balada-mas-tudo-bem-saiba-como-curti-lo.htm, skipping...
[ERROR - 2025-10-25 19:39:30,709 - Worker_3] Status code == 403 for http://noticias.uol.com.br/saude/ultimas-noticias/bbc/2016/02/02/aborto-ja-e-livre-no-brasil-proibir-e-punir-quem-nao-tem-dinheiro-diz-drauzio-varella.htm, skipping...
[ERROR - 2025-10-25 19:39:39,480 - Worker_3] Status code == 403 for http://noticias.uol.com.br/saude/ultimas-noticias/redacao/2016/02/02/conheca-a-maratona-medica-que-bebes-com-microcefalia-e-os-pais-enfrentam.htm, skipping...
[ERROR - 2025-10-25 19:39:51,724 - Worker_0] Failed to connect with http://paranaportal.uol.com.br/blog/2016/02/02/moro-suspende-acao-penal-contra-ex-executivos-da-odebrecht/ after 3 attempts, skipping...
[ERROR - 2025-10-25 19:39:55,961 - Worker_0] Status code == 403 for http://noticias.uol.com.br/internacional/ultimas-noticias/2016/02/02/aviao-faz-pouso-de-emergencia-na-somalia-com-buraco-na-fuselagem.htm, skipping...
[ERROR - 2025-10-25 19:39:59,841 - Worker_3] Failed to connect with http://procurasecachorro.uol.com.br/blog/2016/02/02/e-carnaval-selecionamos-as-25-fantasias-de-cachorro-mais-fofas-do-instagram/ after 3 attempts, skipping...
[ERROR - 2025-10-25 19:40:00,205 - Worker_0] Status code == 403 for http://futebolemnumeros.blogosfera.uol.com.br/2016/02/02/brasileiros-tem-melhor-desempenho-na-fase-pre-libertadores/, skipping...
[ERROR - 2025-10-25 19:40:04,640 - Worker_3] Status code == 404 for http://esporte.uol.com.br/f1/ultimas-noticias/2016/02/02/rei-dos-memes-maldonado-deixa-a-f-1-com-acidentes-e-punicoes-no-curriculo.htm, skipping...
[ERROR - 2025-10-25 19:40:07,088 - Worker_4] Status code == 403 for http://rodrigomattos.blogosfera.uol.com.br/2016/02/02/com-grupo-santos-acerta-com-esporte-interativo-por-nacional-falta-assinar/, skipping...
[ERROR - 2025-10-25 19:40:08,824 - Worker_0] Status code == 403 for http://uolesportevetv.blogosfera.uol.com.br/2016/02/02/casagrande-questiona-amor-de-robinho-pelo-santos-acho-meio-esquisito/, skipping...
[ERROR - 2025-10-25 19:40:13,037 - Worker_0] Status code == 403 for http://blogdobaldini.blogosfera.uol.com.br/2016/02/02/raphael-zumbano-x-lino-barros-dia-23-de-abril-o-boxe-brasileiro-agradece/, skipping...
[ERROR - 2025-10-25 19:40:20,332 - Worker_0] Status code == 403 for http://economia.uol.com.br/noticias/efe/2016/02/02/argentina-fecha-pre-acordo-com-credores-italianos-por-us-900-milhoes.htm, skipping...
[ERROR - 2025-10-25 19:40:34,954 - Worker_2] Status code == 403 for http://blogdojuca.uol.com.br/2016/02/qual-e-a-do-agente-garcia/, skipping...
[ERROR - 2025-10-25 19:40:36,327 - Worker_4] Status code == 403 for http://blogdobrito.blogosfera.uol.com.br/2016/02/02/iraquianos-pedem-fim-de-tiros-de-metralhadora-para-comemorar-vaga-na-rio-16/, skipping...
[ERROR - 2025-10-25 19:40:43,241 - Worker_4] Status code == 403 for http://economia.uol.com.br/empregos-e-carreiras/noticias/redacao/2016/02/02/trabalhou-antes-de-1988-voce-pode-ter-valores-a-receber-do-fundo-pispasep.htm, skipping...
[ERROR - 2025-10-25 19:40:47,487 - Worker_4] Status code == 403 for http://noticias.uol.com.br/saude/ultimas-noticias/redacao/2016/02/03/dilma-faz-pronunciamento-sobre-o-zika-e-pede-ajuda-no-combate.htm, skipping...
[ERROR - 2025-10-25 19:41:12,580 - Worker_4] Status code == 500 for http://entretenimento.uol.com.br/noticias/redacao/2016/02/03/exposicao-no-mis-destaca-genialidade-criativa-de-tim-burton.htm#fotoNav=3, skipping...
[ERROR - 2025-10-25 19:41:25,234 - Worker_4] Status code == 403 for http://noticias.uol.com.br/album/album-do-dia/2016/02/02/imagens-do-dia---2-de-fevereiro-de-2016.htm?abrefoto=12, skipping...
[ERROR - 2025-10-25 19:41:25,863 - Worker_0] Status code == 403 for http://noticias.uol.com.br/politica/ultimas-noticias/2016/02/03/pronunciamento-da-dilma-contra-o-zika.htm, skipping...
[ERROR - 2025-10-25 19:41:31,842 - Worker_3] Status code == 403 for http://blogdomenon.blogosfera.uol.com.br/2016/02/03/corinthians-com-bradesco-caixa-no-sao-paulo-danca-de-cadeiras/, skipping...
[ERROR - 2025-10-25 19:41:32,314 - Worker_0] Status code == 403 for http://balanacesta.blogosfera.uol.com.br/2016/02/03/como-nos-velhos-tempos-kobe-brilha-faz-38-pontos-e-lakers-vencem/, skipping...
[ERROR - 2025-10-25 19:41:49,878 - Worker_0] Status code == 403 for http://blogdoohata.blogosfera.uol.com.br/2016/02/03/neto-de-ex-jogador-da-selecao-brasileira-lanca-bom-senso-dos-torcedores/, skipping...
[ERROR - 2025-10-25 19:42:02,292 - Worker_2] Status code == 404 for http://carnaval.uol.com.br/2016/album/2016/02/03/vestido-de-rei-carlinhos-brown-participa-da-abertura-oficial-do-carnaval-em-salvador.htm?abrefoto=1, skipping...
[ERROR - 2025-10-25 19:42:06,208 - Worker_1] Status code == 403 for http://noticias.uol.com.br/saude/ultimas-noticias/redacao/2016/02/03/microcefalia-cria-dilema-para-mulheres-brasileiras-abortar-ou-nao.htm, skipping...
[ERROR - 2025-10-25 19:42:13,507 - Worker_3] Status code == 404 for http://carnaval.uol.com.br/2016/noticias/redacao/2016/02/03/com-abadas-em-baixa-trio-sem-cordas-ganha-espaco-no-carnaval-de-salvador.htm, skipping...
[ERROR - 2025-10-25 19:42:17,706 - Worker_3] Status code == 403 for http://noticias.uol.com.br/politica/ultimas-noticias/2016/02/03/secretarios-de-mg-tem-supersalarios-com-aumento-de-rendimentos-em-conselhos.htm, skipping...
[ERROR - 2025-10-25 19:42:20,718 - Worker_4] Status code == 403 for http://blogdoperrone.blogosfera.uol.com.br/2016/02/veja-como-concorrente-mina-globo-em-conversas-com-clubes/, skipping...
[ERROR - 2025-10-25 19:42:21,914 - Worker_3] Status code == 403 for http://noticias.uol.com.br/ultimas-noticias/agencia-estado/2016/02/03/samarco-vale-e-bhp-billiton-pedem-nova-prorrogacao-para-deposito-de-r-2-bi.htm, skipping...
[ERROR - 2025-10-25 19:42:27,218 - Worker_4] Status code == 403 for http://noticias.uol.com.br/album/album-do-dia/2016/02/03/imagens-do-dia---3-de-fevereiro-de-2016.htm?abrefoto=16, skipping...
[ERROR - 2025-10-25 19:42:28,395 - Worker_3] Status code == 403 for http://noticias.uol.com.br/midiaglobal/lemonde/2016/02/03/ira-recruta-afegaos-xiitas-para-combater-na-siria.htm, skipping...
[ERROR - 2025-10-25 19:42:41,101 - Worker_4] Status code == 403 for http://josiasdesouza.blogosfera.uol.com.br/2016/02/03/hipotese-de-renan-virar-reu-preocupa-planalto/, skipping...
[ERROR - 2025-10-25 19:42:41,252 - Worker_2] Status code == 403 for http://blogdobloco.blogosfera.uol.com.br/2016/02/03/em-sp-prefeitura-faz-campanha-contra-violencia-sexual-no-carnaval/, skipping...
[ERROR - 2025-10-25 19:42:58,737 - Worker_0] Status code == 403 for http://paginacinco.blogosfera.uol.com.br/2016/02/03/lygia-fagundes-telles-e-indicada-ao-nobel-de-literatura/, skipping...
[ERROR - 2025-10-25 19:43:05,834 - Worker_0] Status code == 404 for http://cenapop.virgula.uol.com.br/2016/02/03/106440-solteirissima-aos-50-anos-isadora-ribeiro-posa-de-maio-e-ganha-muitos-elogios/, skipping...
[ERROR - 2025-10-25 19:43:15,678 - Worker_2] Status code == 404 for http://carnaval.uol.com.br/2016/noticias/agencia-estado/2016/02/03/com-harmonia-sambistas-levam-vida-dupla-em-sp-e-no-rio.htm, skipping...
[ERROR - 2025-10-25 19:43:16,078 - Worker_1] Status code == 403 for http://nagradedomma.blogosfera.uol.com.br/2016/02/04/nem-dana-white-esta-botando-muita-fe-em-mcgregor-contra-dos-anjos/, skipping...
[ERROR - 2025-10-25 19:43:19,935 - Worker_2] Status code == 403 for http://educacao.uol.com.br/noticias/agencia-estado/2016/02/04/apos-protestos-alckmin-recorrera-a-youtubers-para-defender-reorganizacao.htm, skipping...
[ERROR - 2025-10-25 19:43:22,621 - Worker_1] Status code == 403 for http://mauriciostycer.blogosfera.uol.com.br/2016/02/04/depois-de-abrir-mausoleu-de-dercy-gugu-fica-as-escuras-no-estudio/, skipping...
[ERROR - 2025-10-25 19:43:29,597 - Worker_2] Status code == 403 for http://blogdobaldini.blogosfera.uol.com.br/2016/02/04/xeque-dos-emirados-oferece-us-120-mi-para-fury-x-klitschko-ser-em-um-iate/, skipping...
[ERROR - 2025-10-25 19:43:33,983 - Worker_2] Status code == 403 for http://noticias.uol.com.br/ultimas-noticias/agencia-estado/2016/02/04/grupo-de-matadores-e-responsavel-por-mortes-na-zona-sul-diz-policia.htm, skipping...
[ERROR - 2025-10-25 19:43:40,531 - Worker_0] Status code == 404 for http://carnaval.uol.com.br/2016/noticias/redacao/2016/02/03/samba-e-o-mais-carnavalesco-dos-ritmos-axe-nao-e-preferido-nem-em-salvador.htm, skipping...
[ERROR - 2025-10-25 19:43:44,795 - Worker_0] Status code == 403 for http://doutorjairo.blogosfera.uol.com.br/2016/02/04/cozinha-suja-faz-a-gente-comer-mais-mostra-experimento/, skipping...
[ERROR - 2025-10-25 19:43:59,165 - Worker_3] Status code == 403 for http://noticias.uol.com.br/saude/ultimas-noticias/redacao/2016/02/04/nao-e-so-microcefalia-zika-pode-estar-associada-a-mais-lesoes-neurologicas.htm, skipping...
[ERROR - 2025-10-25 19:44:05,649 - Worker_3] Status code == 403 for http://noticias.uol.com.br/album/album-do-dia/2016/02/04/imagens-do-dia---4-de-fevereiro-de-2016.htm?abrefoto=11, skipping...
[ERROR - 2025-10-25 19:44:10,699 - Worker_2] Status code == 404 for http://carnaval.uol.com.br/2016/album/2016/02/04/wesley-safadao-canta-hits-em-sua-estreia-no-carnaval-de-salvador.htm?abrefoto=2, skipping...
[ERROR - 2025-10-25 19:44:11,249 - Worker_0] Status code == 403 for http://noticias.uol.com.br/ciencia/ultimas-noticias/bbc/2016/02/04/cientistas-desvendam-misterio-de-criatura-marinha-que-lembra-meia-roxa-suja.htm, skipping...
[ERROR - 2025-10-25 19:44:19,550 - Worker_2] Status code == 403 for http://noticias.uol.com.br/cotidiano/ultimas-noticias/2016/02/04/confira-os-numeros-da-mega-sena-nesta-quinta-feira.htm, skipping...
[ERROR - 2025-10-25 19:44:23,876 - Worker_2] Status code == 403 for http://oblogdorugbi.blogosfera.uol.com.br/2016/02/04/brasil-aposta-em-trabalho-duro-para-repetir-vitoria-historica-contra-chile/, skipping...
[ERROR - 2025-10-25 19:44:26,414 - Worker_3] Status code == 403 for http://mauriciostycer.blogosfera.uol.com.br/2016/02/04/emilio-surita-assistiu-a-volta-do-panico-na-plateia/, skipping...
[ERROR - 2025-10-25 19:44:36,462 - Worker_2] Status code == 403 for http://blogdobrito.blogosfera.uol.com.br/2016/02/04/apos-foto-sensual-e-jogos-de-inverno-esquiadora-vem-ao-rio-fazer-historia, skipping...
[ERROR - 2025-10-25 19:44:40,822 - Worker_4] Failed to connect with http://paranaportal.uol.com.br/blog/2016/02/04/motoristas-do-parana-e-de-sao-paulo-conseguem-direito-de-nao-pagar-pedagio/ after 3 attempts, skipping...
[ERROR - 2025-10-25 19:44:44,049 - Worker_2] Status code == 404 for http://esporte.uol.com.br/f1/ultimas-noticias/2016/02/04/noticias-sobre-schumacher-nao-sao-boas-diz-ex-presidente-da-ferrari.htm, skipping...
[ERROR - 2025-10-25 19:44:45,059 - Worker_4] Status code == 403 for http://fernandorodrigues.blogosfera.uol.com.br/2016/02/04/pgr-vence-metade-das-acoes-que-propoe-ao-supremo-mostra-estudo-da-fgv/, skipping...
[ERROR - 2025-10-25 19:44:46,659 - Worker_3] Status code == 404 for http://futebol.placar.esporte.uol.com.br/futebol/paulista/2016/02/04/palmeiras-x-sao-bento.htm, skipping...
[ERROR - 2025-10-25 19:44:49,407 - Worker_0] Status code == 403 for http://noticias.uol.com.br/cotidiano/ultimas-noticias/2016/02/04/vitimas-da-lama-protestam-contra-mudanca-de-acoes-para-justica-federal.htm, skipping...
[ERROR - 2025-10-25 19:44:50,821 - Worker_3] Status code == 403 for http://noticias.uol.com.br/cotidiano/ultimas-noticias/2016/02/04/aviao-decola-para-o-rj-e-passageiros-sao-esquecidos-em-aeroporto.htm, skipping...
[ERROR - 2025-10-25 19:44:55,163 - Worker_4] Failed to connect with http://carnaval.ne10.uol.com.br/2016/02/04/galo-sobe-e-mostra-imponencia-da-ponte-duarte-coelho/ after 3 attempts, skipping...
[ERROR - 2025-10-25 19:44:58,854 - Worker_2] Status code == 403 for http://noticias.uol.com.br/midiaglobal/lemonde/2016/02/04/o-estudante-que-queria-matar-judeus.htm, skipping...
[ERROR - 2025-10-25 19:45:03,124 - Worker_2] Status code == 403 for http://josiasdesouza.blogosfera.uol.com.br/2016/02/04/mpf-reabre-o-inquerito-sobre-os-cacas-gripen/, skipping...
[ERROR - 2025-10-25 19:45:09,645 - Worker_3] Status code == 403 for http://noticias.uol.com.br/saude/ultimas-noticias/estado/2016/02/04/paciente-foi-infectado-com-zika-dengue-e-chikungunya-ao-mesmo-tempo.htm, skipping...
[ERROR - 2025-10-25 19:45:15,653 - Worker_2] Failed to connect with http://paranaportal.uol.com.br/blog/2016/02/04/defesa-de-carli-filho-diz-que-mpf-fez-analise-serena-em-apoio-a-suspensao-de-juri/ after 3 attempts, skipping...
[ERROR - 2025-10-25 19:45:44,105 - Worker_3] Status code == 404 for http://carnaval.uol.com.br/2016/noticias/redacao/2016/02/05/por-onde-andam-os-compositores-do-carnaval-baiano.htm, skipping...
[ERROR - 2025-10-25 19:46:03,598 - Worker_0] Status code == 403 for http://josiasdesouza.blogosfera.uol.com.br/2016/02/05/ministro-do-stf-faz-campanha-contra-voto-nulo/, skipping...
[ERROR - 2025-10-25 19:46:16,865 - Worker_4] Status code == 404 for http://carnaval.uol.com.br/2016/noticias/redacao/2016/02/04/ivete-sangalo-puxa-trio-sem-cordas-em-salvador-estou-com-fogo-no-corpo.htm, skipping...
[ERROR - 2025-10-25 19:46:18,707 - Worker_3] Status code == 404 for http://carnaval.uol.com.br/2016/noticias/redacao/2016/02/05/em-recife-gravidas-usam-fantasia-com-mosquiteiros-contra-o-zika.htm, skipping...
[ERROR - 2025-10-25 19:46:21,103 - Worker_4] Status code == 403 for http://noticias.uol.com.br/ultimas-noticias/agencia-estado/2016/02/05/procuradoria-pede-quebra-do-sigilo-bancario-e-fiscal-de-fernando-capez.htm, skipping...
[ERROR - 2025-10-25 19:46:27,384 - Worker_2] Status code == 403 for http://noticias.uol.com.br/saude/ultimas-noticias/estado/2016/02/05/mutirao-de-catarata-deixa-pacientes-cegos-em-sao-bernardo-do-campo.htm, skipping...
[ERROR - 2025-10-25 19:46:27,571 - Worker_3] Status code == 403 for http://noticias.uol.com.br/ultimas-noticias/agencia-estado/2016/02/05/preocupada-com-zika-dilma-pede-que-ministros-encurtem-carnaval-e-marca-reuniao.htm, skipping...
[ERROR - 2025-10-25 19:46:31,803 - Worker_3] Status code == 403 for http://blogdomenon.blogosfera.uol.com.br/2016/02/05/balbuena-timao-e-sao-paulo-capitalismo-ou-falta-de-etica/, skipping...
[ERROR - 2025-10-25 19:46:36,192 - Worker_3] Status code == 403 for http://blogdorafaelreis.blogosfera.uol.com.br/2016/02/05/argentina-tem-15-tecnicos-na-libertadores-brasil-so-3/, skipping...
[ERROR - 2025-10-25 19:46:42,649 - Worker_3] Status code == 403 for http://noticias.uol.com.br/album/2016/01/06/olho-magico-2016.htm?fotoNavId=pr3f5e98a36dd5bf64c9854699a61b1f20160205, skipping...
[ERROR - 2025-10-25 19:46:49,060 - Worker_1] Status code == 403 for http://noticias.uol.com.br/midiaglobal/nytimes/2016/02/05/opiniao-duas-perguntas-para-bernie-sanders.htm, skipping...
[ERROR - 2025-10-25 19:47:07,825 - Worker_4] Status code == 404 for http://carnaval.uol.com.br/2016/noticias/redacao/2016/02/05/nao-gosto-dessa-invasao-de-ritmos-no-carnaval-baiano-diz-marcia-freire.htm, skipping...
[ERROR - 2025-10-25 19:47:13,428 - Worker_4] Status code == 404 for http://esporte.uol.com.br/f1/ultimas-noticias/2016/02/05/chefe-da-renault-defende-corrida-no-sabado-e-cobra-mais-ousadia-na-f-1.htm, skipping...
[ERROR - 2025-10-25 19:47:13,454 - Worker_2] Status code == 404 for http://carnaval.uol.com.br/2016/album/2016/02/05/com-chuva-anhembi-tera-a-primeira-noite-de-desfiles.htm?abrefoto=2, skipping...
[ERROR - 2025-10-25 19:47:17,222 - Worker_3] Status code == 404 for http://carnaval.uol.com.br/2016/album/2016/02/05/veja-fotos-dos-trios-blocos-e-shows-do-3-dia-do-carnaval-de-salvador.htm?abrefoto=23, skipping...
[ERROR - 2025-10-25 19:47:17,666 - Worker_4] Status code == 403 for http://noticias.uol.com.br/album/album-do-dia/2016/02/05/imagens-do-dia---5-de-fevereiro-de-2016.htm?abrefoto=7, skipping...
[ERROR - 2025-10-25 19:47:21,839 - Worker_4] Status code == 403 for http://noticias.uol.com.br/ultimas-noticias/agencia-estado/2016/02/05/compra-de-sitio-em-atibaia-foi-lavrada-em-escritorio-do-compadre-de-lula.htm, skipping...
[ERROR - 2025-10-25 19:47:26,045 - Worker_4] Status code == 403 for http://noticias.uol.com.br/ultimas-noticias/bbc/2016/02/05/tim-vickery-pela-felicidade-no-carnaval-ate-a-proxima-conta-de-luz.htm, skipping...
[ERROR - 2025-10-25 19:47:36,735 - Worker_3] Status code == 403 for http://economia.uol.com.br/noticias/redacao/2016/02/05/vw-adia-divulgacao-de-balanco-apos-escandalo-de-fraude-em-motores-a-diesel.htm, skipping...
[ERROR - 2025-10-25 19:47:41,169 - Worker_3] Status code == 503 for http://cenapop.virgula.uol.com.br/2016/02/05/106733-juliana-paes-relembra-sua-primeira-vez-no-sambodromo-fiquei-arrepiada/, skipping...
[ERROR - 2025-10-25 19:47:52,745 - Worker_3] Status code == 404 for http://entretenimento.band.uol.com.br/bandfolia/2016/noticias/100000792929/taca-taca-e-uma-musica-sem-rotulos-diz-marcio-victor.html, skipping...
[ERROR - 2025-10-25 19:47:53,429 - Worker_2] Status code == 404 for http://carnaval.uol.com.br/2016/album/2016/02/05/veja-fotos-dos-trios-blocos-e-shows-do-3-dia-do-carnaval-de-salvador.htm?abrefoto=9, skipping...
[ERROR - 2025-10-25 19:47:53,763 - Worker_1] Status code == 404 for http://carnaval.uol.com.br/2016/noticias/redacao/2016/02/05/carnaval-de-sp-comeca-hoje-com-gavioes-e-tempo-fechado-ha-ingressos.htm, skipping...
[ERROR - 2025-10-25 19:47:58,246 - Worker_1] Status code == 403 for http://nagradedomma.blogosfera.uol.com.br/2016/02/05/ha-cinco-anos-um-chute-mudou-a-historia-do-ufc/, skipping...
[ERROR - 2025-10-25 19:48:00,407 - Worker_4] Status code == 404 for http://carnaval.uol.com.br/2016/album/2016/02/05/veja-fotos-dos-trios-blocos-e-shows-do-3-dia-do-carnaval-de-salvador.htm?abrefoto=30, skipping...
[ERROR - 2025-10-25 19:48:05,511 - Worker_4] Status code == 404 for http://esporte.uol.com.br/f1/ultimas-noticias/2016/02/05/f-1-nunca-teve-tantos-filhos-de-ex-pilotos-mas-isso-nao-garante-sucesso.htm, skipping...
[ERROR - 2025-10-25 19:48:11,127 - Worker_0] Status code == 404 for http://carnaval.uol.com.br/2016/album/2016/02/05/bloco-das-carmelitas-desfila-pelas-ruas-de-santa-teresa-no-rio-de-janeiro.htm?abrefoto=15, skipping...
[ERROR - 2025-10-25 19:48:14,589 - Worker_4] Status code == 403 for http://andrerocha.blogosfera.uol.com.br/2016/02/05/nene-parece-inesgotavel-no-vasco-mas-precisa-ser-mais-cuidado/, skipping...
[ERROR - 2025-10-25 19:48:16,425 - Worker_1] Status code == 403 for http://nilsonxavier.blogosfera.uol.com.br/2016/02/05/divertido-nucleo-caipira-de-eta-mundo-bom-e-o-grande-destaque-da-novela/, skipping...
[ERROR - 2025-10-25 19:48:18,624 - Worker_0] Status code == 500 for http://tvefamosos.uol.com.br/bbb/bbb16/album/2016/02/03/veja-imagens-da-terceira-semana-no-bbb16.htm?abrefoto=178, skipping...
[ERROR - 2025-10-25 19:48:18,793 - Worker_4] Status code == 403 for http://noticias.uol.com.br/saude/ultimas-noticias/bbc/2016/02/04/6-alimentos-que-um-especialista-em-seguranca-alimentar-diz-que-nunca-comeria.htm, skipping...
[ERROR - 2025-10-25 19:48:27,848 - Worker_0] Status code == 403 for http://noticias.uol.com.br/internacional/ultimas-noticias/2016/02/05/twitter-fechou-125-mil-contas-por-apologia-a-terrorismo-desde-meados-de-2015.htm, skipping...
[ERROR - 2025-10-25 19:48:28,938 - Worker_4] Failed to connect with http://carnaval.ne10.uol.com.br/2016/02/05/ao-vivo-show-de-nana-e-batuqueiros-diretamente-do-marco-zero/ after 3 attempts, skipping...
[ERROR - 2025-10-25 19:48:33,104 - Worker_4] Status code == 403 for http://noticias.uol.com.br/saude/ultimas-noticias/estado/2016/02/05/usp-acompanhara-3-mil-gravidas-para-tracar-relacao-zika-e-microcefalia.htm, skipping...
[ERROR - 2025-10-25 19:48:34,757 - Worker_3] Status code == 404 for http://carnaval.uol.com.br/2016/noticias/redacao/2016/02/05/aprenda-a-dancar-paredao-metralhadora-hit-do-carnaval-2016.htm, skipping...
[ERROR - 2025-10-25 19:48:35,363 - Worker_2] Status code == 404 for http://carnaval.uol.com.br/2016/album/2016/02/05/veja-fotos-dos-trios-blocos-e-shows-no-2-dia-do-carnaval-de-salvador.htm?abrefoto=17, skipping...
[ERROR - 2025-10-25 19:48:43,152 - Worker_4] Failed to connect with http://carnaval.ne10.uol.com.br/2016/02/05/sob-a-regencia-de-nana-vasconcelos-recife-ja-pulsa-carnaval/ after 3 attempts, skipping...
[ERROR - 2025-10-25 19:48:47,340 - Worker_4] Status code == 403 for http://noticias.uol.com.br/ultimas-noticias/agencia-estado/2016/02/06/assessor-do-instituto-lula-nao-responde-a-questionamentos.htm, skipping...
[ERROR - 2025-10-25 19:48:51,497 - Worker_4] Status code == 403 for http://noticias.uol.com.br/album/bbc/2016/02/05/fotografo-faz-incriveis-imagens-nadando-com-gazelas-elefantes-e-tubaroes.htm?abrefoto=11, skipping...
[ERROR - 2025-10-25 19:48:58,736 - Worker_4] Status code == 403 for http://noticias.uol.com.br/ultimas-noticias/agencia-estado/2016/02/06/oas-pagou-em-dinheiro-moveis-de-sitio-diz-testemunha.htm, skipping...
[ERROR - 2025-10-25 19:49:02,924 - Worker_4] Status code == 403 for http://noticias.uol.com.br/ultimas-noticias/agencia-estado/2016/02/06/forca-tarefa-da-lava-jato-apura-elo-de-teixeira-com-sitio.htm, skipping...
[ERROR - 2025-10-25 19:49:12,983 - Worker_4] Failed to connect with http://carnaval.ne10.uol.com.br/2016/02/06/4053/ after 3 attempts, skipping...
[ERROR - 2025-10-25 19:49:16,393 - Worker_2] Status code == 404 for http://carnaval.uol.com.br/2016/noticias/redacao/2016/02/06/galo-da-madrugada-deve-arrastar-2-milhoes-de-pessoas-ate-o-final-do-dia.htm, skipping...
[ERROR - 2025-10-25 19:49:16,472 - Worker_3] Status code == 404 for http://carnaval.uol.com.br/2016/sao-paulo/album/escolas-de-samba/2015/12/20/nene-de-vila-matilde.htm?abrefoto=68, skipping...
[ERROR - 2025-10-25 19:49:41,061 - Worker_0] Status code == 404 for http://carnaval.uol.com.br/2016/noticias/redacao/2016/02/06/segunda-noite-de-carnaval-no-sambodromo-de-sp-tem-desfile-da-campea-vai-vai.htm, skipping...
[ERROR - 2025-10-25 19:49:41,492 - Worker_1] Status code == 404 for http://carnaval.uol.com.br/2016/album/2016/02/06/veja-fotos-dos-trios-blocos-e-shows-no-3-dia-do-carnaval-de-salvador.htm?abrefoto=18, skipping...
[ERROR - 2025-10-25 19:49:45,303 - Worker_2] Status code == 403 for http://noticias.uol.com.br/ultimas-noticias/bbc/2016/02/06/transmissao-de-zika-por-beijo-nao-esta-comprovada-diz-infectologista.htm, skipping...
[ERROR - 2025-10-25 19:49:46,277 - Worker_0] Status code == 404 for http://entretenimento.band.uol.com.br/bandfolia/2016/noticias/100000793010/saulo-se-recusa-a-cantar-, skipping...
[ERROR - 2025-10-25 19:49:47,408 - Worker_4] Status code == 404 for http://carnaval.uol.com.br/2016/listas/de-baixo-pra-cima-sabrina-sato-da-o-sangue-pela-gavioes.htm, skipping...
[ERROR - 2025-10-25 19:50:21,228 - Worker_1] Status code == 404 for http://carnaval.uol.com.br/2016/noticias/redacao/2016/02/06/foliao-beijoqueiro-surpreende-reporter-da-globo-news-em-transmissao-ao-vivo.htm, skipping...
[ERROR - 2025-10-25 19:50:24,461 - Worker_0] Status code == 403 for http://fastfut.blogosfera.uol.com.br/2016/02/06/eua-vencem-canada-em-amistoso-com-selecao-renovada/, skipping...
[ERROR - 2025-10-25 19:50:35,673 - Worker_3] Status code == 404 for http://carnaval.uol.com.br/2016/album/2016/02/06/52-banda-de-ipanema-leva-as-cores-do-arco-iris-a-zona-sul-do-rio.htm?abrefoto=1, skipping...
[ERROR - 2025-10-25 19:50:44,071 - Worker_4] Status code == 404 for http://carnaval.uol.com.br/2016/album/2016/02/06/anhembi-recebe-escolas-do-grupo-especial-para-segunda-noite-de-desfiles.htm?abrefoto=1, skipping...
[ERROR - 2025-10-25 19:51:10,015 - Worker_3] Status code == 404 for http://carnaval.uol.com.br/2016/album/2016/02/05/carnaval-recife-e-olinda-2016.htm?abrefoto=55, skipping...
[ERROR - 2025-10-25 19:51:18,459 - Worker_4] Status code == 404 for http://carnaval.uol.com.br/2016/noticias/redacao/2016/02/06/cordao-da-bola-preta-arrasta-mais-de-1-milhao-de-pessoas-no-centro-do-rio.htm, skipping...
[ERROR - 2025-10-25 19:51:22,736 - Worker_4] Status code == 403 for http://balanacesta.blogosfera.uol.com.br/2016/02/06/o-incrivel-celtics-apronta-outra-vitoria-por-um-ponto-contra-o-cavs/, skipping...
[ERROR - 2025-10-25 19:51:32,133 - Worker_4] Status code == 403 for http://noticias.uol.com.br/midiaglobal/lemonde/2016/02/06/a-ascensao-de-um-jovem-indignado-ao-parlamento-da-espanha.htm, skipping...
[ERROR - 2025-10-25 19:51:44,289 - Worker_3] Status code == 403 for http://blogdojuca.uol.com.br/2016/02/carnaval-e-com-calleri/, skipping...
[ERROR - 2025-10-25 19:51:47,700 - Worker_1] Status code == 404 for http://carnaval.uol.com.br/2016/noticias/redacao/2016/02/06/vale-a-pena-encarar-o-lado-1-vagabundo-na-relacao-folioes-respondem.htm, skipping...
[ERROR - 2025-10-25 19:51:51,881 - Worker_1] Status code == 403 for http://noticias.uol.com.br/internacional/ultimas-noticias/2016/02/06/acidente-com-aviao-pequeno-na-costa-oeste-dos-eua-mata-duas-pessoas.htm, skipping...
[ERROR - 2025-10-25 19:51:58,208 - Worker_3] Status code == 403 for http://rodrigomattos.blogosfera.uol.com.br/2016/02/06/discussao-juridica-adia-obrigacao-de-cnd-para-clubes-jogarem-competicoes/, skipping...
[ERROR - 2025-10-25 19:52:02,422 - Worker_3] Status code == 403 for http://reginanavarro.blogosfera.uol.com.br/2016/02/06/frustracao-sexual-2/, skipping...
[ERROR - 2025-10-25 19:52:04,089 - Worker_2] Status code == 404 for http://carnaval.uol.com.br/2016/noticias/agencia-estado/2016/02/06/lideres-do-carnaval-de-sp-vai-vai-e-mocidade-se-enfrentam-na-avenida.htm, skipping...
[ERROR - 2025-10-25 19:52:13,838 - Worker_4] Status code == 404 for http://carnaval.uol.com.br/2016/noticias/redacao/2016/02/06/diva-depressao-desfiles-comecam-com-muitas-gafes-micos-e-subcelebridades.htm, skipping...
[ERROR - 2025-10-25 19:52:17,922 - Worker_3] Status code == 403 for http://noticias.uol.com.br/cotidiano/ultimas-noticias/2016/02/06/veja-as-dezenas-sorteadas-na-mega-sena-premio-deve-pagar-r-3-milhoes.htm, skipping...
[ERROR - 2025-10-25 19:52:18,087 - Worker_4] Status code == 403 for http://diarionfl.blogosfera.uol.com.br/2016/02/06/analisando-o-denver-broncos-no-super-bowl-50/, skipping...
[ERROR - 2025-10-25 19:52:19,222 - Worker_0] Status code == 404 for http://carnaval.uol.com.br/2016/album/2016/02/05/famosos-curtem-o-carnaval-no-rio.htm?abrefoto=10, skipping...
[ERROR - 2025-10-25 19:52:22,254 - Worker_4] Status code == 403 for http://noticias.uol.com.br/ultimas-noticias/agencia-estado/2016/02/07/isolado-pecuarista-amigo-de-lula-ataca-caciques-do-pt.htm, skipping...
[ERROR - 2025-10-25 19:52:25,102 - Worker_3] Status code == 404 for http://entretenimento.band.uol.com.br/bandfolia/2016/noticias/100000793135/x-9-integrante-sofreu-fratura-na-coluna-vertebral.html, skipping...
[ERROR - 2025-10-25 19:52:33,939 - Worker_4] Status code == 403 for http://noticias.uol.com.br/album/album-do-dia/2016/02/07/imagens-do-dia---7-de-fevereiro-de-2016.htm?abrefoto=17, skipping...
[ERROR - 2025-10-25 19:52:38,710 - Worker_2] Status code == 404 for http://carnaval.uol.com.br/2016/album/2016/02/06/bloco-da-lama-brinca-no-mangue-e-nas-ruas-de-paraty-rj.htm?abrefoto=22, skipping...
[ERROR - 2025-10-25 19:52:59,806 - Worker_3] Status code == 404 for http://carnaval.uol.com.br/2016/noticias/redacao/2016/02/06/peruche-veta-tapa-sexo-anti-dilma-e-modelo-e-retirada-do-desfile.htm, skipping...
[ERROR - 2025-10-25 19:53:08,660 - Worker_4] Status code == 404 for http://carnaval.uol.com.br/2016/album/2016/02/07/bloco-boi-tolo-tem-travolta-confuso-leandra-leal-e-folioes-de-vera-holtz.htm?abrefoto=1, skipping...
[ERROR - 2025-10-25 19:53:08,987 - Worker_1] Status code == 403 for http://noticias.uol.com.br/saude/ultimas-noticias/redacao/2016/02/07/semelhanca-com-zika-inflou-casos-de-dengue-no-pais-em-2015.htm, skipping...
[ERROR - 2025-10-25 19:53:12,850 - Worker_4] Status code == 403 for http://rodrigomattos.blogosfera.uol.com.br/2016/02/07/com-aval-do-governo-paulista-isenta-clubes-de-certidao-fiscal-para-jogar/, skipping...
[ERROR - 2025-10-25 19:53:13,153 - Worker_1] Status code == 403 for http://noticias.uol.com.br/ultimas-noticias/agencia-estado/2016/02/07/spa-sedia-cooperativas-laranjas-em-bebedouro.htm, skipping...
[ERROR - 2025-10-25 19:53:14,879 - Worker_3] Status code == 403 for http://noticias.uol.com.br/midiaglobal/nytimes/2016/02/07/no-egito-nao-se-nega-um-convite-para-tomar-cha-com-a-seguranca-nacional.htm, skipping...
[ERROR - 2025-10-25 19:53:17,807 - Worker_2] Status code == 404 for http://carnaval.uol.com.br/2016/album/2016/02/07/menor-bloco-do-mundo-desfila-com-marionetes-pelas-ruas-de-tiradentes-mg.htm?abrefoto=12, skipping...
[ERROR - 2025-10-25 19:53:19,034 - Worker_3] Status code == 403 for http://noticias.uol.com.br/ultimas-noticias/reuters/2016/02/07/franca-restringe-doacao-de-sangue-por-causa-do-zika-virus.htm, skipping...
[ERROR - 2025-10-25 19:53:21,900 - Worker_1] Status code == 403 for http://noticias.uol.com.br/ultimas-noticias/bbc/2016/02/07/amputacoes-crucificacoes-publicas-e-degolamentos-libios-comentam-vida-sob-o-estado-islamico.htm, skipping...
[ERROR - 2025-10-25 19:53:21,981 - Worker_2] Status code == 403 for http://noticias.uol.com.br/cotidiano/ultimas-noticias/2016/02/07/rio-recolhe-136-toneladas-de-lixo-nos-desfiles-de-escolas-de-samba-e-blocos.htm, skipping...
[ERROR - 2025-10-25 19:53:28,168 - Worker_0] Status code == 404 for http://carnaval.uol.com.br/2016/noticias/redacao/2016/02/07/bumbum-na-nuca-silicone-folionas-dizem-o-que-e-preciso-para-descidinha.htm, skipping...
[ERROR - 2025-10-25 19:53:32,762 - Worker_0] Status code == 403 for http://josiasdesouza.blogosfera.uol.com.br/2016/02/07/pt-vive-drama-lula-virou-um-fardo-de-si-mesmo/, skipping...
[ERROR - 2025-10-25 19:53:49,875 - Worker_4] Status code == 404 for http://carnaval.uol.com.br/2016/listas/a-ala-das-desinibidas-7-mulheres-que-causaram-no-carnaval.htm, skipping...
[ERROR - 2025-10-25 19:53:53,622 - Worker_3] Status code == 404 for http://carnaval.uol.com.br/2016/noticias/redacao/2016/02/07/com-mel-lisboa-bloco-na-boca-do-lixo-reverencia-teatro-e-cinema-locais.htm, skipping...
[ERROR - 2025-10-25 19:53:54,155 - Worker_4] Status code == 403 for http://blogdorafaelreis.blogosfera.uol.com.br/2016/02/07/torcedores-gustavo-ja-passou-o-reveillon-vendo-futebol-por-time-japones/, skipping...
[ERROR - 2025-10-25 19:53:56,539 - Worker_2] Status code == 404 for http://carnaval.uol.com.br/2016/noticias/redacao/2016/02/07/mauro-shampoo-o-pior-jogador-de-futebol-do-mundo-ganha-bonecao-no-recife.htm, skipping...
[ERROR - 2025-10-25 19:53:56,558 - Worker_1] Status code == 404 for http://carnaval.uol.com.br/2016/noticias/redacao/2016/02/07/escolas-de-samba-do-grupo-especial-fazem-primeira-noite-de-desfiles-no-rio.htm, skipping...
[ERROR - 2025-10-25 19:54:28,568 - Worker_4] Status code == 404 for http://carnaval.uol.com.br/2016/noticias/redacao/2016/02/07/entenda-o-tradicional-baile-do-copa-em-5-fotos-de-narcisa.htm, skipping...
[ERROR - 2025-10-25 19:54:30,884 - Worker_2] Status code == 404 for http://carnaval.uol.com.br/2016/album/2016/02/07/veja-fotos-dos-trios-blocos-e-shows-no-5-dia-do-carnaval-de-salvador.htm?abrefoto=11, skipping...
[ERROR - 2025-10-25 19:54:30,895 - Worker_1] Status code == 404 for http://carnaval.uol.com.br/2016/album/2016/02/07/atras-da-zombie-walk-de-curitiba-vai-ate-quem-ja-morreu.htm?abrefoto=8, skipping...
[ERROR - 2025-10-25 19:54:37,294 - Worker_4] Status code == 404 for http://entretenimento.band.uol.com.br/bandfolia/2016/noticias/100000793112/paloma-tocci-curte-o-carnaval-em-salvador-com-o-noivo.html, skipping...
[ERROR - 2025-10-25 19:54:37,657 - Worker_1] Status code == 403 for http://noticias.uol.com.br/ultimas-noticias/efe/2016/02/07/martelly-deixa-presidencia-do-haiti-e-pede-unidade-para-superar-dificuldades.htm, skipping...
[ERROR - 2025-10-25 19:54:42,460 - Worker_0] Status code == 404 for http://carnaval.uol.com.br/2016/album/2016/02/05/carnaval-recife-e-olinda-2016.htm?abrefoto=96, skipping...
[ERROR - 2025-10-25 19:54:45,404 - Worker_2] Status code == 403 for http://noticias.uol.com.br/ultimas-noticias/afp/2016/02/07/investigacao-provoca-danca-das-cadeiras-no-nobel-de-medicina.htm, skipping...
[ERROR - 2025-10-25 19:55:16,903 - Worker_1] Status code == 404 for http://carnaval.uol.com.br/2016/album/2016/02/07/o-bloco-cordao-do-boitata-leva-folioes-ao-centro-do-rio.htm?abrefoto=22, skipping...
[ERROR - 2025-10-25 19:55:24,660 - Worker_0] Status code == 404 for http://carnaval.uol.com.br/2016/noticias/redacao/2016/02/07/diva-depressao-treta-confusao-e-protesto-anti-dilma-no-2-dia-de-desfiles.htm, skipping...
[ERROR - 2025-10-25 19:55:27,001 - Worker_4] Status code == 404 for http://carnaval.uol.com.br/2016/album/2016/02/07/qual-escola-fez-o-melhor-desfile-no-grupo-especial-de-sao-paulo.htm, skipping...
[ERROR - 2025-10-25 19:55:27,210 - Worker_2] Status code == 404 for http://carnaval.uol.com.br/2016/noticias/redacao/2016/02/07/com-dreadlocks-de-4-kg-ivete-canta-com-participantes-do-the-voice-kids.htm, skipping...
[ERROR - 2025-10-25 19:55:28,189 - Worker_1] Status code == 403 for http://noticias.uol.com.br/ultimas-noticias/agencia-estado/2016/02/08/marisa-faz-horta-e-leva-festa-para-sitio-em-atibaia.htm, skipping...
[ERROR - 2025-10-25 19:55:29,417 - Worker_3] Status code == 404 for http://carnaval.uol.com.br/2016/noticias/redacao/2016/02/07/de-expulsao-de-musa-a-paradonas-sp-teve-carnaval-para-nao-esquecer.htm, skipping...
[ERROR - 2025-10-25 19:55:32,601 - Worker_1] Status code == 403 for http://blogdorafaelreis.blogosfera.uol.com.br/2016/01/28/841/, skipping...
[ERROR - 2025-10-25 19:55:33,676 - Worker_3] Status code == 403 for http://blogdoboleiro.blogosfera.uol.com.br/2016/02/08/promotor-prega-fim-de-escolta-da-pm-as-uniformizadas-eles-que-se-matem/, skipping...
[ERROR - 2025-10-25 19:55:37,919 - Worker_3] Status code == 403 for http://uolesporte.blogosfera.uol.com.br/2016/02/08/neymar-curte-festa-em-barcelona-ao-lado-de-miss-mundo-2015/, skipping...
[ERROR - 2025-10-25 19:55:59,085 - Worker_0] Status code == 404 for http://carnaval.uol.com.br/2016/noticias/redacao/2016/02/08/fantasia-sera-criterio-de-desempate-para-as-escolas-de-samba-de-sao-paulo.htm, skipping...
[ERROR - 2025-10-25 19:56:01,339 - Worker_4] Status code == 404 for http://carnaval.uol.com.br/2016/noticias/redacao/2016/02/08/zeze-diz-que-vai-resolver-na-hora-se-graciele-desfila-ela-sofreu-ameacas.htm, skipping...
[ERROR - 2025-10-25 19:56:09,038 - Worker_2] Status code == 404 for http://carnaval.uol.com.br/2016/noticias/redacao/2016/02/08/mesmo-com-operacao-especial-vila-madalena-tem-ambulantes-sem-credenciais.htm, skipping...
[ERROR - 2025-10-25 19:56:13,238 - Worker_2] Status code == 403 for http://noticias.uol.com.br/midiaglobal/nytimes/2016/02/08/morte-de-famoso-chef-suico-ressalta-o-estresse-da-profissao.htm, skipping...
[ERROR - 2025-10-25 19:56:17,100 - Worker_3] Status code == 404 for http://carnaval.uol.com.br/2016/noticias/redacao/2016/02/08/diva-depressao-anitta-estreante-reclamacao-e-macacos-estranhos-na-sapucai.htm, skipping...
[ERROR - 2025-10-25 19:56:17,415 - Worker_2] Status code == 403 for http://noticias.uol.com.br/album/album-do-dia/2016/02/08/imagens-do-dia---8-de-fevereiro-de-2016.htm?abrefoto=6, skipping...
[ERROR - 2025-10-25 19:56:27,268 - Worker_3] Failed to connect with http://carnaval.ne10.uol.com.br/2016/02/08/ao-vivo-assista-aos-shows-no-marco-zero-nesta-segunda/ after 3 attempts, skipping...
[ERROR - 2025-10-25 19:56:50,733 - Worker_0] Status code == 403 for http://educacao.uol.com.br/noticias/2016/02/08/novo-modelo-de-gestao-de-escola-em-goias-divide-especialistas.htm, skipping...
[ERROR - 2025-10-25 19:56:51,738 - Worker_2] Status code == 404 for http://carnaval.uol.com.br/2016/album/2016/02/08/vote-na-sua-musa-favorita-da-1-noite-de-desfiles-do-rj.htm?abrefoto=3, skipping...
[ERROR - 2025-10-25 19:56:54,221 - Worker_1] Status code == 404 for http://carnaval.uol.com.br/2016/noticias/redacao/2016/02/07/em-parceria-com-a-radio-arquibancada-uol-transmite-os-desfiles-do-rio.htm, skipping...
[ERROR - 2025-10-25 19:56:55,179 - Worker_0] Status code == 403 for http://blogdoperrone.blogosfera.uol.com.br/2016/02/diretor-de-futebol-tem-dever-de-cobrar-apuracao-sobre-filho-de-lula/, skipping...
[ERROR - 2025-10-25 19:56:59,436 - Worker_0] Status code == 403 for http://doutorjairo.blogosfera.uol.com.br/2016/02/03/rituais-de-paquera-mudaram-com-a-internet-mas-nao-muito/, skipping...
[ERROR - 2025-10-25 19:57:01,653 - Worker_3] Status code == 404 for http://carnaval.uol.com.br/2016/listas/a-ala-das-desinibidas-7-mulheres-que-causaram-no-carnaval.htm, skipping...
[ERROR - 2025-10-25 19:57:31,869 - Worker_2] Status code == 404 for http://carnaval.uol.com.br/2016/noticias/redacao/2016/02/08/sabrina-sato-ja-esta-pronta-para-a-sapucai.htm, skipping...
[ERROR - 2025-10-25 19:57:43,097 - Worker_3] Status code == 404 for http://carnaval.uol.com.br/2016/noticias/redacao/2016/02/08/caboclos-de-lanca-gastam-ate-r-3-mil-em-roupas-usadas-no-carnaval.htm, skipping...
[ERROR - 2025-10-25 19:57:51,004 - Worker_4] Status code == 404 for http://carnaval.uol.com.br/2016/noticias/redacao/2016/02/08/apos-dois-desfiles-ana-hickmann-nega-ter-passado-mal-foi-emocao.htm, skipping...
[ERROR - 2025-10-25 19:57:56,472 - Worker_4] Status code == 404 for http://esporte.uol.com.br/f1/ultimas-noticias/2016/02/08/engenheiro-alfineta-ferrari-e-diz-que-massa-esta-no-mesmo-nivel-de-2008.htm, skipping...
[ERROR - 2025-10-25 19:58:06,609 - Worker_2] Status code == 404 for http://carnaval.uol.com.br/2016/noticias/redacao/2016/02/08/com-blocos-menores-vila-madalena-tem-clima-de-carnaval-de-interior.htm, skipping...
[ERROR - 2025-10-25 19:58:14,085 - Worker_0] Status code == 404 for http://carnaval.uol.com.br/2016/rio-de-janeiro/album/escolas-de-samba/2015/12/23/uniao-da-ilha.htm?abrefoto=31, skipping...
[ERROR - 2025-10-25 19:58:19,257 - Worker_4] Failed to connect with http://paranaportal.uol.com.br/blog/2016/02/08/zombie-walk-reune-15-mil-zumbis-em-curitiba/ after 3 attempts, skipping...
[ERROR - 2025-10-25 19:58:21,254 - Worker_1] Status code == 404 for http://carnaval.uol.com.br/2016/album/2016/02/05/famosos-curtem-o-carnaval-no-rio.htm?abrefoto=49, skipping...
[ERROR - 2025-10-25 19:58:25,438 - Worker_0] Status code == 403 for http://uolesporte.blogosfera.uol.com.br/2016/02/08/apresentador-flavio-canto-aparece-com-nova-companhia-no-carnaval-do-rj/, skipping...
[ERROR - 2025-10-25 19:58:41,419 - Worker_2] Status code == 404 for http://carnaval.uol.com.br/2016/album/2016/02/08/sapucai-se-prepara-para-os-desfiles-da-segunda-noite-do-carnaval-2016.htm?abrefoto=19, skipping...
[ERROR - 2025-10-25 19:58:44,405 - Worker_0] Status code == 403 for http://noticias.uol.com.br/saude/ultimas-noticias/redacao/2016/02/08/casa-branca-pede-us18-bi-ao-congresso-dos-eua-para-combater-zika.htm, skipping...
[ERROR - 2025-10-25 19:58:55,870 - Worker_1] Status code == 404 for http://carnaval.uol.com.br/2016/noticias/redacao/2016/02/08/exaltando-legado-de-arraes-vila-isabel-quer-brigar-de-novo-pelo-titulo.htm, skipping...
[ERROR - 2025-10-25 19:58:56,163 - Worker_4] Status code == 404 for http://carnaval.uol.com.br/2016/noticias/agencia-estado/2016/02/08/susana-vieira-acusa-rainhas-de-bateria-de-tirarem-casquinha-de-escolas.htm, skipping...
[ERROR - 2025-10-25 19:59:05,693 - Worker_4] Status code == 403 for http://educacao.uol.com.br/noticias/agencia-estado/2016/02/08/bullying-se-torna-debate-obrigatorio-nas-escolas-do-pais.htm, skipping...
[ERROR - 2025-10-25 19:59:12,728 - Worker_3] Status code == 404 for http://carnaval.uol.com.br/2016/album/2016/02/05/famosos-curtem-o-carnaval-no-rio.htm?abrefoto=77, skipping...
[ERROR - 2025-10-25 19:59:16,085 - Worker_2] Status code == 404 for http://carnaval.uol.com.br/2016/noticias/redacao/2016/02/08/protesto-de-ambulantes-atrasam-trios-no-principal-circuito-de-salvador.htm, skipping...
[ERROR - 2025-10-25 19:59:30,215 - Worker_1] Status code == 404 for http://carnaval.uol.com.br/2016/rio-de-janeiro/album/escolas-de-samba/2015/12/23/unidos-da-tijuca.htm?abrefoto=76, skipping...
[ERROR - 2025-10-25 19:59:30,641 - Worker_2] Status code == 403 for http://balanacesta.blogosfera.uol.com.br/2016/02/09/entendendo-a-demissao-de-derek-fisher-do-knicks-phil-jackson-agiu-bem/, skipping...
[ERROR - 2025-10-25 19:59:37,004 - Worker_1] Status code == 403 for http://noticias.uol.com.br/saude/ultimas-noticias/redacao/2016/02/09/casos-de-dengue-e-zika-levam-postos-de-ribeirao-preto-sp-ao-caos.htm, skipping...
[ERROR - 2025-10-25 19:59:43,784 - Worker_0] Status code == 404 for http://carnaval.uol.com.br/2016/album/2016/02/07/livia-andrade.htm?abrefoto=2, skipping...
[ERROR - 2025-10-25 19:59:49,376 - Worker_3] Status code == 404 for http://carnaval.uol.com.br/2016/noticias/redacao/2016/02/09/pela-primeira-vez-olodum-desfila-com-trio-sem-cordas-em-salvador.htm, skipping...
[ERROR - 2025-10-25 19:59:51,920 - Worker_4] Status code == 404 for http://carnaval.uol.com.br/2016/noticias/redacao/2016/02/09/solteiro-no-carnaval-do-rio-latino-diz-que-rayane-fez-algo-imperdoavel.htm, skipping...
[ERROR - 2025-10-25 20:00:05,202 - Worker_2] Status code == 404 for http://carnaval.uol.com.br/2016/noticias/redacao/2016/02/09/jurado-e-barrado-do-carnaval-do-rio-por-suposta-amizade-com-zeze-e-luciano.htm, skipping...
[ERROR - 2025-10-25 20:00:17,009 - Worker_1] Status code == 404 for http://carnaval.uol.com.br/2016/noticias/redacao/2016/02/09/recem-solteira-monica-iozzi-troca-beijos-com-klebber-toledo-na-sapucai.htm#fotoNav=117, skipping...
[ERROR - 2025-10-25 20:00:21,298 - Worker_1] Status code == 403 for http://mauriciostycer.blogosfera.uol.com.br/2016/02/08/vai-ficar-estranho-diz-fatima-sobre-decisao-da-globo-de-ignorar-a-vila/, skipping...
[ERROR - 2025-10-25 20:00:39,672 - Worker_2] Status code == 404 for http://carnaval.uol.com.br/2016/noticias/redacao/2016/02/09/imperio-de-casa-verde-e-campea-do-carnaval-de-sao-paulo.htm, skipping...
[ERROR - 2025-10-25 20:00:55,741 - Worker_1] Status code == 404 for http://carnaval.uol.com.br/2016/noticias/redacao/2016/02/09/incomodado-luis-roberto-manda-fatima-e-convidados-fazerem-silencio-ao-vivo.htm, skipping...
[ERROR - 2025-10-25 20:01:13,985 - Worker_2] Status code == 404 for http://carnaval.uol.com.br/2016/noticias/redacao/2016/02/09/jurado-esquece-de-dar-nota-e-imperio-de-casa-verde-e-rivais-se-revoltam.htm, skipping...
[ERROR - 2025-10-25 20:01:14,528 - Worker_4] Status code == 404 for http://carnaval.uol.com.br/2016/album/2016/02/09/dedicado-ao-artista-o-bloco-to-de-bowie-desfila-pelo-centro-de-sp.htm?abrefoto=12, skipping...
[ERROR - 2025-10-25 20:01:16,216 - Worker_0] Status code == 403 for http://noticias.uol.com.br/internacional/ultimas-noticias/the-new-york-times/2016/02/09/jovens-democratas-sao-atraidos-pelo-apelo-simples-de-bernie-sanders.htm, skipping...
[ERROR - 2025-10-25 20:01:19,042 - Worker_4] Status code == 403 for http://uolesporte.blogosfera.uol.com.br/2016/02/09/tevez-leva-la-bombonera-para-dentro-de-casa/, skipping...
[ERROR - 2025-10-25 20:01:22,895 - Worker_0] Status code == 403 for http://blogdoavallone.blogosfera.uol.com.br/2016/02/09/calleri-o-nome-do-gol/, skipping...
[ERROR - 2025-10-25 20:01:30,019 - Worker_1] Status code == 403 for http://blogdojuca.uol.com.br/2016/02/a-zika-e-a-rio-16/, skipping...
[ERROR - 2025-10-25 20:01:31,810 - Worker_3] Status code == 404 for http://carnaval.uol.com.br/2016/noticias/redacao/2016/02/09/ex-rainha-galisteu-volta-a-portela-como-musa-posso-largar-o-osso.htm, skipping...
[ERROR - 2025-10-25 20:01:36,024 - Worker_3] Status code == 403 for http://noticias.uol.com.br/internacional/ultimas-noticias/2016/02/09/trens-colidiram-em-alta-velocidade-diz-ministro-dos-transportes-da-alemanha.htm, skipping...
[ERROR - 2025-10-25 20:01:40,255 - Worker_4] Status code == 404 for http://entretenimento.band.uol.com.br/bandfolia/2016/videos/ultimos-videos/15763503/claudia-leitte-e-vingadora-cantam-metralhadora.html, skipping...
[ERROR - 2025-10-25 20:01:48,661 - Worker_2] Status code == 404 for http://carnaval.uol.com.br/2016/noticias/redacao/2016/02/09/x-9-paulistana-e-perola-sao-rebaixadas-no-carnaval-de-sao-paulo-2016.htm, skipping...
[ERROR - 2025-10-25 20:02:11,314 - Worker_1] Status code == 404 for http://carnaval.uol.com.br/2016/noticias/redacao/2016/02/09/campea-e-vice-do-acesso-em-sp-mancha-verde-e-tom-maior-voltam-a-elite.htm, skipping...
[ERROR - 2025-10-25 20:02:13,038 - Worker_3] Status code == 404 for http://carnaval.uol.com.br/2016/album/2016/02/05/famosos-curtem-o-carnaval-no-rio.htm?abrefoto=109, skipping...
[ERROR - 2025-10-25 20:02:14,600 - Worker_4] Status code == 404 for http://carnaval.uol.com.br/2016/noticias/redacao/2016/02/09/diva-depressao-sabrina-do-zodiaco-e-mangueira-com-caua-arrasam-na-sapucai.htm, skipping...
[ERROR - 2025-10-25 20:02:17,739 - Worker_0] Status code == 403 for http://blogdoohata.blogosfera.uol.com.br/2016/02/07/brasileira-mais-bem-colocada-na-sao-silvestre-e-pega-no-exame-antidoping/, skipping...
[ERROR - 2025-10-25 20:02:19,588 - Worker_3] Status code == 403 for http://noticias.uol.com.br/midiaglobal/nytimes/2016/02/09/governo-permite-a-minoria-muculmana-da-china-que-pratique-o-isla-abertamente.htm, skipping...
[ERROR - 2025-10-25 20:02:20,064 - Worker_1] Status code == 403 for http://noticias.uol.com.br/ultimas-noticias/agencia-estado/2016/02/09/reacao-a-multa-por-pancadao-causa-morte-em-piracicaba.htm, skipping...
[ERROR - 2025-10-25 20:02:23,026 - Worker_4] Status code == 403 for http://noticias.uol.com.br/album/album-do-dia/2016/02/10/imagens-do-dia---10-de-fevereiro-de-2016.htm?abrefoto=11, skipping...
[ERROR - 2025-10-25 20:02:23,056 - Worker_2] Status code == 404 for http://carnaval.uol.com.br/2016/album/2016/02/06/52-banda-de-ipanema-leva-as-cores-do-arco-iris-a-zona-sul-do-rio.htm?abrefoto=26, skipping...
[ERROR - 2025-10-25 20:02:23,753 - Worker_3] Status code == 403 for http://noticias.uol.com.br/saude/ultimas-noticias/bbc/2016/02/09/empresa-cria-dispositivo-que-promete-anular-som-de-roncos.htm, skipping...
[ERROR - 2025-10-25 20:02:24,419 - Worker_1] Status code == 403 for http://pvc.blogosfera.uol.com.br/2016/02/10/o-grande-erro-de-robinhoue-tem-v/, skipping...
[ERROR - 2025-10-25 20:02:27,196 - Worker_4] Status code == 403 for http://noticias.uol.com.br/saude/ultimas-noticias/estado/2016/02/10/teste-rapido-da-unicamp-detecta-zika-em-5-horas.htm, skipping...
[ERROR - 2025-10-25 20:02:31,774 - Worker_4] Status code == 403 for http://blogdobrito.blogosfera.uol.com.br/2016/02/10/remo-hipismo-aquaticos-rio-16-acumula-criticas-de-orgaos-internacionais/, skipping...
[ERROR - 2025-10-25 20:02:52,424 - Worker_0] Status code == 404 for http://carnaval.uol.com.br/2016/sao-paulo/album/escolas-de-samba/2015/12/20/imperio-de-casa-verde.htm?abrefoto=80, skipping...
[ERROR - 2025-10-25 20:02:56,893 - Worker_0] Status code == 404 for http://futebol.placar.esporte.uol.com.br/futebol/mineiro/2016/02/10/atletico-mg-x-caldense-mg.htm, skipping...
[ERROR - 2025-10-25 20:02:58,780 - Worker_1] Status code == 404 for http://carnaval.uol.com.br/2016/noticias/redacao/2016/02/10/mangueirense-alcione-comemora-o-titulo-de-campea-no-carnaval.htm, skipping...
[ERROR - 2025-10-25 20:03:05,191 - Worker_2] Status code == 404 for http://carnaval.uol.com.br/2016/noticias/redacao/2016/02/10/a-maioria-falou-bem-diz-viviane-araujo-sobre-polemica-com-fantasia.htm, skipping...
[ERROR - 2025-10-25 20:03:05,863 - Worker_0] Status code == 403 for http://mauriciostycer.blogosfera.uol.com.br/2016/02/10/uol-ve-tv-o-melhor-do-pior-no-carnaval-na-tv/, skipping...
[ERROR - 2025-10-25 20:03:10,126 - Worker_0] Status code == 403 for http://doutorjairo.blogosfera.uol.com.br/2016/02/10/maconha-ficou-tres-vezes-mais-potente-em-20-anos-indica-pesquisa/, skipping...
[ERROR - 2025-10-25 20:03:11,477 - Worker_4] Status code == 403 for http://noticias.uol.com.br/midiaglobal/lemonde/2016/02/10/a-guerra-das-plantas-na-industria-de-perfumes.htm, skipping...
[ERROR - 2025-10-25 20:03:44,424 - Worker_2] Status code == 404 for http://carnaval.uol.com.br/2016/noticias/redacao/2016/02/09/imperio-de-casa-verde-e-campea-do-carnaval-de-sao-paulo.htm, skipping...
[ERROR - 2025-10-25 20:03:45,880 - Worker_4] Status code == 404 for http://carnaval.uol.com.br/2016/rio-de-janeiro/placar/index.htm, skipping...
[ERROR - 2025-10-25 20:03:53,271 - Worker_2] Status code == 403 for http://mauriciostycer.blogosfera.uol.com.br/2016/02/09/carnaval-na-globo-reverte-tendencia-de-queda-e-cresce-no-rio-e-em-sao-paulo/, skipping...
[ERROR - 2025-10-25 20:04:20,661 - Worker_1] Status code == 404 for http://carnaval.uol.com.br/2016/noticias/redacao/2016/02/10/estacio-de-sa-esta-de-volta-ao-grupo-de-acesso-no-carnaval-do-rio-em-2017.htm, skipping...
[ERROR - 2025-10-25 20:04:22,587 - Worker_4] Status code == 403 for http://noticias.uol.com.br/cotidiano/ultimas-noticias/2016/02/10/suspeitos-de-assassinato-de-prefeito-de-chiador-mg-sao-presos.htm, skipping...
[ERROR - 2025-10-25 20:04:26,824 - Worker_4] Status code == 403 for http://nagradedomma.blogosfera.uol.com.br/2016/02/10/definido-o-futuro-de-jon-jones-cigano-e-provavelmente-werdum/, skipping...
[ERROR - 2025-10-25 20:04:27,785 - Worker_2] Status code == 404 for http://carnaval.uol.com.br/2016/noticias/redacao/2016/02/10/paraiso-do-tuiuti-sobe-para-o-grupo-especial-no-rio.htm, skipping...
[ERROR - 2025-10-25 20:04:30,281 - Worker_1] Status code == 403 for http://noticias.uol.com.br/album/2016/02/07/folioes-pulam-carnaval-pelo-mundo.htm?abrefoto=20, skipping...
[ERROR - 2025-10-25 20:04:39,662 - Worker_2] Status code == 403 for http://noticias.uol.com.br/ultimas-noticias/afp/2016/02/10/dois-atentados-suicidas-deixam-ao-menos-58-mortos-na-nigeria.htm, skipping...
[ERROR - 2025-10-25 20:04:48,460 - Worker_2] Status code == 403 for http://josiasdesouza.blogosfera.uol.com.br/2016/02/10/azeredo-escancara-a-etica-seletiva-do-tucanato/, skipping...
[ERROR - 2025-10-25 20:04:52,706 - Worker_2] Status code == 403 for http://noticias.uol.com.br/cotidiano/ultimas-noticias/2016/02/10/veja-as-dezenas-sorteadas-do-concurso-1789-da-mega-sena.htm, skipping...
[ERROR - 2025-10-25 20:04:54,738 - Worker_0] Status code == 404 for http://carnaval.uol.com.br/2016/noticias/redacao/2016/02/10/salvador-voltou-a-estar-na-moda-diz-prefeito-sobre-o-carnaval-2016.htm, skipping...
[ERROR - 2025-10-25 20:04:56,785 - Worker_1] Status code == 404 for http://futebol.placar.esporte.uol.com.br/futebol/paulista/2016/02/10/oeste-x-palmeiras.htm, skipping...
[ERROR - 2025-10-25 20:05:00,950 - Worker_1] Status code == 403 for http://noticias.uol.com.br/politica/ultimas-noticias/2016/02/10/cometemos-erros-e-quem-comete-erros-paga-diz-lula-em-video-para-o-pt.htm, skipping...
[ERROR - 2025-10-25 20:05:08,221 - Worker_4] Status code == 403 for http://noticias.uol.com.br/ultimas-noticias/efe/2016/02/10/em-10-dias-ofensiva-do-regime-em-aleppo-ja-matou-518-pessoas.htm, skipping...
[ERROR - 2025-10-25 20:05:17,335 - Worker_1] Status code == 403 for http://futebolemnumeros.blogosfera.uol.com.br/2016/02/11/fred-se-torna-o-3o-maior-artilheiro-do-fluminense-na-historia/, skipping...
[ERROR - 2025-10-25 20:05:18,537 - Worker_4] Failed to connect with http://paranaportal.uol.com.br/blog/2016/02/10/desmembramento-de-inquerito-sobre-sitio-de-atibaia-foi-publicado-por-equivoco/ after 3 attempts, skipping...
[ERROR - 2025-10-25 20:05:29,317 - Worker_0] Status code == 404 for http://carnaval.uol.com.br/2016/rio-de-janeiro/album/escolas-de-samba/2015/12/21/mangueira.htm?abrefoto=49, skipping...
[ERROR - 2025-10-25 20:05:31,441 - Worker_3] Status code == 403 for http://uolesportevetv.blogosfera.uol.com.br/2016/02/11/neto-divulga-video-com-xingamentos-de-mauro-naves-e-agradece-pela-moral/, skipping...
[ERROR - 2025-10-25 20:05:35,656 - Worker_3] Status code == 403 for http://noticias.uol.com.br/cotidiano/ultimas-noticias/2016/02/11/cresce-numero-de-denuncias-de-abuso-sexual-no-metro-de-sao-paulo.htm, skipping...
[ERROR - 2025-10-25 20:05:42,648 - Worker_4] Status code == 403 for http://oblogdorugbi.blogosfera.uol.com.br/2016/02/11/biggarena-esta-garantida-no-retorno-de-gales-ao-seu-templo-do-rugbi/, skipping...
[ERROR - 2025-10-25 20:05:49,001 - Worker_2] Status code == 403 for http://noticias.uol.com.br/ultimas-noticias/agencia-estado/2016/02/11/psdb-abre-processo-sobre-conduta-de-tucano-investigado-na-mafia-da-merenda.htm, skipping...
[ERROR - 2025-10-25 20:05:55,959 - Worker_2] Status code == 403 for http://mauriciostycer.blogosfera.uol.com.br/2016/02/10/uol-ve-tv-o-melhor-do-pior-no-carnaval-na-tv/, skipping...
[ERROR - 2025-10-25 20:06:07,709 - Worker_2] Status code == 403 for http://noticias.uol.com.br/politica/ultimas-noticias/2016/02/11/triplex-sitio-e-venda-de-mp-veja-casos-em-que-lula-e-alvo.htm, skipping...
[ERROR - 2025-10-25 20:06:20,255 - Worker_3] Status code == 403 for http://noticias.uol.com.br/album/2016/02/07/folioes-pulam-carnaval-pelo-mundo.htm?abrefoto=24, skipping...
[ERROR - 2025-10-25 20:06:25,563 - Worker_1] Status code == 404 for http://mulher.uol.com.br/gravidez-e-filhos/album/2016/02/08/luna-desbanca-peppa-e-vira-queridinha-das-festas-de-aniversario.htm, skipping...
[ERROR - 2025-10-25 20:06:26,861 - Worker_3] Status code == 403 for http://noticias.uol.com.br/ultimas-noticias/efe/2016/02/11/cdo-sul-acha-destrocos-de-projetil-lancado-pelo-norte.htm, skipping...
[ERROR - 2025-10-25 20:06:29,727 - Worker_1] Status code == 403 for http://noticias.uol.com.br/midiaglobal/nytimes/2016/02/11/escalada-para-rio-2016-esgrimista-abre-portas-do-esporte-para-muculmanas-nos-eua.htm, skipping...
[ERROR - 2025-10-25 20:06:34,042 - Worker_1] Status code == 403 for http://blogdobrito.blogosfera.uol.com.br/2016/02/11/coronel-nunes-entra-na-mira-da-cpi-do-futebol-no-senado/, skipping...
[ERROR - 2025-10-25 20:06:42,584 - Worker_3] Status code == 403 for http://noticias.uol.com.br/ultimas-noticias/afp/2016/02/11/siria-russia-alerta-para-risco-de-guerra-mundial-com-ofensiva-terrestre-estrangeira.htm, skipping...
[ERROR - 2025-10-25 20:06:43,123 - Worker_1] Status code == 403 for http://noticias.uol.com.br/ciencia/ultimas-noticias/efe/2016/02/11/stephen-hawking-foi-descoberta-uma-nova-forma-de-olhar-para-o-universo.htm, skipping...
[ERROR - 2025-10-25 20:06:48,097 - Worker_4] Status code == 403 for http://tecnologia.uol.com.br/noticias/bbc/2016/02/11/de-maquina-de-escrever-a-internet-discada--museu-online-disponibiliza-sons-em-extincao.htm, skipping...
[ERROR - 2025-10-25 20:06:54,286 - Worker_2] Status code == 403 for http://uolesporte.blogosfera.uol.com.br/2016/02/11/bem-humorado-messi-mostra-o-carro-mais-caro-do-mundo-que-comprou/, skipping...
[ERROR - 2025-10-25 20:06:54,958 - Worker_1] Status code == 403 for http://noticias.uol.com.br/saude/ultimas-noticias/reuters/2016/02/11/governo-visitara-3-milhoes-de-casas-contra-zika-e-admite-preocupacao-com-atletas.htm, skipping...
[ERROR - 2025-10-25 20:06:58,471 - Worker_2] Status code == 403 for http://noticias.uol.com.br/ciencia/ultimas-noticias/bbc/2016/02/11/quatro-pontos-para-entender-a-descoberta-que-confirma-teoria-de-einstein-e-muda-modo-como-vemos-universo.htm, skipping...
[ERROR - 2025-10-25 20:07:00,378 - Worker_3] Status code == 403 for http://robertosadovski.blogosfera.uol.com.br/2016/02/11/deadpool-e-uma-historia-de-amor-diz-atriz-brasileira-morena-baccarin/, skipping...
[ERROR - 2025-10-25 20:07:01,425 - Worker_0] Status code == 403 for http://noticias.uol.com.br/ultimas-noticias/radioonu/2016/02/11/desastres-naturais-afetaram-100-milhoes-de-pessoas-no-mundo-em-2015.htm, skipping...
[ERROR - 2025-10-25 20:07:01,692 - Worker_1] Status code == 403 for http://noticias.uol.com.br/ultimas-noticias/agencia-estado/2016/02/11/quem-for-culpado-vai-ser-punido-diz-alckmin-sobre-quadrilha-da-merenda.htm, skipping...
[ERROR - 2025-10-25 20:07:05,854 - Worker_1] Status code == 403 for http://noticias.uol.com.br/saude/ultimas-noticias/redacao/2016/02/12/anvisa-aprova-teste-para-virus-da-zika-que-detecta-se-pessoa-ja-teve-doenca.htm, skipping...
[ERROR - 2025-10-25 20:07:10,072 - Worker_1] Status code == 403 for http://noticias.uol.com.br/saude/ultimas-noticias/afp/2016/02/12/virus-do-zika-persistiu-no-semen-de-um-homem-por-dois-meses-diz-agencia.htm, skipping...
[ERROR - 2025-10-25 20:07:11,882 - Worker_4] Status code == 403 for http://noticias.uol.com.br/cotidiano/ultimas-noticias/2016/02/12/seita-ressurge-em-mais-de-170-aldeias-da-amazonia.htm, skipping...
[ERROR - 2025-10-25 20:07:14,266 - Worker_1] Status code == 403 for http://blogdobrito.blogosfera.uol.com.br/2016/02/12/quanto-vai-custar-a-fita-das-medalhas-distribuidas-na-rio-2016/, skipping...
[ERROR - 2025-10-25 20:07:18,117 - Worker_0] Status code == 403 for http://noticias.uol.com.br/ultimas-noticias/agencia-estado/2016/02/12/pai-e-madrasta-sao-denunciados-pela-morte-de-menina-de-4-anos-no-rio.htm, skipping...
[ERROR - 2025-10-25 20:07:22,318 - Worker_0] Status code == 403 for http://noticias.uol.com.br/saude/ultimas-noticias/redacao/2016/02/12/brasil-tem-462-casos-confirmados-de-microcefalia.htm, skipping...
[ERROR - 2025-10-25 20:07:31,863 - Worker_0] Status code == 403 for http://mauriciostycer.blogosfera.uol.com.br/2016/02/12/achei-bom-deixar-esta-porta-aberta-diz-monica-iozzi-sobre-video-show/, skipping...
[ERROR - 2025-10-25 20:07:51,796 - Worker_3] Status code == 403 for http://noticias.uol.com.br/saude/ultimas-noticias/redacao/2016/02/12/medica-que-relacionou-zika-a-microcefalia-levou-dois-meses-para-ser-ouvida.htm, skipping...
[ERROR - 2025-10-25 20:07:56,001 - Worker_3] Status code == 403 for http://uoltecnologia.blogosfera.uol.com.br/2016/02/12/rumor-novo-suposto-iphone-barato-estara-a-venda-em-18-de-marco/, skipping...
[ERROR - 2025-10-25 20:07:56,741 - Worker_2] Status code == 403 for http://doutorjairo.blogosfera.uol.com.br/2016/02/12/provedor-so-age-em-metade-dos-casos-de-assedio-sexual-nas-redes-diz-estudo/, skipping...
[ERROR - 2025-10-25 20:08:01,497 - Worker_4] Status code == 403 for http://noticias.uol.com.br/midiaglobal/nytimes/2016/02/12/famoso-aeroporto-de-berlim-se-adapta-a-novo-papel-um-centro-para-refugiados.htm, skipping...
[ERROR - 2025-10-25 20:08:05,493 - Worker_3] Status code == 403 for http://uolesportevetv.blogosfera.uol.com.br/2016/02/12/ei-tera-6-jogos-exclusivos-na-liga-e-usara-tnt-por-audiencia-da-sky/, skipping...
[ERROR - 2025-10-25 20:08:05,664 - Worker_4] Status code == 403 for http://noticias.uol.com.br/ultimas-noticias/ansa/2016/02/12/somos-irmaos-diz-francisco-a-lider-ortodoxo.htm, skipping...
[ERROR - 2025-10-25 20:08:09,902 - Worker_4] Status code == 403 for http://blogdomenon.blogosfera.uol.com.br/2016/02/12/luis-flavio-de-oliveira-apimenta-o-classico/, skipping...
[ERROR - 2025-10-25 20:08:14,869 - Worker_1] Status code == 403 for http://uolesporte.blogosfera.uol.com.br/2016/02/11/bem-humorado-messi-mostra-o-carro-mais-caro-do-mundo-que-comprou/, skipping...
[ERROR - 2025-10-25 20:08:18,426 - Worker_2] Status code == 403 for http://noticias.uol.com.br/ultimas-noticias/agencia-estado/2016/02/12/tribunal-manda-aceitar-denuncia-contra-executivos-por-cartel-na-linha-2-do-metro.htm, skipping...
[ERROR - 2025-10-25 20:08:18,929 - Worker_4] Status code == 403 for http://noticias.uol.com.br/ultimas-noticias/reuters/2016/02/12/turquia-diz-que-ate-40-mil-refugiados-da-siria-estao-em-assentamentos-na-fronteira.htm, skipping...
[ERROR - 2025-10-25 20:08:25,138 - Worker_1] Failed to connect with http://paranaportal.uol.com.br/blog/2016/02/12/justica-rejeita-acao-coletiva-de-vitimas-do-29-de-abril/ after 3 attempts, skipping...
[ERROR - 2025-10-25 20:08:27,816 - Worker_4] Status code == 403 for http://noticias.uol.com.br/blogs-e-colunas/coluna/jorge-ramos/2016/02/12/a-nova-face-dos-estados-unidos.htm, skipping...
[ERROR - 2025-10-25 20:08:28,550 - Worker_2] Failed to connect with http://flaviogomes.grandepremio.uol.com.br/2016/02/estranho-3/ after 3 attempts, skipping...
[ERROR - 2025-10-25 20:08:29,599 - Worker_1] Status code == 403 for http://blogdobirner.blogosfera.uol.com.br/2016/02/12/sao-paulo-tem-novo-patrocinador/, skipping...
[ERROR - 2025-10-25 20:08:33,897 - Worker_1] Status code == 403 for http://blogdoboleiro.blogosfera.uol.com.br/2016/02/12/empresario-de-neymar-sofre-acidente-e-esta-hospitalizado-quase-morri/, skipping...
[ERROR - 2025-10-25 20:08:34,271 - Worker_4] Status code == 403 for http://noticias.uol.com.br/ultimas-noticias/bbc/2016/02/12/queda-de-homicidios-em-sp-e-obra-do-pcc-e-nao-da-policia-diz-pesquisador.htm, skipping...
[ERROR - 2025-10-25 20:08:38,144 - Worker_1] Status code == 403 for http://noticias.uol.com.br/cotidiano/ultimas-noticias/2016/02/12/crianca-negra-sofre-racismo-todo-dia-na-escola-diz-mc-soffia.htm, skipping...
[ERROR - 2025-10-25 20:08:38,449 - Worker_4] Status code == 403 for http://noticias.uol.com.br/ultimas-noticias/agencia-estado/2016/02/12/relatos-de-violencia-contra-a-mulher-quase-triplicam-no-carnaval.htm, skipping...
[ERROR - 2025-10-25 20:08:47,198 - Worker_4] Status code == 403 for http://uolesportevetv.blogosfera.uol.com.br/2016/02/13/band-transmitira-maratona-de-jogos-da-euro-equipe-escalada-tem-ate-datena/, skipping...
[ERROR - 2025-10-25 20:08:54,947 - Worker_3] Status code == 403 for http://blogdosakamoto.blogosfera.uol.com.br/2016/02/13/cinco-passos-para-criar-um-meme-e-difundir-uma-mentira-pela-rede/, skipping...
[ERROR - 2025-10-25 20:09:22,766 - Worker_1] Status code == 404 for http://carnaval.uol.com.br/2016/album/2016/02/13/desfile-das-campeas-do-carnaval-2016-do-rio-de-janeiro.htm?abrefoto=7, skipping...
[ERROR - 2025-10-25 20:09:29,148 - Worker_3] Status code == 403 for http://noticias.uol.com.br/ultimas-noticias/reuters/2016/02/13/papa-pede-paz-nas-regioes-mais-violentas-e-pobres-do-mexico.htm, skipping...
[ERROR - 2025-10-25 20:09:29,424 - Worker_1] Status code == 403 for http://noticias.uol.com.br/ultimas-noticias/bbc/2016/02/13/ativista-que-luta-por-brinquedos-com-deficiencia-celebra-lancamento-de-lego-cadeirante.htmicias/reuters/2016/02/13/terremotos-de-magnitude-51-e-39-atingem-oklahoma-nos-eua.htm, skipping...
[ERROR - 2025-10-25 20:09:33,682 - Worker_1] Status code == 403 for http://josiasdesouza.blogosfera.uol.com.br/2016/02/13/dilma-precisa-dizer-o-que-entende-por-injustica/, skipping...
[ERROR - 2025-10-25 20:09:40,167 - Worker_1] Status code == 403 for http://noticias.uol.com.br/cotidiano/ultimas-noticias/2016/02/13/acidente-deixa-quatro-mortos-e-um-ferido-em-jundiai-sp.htm, skipping...
[ERROR - 2025-10-25 20:09:58,672 - Worker_1] Status code == 403 for http://uolesporte.blogosfera.uol.com.br/2016/02/13/neymar-prega-peca-em-rafinha-no-barca-feliz-aniversario-princesa/, skipping...
[ERROR - 2025-10-25 20:09:59,602 - Worker_3] Status code == 403 for http://noticias.uol.com.br/cotidiano/ultimas-noticias/2016/02/13/veja-as-dezenas-sorteadas-do-concurso-1790-da-mega-sena.htm, skipping...
[ERROR - 2025-10-25 20:10:01,043 - Worker_4] Status code == 403 for http://blogdomenon.blogosfera.uol.com.br/2016/02/13/vexame-do-palmeiras-culpa-de-marcelo-oliveira/, skipping...
[ERROR - 2025-10-25 20:10:08,960 - Worker_3] Status code == 403 for http://blogdobloco.blogosfera.uol.com.br/2016/02/13/concurso-de-fantasias-e-orquestra-voadora-encerram-carnaval-na-av-paulista/, skipping...
[ERROR - 2025-10-25 20:10:10,475 - Worker_0] Status code == 403 for http://balanacesta.blogosfera.uol.com.br/2016/02/13/steph-curry-defende-titulo-do-torneio-de-3-pontos-hoje-a-noite-no-all-star/, skipping...
[ERROR - 2025-10-25 20:10:12,321 - Worker_1] Status code == 403 for http://noticias.uol.com.br/midiaglobal/lemonde/2016/02/13/sera-que-isso-e-mesmo-made-in-israel.htm, skipping...
[ERROR - 2025-10-25 20:10:13,164 - Worker_3] Status code == 403 for http://noticias.uol.com.br/saude/ultimas-noticias/redacao/2016/02/13/sao-paulo-tem-ajuda-de-drone-e-aplicativo-no-combate-a-mosquito.htm, skipping...
[ERROR - 2025-10-25 20:10:17,049 - Worker_0] Status code == 403 for http://uolesporte.blogosfera.uol.com.br/2016/02/13/com-belletti-capitao-time-de-veteranos-do-barca-faz-3-a-0-no-real-madrid/, skipping...
[ERROR - 2025-10-25 20:10:21,226 - Worker_0] Status code == 403 for http://noticias.uol.com.br/cotidiano/ultimas-noticias/2016/02/13/em-carta-suposto-serial-killer-de-go-pede-chance-de-sorrir-novamente.htm, skipping...
[ERROR - 2025-10-25 20:10:22,755 - Worker_4] Status code == 403 for http://economia.uol.com.br/noticias/infomoney/2016/02/11/gestor-bilionario-da-5-dicas-de-investimento-para-voce-aplicar-agora.htm, skipping...
[ERROR - 2025-10-25 20:10:24,239 - Worker_3] Status code == 403 for http://blogdorafaelreis.blogosfera.uol.com.br/2016/02/13/leicester-ja-e-o-favorito-para-conquistar-o-titulo-ingles/, skipping...
[ERROR - 2025-10-25 20:10:25,502 - Worker_0] Status code == 403 for http://reginanavarro.blogosfera.uol.com.br/2016/02/13/do-amor-ao-odio/, skipping...
[ERROR - 2025-10-25 20:10:26,980 - Worker_4] Status code == 403 for http://noticias.uol.com.br/ultimas-noticias/bbc/2016/02/12/queda-de-homicidios-em-sp-e-obra-do-pcc-e-nao-da-policia-diz-pesquisador.htm, skipping...
[ERROR - 2025-10-25 20:10:49,557 - Worker_3] Status code == 403 for http://blogdoavallone.blogosfera.uol.com.br/2016/02/13/marcelo-oliveira-resistira-a-novos-vexames/, skipping...
[ERROR - 2025-10-25 20:11:01,542 - Worker_3] Status code == 404 for http://noticias.ne10.uol.com.br/interior/agreste/noticia/2016/02/14/familiares-e-amigos-dao-o-ultimo-adeus-ao-ceramista-manuel-eudocio-596759.php, skipping...
[ERROR - 2025-10-25 20:11:03,595 - Worker_4] Status code == 403 for http://blogdoperrone.blogosfera.uol.com.br/2016/02/nota-oficial-mostra-que-pm-errou-com-gavioes-no-episodio-das-faixas/, skipping...
[ERROR - 2025-10-25 20:11:05,799 - Worker_3] Status code == 403 for http://nagradedomma.blogosfera.uol.com.br/2016/02/14/na-pior-ronda-rousey-volta-aos-holofotes-nua-em-capa-de-revista/, skipping...
[ERROR - 2025-10-25 20:11:09,425 - Worker_2] Status code == 403 for http://mauriciostycer.blogosfera.uol.com.br/2016/02/14/fofurometro-explode-com-criancas-sendo-criancas-no-the-voice-kids/, skipping...
[ERROR - 2025-10-25 20:11:32,962 - Worker_1] Status code == 403 for http://noticias.uol.com.br/midiaglobal/the-international-new-york-times/2016/02/14/uruguai-tem-discreto-milagre-democratico-que-deveria-ser-exemplo-para-vizinhos.htm, skipping...
[ERROR - 2025-10-25 20:11:42,787 - Worker_4] Status code == 404 for http://carnaval.uol.com.br/2016/album/2016/02/14/concurso-de-fantasia-agita-folioes-em-bloco-na-avenida-paulista.htm, skipping...
[ERROR - 2025-10-25 20:11:51,425 - Worker_3] Status code == 403 for http://josiasdesouza.blogosfera.uol.com.br/2016/02/14/senador-cristovam-deixa-pdt-e-filia-se-ao-pps/, skipping...
[ERROR - 2025-10-25 20:11:55,576 - Worker_0] Status code == 404 for http://carnaval.uol.com.br/2016/album/2016/02/14/em-clima-de-festa-bloco-me-lembra-que-eu-vou-encerra-carnaval-na-vila-madalena.htm, skipping...
[ERROR - 2025-10-25 20:11:59,850 - Worker_0] Status code == 403 for http://pvc.blogosfera.uol.com.br/2016/02/14/derrota-nao-ameaca-cargo-de-marcelo-oliveira/, skipping...
[ERROR - 2025-10-25 20:12:09,002 - Worker_4] Status code == 403 for http://blogdosakamoto.blogosfera.uol.com.br/2016/02/15/no-semaforo-quem-e-gente-o-jovem-com-guache-ou-o-idoso-que-pede-esmola/, skipping...
[ERROR - 2025-10-25 20:12:10,163 - Worker_3] Status code == 403 for http://blogdomenon.blogosfera.uol.com.br/2016/02/15/lucao-o-anjo-caido-personagem-da-semana/, skipping...
[ERROR - 2025-10-25 20:12:16,777 - Worker_0] Status code == 403 for http://blogdomariomagalhaes.blogosfera.uol.com.br/2016/02/15/barcelona-vira-mistura-de-globetrotters-all-star-game-e-time-dos-sonhos/, skipping...
[ERROR - 2025-10-25 20:12:16,915 - Worker_1] Status code == 403 for http://noticias.uol.com.br/ciencia/ultimas-noticias/efe/2016/02/15/pesquisadores-desenvolvem-impressora-3d-capaz-de-fabricar-tecido-para-humanos.htm, skipping...
[ERROR - 2025-10-25 20:12:19,337 - Worker_2] Status code == 403 for http://noticias.uol.com.br/album/album-do-dia/2016/02/14/imagens-do-dia---14-de-fevereiro-de-2016.htm?abrefoto=10, skipping...
[ERROR - 2025-10-25 20:12:20,948 - Worker_0] Status code == 403 for http://noticias.uol.com.br/ultimas-noticias/agencia-estado/2016/02/15/suassuna-pede-para-ser-ouvido-na-lava-jato-e-abre-sigilos-fiscal-e-telefonico.htm, skipping...
[ERROR - 2025-10-25 20:12:21,195 - Worker_1] Status code == 403 for http://blogdoperrone.blogosfera.uol.com.br/2016/02/desempenho-de-tite-pressiona-marcelo-oliveira-no-palmeiras/, skipping...
[ERROR - 2025-10-25 20:12:25,125 - Worker_0] Status code == 403 for http://noticias.uol.com.br/saude/ultimas-noticias/estado/2016/02/15/cardozo-assina-peticao-pela-liberacao-da-pilula-do-cancer.htm, skipping...
[ERROR - 2025-10-25 20:12:38,786 - Worker_0] Status code == 403 for http://noticias.uol.com.br/saude/ultimas-noticias/redacao/2016/02/15/medo-do-zika-e-falta-de-vacina-gera-corrida-do-ouro-farmaceutica.htm, skipping...
[ERROR - 2025-10-25 20:12:43,059 - Worker_0] Status code == 403 for http://educacao.uol.com.br/noticias/2016/02/15/quase-20-dos-alunos-nao-quer-colega-de-classe-gay-ou-trans.htm, skipping...
[ERROR - 2025-10-25 20:12:46,018 - Worker_2] Status code == 403 for http://blogdorafaelreis.blogosfera.uol.com.br/2016/02/15/pela-1a-vez-em-5-anos-times-mais-caros-da-libertadores-nao-sao-do-brasil/, skipping...
[ERROR - 2025-10-25 20:12:54,556 - Worker_0] Status code == 403 for http://josiasdesouza.blogosfera.uol.com.br/2016/02/15/moro-oferece-dados-para-tse-superar-cinismo/, skipping...
[ERROR - 2025-10-25 20:12:56,242 - Worker_3] Status code == 403 for http://pvc.blogosfera.uol.com.br/2016/02/15/fla-flu-em-brasilia-escancara-descompromisso-do-consorcio-maracana/, skipping...
[ERROR - 2025-10-25 20:13:11,138 - Worker_3] Failed to connect with http://paranaportal.uol.com.br/blog/2016/02/15/pesquisa-do-parana-encontra-virus-zika-em-cerebro-de-bebes-com-microcefalia/ after 3 attempts, skipping...
[ERROR - 2025-10-25 20:13:14,555 - Worker_1] Status code == 403 for http://noticias.uol.com.br/ultimas-noticias/bbc/2016/02/15/australia-apreende-us-700-mi-em-droga-escondida-em-enchimento-de-sutias.htm, skipping...
[ERROR - 2025-10-25 20:13:18,381 - Worker_3] Status code == 500 for http://tvefamosos.uol.com.br/colunas/flavio-ricco/2016/02/15/record-tem-uma-semana-para-assinar-com-fabio-porchat.htm, skipping...
[ERROR - 2025-10-25 20:13:22,550 - Worker_3] Status code == 403 for http://noticias.uol.com.br/saude/ultimas-noticias/estado/2016/02/15/inca-qualquer-parecer-sobre-pilula-do-cancer-e-precipitado.htm, skipping...
[ERROR - 2025-10-25 20:13:25,917 - Worker_1] Status code == 403 for http://noticias.uol.com.br/cotidiano/ultimas-noticias/2016/02/15/estudante-do-interior-de-sp-e-indiciado-por-xingar-a-pm-no-facebook.htm, skipping...
[ERROR - 2025-10-25 20:13:29,546 - Worker_0] Failed to connect with http://carsale.uol.com.br/lancamentos/2016/02/15/picape-fiat-toro-estreia-com-precos-entre-r-76-500-e-r-116-500/ after 3 attempts, skipping...
[ERROR - 2025-10-25 20:13:29,764 - Worker_2] Status code == 403 for http://noticias.uol.com.br/cotidiano/ultimas-noticias/2016/02/15/volume-de-chuva-em-sao-paulo-equivale-a-158-do-previsto-para-fevereiro.htm, skipping...
[ERROR - 2025-10-25 20:13:30,075 - Worker_1] Status code == 403 for http://noticias.uol.com.br/ciencia/ultimas-noticias/bbc/2016/02/15/agencia-publica-mapa-inedito-de-marte.htm, skipping...
[ERROR - 2025-10-25 20:13:33,973 - Worker_2] Status code == 403 for http://noticias.uol.com.br/midiaglobal/the-international-new-york-times/2016/02/15/analise-o-fim-da-era-merkel-esta-se-aproximando.htm, skipping...
[ERROR - 2025-10-25 20:13:34,259 - Worker_1] Status code == 403 for http://noticias.uol.com.br/album/album-do-dia/2016/02/13/imagens-do-dia---13-de-fevereiro-de-2016.htm?abrefoto=8, skipping...
[ERROR - 2025-10-25 20:13:38,492 - Worker_1] Status code == 403 for http://noticias.uol.com.br/ultimas-noticias/agencia-estado/2016/02/15/moro-informa-ao-tse-que-ha-provas-de-propina-para-doacoes-eleitorais-registradas.htm, skipping...
[ERROR - 2025-10-25 20:13:42,790 - Worker_0] Status code == 403 for http://noticias.uol.com.br/cotidiano/ultimas-noticias/2016/02/15/crianca-de-um-ano-anda-em-parapeito-de-apartamento-no-distrito-federal.htm, skipping...
[ERROR - 2025-10-25 20:13:46,966 - Worker_0] Status code == 403 for http://noticias.uol.com.br/cotidiano/ultimas-noticias/2016/02/15/vento-e-o-vilao-da-falta-de-luz-diz-eletropaulo.htm, skipping...
[ERROR - 2025-10-25 20:13:47,538 - Worker_1] Status code == 403 for http://noticias.uol.com.br/ultimas-noticias/agencia-estado/2016/02/15/familia-morre-afogada-em-corrego-no-interior-de-sao-paulo.htm, skipping...
[ERROR - 2025-10-25 20:13:48,289 - Worker_2] Status code == 403 for http://noticias.uol.com.br/album/album-do-dia/2016/02/14/imagens-do-dia---14-de-fevereiro-de-2016.htm?abrefoto=15, skipping...
[ERROR - 2025-10-25 20:13:51,132 - Worker_0] Status code == 403 for http://noticias.uol.com.br/saude/ultimas-noticias/redacao/2016/02/15/pesquisadores-da-ufrj-anunciam-sequenciamento-completo-do-genoma-do-zika.htm, skipping...
[ERROR - 2025-10-25 20:13:51,707 - Worker_1] Status code == 403 for http://noticias.uol.com.br/album/album-do-dia/2016/02/15/imagens-do-dia---15-de-fevereiro-de-2016.htm?abrefoto=11, skipping...
[ERROR - 2025-10-25 20:13:55,903 - Worker_0] Status code == 403 for http://blogdobloco.blogosfera.uol.com.br/2016/02/15/balanco-sp-carnaval-2016/, skipping...
[ERROR - 2025-10-25 20:14:00,077 - Worker_0] Status code == 403 for http://noticias.uol.com.br/ultimas-noticias/agencia-estado/2016/02/15/moro-rejeita-pela-segunda-vez-pedido-de-suspensao-de-processo-da-odebrecht.htm, skipping...
[ERROR - 2025-10-25 20:14:08,575 - Worker_1] Status code == 403 for http://noticias.uol.com.br/midiaglobal/lemonde/2016/02/16/russia-usa-midia-em-ofensiva-contra-a-europa-e-refugiados.htm, skipping...
[ERROR - 2025-10-25 20:14:12,349 - Worker_0] Status code == 403 for http://oblogdorugbi.blogosfera.uol.com.br/2016/02/16/top-5-do-mundo-rugbi-argentino-comeca-nova-era-com-estreia-dos-jaguares/, skipping...
[ERROR - 2025-10-25 20:14:15,370 - Worker_2] Status code == 403 for http://economia.uol.com.br/noticias/redacao/2016/02/15/crise-faz-marcas-de-fora-como-aeropostale-desistirem-de-lojas-no-brasil.htm, skipping...
[ERROR - 2025-10-25 20:14:15,898 - Worker_1] Status code == 403 for http://tecnologia.uol.com.br/noticias/redacao/2016/02/16/tim-e-condenada-a-pagar-r-863-mil-por-venda-casada-de-plano-e-aparelho.htm, skipping...
[ERROR - 2025-10-25 20:14:22,528 - Worker_2] Status code == 403 for http://uolesporte.blogosfera.uol.com.br/2016/02/16/jogador-da-malasia-faz-golaco-de-falta-com-curva-inacreditavel/, skipping...
[ERROR - 2025-10-25 20:14:29,917 - Worker_4] Status code == 403 for http://josiasdesouza.blogosfera.uol.com.br/2016/02/16/entre-picciani-e-motta-dilma-opta-pelo-alto-risco/, skipping...
[ERROR - 2025-10-25 20:14:41,668 - Worker_4] Status code == 403 for http://noticias.uol.com.br/ultimas-noticias/afp/2016/02/16/os-novos-ricos-comecam-a-aparecer-em-cuba.htm, skipping...
[ERROR - 2025-10-25 20:14:43,194 - Worker_1] Status code == 403 for http://noticias.uol.com.br/politica/ultimas-noticias/2016/02/16/eduardo-cunha-vai-ao-stf-por-mais-prazo-para-defesa-no-conselho-de-etica.htm, skipping...
[ERROR - 2025-10-25 20:14:47,389 - Worker_1] Status code == 403 for http://noticias.uol.com.br/ultimas-noticias/afp/2016/02/16/obama-se-diz-convencido-de-que-trump-nao-sera-presidente.htm, skipping...
[ERROR - 2025-10-25 20:14:49,084 - Worker_4] Status code == 403 for http://noticias.uol.com.br/cotidiano/ultimas-noticias/2016/02/16/divida-por-notebooks-provocou-assassinato-de-prefeito-de-chiador-mg.htm, skipping...
[ERROR - 2025-10-25 20:14:51,571 - Worker_1] Status code == 403 for http://noticias.uol.com.br/ciencia/ultimas-noticias/bbc/2016/02/16/novo-tratamento-contra-cancer-nos-eua-da-esperanca-a-pacientes-terminais-de-leucemia.htm, skipping...
[ERROR - 2025-10-25 20:14:51,723 - Worker_2] Status code == 403 for http://futebolemnumeros.blogosfera.uol.com.br/2016/02/16/balbuena-sera-o-42o-gringo-no-corinthians/, skipping...
[ERROR - 2025-10-25 20:15:14,648 - Worker_4] Status code == 403 for http://noticias.uol.com.br/ultimas-noticias/agencia-estado/2016/02/16/renan-acredita-que-dilma-vai-concordar-com-projeto-de-serra-para-o-pre-sal.htm, skipping...
[ERROR - 2025-10-25 20:15:14,772 - Worker_0] Failed to connect with http://esporte.uol.com.br/futebol/ultimas-noticias/2016/02/16/astro-de-zebra-do-ingles-compra-carrao-de-quase-r-1-mi.htm after 3 attempts, skipping...
[ERROR - 2025-10-25 20:15:22,300 - Worker_0] Status code == 500 for http://entretenimento.uol.com.br/album/2016/02/12/une-petite-vague-bresilienne---breve-relato-do-festival-de-hq-de-angouleme.htm?abrefoto=1, skipping...
[ERROR - 2025-10-25 20:15:51,115 - Worker_0] Status code == 403 for http://noticias.uol.com.br/internacional/ultimas-noticias/2016/02/12/sem-maquiagem-e-nada-sensuais-bonecas-refeitas-viram-febre-online.htm, skipping...
[ERROR - 2025-10-25 20:15:51,638 - Worker_4] Status code == 403 for http://blogdoboleiro.blogosfera.uol.com.br/2016/02/16/juizado-do-torcedor-quer-identificar-e-punir-briguentos-de-valinhos/, skipping...
[ERROR - 2025-10-25 20:15:55,818 - Worker_4] Status code == 403 for http://noticias.uol.com.br/tabloide/album/2016/01/07/os-recordes-e-tentativas-de-2016.htm?abrefoto=6, skipping...
[ERROR - 2025-10-25 20:16:00,073 - Worker_4] Status code == 403 for http://uolesporte.blogosfera.uol.com.br/2016/02/16/clube-alemao-promove-jogo-com-liverpool-imitando-capa-de-cd-dos-beatles/, skipping...
[ERROR - 2025-10-25 20:16:09,039 - Worker_4] Status code == 403 for http://noticias.uol.com.br/internacional/ultimas-noticias/2016/02/17/e-engano-acreditar-que-temos-seguranca-prendendo-pessoas-diz-papa-em-prisao-mexicana.htm, skipping...
[ERROR - 2025-10-25 20:16:17,753 - Worker_4] Status code == 403 for http://noticias.uol.com.br/cotidiano/ultimas-noticias/2016/02/17/mega-sena-pode-pagar-r-24-milhoes-veja-as-dezenas-sorteadas.htm, skipping...
[ERROR - 2025-10-25 20:16:25,138 - Worker_2] Status code == 403 for http://noticias.uol.com.br/ultimas-noticias/agencia-estado/2016/02/17/defesa-de-lula-diz-que-fala-de-promotor-demonstra-antecipacao-de-juizo-de-valor.htm, skipping...
[ERROR - 2025-10-25 20:16:32,031 - Worker_4] Status code == 403 for http://tecnologia.uol.com.br/noticias/redacao/2016/02/17/facebook-libera-videos-ao-vivo-no-brasil-e-em-mais-23-paises-so-para-ios.htm, skipping...
[ERROR - 2025-10-25 20:16:34,933 - Worker_0] Status code == 403 for http://blogdojuca.uol.com.br/2016/02/revelacoes-do-dia-em-que-a-policia-censurou-a-historia-do-corinthians/, skipping...
[ERROR - 2025-10-25 20:16:43,783 - Worker_2] Status code == 403 for http://noticias.uol.com.br/saude/ultimas-noticias/redacao/2016/02/17/quando-soube-da-microcefalia-gravida-de-18-anos-foi-abandonada-pelo-marido.htm, skipping...
[ERROR - 2025-10-25 20:16:57,115 - Worker_2] Status code == 403 for http://noticias.uol.com.br/politica/ultimas-noticias/2016/02/17/deputado-pede-vista-e-processo-contra-cunha-pode-sofrer-novo-atraso.htm, skipping...
[ERROR - 2025-10-25 20:17:01,381 - Worker_2] Status code == 403 for http://blogdobrito.blogosfera.uol.com.br/2016/02/17/cpi-do-futebol-aprova-quebra-de-sigilo-de-ex-namorada-de-del-nero/, skipping...
[ERROR - 2025-10-25 20:17:05,665 - Worker_2] Status code == 403 for http://oblogdorugbi.blogosfera.uol.com.br/2016/02/17/capita-supera-cancer-raro-e-lesao-para-liderar-eua-em-torneio-no-brasil/, skipping...
[ERROR - 2025-10-25 20:17:12,077 - Worker_1] Status code == 403 for http://blogdojuca.uol.com.br/2016/02/um-sao-paulo-de-chorar/, skipping...
[ERROR - 2025-10-25 20:17:13,695 - Worker_4] Status code == 403 for http://pvc.blogosfera.uol.com.br/2016/02/17/bolivia-so-tinha-vencido-um-jogo-de-libertadores-no-brasil/, skipping...
[ERROR - 2025-10-25 20:17:14,604 - Worker_3] Status code == 403 for http://noticias.uol.com.br/midiaglobal/nytimes/2016/02/17/merkel-pagara-o-pato-por-ter-feito-a-coisa-certa.htm, skipping...
[ERROR - 2025-10-25 20:17:18,700 - Worker_1] Status code == 403 for http://josiasdesouza.blogosfera.uol.com.br/2016/02/17/reporter-com-quem-fhc-teve-relacoes-extraconjugais-decide-romper-silencio/, skipping...
[ERROR - 2025-10-25 20:17:18,785 - Worker_3] Status code == 403 for http://noticias.uol.com.br/ciencia/ultimas-noticias/bbc/2016/02/17/cientistas-suspeitam-que-haja-camada-de-meteoritos-por-baixo-de-gelo-da-antartida.htm, skipping...
[ERROR - 2025-10-25 20:17:20,161 - Worker_4] Status code == 403 for http://noticias.uol.com.br/internacional/ultimas-noticias/2016/02/17/ataque-com-bomba-deixa-cinco-mortos-e-10-feridos-na-capital-da-turquia.htm, skipping...
[ERROR - 2025-10-25 20:17:24,073 - Worker_0] Status code == 403 for http://noticias.uol.com.br/saude/ultimas-noticias/estado/2016/02/17/com-exercito-so-3-recusam-inspecao-contra-aedes-em-sp.htm, skipping...
[ERROR - 2025-10-25 20:17:24,330 - Worker_4] Status code == 403 for http://noticias.uol.com.br/cotidiano/ultimas-noticias/2016/02/17/jovens-invadem-mineradora-em-busca-de-ouro-e-morrem-em-tubulacao-em-mg.htm, skipping...
[ERROR - 2025-10-25 20:17:27,467 - Worker_1] Status code == 403 for http://noticias.uol.com.br/internacional/ultimas-noticias/2016/02/17/menino-de-2-anos-largado-pela-familia-por-bruxaria-comeca-a-ganhar-peso-apos-seu-resgate.htm, skipping...
[ERROR - 2025-10-25 20:17:28,320 - Worker_0] Status code == 403 for http://blogdomenon.blogosfera.uol.com.br/2016/02/17/piada-tricolor-culpa-nao-e-so-de-lucao/, skipping...
[ERROR - 2025-10-25 20:17:48,535 - Worker_4] Status code == 403 for http://blogdobrito.blogosfera.uol.com.br/2016/02/17/deputada-de-goias-apresenta-projeto-de-bolsa-atleta-para-criancas-de-8-anos, skipping...
[ERROR - 2025-10-25 20:17:52,567 - Worker_1] Status code == 500 for http://tvefamosos.uol.com.br/bbb/bbb16/noticias/redacao/2016/02/17/renan-diz-que-a-eliminacao-de-daniel-e-um-divisor-de-aguas-no-bbb16.htm, skipping...
[ERROR - 2025-10-25 20:17:55,145 - Worker_4] Status code == 403 for http://josiasdesouza.blogosfera.uol.com.br/2016/02/17/sem-anabolizantes-picciani-venceu-por-2-votos/, skipping...
[ERROR - 2025-10-25 20:18:01,242 - Worker_0] Status code == 403 for http://noticias.uol.com.br/saude/ultimas-noticias/redacao/2016/02/18/brasil-registra-cinco-casos-de-guillain-barre-por-dia-diz-oms.htm, skipping...
[ERROR - 2025-10-25 20:18:07,853 - Worker_0] Status code == 403 for http://educacao.uol.com.br/noticias/agencia-estado/2016/02/18/fechamento-de-salas-e-natural-diz-alckmin.htm, skipping...
[ERROR - 2025-10-25 20:18:08,421 - Worker_1] Status code == 403 for http://pvc.blogosfera.uol.com.br/2016/02/18/maracana-sera-entregue-ao-comite-olimpico-no-dia-1-de-marco/, skipping...
[ERROR - 2025-10-25 20:18:16,344 - Worker_1] Status code == 403 for http://tecnologia.uol.com.br/noticias/redacao/2016/02/18/mulheres-caem-em-golpe-do-falso-cancer-no-tinder-e-pagam-r-104-mil.htm, skipping...
[ERROR - 2025-10-25 20:18:17,299 - Worker_4] Status code == 403 for http://noticias.uol.com.br/midiaglobal/the-international-new-york-times/2016/02/18/eleicao-em-uganda-expoe-exclusao-e-preconceito-a-comunidade-lgbt.htm, skipping...
[ERROR - 2025-10-25 20:18:17,695 - Worker_0] Status code == 403 for http://reginanavarro.blogosfera.uol.com.br/2016/02/18/e-insuportavel-a-presenca-dele-ao-meu-lado-ele-me-oprime/, skipping...
[ERROR - 2025-10-25 20:18:23,338 - Worker_1] Status code == 403 for http://futebolemnumeros.blogosfera.uol.com.br/2016/02/18/trio-paulista-decepciona-na-estreia-da-libertadores/, skipping...
[ERROR - 2025-10-25 20:18:24,193 - Worker_3] Status code == 403 for http://balanacesta.blogosfera.uol.com.br/2016/02/18/entendendo-a-troca-que-pode-nao-ser-troca-de-varejao/, skipping...
[ERROR - 2025-10-25 20:18:27,285 - Worker_0] Status code == 403 for http://tecnologia.uol.com.br/noticias/redacao/2016/02/18/venda-de-celular-indiano-de-r-14-e-interrompida-veja-detalhes-do-aparelho.htm, skipping...
[ERROR - 2025-10-25 20:18:34,441 - Worker_2] Status code == 403 for http://blogdorafaelreis.blogosfera.uol.com.br/2016/02/18/que-pais-tem-mais-tecnicos-em-1a-divisao-na-europa-a-resposta-surpreende/, skipping...
[ERROR - 2025-10-25 20:18:36,467 - Worker_4] Status code == 403 for http://noticias.uol.com.br/cotidiano/ultimas-noticias/2016/02/18/samarco-aumentou-volume-de-rejeito-apos-laudo-de-seguranca-diz-consultoria.htm, skipping...
[ERROR - 2025-10-25 20:18:36,504 - Worker_0] Status code == 403 for http://noticias.uol.com.br/saude/ultimas-noticias/reuters/2016/02/18/banco-mundial-oferece-financiamento-de-us150-mi-a-paises-afetados-por-zika.htm, skipping...
[ERROR - 2025-10-25 20:18:43,772 - Worker_3] Status code == 403 for http://noticias.uol.com.br/ultimas-noticias/agencia-estado/2016/02/18/embriaguez-leva-a-suspensao-da-cnh-de-13-motoristas-por-dia.htm, skipping...
[ERROR - 2025-10-25 20:19:03,286 - Worker_3] Status code == 403 for http://blogdobrito.blogosfera.uol.com.br/2016/02/18/coreia-do-norte-tambem-quer-conquistar-o-mundo-do-esporte, skipping...
[ERROR - 2025-10-25 20:19:12,480 - Worker_3] Status code == 403 for http://noticias.uol.com.br/ultimas-noticias/bbc/2016/02/18/panico-cabeludo-a-palha-gigante-que-esta-invadindo-casas-na-australia.htm, skipping...
[ERROR - 2025-10-25 20:19:12,746 - Worker_4] Status code == 403 for http://blogdoperrone.blogosfera.uol.com.br/2016/02/lampadas-erradas-deixam-fachada-da-arena-corinthians-sem-iluminacao/, skipping...
[ERROR - 2025-10-25 20:19:13,147 - Worker_0] Status code == 403 for http://blogdojuca.uol.com.br/2016/02/o-risivel-comite-de-reformas-da-cbf/, skipping...
[ERROR - 2025-10-25 20:19:16,547 - Worker_1] Status code == 403 for http://noticias.uol.com.br/internacional/ultimas-noticias/2016/02/18/pelo-twitter-obama-confirma-visita-a-cuba-em-marco.htm, skipping...
[ERROR - 2025-10-25 20:19:16,666 - Worker_3] Status code == 403 for http://noticias.uol.com.br/ultimas-noticias/agencia-estado/2016/02/18/justica-ordena-a-prisao-de-secretarios-de-saude-do-rio.htm, skipping...
[ERROR - 2025-10-25 20:19:17,303 - Worker_0] Status code == 403 for http://noticias.uol.com.br/ultimas-noticias/reuters/2016/02/18/papa-sinaliza-possivel-concessao-a-metodos-contraceptivos-em-casos-de-zika.htm, skipping...
[ERROR - 2025-10-25 20:19:20,707 - Worker_1] Status code == 403 for http://noticias.uol.com.br/cotidiano/ultimas-noticias/2016/02/18/ganhador-da-mega-sena-e-encontrado-morto-em-limeira-sp.htm, skipping...
[ERROR - 2025-10-25 20:19:29,456 - Worker_1] Status code == 403 for http://noticias.uol.com.br/ultimas-noticias/bbc/2016/02/19/aborto-por-microcefalia-e-complicado-mas-e-direito-da-mulher-diz-medico-excomungado-por-aborto-legal.htm, skipping...
[ERROR - 2025-10-25 20:19:30,951 - Worker_2] Status code == 403 for http://blogdomenon.blogosfera.uol.com.br/2016/02/19/santos-altivo-tenta-terceiro-golaco-em-2016/, skipping...
[ERROR - 2025-10-25 20:19:31,559 - Worker_0] Status code == 403 for http://noticias.uol.com.br/cotidiano/ultimas-noticias/2016/02/19/operacao-policial-financiada-por-empresarios-cariocas-mira-moradores-de-rua.htm, skipping...
[ERROR - 2025-10-25 20:19:39,089 - Worker_1] Status code == 403 for http://noticias.uol.com.br/cotidiano/ultimas-noticias/2016/02/19/porto-alegre-aumenta-tarifa-de-onibus-em-50-centavos-reajuste-de-1538.htm, skipping...
[ERROR - 2025-10-25 20:19:41,067 - Worker_2] Failed to connect with http://carsale.uol.com.br/ultimas/2016/02/19/maserati-divulga-teaser-do-suv-levante-que-sera-apresentado-no-salao-de-genebra/ after 3 attempts, skipping...
[ERROR - 2025-10-25 20:19:45,107 - Worker_0] Status code == 403 for http://paginacinco.blogosfera.uol.com.br/2016/02/19/harper-lee-deu-no-na-cabeca-de-quem-ainda-acreditava-em-herois/, skipping...
[ERROR - 2025-10-25 20:19:59,166 - Worker_0] Status code == 403 for http://noticias.uol.com.br/midiaglobal/nytimes/2016/02/19/opiniao-o-jogo-norte-americano-de-cartas-marcadas-entre-os-ricos.htm, skipping...
[ERROR - 2025-10-25 20:20:12,476 - Worker_3] Status code == 403 for http://blogdojuca.uol.com.br/2016/02/as-raposas-no-galinheiro/, skipping...
[ERROR - 2025-10-25 20:20:12,770 - Worker_1] Status code == 403 for http://noticias.uol.com.br/ultimas-noticias/agencia-estado/2016/02/19/adolescente-de-14-se-entrega-dizendo-ter-matado-professor-peruano-no-rio.htm, skipping...
[ERROR - 2025-10-25 20:20:16,567 - Worker_0] Failed to connect with http://isabelaboscov.virgula.uol.com.br/index.php/2016/02/19/rams-theeb/ after 3 attempts, skipping...
[ERROR - 2025-10-25 20:20:23,778 - Worker_0] Status code == 404 for http://cenapop.virgula.uol.com.br/2016/02/19/107898-colar-fita-para-levantar-os-seios-como-fez-kim-kardashian-pode-trazer-danos-a-pele/, skipping...
[ERROR - 2025-10-25 20:20:26,658 - Worker_3] Status code == 403 for http://nagradedomma.blogosfera.uol.com.br/2016/02/17/da-estreia-ao-topo-em-11-meses-cowboy-nao-teme-cerrone-eu-dominava-boi/, skipping...
[ERROR - 2025-10-25 20:20:31,234 - Worker_3] Status code == 403 for http://oblogdorugbi.blogosfera.uol.com.br/2016/02/19/selecao-tem-fase-mais-dura-do-americas-rugby-championship-no-frio-do-canada/, skipping...
[ERROR - 2025-10-25 20:20:56,358 - Worker_4] Status code == 403 for http://vinteum.blogosfera.uol.com.br/2016/02/19/varejao-esta-sem-clube-ok-quais-sao-os-proximos-passos/, skipping...
[ERROR - 2025-10-25 20:21:16,977 - Worker_1] Status code == 403 for http://blogdobaldini.blogosfera.uol.com.br/2016/02/19/patrick-teixeira-vai-lutar-na-nova-arena-de-las-vegas-adversario-e-bom/, skipping...
[ERROR - 2025-10-25 20:21:17,579 - Worker_2] Status code == 403 for http://reginanavarro.blogosfera.uol.com.br/2016/02/18/e-insuportavel-a-presenca-dele-ao-meu-lado-ele-me-oprime/, skipping...
[ERROR - 2025-10-25 20:21:27,488 - Worker_3] Status code == 403 for http://noticias.uol.com.br/internacional/ultimas-noticias/2016/02/20/garotinha-se-desespera-ao-descobrir-que-obama-nao-sera-mais-presidente.htm, skipping...
[ERROR - 2025-10-25 20:21:31,645 - Worker_3] Status code == 403 for http://noticias.uol.com.br/ultimas-noticias/agencia-estado/2016/02/20/paciente-com-suspeita-de-guillain-barre-morre-em-ribeirao-preto.htm, skipping...
[ERROR - 2025-10-25 20:21:31,901 - Worker_1] Status code == 403 for http://noticias.uol.com.br/ciencia/ultimas-noticias/reuters/2016/02/20/richard-branson-quer-levar-voce-para-o-espaco-com-esta-nova-nave.htm, skipping...
[ERROR - 2025-10-25 20:21:32,579 - Worker_4] Status code == 403 for http://noticias.uol.com.br/ultimas-noticias/reuters/2016/02/20/homem-escapa-por-pouco-de-ser-atropelado-por-trem-na-australia.htm, skipping...
[ERROR - 2025-10-25 20:21:34,759 - Worker_2] Status code == 403 for http://blogdosakamoto.blogosfera.uol.com.br/2016/02/20/umberto-eco-a-morte-e-a-legiao-de-imbecis-nas-redes-sociais/, skipping...
[ERROR - 2025-10-25 20:21:36,068 - Worker_1] Status code == 403 for http://noticias.uol.com.br/cotidiano/ultimas-noticias/2016/02/19/apos-decisao-do-stf-condenado-por-torturar-menino-e-preso-em-sao-paulo.htm, skipping...
[ERROR - 2025-10-25 20:21:36,964 - Worker_4] Status code == 403 for http://nagradedomma.blogosfera.uol.com.br/2016/02/20/lenda-royce-gracie-volta-apos-nove-anos-e-vence-com-um-estranho-nocaute/, skipping...
[ERROR - 2025-10-25 20:21:40,781 - Worker_1] Status code == 403 for http://tecnologia.uol.com.br/noticias/redacao/2016/02/20/pai-transforma-filhos-em-homem-de-meia-idade-e-video-viraliza.htm, skipping...
[ERROR - 2025-10-25 20:21:43,549 - Worker_3] Status code == 502 for http://blog.jovempan.uol.com.br/technews/2016/02/prepare-o-bolso-preco-de-smartphones-pode-subir-mais-ainda/, skipping...
[ERROR - 2025-10-25 20:21:44,962 - Worker_4] Status code == 404 for http://esporte.uol.com.br/mma/ultimas-noticias/2016/02/20/furioso-ken-shamrock-critica-arbitragem-em-luta-contra-royce-gracie.htm, skipping...
[ERROR - 2025-10-25 20:21:47,338 - Worker_0] Status code == 403 for http://noticias.uol.com.br/midiaglobal/lemonde/2016/02/20/guerrilha-considerada-menor-eln-ameaca-acordo-de-paz-na-colombia.htm, skipping...
[ERROR - 2025-10-25 20:21:50,013 - Worker_3] Status code == 403 for http://noticias.uol.com.br/cotidiano/ultimas-noticias/2016/02/20/mega-sena-pode-pagar-r-30-milhoes-veja-as-dezenas-sorteadas.htm, skipping...
[ERROR - 2025-10-25 20:21:50,522 - Worker_1] Status code == 403 for http://blogdomenon.blogosfera.uol.com.br/2016/02/20/pressao-da-globo-faz-sao-paulo-ceder-ataide-e-elogiado-pela-negociacao/, skipping...
[ERROR - 2025-10-25 20:21:53,884 - Worker_4] Status code == 403 for http://noticias.uol.com.br/ultimas-noticias/agencia-estado/2016/02/20/militares-encontram-642-mil-focos-de-aedes-no-pais.htm, skipping...
[ERROR - 2025-10-25 20:21:53,905 - Worker_0] Status code == 403 for http://pvc.blogosfera.uol.com.br/2016/02/20/as-perdas-de-palmeiras-e-santos-em-dois-meses-desde-a-copa-do-brasil/, skipping...
[ERROR - 2025-10-25 20:21:54,244 - Worker_3] Status code == 403 for http://fastfut.blogosfera.uol.com.br/2016/02/20/atuais-campeas-olimpicas-norte-americanas-garantem-vaga-no-rio/, skipping...
[ERROR - 2025-10-25 20:22:00,915 - Worker_3] Status code == 403 for http://combaterock.blogosfera.uol.com.br/2016/02/21/ultraje-a-rigor-rebate-criticas-e-nega-que-tenham-sido-vaiados-pelo-publico/, skipping...
[ERROR - 2025-10-25 20:22:04,717 - Worker_1] Status code == 403 for http://noticias.uol.com.br/ciencia/ultimas-noticias/the-new-york-times/2016/02/21/quantas-bacterias-vivem-no-seu-corpo-apenas-40-trilhoes-segundo-estudo.htm, skipping...
[ERROR - 2025-10-25 20:22:05,101 - Worker_3] Status code == 403 for http://noticias.uol.com.br/ultimas-noticias/agencia-estado/2016/02/21/lava-jato-preve-ja-para-este-ano-prisao-de-condenados.htm, skipping...
[ERROR - 2025-10-25 20:22:05,744 - Worker_4] Status code == 403 for http://noticias.uol.com.br/ultimas-noticias/reuters/2016/02/21/trump-nega-ter-tirado-jeb-bush-da-disputa-presidencial-nos-eua.htm, skipping...
[ERROR - 2025-10-25 20:22:05,745 - Worker_0] Status code == 403 for http://balanacesta.blogosfera.uol.com.br/2016/02/20/mogi-vence-bauru-e-embola-o-grupo-na-liga-das-americas/, skipping...
[ERROR - 2025-10-25 20:22:09,913 - Worker_4] Status code == 403 for http://noticias.uol.com.br/ultimas-noticias/reuters/2016/02/21/super-ciclone-em-fiji-mata-cinco-e-cria-risco-de-crise-de-saude-no-pais.htm, skipping...
[ERROR - 2025-10-25 20:22:10,220 - Worker_0] Status code == 403 for http://tecnologia.uol.com.br/noticias/redacao/2016/02/21/lg-lanca-g5-com-corpo-metalico-e-ainda-assim-bateria-removivel.htm, skipping...
[ERROR - 2025-10-25 20:22:12,970 - Worker_2] Status code == 403 for http://blogdoico.blogosfera.uol.com.br/2016/02/21/time-norte-americano-chega-na-formula-1-autossuficiente/, skipping...
[ERROR - 2025-10-25 20:22:14,152 - Worker_4] Status code == 403 for http://blogdoavallone.blogosfera.uol.com.br/2016/02/20/nao-houve-classico-eis-o-que-houve/, skipping...
[ERROR - 2025-10-25 20:22:16,930 - Worker_3] Status code == 403 for http://tecnologia.uol.com.br/album/2016/02/10/zuckerberg-no-facebook.htm?abrefoto=13, skipping...
[ERROR - 2025-10-25 20:22:18,353 - Worker_4] Status code == 403 for http://noticias.uol.com.br/ultimas-noticias/agencia-estado/2016/02/21/mulher-indenizara-ex-companheiro-por-falsa-paternidade.htm, skipping...
[ERROR - 2025-10-25 20:22:20,925 - Worker_1] Status code == 403 for http://noticias.uol.com.br/midiaglobal/lemonde/2016/02/21/na-russia-de-putin-uma-bomba-relogio-chamada-lenin.htm, skipping...
[ERROR - 2025-10-25 20:22:25,103 - Worker_1] Status code == 403 for http://noticias.uol.com.br/internacional/ultimas-noticias/2016/02/21/atentados-em-homs-e-damasco-matam-mais-de-100-na-siria.htm, skipping...
[ERROR - 2025-10-25 20:22:25,117 - Worker_4] Status code == 403 for http://mauriciostycer.blogosfera.uol.com.br/2016/02/21/serie-sobre-crime-nos-anos-90-mostra-um-kardashian-que-nao-queria-a-fama/, skipping...
[ERROR - 2025-10-25 20:22:31,886 - Worker_4] Status code == 403 for http://blogdomenon.blogosfera.uol.com.br/2016/02/21/ataide-escreve-ao-blog-e-abre-as-duas-propostas/, skipping...
[ERROR - 2025-10-25 20:22:36,338 - Worker_4] Status code == 403 for http://josiasdesouza.blogosfera.uol.com.br/2016/02/21/haddad-ve-falha-na-gestao-economica-de-dilma/, skipping...
[ERROR - 2025-10-25 20:22:42,957 - Worker_0] Status code == 403 for http://uolesporte.blogosfera.uol.com.br/2016/02/17/lindsey-vonn-tambem-posa-nua-com-corpo-pintado-e-ainda-faz-exercicios, skipping...
[ERROR - 2025-10-25 20:22:43,497 - Worker_1] Status code == 403 for http://noticias.uol.com.br/saude/ultimas-noticias/estado/2016/02/21/neurologistas-propoem-cartilha-para-diagnostico-da-sindrome-de-guillain-barre.htm, skipping...
[ERROR - 2025-10-25 20:22:45,544 - Worker_2] Status code == 403 for http://uolesporte.blogosfera.uol.com.br/2016/02/21/dzeko-perde-gol-incrivel-para-a-roma-mas-consegue-se-redimir-veja/, skipping...
[ERROR - 2025-10-25 20:22:49,792 - Worker_0] Status code == 403 for http://tecnologia.uol.com.br/noticias/redacao/2016/02/21/galaxy-s7-tem-tela-que-nunca-apaga-e-promete-melhores-fotos-no-escuro.htm, skipping...
[ERROR - 2025-10-25 20:22:52,284 - Worker_2] Status code == 403 for http://blogdoperrone.blogosfera.uol.com.br/2016/02/globo-x-esporte-interativo-chega-ao-vestiario-do-sao-paulo/, skipping...
[ERROR - 2025-10-25 20:22:54,253 - Worker_0] Status code == 403 for http://matias.blogosfera.uol.com.br/2016/02/21/o-que-falta-para-vinyl-a-serie-de-jagger-e-scorsese-ser-boa-de-verdade/, skipping...
[ERROR - 2025-10-25 20:23:01,584 - Worker_0] Status code == 404 for http://futebol.placar.esporte.uol.com.br/futebol/paulista/2016/02/21/ferroviaria-sp-x-corinthians.htm, skipping...
[ERROR - 2025-10-25 20:23:06,075 - Worker_0] Status code == 403 for http://futebolemnumeros.blogosfera.uol.com.br/2016/02/20/neymar-30o-maior-artilheiro-do-barcelona/, skipping...
[ERROR - 2025-10-25 20:23:10,676 - Worker_4] Status code == 403 for http://blogdojuca.uol.com.br/2016/02/sao-paulo-tenha-piedade-sobrevive-ao-rio-claro/, skipping...
[ERROR - 2025-10-25 20:23:14,814 - Worker_0] Status code == 403 for http://noticias.uol.com.br/ciencia/ultimas-noticias/bbc/2016/02/21/cidades-submarinas-e-arranha-ceus-subterraneos-a-vida-dentro-de-100-anos.htm, skipping...
[ERROR - 2025-10-25 20:23:19,000 - Worker_0] Status code == 403 for http://noticias.uol.com.br/ultimas-noticias/bbc/2016/02/22/americana-de-106-anos-danca-de-alegria-em-encontro-com-casal-obama.htm, skipping...
[ERROR - 2025-10-25 20:23:26,500 - Worker_2] Status code == 403 for http://blogdojuca.uol.com.br/2016/02/a-revolucao-vira-das-arquibancadas/, skipping...
[ERROR - 2025-10-25 20:23:27,370 - Worker_3] Status code == 403 for http://blogdojuca.uol.com.br/2016/02/melhor-teria-sido-nao-haver-o-classico-paulista/, skipping...
[ERROR - 2025-10-25 20:23:32,980 - Worker_0] Status code == 403 for http://pvc.blogosfera.uol.com.br/2016/02/22/por-adiantamento-clubes-aceitam-reducao-de-25-do-cotas-de-tv/, skipping...
[ERROR - 2025-10-25 20:23:33,273 - Worker_2] Status code == 403 for http://reginanavarro.blogosfera.uol.com.br/2016/02/22/o-homem-e-mais-infiel-do-que-a-mulher-por-que/, skipping...
[ERROR - 2025-10-25 20:23:37,451 - Worker_2] Status code == 403 for http://mauriciostycer.blogosfera.uol.com.br/2016/02/21/silvio-santos-veste-o-uniforme-de-ferias-na-florida/, skipping...
[ERROR - 2025-10-25 20:23:41,729 - Worker_2] Status code == 403 for http://fernandorodrigues.blogosfera.uol.com.br/2016/02/22/pf-apreende-colecao-de-carros-de-operador-da-lava-jato/, skipping...
[ERROR - 2025-10-25 20:23:54,509 - Worker_4] Failed to connect with http://paranaportal.uol.com.br/blog/2016/02/22/chuvas-fortes-interditam-mais-dois-trechos-de-rodovias-no-parana/ after 3 attempts, skipping...
[ERROR - 2025-10-25 20:24:04,022 - Worker_1] Status code == 403 for http://fernandorodrigues.blogosfera.uol.com.br/2016/02/22/lula-assinou-acordo-de-extradicao-que-pode-trazer-joao-santana-ao-brasil/, skipping...
[ERROR - 2025-10-25 20:24:05,504 - Worker_2] Status code == 403 for http://blogdoperrone.blogosfera.uol.com.br/2016/02/apos-nove-meses-investigacao-sobre-comissao-suspeita-nao-terminou-no-spfc/, skipping...
[ERROR - 2025-10-25 20:24:07,668 - Worker_3] Status code == 403 for http://blogdobrito.blogosfera.uol.com.br/2016/02/22/um-pouco-de-diarreia-vale-uma-medalha-olimpica-diz-atleta-dos-eua/, skipping...
[ERROR - 2025-10-25 20:24:08,382 - Worker_1] Status code == 403 for http://josiasdesouza.blogosfera.uol.com.br/2016/02/21/haddad-ve-falha-na-gestao-economica-de-dilma/, skipping...
[ERROR - 2025-10-25 20:24:14,763 - Worker_0] Status code == 403 for http://economia.uol.com.br/cotacoes/noticias/redacao/2016/02/22/dolar-cai-18-no-segundo-dia-seguido-de-baixa-e-fecha-a-r-395.htm, skipping...
[ERROR - 2025-10-25 20:24:17,210 - Worker_1] Status code == 404 for http://revistacult.uol.com.br/home/2016/02/sociedade-brasileira-violencia-e-autoritarismo-por-todos-os-lados/, skipping...
[ERROR - 2025-10-25 20:24:17,257 - Worker_2] Status code == 403 for http://blogdorafaelreis.blogosfera.uol.com.br/2016/02/22/roupa-da-fisioterapeuta-fez-lateral-islamico-deixar-vice-lider-do-frances/, skipping...
[ERROR - 2025-10-25 20:24:21,495 - Worker_1] Status code == 403 for http://noticias.uol.com.br/midiaglobal/nytimes/2016/02/22/nao-violar-os-interesses-nacionais-e-um-dos-votos-de-casamento-na-china.htm, skipping...
[ERROR - 2025-10-25 20:24:21,497 - Worker_0] Status code == 403 for http://noticias.uol.com.br/cotidiano/ultimas-noticias/2016/02/22/desabamento-de-viaduto-em-construcao-deixa-pelo-menos-2-mortos-em-fortaleza.htm, skipping...
[ERROR - 2025-10-25 20:24:27,233 - Worker_4] Status code == 403 for http://noticias.uol.com.br/ultimas-noticias/reuters/2016/02/23/senado-aprova-mp-692-que-eleva-ir-sobre-ganho-de-capital.htm, skipping...
[ERROR - 2025-10-25 20:24:28,238 - Worker_0] Status code == 403 for http://noticias.uol.com.br/ultimas-noticias/agencia-estado/2016/02/23/gil-rugai-e-transferido-para-penitenciaria-de-tremembe.htm, skipping...
[ERROR - 2025-10-25 20:24:31,441 - Worker_4] Status code == 403 for http://noticias.uol.com.br/ultimas-noticias/agencia-estado/2016/02/23/novo-zoneamento-dobra-a-altura-dos-edificios-em-8-da-cidade-de-sao-paulo.htm, skipping...
[ERROR - 2025-10-25 20:24:39,738 - Worker_2] Status code == 403 for http://economia.uol.com.br/blogs-e-colunas/coluna/daniela-lago/2016/02/17/esta-angustiado-no-trabalho-reflita-sobre-os-objetivos-da-sua-carreira.htm, skipping...
[ERROR - 2025-10-25 20:24:41,950 - Worker_3] Status code == 403 for http://blogdojuca.uol.com.br/2016/02/cbf-decide-punir-suborno-drogas-ilicitas-e-falsificacoes/, skipping...
[ERROR - 2025-10-25 20:24:43,057 - Worker_0] Status code == 403 for http://blogdosakamoto.blogosfera.uol.com.br/2016/02/23/por-uma-eleicao-em-que-marqueteiros-nao-sejam-os-protagonistas/, skipping...
[ERROR - 2025-10-25 20:24:43,632 - Worker_1] Status code == 403 for http://tecnologia.uol.com.br/noticias/redacao/2016/02/23/mastercard-passara-usar-selfies-para-validar-compras-online.htm, skipping...
[ERROR - 2025-10-25 20:24:47,228 - Worker_0] Status code == 403 for http://noticias.uol.com.br/ultimas-noticias/agencia-estado/2016/02/23/patrimonio-de-marqueteiro-saltou-de-r-1-milhao-para-r-59-milhoes.htm, skipping...
[ERROR - 2025-10-25 20:24:47,870 - Worker_1] Status code == 403 for http://futebolemnumeros.blogosfera.uol.com.br/2016/02/22/palmeiras-ganhou-so-5-dos-ultimos-20-jogos/, skipping...
[ERROR - 2025-10-25 20:24:58,489 - Worker_3] Status code == 403 for http://noticias.uol.com.br/midiaglobal/lemonde/2016/02/23/capital-do-carvao-e-atingida-em-cheio-pela-desaceleracao-da-economia-chinesa.htm, skipping...
[ERROR - 2025-10-25 20:25:02,267 - Worker_1] Status code == 403 for http://noticias.uol.com.br/cotidiano/ultimas-noticias/2016/02/23/lista-traz-as-melhores-cidades-do-mundo-em-qualidade-de-vida-brasil-vai-mal.htm, skipping...
[ERROR - 2025-10-25 20:25:02,693 - Worker_3] Status code == 403 for http://economia.uol.com.br/cotacoes/noticias/redacao/2016/02/23/bolsa-cai-165-puxada-por-vale-e-petrobras-apos-forte-alta-na-vespera.htm, skipping...
[ERROR - 2025-10-25 20:25:14,839 - Worker_3] Status code == 403 for http://noticias.uol.com.br/cotidiano/ultimas-noticias/2016/02/23/condenado-por-matar-eliza-samudio-bola-tem-churrasco-e-cerveja-na-prisao.htm, skipping...
[ERROR - 2025-10-25 20:25:21,692 - Worker_3] Status code == 403 for http://pvc.blogosfera.uol.com.br/2016/02/23/as-redes-sociais-e-o-comite-de-reforma-da-cbf/, skipping...
[ERROR - 2025-10-25 20:25:26,242 - Worker_3] Status code == 403 for http://josiasdesouza.blogosfera.uol.com.br/2016/02/21/haddad-ve-falha-na-gestao-economica-de-dilma/, skipping...
[ERROR - 2025-10-25 20:25:26,255 - Worker_1] Status code == 403 for http://fastfut.blogosfera.uol.com.br/2016/02/23/tardelli-marca-shandong-luneng-vence-na-abertura-da-champions-da-asia/, skipping...
[ERROR - 2025-10-25 20:25:32,858 - Worker_3] Status code == 403 for http://economia.uol.com.br/cotacoes/noticias/redacao/2016/02/23/dolar-sobe-apos-duas-quedas-seguidas-e-fecha-em-alta-de-032-a-r-3963.htm, skipping...
[ERROR - 2025-10-25 20:25:37,129 - Worker_3] Status code == 403 for http://noticias.uol.com.br/ultimas-noticias/bbc/2016/02/23/encarada-de-filhote-de-foca-esta-entre-finalistas-de-sony-awards.htm, skipping...
[ERROR - 2025-10-25 20:25:41,294 - Worker_3] Status code == 403 for http://noticias.uol.com.br/politica/ultimas-noticias/2016/02/23/conselho-de-etica-debate-mas-nao-consegue-votar-parecer-contra-cunha.htm, skipping...
[ERROR - 2025-10-25 20:25:46,633 - Worker_2] Failed to connect with http://esporte.uol.com.br/futebol/ultimas-noticias/2016/02/23/elias-se-irrita-com-corinthians-e-cre-em-erro-medico-grava-admite-fissura.htm after 3 attempts, skipping...
[ERROR - 2025-10-25 20:25:48,911 - Worker_4] Status code == 403 for http://noticias.uol.com.br/ultimas-noticias/agencia-estado/2016/02/23/procuradoria-pede-a-fachin-prisao-do-ex-senador-luiz-estevao.htm, skipping...
[ERROR - 2025-10-25 20:25:55,300 - Worker_1] Status code == 403 for http://noticias.uol.com.br/album/album-do-dia/2016/02/23/imagens-do-dia---23-de-fevereiro-de-2016.htm?abrefoto=4, skipping...
[ERROR - 2025-10-25 20:25:57,645 - Worker_3] Status code == 403 for http://josiasdesouza.blogosfera.uol.com.br/2016/02/23/joao-santana-precisa-de-um-bom-marqueteiro/, skipping...
[ERROR - 2025-10-25 20:25:59,024 - Worker_4] Status code == 403 for http://mauriciostycer.blogosfera.uol.com.br/2016/02/22/bbb16-juliana-tem-98-de-mencoes-negativas-nas-redes-sociais/, skipping...
[ERROR - 2025-10-25 20:26:05,070 - Worker_0] Failed to connect with http://paranaportal.uol.com.br/blog/2016/02/23/nao-vou-baixar-a-cabeca-declara-mulher-de-marketeiro-do-pt/ after 3 attempts, skipping...
[ERROR - 2025-10-25 20:26:10,039 - Worker_3] Status code == 403 for http://noticias.uol.com.br/midiaglobal/lemonde/2016/02/24/mauricio-macri-enfrenta-a-resistencia-das-ruas-na-argentina.htm, skipping...
[ERROR - 2025-10-25 20:26:13,706 - Worker_2] Status code == 403 for http://noticias.uol.com.br/cotidiano/ultimas-noticias/2016/02/24/confira-os-numeros-da-mega-sena-desta-quarta-feira.htm, skipping...
[ERROR - 2025-10-25 20:26:17,227 - Worker_0] Status code == 403 for http://noticias.uol.com.br/ultimas-noticias/agencia-estado/2016/02/24/manobras-escondem-mortes-cometidas-pela-policia-no-brasil-acusa-onu.htm, skipping...
[ERROR - 2025-10-25 20:26:17,805 - Worker_4] Status code == 403 for http://noticias.uol.com.br/ultimas-noticias/bbc/2016/02/23/misterioso-ruido-atormenta-sono-de-suburbio-nos-eua.htm, skipping...
[ERROR - 2025-10-25 20:26:20,107 - Worker_2] Status code == 403 for http://noticias.uol.com.br/saude/ultimas-noticias/bbc/2016/02/24/vida-sedentaria-a-partir-dos-40-reduz-tamanho-do-cerebro-diz-estudo.htm, skipping...
[ERROR - 2025-10-25 20:26:23,766 - Worker_0] Status code == 403 for http://blogdoboleiro.blogosfera.uol.com.br/2016/02/24/santos-libera-ricardo-oliveira-para-china-salario-sera-de-r-2-mi-por-mes/, skipping...
[ERROR - 2025-10-25 20:26:26,568 - Worker_2] Status code == 403 for http://noticias.uol.com.br/cotidiano/ultimas-noticias/2016/02/23/lista-traz-as-melhores-cidades-do-mundo-em-qualidade-de-vida-brasil-vai-mal.htm, skipping...
[ERROR - 2025-10-25 20:26:28,289 - Worker_3] Status code == 403 for http://educacao.uol.com.br/colunas/priscila-cruz/2016/02/24/por-que-a-escola-particular-nao-e-melhor-que-a-publica.htm, skipping...
[ERROR - 2025-10-25 20:26:30,494 - Worker_0] Status code == 403 for http://educacao.uol.com.br/noticias/2016/02/24/aluno-gay-e-espancado-a-pauladas-por-cinco-jovens-em-frente-a-escola-em-sp.htm, skipping...
[ERROR - 2025-10-25 20:26:34,745 - Worker_0] Status code == 403 for http://blogdomenon.blogosfera.uol.com.br/2016/02/24/teto-cai-sobre-a-arrogancia-da-fiel/, skipping...
[ERROR - 2025-10-25 20:26:38,061 - Worker_3] Status code == 403 for http://balanacesta.blogosfera.uol.com.br/2016/02/24/raulzinho-perde-espaco-com-a-chegada-de-novo-armador-no-utah-jazz/, skipping...
[ERROR - 2025-10-25 20:26:38,970 - Worker_2] Failed to connect with http://carsale.uol.com.br/ultimas/2016/02/24/com-oito-dias-de-loja-fiat-toro-supera-renault-duster-oroch-nas-vendas-parciais-de-fevereiro/ after 3 attempts, skipping...
[ERROR - 2025-10-25 20:26:51,452 - Worker_2] Status code == 403 for http://negociosdoesporte.blogosfera.uol.com.br/2016/02/24/rede-social-produz-conteudo-e-o-esporte-ganha-com-isso/, skipping...
[ERROR - 2025-10-25 20:27:16,528 - Worker_0] Status code == 403 for http://noticias.uol.com.br/ultimas-noticias/agencia-estado/2016/02/24/crivella-acerta-filiacao-ao-psb-e-deve-disputar-prefeitura-do-rio.htm, skipping...
[ERROR - 2025-10-25 20:27:23,047 - Worker_0] Status code == 403 for http://noticias.uol.com.br/saude/ultimas-noticias/redacao/2016/02/24/zika-e-culpada-ate-que-se-prove-o-contrario-diz-oms-sobre-microcefalia.htm, skipping...
[ERROR - 2025-10-25 20:27:23,711 - Worker_2] Status code == 404 for http://esporte.uol.com.br/tenis/ultimas-noticias/2016/02/24/tenista-alemao-leva-calote-de-torneio-em-sp-e-desabafa-e-uma-piada.htm, skipping...
[ERROR - 2025-10-25 20:27:27,891 - Worker_2] Status code == 403 for http://noticias.uol.com.br/ultimas-noticias/redacao/2016/02/25/estreia-no-uol-o-site-de-informacoes-juridicas-jota.htm, skipping...
[ERROR - 2025-10-25 20:27:39,187 - Worker_2] Status code == 403 for http://noticias.uol.com.br/album/album-do-dia/2016/02/24/imagens-do-dia---24-de-fevereiro-de-2016.htm?abrefoto=13, skipping...
[ERROR - 2025-10-25 20:27:46,630 - Worker_4] Status code == 403 for http://noticias.uol.com.br/midiaglobal/lemonde/2016/02/25/escritor-egipcio-e-condenado-a-prisao-por-suas-ousadias-eroticas.htm, skipping...
[ERROR - 2025-10-25 20:27:51,999 - Worker_3] Status code == 403 for http://noticias.uol.com.br/blogs-e-colunas/coluna/jorge-ramos/2016/02/25/opiniao-cuba-libre-em-qualquer-bar-sabe-se-que-isso-e-uma-mentira.htm, skipping...
[ERROR - 2025-10-25 20:27:58,450 - Worker_4] Status code == 403 for http://nagradedomma.blogosfera.uol.com.br/2016/02/25/podcast-1-a-volta-de-anderson-silva/, skipping...
[ERROR - 2025-10-25 20:28:02,261 - Worker_3] Failed to connect with http://paranaportal.uol.com.br/blog/2016/02/25/testemunha-que-deu-origem-a-operacao-vortex-e-assassinada-com-17-tiros/ after 3 attempts, skipping...
[ERROR - 2025-10-25 20:28:04,928 - Worker_4] Status code == 403 for http://noticias.uol.com.br/cotidiano/ultimas-noticias/2016/02/25/cidade-de-sao-paulo-tem-mais-de-200-rios-quantos-voce-ve.htm, skipping...
[ERROR - 2025-10-25 20:28:06,556 - Worker_3] Status code == 403 for http://uolesporte.blogosfera.uol.com.br/2016/02/25/roupa-de-acompanhante-impede-encontro-entre-ronaldo-e-papa-francisco/, skipping...
[ERROR - 2025-10-25 20:28:39,863 - Worker_1] Status code == 403 for http://noticias.uol.com.br/cotidiano/ultimas-noticias/2016/02/23/lista-traz-as-melhores-cidades-do-mundo-em-qualidade-de-vida-brasil-vai-mal.htm, skipping...
[ERROR - 2025-10-25 20:28:44,048 - Worker_1] Status code == 403 for http://noticias.uol.com.br/ultimas-noticias/bbc/2016/02/25/chines-gasta-economias-e-constroi-aeronave-no-jardim-por-sonho-de-infancia.htm, skipping...
[ERROR - 2025-10-25 20:28:52,785 - Worker_1] Status code == 403 for http://noticias.uol.com.br/saude/ultimas-noticias/estado/2016/02/25/ministerio-reconhece-risco-de-aumento-de-casos-de-zika-e-microcefalia.htm, skipping...
[ERROR - 2025-10-25 20:28:56,118 - Worker_4] Status code == 403 for http://noticias.uol.com.br/ultimas-noticias/ansa/2016/02/25/senado-aprova-uniao-civil-gay-na-italia-mas-proibe-adocao.htm, skipping...
[ERROR - 2025-10-25 20:29:00,311 - Worker_4] Status code == 403 for http://noticias.uol.com.br/ultimas-noticias/agencia-estado/2016/02/25/policia-militar-expulsa-sete-policiais-envolvidos-no-caso-amarildo.htm, skipping...
[ERROR - 2025-10-25 20:29:06,728 - Worker_3] Status code == 403 for http://noticias.uol.com.br/saude/ultimas-noticias/redacao/2016/02/25/bebe-de-mae-com-zika-tinha-liquido-no-lugar-do-cerebro-diz-estudo.htm, skipping...
[ERROR - 2025-10-25 20:29:06,833 - Worker_1] Status code == 404 for http://futebol.placar.esporte.uol.com.br/futebol/carioca/2016/02/25/vasco-x-friburguense.htm, skipping...
[ERROR - 2025-10-25 20:29:06,879 - Worker_4] Status code == 403 for http://blogdoboleiro.blogosfera.uol.com.br/2016/02/25/nicolelis-pressao-sobre-tecnico-do-palmeiras-e-tremenda-e-atrapalha/, skipping...
[ERROR - 2025-10-25 20:29:11,624 - Worker_0] Status code == 403 for http://mauriciostycer.blogosfera.uol.com.br/2016/02/25/silvio-santos-sem-filtros/, skipping...
[ERROR - 2025-10-25 20:29:21,722 - Worker_3] Status code == 403 for http://noticias.uol.com.br/cotidiano/ultimas-noticias/2016/02/25/premio-de-r-35-milhoes-da-mega-daria-para-manter-cidade-de-mg-por-2-anos.htm, skipping...
[ERROR - 2025-10-25 20:29:25,547 - Worker_2] Status code == 403 for http://futebolemnumeros.blogosfera.uol.com.br/2016/02/25/sao-paulo-menor-publico-desde-2008/, skipping...
[ERROR - 2025-10-25 20:29:25,964 - Worker_3] Status code == 403 for http://diarionfl.blogosfera.uol.com.br/2016/02/25/comparando-jogadores-do-draft-com-atletas-da-nfl/, skipping...
[ERROR - 2025-10-25 20:29:40,822 - Worker_4] Status code == 403 for http://noticias.uol.com.br/midiaglobal/lemonde/2016/02/26/egito-descamba-para-uma-repressao-a-la-pinochet.htm, skipping...
[ERROR - 2025-10-25 20:29:55,075 - Worker_3] Status code == 403 for http://noticias.uol.com.br/cotidiano/ultimas-noticias/2016/02/26/caixa-pode-pagar-r-30-milhoes-em-sorteio-da-lotomania-de-pascoa.htm, skipping...
[ERROR - 2025-10-25 20:29:59,290 - Worker_3] Status code == 403 for http://noticias.uol.com.br/politica/ultimas-noticias/2016/02/26/mp-vai-analisar-compra-de-apartamento-por-chefe-da-casa-civil-de-alckmin.htm, skipping...
[ERROR - 2025-10-25 20:30:05,969 - Worker_1] Status code == 403 for http://noticias.uol.com.br/saude/ultimas-noticias/redacao/2016/02/26/medica-confundiu-zika-com-alergia-conta-mae-de-bebe-com-microcefalia-em-pe.htm, skipping...
[ERROR - 2025-10-25 20:30:08,000 - Worker_2] Status code == 403 for http://noticias.uol.com.br/politica/ultimas-noticias/2016/02/26/policia-federal-pede-prorrogacao-de-prisao-do-marqueteiro-joao-santana.htm, skipping...
[ERROR - 2025-10-25 20:30:10,132 - Worker_1] Status code == 403 for http://noticias.uol.com.br/cotidiano/ultimas-noticias/2016/02/26/alta-temporada-turistica-tem-aumento-de-45-nos-roubos-a-celulares-no-rio.htm, skipping...
[ERROR - 2025-10-25 20:30:14,383 - Worker_1] Status code == 403 for http://rodrigomattos.blogosfera.uol.com.br/2016/02/26/infantino-nao-e-uma-revolucao-mas-pelo-menos-tem-nome-limpo/, skipping...
[ERROR - 2025-10-25 20:30:21,999 - Worker_0] Status code == 403 for http://noticias.uol.com.br/ultimas-noticias/efe/2016/02/26/uso-de-jesus-cristo-em-campanha-sobre-adocao-gay-causa-polemica-em-portugal.htm, skipping...
[ERROR - 2025-10-25 20:30:25,649 - Worker_1] Status code == 403 for http://noticias.uol.com.br/politica/ultimas-noticias/2016/02/26/secretario-diz-que-nao-conhece-empreiteiro-e-cita-informacao-confusa.htm, skipping...
[ERROR - 2025-10-25 20:30:26,343 - Worker_0] Status code == 403 for http://uolesporte.blogosfera.uol.com.br/2016/02/25/roupa-de-acompanhante-impede-encontro-entre-ronaldo-e-papa-francisco/, skipping...
[ERROR - 2025-10-25 20:30:35,912 - Worker_1] Status code == 403 for http://balanacesta.blogosfera.uol.com.br/2016/02/26/icone-da-superacao-tamika-catchings-quer-4o-ouro-olimpico-no-rio-2016/, skipping...
[ERROR - 2025-10-25 20:30:37,557 - Worker_3] Status code == 403 for http://mauriciostycer.blogosfera.uol.com.br/2016/02/26/29582/, skipping...
[ERROR - 2025-10-25 20:30:46,421 - Worker_4] Failed to connect with http://carsale.uol.com.br/ultimas/2016/02/26/projecao-mostra-que-o-novo-ka-europeu-e-o-brasileiro/ after 3 attempts, skipping...
[ERROR - 2025-10-25 20:30:50,652 - Worker_1] Status code == 403 for http://oblogdorugbi.blogosfera.uol.com.br/2016/02/26/diario-do-ige-em-barueri-nosso-rival-mais-duro-no-americas-championship/, skipping...
[ERROR - 2025-10-25 20:30:56,520 - Worker_3] Status code == 403 for http://blogdomariomagalhaes.blogosfera.uol.com.br/2016/02/26/pobre-nao-entra-maior-vergonha-do-zoologico-seria-virar-programa-vip/, skipping...
[ERROR - 2025-10-25 20:30:59,644 - Worker_1] Status code == 403 for http://companhiadeviagem.blogosfera.uol.com.br/2016/02/26/18-cidades-construidas-a-beira-de-um-precipicio/, skipping...
[ERROR - 2025-10-25 20:31:05,349 - Worker_3] Status code == 403 for http://nagradedomma.blogosfera.uol.com.br/2016/02/26/anderson-silva-tem-ultima-chance-de-redencao-de-seu-legado-no-ufc/, skipping...
[ERROR - 2025-10-25 20:31:11,234 - Worker_1] Status code == 403 for http://noticias.uol.com.br/ultimas-noticias/agencia-estado/2016/02/26/justica-libera-foie-gras-em-sao-paulo.htm, skipping...
[ERROR - 2025-10-25 20:31:19,964 - Worker_2] Status code == 403 for http://noticias.uol.com.br/saude/ultimas-noticias/redacao/2016/02/27/franca-diz-ter-detectado-1-caso-de-transmissao-da-zika-por-relacao-sexual.htm, skipping...
[ERROR - 2025-10-25 20:31:24,143 - Worker_2] Status code == 403 for http://noticias.uol.com.br/internacional/ultimas-noticias/2016/02/27/cessar-fogo-na-siria-comeca-com-troca-de-acusacoes-de-violacoes.htm, skipping...
[ERROR - 2025-10-25 20:31:29,771 - Worker_0] Status code == 403 for http://blogdoperrone.blogosfera.uol.com.br/2016/02/caixa-ainda-ve-chance-de-renovar-com-corinthians/, skipping...
[ERROR - 2025-10-25 20:31:35,540 - Worker_2] Status code == 403 for http://noticias.uol.com.br/ultimas-noticias/agencia-estado/2016/02/27/reajuste-do-funcionalismo-custara-r-32-bi-a-governo.htm, skipping...
[ERROR - 2025-10-25 20:31:44,903 - Worker_1] Status code == 403 for http://noticias.uol.com.br/politica/ultimas-noticias/2016/02/26/mp-vai-analisar-compra-de-apartamento-por-chefe-da-casa-civil-de-alckmin.htm, skipping...
[ERROR - 2025-10-25 20:32:01,060 - Worker_3] Status code == 403 for http://noticias.uol.com.br/midiaglobal/freakonomics/2016/02/27/analise-quem-ainda-precisa-de-escrita-cursiva.htm, skipping...
[ERROR - 2025-10-25 20:32:17,298 - Worker_1] Status code == 403 for http://noticias.uol.com.br/ultimas-noticias/bbc/2016/02/27/ex-seguranca-de-lider-norte-coreano-conta-como-foi-preso-e-obrigado-a-comer-ratos.htm, skipping...
[ERROR - 2025-10-25 20:32:28,374 - Worker_3] Status code == 403 for http://noticias.uol.com.br/album/album-do-dia/2016/02/27/imagens-do-dia---27-de-fevereiro-de-2016.htm?abrefoto=11, skipping...
[ERROR - 2025-10-25 20:32:51,014 - Worker_0] Status code == 403 for http://blogdoohata.blogosfera.uol.com.br/2016/02/27/veja-como-a-globo-virou-o-jogo-nos-momentos-finais-para-ganhar-o-sao-paulo, skipping...
[ERROR - 2025-10-25 20:32:58,593 - Worker_4] Status code == 403 for http://blogdoperrone.blogosfera.uol.com.br/2016/02/para-vencer-ferroviaria-fez-tudo-que-palmeiras-nao-consegue/, skipping...
[ERROR - 2025-10-25 20:33:07,161 - Worker_2] Status code == 403 for http://matias.blogosfera.uol.com.br/2016/02/28/por-que-os-rolling-stones-continuam-fazendo-turnes/, skipping...
[ERROR - 2025-10-25 20:33:10,674 - Worker_3] Status code == 403 for http://noticias.bol.uol.com.br/ultimas-noticias/tecnologia/2016/02/22/aplicativo-transforma-voluntarios-em-olhos-de-deficientes-visuais.htm, skipping...
[ERROR - 2025-10-25 20:33:16,060 - Worker_2] Status code == 403 for http://oblogdorugbi.blogosfera.uol.com.br/2016/02/28/brasil-bate-estados-unidos-em-jogo-epico-e-faz-historia-no-rugbi/, skipping...
[ERROR - 2025-10-25 20:33:17,385 - Worker_0] Status code == 403 for http://noticias.uol.com.br/saude/ultimas-noticias/estado/2016/02/28/infestado-pelo-aedes-sergipe-pode-estar-sob-ataque-triplice-de-virus.htm, skipping...
[ERROR - 2025-10-25 20:33:19,498 - Worker_3] Status code == 403 for http://noticias.uol.com.br/album/album-do-dia/2016/02/28/imagens-do-dia---28-de-fevereiro-de-2016.htm?abrefoto=8, skipping...
[ERROR - 2025-10-25 20:33:20,245 - Worker_2] Status code == 403 for http://noticias.uol.com.br/politica/ultimas-noticias/2016/02/26/mp-vai-analisar-compra-de-apartamento-por-chefe-da-casa-civil-de-alckmin.htm, skipping...
[ERROR - 2025-10-25 20:33:23,876 - Worker_0] Status code == 403 for http://noticias.uol.com.br/ultimas-noticias/efe/2016/02/28/governo-russo-admite-morte-dos-26-mineiros-soterrados-no-norte-do-pais.htm, skipping...
[ERROR - 2025-10-25 20:33:28,181 - Worker_0] Status code == 403 for http://nagradedomma.blogosfera.uol.com.br/2016/02/28/arbitro-explica-confusao-e-defende-bisping-nao-poderia-parar-a-luta/, skipping...
[ERROR - 2025-10-25 20:33:28,775 - Worker_3] Status code == 403 for http://noticias.uol.com.br/politica/ultimas-noticias/2016/02/28/em-entrevista-a-jornal-japones-da-federal-diz-que-fama-gerou-inveja-e-ciumes.htm, skipping...
[ERROR - 2025-10-25 20:33:32,383 - Worker_0] Status code == 403 for http://uolesporte.blogosfera.uol.com.br/2016/02/28/errou-o-lado-juve-abre-o-placar-contra-inter-de-milao-com-passe-de-rival/, skipping...
[ERROR - 2025-10-25 20:33:32,865 - Worker_4] Status code == 403 for http://nagradedomma.blogosfera.uol.com.br/2016/02/28/vitoria-contestavel-de-bisping-e-boa-pra-jacare-e-belfort-na-fila-do-titulo/, skipping...
[ERROR - 2025-10-25 20:33:39,406 - Worker_2] Status code == 403 for http://noticias.uol.com.br/ultimas-noticias/efe/2016/02/28/justica-ordena-prisao-preventiva-de-ex-namorada-de-morales-por-corrupcao.htm, skipping...
[ERROR - 2025-10-25 20:33:41,373 - Worker_3] Status code == 403 for http://tecnologia.uol.com.br/noticias/bbc/2016/02/28/o-homem-que-criou-o-pior-videogame-da-historia.htm, skipping...
[ERROR - 2025-10-25 20:33:47,584 - Worker_0] Status code == 403 for http://uolesporte.blogosfera.uol.com.br/2016/02/28/goleiro-marroquino-protagoniza-frango-classico-em-goleada-do-raja/, skipping...
[ERROR - 2025-10-25 20:33:49,382 - Worker_2] Status code == 403 for http://blogdoperrone.blogosfera.uol.com.br/2016/02/corinthians-e-sao-paulo-invertem-papeis-de-nove-anos-atras/, skipping...
[ERROR - 2025-10-25 20:33:52,045 - Worker_1] Status code == 403 for http://noticias.uol.com.br/ultimas-noticias/agencia-estado/2016/02/28/guimaraes-nem-o-governo-pode-ficar-prisioneiro-do-pt-nem-o-pt-do-governo.htm, skipping...
[ERROR - 2025-10-25 20:33:55,967 - Worker_2] Status code == 403 for http://nagradedomma.blogosfera.uol.com.br/2016/02/28/apos-suspeita-de-fratura-anderson-deixa-o-hospital-e-volta-aos-eua/, skipping...
[ERROR - 2025-10-25 20:33:59,895 - Worker_0] Status code == 403 for http://mauriciostycer.blogosfera.uol.com.br/2016/02/27/tvs-correm-atras-da-internet-e-colocam-mc-bin-laden-em-todos-os-programas/, skipping...
[ERROR - 2025-10-25 20:34:03,241 - Worker_1] Status code == 403 for http://noticias.uol.com.br/midiaglobal/nytimes/2016/02/28/cidade-britanica-lidera-revolta-contra-sistema-tributario-que-beneficia-as-multinacionais.htm, skipping...
[INFO - 2025-10-25 20:34:09,061 - MainThread] Processed 2041 links - 1381/2041 succeeded (67.7%).
[INFO - 2025-10-25 20:34:09,061 - MainThread] Total time taken to complete: 59min
