[INFO - 2025-10-21 13:48:34,420 - MainThread] 2341 links from 'out/uol_links/2014/1-2014.txt'.
[ERROR - 2025-10-21 13:48:34,493 - Worker_2] Status code == 403 for http://noticias.uol.com.br/album/album-do-dia/2014/01/01/imagens-do-dia---1-de-janeiro-de-2014.htm?abrefoto=18, skipping...
[ERROR - 2025-10-21 13:48:34,667 - Worker_1] Status code == 403 for http://uolesporte.blogosfera.uol.com.br/2014/01/01/time-da-nba-contrata-garoto-de-8-anos-vitima-de-doenca-grave/, skipping...
[ERROR - 2025-10-21 13:48:34,710 - Worker_4] Status code == 404 for http://carnaval.uol.com.br/2014/salvador/, skipping...
[ERROR - 2025-10-21 13:48:38,537 - Worker_2] Status code == 403 for http://noticias.uol.com.br/album/album-do-dia/2014/01/01/imagens-do-dia---1-de-janeiro-de-2014.htm?abrefoto=36, skipping...
[ERROR - 2025-10-21 13:48:38,712 - Worker_1] Status code == 403 for http://noticias.uol.com.br/cotidiano/ultimas-noticias/2014/01/01/taxistas-sao-flagrados-cobrando-no-tiro-durante-reveillon-em-copacabana.htm, skipping...
[ERROR - 2025-10-21 13:48:38,928 - Worker_0] Status code == 403 for http://noticias.uol.com.br/saude/ultimas-noticias/redacao/2014/01/01/sentir-prazer-com-o-constrangimento-alheio-nao-e-tao-ruim-diz-psicologo.htm, skipping...
[ERROR - 2025-10-21 13:48:41,181 - Worker_4] Status code == 404 for http://carnaval.uol.com.br/2014/recife-e-olinda/, skipping...
[ERROR - 2025-10-21 13:48:42,798 - Worker_2] Status code == 404 for http://carnaval.uol.com.br/2014/sao-paulo/, skipping...
[ERROR - 2025-10-21 13:48:45,249 - Worker_0] Status code == 403 for http://noticias.uol.com.br/ultimas-noticias/afp/2014/01/01/siria-73000-mortos-em-2013-o-ano-mais-sangrento-do-conflito.htm, skipping...
[ERROR - 2025-10-21 13:48:45,252 - Worker_4] Status code == 403 for http://noticias.uol.com.br/cotidiano/ultimas-noticias/2014/01/01/achei-que-fossem-fogos-diz-jovem-baleado-em-tiroteio-no-reveillon-de-copacabana.htm, skipping...
[ERROR - 2025-10-21 13:48:46,847 - Worker_2] Status code == 403 for http://noticias.uol.com.br/saude/ultimas-noticias/redacao/2014/01/01/pesquisa-colaborativa-pode-levar-a-terapias-mais-eficazes-contra-depressao.htm, skipping...
[ERROR - 2025-10-21 13:48:47,922 - Worker_1] Status code == 403 for http://noticias.uol.com.br/ultimas-noticias/bbc/2014/01/01/cratera-gigante-de-40m-aparece-em-parque-britanico.htm, skipping...
[ERROR - 2025-10-21 13:48:49,293 - Worker_0] Status code == 403 for http://noticias.uol.com.br/cotidiano/ultimas-noticias/2014/01/01/motoristas-enfrentam-lentidao-no-retorno-a-sao-paulo.htm, skipping...
[ERROR - 2025-10-21 13:48:49,490 - Worker_4] Status code == 403 for http://rodrigomattos.blogosfera.uol.com.br/2014/01/01/em-baixa-times-paulistas-jogaram-mais-do-que-rivais-em-2013/, skipping...
[ERROR - 2025-10-21 13:48:50,895 - Worker_2] Status code == 403 for http://noticias.uol.com.br/ultimas-noticias/agencia-estado/2014/01/01/sardoa-em-minas-decreta-estado-de-calamidade.htm, skipping...
[ERROR - 2025-10-21 13:48:51,475 - Worker_3] Status code == 403 for http://noticias.uol.com.br/ultimas-noticias/agencia-estado/2014/01/01/acidente-mata-oito-pessoas-no-interior-de-mg.htm, skipping...
[ERROR - 2025-10-21 13:48:53,336 - Worker_0] Status code == 403 for http://noticias.uol.com.br/cotidiano/ultimas-noticias/2014/01/01/pms-envolvidos-em-tiroteio-no-reveillon-de-copacabana-tem-armas-apreendidas.htm, skipping...
[ERROR - 2025-10-21 13:48:55,138 - Worker_2] Status code == 404 for http://carnaval.uol.com.br/2014/rio-de-janeiro/, skipping...
[ERROR - 2025-10-21 13:48:55,525 - Worker_3] Status code == 403 for http://noticias.uol.com.br/midiaglobal/elpais/2014/01/01/a-cidade-modelo-do-secretario-chang.htm, skipping...
[ERROR - 2025-10-21 13:48:57,386 - Worker_0] Status code == 403 for http://noticias.uol.com.br/album/album-do-dia/2014/01/01/imagens-do-dia---1-de-janeiro-de-2014.htm?abrefoto=40, skipping...
[ERROR - 2025-10-21 13:48:58,114 - Worker_4] Status code == 403 for http://noticias.uol.com.br/midiaglobal/the-international-new-york-times/2014/01/01/com-novo-aeroporto-praias-do-panama-se-preparam-para-explosao-de-compradores.htm, skipping...
[ERROR - 2025-10-21 13:49:01,567 - Worker_2] Status code == 403 for http://noticias.uol.com.br/midiaglobal/nytimes/2014/01/01/desafiando-o-inverno-de-londres-com-um-banho-gelado.htm, skipping...
[ERROR - 2025-10-21 13:49:01,602 - Worker_0] Status code == 403 for http://blogdoperrone.blogosfera.uol.com.br/2014/01/ex-dirigente-diz-que-laor-causa-discordia-no-santos/, skipping...
[ERROR - 2025-10-21 13:49:05,366 - Worker_1] Status code == 403 for http://colunaesplanada.blogosfera.uol.com.br/2014/01/01/o-outono-tupiniquim-e-a-provavel-volta-do-povo-as-ruas/, skipping...
[ERROR - 2025-10-21 13:49:05,812 - Worker_2] Status code == 404 for http://carnaval.uol.com.br/2014/blocos-de-rua/, skipping...
[ERROR - 2025-10-21 13:49:09,205 - Worker_3] Status code == 403 for http://uolesporte.blogosfera.uol.com.br/2014/01/01/brasileiros-do-psg-aproveitam-tour-em-doha-para-ver-jogo-de-nadal/, skipping...
[ERROR - 2025-10-21 13:49:13,803 - Worker_4] Status code == 404 for http://esporte.uol.com.br/f1/ultimas-noticias/2014/01/01/hospital-frances-tenta-conter-agitacao-da-imprensa-por-schumacher.htm, skipping...
[ERROR - 2025-10-21 13:49:16,991 - Worker_0] Status code == 403 for http://noticias.uol.com.br/midiaglobal/nytimes/2014/01/02/a-vida-documentada.htm, skipping...
[ERROR - 2025-10-21 13:49:17,191 - Worker_1] Status code == 404 for http://carnaval.uol.com.br/2014/salvador/, skipping...
[ERROR - 2025-10-21 13:49:18,126 - Worker_3] Status code == 403 for http://colunaesplanada.blogosfera.uol.com.br/2014/01/02/lula-schumacher-e-a-eleicao-de-2018/, skipping...
[ERROR - 2025-10-21 13:49:21,062 - Worker_0] Status code == 403 for http://educacao.uol.com.br/noticias/2014/01/01/pne-e-reforma-do-ensino-medio-devem-pautar-a-educacao-em-2014.htm, skipping...
[ERROR - 2025-10-21 13:49:21,242 - Worker_1] Status code == 403 for http://noticias.uol.com.br/midiaglobal/elpais/2014/01/02/europa-ainda-pratica-o-apartheid-em-varios-paises.htm, skipping...
[ERROR - 2025-10-21 13:49:24,566 - Worker_3] Status code == 403 for http://blogdosimao.blogosfera.uol.com.br/2014/01/02/dia-mundial-de-fazer-forca-pra-calca-fechar/, skipping...
[ERROR - 2025-10-21 13:49:25,304 - Worker_0] Status code == 404 for http://carnaval.uol.com.br/2014/recife-e-olinda/, skipping...
[ERROR - 2025-10-21 13:49:25,470 - Worker_1] Status code == 404 for http://carnaval.uol.com.br/2014/sao-paulo/, skipping...
[ERROR - 2025-10-21 13:49:29,367 - Worker_0] Status code == 403 for http://noticias.uol.com.br/midiaglobal/derspiegel/2014/01/02/os-caes-paraquedistas-heroicos-da-segunda-guerra-mundial.htm, skipping...
[ERROR - 2025-10-21 13:49:29,511 - Worker_1] Status code == 403 for http://noticias.uol.com.br/cotidiano/ultimas-noticias/2014/01/02/policia-prende-um-dos-maiores-assaltantes-de-banco-de-sp.htm, skipping...
[ERROR - 2025-10-21 13:49:33,552 - Worker_0] Status code == 403 for http://blogdojuca.uol.com.br/2014/01/capez-e-piada-de-portugues/, skipping...
[ERROR - 2025-10-21 13:49:33,593 - Worker_3] Status code == 403 for http://noticias.uol.com.br/ultimas-noticias/agencia-estado/2014/01/02/tres-predios-sao-alvo-de-arrastao-no-reveillon-em-sp.htm, skipping...
[ERROR - 2025-10-21 13:49:34,686 - Worker_4] Status code == 403 for http://noticias.uol.com.br/saude/ultimas-noticias/estado/2014/01/02/nova-chamada-do-mais-medicos-preenche-apenas-66-de-vagas.htm, skipping...
[ERROR - 2025-10-21 13:49:37,779 - Worker_3] Status code == 403 for http://achadoseconomicos.blogosfera.uol.com.br/2014/01/02/diferenca-entre-exportacoes-e-importacoes-cai-a-metade-no-governo-dilma/, skipping...
[ERROR - 2025-10-21 13:49:40,859 - Worker_1] Status code == 404 for http://esporte.uol.com.br/f1/ultimas-noticias/2014/01/02/ferrari-vai-reunir-fas-de-vermelho-para-lembrar-aniversario-de-schumacher.htm, skipping...
[ERROR - 2025-10-21 13:49:42,281 - Worker_3] Status code == 404 for http://carnaval.uol.com.br/2014/rio-de-janeiro/, skipping...
[ERROR - 2025-10-21 13:49:42,359 - Worker_2] Status code == 403 for http://noticias.uol.com.br/cotidiano/ultimas-noticias/2014/01/02/primeira-mega-sena-de-2014-pode-pagar-r-15-milhao-veja-as-dezenas-sorteadas.htm, skipping...
[ERROR - 2025-10-21 13:49:43,857 - Worker_4] Status code == 404 for http://cenapop.virgula.uol.com.br/2014/01/02/30183-lady-gaga-faz-topless-para-nova-campanha-da-versace/, skipping...
[ERROR - 2025-10-21 13:49:46,857 - Worker_3] Status code == 404 for http://esporte.uol.com.br/f1/ultimas-noticias/2014/01/02/schumacher-se-acidentou-por-tentar-salvar-crianca-diz-jornal-alemao.htm, skipping...
[ERROR - 2025-10-21 13:49:49,303 - Worker_2] Status code == 403 for http://educacao.uol.com.br/noticias/2014/01/02/estudantes-da-rede-estadual-de-sp-preferem-ler-quadrinhos-aponta-pesquisa.htm, skipping...
[ERROR - 2025-10-21 13:49:50,837 - Worker_4] Status code == 403 for http://saqueevoleio.blogosfera.uol.com.br/2014/01/02/sorte-genial/, skipping...
[ERROR - 2025-10-21 13:49:51,102 - Worker_3] Status code == 404 for http://carnaval.uol.com.br/2014/blocos-de-rua/, skipping...
[ERROR - 2025-10-21 13:49:51,875 - Worker_1] Status code == 403 for http://noticias.uol.com.br/ultimas-noticias/afp/2014/01/02/veja-os-principais-atentados-no-libano-desde-2005.htm, skipping...
[ERROR - 2025-10-21 13:49:58,886 - Worker_2] Status code == 403 for http://nagradedomma.blogosfera.uol.com.br/2014/01/01/ele-voltou-anderson-as-muletas-e-o-sorriso/, skipping...
[ERROR - 2025-10-21 13:50:00,915 - Worker_4] Failed to connect with http://tnh1.ne10.uol.com.br/noticia/maceio/2014/01/02/282659/senhora-que-trabalhava-de-servicos-gerais-e-ganhadora-da-mega-sena after 3 attempts, skipping...
[ERROR - 2025-10-21 13:50:01,182 - Worker_3] Failed to connect with http://natelinha.ne10.uol.com.br/noticias/2014/01/02/chaves-voltara-a-programacao-diaria-do-sbt-com-episodios-ineditos-69620.php after 3 attempts, skipping...
[ERROR - 2025-10-21 13:50:02,901 - Worker_1] Status code == 403 for http://noticias.uol.com.br/ultimas-noticias/bbc/2014/01/02/numero-de-visitantes-ao-vaticano-quase-triplica-com-francisco.htm, skipping...
[ERROR - 2025-10-21 13:50:02,940 - Worker_2] Status code == 403 for http://noticias.uol.com.br/ultimas-noticias/afp/2014/01/02/aviacao-israelense-ataca-gaza-apos-disparo-de-foguete.htm, skipping...
[ERROR - 2025-10-21 13:50:05,558 - Worker_0] Failed to connect with http://natelinha.ne10.uol.com.br/celebridades/2014/01/02/hoje-sou-mais-gay-do-que-nunca-diz-daniela-mercury-69636.php after 3 attempts, skipping...
[ERROR - 2025-10-21 13:50:06,951 - Worker_1] Status code == 403 for http://noticias.uol.com.br/album/album-do-dia/2014/01/02/imagens-do-dia---2-de-janeiro-de-2014.htm?abrefoto=24, skipping...
[ERROR - 2025-10-21 13:50:09,588 - Worker_4] Status code == 403 for http://noticias.uol.com.br/ultimas-noticias/afp/2014/01/02/adolescente-indiana-sofre-duplo-estupro-coletivo-e-e-queimada-viva.htm, skipping...
[ERROR - 2025-10-21 13:50:11,509 - Worker_2] Status code == 403 for http://noticias.uol.com.br/album/album-do-dia/2014/01/03/imagens-do-dia---3-de-janeiro-de-2014.htm?abrefoto=47, skipping...
[ERROR - 2025-10-21 13:50:12,605 - Worker_3] Status code == 403 for http://noticias.uol.com.br/album/album-do-dia/2014/01/03/imagens-do-dia---3-de-janeiro-de-2014.htm?abrefoto=17, skipping...
[ERROR - 2025-10-21 13:50:13,823 - Worker_4] Status code == 404 for http://carnaval.uol.com.br/2014/salvador/, skipping...
[ERROR - 2025-10-21 13:50:16,923 - Worker_0] Status code == 404 for http://carnaval.uol.com.br/2014/sao-paulo/, skipping...
[ERROR - 2025-10-21 13:50:18,003 - Worker_4] Status code == 403 for http://rodrigomattos.blogosfera.uol.com.br/2014/01/03/patrocinadores-da-copa-temem-fazer-promocoes-na-rua-por-protestos/, skipping...
[ERROR - 2025-10-21 13:50:18,174 - Worker_3] Status code == 404 for http://carnaval.uol.com.br/2014/recife-e-olinda/, skipping...
[ERROR - 2025-10-21 13:50:20,760 - Worker_1] Status code == 404 for http://esporte.uol.com.br/f1/ultimas-noticias/2014/01/03/schumacher-teve-colapso-e-quase-morreu-dentro-do-helicoptero-diz-jornal.htm, skipping...
[ERROR - 2025-10-21 13:50:22,261 - Worker_3] Status code == 403 for http://noticias.uol.com.br/ultimas-noticias/agencia-estado/2014/01/03/caseiro-confessa-que-matou-casal-no-interior-de-sp.htm, skipping...
[ERROR - 2025-10-21 13:50:25,461 - Worker_1] Status code == 404 for http://esporte.uol.com.br/f1/ultimas-noticias/2014/01/03/schumacher-tinha-camera-no-capacete-na-hora-do-acidente-diz-jornal-frances.htm, skipping...
[ERROR - 2025-10-21 13:50:27,752 - Worker_0] Status code == 403 for http://noticias.uol.com.br/ultimas-noticias/efe/2014/01/03/casal-holandes-encontra-mensagem-em-garrafa-23-anos-apos-ser-lancada-ao-mar.htm, skipping...
[ERROR - 2025-10-21 13:50:28,173 - Worker_2] Status code == 404 for http://cenapop.virgula.uol.com.br/2014/01/03/30263-biquini-usado-por-rihanna-carrega-2638-pedras-swarovski-e-custa-r-23-mil/, skipping...
[ERROR - 2025-10-21 13:50:29,505 - Worker_1] Status code == 403 for http://noticias.uol.com.br/ultimas-noticias/agencia-estado/2014/01/03/e-pedida-prisao-de-ex-noivo-da-jovem-que-caiu-de-terraco.htm, skipping...
[ERROR - 2025-10-21 13:50:30,743 - Worker_3] Status code == 403 for http://noticias.uol.com.br/ultimas-noticias/reuters/2014/01/03/apos-50-anos-primeiros-carros-com-venda-liberada-em-cuba-tem-precos-muito-altos.htm, skipping...
[ERROR - 2025-10-21 13:50:32,230 - Worker_2] Status code == 403 for http://noticias.uol.com.br/saude/ultimas-noticias/bbc/2014/01/03/medico-cubano-supera-desconfianca-no-interior-da-bahia.htm, skipping...
[ERROR - 2025-10-21 13:50:32,824 - Worker_4] Status code == 403 for http://educacao.uol.com.br/quiz/2014/01/02/por-que-o-calendario-gregoriano-tem-esse-nome-faca-o-teste-de-descubra.htm, skipping...
[ERROR - 2025-10-21 13:50:33,668 - Worker_1] Status code == 403 for http://nagradedomma.blogosfera.uol.com.br/2014/01/03/abre-aspas-mma-e-como-xadrez-e-weidman-fez-a-jogada-certa/, skipping...
[ERROR - 2025-10-21 13:50:34,224 - Worker_0] Status code == 404 for http://carnaval.uol.com.br/2014/rio-de-janeiro/, skipping...
[ERROR - 2025-10-21 13:50:37,830 - Worker_1] Status code == 403 for http://blogdojuca.uol.com.br/2014/01/o-volei-do-e-no-brasil/, skipping...
[ERROR - 2025-10-21 13:50:38,283 - Worker_0] Status code == 403 for http://noticias.uol.com.br/midiaglobal/boston/2014/01/03/norte-americano-bate-recorde-de-observacao-de-passaros-apos-viajar-milhares-de-quilometros.htm, skipping...
[ERROR - 2025-10-21 13:50:41,042 - Worker_2] Status code == 403 for http://noticias.uol.com.br/saude/ultimas-noticias/redacao/2014/01/03/um-mes-longe-do-alcool-pode-trazer-resultados-surpreendentes-para-a-saude.htm, skipping...
[ERROR - 2025-10-21 13:50:41,879 - Worker_1] Status code == 403 for http://noticias.uol.com.br/ultimas-noticias/agencia-estado/2014/01/03/temperaturas-no-litoral-norte-de-sp-chegam-a-40-graus.htm, skipping...
[ERROR - 2025-10-21 13:50:46,758 - Worker_4] Status code == 403 for http://noticias.uol.com.br/album/2014/01/02/chega-de-racao-caes-e-gatos-ganham-restaurante-self-service-na-alemanha.htm?abrefoto=4, skipping...
[ERROR - 2025-10-21 13:50:47,354 - Worker_0] Status code == 404 for http://carnaval.uol.com.br/2014/blocos-de-rua/, skipping...
[ERROR - 2025-10-21 13:50:48,758 - Worker_1] Status code == 403 for http://noticias.uol.com.br/ultimas-noticias/reuters/2014/01/03/eua-entram-com-recurso-contra-decisao-que-condenou-atividades-da-nsa.htm, skipping...
[ERROR - 2025-10-21 13:50:50,007 - Worker_2] Status code == 403 for http://uolesporte.blogosfera.uol.com.br/2014/01/03/neymar-da-show-em-desafio-de-programa-japones-e-supera-messi/, skipping...
[ERROR - 2025-10-21 13:50:51,040 - Worker_4] Status code == 403 for http://tecnologia.uol.com.br/noticias/reuters/2014/01/03/snapchat-diz-que-sabia-de-falhas-de-seguranca-ha-meses.htm, skipping...
[ERROR - 2025-10-21 13:50:54,092 - Worker_2] Status code == 403 for http://noticias.uol.com.br/politica/ultimas-noticias/2014/01/03/pgr-e-a-favor-da-transferencia-de-marcos-valerio-para-minas-gerais.htm, skipping...
[ERROR - 2025-10-21 13:50:55,129 - Worker_4] Status code == 403 for http://noticias.uol.com.br/ultimas-noticias/agencia-estado/2014/01/03/briga-durante-show-no-litoral-paulista-provoca-panico.htm, skipping...
[ERROR - 2025-10-21 13:50:55,132 - Worker_1] Status code == 404 for http://guia.uol.com.br/rio-de-janeiro/shows/noticias/2014/01/03/ingressos-para-show-de-elton-john-no-rio-entram-em-pre-venda-no-sabado-4.htm, skipping...
[ERROR - 2025-10-21 13:50:56,463 - Worker_0] Status code == 404 for http://charges.uol.com.br/2014/01/04/so-levando-breaking-bode-3/, skipping...
[ERROR - 2025-10-21 13:50:58,912 - Worker_3] Status code == 404 for http://carnaval.uol.com.br/2014/salvador/, skipping...
[ERROR - 2025-10-21 13:50:59,181 - Worker_4] Status code == 403 for http://noticias.uol.com.br/album/album-do-dia/2014/01/04/imagens-do-dia---4-de-janeiro-de-2014.htm?abrefoto=33, skipping...
[ERROR - 2025-10-21 13:50:59,181 - Worker_1] Status code == 403 for http://noticias.uol.com.br/album/album-do-dia/2014/01/04/imagens-do-dia---4-de-janeiro-de-2014.htm?abrefoto=51, skipping...
[ERROR - 2025-10-21 13:51:03,128 - Worker_3] Status code == 404 for http://carnaval.uol.com.br/2014/recife-e-olinda/, skipping...
[ERROR - 2025-10-21 13:51:03,237 - Worker_1] Status code == 403 for http://noticias.uol.com.br/album/album-do-dia/2014/01/04/imagens-do-dia---4-de-janeiro-de-2014.htm?abrefoto=20, skipping...
[ERROR - 2025-10-21 13:51:05,166 - Worker_2] Status code == 404 for http://carnaval.uol.com.br/2014/sao-paulo/, skipping...
[ERROR - 2025-10-21 13:51:06,273 - Worker_0] Status code == 403 for http://noticias.uol.com.br/cotidiano/ultimas-noticias/2014/01/04/vitimas-de-ataques-no-maranhao-seguem-internadas-crianca-de-6-anos-esta-em-estado-grave.htm, skipping...
[ERROR - 2025-10-21 13:51:07,382 - Worker_1] Status code == 403 for http://reginanavarro.blogosfera.uol.com.br/2014/01/04/sexo-oral-ainda-e-tabu/, skipping...
[ERROR - 2025-10-21 13:51:07,697 - Worker_4] Status code == 403 for http://noticias.uol.com.br/midiaglobal/outros/2014/01/04/saiba-como-limpar-seu-celular-um-deposito-portatil-de-germes.htm, skipping...
[ERROR - 2025-10-21 13:51:11,638 - Worker_3] Status code == 403 for http://noticias.uol.com.br/cotidiano/ultimas-noticias/2014/01/04/mega-sena-acumula-e-pode-pagar-r-58-milhoes-na-quarta-feira.htm, skipping...
[ERROR - 2025-10-21 13:51:11,797 - Worker_4] Status code == 403 for http://economia.uol.com.br/empreendedorismo/noticias/redacao/2014/01/03/apresentadores-do-esquadrao-da-moda-dao-dicas-de-roupa-para-empreendedor.htm, skipping...
[ERROR - 2025-10-21 13:51:12,148 - Worker_1] Status code == 404 for http://esporte.uol.com.br/f1/ultimas-noticias/2014/01/04/alemao-diz-ter-filmado-acidente-de-schumi-queda-teria-ocorrido-a-20-kmh.htm, skipping...
[ERROR - 2025-10-21 13:51:18,619 - Worker_1] Status code == 404 for http://carnaval.uol.com.br/2014/rio-de-janeiro/, skipping...
[ERROR - 2025-10-21 13:51:19,181 - Worker_2] Status code == 403 for http://noticias.uol.com.br/ultimas-noticias/efe/2014/01/04/governador-de-nyork-anunciara-maconha-para-uso-medico-diz-imprensa.htm, skipping...
[ERROR - 2025-10-21 13:51:19,544 - Worker_0] Status code == 403 for http://blogdomenon.blogosfera.uol.com.br/2014/01/04/julio-cesar-nao-e-problema-fred-e-oscar-sim/, skipping...
[ERROR - 2025-10-21 13:51:20,344 - Worker_3] Status code == 403 for http://noticias.uol.com.br/midiaglobal/lemonde/2014/01/04/ongs-denunciam-desmatamento-ilegal-e-desmedido-no-laos.htm, skipping...
[ERROR - 2025-10-21 13:51:23,601 - Worker_0] Status code == 403 for http://noticias.uol.com.br/cotidiano/ultimas-noticias/2014/01/04/sao-luis-fica-sem-onibus-a-noite-devido-a-inseguranca-apos-ataques.htm, skipping...
[ERROR - 2025-10-21 13:51:27,262 - Worker_1] Status code == 403 for http://noticias.uol.com.br/ultimas-noticias/afp/2014/01/03/papa-francisco-surpreende-freiras-com-telefonema.htm, skipping...
[ERROR - 2025-10-21 13:51:30,033 - Worker_2] Status code == 403 for http://noticias.uol.com.br/album/album-do-dia/2014/01/04/imagens-do-dia---4-de-janeiro-de-2014.htm?abrefoto=50, skipping...
[ERROR - 2025-10-21 13:51:32,094 - Worker_4] Status code == 404 for http://carnaval.uol.com.br/2014/blocos-de-rua/, skipping...
[ERROR - 2025-10-21 13:51:33,497 - Worker_3] Status code == 403 for http://noticias.uol.com.br/ultimas-noticias/afp/2014/01/04/papa-francisco-pede-nova-atitude-da-igreja-com-os-filhos-de-homossexuais.htm, skipping...
[ERROR - 2025-10-21 13:51:34,303 - Worker_0] Status code == 502 for http://noticias.band.uol.com.br/brasilurgente/video/2014/01/04/14814242/mae-de-joaquim-e-presa-por-omissao.html, skipping...
[ERROR - 2025-10-21 13:51:36,063 - Worker_1] Status code == 502 for http://noticias.band.uol.com.br/brasilurgente/video/2014/01/04/14814228/bandido-finge-ser-mendigo-para-nao-chamar-a-atencao.html, skipping...
[ERROR - 2025-10-21 13:51:39,799 - Worker_3] Status code == 403 for http://noticias.uol.com.br/album/album-do-dia/2014/01/03/imagens-do-dia---3-de-janeiro-de-2014.htm?abrefoto=49, skipping...
[ERROR - 2025-10-21 13:51:40,612 - Worker_0] Status code == 403 for http://noticias.uol.com.br/cotidiano/ultimas-noticias/2014/01/04/funai-ajudara-indios-tenharim-com-comida-e-remedios.htm, skipping...
[ERROR - 2025-10-21 13:51:44,674 - Worker_0] Status code == 403 for http://noticias.uol.com.br/midiaglobal/nytimes/2014/01/04/contingente-de-pobres-aumenta-significativamente-na-inglaterra.htm, skipping...
[ERROR - 2025-10-21 13:51:45,567 - Worker_4] Status code == 403 for http://noticias.uol.com.br/quiz/2014/01/04/o-que-voce-lembra-de-2013.htm, skipping...
[ERROR - 2025-10-21 13:51:49,780 - Worker_4] Status code == 404 for http://carnaval.uol.com.br/2014/salvador/, skipping...
[ERROR - 2025-10-21 13:51:53,734 - Worker_0] Status code == 403 for http://noticias.uol.com.br/blogs-e-colunas/coluna/paul-krugman/2014/01/05/febre-fiscal-chega-ao-fim.htm, skipping...
[ERROR - 2025-10-21 13:51:53,841 - Worker_4] Status code == 403 for http://noticias.uol.com.br/album/album-do-dia/2014/01/05/imagens-do-dia---5-de-janeiro-de-2014.htm?abrefoto=58, skipping...
[ERROR - 2025-10-21 13:51:54,186 - Worker_1] Status code == 403 for http://noticias.uol.com.br/album/album-do-dia/2014/01/05/imagens-do-dia---5-de-janeiro-de-2014.htm?abrefoto=59, skipping...
[ERROR - 2025-10-21 13:51:58,076 - Worker_4] Status code == 404 for http://carnaval.uol.com.br/2014/recife-e-olinda/, skipping...
[ERROR - 2025-10-21 13:51:58,245 - Worker_1] Status code == 403 for http://noticias.uol.com.br/ciencia/ultimas-noticias/redacao/2014/01/05/nicolelis-exoesqueleto-sera-testado-por-voluntario-que-dara-chute-da-copa.htm#fotoNav=10, skipping...
[ERROR - 2025-10-21 13:51:58,589 - Worker_2] Status code == 404 for http://carnaval.uol.com.br/2014/sao-paulo/, skipping...
[ERROR - 2025-10-21 13:52:02,131 - Worker_4] Status code == 403 for http://noticias.uol.com.br/ultimas-noticias/reuters/2014/01/05/eua-apoiarao-luta-contra-al-qaeda-no-iraque-sem-enviar-tropas-diz-kerry.htm, skipping...
[ERROR - 2025-10-21 13:52:02,416 - Worker_1] Status code == 403 for http://reginanavarro.blogosfera.uol.com.br/2014/01/04/sexo-oral-ainda-e-tabu/, skipping...
[ERROR - 2025-10-21 13:52:02,772 - Worker_3] Status code == 403 for http://noticias.uol.com.br/saude/ultimas-noticias/redacao/2014/01/04/cadeiroes-fazem-cada-vez-mais-vitimas-nos-eua.htm, skipping...
[ERROR - 2025-10-21 13:52:04,699 - Worker_0] Status code == 403 for http://noticias.uol.com.br/album/album-do-dia/2014/01/05/imagens-do-dia---5-de-janeiro-de-2014.htm?abrefoto=11, skipping...
[ERROR - 2025-10-21 13:52:04,955 - Worker_2] Status code == 403 for http://uolesporte.blogosfera.uol.com.br/2014/01/05/jogador-faz-o-gol-que-pele-nao-fez-no-chipre-assista/, skipping...
[ERROR - 2025-10-21 13:52:06,270 - Worker_4] Status code == 403 for http://uolesporte.blogosfera.uol.com.br/2014/01/05/torcedores-transformam-campo-em-zona-de-guerra-na-segunda-divisao-grega/, skipping...
[ERROR - 2025-10-21 13:52:10,339 - Worker_4] Status code == 403 for http://noticias.uol.com.br/ultimas-noticias/agencia-estado/2014/01/05/piscinoes-tem-falha-na-grande-sao-paulo.htm, skipping...
[ERROR - 2025-10-21 13:52:10,986 - Worker_0] Status code == 403 for http://noticias.uol.com.br/cotidiano/ultimas-noticias/2014/01/05/motoristas-comecam-a-enfrentar-lentidao-na-volta-do-interior-para-sao-paulo.htm, skipping...
[ERROR - 2025-10-21 13:52:11,364 - Worker_3] Status code == 403 for http://noticias.uol.com.br/ultimas-noticias/efe/2014/01/05/confrontos-entre-rebeldes-deixam-59-mortos-na-siria.htm, skipping...
[ERROR - 2025-10-21 13:52:11,500 - Worker_2] Status code == 404 for http://carnaval.uol.com.br/2014/rio-de-janeiro/, skipping...
[ERROR - 2025-10-21 13:52:12,500 - Worker_1] Failed to connect with http://natelinha.ne10.uol.com.br/novelas/2014/01/05/amor-aline-diz-para-felix-que-nao-gosta-de-cesar-o-seu-pai-e-um-babaca-69712.php after 3 attempts, skipping...
[ERROR - 2025-10-21 13:52:18,801 - Worker_4] Status code == 403 for http://noticias.uol.com.br/midiaglobal/cox/2014/01/05/procurar-tamaras-maduras-na-internet-pode-azedar-relacionamento.htm, skipping...
[ERROR - 2025-10-21 13:52:19,574 - Worker_0] Status code == 403 for http://noticias.uol.com.br/politica/ultimas-noticias/2014/01/05/ministros-do-stf-comecam-ano-com-aumento-de-r-1400.htm, skipping...
[ERROR - 2025-10-21 13:52:20,957 - Worker_3] Status code == 404 for http://carnaval.uol.com.br/2014/blocos-de-rua/, skipping...
[ERROR - 2025-10-21 13:52:23,915 - Worker_1] Status code == 403 for http://noticias.uol.com.br/ultimas-noticias/agencia-estado/2014/01/05/reservatorio-do-jardim-pantanal-e-o-pior-da-capital.htm, skipping...
[ERROR - 2025-10-21 13:52:28,165 - Worker_0] Status code == 403 for http://noticias.uol.com.br/ultimas-noticias/reuters/2014/01/05/frio-ameacador-atinge-regiao-centro-oeste-dos-estados-unidos.htm, skipping...
[ERROR - 2025-10-21 13:52:28,259 - Worker_3] Status code == 403 for http://noticias.uol.com.br/midiaglobal/nytimes/2014/01/05/para-turistas-japoneses-havai-e-sinonimo-de-sol-surfe-e-semiautomaticas.htm, skipping...
[ERROR - 2025-10-21 13:52:30,237 - Worker_1] Status code == 403 for http://noticias.uol.com.br/cotidiano/ultimas-noticias/2014/01/05/cinco-vitimas-de-atentados-em-sao-luis-seguem-internadas-3-em-estado-grave.htm, skipping...
[ERROR - 2025-10-21 13:52:30,594 - Worker_2] Failed to connect with http://natelinha.ne10.uol.com.br/novelas/2014/01/02/amor-a-vida-paloma-descobre-cova-na-casa-de-aline-e-fica-horrorizada-69613.php after 3 attempts, skipping...
[ERROR - 2025-10-21 13:52:34,296 - Worker_1] Status code == 403 for http://noticias.uol.com.br/cotidiano/ultimas-noticias/2014/01/06/pm-reforca-seguranca-e-onibus-voltam-a-circular-a-noite-em-sao-luis.htm, skipping...
[ERROR - 2025-10-21 13:52:37,229 - Worker_0] Status code == 403 for http://uolesporte.blogosfera.uol.com.br/2014/01/06/astro-do-japao-da-show-de-pontaria-e-acerta-noivinhos-de-bolo-em-desafio/, skipping...
[ERROR - 2025-10-21 13:52:38,322 - Worker_3] Failed to connect with http://blogdobirner.virgula.uol.com.br/2014/01/05/fbi-inspeciona-ct-do-sao-paulo/ after 3 attempts, skipping...
[ERROR - 2025-10-21 13:52:38,380 - Worker_1] Status code == 403 for http://economia.uol.com.br/empreendedorismo/noticias/redacao/2014/01/06/veja-10-dicas-de-empreendedorismo-do-dono-da-maior-franquia-do-pais.htm, skipping...
[ERROR - 2025-10-21 13:52:38,826 - Worker_4] Status code == 404 for http://carnaval.uol.com.br/2014/salvador/, skipping...
[ERROR - 2025-10-21 13:52:42,641 - Worker_1] Status code == 403 for http://noticias.uol.com.br/ciencia/album/2014/01/06/veja-imagens-de-ciencia-do-mes-janeiro2014.htm?abrefoto=8, skipping...
[ERROR - 2025-10-21 13:52:46,230 - Worker_0] Status code == 404 for http://esporte.uol.com.br/f1/ultimas-noticias/2014/01/06/schumacher-apresenta-ligeira-melhora-em-seu-estado-de-saude-diz-agencia.htm, skipping...
[ERROR - 2025-10-21 13:52:46,714 - Worker_3] Status code == 403 for http://uolesportevetv.blogosfera.uol.com.br/2014/01/06/felipe-andreoli-mantem-tom-humoristico-do-cqc-na-estreia-do-jogo-aberto/, skipping...
[ERROR - 2025-10-21 13:52:50,771 - Worker_3] Status code == 403 for http://noticias.uol.com.br/album/album-do-dia/2014/01/06/imagens-do-dia---6-de-janeiro-de-2014.htm?abrefoto=35, skipping...
[ERROR - 2025-10-21 13:52:51,090 - Worker_4] Failed to connect with http://natelinha.ne10.uol.com.br/noticias/2014/01/06/sem-programa-na-globo-xuxa-devera-ir-morar-nos-estados-unidos-69724.php after 3 attempts, skipping...
[ERROR - 2025-10-21 13:52:51,956 - Worker_1] Status code == 404 for http://carnaval.uol.com.br/2014/recife-e-olinda/, skipping...
[ERROR - 2025-10-21 13:52:54,139 - Worker_2] Status code == 403 for http://educacao.uol.com.br/noticias/2014/01/06/sisu-2014-registra-mais-de-1-milhao-de-inscritos-no-primeiro-dia.htm, skipping...
[ERROR - 2025-10-21 13:52:55,000 - Worker_3] Status code == 404 for http://carnaval.uol.com.br/2014/sao-paulo/, skipping...
[ERROR - 2025-10-21 13:52:55,147 - Worker_4] Status code == 403 for http://economia.uol.com.br/noticias/infomoney/2014/01/06/de-origem-humilde-a-riqueza-veja-11-bilionarios-que-eram-pobres-na-infancia.htm, skipping...
[ERROR - 2025-10-21 13:52:56,224 - Worker_1] Status code == 403 for http://tecnologia.uol.com.br/album/2014/01/06/ces-2014.htm?abrefoto=48, skipping...
[ERROR - 2025-10-21 13:52:58,207 - Worker_2] Status code == 403 for http://noticias.uol.com.br/ultimas-noticias/reuters/2014/01/06/frio-congelante-se-espalha-pelos-eua-e-prejudica-comercio-e-viagens.htm, skipping...
[ERROR - 2025-10-21 13:52:59,152 - Worker_3] Status code == 403 for http://uolesporte.blogosfera.uol.com.br/2014/01/06/c-ronaldo-ja-fez-gol-em-todos-os-minutos-menos-no-7o-no-de-sua-camisa/, skipping...
[ERROR - 2025-10-21 13:52:59,219 - Worker_0] Status code == 403 for http://noticias.uol.com.br/cotidiano/ultimas-noticias/2014/01/06/especialista-diz-que-se-banhar-no-mar-com-espuma-nao-causa-danos-a-saude.htm, skipping...
[ERROR - 2025-10-21 13:52:59,295 - Worker_4] Status code == 404 for http://entretenimento.uol.com.br/ao-vivo/2014/01/03/roda-viva-com-o-escritor-valter-hugo-mae.htm, skipping...
[ERROR - 2025-10-21 13:53:00,287 - Worker_1] Status code == 403 for http://economia.uol.com.br/noticias/valor-online/2014/01/06/bovespa-bate-recorde-de-volume-em-2013-com-r-183-tri.htm, skipping...
[ERROR - 2025-10-21 13:53:03,276 - Worker_0] Status code == 403 for http://noticias.uol.com.br/cotidiano/ultimas-noticias/2014/01/06/infraero-diz-que-construcao-do-galeao-respeitou-normas-vigentes-a-epoca.htm, skipping...
[ERROR - 2025-10-21 13:53:03,358 - Worker_4] Status code == 403 for http://noticias.uol.com.br/album/album-do-dia/2014/01/06/imagens-do-dia---6-de-janeiro-de-2014.htm?abrefoto=45, skipping...
[ERROR - 2025-10-21 13:53:03,411 - Worker_3] Status code == 403 for http://colunaesplanada.blogosfera.uol.com.br/2014/01/06/marco-da-internet-e-alvo-de-guerra-virtual-no-congresso/, skipping...
[ERROR - 2025-10-21 13:53:07,415 - Worker_4] Status code == 403 for http://noticias.uol.com.br/cotidiano/ultimas-noticias/2014/01/06/governo-do-maranhao-vai-transferir-lideres-de-faccoes-para-presidios-federais.htm, skipping...
[ERROR - 2025-10-21 13:53:07,476 - Worker_3] Status code == 403 for http://noticias.uol.com.br/cotidiano/ultimas-noticias/2014/01/06/exame-confirma-que-menina-de-8-anos-foi-morta-com-tres-facadas-em-sp.htm, skipping...
[ERROR - 2025-10-21 13:53:08,935 - Worker_1] Status code == 403 for http://anamariabahiana.blogosfera.uol.com.br/2014/01/06/pelos-intestinos-de-wall-street-guiados-pelo-lobo/, skipping...
[ERROR - 2025-10-21 13:53:11,895 - Worker_2] Status code == 404 for http://carnaval.uol.com.br/2014/rio-de-janeiro/, skipping...
[ERROR - 2025-10-21 13:53:14,386 - Worker_3] Status code == 403 for http://noticias.uol.com.br/saude/ultimas-noticias/redacao/2014/01/06/lipoaspiracao-e-lipoescultura-afinam-o-contorno-corporal-mas-nao-emagrecem.htm, skipping...
[ERROR - 2025-10-21 13:53:16,015 - Worker_2] Status code == 403 for http://noticias.uol.com.br/tabloide/ultimas-noticias/2014/01/06/homem-fica-preso-em-maquina-de-lavar-e-precisa-de-azeite-para-sair.htm, skipping...
[ERROR - 2025-10-21 13:53:17,441 - Worker_4] Failed to connect with http://natelinha.ne10.uol.com.br/novelas/2014/01/05/amor-aline-diz-para-felix-que-nao-gosta-de-cesar-o-seu-pai-e-um-babaca-69712.php after 3 attempts, skipping...
[ERROR - 2025-10-21 13:53:18,713 - Worker_0] Status code == 403 for http://noticias.uol.com.br/ultimas-noticias/afp/2014/01/06/hamas-autoriza-retorno-a-gaza-de-membros-do-fatah-exilados.htm, skipping...
[ERROR - 2025-10-21 13:53:20,353 - Worker_1] Status code == 403 for http://cornetafc.blogosfera.uol.com.br/2014/01/06/na-volta-das-ferias-barrichello-manda-mensagem-atrasada-aos-fas/, skipping...
[ERROR - 2025-10-21 13:53:20,928 - Worker_3] Status code == 404 for http://carnaval.uol.com.br/2014/blocos-de-rua/, skipping...
[ERROR - 2025-10-21 13:53:22,418 - Worker_2] Status code == 403 for http://noticias.uol.com.br/ultimas-noticias/afp/2014/01/06/policia-afega-anuncia-prisao-de-terrorista-suicida-de-apenas-10-anos.htm, skipping...
[ERROR - 2025-10-21 13:53:26,219 - Worker_0] Status code == 403 for http://noticias.uol.com.br/politica/ultimas-noticias/2014/01/06/justica-determina-que-genoino-pague-multa-de-r-468-mil-do-processo-do-mensalao.htm, skipping...
[ERROR - 2025-10-21 13:53:27,472 - Worker_4] Failed to connect with http://natelinha.ne10.uol.com.br/novelas/2014/01/06/joia-rara-manfred-nao-e-filho-de-ernest-saiba-de-quem-e-69754.php after 3 attempts, skipping...
[ERROR - 2025-10-21 13:53:29,210 - Worker_1] Status code == 403 for http://negociosdoesporte.blogosfera.uol.com.br/2014/01/06/fifa-notificara-decolar-por-se-apropriar-da-copa/, skipping...
[ERROR - 2025-10-21 13:53:32,458 - Worker_2] Failed to connect with http://natelinha.ne10.uol.com.br/novelas/2014/01/06/globo-exibira-fim-de-o-cravo-e-a-rosa-junto-com-caras--bocas-69750.php after 3 attempts, skipping...
[ERROR - 2025-10-21 13:53:39,288 - Worker_4] Status code == 403 for http://rodrigomattos.blogosfera.uol.com.br/2014/01/07/apos-reformas-celio-de-barros-e-julio-delamare-tem-futuro-indefinido/, skipping...
[ERROR - 2025-10-21 13:53:40,047 - Worker_1] Status code == 403 for http://noticias.uol.com.br/album/album-do-dia/2014/01/07/imagens-do-dia---7-de-janeiro-de-2014.htm?abrefoto=25, skipping...
[ERROR - 2025-10-21 13:53:41,313 - Worker_2] Status code == 403 for http://blogdojuca.uol.com.br/2014/01/uma-boa-ideia-para-a-lusa/, skipping...
[ERROR - 2025-10-21 13:53:45,370 - Worker_0] Status code == 403 for http://educacao.uol.com.br/noticias/2014/01/06/fuvest-2014-2-dia-teve-prova-trabalhosa-e-exigente-dizem-professores.htm, skipping...
[ERROR - 2025-10-21 13:53:45,460 - Worker_2] Status code == 403 for http://noticias.uol.com.br/ultimas-noticias/agencia-estado/2014/01/07/mpf-pede-ressarcimento-de-r-158-mi-a-pms-na-ba.htm, skipping...
[ERROR - 2025-10-21 13:53:48,051 - Worker_4] Status code == 403 for http://noticias.uol.com.br/midiaglobal/lemonde/2014/01/07/confrontos-armados-dao-sinais-de-que-iraque-e-libano-foram-contaminados-pela-guerra-na-siria.htm, skipping...
[ERROR - 2025-10-21 13:53:48,378 - Worker_3] Status code == 403 for http://allansieber.blogosfera.uol.com.br/2014/01/07/bifaland-9/, skipping...
[ERROR - 2025-10-21 13:53:49,139 - Worker_1] Status code == 403 for http://uolesportevetv.blogosfera.uol.com.br/2014/01/07/dona-florinda-e-girafales-cantam-hino-do-santos-em-novo-episodio-de-chaves/, skipping...
[ERROR - 2025-10-21 13:53:53,506 - Worker_1] Status code == 404 for http://carnaval.uol.com.br/2014/salvador/, skipping...
[ERROR - 2025-10-21 13:53:57,574 - Worker_1] Status code == 404 for http://guia.uol.com.br/brasilia/cinema/noticias/2014/01/07/flores-raras-abre-temporada-de-cinema-do-ccbb-brasilia-entrada-gratuita.htm, skipping...
[ERROR - 2025-10-21 13:53:58,515 - Worker_2] Status code == 404 for http://carnaval.uol.com.br/2014/sao-paulo/, skipping...
[ERROR - 2025-10-21 13:53:58,990 - Worker_3] Status code == 403 for http://noticias.uol.com.br/cotidiano/ultimas-noticias/2014/01/07/anistia-internacional-cobra-solucao-para-presidios-do-maranhao.htm, skipping...
[ERROR - 2025-10-21 13:54:08,938 - Worker_4] Status code == 403 for http://reginanavarro.blogosfera.uol.com.br/2014/01/07/a-vida-a-dois-pode-ser-otima/, skipping...
[ERROR - 2025-10-21 13:54:12,343 - Worker_1] Failed to connect with http://natelinha.ne10.uol.com.br/novelas/2014/01/06/joia-rara-manfred-nao-e-filho-de-ernest-saiba-de-quem-e-69754.php after 3 attempts, skipping...
[ERROR - 2025-10-21 13:54:13,230 - Worker_4] Status code == 404 for http://carnaval.uol.com.br/2014/album/2014/01/07/antonia-fontenelle-visita-barracao-da-grande-rio.htm?abrefoto=8, skipping...
[ERROR - 2025-10-21 13:54:15,374 - Worker_0] Status code == 403 for http://educacao.uol.com.br/noticias/2014/01/07/sisu-registra-mais-de-16-milhao-de-inscritos-prazo-termina-dia-10.htm, skipping...
[ERROR - 2025-10-21 13:54:16,963 - Worker_3] Status code == 403 for http://noticias.uol.com.br/album/album-do-dia/2014/01/06/imagens-do-dia---6-de-janeiro-de-2014.htm?abrefoto=53, skipping...
[ERROR - 2025-10-21 13:54:21,126 - Worker_3] Status code == 403 for http://popload.blogosfera.uol.com.br/2014/01/07/ja-tem-sua-musica-preferida-do-temples/, skipping...
[ERROR - 2025-10-21 13:54:21,448 - Worker_2] Status code == 404 for http://guia.uol.com.br/belo-horizonte/restaurantes/noticias/2014/01/02/risoto-de-alcachofra-com-camaroes-e-destaque-em-menu-de-verao-em-bh.htm, skipping...
[ERROR - 2025-10-21 13:54:22,409 - Worker_4] Status code == 404 for http://carnaval.uol.com.br/2014/rio-de-janeiro/, skipping...
[ERROR - 2025-10-21 13:54:26,605 - Worker_0] Status code == 403 for http://tecnologia.uol.com.br/album/2014/01/06/ces-2014.htm?abrefoto=64, skipping...
[ERROR - 2025-10-21 13:54:26,643 - Worker_4] Status code == 404 for http://carnaval.uol.com.br/2014/blocos-de-rua/, skipping...
[ERROR - 2025-10-21 13:54:27,454 - Worker_3] Status code == 403 for http://noticias.uol.com.br/voce-manda/2014/01/07/frio-nos-eua.htm, skipping...
[ERROR - 2025-10-21 13:54:30,827 - Worker_0] Status code == 403 for http://tecnologia.uol.com.br/album/2014/01/06/ces-2014.htm?abrefoto=68, skipping...
[ERROR - 2025-10-21 13:54:31,509 - Worker_3] Status code == 404 for http://guia.uol.com.br/rio-de-janeiro/teatro/noticias/2014/01/04/musical-premiado-sobre-gonzagao-volta-ao-rio-em-curta-temporada.htm, skipping...
[ERROR - 2025-10-21 13:54:32,611 - Worker_2] Status code == 403 for http://noticias.uol.com.br/politica/ultimas-noticias/2014/01/07/carmen-lucia-decidira-se-manda-prender-joao-paulo-cunha.htm, skipping...
[ERROR - 2025-10-21 13:54:34,510 - Worker_1] Status code == 403 for http://blogdoteojose.blogosfera.uol.com.br/2014/01/07/mais-um-dia-na-luta-de-schumacher/, skipping...
[ERROR - 2025-10-21 13:54:35,090 - Worker_0] Status code == 404 for http://carnaval.uol.com.br/2014/recife-e-olinda/, skipping...
[ERROR - 2025-10-21 13:54:37,875 - Worker_3] Status code == 403 for http://noticias.uol.com.br/ultimas-noticias/afp/2014/01/07/suprema-corte-encerra-investigacao-por-morte-de-allende-e-ratifica-suicidio.htm, skipping...
[ERROR - 2025-10-21 13:54:38,736 - Worker_1] Status code == 403 for http://tecnologia.uol.com.br/album/2014/01/06/ces-2014.htm?abrefoto=65, skipping...
[ERROR - 2025-10-21 13:54:39,252 - Worker_0] Status code == 403 for http://blogdosakamoto.blogosfera.uol.com.br/2014/01/07/a-imagem-de-um-preso-decapitado-incomoda-porque-lembra-que-ele-era-gente/, skipping...
[ERROR - 2025-10-21 13:54:42,052 - Worker_3] Status code == 403 for http://rodrigomattos.blogosfera.uol.com.br/2014/01/07/vascainos-pedirao-liminar-para-anular-jogo-e-indenizacao-da-cbf/, skipping...
[ERROR - 2025-10-21 13:54:42,892 - Worker_1] Status code == 403 for http://omundoemmovimento.blogosfera.uol.com.br/2014/01/07/anfavea-projeta-aumento-de-11-nas-vendas-este-ano/, skipping...
[ERROR - 2025-10-21 13:54:46,119 - Worker_3] Status code == 403 for http://noticias.uol.com.br/midiaglobal/nytimes/2014/01/07/meninos-perdidos-do-sudao-voltam-ao-lar-em-guerra.htm, skipping...
[ERROR - 2025-10-21 13:54:47,052 - Worker_1] Status code == 403 for http://blogdoorlando.blogosfera.uol.com.br/2014/01/08/roseana-sarney-vai-as-compras/, skipping...
[ERROR - 2025-10-21 13:54:50,452 - Worker_0] Status code == 403 for http://uolesportevetv.blogosfera.uol.com.br/2014/01/08/canal-novo-e-falcao-como-ancora-sao-novidades-da-tv-a-cabo-no-ano-da-copa/, skipping...
[ERROR - 2025-10-21 13:54:51,112 - Worker_1] Status code == 404 for http://guia.uol.com.br/rio-de-janeiro/teatro/noticias/2014/01/08/baseada-na-obra-de-caio-fernando-de-abreu-peca-retrata-universo-masculino.htm, skipping...
[ERROR - 2025-10-21 13:54:52,698 - Worker_3] Status code == 404 for http://carnaval.uol.com.br/2014/salvador/, skipping...
[ERROR - 2025-10-21 13:54:56,943 - Worker_3] Status code == 404 for http://carnaval.uol.com.br/2014/recife-e-olinda/, skipping...
[ERROR - 2025-10-21 13:54:56,963 - Worker_0] Status code == 404 for http://carnaval.uol.com.br/2014/sao-paulo/, skipping...
[ERROR - 2025-10-21 13:55:03,607 - Worker_0] Status code == 404 for http://guia.uol.com.br/sao-paulo/passeios/noticias/2014/01/08/patinada-no-minhocao-e-ginastica-compoem-atividades-de-verao-do-sesc.htm, skipping...
[ERROR - 2025-10-21 13:55:04,042 - Worker_4] Status code == 403 for http://educacao.uol.com.br/noticias/2014/01/08/sisu-tem-mais-de-2-milhoes-de-inscritos-e-supera-recorde-de-2013.htm, skipping...
[ERROR - 2025-10-21 13:55:07,162 - Worker_2] Status code == 404 for http://cenapop.virgula.uol.com.br/2014/01/08/30526-de-pernas-para-o-ar-postar-fotos-de-ponta-cabeca-e-a-nova-mania-das-famosas/, skipping...
[ERROR - 2025-10-21 13:55:08,119 - Worker_4] Status code == 403 for http://noticias.uol.com.br/politica/ultimas-noticias/2014/01/08/por-reeleicao-e-ajuda-a-padilha-dilma-autoriza-obras-de-entidades-na-area-de-saude.htm, skipping...
[ERROR - 2025-10-21 13:55:14,127 - Worker_3] Status code == 403 for http://mauriciostycer.blogosfera.uol.com.br/2014/01/07/mesma-mulher-ajuda-pobre-no-fantastico-e-fala-sobre-felix-no-video-show/, skipping...
[ERROR - 2025-10-21 13:55:17,257 - Worker_0] Status code == 404 for http://carnaval.uol.com.br/2014/rio-de-janeiro/, skipping...
[ERROR - 2025-10-21 13:55:18,293 - Worker_3] Status code == 403 for http://cornetafc.blogosfera.uol.com.br/2014/01/08/walter-chega-para-ser-o-novo-rei-do-rio/, skipping...
[ERROR - 2025-10-21 13:55:19,493 - Worker_2] Failed to connect with http://motordream.uol.com.br/noticias/ver/2014/01/06/video-aviao-cai-em-pista-de-corrida-na-islandia after 3 attempts, skipping...
[ERROR - 2025-10-21 13:55:23,655 - Worker_0] Status code == 403 for http://negociosdoesporte.blogosfera.uol.com.br/2014/01/08/sochi-da-ao-rio-sossego-relativo-para-2016/, skipping...
[ERROR - 2025-10-21 13:55:27,551 - Worker_3] Status code == 403 for http://noticias.uol.com.br/midiaglobal/lemonde/2014/01/08/enfraquecido-por-disputas-internas-premie-turco-ataca-a-justica.htm, skipping...
[ERROR - 2025-10-21 13:55:27,737 - Worker_0] Status code == 403 for http://noticias.uol.com.br/cotidiano/ultimas-noticias/2014/01/08/o-que-voce-acha-da-suspensao-da-construcao-de-corredores-de-onibus-em-sp.htm, skipping...
[ERROR - 2025-10-21 13:55:27,946 - Worker_1] Status code == 403 for http://rodrigomattos.blogosfera.uol.com.br/2014/01/08/acao-do-mp-pode-obrigar-reforma-no-sistema-cbf-e-stjd/, skipping...
[ERROR - 2025-10-21 13:55:30,448 - Worker_2] Status code == 403 for http://noticias.uol.com.br/internacional/ultimas-noticias/2014/01/08/homem-tenta-entrar-nos-eua-com-tailandesa-escondida-dentro-de-mala.htm, skipping...
[ERROR - 2025-10-21 13:55:31,633 - Worker_3] Status code == 403 for http://educacao.uol.com.br/noticias/2014/01/08/usp-leste-suspende-as-atividades-a-partir-desta-quinta-feira.htm, skipping...
[ERROR - 2025-10-21 13:55:33,315 - Worker_4] Status code == 403 for http://noticias.uol.com.br/album/album-do-dia/2014/01/08/imagens-do-dia---8-de-janeiro-de-2014.htm?abrefoto=33, skipping...
[ERROR - 2025-10-21 13:55:34,693 - Worker_2] Status code == 404 for http://carnaval.uol.com.br/2014/blocos-de-rua/, skipping...
[ERROR - 2025-10-21 13:55:36,524 - Worker_0] Status code == 403 for http://blogdojuca.uol.com.br/2014/01/o-mundo-desencantado-da-sarneylandia/, skipping...
[ERROR - 2025-10-21 13:55:37,608 - Worker_4] Status code == 403 for http://radiouol.blogosfera.uol.com.br/2014/01/07/take-fifty-five/, skipping...
[ERROR - 2025-10-21 13:55:41,686 - Worker_4] Status code == 403 for http://noticias.uol.com.br/ultimas-noticias/bbc/2014/01/08/violencia-no-maranhao-ocorre-em-meio-a-disputa-politica.htm, skipping...
[ERROR - 2025-10-21 13:55:43,041 - Worker_0] Status code == 403 for http://noticias.uol.com.br/meio-ambiente/ultimas-noticias/redacao/2014/01/08/intensidade-dos-raios-ultravioleta-chega-a-nivel-extremo-no-brasil.htm, skipping...
[ERROR - 2025-10-21 13:55:44,193 - Worker_2] Status code == 403 for http://noticias.uol.com.br/tabloide/ultimas-noticias/2014/01/08/inri-cristo-e-noticia-em-jornal-britanico-posso-ser-louco-mas-nao-sou-burro.htm, skipping...
[ERROR - 2025-10-21 13:55:46,834 - Worker_1] Status code == 403 for http://noticias.uol.com.br/album/2014/01/08/as-derrotas-de-fernando-haddad-na-prefeitura-de-sao-paulo.htm?abrefoto=1, skipping...
[ERROR - 2025-10-21 13:55:47,095 - Worker_0] Status code == 403 for http://noticias.uol.com.br/cotidiano/ultimas-noticias/2014/01/08/transferir-presos-para-outros-estados-e-tiro-no-pe-diz-juiz-responsavel-por-monitoramento-carcerario.htm, skipping...
[ERROR - 2025-10-21 13:55:51,147 - Worker_0] Status code == 403 for http://noticias.uol.com.br/cotidiano/ultimas-noticias/2014/01/09/suspeito-de-matar-casal-na-serra-do-cipo-mg-diz-que-estuprou-mulher.htm, skipping...
[ERROR - 2025-10-21 13:55:53,521 - Worker_1] Status code == 404 for http://carnaval.uol.com.br/2014/salvador/, skipping...
[ERROR - 2025-10-21 13:55:55,349 - Worker_4] Status code == 404 for http://carnaval.uol.com.br/2014/salvador/noticias/2014/01/09/gusttavo-lima-lanca-bloco-doidaca-no-carnaval-de-salvador.htm, skipping...
[ERROR - 2025-10-21 13:55:55,450 - Worker_0] Status code == 404 for http://ne10.uol.com.br/canal/cotidiano/nordeste/noticia/2014/01/09/aviao-faz-pouso-nao-programado-em-salvador-por-causa-de-briga-de-casal-464384.php, skipping...
[ERROR - 2025-10-21 13:55:59,416 - Worker_4] Status code == 403 for http://noticias.uol.com.br/midiaglobal/lemonde/2014/01/09/na-europa-a-divisao-entre-esquerda-e-direita-se-atenua.htm, skipping...
[ERROR - 2025-10-21 13:56:02,948 - Worker_2] Status code == 404 for http://carnaval.uol.com.br/2014/sao-paulo/, skipping...
[ERROR - 2025-10-21 13:56:02,966 - Worker_3] Status code == 404 for http://carnaval.uol.com.br/2014/recife-e-olinda/, skipping...
[ERROR - 2025-10-21 13:56:03,470 - Worker_4] Status code == 403 for http://noticias.uol.com.br/cotidiano/ultimas-noticias/2014/01/09/cardozo-anuncia-plano-emergencial-para-o-ma-com-mais-policiais-e-transferencia-de-presos.htm, skipping...
[ERROR - 2025-10-21 13:56:03,560 - Worker_1] Failed to connect with http://natelinha.ne10.uol.com.br/novelas/2014/01/09/amor-aline-e-presa-ao-tentar-fugir-do-brasil-crimes-sao-descobertos-69859.php after 3 attempts, skipping...
[ERROR - 2025-10-21 13:56:04,794 - Worker_0] Status code == 403 for http://colunaesplanada.blogosfera.uol.com.br/2014/01/09/proposta-por-agentes-pec-do-trem-da-alegria-racha-a-pf/, skipping...
[ERROR - 2025-10-21 13:56:07,015 - Worker_3] Status code == 403 for http://noticias.uol.com.br/ultimas-noticias/bbc/2014/01/09/morte-de-ex-miss-obriga-maduro-a-assumir-crise-de-seguranca-na-venezuela.htm, skipping...
[ERROR - 2025-10-21 13:56:07,711 - Worker_1] Status code == 403 for http://uolesportevetv.blogosfera.uol.com.br/2014/01/09/jornalista-do-sbt-se-revolta-com-a-copa-e-grita-que-torcera-pelo-uruguai/, skipping...
[ERROR - 2025-10-21 13:56:07,819 - Worker_4] Status code == 403 for http://tecnologia.uol.com.br/album/2014/01/06/ces-2014.htm?abrefoto=134, skipping...
[ERROR - 2025-10-21 13:56:11,084 - Worker_3] Status code == 403 for http://noticias.uol.com.br/cotidiano/ultimas-noticias/2014/01/09/alertada-em-2008-roseana-se-diz-que-crise-surpreendeu-e-pede-fim-de-criticas-a-familia.htm, skipping...
[ERROR - 2025-10-21 13:56:13,601 - Worker_0] Status code == 403 for http://noticias.uol.com.br/saude/ultimas-noticias/redacao/2014/01/09/mudanca-na-cor-do-esperma-e-grave.htm, skipping...
[ERROR - 2025-10-21 13:56:15,144 - Worker_3] Status code == 403 for http://noticias.uol.com.br/ultimas-noticias/agencia-estado/2014/01/09/justica-suspende-parte-das-obras-do-vlt-em-santos.htm, skipping...
[ERROR - 2025-10-21 13:56:16,621 - Worker_1] Status code == 403 for http://blogdosimao.blogosfera.uol.com.br/2014/01/09/sarney-em-vez-de-cuidar-dos-presidios-foi-ao-baile-da-frozen/, skipping...
[ERROR - 2025-10-21 13:56:17,889 - Worker_0] Status code == 404 for http://carnaval.uol.com.br/2014/rio-de-janeiro/, skipping...
[ERROR - 2025-10-21 13:56:18,586 - Worker_2] Status code == 403 for http://tecnologia.uol.com.br/noticias/redacao/2014/01/09/estudante-sueca-revela-como-usou-instagram-no-combate-a-anorexia.htm, skipping...
[ERROR - 2025-10-21 13:56:18,840 - Worker_4] Status code == 403 for http://noticias.uol.com.br/cotidiano/ultimas-noticias/2014/01/09/apos-falha-tecnica-mega-sena-paga-r-68-milhoes-a-apostador-do-rs.htm, skipping...
[ERROR - 2025-10-21 13:56:21,940 - Worker_0] Status code == 403 for http://noticias.uol.com.br/cotidiano/ultimas-noticias/2014/01/09/rodizio-de-veiculos-e-improviso-afirma-especialista-em-transito.htm, skipping...
[ERROR - 2025-10-21 13:56:25,577 - Worker_1] Status code == 403 for http://noticias.uol.com.br/cotidiano/ultimas-noticias/2014/01/09/com-ministra-na-presidencia-conselho-nacional-evita-defender-intervencao-no-maranhao.htm, skipping...
[ERROR - 2025-10-21 13:56:26,809 - Worker_3] Status code == 404 for http://carnaval.uol.com.br/2014/blocos-de-rua/, skipping...
[ERROR - 2025-10-21 13:56:27,778 - Worker_2] Status code == 403 for http://noticias.uol.com.br/album/album-do-dia/2014/01/09/imagens-do-dia---9-de-janeiro-de-2014.htm?abrefoto=59, skipping...
[ERROR - 2025-10-21 13:56:28,499 - Worker_0] Status code == 502 for http://noticias.band.uol.com.br/brasilurgente/video/2014/01/09/14819891/menino-de-15-anos-morre-ao-tentar-defender-tio-de-assalto-em-sp.html, skipping...
[ERROR - 2025-10-21 13:56:32,257 - Worker_4] Status code == 403 for http://noticias.uol.com.br/midiaglobal/nytimes/2014/01/09/imigrantes-etiopes-expulsos-da-arabia-saudita-ficam-no-limbo-em-seu-pais.htm, skipping...
[ERROR - 2025-10-21 13:56:34,098 - Worker_2] Status code == 403 for http://economia.uol.com.br/noticias/infomoney/2014/01/09/ft-avalia-saida-de-us-122-bi-do-brasil-como-fim-de-uma-era-e-escolhe-culpado.htm, skipping...
[ERROR - 2025-10-21 13:56:35,506 - Worker_3] Status code == 403 for http://economia.uol.com.br/noticias/redacao/2014/01/09/passear-em-shopping-dever-no-cartao-veja-15-jeitos-de-perder-dinheiro.htm, skipping...
[ERROR - 2025-10-21 13:56:36,386 - Worker_4] Status code == 403 for http://marcosperes.blogosfera.uol.com.br/2014/01/09/leandrinho-envia-fotos-exclusivas-do-retorno-a-nba/, skipping...
[ERROR - 2025-10-21 13:56:40,708 - Worker_2] Status code == 403 for http://noticias.uol.com.br/ultimas-noticias/agencia-estado/2014/01/09/mpf-vai-fazer-pedido-de-intervencao-federal-no-maranhao.htm, skipping...
[ERROR - 2025-10-21 13:56:43,336 - Worker_1] Failed to connect with http://natelinha.ne10.uol.com.br/noticias/2014/01/09/familia-de-celso-portiolli-e-intoxicada-com-monoxido-de-carbono-entenda-69865.php after 3 attempts, skipping...
[ERROR - 2025-10-21 13:56:44,763 - Worker_2] Status code == 403 for http://noticias.uol.com.br/meio-ambiente/ultimas-noticias/redacao/2014/01/09/desenvolvimento-do-turismo-na-antartica-preocupa-cientistas.htm, skipping...
[ERROR - 2025-10-21 13:56:48,812 - Worker_2] Status code == 403 for http://noticias.uol.com.br/midiaglobal/lemonde/2014/01/10/los-angeles-e-acusada-de-autorizar-construcoes-sobre-falhas-sismicas.htm, skipping...
[ERROR - 2025-10-21 13:56:48,873 - Worker_3] Status code == 404 for http://carnaval.uol.com.br/2014/blocos-de-rua/noticias/2014/01/10/carnauol-anima-folioes-com-festa-de-famosos-blocos-no-rio-e-em-sao-paulo.htm, skipping...
[ERROR - 2025-10-21 13:56:51,493 - Worker_4] Status code == 403 for http://noticias.uol.com.br/midiaglobal/derspiegel/2014/01/10/cidades-da-alemanha-dizem-que-debate-sobre-imigracao-e-exagerado.htm, skipping...
[ERROR - 2025-10-21 13:56:52,055 - Worker_1] Status code == 403 for http://noticias.uol.com.br/ciencia/album/2014/01/06/veja-imagens-de-ciencia-do-mes-janeiro2014.htm?abrefoto=14, skipping...
[ERROR - 2025-10-21 13:56:59,056 - Worker_2] Status code == 502 for http://noticias.band.uol.com.br/brasilurgente/video/2014/01/10/14821060/golpe-do-movel-planejado-da-prejuizo-em-sp.html, skipping...
[ERROR - 2025-10-21 13:56:59,421 - Worker_0] Status code == 403 for http://educacao.uol.com.br/noticias/2014/01/10/justica-autoriza-ingresso-de-alunos-em-curso-da-ufpa-suspenso-pelo-mec.htm, skipping...
[ERROR - 2025-10-21 13:57:00,905 - Worker_1] Status code == 403 for http://noticias.uol.com.br/ultimas-noticias/efe/2014/01/10/criancas-criam-criancas-nas-favelas-do-rio-de-janeiro.htm, skipping...
[ERROR - 2025-10-21 13:57:03,703 - Worker_4] Status code == 404 for http://ne10.uol.com.br/canal/cotidiano/nordeste/noticia/2014/01/10/passageiro-que-causou-confusao-durante-voo-esta-preso-em-salvador-464656.php, skipping...
[ERROR - 2025-10-21 13:57:03,715 - Worker_0] Status code == 404 for http://carnaval.uol.com.br/2014/salvador/, skipping...
[ERROR - 2025-10-21 13:57:04,964 - Worker_1] Status code == 403 for http://noticias.uol.com.br/ultimas-noticias/agencia-estado/2014/01/10/reservatorios-da-cantareira-tem-pior-nivel-em-10-anos.htm, skipping...
[ERROR - 2025-10-21 13:57:07,766 - Worker_2] Status code == 404 for http://carnaval.uol.com.br/2014/sao-paulo/, skipping...
[ERROR - 2025-10-21 13:57:09,997 - Worker_4] Status code == 403 for http://noticias.uol.com.br/ciencia/album/2014/01/06/veja-imagens-de-ciencia-do-mes-janeiro2014.htm?abrefoto=15, skipping...
[ERROR - 2025-10-21 13:57:11,917 - Worker_2] Status code == 403 for http://robertosadovski.blogosfera.uol.com.br/2014/01/10/martin-scorsese-injeta-humor-nervoso-na-obra-prima-o-lobo-de-wall-street/, skipping...
[ERROR - 2025-10-21 13:57:12,379 - Worker_3] Failed to connect with http://natelinha.ne10.uol.com.br/novelas/2014/01/09/amor-aline-e-presa-ao-tentar-fugir-do-brasil-crimes-sao-descobertos-69859.php after 3 attempts, skipping...
[ERROR - 2025-10-21 13:57:16,431 - Worker_3] Status code == 403 for http://noticias.uol.com.br/ultimas-noticias/reuters/2014/01/10/renuncia-de-lideres-e-festejada-na-republica-centro-africana.htm, skipping...
[ERROR - 2025-10-21 13:57:18,735 - Worker_4] Status code == 403 for http://noticias.uol.com.br/meio-ambiente/ultimas-noticias/bbc/2014/01/09/china-da-maior-impulso-a-energia-eolica-ja-visto-no-mundo.htm, skipping...
[ERROR - 2025-10-21 13:57:20,520 - Worker_3] Status code == 403 for http://noticias.uol.com.br/album/2014/01/10/iraniano-esta-ha-60-anos-sem-tomar-banho.htm?abrefoto=4, skipping...
[ERROR - 2025-10-21 13:57:21,573 - Worker_0] Status code == 403 for http://noticias.uol.com.br/album/album-do-dia/2014/01/10/imagens-do-dia---10-de-janeiro-de-2014.htm?abrefoto=20, skipping...
[ERROR - 2025-10-21 13:57:23,271 - Worker_4] Status code == 404 for http://carnaval.uol.com.br/2014/rio-de-janeiro/, skipping...
[ERROR - 2025-10-21 13:57:24,578 - Worker_3] Status code == 403 for http://noticias.uol.com.br/cotidiano/ultimas-noticias/2014/01/10/maranhao-devolveu-quase-metade-dos-recursos-recebidos-em-15-anos-para-construir-presidios.htm, skipping...
[ERROR - 2025-10-21 13:57:25,402 - Worker_2] Status code == 403 for http://rodrigomattos.blogosfera.uol.com.br/2014/01/10/justica-de-sp-da-liminar-e-devolve-quatro-pontos-ao-flamengo/, skipping...
[ERROR - 2025-10-21 13:57:28,888 - Worker_3] Status code == 404 for http://carnaval.uol.com.br/2014/blocos-de-rua/, skipping...
[ERROR - 2025-10-21 13:57:32,943 - Worker_3] Status code == 403 for http://noticias.uol.com.br/album/album-do-dia/2014/01/10/imagens-do-dia---10-de-janeiro-de-2014.htm?abrefoto=55, skipping...
[ERROR - 2025-10-21 13:57:34,126 - Worker_2] Status code == 403 for http://blogdosimao.blogosfera.uol.com.br/2014/01/10/verao-caliente-ilha-do-algodoal-para/, skipping...
[ERROR - 2025-10-21 13:57:35,598 - Worker_1] Status code == 403 for http://educacao.uol.com.br/noticias/2014/01/10/sisu-2014-tem-24-milhoes-de-inscritos-prazo-termina-as-23h59.htm, skipping...
[ERROR - 2025-10-21 13:57:35,838 - Worker_4] Status code == 404 for http://carnaval.uol.com.br/2014/recife-e-olinda/, skipping...
[ERROR - 2025-10-21 13:57:40,500 - Worker_2] Status code == 403 for http://noticias.uol.com.br/cotidiano/ultimas-noticias/2014/01/10/presos-de-pedrinhas-relatam-rotina-de-presidios-em-redes-sociais.htm, skipping...
[ERROR - 2025-10-21 13:57:41,151 - Worker_0] Failed to connect with http://blogdobirner.virgula.uol.com.br/2014/01/10/a-exemplar-politica-de-contratacoes-do-palmeiras/ after 3 attempts, skipping...
[ERROR - 2025-10-21 13:57:42,543 - Worker_4] Status code == 403 for http://uolesporte.blogosfera.uol.com.br/2014/01/10/astro-do-heat-divulga-karaoke-beneficente-e-poe-lebron-e-wade-para-cantar/, skipping...
[ERROR - 2025-10-21 13:57:44,820 - Worker_3] Status code == 403 for http://mauriciostycer.blogosfera.uol.com.br/2014/01/10/amores-roubados-vale-pelo-caminho-que-aponta-para-a-ficcao-da-globo/, skipping...
[ERROR - 2025-10-21 13:57:46,641 - Worker_4] Status code == 403 for http://noticias.uol.com.br/midiaglobal/elpais/2014/01/10/a-camara-de-gas-nao-e-uma-piada.htm, skipping...
[ERROR - 2025-10-21 13:57:50,701 - Worker_4] Status code == 403 for http://noticias.uol.com.br/ultimas-noticias/efe/2014/01/11/sharon-sera-enterrado-na-segunda-feira-em-seu-rancho.htm, skipping...
[ERROR - 2025-10-21 13:57:53,493 - Worker_3] Status code == 403 for http://noticias.uol.com.br/album/album-do-dia/2014/01/11/imagens-do-dia---11-de-janeiro-de-2014.htm?abrefoto=38, skipping...
[ERROR - 2025-10-21 13:57:53,960 - Worker_1] Status code == 403 for http://mauriciostycer.blogosfera.uol.com.br/2014/01/11/tres-atores-de-amor-a-vida-ja-criticaram-os-rumos-de-seus-personagens/, skipping...
[ERROR - 2025-10-21 13:57:57,696 - Worker_3] Status code == 404 for http://charges.uol.com.br/2014/01/11/tobby-entrevista-stewie/, skipping...
[ERROR - 2025-10-21 13:58:03,259 - Worker_1] Status code == 404 for http://carnaval.uol.com.br/2014/salvador/, skipping...
[ERROR - 2025-10-21 13:58:04,141 - Worker_0] Status code == 403 for http://blogdojuliogomes.blogosfera.uol.com.br/2014/01/11/atletico-x-barca-onde-metros-sao-conquistados-nao-herdados/, skipping...
[ERROR - 2025-10-21 13:58:04,226 - Worker_2] Status code == 404 for http://carnaval.uol.com.br/2014/sao-paulo/, skipping...
[ERROR - 2025-10-21 13:58:04,292 - Worker_3] Status code == 403 for http://noticias.uol.com.br/midiaglobal/the-international-new-york-times/2014/01/11/a-ultima-resistencia-de-quebec.htm, skipping...
[ERROR - 2025-10-21 13:58:08,299 - Worker_2] Status code == 403 for http://noticias.uol.com.br/ultimas-noticias/afp/2014/01/11/palestinos-dizem-que-ariel-sharon-era-criminoso-e-foragido-da-justica.htm, skipping...
[ERROR - 2025-10-21 13:58:10,799 - Worker_3] Status code == 403 for http://tecnologia.uol.com.br/album/2014/01/11/elefante-cachorros-e-gatos-bichos-aderem-a-modinha-dos-selfies-na-internet.htm?abrefoto=1, skipping...
[ERROR - 2025-10-21 13:58:12,449 - Worker_2] Status code == 403 for http://saltoalto.blogosfera.uol.com.br/2014/01/11/jaqueline-inicia-trabalho-para-recuperar-a-forma-apos-nascimento-de-filho/, skipping...
[ERROR - 2025-10-21 13:58:13,321 - Worker_1] Failed to connect with http://revistafullpower.uol.com.br/2014/01/video-medimos-a-potencia-do-veloster-no-dinamometro/ after 3 attempts, skipping...
[ERROR - 2025-10-21 13:58:13,381 - Worker_4] Status code == 403 for http://blogdosimao.blogosfera.uol.com.br/2014/01/11/resumo-de-amores-roubados/, skipping...
[ERROR - 2025-10-21 13:58:17,413 - Worker_1] Status code == 403 for http://economia.uol.com.br/noticias/redacao/2014/01/11/verao-gera-inflacao-em-praias-do-rio-e-dobra-precos-de-guarda-sol-e-cadeira.htm, skipping...
[ERROR - 2025-10-21 13:58:21,469 - Worker_1] Status code == 403 for http://noticias.uol.com.br/cotidiano/ultimas-noticias/2014/01/11/spa-de-luxo-frequentado-por-celebridades-pede-falencia-e-deixa-clientes-na-mao.htm, skipping...
[ERROR - 2025-10-21 13:58:23,214 - Worker_0] Status code == 403 for http://educacao.uol.com.br/album/2014/01/09/to-spend-vacation---conheca-palavras-e-expressoes-muito-usadas-em-ingles-para-as-ferias.htm?abrefoto=8, skipping...
[ERROR - 2025-10-21 13:58:25,527 - Worker_1] Status code == 403 for http://noticias.uol.com.br/album/2014/01/10/iraniano-esta-ha-60-anos-sem-tomar-banho.htm?abrefoto=4, skipping...
[ERROR - 2025-10-21 13:58:25,663 - Worker_2] Status code == 403 for http://noticias.uol.com.br/midiaglobal/nytimes/2014/01/11/novo-parque-nacional-nos-eua-prova-ser-um-presente-dificil.htm, skipping...
[ERROR - 2025-10-21 13:58:27,465 - Worker_0] Status code == 404 for http://carnaval.uol.com.br/2014/rio-de-janeiro/, skipping...
[ERROR - 2025-10-21 13:58:29,715 - Worker_2] Status code == 403 for http://noticias.uol.com.br/midiaglobal/nytimes/2014/01/11/fabricas-na-asia-encontram-sensatez-e-economia-na-certificacao-ambiental.htm, skipping...
[ERROR - 2025-10-21 13:58:33,157 - Worker_3] Status code == 404 for http://carnaval.uol.com.br/2014/blocos-de-rua/, skipping...
[ERROR - 2025-10-21 13:58:34,268 - Worker_2] Status code == 404 for http://esporte.uol.com.br/f1/ultimas-noticias/2014/01/11/pilotos-do-desafio-das-estrelas-de-kart-prestam-homenagem-a-schumacher.htm, skipping...
[ERROR - 2025-10-21 13:58:36,417 - Worker_0] Status code == 403 for http://blogdosakamoto.blogosfera.uol.com.br/2014/01/11/rapaz-chines-apanha-no-metro-e-seguranca-o-culpa-por-isso-imagina-na-copa/, skipping...
[ERROR - 2025-10-21 13:58:37,227 - Worker_3] Status code == 403 for http://noticias.uol.com.br/ultimas-noticias/afp/2014/01/11/legado-politico-de-sharon-carece-de-herdeiro-em-israel.htm, skipping...
[ERROR - 2025-10-21 13:58:38,524 - Worker_2] Status code == 404 for http://carnaval.uol.com.br/2014/recife-e-olinda/, skipping...
[ERROR - 2025-10-21 13:58:40,523 - Worker_0] Status code == 403 for http://noticias.uol.com.br/cotidiano/ultimas-noticias/2014/01/11/mega-sena-paga-r-25-milhoes-neste-sabado.htm, skipping...
[ERROR - 2025-10-21 13:58:42,275 - Worker_4] Status code == 403 for http://noticias.uol.com.br/saude/ultimas-noticias/redacao/2014/01/11/historias-levantam-questoes-sobre-como-tratar-pacientes-com-morte-cerebral.htm, skipping...
[ERROR - 2025-10-21 13:58:46,334 - Worker_4] Status code == 404 for http://guia.uol.com.br/belo-horizonte/cinema/noticias/2014/01/11/mostra-exibe-filmes-do-diretor-rithy-panh-que-refletem-sobre-o-camboja.htm, skipping...
[ERROR - 2025-10-21 13:58:49,928 - Worker_0] Status code == 403 for http://noticias.uol.com.br/cotidiano/ultimas-noticias/2014/01/11/maranhao-tem-mais-foragidos-nas-ruas-que-detentos-em-presidios-aponta-cnj.htm, skipping...
[ERROR - 2025-10-21 13:58:52,809 - Worker_4] Status code == 403 for http://uolesporte.blogosfera.uol.com.br/2014/01/12/neymar-mostra-seu-talento-como-musico-com-cancoes-romanticas/, skipping...
[ERROR - 2025-10-21 13:58:54,072 - Worker_0] Status code == 403 for http://mauriciostycer.blogosfera.uol.com.br/2014/01/11/tres-atores-de-amor-a-vida-ja-criticaram-os-rumos-de-seus-personagens/, skipping...
[ERROR - 2025-10-21 13:58:57,133 - Worker_3] Status code == 403 for http://noticias.uol.com.br/album/album-do-dia/2014/01/12/imagens-do-dia---12-de-janeiro-de-2014.htm?abrefoto=32, skipping...
[ERROR - 2025-10-21 13:59:02,827 - Worker_0] Status code == 404 for http://carnaval.uol.com.br/2014/salvador/, skipping...
[ERROR - 2025-10-21 13:59:05,276 - Worker_2] Status code == 403 for http://noticias.uol.com.br/ultimas-noticias/afp/2014/01/12/jovem-venezuelano-envolvido-em-morte-de-ex-miss-se-entrega-a-policia.htm, skipping...
[ERROR - 2025-10-21 13:59:05,697 - Worker_1] Status code == 403 for http://educacao.uol.com.br/noticias/2014/01/12/inscricoes-para-bolsas-do-prouni-serao-abertas-nesta-segunda-feira.htm, skipping...
[ERROR - 2025-10-21 13:59:05,851 - Worker_3] Status code == 403 for http://noticias.uol.com.br/ultimas-noticias/bbc/2014/01/10/pesquisadores-alertam-para-expansao-de-transgenicos-e-agrotoxicos-no-brasil.htm, skipping...
[ERROR - 2025-10-21 13:59:05,953 - Worker_4] Status code == 404 for http://carnaval.uol.com.br/2014/sao-paulo/, skipping...
[ERROR - 2025-10-21 13:59:06,890 - Worker_0] Status code == 403 for http://noticias.uol.com.br/cotidiano/ultimas-noticias/2014/01/12/familiares-e-amigos-participam-de-missa-de-7-dia-de-menina-morta-apos-ataque-a-onibus-em-sao-luis.htm, skipping...
[ERROR - 2025-10-21 13:59:09,332 - Worker_2] Status code == 403 for http://noticias.uol.com.br/album/album-do-dia/2014/01/12/imagens-do-dia---12-de-janeiro-de-2014.htm?abrefoto=44, skipping...
[ERROR - 2025-10-21 13:59:09,752 - Worker_1] Status code == 403 for http://noticias.uol.com.br/album/album-do-dia/2014/01/12/imagens-do-dia---12-de-janeiro-de-2014.htm?abrefoto=28, skipping...
[ERROR - 2025-10-21 13:59:10,946 - Worker_0] Status code == 403 for http://noticias.uol.com.br/midiaglobal/nytimes/2014/01/12/artistas-africanos-sao-estimulados-por-promessas-de-democracia-e-pela-internet.htm, skipping...
[ERROR - 2025-10-21 13:59:15,014 - Worker_0] Status code == 403 for http://noticias.uol.com.br/meio-ambiente/ultimas-noticias/redacao/2014/01/10/declinio-na-populacao-de-leoes-ursos-e-lobos-prejudica-areas-verdes.htm, skipping...
[ERROR - 2025-10-21 13:59:15,622 - Worker_2] Status code == 403 for http://noticias.uol.com.br/album/album-do-dia/2014/01/12/imagens-do-dia---12-de-janeiro-de-2014.htm?abrefoto=35, skipping...
[ERROR - 2025-10-21 13:59:16,108 - Worker_1] Status code == 403 for http://noticias.uol.com.br/midiaglobal/nytimes/2014/01/12/um-paraiso-envolto-em-neblina-construido-por-bilionario-de-forma-nebulosa.htm, skipping...
[ERROR - 2025-10-21 13:59:17,045 - Worker_4] Status code == 403 for http://rodrigomattos.blogosfera.uol.com.br/2014/01/12/cbf-fara-tabela-do-brasileiro-com-20-times-sem-pensar-na-justica/, skipping...
[ERROR - 2025-10-21 13:59:22,825 - Worker_1] Status code == 403 for http://nagradedomma.blogosfera.uol.com.br/2014/01/12/jones-x-glover-no-ufc-172/, skipping...
[ERROR - 2025-10-21 13:59:23,496 - Worker_3] Status code == 403 for http://noticias.uol.com.br/internacional/ultimas-noticias/2014/01/12/dom-orani-diz-que-ser-cardeal-e-ao-mesmo-tempo-graca-e-responsabilidade.htm, skipping...
[ERROR - 2025-10-21 13:59:27,139 - Worker_1] Status code == 404 for http://carnaval.uol.com.br/2014/rio-de-janeiro/, skipping...
[ERROR - 2025-10-21 13:59:27,548 - Worker_3] Status code == 403 for http://noticias.uol.com.br/ciencia/ultimas-noticias/redacao/2014/01/12/pesquisa-afirma-que-cafeina-pode-ajudar-cerebro-a-fixar-memorias.htm, skipping...
[ERROR - 2025-10-21 13:59:31,404 - Worker_2] Status code == 404 for http://carnaval.uol.com.br/2014/blocos-de-rua/, skipping...
[ERROR - 2025-10-21 13:59:38,651 - Worker_3] Status code == 404 for http://carnaval.uol.com.br/2014/recife-e-olinda/, skipping...
[ERROR - 2025-10-21 13:59:39,426 - Worker_1] Failed to connect with http://natelinha.ne10.uol.com.br/novelas/2014/01/12/amor-a-vida-aline-compra-punhal-e-passagem-so-de-ida-para-a-belgica-69967.php after 3 attempts, skipping...
[ERROR - 2025-10-21 13:59:48,207 - Worker_1] Status code == 403 for http://noticias.uol.com.br/album/album-do-dia/2014/01/12/imagens-do-dia---12-de-janeiro-de-2014.htm?abrefoto=40, skipping...
[ERROR - 2025-10-21 13:59:51,484 - Worker_4] Status code == 403 for http://blogdojuliogomes.blogosfera.uol.com.br/2014/01/13/justica-com-cristiano-e-pele-injustica-com-romario/, skipping...
[ERROR - 2025-10-21 13:59:55,544 - Worker_4] Status code == 403 for http://educacao.uol.com.br/noticias/2014/01/13/sisu-2014-concorrencia-e-maior-entre-cotistas.htm, skipping...
[ERROR - 2025-10-21 13:59:58,575 - Worker_0] Status code == 403 for http://noticias.uol.com.br/album/album-do-dia/2014/01/13/imagens-do-dia---13-de-janeiro-de-2014.htm?abrefoto=47, skipping...
[ERROR - 2025-10-21 13:59:59,917 - Worker_2] Status code == 403 for http://noticias.uol.com.br/ciencia/ultimas-noticias/afp/2014/01/07/dinossauros-da-arabia-identificados-pela-primeira-vez.htm, skipping...
[ERROR - 2025-10-21 14:00:04,140 - Worker_2] Status code == 404 for http://carnaval.uol.com.br/2014/salvador/, skipping...
[ERROR - 2025-10-21 14:00:04,240 - Worker_3] Status code == 404 for http://cenapop.virgula.uol.com.br/2014/01/13/30793-datena-diz-que-fica-nervoso-ao-ver-a-filha-no-domingao-do-faustao/, skipping...
[ERROR - 2025-10-21 14:00:07,628 - Worker_0] Status code == 404 for http://carnaval.uol.com.br/2014/sao-paulo/, skipping...
[ERROR - 2025-10-21 14:00:08,395 - Worker_2] Status code == 404 for http://carnaval.uol.com.br/2014/blocos-de-rua/noticias/2014/01/13/carnaval-de-rua-de-sao-paulo-sera-regulamentado-em-2014.htm, skipping...
[ERROR - 2025-10-21 14:00:09,943 - Worker_4] Status code == 403 for http://noticias.uol.com.br/cotidiano/ultimas-noticias/2014/01/13/itaoca-sp-ja-tem-oito-mortos-apos-chuva-governador-visita-cidade-para-avaliar-danos.htm, skipping...
[ERROR - 2025-10-21 14:00:12,475 - Worker_2] Status code == 403 for http://economia.uol.com.br/noticias/redacao/2014/01/13/clientes-da-caixa-podem-pedir-dinheiro-de-contas-encerradas-pelo-banco.htm, skipping...
[ERROR - 2025-10-21 14:00:17,801 - Worker_3] Status code == 403 for http://economia.uol.com.br/noticias/redacao/2014/01/13/brasil-bate-recordes-mundiais-de-venda-de-mcdonalds-outback-e-hooters.htm, skipping...
[ERROR - 2025-10-21 14:00:21,980 - Worker_3] Status code == 403 for http://blogdojuca.uol.com.br/2014/01/por-que-flavio-zveiter-preside-o-stjd/, skipping...
[ERROR - 2025-10-21 14:00:25,267 - Worker_0] Status code == 403 for http://noticias.uol.com.br/ciencia/album/2014/01/06/veja-imagens-de-ciencia-do-mes-janeiro2014.htm?abrefoto=10, skipping...
[ERROR - 2025-10-21 14:00:27,201 - Worker_1] Failed to connect with http://portalcorreio.uol.com.br/noticias/cidades/praia/2014/01/12/NWS,234184,4,79,NOTICIAS,2190-AVIAO-FAZ-VOOS-RASANTES-PRAIA-ASSUSTA-BANHISTAS-PILOTO-LEVADO-PELA-PRESTAR-ESCLARECIMENTOS.aspx after 3 attempts, skipping...
[ERROR - 2025-10-21 14:00:28,189 - Worker_4] Status code == 404 for http://carnaval.uol.com.br/2014/rio-de-janeiro/, skipping...
[ERROR - 2025-10-21 14:00:30,740 - Worker_3] Status code == 403 for http://saltoalto.blogosfera.uol.com.br/2014/01/13/unica-tecnica-da-superliga-revela-choro-com-criticas-e-dividas-apos-calote/, skipping...
[ERROR - 2025-10-21 14:00:31,758 - Worker_0] Status code == 404 for http://carnaval.uol.com.br/2014/blocos-de-rua/, skipping...
[ERROR - 2025-10-21 14:00:34,565 - Worker_2] Status code == 403 for http://noticias.uol.com.br/cotidiano/ultimas-noticias/2014/01/13/dona-de-spa-de-luxo-diz-nao-ter-dinheiro-pra-ressarcir-clientes-e-funcionarios.htm, skipping...
[ERROR - 2025-10-21 14:00:35,811 - Worker_0] Status code == 403 for http://noticias.uol.com.br/ciencia/ultimas-noticias/redacao/2014/01/10/cerebro-percebe-emocao-humana-e-humor-de-cachorro-da-mesma-forma.htm, skipping...
[ERROR - 2025-10-21 14:00:37,785 - Worker_1] Status code == 403 for http://nagradedomma.blogosfera.uol.com.br/2014/01/13/boninho-e-o-tuf-brasil-3/, skipping...
[ERROR - 2025-10-21 14:00:39,158 - Worker_4] Status code == 404 for http://carnaval.uol.com.br/2014/recife-e-olinda/, skipping...
[ERROR - 2025-10-21 14:00:41,607 - Worker_3] Status code == 403 for http://noticias.uol.com.br/album/album-do-dia/2014/01/13/imagens-do-dia---13-de-janeiro-de-2014.htm?abrefoto=3, skipping...
[ERROR - 2025-10-21 14:00:41,929 - Worker_1] Status code == 403 for http://rodrigomattos.blogosfera.uol.com.br/2014/01/13/justica-do-rio-nega-primeira-liminar-de-socio-do-fla-contra-cbf/, skipping...
[ERROR - 2025-10-21 14:00:45,426 - Worker_4] Status code == 403 for http://noticias.uol.com.br/cotidiano/ultimas-noticias/2014/01/13/campinas-sp-tem-13-mortos-em-madrugada-mesmo-numero-registrado-em-todo-mes-de-janeiro-de-2013.htm, skipping...
[ERROR - 2025-10-21 14:00:50,574 - Worker_2] Status code == 403 for http://uoltecnologia.blogosfera.uol.com.br/2014/01/13/zuckerberg-usa-aplicativo-de-duvidas-para-identificar-aranha-achada-em-casa/, skipping...
[ERROR - 2025-10-21 14:00:54,129 - Worker_0] Status code == 403 for http://noticias.uol.com.br/politica/ultimas-noticias/2014/01/14/justica-determina-multa-de-r-370-mil-para-ex-tesoureiro-do-pl.htm, skipping...
[ERROR - 2025-10-21 14:00:54,472 - Worker_4] Status code == 403 for http://uolesportevetv.blogosfera.uol.com.br/2014/01/13/chico-lang-diz-que-desabafo-sobre-filho-viciado-em-drogas-foi-espontaneo, skipping...
[ERROR - 2025-10-21 14:00:56,979 - Worker_3] Status code == 403 for http://noticias.uol.com.br/ultimas-noticias/afp/2014/01/14/refugiada-siria-no-libano-completa-100-anos-de-idade-e-sonha-em-voltar-para-casa.htm, skipping...
[ERROR - 2025-10-21 14:00:57,167 - Worker_2] Status code == 403 for http://omundoemmovimento.blogosfera.uol.com.br/2014/01/14/concessionarias-lotadas-mercado-vende-161-mil-carros-por-dia/, skipping...
[ERROR - 2025-10-21 14:00:58,524 - Worker_4] Status code == 403 for http://noticias.uol.com.br/internacional/ultimas-noticias/2014/01/14/mae-de-brasileiro-preso-nos-eua-sofre-com-a-falta-de-noticias-so-queria-ouvir-a-voz-do-meu-filho.htm, skipping...
[ERROR - 2025-10-21 14:01:05,839 - Worker_0] Status code == 403 for http://noticias.uol.com.br/cotidiano/ultimas-noticias/2014/01/14/secretario-de-seguranca-publica-admite-possibilidade-de-envolvimento-de-pms-em-chacina-em-campinas-sp.htm, skipping...
[ERROR - 2025-10-21 14:01:05,840 - Worker_3] Status code == 403 for http://noticias.uol.com.br/cotidiano/ultimas-noticias/2014/01/14/pastor-e-preso-com-lamina-dentro-de-sapato-em-pedrinhas-no-ma.htm, skipping...
[ERROR - 2025-10-21 14:01:09,906 - Worker_2] Failed to connect with http://tnh1.ne10.uol.com.br/noticia/maceio/2014/01/14/284325/trio-se-agarra-em-caixa-de-isopor-cheia-de-cerveja-e-e-salvo-de-afogamento after 3 attempts, skipping...
[ERROR - 2025-10-21 14:01:10,662 - Worker_1] Status code == 404 for http://carnaval.uol.com.br/2014/salvador/, skipping...
[ERROR - 2025-10-21 14:01:12,209 - Worker_0] Status code == 403 for http://cornetafc.blogosfera.uol.com.br/2014/01/14/toca-aqui-neymar-deixa-que-eu-toco-sozinha/, skipping...
[ERROR - 2025-10-21 14:01:13,953 - Worker_2] Status code == 403 for http://noticias.uol.com.br/album/album-do-dia/2014/01/14/imagens-do-dia---14-de-janeiro-de-2014.htm?abrefoto=42, skipping...
[ERROR - 2025-10-21 14:01:14,283 - Worker_4] Status code == 404 for http://carnaval.uol.com.br/2014/sao-paulo/, skipping...
[ERROR - 2025-10-21 14:01:15,278 - Worker_3] Status code == 403 for http://blogdosakamoto.blogosfera.uol.com.br/2014/01/14/maranhao-violencia-nao-e-amor-de-verao-que-nao-sobrevive-depois-das-ferias/, skipping...
[ERROR - 2025-10-21 14:01:16,295 - Worker_0] Status code == 403 for http://educacao.uol.com.br/noticias/2014/01/14/professora-diz-que-aluna-tem-caspa-e-colegio-paga-r-10-mil-de-dano-moral.htm, skipping...
[ERROR - 2025-10-21 14:01:19,330 - Worker_3] Status code == 403 for http://noticias.uol.com.br/cotidiano/ultimas-noticias/2014/01/14/justica-de-sp-encerra-processo-contra-ustra-por-ocultacao-de-cadaver.htm, skipping...
[ERROR - 2025-10-21 14:01:23,391 - Worker_3] Status code == 403 for http://economia.uol.com.br/noticias/redacao/2014/01/14/avianca-adota-tarifa-maxima-de-r-999-de-fevereiro-a-julho.htm, skipping...
[ERROR - 2025-10-21 14:01:25,542 - Worker_4] Status code == 403 for http://tecnologia.uol.com.br/noticias/redacao/2014/01/14/saiba-o-que-fazer-quando-o-facebook-desativa-o-seu-perfil.htm, skipping...
[ERROR - 2025-10-21 14:01:26,744 - Worker_2] Status code == 403 for http://noticias.uol.com.br/ultimas-noticias/agencia-estado/2014/01/14/tsunami-de-itaoca-pode-ter-deixado-20-mortos.htm, skipping...
[ERROR - 2025-10-21 14:01:29,586 - Worker_4] Status code == 403 for http://noticias.uol.com.br/ultimas-noticias/agencia-estado/2014/01/14/beltrame-diz-que-rolezinho-nao-e-crime.htm, skipping...
[ERROR - 2025-10-21 14:01:32,244 - Worker_3] Status code == 403 for http://educacao.uol.com.br/noticias/2014/01/14/pais-devem-ficar-atentos-ao-contratar-transporte-escolar-para-os-filhos.htm, skipping...
[ERROR - 2025-10-21 14:01:33,053 - Worker_2] Status code == 403 for http://economia.uol.com.br/blogs-e-colunas/coluna/reinaldo-polito/2014/01/14/como-sabrina-sato-chegou-ao-seu-salario-de-r-1-milhao.htm, skipping...
[ERROR - 2025-10-21 14:01:33,727 - Worker_4] Status code == 403 for http://blogdosimao.blogosfera.uol.com.br/2014/01/14/fluminense-entra-com-recurso-e-fred-ganha-bola-de-ouro/, skipping...
[ERROR - 2025-10-21 14:01:34,386 - Worker_0] Status code == 403 for http://tecnologia.uol.com.br/noticias/redacao/2014/01/14/caixa-de-som-iblock-agrada-mais-pelo-design-do-que-pelo-audio.htm, skipping...
[ERROR - 2025-10-21 14:01:38,692 - Worker_0] Status code == 404 for http://carnaval.uol.com.br/2014/blocos-de-rua/, skipping...
[ERROR - 2025-10-21 14:01:42,752 - Worker_0] Status code == 403 for http://noticias.uol.com.br/tabloide/ultimas-noticias/2014/01/13/brasileira-e-eleita-rainha-internacional-do-cafe-2014.htm, skipping...
[ERROR - 2025-10-21 14:01:43,546 - Worker_3] Status code == 403 for http://blogdoteojose.blogosfera.uol.com.br/2014/01/14/felipe-nasr-continua-na-fila/, skipping...
[ERROR - 2025-10-21 14:01:44,238 - Worker_2] Status code == 404 for http://carnaval.uol.com.br/2014/recife-e-olinda/, skipping...
[ERROR - 2025-10-21 14:01:46,813 - Worker_0] Status code == 403 for http://educacao.uol.com.br/album/2014/01/14/apos-decisao-do-mec-alunos-da-gama-filho-e-univercidade-protestam-no-rio.htm?abrefoto=1, skipping...
[ERROR - 2025-10-21 14:01:47,698 - Worker_3] Status code == 403 for http://nagradedomma.blogosfera.uol.com.br/2014/01/14/anderson-video-game-musica-e-familia/, skipping...
[ERROR - 2025-10-21 14:01:50,622 - Worker_2] Status code == 403 for http://economia.uol.com.br/agronegocio/noticias/redacao/2014/01/14/vai-viajar-para-outro-pais-veja-comidas-e-itens-que-nao-podem-vir-na-mala.htm, skipping...
[ERROR - 2025-10-21 14:01:51,364 - Worker_1] Status code == 404 for http://carnaval.uol.com.br/2014/rio-de-janeiro/, skipping...
[ERROR - 2025-10-21 14:01:51,610 - Worker_4] Status code == 403 for http://reginanavarro.blogosfera.uol.com.br/2014/01/14/as-fantasias-sexuais-de-cada-um/, skipping...
[ERROR - 2025-10-21 14:01:55,421 - Worker_1] Status code == 403 for http://noticias.uol.com.br/midiaglobal/nytimes/2014/01/14/apos-decadas-de-saques-museu-nacional-do-afeganistao-recupera-reliquias.htm, skipping...
[ERROR - 2025-10-21 14:01:55,666 - Worker_4] Status code == 403 for http://noticias.uol.com.br/cotidiano/ultimas-noticias/2014/01/14/apos-queda-de-menina-argentina-infraero-faz-mudancas-nos-vaos-do-aeroporto-do-galeao.htm, skipping...
[ERROR - 2025-10-21 14:01:56,873 - Worker_0] Failed to connect with http://natelinha.ne10.uol.com.br/novelas/2014/01/14/amor-a-vida-natasha-pede-thales-em-casamento-saiba-como-sera-a-cena-70032.php after 3 attempts, skipping...
[ERROR - 2025-10-21 14:01:59,477 - Worker_1] Status code == 403 for http://noticias.uol.com.br/midiaglobal/freakonomics/2014/01/14/o-que-aconteceu-com-a-epidemia-de-sindrome-do-tunel-do-carpo.htm, skipping...
[ERROR - 2025-10-21 14:01:59,725 - Worker_4] Status code == 403 for http://noticias.uol.com.br/album/2014/01/14/violencia-em-campinas.htm?abrefoto=11, skipping...
[ERROR - 2025-10-21 14:02:03,551 - Worker_1] Status code == 403 for http://noticias.uol.com.br/ultimas-noticias/afp/2014/01/15/nomeacao-de-suposta-amante-de-hollande-para-instituicao-francesa-gera-polemica.htm, skipping...
[ERROR - 2025-10-21 14:02:04,517 - Worker_4] Status code == 404 for http://placar.esporte.uol.com.br/futebol/copa-sao-paulo/?id=/2014/01/15/internacional-x-linense, skipping...
[ERROR - 2025-10-21 14:02:08,569 - Worker_4] Status code == 403 for http://educacao.uol.com.br/album/2014/01/14/confira-as-bandeiras-que-o-brasil-ja-teve.htm?abrefoto=3, skipping...
[ERROR - 2025-10-21 14:02:09,978 - Worker_3] Status code == 404 for http://charges.uol.com.br/2014/01/15/rolezinho-de-politico/, skipping...
[ERROR - 2025-10-21 14:02:13,326 - Worker_1] Status code == 403 for http://economia.uol.com.br/album/2014/01/15/bonecas-negras-sao-sucesso-de-venda-na-nigeria.htm?abrefoto=1, skipping...
[ERROR - 2025-10-21 14:02:17,106 - Worker_3] Status code == 404 for http://carnaval.uol.com.br/2014/salvador/, skipping...
[ERROR - 2025-10-21 14:02:20,018 - Worker_4] Status code == 404 for http://carnaval.uol.com.br/2014/sao-paulo/, skipping...
[ERROR - 2025-10-21 14:02:21,036 - Worker_0] Status code == 403 for http://noticias.uol.com.br/midiaglobal/nytimes/2014/01/15/afegaos-de-vale-tranquilo-temem-a-volta-do-taleban.htm, skipping...
[ERROR - 2025-10-21 14:02:22,472 - Worker_1] Status code == 403 for http://cristianonabuco.blogosfera.uol.com.br/2014/01/15/celulares-a-irritacao-constante-para-o-cerebro/, skipping...
[ERROR - 2025-10-21 14:02:26,594 - Worker_1] Status code == 403 for http://blogdosimao.blogosfera.uol.com.br/2014/01/15/oba-aproveita-promocao/, skipping...
[ERROR - 2025-10-21 14:02:33,135 - Worker_4] Status code == 403 for http://noticias.uol.com.br/midiaglobal/derspiegel/2014/01/15/ue-quer-regras-mais-severas-para-alimentos-rotulados-como-organicos.htm, skipping...
[ERROR - 2025-10-21 14:02:33,568 - Worker_0] Status code == 403 for http://educacao.uol.com.br/noticias/2014/01/15/sisu-2014-1-lugar-geral-na-ufmg-e-na-ufes-nao-usa-facebook-e-twitter.htm, skipping...
[ERROR - 2025-10-21 14:02:35,815 - Worker_3] Status code == 403 for http://noticias.uol.com.br/cotidiano/ultimas-noticias/2014/01/15/apos-denuncias-de-shoppings-de-sp-facebook-tira-do-ar-convites-para-rolezinhos.htm, skipping...
[ERROR - 2025-10-21 14:02:37,626 - Worker_0] Status code == 403 for http://economia.uol.com.br/noticias/redacao/2014/01/15/bc-sobe-juros-a-105-com-cenario-de-precos-em-alta-e-ano-de-eleicao.htm, skipping...
[ERROR - 2025-10-21 14:02:41,350 - Worker_1] Status code == 403 for http://rodrigomattos.blogosfera.uol.com.br/2014/01/15/justica-no-rio-diz-que-stjd-deve-decidir-sobre-punicoes-a-clubes/, skipping...
[ERROR - 2025-10-21 14:02:41,878 - Worker_0] Status code == 404 for http://carnaval.uol.com.br/2014/rio-de-janeiro/, skipping...
[ERROR - 2025-10-21 14:02:42,338 - Worker_3] Status code == 403 for http://colunaesplanada.blogosfera.uol.com.br/2014/01/15/sergio-cabral-o-desafio-para-dilma-rousseff/, skipping...
[ERROR - 2025-10-21 14:02:45,934 - Worker_0] Status code == 403 for http://noticias.uol.com.br/ultimas-noticias/bbc/2014/01/15/homem-em-caiaque-escapa-por-pouco-de-colisao-com-baleia.htm, skipping...
[ERROR - 2025-10-21 14:02:46,557 - Worker_3] Status code == 404 for http://carnaval.uol.com.br/2014/blocos-de-rua/, skipping...
[ERROR - 2025-10-21 14:02:49,977 - Worker_0] Status code == 403 for http://noticias.uol.com.br/saude/ultimas-noticias/redacao/2014/01/15/criador-de-blog-que-traz-erros-do-mais-medicos-diz-que-programa-e-midiatico.htm, skipping...
[ERROR - 2025-10-21 14:02:50,618 - Worker_3] Status code == 403 for http://noticias.uol.com.br/album/album-do-dia/2014/01/15/imagens-do-dia---15-de-janeiro-de-2014.htm?abrefoto=47, skipping...
[ERROR - 2025-10-21 14:02:51,067 - Worker_4] Status code == 403 for http://noticias.uol.com.br/cotidiano/ultimas-noticias/2014/01/15/mutirao-judiciario-comeca-a-analisar-processos-de-presos-temporarios-em-pedrinhas.htm, skipping...
[ERROR - 2025-10-21 14:02:53,517 - Worker_2] Status code == 403 for http://noticias.uol.com.br/ciencia/album/2014/01/06/veja-imagens-de-ciencia-do-mes-janeiro2014.htm?abrefoto=19, skipping...
[ERROR - 2025-10-21 14:02:54,274 - Worker_0] Status code == 404 for http://carnaval.uol.com.br/2014/blocos-de-rua/noticias/2014/01/15/com-110-ritmistas-bloco-do-rio-cria-filial-em-sp-e-toca-de-samba-a-nirvana.htm, skipping...
[ERROR - 2025-10-21 14:02:55,111 - Worker_4] Status code == 403 for http://noticias.uol.com.br/album/2014/01/14/chuvas-causam-mortes-em-itaoca-no-vale-do-ribeira-sp.htm?abrefoto=49, skipping...
[ERROR - 2025-10-21 14:02:56,614 - Worker_1] Status code == 404 for http://carnaval.uol.com.br/2014/recife-e-olinda/, skipping...
[ERROR - 2025-10-21 14:02:57,568 - Worker_2] Status code == 403 for http://noticias.uol.com.br/midiaglobal/lemonde/2014/01/15/viver-e-morrer-em-suo-oshima-cidade-emblematica-do-envelhecimento-japones.htm, skipping...
[ERROR - 2025-10-21 14:02:59,162 - Worker_4] Status code == 403 for http://noticias.uol.com.br/cotidiano/ultimas-noticias/2014/01/15/mega-sena-pode-pagar-r-9-milhoes-nesta-quarta-feira-veja-as-dezenas.htm, skipping...
[ERROR - 2025-10-21 14:03:01,722 - Worker_2] Status code == 403 for http://blogdoneto.blogosfera.uol.com.br/2014/01/15/quebrado-timao-adianta-cotas-de-tv-ate-2017/, skipping...
[ERROR - 2025-10-21 14:03:02,821 - Worker_0] Status code == 502 for http://noticias.band.uol.com.br/primeirojornal/videos/2014/01/15/14825701-batida-de-carro-acaba-com-sÃ©rie-de-acidentes.html, skipping...
[ERROR - 2025-10-21 14:03:07,458 - Worker_3] Failed to connect with http://natelinha.ne10.uol.com.br/bbb14/2014/01/15/alisson-desabafa-apos-comentario-de-brother-me-senti-ridicularizado-70114.php after 3 attempts, skipping...
[ERROR - 2025-10-21 14:03:09,128 - Worker_0] Status code == 403 for http://educacao.uol.com.br/noticias/2014/01/16/defensoria-quer-garantir-na-justica-entrega-de-transferencia-a-alunos.htm, skipping...
[ERROR - 2025-10-21 14:03:10,506 - Worker_2] Status code == 403 for http://noticias.uol.com.br/internacional/ultimas-noticias/2014/01/16/nsa-coletou-200-milhoes-de-sms-por-dia-segundo-nova-denuncia-de-jornal.htm, skipping...
[ERROR - 2025-10-21 14:03:11,509 - Worker_3] Status code == 403 for http://noticias.uol.com.br/midiaglobal/the-international-new-york-times/2014/01/16/refugiado-da-eritreia-quer-que-israel-reconheca-seus-direitos.htm, skipping...
[ERROR - 2025-10-21 14:03:15,554 - Worker_3] Status code == 403 for http://noticias.uol.com.br/album/album-do-dia/2014/01/16/imagens-do-dia---16-de-janeiro-de-2014.htm?abrefoto=49, skipping...
[ERROR - 2025-10-21 14:03:18,568 - Worker_4] Failed to connect with http://natelinha.ne10.uol.com.br/bbb14/2014/01/16/a-miss-e-bonita-ate-de-calcinha-cor-da-pele-diz-princy-sobre-tatiele-70136.php after 3 attempts, skipping...
[ERROR - 2025-10-21 14:03:22,612 - Worker_4] Status code == 403 for http://noticias.uol.com.br/saude/ultimas-noticias/redacao/2014/01/16/cada-vez-mais-comum-em-jovens-zumbido-quase-sempre-indica-perda-auditiva.htm, skipping...
[ERROR - 2025-10-21 14:03:23,813 - Worker_2] Status code == 403 for http://economia.uol.com.br/noticias/redacao/2014/01/16/ranking-poe-uol-entre-as-5-empresas-com-negocios-em-midia-mais-valorizadas.htm, skipping...
[ERROR - 2025-10-21 14:03:26,669 - Worker_4] Status code == 403 for http://noticias.uol.com.br/ultimas-noticias/agencia-estado/2014/01/16/policia-diz-ter-identificado-matadores-de-pm-em-campinas.htm, skipping...
[ERROR - 2025-10-21 14:03:28,045 - Worker_2] Status code == 404 for http://carnaval.uol.com.br/2014/salvador/, skipping...
[ERROR - 2025-10-21 14:03:30,404 - Worker_0] Status code == 403 for http://rodrigomattos.blogosfera.uol.com.br/2014/01/16/endividados-times-da-elite-tem-quase-2-000-jogadores-sob-contrato/, skipping...
[ERROR - 2025-10-21 14:03:31,031 - Worker_4] Status code == 404 for http://carnaval.uol.com.br/2014/sao-paulo/, skipping...
[ERROR - 2025-10-21 14:03:34,380 - Worker_2] Status code == 403 for http://noticias.uol.com.br/ultimas-noticias/agencia-estado/2014/01/16/morte-de-adolescente-motiva-protesto-contra-homofobia.htm, skipping...
[ERROR - 2025-10-21 14:03:35,196 - Worker_4] Status code == 403 for http://uoltecnologia.blogosfera.uol.com.br/2014/01/16/aplicativo-para-facebook-evita-vergonha-separando-posts-para-pais-e-amigos/, skipping...
[ERROR - 2025-10-21 14:03:37,510 - Worker_3] Status code == 403 for http://educacao.uol.com.br/noticias/2014/01/16/policia-federal-investiga-gama-filho-por-falta-de-pagamento-a-professores.htm, skipping...
[ERROR - 2025-10-21 14:03:38,440 - Worker_2] Status code == 403 for http://noticias.uol.com.br/midiaglobal/lemonde/2014/01/16/campanha-eleitoral-ja-comecou-com-os-comicios-nas-ruas-de-tunis.htm, skipping...
[ERROR - 2025-10-21 14:03:42,019 - Worker_0] Status code == 403 for http://noticias.uol.com.br/midiaglobal/derspiegel/2014/01/16/acordo-de-nao-espionagem-entre-alemanha-e-eua-empacou-apesar-das-promessas-de-merkel.htm, skipping...
[ERROR - 2025-10-21 14:03:42,042 - Worker_3] Status code == 403 for http://tecnologia.uol.com.br/album/2014/01/15/vovos-e-vovos-entram-na-onda-dos-selfies----com-ou-sem-os-netos.htm?abrefoto=2, skipping...
[ERROR - 2025-10-21 14:03:44,746 - Worker_2] Status code == 403 for http://noticias.uol.com.br/politica/ultimas-noticias/2014/01/16/castelo-de-deputado-esta-a-venda-em-minas-gerais.htm, skipping...
[ERROR - 2025-10-21 14:03:46,237 - Worker_0] Status code == 404 for http://carnaval.uol.com.br/2014/rio-de-janeiro/, skipping...
[ERROR - 2025-10-21 14:03:48,580 - Worker_3] Status code == 403 for http://noticias.uol.com.br/cotidiano/ultimas-noticias/2014/01/16/oab-pede-a-policia-de-campinas-sp-para-acompanhar-depoimentos-sobre-chacinas.htm, skipping...
[ERROR - 2025-10-21 14:03:48,652 - Worker_1] Status code == 403 for http://blogdomenon.blogosfera.uol.com.br/2014/01/15/carlos-miguel-nao-tenho-nada-contra-a-portuguesa, skipping...
[ERROR - 2025-10-21 14:03:48,802 - Worker_2] Status code == 403 for http://noticias.uol.com.br/cotidiano/ultimas-noticias/2014/01/16/choque-e-acionado-para-conter-principio-de-rebeliao-em-pedrinhas.htm, skipping...
[ERROR - 2025-10-21 14:03:50,483 - Worker_0] Status code == 404 for http://carnaval.uol.com.br/2014/blocos-de-rua/, skipping...
[ERROR - 2025-10-21 14:03:52,738 - Worker_3] Status code == 403 for http://negociosdoesporte.blogosfera.uol.com.br/2014/01/16/com-carro-flamengo-da-novo-significado-a-socio-torcedor/, skipping...
[ERROR - 2025-10-21 14:03:52,972 - Worker_2] Status code == 403 for http://popload.blogosfera.uol.com.br/2014/01/16/arcade-fire-anuncia-show-no-rio-de-janeiro/, skipping...
[ERROR - 2025-10-21 14:03:56,925 - Worker_3] Status code == 403 for http://papodevarzea.blogosfera.uol.com.br/2014/01/15/saci-tornado-tufao-explique-mais-esse-fenomeno-da-varzea/, skipping...
[ERROR - 2025-10-21 14:03:57,489 - Worker_4] Status code == 403 for http://noticias.uol.com.br/cotidiano/ultimas-noticias/2014/01/16/chuva-deixa-bacia-de-sepetiba-e-de-guanabara-em-estado-de-atencao-no-rio.htm, skipping...
[ERROR - 2025-10-21 14:03:59,335 - Worker_2] Status code == 403 for http://noticias.uol.com.br/cotidiano/ultimas-noticias/2014/01/16/preso-em-sp-membro-do-pcc-suspeito-de-sequestrar-ganhadores-da-mega-sena.htm, skipping...
[ERROR - 2025-10-21 14:04:01,761 - Worker_4] Status code == 404 for http://carnaval.uol.com.br/2014/recife-e-olinda/, skipping...
[ERROR - 2025-10-21 14:04:02,087 - Worker_0] Status code == 403 for http://josiasdesouza.blogosfera.uol.com.br/2014/01/16/oligarquia-sarney-revitalizou-direitos-humanos/, skipping...
[ERROR - 2025-10-21 14:04:03,540 - Worker_2] Status code == 403 for http://tecnologia.uol.com.br/noticias/redacao/2014/01/16/facebook-perdeu-3-milhoes-de-adolescentes-entre-2011-e-2014-afirma-estudo.htm, skipping...
[ERROR - 2025-10-21 14:04:10,609 - Worker_0] Status code == 404 for http://guia.uol.com.br/rio-de-janeiro/shows/noticias/2014/01/15/festas-cariocas-entram-no-clima-do-carnaval-com-blocos-de-rua-e-marchinhas.htm, skipping...
[ERROR - 2025-10-21 14:04:12,440 - Worker_3] Status code == 403 for http://omundoemmovimento.blogosfera.uol.com.br/2014/01/09/marcas-apostam-no-pos-vendas-para-manter-o-cliente/, skipping...
[ERROR - 2025-10-21 14:04:15,527 - Worker_4] Status code == 404 for http://carnaval.uol.com.br/2014/blocos-de-rua/noticias/2014/01/17/blocos-no-rio-decidem-sair-a-revelia-sem-pedir-autorizacao-a-prefeitura.htm, skipping...
[ERROR - 2025-10-21 14:04:16,500 - Worker_3] Status code == 403 for http://noticias.uol.com.br/politica/ultimas-noticias/2014/01/17/marta-suplicy-e-condenada-por-improbidade-durante-sua-gestao-com-prefeita-de-sp.htm, skipping...
[ERROR - 2025-10-21 14:04:16,888 - Worker_2] Status code == 403 for http://marcosperes.blogosfera.uol.com.br/2014/01/17/brasileiro-bola-de-ouro-forca-saida-da-mls/, skipping...
[ERROR - 2025-10-21 14:04:20,545 - Worker_3] Status code == 403 for http://noticias.uol.com.br/midiaglobal/nytimes/2014/01/17/analise-ascensao-dos-justiceiros-e-dilema-para-o-mexico.htm, skipping...
[ERROR - 2025-10-21 14:04:20,960 - Worker_2] Status code == 403 for http://educacao.uol.com.br/noticias/2014/01/17/gama-filho-e-univercidade-alunos-temem-atraso-na-conclusao-do-curso.htm, skipping...
[ERROR - 2025-10-21 14:04:24,451 - Worker_4] Status code == 403 for http://noticias.uol.com.br/midiaglobal/lemonde/2014/01/17/peru-discute-possibilidade-de-um-unico-grupo-empresarial-ter-o-controle-da-midia-no-pais.htm, skipping...
[ERROR - 2025-10-21 14:04:25,004 - Worker_2] Status code == 403 for http://educacao.uol.com.br/noticias/2014/01/17/transferencia-de-alunos-da-gama-filho-e-da-univercidade-sera-feita-em-lotes.htm, skipping...
[ERROR - 2025-10-21 14:04:26,664 - Worker_0] Status code == 403 for http://noticias.uol.com.br/album/album-do-dia/2014/01/17/imagens-do-dia---17-de-janeiro-de-2014.htm?abrefoto=55, skipping...
[ERROR - 2025-10-21 14:04:26,815 - Worker_3] Status code == 403 for http://educacao.uol.com.br/noticias/2014/01/17/inep-divulga-notas-maximas-e-minimas-do-enem-2013-confira.htm, skipping...
[ERROR - 2025-10-21 14:04:28,517 - Worker_4] Status code == 404 for http://guia.uol.com.br/album/2014/01/16/bota-fora-kubrick-tem-peca-com-lance-minimo-de-r-20-veja-precos.htm?abrefoto=1, skipping...
[ERROR - 2025-10-21 14:04:29,049 - Worker_2] Status code == 403 for http://educacao.uol.com.br/noticias/2014/01/17/prouni-2014-tem-11-milhao-de-inscritos-prazo-termina-hoje-as-23h59.htm, skipping...
[ERROR - 2025-10-21 14:04:30,890 - Worker_3] Status code == 403 for http://noticias.uol.com.br/cotidiano/ultimas-noticias/2014/01/17/justica-de-campinas-sp-nega-liminar-a-shoppings-para-barrar-rolezinho.htm, skipping...
[ERROR - 2025-10-21 14:04:32,769 - Worker_4] Status code == 404 for http://carnaval.uol.com.br/2014/salvador/, skipping...
[ERROR - 2025-10-21 14:04:33,284 - Worker_2] Status code == 404 for http://carnaval.uol.com.br/2014/sao-paulo/, skipping...
[ERROR - 2025-10-21 14:04:35,060 - Worker_3] Status code == 502 for http://noticias.band.uol.com.br/brasilurgente/video/2014/01/17/14830213/homem-salva-crianca-ilhada-em-alagamento.html, skipping...
[ERROR - 2025-10-21 14:04:35,352 - Worker_0] Status code == 403 for http://noticias.uol.com.br/tabloide/ultimas-noticias/tabloideanas/2014/01/17/fazendeiros-japoneses-criam-laranja-de-cinco-lados.htm, skipping...
[ERROR - 2025-10-21 14:04:35,406 - Worker_1] Status code == 403 for http://noticias.uol.com.br/cotidiano/ultimas-noticias/2014/01/17/governo-federal-ve-indicios-de-crime-de-odio-contra-jovem-gay-em-sp.htm, skipping...
[ERROR - 2025-10-21 14:04:37,342 - Worker_2] Status code == 403 for http://noticias.uol.com.br/ultimas-noticias/efe/2014/01/17/obama-diz-que-lideres-de-paises-aliados-nao-serao-espionados.htm, skipping...
[ERROR - 2025-10-21 14:04:39,330 - Worker_4] Status code == 403 for http://josiasdesouza.blogosfera.uol.com.br/2014/01/17/fala-de-obama-enterra-a-ilusao-da-privacidade/, skipping...
[ERROR - 2025-10-21 14:04:39,412 - Worker_0] Status code == 403 for http://economia.uol.com.br/noticias/estadao-conteudo/2014/01/17/governo-segura-repasse-do-sus-e-ajuda-superavit-primario.htm, skipping...
[ERROR - 2025-10-21 14:04:48,765 - Worker_1] Status code == 404 for http://cenapop.virgula.uol.com.br/2014/01/17/31577-bbb-14-clara-brinca-com-latinha-de-refrigerante-nos-seios/, skipping...
[ERROR - 2025-10-21 14:04:53,045 - Worker_1] Status code == 404 for http://carnaval.uol.com.br/2014/rio-de-janeiro/, skipping...
[ERROR - 2025-10-21 14:04:54,341 - Worker_2] Status code == 403 for http://rodrigomattos.blogosfera.uol.com.br/2014/01/17/corinthians-diz-que-dividas-com-atrasos-sao-de-r-8-mi/, skipping...
[ERROR - 2025-10-21 14:04:54,937 - Worker_3] Status code == 403 for http://noticias.uol.com.br/internacional/ultimas-noticias/2014/01/17/brasil-tem-16-cidades-entre-as-50-mais-violentas-do-mundo-diz-ong-mexicana.htm, skipping...
[ERROR - 2025-10-21 14:04:55,025 - Worker_4] Status code == 502 for http://noticias.band.uol.com.br/brasilurgente/video/2014/01/17/14830397/camera-registra-adolescente-sendo-baleada.html, skipping...
[ERROR - 2025-10-21 14:04:57,101 - Worker_1] Status code == 403 for http://noticias.uol.com.br/ultimas-noticias/afp/2014/01/17/morre-o-soldado-japones-que-se-escondeu-na-selva-durante-quase-30-anos.htm, skipping...
[ERROR - 2025-10-21 14:04:58,510 - Worker_0] Failed to connect with http://motordream.uol.com.br/noticias/ver/2014/01/17/saiba-o-que-fazer-com-seu-carro-em-caso-de-enchente after 3 attempts, skipping...
[ERROR - 2025-10-21 14:04:59,683 - Worker_4] Status code == 404 for http://carnaval.uol.com.br/2014/blocos-de-rua/, skipping...
[ERROR - 2025-10-21 14:05:03,738 - Worker_4] Status code == 403 for http://noticias.uol.com.br/cotidiano/ultimas-noticias/2014/01/17/padre-diz-que-raios-durante-chuva-no-rio-danificaram-mao-do-cristo-redentor.htm, skipping...
[ERROR - 2025-10-21 14:05:06,936 - Worker_3] Status code == 404 for http://carnaval.uol.com.br/2014/recife-e-olinda/, skipping...
[ERROR - 2025-10-21 14:05:11,219 - Worker_1] Status code == 403 for http://noticias.uol.com.br/midiaglobal/elpais/2014/01/15/jogos-de-inverno-em-balneario-podem-custar-a-russia-as-olimpiadas-mais-caras-da-historia.htm, skipping...
[ERROR - 2025-10-21 14:05:11,733 - Worker_0] Status code == 403 for http://colunaesplanada.blogosfera.uol.com.br/2014/01/17/cgu-pega-leve-com-padilha-candidato/, skipping...
[ERROR - 2025-10-21 14:05:13,275 - Worker_3] Status code == 403 for http://educacao.uol.com.br/noticias/2014/01/17/tj-rj-diz-que-galileo-nao-pode-colocar-aluno-no-cadastro-de-inadimplentes.htm, skipping...
[ERROR - 2025-10-21 14:05:18,160 - Worker_0] Status code == 403 for http://saltoalto.blogosfera.uol.com.br/2014/01/15/shakira-elogia-corpo-atletico-de-pique-gosto-que-ele-esteja-forte/, skipping...
[ERROR - 2025-10-21 14:05:19,635 - Worker_1] Status code == 403 for http://noticias.uol.com.br/cotidiano/ultimas-noticias/2014/01/18/policia-prende-suplente-de-deputado-por-suspeita-de-fraude-milionaria-na-caixa.htm, skipping...
[ERROR - 2025-10-21 14:05:21,988 - Worker_3] Status code == 403 for http://noticias.uol.com.br/saude/ultimas-noticias/bbc/2014/01/18/britanica-da-a-luz-apos-20-abortos-espontaneos.htm, skipping...
[ERROR - 2025-10-21 14:05:22,246 - Worker_2] Status code == 403 for http://saqueevoleio.blogosfera.uol.com.br/2014/01/18/classico-federer-x-tsonga-e-destaque-nas-oitavas/, skipping...
[ERROR - 2025-10-21 14:05:22,957 - Worker_4] Failed to connect with http://natelinha.ne10.uol.com.br/novelas/2014/01/17/amor-a-vida-persefone-terminara-como-modelo-plus-size-70181.php after 3 attempts, skipping...
[ERROR - 2025-10-21 14:05:26,292 - Worker_2] Status code == 403 for http://noticias.uol.com.br/ultimas-noticias/reuters/2014/01/18/coalizao-siria-concorda-em-se-juntar-a-negociacao-de-paz.htm, skipping...
[ERROR - 2025-10-21 14:05:28,508 - Worker_1] Status code == 403 for http://noticias.uol.com.br/cotidiano/ultimas-noticias/2014/01/18/aviao-da-tam-e-vistoriado-por-suspeita-de-bomba-em-manaus.htm, skipping...
[ERROR - 2025-10-21 14:05:29,277 - Worker_4] Status code == 403 for http://noticias.uol.com.br/ultimas-noticias/afp/2014/01/18/merkel-nao-deve-se-preocupar-com-espionagem-diz-obama.htm, skipping...
[ERROR - 2025-10-21 14:05:30,741 - Worker_3] Status code == 403 for http://noticias.uol.com.br/ultimas-noticias/efe/2014/01/18/ausencia-de-cristina-kirchner-de-atos-publicos-provoca-rumores-na-argentina.htm, skipping...
[ERROR - 2025-10-21 14:05:35,153 - Worker_3] Status code == 404 for http://cenapop.virgula.uol.com.br/2014/01/18/31652-thaila-ayala-esta-sendo-cobicada-pela-playboy/, skipping...
[ERROR - 2025-10-21 14:05:35,679 - Worker_2] Status code == 404 for http://carnaval.uol.com.br/2014/salvador/, skipping...
[ERROR - 2025-10-21 14:05:37,053 - Worker_1] Status code == 404 for http://guia.uol.com.br/sao-paulo/criancas/noticias/2014/01/17/musical-infantil-a-era-do-gelo-e-destaque-do-fim-de-semana-veja-outros.htm, skipping...
[ERROR - 2025-10-21 14:05:39,919 - Worker_2] Status code == 404 for http://carnaval.uol.com.br/2014/sao-paulo/, skipping...
[ERROR - 2025-10-21 14:05:41,107 - Worker_1] Status code == 403 for http://noticias.uol.com.br/cotidiano/ultimas-noticias/2014/01/18/jk-iguatemi-fecha-as-portas-contra-protesto-e-manifestantes-prometem-registrar-bo.htm, skipping...
[ERROR - 2025-10-21 14:05:46,477 - Worker_2] Status code == 403 for http://noticias.uol.com.br/ciencia/album/2014/01/18/saiba-o-que-sao-os-raios-e-como-se-proteger-deles.htm, skipping...
[ERROR - 2025-10-21 14:05:49,807 - Worker_1] Status code == 403 for http://noticias.uol.com.br/ultimas-noticias/agencia-estado/2014/01/18/sobe-para-23-numero-de-mortos-em-itaoca-sp.htm, skipping...
[ERROR - 2025-10-21 14:05:50,532 - Worker_2] Status code == 404 for http://guia.uol.com.br/belo-horizonte/noticias/2014/01/17/de-pintor-de-paredes-a-nome-das-artes-amadeo-lorenzato-ganha-mostra-em-bh.htm, skipping...
[ERROR - 2025-10-21 14:05:50,849 - Worker_3] Status code == 403 for http://noticias.uol.com.br/album/album-do-dia/2014/01/18/imagens-do-dia---18-de-janeiro-de-2014.htm?abrefoto=38, skipping...
[ERROR - 2025-10-21 14:05:54,581 - Worker_2] Status code == 403 for http://noticias.uol.com.br/album/album-do-dia/2014/01/18/imagens-do-dia---18-de-janeiro-de-2014.htm?abrefoto=28, skipping...
[ERROR - 2025-10-21 14:05:55,056 - Worker_3] Status code == 403 for http://uoltecnologia.blogosfera.uol.com.br/2014/01/16/aplicativo-para-facebook-evita-vergonha-separando-posts-para-pais-e-amigos/, skipping...
[ERROR - 2025-10-21 14:05:56,567 - Worker_0] Status code == 403 for http://blogdomenon.blogosfera.uol.com.br/2014/01/18/klinsmann-scolari-sofrera-uma-pressao-enorme/, skipping...
[ERROR - 2025-10-21 14:06:02,573 - Worker_4] Status code == 403 for http://noticias.uol.com.br/ultimas-noticias/bbc/2014/01/18/a-dias-de-dialogo-de-paz-siria-traz-sinais-de-conciliacao.htm, skipping...
[ERROR - 2025-10-21 14:06:02,842 - Worker_0] Status code == 403 for http://noticias.uol.com.br/ultimas-noticias/efe/2014/01/18/pt-anuncia-lindbergh-como-pre-candidato-ao-governo-do-rio.htm, skipping...
[ERROR - 2025-10-21 14:06:04,318 - Worker_3] Status code == 403 for http://noticias.uol.com.br/cotidiano/ultimas-noticias/2014/01/18/paciente-assassinado-a-tiros-em-uti-de-hospital-publico-de-florianopolis.htm, skipping...
[ERROR - 2025-10-21 14:06:06,617 - Worker_4] Status code == 403 for http://noticias.uol.com.br/cotidiano/ultimas-noticias/2014/01/18/acoes-na-justica-que-pedem-melhorias-em-presidios-do-maranhao-tramitam-desde-2000.htm, skipping...
[ERROR - 2025-10-21 14:06:06,897 - Worker_0] Status code == 403 for http://noticias.uol.com.br/ultimas-noticias/redacao/2014/01/18/batida-em-serie-e-susto-com-baleia-veja-videos-que-foram-destaque.htm, skipping...
[ERROR - 2025-10-21 14:06:07,828 - Worker_1] Status code == 404 for http://carnaval.uol.com.br/2014/rio-de-janeiro/, skipping...
[ERROR - 2025-10-21 14:06:07,999 - Worker_2] Status code == 403 for http://nagradedomma.blogosfera.uol.com.br/2014/01/18/a-apelacao-da-volta-de-brock-lesnar/, skipping...
[ERROR - 2025-10-21 14:06:08,598 - Worker_3] Status code == 403 for http://tecnologia.uol.com.br/noticias/redacao/2014/01/16/tablet-da-newlink-agrada-pelo-preco-mas-peca-na-velocidade-e-bateria.htm, skipping...
[ERROR - 2025-10-21 14:06:10,881 - Worker_4] Status code == 404 for http://carnaval.uol.com.br/2014/blocos-de-rua/, skipping...
[ERROR - 2025-10-21 14:06:10,956 - Worker_0] Status code == 404 for http://boaforma.uol.com.br/album/2014/01/18/marcos-mion-e-capa-da-muscle-in-form-de-janeiro.htm?abrefoto=2, skipping...
[ERROR - 2025-10-21 14:06:14,363 - Worker_2] Status code == 404 for http://guia.uol.com.br/brasilia/noticias/2014/01/16/ciencia-arte-e-tecnologia-sao-temas-de-festival-no-ccbb-brasilia.htm, skipping...
[ERROR - 2025-10-21 14:06:16,756 - Worker_1] Status code == 404 for http://carnaval.uol.com.br/2014/recife-e-olinda/, skipping...
[ERROR - 2025-10-21 14:06:21,355 - Worker_2] Status code == 403 for http://noticias.uol.com.br/midiaglobal/lemonde/2014/01/18/pacto-de-responsabilidade-apresentado-por-hollande-sinaliza-uma-jogada-arriscada.htm, skipping...
[ERROR - 2025-10-21 14:06:21,972 - Worker_3] Status code == 403 for http://noticias.uol.com.br/cotidiano/ultimas-noticias/2014/01/18/pf-realiza-operacao-para-combater-fraude-milionaria-contra-caixa-economica.htm, skipping...
[ERROR - 2025-10-21 14:06:24,696 - Worker_0] Status code == 403 for http://colunaesplanada.blogosfera.uol.com.br/2014/01/18/feliciano-representa-contra-porta-dos-fundos-no-mp-e-quer-r-1-milhao/, skipping...
[ERROR - 2025-10-21 14:06:25,592 - Worker_2] Status code == 403 for http://tecnologia.uol.com.br/album/2014/01/15/canguru-panda-e-ate-arvore-de-natal-designer-usa-tumblr-para-divulgar-obras-feitas-de-baloes-de-festas.htm?abrefoto=18, skipping...
[ERROR - 2025-10-21 14:06:26,512 - Worker_3] Status code == 404 for http://esporte.uol.com.br/f1/ultimas-noticias/2014/01/18/mclaren-pode-perder-testes-na-f-1-por-atraso-em-homologacao-diz-revista.htm, skipping...
[ERROR - 2025-10-21 14:06:29,652 - Worker_2] Status code == 403 for http://noticias.uol.com.br/midiaglobal/nytimes/2014/01/18/culpado-confesso-pode-processar-cidade-de-ny-por-violacao-de-direitos-diz-tribunal.htm, skipping...
[ERROR - 2025-10-21 14:06:33,386 - Worker_0] Status code == 403 for http://blogdoneto.blogosfera.uol.com.br/2014/01/18/nao-existe-super-homem-no-futebol/, skipping...
[ERROR - 2025-10-21 14:06:37,645 - Worker_4] Status code == 403 for http://noticias.uol.com.br/midiaglobal/nytimes/2014/01/19/professores-contam-detalhes-de-confusao-brutal-com-a-policia.htm, skipping...
[ERROR - 2025-10-21 14:06:39,894 - Worker_3] Status code == 404 for http://carnaval.uol.com.br/2014/rio-de-janeiro/album/2014/01/19/durante-ensaio-do-salgueiro-viviane-araujo-da-selinho-em-fa.htm, skipping...
[ERROR - 2025-10-21 14:06:41,904 - Worker_4] Status code == 404 for http://carnaval.uol.com.br/2014/salvador/, skipping...
[ERROR - 2025-10-21 14:06:42,140 - Worker_0] Status code == 404 for http://charges.uol.com.br/2014/01/18/tobby-entrevista-valdirene/, skipping...
[ERROR - 2025-10-21 14:06:43,338 - Worker_2] Status code == 404 for http://carnaval.uol.com.br/2014/sao-paulo/, skipping...
[ERROR - 2025-10-21 14:06:46,082 - Worker_1] Status code == 403 for http://noticias.uol.com.br/album/album-do-dia/2014/01/19/imagens-do-dia---19-de-janeiro-de-2014.htm?abrefoto=57, skipping...
[ERROR - 2025-10-21 14:06:50,160 - Worker_1] Status code == 403 for http://noticias.uol.com.br/ultimas-noticias/afp/2014/01/19/presidente-da-ucrania-promete-criar-comissao-para-encerrar-crise.htm, skipping...
[ERROR - 2025-10-21 14:06:50,761 - Worker_4] Status code == 404 for http://carnaval.uol.com.br/2014/rio-de-janeiro/album/2014/01/19/vila-isabel---ensaios---18012014.htm?abrefoto=3, skipping...
[ERROR - 2025-10-21 14:06:50,826 - Worker_3] Status code == 403 for http://noticias.uol.com.br/ultimas-noticias/afp/2014/01/19/israel-devolve-corpos-de-militantes-palestinos-as-familias.htm, skipping...
[ERROR - 2025-10-21 14:06:52,086 - Worker_2] Status code == 403 for http://noticias.uol.com.br/album/2014/01/13/rolezinhos-causam-tumulto-em-shoppings-de-sao-paulo.htm?abrefoto=98, skipping...
[ERROR - 2025-10-21 14:06:54,906 - Worker_4] Status code == 403 for http://nagradedomma.blogosfera.uol.com.br/2014/01/19/wanderlei-x-sonnen-no-twitter/, skipping...
[ERROR - 2025-10-21 14:06:57,979 - Worker_0] Status code == 403 for http://noticias.uol.com.br/ultimas-noticias/bbc/2014/01/19/voluntarios-russos-escavam-em-busca-de-corpos-desaparecidos-na-2-guerra.htm, skipping...
[ERROR - 2025-10-21 14:06:59,508 - Worker_3] Status code == 403 for http://reginanavarro.blogosfera.uol.com.br/2014/01/18/prazer-de-risco/, skipping...
[ERROR - 2025-10-21 14:07:01,055 - Worker_1] Status code == 403 for http://noticias.uol.com.br/ciencia/ultimas-noticias/efe/2014/01/19/comeca-contagem-regressiva-para-primeira-aterrissagem-em-cometa-da-historia.htm, skipping...
[ERROR - 2025-10-21 14:07:03,783 - Worker_4] Status code == 404 for http://carnaval.uol.com.br/2014/rio-de-janeiro/, skipping...
[ERROR - 2025-10-21 14:07:04,771 - Worker_0] Status code == 404 for http://cenapop.virgula.uol.com.br/2014/01/19/31673-rihanna-posta-fotos-de-ensaio-feito-no-rio-de-janeiro/, skipping...
[ERROR - 2025-10-21 14:07:05,973 - Worker_3] Status code == 403 for http://mauriciostycer.blogosfera.uol.com.br/2014/01/19/detetive-ve-tv-joao-kleber-e-marcos-mion-compartilham-figurante/, skipping...
[ERROR - 2025-10-21 14:07:08,296 - Worker_4] Status code == 404 for http://criancas.uol.com.br/album/2014/01/17/conheca-seis-livros-curiosos-para-ler-nas-ferias.jhtm, skipping...
[ERROR - 2025-10-21 14:07:09,008 - Worker_0] Status code == 404 for http://carnaval.uol.com.br/2014/blocos-de-rua/, skipping...
[ERROR - 2025-10-21 14:07:10,563 - Worker_2] Failed to connect with http://natelinha.ne10.uol.com.br/novelas/2014/01/19/amor-amarilys-planeja-novo-golpe-da-barriga-mas-se-da-mal-entenda-70272.php after 3 attempts, skipping...
[ERROR - 2025-10-21 14:07:11,088 - Worker_1] Failed to connect with http://natelinha.ne10.uol.com.br/celebridades/2014/01/19/tata-werneck-e-a-nova-queridinha-do-mercado-publicitario-70251.php after 3 attempts, skipping...
[ERROR - 2025-10-21 14:07:12,423 - Worker_3] Status code == 403 for http://companhiadeviagem.blogosfera.uol.com.br/2014/01/17/ja-imaginou-uma-suite-ao-ar-livre-em-um-hotel-de-luxo-em-ny-ela-existe/, skipping...
[ERROR - 2025-10-21 14:07:21,538 - Worker_3] Status code == 404 for http://carnaval.uol.com.br/2014/recife-e-olinda/, skipping...
[ERROR - 2025-10-21 14:07:24,071 - Worker_2] Status code == 403 for http://blogdojuca.uol.com.br/2014/01/timao-vence-soberano-perde/, skipping...
[ERROR - 2025-10-21 14:07:27,310 - Worker_4] Status code == 404 for http://carnaval.uol.com.br/2014/blocos-de-rua/noticias/2014/01/19/pre-carnaval-de-rua-no-rio-e-para-soltar-a-franga-diz-sambista.htm, skipping...
[ERROR - 2025-10-21 14:07:31,457 - Worker_4] Status code == 403 for http://uolesporte.blogosfera.uol.com.br/2014/01/19/de-ferias-na-suica-ronaldo-e-noiva-aparecem-com-roupa-parecida-em-foto/, skipping...
[ERROR - 2025-10-21 14:07:31,972 - Worker_1] Status code == 404 for http://carnaval.uol.com.br/2014/sao-paulo/album/2014/01/19/dani-bolina-se-joga-no-samba-durante-o-ensaio-da-unidos-de-vila-maria.htm, skipping...
[ERROR - 2025-10-21 14:07:32,551 - Worker_3] Status code == 403 for http://josiasdesouza.blogosfera.uol.com.br/2014/01/19/prisoes-vomitam-violencia-afirma-juiz-do-cnj/, skipping...
[ERROR - 2025-10-21 14:07:36,676 - Worker_3] Status code == 403 for http://josiasdesouza.blogosfera.uol.com.br/2014/01/20/barba-cabelo-bigode-e-o-destino-da-republica/, skipping...
[ERROR - 2025-10-21 14:07:40,992 - Worker_2] Status code == 403 for http://economia.uol.com.br/noticias/redacao/2014/01/20/justica-de-minas-condena-caixa-a-corrigir-fgts-de-correntista-pela-inflacao.htm, skipping...
[ERROR - 2025-10-21 14:07:42,064 - Worker_4] Status code == 403 for http://economia.uol.com.br/noticias/redacao/2014/01/20/correcao-do-ir-isenta-imposto-de-quem-ganha-r-28-mil-diz-dieese.htm, skipping...
[ERROR - 2025-10-21 14:07:44,018 - Worker_0] Status code == 403 for http://blogdomenon.blogosfera.uol.com.br/2014/01/20/alvaro-pereira-livro-infantil-e-cotovelada-cruel-2/, skipping...
[ERROR - 2025-10-21 14:07:45,341 - Worker_1] Status code == 403 for http://reginanavarro.blogosfera.uol.com.br/2014/01/20/e-possivel-viver-bem-tendo-varios-parceiros-sexuais-por-que/, skipping...
[ERROR - 2025-10-21 14:07:47,398 - Worker_2] Status code == 404 for http://guia.uol.com.br/album/2014/01/16/sorveterias-do-rio-criam-novos-sabores-para-o-verao-veja-as-opcoes.htm, skipping...
[ERROR - 2025-10-21 14:07:48,098 - Worker_0] Status code == 403 for http://educacao.uol.com.br/album/2014/01/14/apos-decisao-do-mec-alunos-da-gama-filho-e-univercidade-protestam-no-rio.htm?abrefoto=15, skipping...
[ERROR - 2025-10-21 14:07:50,853 - Worker_3] Status code == 404 for http://guia.uol.com.br/album/2014/01/11/livro-o-pequeno-principe-ganha-exposicao-interativa-em-sao-paulo.htm, skipping...
[ERROR - 2025-10-21 14:07:51,406 - Worker_4] Status code == 404 for http://carnaval.uol.com.br/2014/salvador/, skipping...
[ERROR - 2025-10-21 14:07:51,792 - Worker_1] Status code == 404 for http://carnaval.uol.com.br/2014/sao-paulo/, skipping...
[ERROR - 2025-10-21 14:07:52,144 - Worker_0] Status code == 403 for http://economia.uol.com.br/noticias/valor-online/2014/01/20/pao-de-acucar-confirma-saida-de-eneas-pestana-iabrudi-assume.htm, skipping...
[ERROR - 2025-10-21 14:07:56,188 - Worker_0] Status code == 403 for http://educacao.uol.com.br/noticias/2014/01/20/instituicoes-do-rio-tem-interesse-em-alunos-da-gama-filho-e-da-univercidade.htm, skipping...
[ERROR - 2025-10-21 14:08:02,983 - Worker_1] Status code == 403 for http://mauriciostycer.blogosfera.uol.com.br/2014/01/20/autor-de-amores-roubados-explica-por-que-mudou-o-final-da-historia/, skipping...
[ERROR - 2025-10-21 14:08:04,266 - Worker_3] Status code == 404 for http://noticias.uol.com.br/ultimas-noticias/efe/2014/01/20/oposicao-siria-confirma-ida-a-genebra-apos-retirada-de-convite-ao-ira.htm, skipping...
[ERROR - 2025-10-21 14:08:06,248 - Worker_0] Failed to connect with http://blogdobirner.virgula.uol.com.br/2014/01/20/recomecou-a-mesmice-dos-pessimos-estaduais/ after 3 attempts, skipping...
[ERROR - 2025-10-21 14:08:11,023 - Worker_2] Status code == 404 for http://carnaval.uol.com.br/2014/rio-de-janeiro/, skipping...
[ERROR - 2025-10-21 14:08:16,279 - Worker_0] Failed to connect with http://natelinha.ne10.uol.com.br/novelas/2014/01/20/amor-a-vida-saiba-quem-e-o-pai-do-filho-de-patricia-70323.php after 3 attempts, skipping...
[ERROR - 2025-10-21 14:08:17,773 - Worker_4] Status code == 404 for http://carnaval.uol.com.br/2014/blocos-de-rua/, skipping...
[ERROR - 2025-10-21 14:08:23,485 - Worker_3] Failed to connect with http://revistafullpower.uol.com.br/2014/01/oito-opcoes-turbinadas-de-fabrica-para-ocupar-a-sua-garagem/ after 3 attempts, skipping...
[ERROR - 2025-10-21 14:08:27,711 - Worker_3] Status code == 404 for http://carnaval.uol.com.br/2014/recife-e-olinda/, skipping...
[ERROR - 2025-10-21 14:08:37,057 - Worker_1] Status code == 404 for http://charges.uol.com.br/2014/01/21/cotidiano-pra-entender-o-movimento/, skipping...
[ERROR - 2025-10-21 14:08:38,988 - Worker_0] Status code == 403 for http://noticias.uol.com.br/saude/ultimas-noticias/redacao/2014/01/20/conheca-15-mitos-sobre-alimentacao-que-ja-foram-desmentidos.htm, skipping...
[ERROR - 2025-10-21 14:08:41,127 - Worker_1] Status code == 403 for http://educacao.uol.com.br/album/2014/01/20/favela-e-o-nome-de-uma-arvore-conheca-historias-curiosas-das-palavras.htm, skipping...
[ERROR - 2025-10-21 14:08:42,820 - Worker_4] Status code == 403 for http://noticias.uol.com.br/album/2014/01/20/macacos-da-neve-relaxam-em-aguas-termais-no-japao.htm?abrefoto=2, skipping...
[ERROR - 2025-10-21 14:08:43,721 - Worker_2] Status code == 403 for http://blogdojuca.uol.com.br/2014/01/teixeira-na-praca/, skipping...
[ERROR - 2025-10-21 14:08:46,172 - Worker_1] Status code == 403 for http://educacao.uol.com.br/noticias/agencia-estado/2014/01/21/alunos-da-gama-filho-protestam-em-frente-ao-mec.htm, skipping...
[ERROR - 2025-10-21 14:08:47,897 - Worker_2] Status code == 403 for http://uolesporte.blogosfera.uol.com.br/2014/01/21/seedorf-adota-brincadeira-de-crianca-em-treino-do-milan/, skipping...
[ERROR - 2025-10-21 14:08:50,009 - Worker_0] Status code == 403 for http://noticias.uol.com.br/cotidiano/ultimas-noticias/2014/01/21/preso-no-maranhao-teria-sido-morto-em-retaliacao-a-transferencias-de-lideres-de-faccao-diz-governo.htm, skipping...
[ERROR - 2025-10-21 14:08:54,066 - Worker_0] Status code == 403 for http://noticias.uol.com.br/saude/ultimas-noticias/bbc/2014/01/21/veganismo-meio-periodo-se-populariza-com-ajuda-de-celebridades.htm, skipping...
[ERROR - 2025-10-21 14:08:56,470 - Worker_2] Status code == 403 for http://mauriciostycer.blogosfera.uol.com.br/2014/01/21/o-estranho-caso-de-uma-campanha-bacana-a-favor-dos-livros-que-incomoda/, skipping...
[ERROR - 2025-10-21 14:09:00,166 - Worker_1] Status code == 404 for http://carnaval.uol.com.br/2014/salvador/, skipping...
[ERROR - 2025-10-21 14:09:00,533 - Worker_2] Status code == 403 for http://educacao.uol.com.br/noticias/2014/01/21/mec-fixa-regras-para-transferencia-de-alunos-da-gama-filho-e-univercidade.htm, skipping...
[ERROR - 2025-10-21 14:09:03,037 - Worker_0] Status code == 404 for http://carnaval.uol.com.br/2014/sao-paulo/, skipping...
[ERROR - 2025-10-21 14:09:03,373 - Worker_3] Status code == 403 for http://noticias.uol.com.br/ultimas-noticias/agencia-estado/2014/01/21/pm-filma-rolezinho-para-identificar-vandalos.htm, skipping...
[ERROR - 2025-10-21 14:09:04,605 - Worker_1] Status code == 404 for http://ne10.uol.com.br/canal/cotidiano/internacional/noticia/2014/01/21/pernambucana-foge-com-filha-devido-a-agressoes-e-acaba-presa-nos-eua-466638.php, skipping...
[ERROR - 2025-10-21 14:09:07,130 - Worker_0] Status code == 403 for http://noticias.uol.com.br/ultimas-noticias/efe/2014/01/21/documentos-da-arquidiocese-nos-eua-revelam-anos-de-abusos-sexuais-do-clero.htm, skipping...
[ERROR - 2025-10-21 14:09:07,423 - Worker_3] Status code == 403 for http://noticias.uol.com.br/midiaglobal/lemonde/2014/01/21/refugiados-palestinos-vivem-calvario-em-meio-a-entraves-na-distribuicao-de-alimentos-na-siria.htm, skipping...
[ERROR - 2025-10-21 14:09:09,351 - Worker_2] Status code == 403 for http://nilsonxavier.blogosfera.uol.com.br/2014/01/21/relembre-amores-entre-motoristas-e-patroas-nas-novelas-como-pilar-e-maciel/, skipping...
[ERROR - 2025-10-21 14:09:11,463 - Worker_3] Status code == 403 for http://noticias.uol.com.br/ultimas-noticias/agencia-estado/2014/01/21/um-dos-suspeitos-de-assaltar-casa-e-preso-no-guaruja.htm, skipping...
[ERROR - 2025-10-21 14:09:17,547 - Worker_4] Status code == 403 for http://noticias.uol.com.br/midiaglobal/lemonde/2014/01/21/odio-e-violencia-dominam-o-cotidiano-de-vilarejo-centro-africano.htm, skipping...
[ERROR - 2025-10-21 14:09:17,891 - Worker_3] Status code == 403 for http://economia.uol.com.br/noticias/redacao/2014/01/21/kombi-se-aposentou-e-foi-morar-no-rio-diz-anuncio-da-volkswagen.htm, skipping...
[ERROR - 2025-10-21 14:09:21,594 - Worker_4] Status code == 403 for http://noticias.uol.com.br/cotidiano/ultimas-noticias/2014/01/21/familia-de-jovem-gay-encontrado-morto-no-centro-de-sp-agora-acredita-que-ele-cometeu-suicidio.htm, skipping...
[ERROR - 2025-10-21 14:09:21,925 - Worker_2] Failed to connect with http://natelinha.ne10.uol.com.br/bbb14/2014/01/21/bbb14-em-brincadeira-biquini-de-tatiele-escapa-e-seu-seio-aparece-70346.php after 3 attempts, skipping...
[ERROR - 2025-10-21 14:09:24,457 - Worker_1] Status code == 403 for http://noticias.uol.com.br/album/album-do-dia/2014/01/21/imagens-do-dia---21-de-janeiro-de-2014.htm?abrefoto=63, skipping...
[ERROR - 2025-10-21 14:09:25,807 - Worker_4] Status code == 404 for http://carnaval.uol.com.br/2014/rio-de-janeiro/, skipping...
[ERROR - 2025-10-21 14:09:28,493 - Worker_0] Failed to connect with http://natelinha.ne10.uol.com.br/novelas/2014/01/20/amor-a-vida-saiba-quem-e-o-pai-do-filho-de-patricia-70323.php after 3 attempts, skipping...
[ERROR - 2025-10-21 14:09:28,605 - Worker_1] Status code == 403 for http://reginanavarro.blogosfera.uol.com.br/2014/01/21/prazeres-variados/, skipping...
[ERROR - 2025-10-21 14:09:31,008 - Worker_3] Status code == 404 for http://carnaval.uol.com.br/2014/blocos-de-rua/, skipping...
[ERROR - 2025-10-21 14:09:32,656 - Worker_2] Status code == 403 for http://noticias.uol.com.br/meio-ambiente/ultimas-noticias/redacao/2014/01/21/australia-autoriza-eliminacao-preventiva-de-tubaroes-na-costa-oeste.htm, skipping...
[ERROR - 2025-10-21 14:09:35,186 - Worker_3] Status code == 403 for http://achadoseconomicos.blogosfera.uol.com.br/2014/01/21/opiniao-problema-e-a-qualidade-do-emprego-nao-o-numero-de-contratacoes/, skipping...
[ERROR - 2025-10-21 14:09:36,941 - Worker_2] Status code == 404 for http://carnaval.uol.com.br/2014/recife-e-olinda/, skipping...
[ERROR - 2025-10-21 14:09:41,089 - Worker_2] Status code == 403 for http://blogdosakamoto.blogosfera.uol.com.br/2014/01/21/o-caso-do-busao-dos-paraguaios-ou-como-entendemos-pouco-de-imigracao/, skipping...
[ERROR - 2025-10-21 14:09:41,485 - Worker_4] Status code == 403 for http://economia.uol.com.br/noticias/valor-online/2014/01/21/ministerio-do-trabalho-estima-15-milhao-de-novas-vagas-em-2014.htm, skipping...
[ERROR - 2025-10-21 14:09:43,906 - Worker_0] Status code == 403 for http://economia.uol.com.br/noticias/redacao/2014/01/22/gafisa-e-condenada-a-pagar-r-10-mil-por-demora-na-entrega-de-imovel.htm, skipping...
[ERROR - 2025-10-21 14:09:45,409 - Worker_2] Status code == 404 for http://carnaval.uol.com.br/2014/salvador/, skipping...
[ERROR - 2025-10-21 14:09:45,548 - Worker_4] Status code == 403 for http://noticias.uol.com.br/midiaglobal/nytimes/2014/01/22/a-franca-e-uma-primeira-dama-e-uma-segunda-e.htm, skipping...
[ERROR - 2025-10-21 14:09:46,354 - Worker_1] Status code == 403 for http://noticias.uol.com.br/midiaglobal/lemonde/2014/01/22/brics-desaceleram-enquanto-outras-nacoes-registram-forte-crescimento.htm, skipping...
[ERROR - 2025-10-21 14:09:48,066 - Worker_0] Status code == 403 for http://uolesporte.blogosfera.uol.com.br/2014/01/22/quem-e-o-destaque-da-foto-hamilton-ou-o-decote-de-adriana-lima/, skipping...
[ERROR - 2025-10-21 14:09:48,369 - Worker_3] Status code == 403 for http://noticias.uol.com.br/ultimas-noticias/efe/2014/01/22/em-primeiro-ato-em-um-mes-cristina-ataca-quem-criticou-sua-ausencia.htm, skipping...
[ERROR - 2025-10-21 14:09:49,459 - Worker_2] Status code == 403 for http://noticias.uol.com.br/midiaglobal/derspiegel/2014/01/22/alemanha-vive-ano-dificil-na-africa-e-no-afeganistao.htm, skipping...
[ERROR - 2025-10-21 14:09:49,591 - Worker_4] Status code == 403 for http://noticias.uol.com.br/album/2014/01/22/conheca-a-cidade-mais-fria-do-mundo.htm?abrefoto=1, skipping...
[ERROR - 2025-10-21 14:09:52,114 - Worker_0] Status code == 403 for http://noticias.uol.com.br/ciencia/ultimas-noticias/redacao/2014/01/21/clique-ciencia-para-que-serve-o-himen-quais-sao-os-tipos-que-existem.htm, skipping...
[ERROR - 2025-10-21 14:09:56,322 - Worker_0] Status code == 404 for http://charges.uol.com.br/2014/01/20/cotidiano-dia-desses-no-samu/, skipping...
[ERROR - 2025-10-21 14:09:56,958 - Worker_3] Status code == 404 for http://guia.uol.com.br/belo-horizonte/cinema/noticias/2014/01/22/cinema-noir-ganha-mostra-gratuita-com-filmes-de-jules-dassin-e-john-huston.htm, skipping...
[ERROR - 2025-10-21 14:09:58,343 - Worker_4] Status code == 403 for http://educacao.uol.com.br/noticias/2014/01/22/docentes-de-descredenciadas-do-rj-fazem-dividas-para-pagar-contas.htm, skipping...
[ERROR - 2025-10-21 14:09:58,522 - Worker_2] Status code == 404 for http://carnaval.uol.com.br/2014/recife-e-olinda/, skipping...
[ERROR - 2025-10-21 14:10:00,468 - Worker_0] Status code == 403 for http://blogdosakamoto.blogosfera.uol.com.br/2014/01/22/maconha-faz-mal-bem-mesmo-faz-cerveja-e-calabresa-frita/, skipping...
[ERROR - 2025-10-21 14:10:01,219 - Worker_3] Status code == 404 for http://carnaval.uol.com.br/2014/sao-paulo/, skipping...
[ERROR - 2025-10-21 14:10:01,387 - Worker_1] Status code == 403 for http://noticias.uol.com.br/cotidiano/ultimas-noticias/2014/01/22/agentes-penitenciarios-decidem-por-paralisacao-de-24h-no-maranhao.htm, skipping...
[ERROR - 2025-10-21 14:10:02,681 - Worker_2] Status code == 403 for http://blogdosimao.blogosfera.uol.com.br/2014/01/22/best-seller-do-psdb-50-alstons-de-cinza/, skipping...
[ERROR - 2025-10-21 14:10:04,729 - Worker_0] Status code == 404 for http://carnaval.uol.com.br/2014/sao-paulo/noticias/2014/01/22/tucuruvi-se-inspira-no-estatuto-da-crianca-para-fazer-desfile.htm, skipping...
[ERROR - 2025-10-21 14:10:06,770 - Worker_2] Status code == 404 for http://guia.uol.com.br/curitiba/noticias/2014/01/22/mostra-homenageia-vinicius-de-moraes-com-obras-de-chico-buarque-e-toquinho.htm, skipping...
[ERROR - 2025-10-21 14:10:08,582 - Worker_3] Status code == 404 for http://carnaval.uol.com.br/2014/salvador/noticias/2014/01/22/grupo-britanico-stomp-abrira-o-carnaval-de-salvador.htm, skipping...
[ERROR - 2025-10-21 14:10:09,129 - Worker_4] Status code == 404 for http://guia.uol.com.br/rio-de-janeiro/exposicoes/noticias/2014/01/21/exposicao-de-game-of-thrones-chega-ao-rio-com-instalacoes-ineditas.htm, skipping...
[ERROR - 2025-10-21 14:10:09,893 - Worker_1] Status code == 403 for http://noticias.uol.com.br/ultimas-noticias/agencia-estado/2014/01/22/passageiros-reclamam-de-falta-de-informacao-no-rio.htm, skipping...
[ERROR - 2025-10-21 14:10:12,639 - Worker_3] Status code == 404 for http://guia.uol.com.br/sao-paulo/exposicoes/noticias/2014/01/15/ccbb-exibe-obras-de-picasso-warhol-e-basquiat-a-partir-de-25-de-janeiro.htm, skipping...
[ERROR - 2025-10-21 14:10:15,588 - Worker_2] Status code == 403 for http://noticias.uol.com.br/ciencia/album/2014/01/06/veja-imagens-de-ciencia-do-mes-janeiro2014.htm?abrefoto=26, skipping...
[ERROR - 2025-10-21 14:10:16,376 - Worker_1] Status code == 404 for http://carnaval.uol.com.br/2014/rio-de-janeiro/, skipping...
[ERROR - 2025-10-21 14:10:17,829 - Worker_4] Status code == 403 for http://noticias.uol.com.br/blogs-e-colunas/coluna/luiz-felipe-alencastro/2014/01/22/dilma-em-davos.htm, skipping...
[ERROR - 2025-10-21 14:10:19,285 - Worker_3] Status code == 403 for http://blogdojuca.uol.com.br/2014/01/final-da-copinha-parece-mentira-mas-jogo-de-alto-risco/, skipping...
[ERROR - 2025-10-21 14:10:23,253 - Worker_0] Status code == 403 for http://noticias.uol.com.br/ultimas-noticias/afp/2014/01/22/depois-de-dia-de-violencia-oposicao-ameaca-passar-a-ofensiva-na-ucrania.htm, skipping...
[ERROR - 2025-10-21 14:10:23,582 - Worker_3] Status code == 404 for http://carnaval.uol.com.br/2014/blocos-de-rua/, skipping...
[ERROR - 2025-10-21 14:10:25,254 - Worker_1] Status code == 403 for http://noticias.uol.com.br/ultimas-noticias/afp/2014/01/22/lideres-de-empresas-tecnologicas-alertam-em-davos-sobre-espionagem-em-massa.htm, skipping...
[ERROR - 2025-10-21 14:10:27,156 - Worker_2] Status code == 403 for http://noticias.uol.com.br/cotidiano/ultimas-noticias/2014/01/22/pm-apreende-arma-feita-por-presos-com-cartolina-e-cola-no-ce.htm, skipping...
[ERROR - 2025-10-21 14:10:27,675 - Worker_3] Status code == 403 for http://noticias.uol.com.br/album/2014/01/21/fotografo-leva-batman-do-filho-em-viagem-ao-texas.htm?abrefoto=16, skipping...
[ERROR - 2025-10-21 14:10:29,316 - Worker_1] Status code == 404 for http://guia.uol.com.br/curitiba/noticias/2014/01/22/montagem-premiada-de-a-falecida-de-nelson-rodrigues-chega-a-curitiba.htm, skipping...
[ERROR - 2025-10-21 14:10:33,365 - Worker_1] Status code == 403 for http://noticias.uol.com.br/ultimas-noticias/agencia-estado/2014/01/22/dom-orani-defende-a-dignidade-humana-em-rolezinhos.htm, skipping...
[ERROR - 2025-10-21 14:10:34,431 - Worker_0] Status code == 403 for http://josecruz.blogosfera.uol.com.br/2014/01/publicidade-consumira-quatro-vezes-mais-que-combate-ao-doping/, skipping...
[ERROR - 2025-10-21 14:10:36,549 - Worker_3] Status code == 403 for http://noticias.uol.com.br/album/album-do-dia/2014/01/22/imagens-do-dia---22-de-janeiro-de-2014.htm?abrefoto=49, skipping...
[ERROR - 2025-10-21 14:10:44,959 - Worker_4] Status code == 404 for http://carnaval.uol.com.br/2014/salvador/, skipping...
[ERROR - 2025-10-21 14:10:45,678 - Worker_0] Status code == 403 for http://uolesporte.blogosfera.uol.com.br/2014/01/23/show-do-cabeludo-varejao-rouba-a-cena-com-jogada-espetacular-na-nba/, skipping...
[ERROR - 2025-10-21 14:10:47,435 - Worker_3] Status code == 403 for http://noticias.uol.com.br/midiaglobal/elpais/2014/01/23/acusam-me-de-ser-negra-mulher-e-estrangeira-diz-ministra-italiana.htm, skipping...
[ERROR - 2025-10-21 14:10:51,750 - Worker_3] Status code == 404 for http://carnaval.uol.com.br/2014/recife-e-olinda/, skipping...
[ERROR - 2025-10-21 14:10:53,487 - Worker_4] Status code == 403 for http://noticias.uol.com.br/ultimas-noticias/agencia-estado/2014/01/23/delegado-troca-sexo-e-pode-assumir-defesa-da-mulher.htm, skipping...
[ERROR - 2025-10-21 14:10:54,231 - Worker_0] Status code == 403 for http://noticias.uol.com.br/cotidiano/ultimas-noticias/2014/01/23/policiais-da-comitiva-de-dilma-sao-detidos-em-natal-em-blitz-da-lei-seca.htm, skipping...
[ERROR - 2025-10-21 14:10:54,270 - Worker_1] Status code == 404 for http://carnaval.uol.com.br/2014/sao-paulo/, skipping...
[ERROR - 2025-10-21 14:10:55,926 - Worker_3] Status code == 502 for http://noticias.band.uol.com.br/brasilurgente/video/2014/01/23/14837190/onibus-fica-preso-no-meio-de-enchente-em-sp.html, skipping...
[ERROR - 2025-10-21 14:10:57,627 - Worker_4] Status code == 403 for http://uolesporte.blogosfera.uol.com.br/2014/01/23/sharapova-xaveca-em-entrevista-e-leva-reporter-ao-delirio/, skipping...
[ERROR - 2025-10-21 14:10:58,293 - Worker_0] Status code == 404 for http://guia.uol.com.br/rio-de-janeiro/cinema/noticias/2014/01/09/mostra-retrospectiva-de-stanley-kubrick-exibe-laranja-mecanica.htm, skipping...
[ERROR - 2025-10-21 14:10:58,363 - Worker_1] Status code == 403 for http://educacao.uol.com.br/noticias/agencia-estado/2014/01/23/oab-de-sp-reprova-8336-de-candidatos-na-1-fase.htm, skipping...
[ERROR - 2025-10-21 14:11:01,691 - Worker_4] Status code == 403 for http://noticias.uol.com.br/midiaglobal/nytimes/2014/01/23/presidente-nigeriano-faz-vista-grossa-para-corrupcao-no-pais.htm, skipping...
[ERROR - 2025-10-21 14:11:02,438 - Worker_1] Status code == 404 for http://guia.uol.com.br/brasilia/bares/noticias/2014/01/23/bar-do-alemao-valoriza-sobremesas-com-confeitaria-propria-em-brasilia.htm, skipping...
[ERROR - 2025-10-21 14:11:04,725 - Worker_0] Status code == 403 for http://noticias.uol.com.br/ultimas-noticias/afp/2014/01/23/eua-lamentam-a-execucao-de-um-mexicano-no-texas.htm, skipping...
[ERROR - 2025-10-21 14:11:05,844 - Worker_4] Status code == 403 for http://uolviagem.blogosfera.uol.com.br/2014/01/23/mapa-interativo-mostra-os-lugares-mais-fotografados-no-mundo/, skipping...
[ERROR - 2025-10-21 14:11:06,711 - Worker_2] Status code == 403 for http://blogdosakamoto.blogosfera.uol.com.br/2014/01/23/sp-460-anos-qual-preconceito-ouvido-nas-ruas-mais-te-incomoda/, skipping...
[ERROR - 2025-10-21 14:11:09,010 - Worker_1] Status code == 404 for http://carnaval.uol.com.br/2014/rio-de-janeiro/, skipping...
[ERROR - 2025-10-21 14:11:09,514 - Worker_3] Status code == 404 for http://guia.uol.com.br/album/2014/01/23/restaurantes-japoneses-servem-combinados-e-porcoes-pra-dividir-em-sp-confira.htm, skipping...
[ERROR - 2025-10-21 14:11:13,280 - Worker_0] Status code == 403 for http://uolesporte.blogosfera.uol.com.br/2014/01/23/cheerleaders-brigam-por-salarios-e-levam-time-americano-a-justica/, skipping...
[ERROR - 2025-10-21 14:11:13,792 - Worker_3] Status code == 403 for http://economia.uol.com.br/noticias/redacao/2014/01/23/indice-big-mac-mostra-que-real-e-a-quinta-moeda-mais-cara-do-mundo.htm, skipping...
[ERROR - 2025-10-21 14:11:14,861 - Worker_4] Status code == 403 for http://noticias.uol.com.br/ultimas-noticias/afp/2014/01/23/jovem-indiana-sofre-estupro-coletivo-por-ordem-de-conselho-tribal.htm, skipping...
[ERROR - 2025-10-21 14:11:15,624 - Worker_2] Status code == 403 for http://economia.uol.com.br/noticias/reuters/2014/01/23/peso-argentino-fecha-em-queda-de-11-maior-recuo-diario-desde-2002.htm, skipping...
[ERROR - 2025-10-21 14:11:17,538 - Worker_0] Status code == 404 for http://carnaval.uol.com.br/2014/blocos-de-rua/, skipping...
[ERROR - 2025-10-21 14:11:21,013 - Worker_3] Status code == 404 for http://guia.uol.com.br/belo-horizonte/noticias/2014/01/23/intervencoes-e-pinturas-de-manuel-carvalho-estao-em-exposicao-gratuita.htm, skipping...
[ERROR - 2025-10-21 14:11:22,024 - Worker_2] Status code == 403 for http://noticias.uol.com.br/cotidiano/ultimas-noticias/2014/01/23/sp-tem-duas-regioes-em-estado-de-atencao-para-alagamentos.htm, skipping...
[ERROR - 2025-10-21 14:11:26,210 - Worker_4] Status code == 404 for http://ne10.uol.com.br/canal/cotidiano/internacional/noticia/2014/01/23/pernambucana-pode-pedir-dupla-cidadania-da-filha-mesmo-sem-autorizacao-do-pai-467013.php, skipping...
[ERROR - 2025-10-21 14:11:27,606 - Worker_0] Failed to connect with http://natelinha.ne10.uol.com.br/bbb14/2014/01/23/bbb14-vagner-ve-diego-trocando-de-roupa-e-diz-que-coisa-grande-70471.php after 3 attempts, skipping...
[ERROR - 2025-10-21 14:11:28,548 - Worker_2] Status code == 403 for http://economia.uol.com.br/cotacoes/noticias/redacao/2014/01/23/bovespa-cai-2-e-vai-a-menor-nivel-em-mais-de-5-meses-brookfield-salta-19.htm, skipping...
[ERROR - 2025-10-21 14:11:28,952 - Worker_1] Status code == 403 for http://noticias.uol.com.br/saude/ultimas-noticias/estado/2014/01/23/proposta-autoriza-venda-de-inibidor-de-apetite-vedado-pela-anvisa.htm, skipping...
[ERROR - 2025-10-21 14:11:30,239 - Worker_3] Status code == 403 for http://uolesportevetv.blogosfera.uol.com.br/2014/01/23/presidente-do-botafogo-entrega-time-de-apresentador-do-sportv/, skipping...
[ERROR - 2025-10-21 14:11:39,077 - Worker_0] Status code == 403 for http://tecnologia.uol.com.br/noticias/redacao/2014/01/23/justica-do-ma-penhora-bens-e-proibe-novas-linhas-da-tim-no-maranhao.htm, skipping...
[ERROR - 2025-10-21 14:11:40,574 - Worker_1] Status code == 403 for http://noticias.uol.com.br/politica/ultimas-noticias/2014/01/24/governo-cancela-congresso-da-onu-sobre-presidios-que-ocorreria-em-brasilia.htm, skipping...
[ERROR - 2025-10-21 14:11:42,252 - Worker_2] Status code == 403 for http://josiasdesouza.blogosfera.uol.com.br/2014/01/24/rn-liminar-do-tse-mantem-rosalba-no-cargo/, skipping...
[ERROR - 2025-10-21 14:11:44,168 - Worker_3] Status code == 403 for http://economia.uol.com.br/noticias/redacao/2014/01/22/em-pouco-mais-de-um-mes-forbes-inclui-mais-6-bilionarios-brasileiros.htm, skipping...
[ERROR - 2025-10-21 14:11:44,707 - Worker_1] Status code == 403 for http://noticias.uol.com.br/midiaglobal/nytimes/2014/01/24/fotos-de-tortura-dificilmente-alterarao-politica-americana-para-a-siria.htm, skipping...
[ERROR - 2025-10-21 14:11:44,718 - Worker_4] Status code == 403 for http://noticias.uol.com.br/cotidiano/ultimas-noticias/2014/01/24/suspeito-de-morte-de-policial-em-campinas-sp-e-preso-em-minas-gerais.htm, skipping...
[ERROR - 2025-10-21 14:11:48,442 - Worker_0] Status code == 403 for http://noticias.uol.com.br/midiaglobal/nytimes/2014/01/24/quando-o-conjuge-do-politico-ajuda-a-causar-sua-queda.htm, skipping...
[ERROR - 2025-10-21 14:11:51,124 - Worker_3] Status code == 403 for http://noticias.uol.com.br/politica/ultimas-noticias/2014/01/24/mpf-denuncia-5-por-trafico-de-cocaina-em-helicoptero-de.htm, skipping...
[ERROR - 2025-10-21 14:11:51,700 - Worker_4] Status code == 403 for http://noticias.uol.com.br/cotidiano/ultimas-noticias/2014/01/24/aviao-cai-no-interior-de-sp-e-se-parte-ao-meio-vitimas-nao-foram-encontradas.htm, skipping...
[ERROR - 2025-10-21 14:11:54,097 - Worker_2] Status code == 404 for http://carnaval.uol.com.br/2014/salvador/, skipping...
[ERROR - 2025-10-21 14:11:56,001 - Worker_4] Status code == 403 for http://tecnologia.uol.com.br/noticias/redacao/2014/01/24/esqueceu-o-celular-receba-informacoes-de-chamadas-perdidas-via-e-mail.htm, skipping...
[ERROR - 2025-10-21 14:11:58,144 - Worker_3] Status code == 404 for http://carnaval.uol.com.br/2014/sao-paulo/, skipping...
[ERROR - 2025-10-21 14:11:58,220 - Worker_2] Status code == 403 for http://noticias.uol.com.br/album/2014/01/24/queda-de-aviao-deixa-mortos-em-botucatu-sp.htm?abrefoto=1, skipping...
[ERROR - 2025-10-21 14:11:59,783 - Worker_0] Status code == 403 for http://noticias.uol.com.br/midiaglobal/nytimes/2014/01/24/a-grande-pane-na-internet-da-china-especialistas-suspeitam-do-grande-firewall.htm, skipping...
[ERROR - 2025-10-21 14:12:02,555 - Worker_3] Status code == 403 for http://noticias.uol.com.br/cotidiano/ultimas-noticias/2014/01/24/mp-abre-inquerito-para-apurar-acao-da-policia-civil-na-cracolandia-em-sp.htm, skipping...
[ERROR - 2025-10-21 14:12:02,557 - Worker_2] Status code == 403 for http://noticias.uol.com.br/infograficos/2014/01/23/voce-conhece-sao-paulo.htm?v10, skipping...
[ERROR - 2025-10-21 14:12:06,042 - Worker_4] Failed to connect with http://natelinha.ne10.uol.com.br/novelas/2014/01/24/amor-a-vida-apos-confessar-assassinato-pilar-escapa-de-punicao-70495.php after 3 attempts, skipping...
[ERROR - 2025-10-21 14:12:06,822 - Worker_3] Status code == 403 for http://tecnologia.uol.com.br/album/2014/01/24/macintosh-faz-30-anos-conheca-a-historia-do-computador-da-apple.htm?abrefoto=2, skipping...
[ERROR - 2025-10-21 14:12:06,933 - Worker_0] Status code == 403 for http://noticias.uol.com.br/cotidiano/ultimas-noticias/2014/01/24/zona-leste-de-sp-entra-em-estado-de-atencao-por-causa-da-chuva.htm, skipping...
[ERROR - 2025-10-21 14:12:08,837 - Worker_2] Status code == 403 for http://noticias.uol.com.br/ciencia/ultimas-noticias/redacao/2014/01/24/refrigerante-zero-em-drink-alcoolico-aumenta-ponto-em-bafometro-diz-estudo.htm, skipping...
[ERROR - 2025-10-21 14:12:13,355 - Worker_3] Status code == 403 for http://economia.uol.com.br/noticias/bbc/2014/01/24/mantega-brasil-esta-preparado-apos-mudanca-cambial-na-argentina.htm, skipping...
[ERROR - 2025-10-21 14:12:14,731 - Worker_4] Status code == 403 for http://blogdoperrone.blogosfera.uol.com.br/2014/01/juiz-manda-globo-depositar-em-juizo-cota-do-palmeiras-por-divida/, skipping...
[ERROR - 2025-10-21 14:12:16,536 - Worker_1] Status code == 404 for http://carnaval.uol.com.br/2014/rio-de-janeiro/, skipping...
[ERROR - 2025-10-21 14:12:24,771 - Worker_3] Status code == 404 for http://carnaval.uol.com.br/2014/blocos-de-rua/, skipping...
[ERROR - 2025-10-21 14:12:27,792 - Worker_0] Status code == 403 for http://uolesporte.blogosfera.uol.com.br/2014/01/24/treino-de-leve-lutadora-de-mma-ganha-18-pontos-apos-joelhada/, skipping...
[ERROR - 2025-10-21 14:12:29,639 - Worker_1] Status code == 403 for http://tecnologia.uol.com.br/noticias/redacao/2014/01/24/gmail-e-mais-dez-servicos-do-google-sofrem-instabilidade-nesta-sexta.htm, skipping...
[ERROR - 2025-10-21 14:12:31,844 - Worker_0] Status code == 403 for http://noticias.uol.com.br/cotidiano/ultimas-noticias/2014/01/24/obras-devem-melhorar-a-qualidade-da-agua-do-mar-no-rio-a-partir-de-fevereiro.htm, skipping...
[ERROR - 2025-10-21 14:12:34,245 - Worker_3] Status code == 404 for http://carnaval.uol.com.br/2014/recife-e-olinda/, skipping...
[ERROR - 2025-10-21 14:12:35,912 - Worker_4] Status code == 403 for http://educacao.uol.com.br/album/2014/01/24/conheca-os-personagens-que-dao-nome-a-importantes-ruas-de-sao-paulo.htm?abrefoto=2, skipping...
[ERROR - 2025-10-21 14:12:36,101 - Worker_1] Status code == 403 for http://marcosperes.blogosfera.uol.com.br/2014/01/24/atletas-devem-evitar-cores-dos-eua-na-russia/, skipping...
[ERROR - 2025-10-21 14:12:38,128 - Worker_0] Status code == 403 for http://noticias.uol.com.br/ultimas-noticias/agencia-estado/2014/01/24/haddad-afrouxa-lei-das-calcadas-em-sp.htm, skipping...
[ERROR - 2025-10-21 14:12:38,292 - Worker_3] Status code == 403 for http://noticias.uol.com.br/saude/ultimas-noticias/redacao/2014/01/24/menino-com-hidrocefalia-nao-passara-por-cirurgia-enquanto-nao-mudar-de-casa.htm, skipping...
[ERROR - 2025-10-21 14:12:42,361 - Worker_3] Status code == 403 for http://economia.uol.com.br/empreendedorismo/noticias/redacao/2014/01/24/mae-da-bbb-franciele-fatura-r-10-mil-com-hot-dog-de-rua-veja-negocio.htm, skipping...
[ERROR - 2025-10-21 14:12:43,531 - Worker_0] Status code == 404 for http://esporte.uol.com.br/f1/ultimas-noticias/2014/01/24/nova-ferrari-ganha-nome-com-trocadilho-e-vira-alvo-de-brincadeiras.htm, skipping...
[ERROR - 2025-10-21 14:12:44,692 - Worker_4] Status code == 403 for http://blogdosimao.blogosfera.uol.com.br/2014/01/25/sao-paulo-foi-fundada-ha-460-anos-e-afundada-na-ultima-enchente/, skipping...
[ERROR - 2025-10-21 14:12:46,357 - Worker_2] Status code == 403 for http://noticias.uol.com.br/cotidiano/ultimas-noticias/2014/01/24/revoltados-com-atraso-passageiros-quebram-portas-de-emergencia-e-protestam-em-asa-de-aviao.htm, skipping...
[ERROR - 2025-10-21 14:12:50,421 - Worker_2] Status code == 403 for http://noticias.uol.com.br/internacional/ultimas-noticias/2014/01/25/tres-morrem-em-tiroteio-em-shopping-nos-eua.htm, skipping...
[ERROR - 2025-10-21 14:12:58,274 - Worker_0] Failed to connect with http://natelinha.ne10.uol.com.br/novelas/2014/01/25/amor-apos-descobrir-traicao-cesar-nao-acredita-nos-crimes-de-aline-70558.php after 3 attempts, skipping...
[ERROR - 2025-10-21 14:13:00,034 - Worker_3] Status code == 403 for http://noticias.uol.com.br/album/album-do-dia/2014/01/25/imagens-do-dia---25-de-janeiro-de-2014.htm?abrefoto=16, skipping...
[ERROR - 2025-10-21 14:13:01,541 - Worker_4] Status code == 403 for http://saltoalto.blogosfera.uol.com.br/2014/01/25/namorada-de-c-ronaldo-estrela-campanha-de-marca-de-biquini/, skipping...
[ERROR - 2025-10-21 14:13:02,325 - Worker_0] Status code == 403 for http://noticias.uol.com.br/cotidiano/ultimas-noticias/2014/01/25/mais-de-24-h-apos-forte-chuva-na-capital-bairros-de-sp-ainda-estao-sem-luz.htm, skipping...
[ERROR - 2025-10-21 14:13:06,568 - Worker_3] Status code == 403 for http://noticias.uol.com.br/midiaglobal/nytimes/2014/01/25/assassinato-de-nigeriano-faz-nascer-hostilidade-com-africanos-na-india.htm, skipping...
[ERROR - 2025-10-21 14:13:07,896 - Worker_4] Status code == 403 for http://noticias.uol.com.br/album/2014/01/24/bichos-da-semana.htm?abrefoto=27, skipping...
[ERROR - 2025-10-21 14:13:11,186 - Worker_3] Status code == 404 for http://carnaval.uol.com.br/2014/sao-paulo/, skipping...
[ERROR - 2025-10-21 14:13:11,951 - Worker_4] Status code == 403 for http://noticias.uol.com.br/album/album-do-dia/2014/01/25/imagens-do-dia---25-de-janeiro-de-2014.htm?abrefoto=39, skipping...
[ERROR - 2025-10-21 14:13:12,569 - Worker_1] Status code == 404 for http://guia.uol.com.br/album/2014/01/24/mostra-sp-de-fotografia-leva-exposicoes-e-workshops-a-vila-madalena.htm, skipping...
[ERROR - 2025-10-21 14:13:19,257 - Worker_2] Status code == 403 for http://noticias.uol.com.br/ultimas-noticias/bbc/2014/01/25/apos-rumores-sobre-traicao-hollande-anuncia-separacao.htm, skipping...
[ERROR - 2025-10-21 14:13:20,649 - Worker_4] Status code == 403 for http://educacao.uol.com.br/noticias/2014/01/23/pais-devem-preparar-criancas-para-a-volta-as-aulas-veja-dicas.htm, skipping...
[ERROR - 2025-10-21 14:13:23,561 - Worker_0] Status code == 404 for http://carnaval.uol.com.br/2014/salvador/, skipping...
[ERROR - 2025-10-21 14:13:25,400 - Worker_4] Status code == 403 for http://josiasdesouza.blogosfera.uol.com.br/2014/01/25/casado-com-dilma-pmdb-namora-com-antagonistas-da-presidente-nos-estados/, skipping...
[ERROR - 2025-10-21 14:13:26,687 - Worker_3] Status code == 403 for http://noticias.uol.com.br/internacional/ultimas-noticias/2014/01/25/oposicao-da-ucrania-rejeita-proposta-do-presidente-de-assumir-o-governo.htm, skipping...
[ERROR - 2025-10-21 14:13:29,286 - Worker_2] Failed to connect with http://natelinha.ne10.uol.com.br/celebridades/2014/01/25/justin-bieber-posta-foto-abatido-e-agradece-a-deus-no-instagram-70545.php after 3 attempts, skipping...
[ERROR - 2025-10-21 14:13:30,776 - Worker_3] Status code == 403 for http://noticias.uol.com.br/midiaglobal/nytimes/2014/01/25/ataques-mortais-no-cairo-aumentam-temores-de-nova-insurreicao.htm, skipping...
[ERROR - 2025-10-21 14:13:33,161 - Worker_0] Status code == 404 for http://carnaval.uol.com.br/2014/rio-de-janeiro/, skipping...
[ERROR - 2025-10-21 14:13:33,447 - Worker_2] Status code == 404 for http://charges.uol.com.br/2014/01/25/tobby-entrevista-elsa-de-frozen/, skipping...
[ERROR - 2025-10-21 14:13:35,042 - Worker_3] Status code == 404 for http://carnaval.uol.com.br/2014/blocos-de-rua/, skipping...
[ERROR - 2025-10-21 14:13:38,687 - Worker_4] Status code == 404 for http://carnaval.uol.com.br/2014/recife-e-olinda/, skipping...
[ERROR - 2025-10-21 14:13:41,468 - Worker_3] Status code == 403 for http://noticias.uol.com.br/ultimas-noticias/efe/2014/01/25/meninas-nepalesas-casam-com-frutas-para-evitar-estigma-das-viuvas.htm, skipping...
[ERROR - 2025-10-21 14:13:41,970 - Worker_0] Status code == 403 for http://noticias.uol.com.br/midiaglobal/lemonde/2014/01/25/a-paz-na-colombia-um-desafio-para-a-america-latina.htm, skipping...
[ERROR - 2025-10-21 14:13:42,477 - Worker_2] Status code == 403 for http://colunaesplanada.blogosfera.uol.com.br/2014/01/25/pesquisa-alerta-governantes-sobre-protestos/, skipping...
[ERROR - 2025-10-21 14:13:42,866 - Worker_1] Status code == 403 for http://uolesporte.blogosfera.uol.com.br/2014/01/25/anderson-vira-andow-e-camisa-88-e-alvo-de-gozacao-na-web/, skipping...
[ERROR - 2025-10-21 14:13:46,260 - Worker_0] Status code == 404 for http://carnaval.uol.com.br/2014/sao-paulo/album/2013/11/02/gavioes-da-fiel---ensaios.htm?abrefoto=59, skipping...
[ERROR - 2025-10-21 14:13:46,534 - Worker_2] Status code == 403 for http://noticias.uol.com.br/album/album-do-dia/2014/01/25/imagens-do-dia---25-de-janeiro-de-2014.htm?abrefoto=36, skipping...
[ERROR - 2025-10-21 14:13:49,929 - Worker_3] Status code == 403 for http://noticias.uol.com.br/ultimas-noticias/efe/2014/01/25/pelo-menos-21-morrem-em-explosao-em-deposito-de-armas-na-rdc.htm, skipping...
[ERROR - 2025-10-21 14:13:50,607 - Worker_2] Status code == 403 for http://noticias.uol.com.br/midiaglobal/nytimes/2014/01/25/em-colina-marroquina-aldeoes-protestam-contra-mina.htm, skipping...
[ERROR - 2025-10-21 14:13:51,640 - Worker_4] Failed to connect with http://natelinha.ne10.uol.com.br/novelas/2014/01/25/amor-a-vida-eron-flerta-com-andre-novo-cirurgiao-do-san-magno-70562.php after 3 attempts, skipping...
[ERROR - 2025-10-21 14:13:54,136 - Worker_3] Status code == 403 for http://gilmar.blogosfera.uol.com.br/2014/01/25/praia-coco-e-tombo/, skipping...
[ERROR - 2025-10-21 14:13:55,801 - Worker_4] Status code == 403 for http://nagradedomma.blogosfera.uol.com.br/2014/01/26/polemica-e-pettis-sem-adversario/, skipping...
[ERROR - 2025-10-21 14:13:56,413 - Worker_1] Status code == 404 for http://guia.uol.com.br/brasilia/bares/noticias/2014/01/23/bar-do-alemao-valoriza-sobremesas-com-confeitaria-propria-em-brasilia.htm, skipping...
[ERROR - 2025-10-21 14:13:56,989 - Worker_0] Status code == 404 for http://guia.uol.com.br/sao-paulo/restaurantes/noticias/2014/01/17/sorveterias-artesanais-em-sao-paulo-sao-a-pedida-do-verao-veja-roteiro.htm, skipping...
[ERROR - 2025-10-21 14:14:01,278 - Worker_0] Status code == 403 for http://colunaesplanada.blogosfera.uol.com.br/2014/01/26/as-amigas-do-bancao-e-a-chance-do-mpf/, skipping...
[ERROR - 2025-10-21 14:14:02,187 - Worker_2] Status code == 403 for http://noticias.uol.com.br/cotidiano/ultimas-noticias/2014/01/26/onibus-cai-dentro-de-rio-em-minas-gerais-e-um-bebe-morre.htm, skipping...
[ERROR - 2025-10-21 14:14:07,416 - Worker_3] Status code == 404 for http://carnaval.uol.com.br/2014/salvador/, skipping...
[ERROR - 2025-10-21 14:14:09,129 - Worker_2] Status code == 404 for http://carnaval.uol.com.br/2014/sao-paulo/, skipping...
[ERROR - 2025-10-21 14:14:12,748 - Worker_0] Status code == 404 for http://guia.uol.com.br/album/2014/01/23/restaurantes-japoneses-servem-combinados-e-porcoes-pra-dividir-em-sp-confira.htm, skipping...
[ERROR - 2025-10-21 14:14:16,197 - Worker_3] Status code == 403 for http://uolesporte.blogosfera.uol.com.br/2014/01/26/goleiro-e-expulso-zagueiro-vai-pro-gol-e-pega-penalti-na-turquia-veja/, skipping...
[ERROR - 2025-10-21 14:14:26,793 - Worker_1] Status code == 404 for http://carnaval.uol.com.br/2014/rio-de-janeiro/, skipping...
[ERROR - 2025-10-21 14:14:32,532 - Worker_2] Status code == 404 for http://carnaval.uol.com.br/2014/blocos-de-rua/, skipping...
[ERROR - 2025-10-21 14:14:35,485 - Worker_1] Status code == 403 for http://noticias.uol.com.br/saude/ultimas-noticias/redacao/2014/01/26/hospital-nos-eua-desliga-aparelhos-que-mantinham-gravida-com-morte-cerebral.htm, skipping...
[ERROR - 2025-10-21 14:14:36,785 - Worker_2] Status code == 403 for http://tecnologia.uol.com.br/noticias/bbc/2014/01/26/recebi-dezenas-de-propostas-de-trabalho-diz-brasileiro-recompensado-por-facebook.htm, skipping...
[ERROR - 2025-10-21 14:14:39,559 - Worker_1] Status code == 403 for http://noticias.uol.com.br/midiaglobal/nytimes/2014/01/26/com-papeis-invertidos-debate-sobre-retocar-fotos-esquenta-na-internet.htm, skipping...
[ERROR - 2025-10-21 14:14:41,043 - Worker_2] Status code == 404 for http://carnaval.uol.com.br/2014/recife-e-olinda/, skipping...
[ERROR - 2025-10-21 14:14:41,968 - Worker_4] Failed to connect with http://tnh1.ne10.uol.com.br/noticia/policia/2014/01/26/286087/taxista-manda-sms-para-o-pai-durante-sequestro-e-e-localizado after 3 attempts, skipping...
[ERROR - 2025-10-21 14:14:49,222 - Worker_3] Status code == 403 for http://noticias.uol.com.br/album/album-do-dia/2014/01/26/imagens-do-dia---26-de-janeiro-de-2014.htm?abrefoto=30, skipping...
[ERROR - 2025-10-21 14:14:49,242 - Worker_4] Status code == 403 for http://noticias.uol.com.br/midiaglobal/derspiegel/2014/01/25/nunca-subestime-a-forca-do-carater-diz-yao-ming.htm, skipping...
[ERROR - 2025-10-21 14:14:53,349 - Worker_3] Status code == 403 for http://noticias.uol.com.br/cotidiano/ultimas-noticias/2014/01/27/ministerio-publico-do-rio-pede-multa-para-supervia-por-pane-ferroviaria.htm, skipping...
[ERROR - 2025-10-21 14:14:53,529 - Worker_4] Status code == 403 for http://noticias.uol.com.br/saude/ultimas-noticias/redacao/2014/01/27/brasil-comeca-a-receber-mais-medicos-cubanos-esta-semana.htm, skipping...
[ERROR - 2025-10-21 14:14:55,682 - Worker_1] Status code == 404 for http://carnaval.uol.com.br/2014/salvador/, skipping...
[ERROR - 2025-10-21 14:14:57,571 - Worker_4] Status code == 403 for http://noticias.uol.com.br/cotidiano/ultimas-noticias/2014/01/27/mulher-morre-ao-ser-atingida-por-lancha-em-bertioga-sp.htm, skipping...
[ERROR - 2025-10-21 14:15:01,338 - Worker_2] Status code == 403 for http://balanacesta.blogosfera.uol.com.br/2014/01/27/o-renascimento-de-paulao-em-franca/, skipping...
[ERROR - 2025-10-21 14:15:02,158 - Worker_1] Status code == 403 for http://blogdojuca.uol.com.br/2014/01/situacao-da-lusa-e-cada-vez-mais-confusa/, skipping...
[ERROR - 2025-10-21 14:15:03,572 - Worker_3] Status code == 404 for http://carnaval.uol.com.br/2014/recife-e-olinda/, skipping...
[ERROR - 2025-10-21 14:15:04,407 - Worker_0] Status code == 404 for http://carnaval.uol.com.br/2014/sao-paulo/, skipping...
[ERROR - 2025-10-21 14:15:05,406 - Worker_2] Status code == 403 for http://noticias.uol.com.br/ultimas-noticias/ansa/2014/01/27/governo-peruano-comemora-decisao-sobre-fronteira.htm, skipping...
[ERROR - 2025-10-21 14:15:08,861 - Worker_4] Status code == 403 for http://noticias.uol.com.br/album/2014/01/25/homenagem-as-vitimas-da-boate-kiss.htm?abrefoto=39, skipping...
[ERROR - 2025-10-21 14:15:09,948 - Worker_3] Status code == 403 for http://robertosadovski.blogosfera.uol.com.br/2014/01/27/quentin-tarantino-processa-site-que-divulgou-roteiro-de-seu-proximo-filme/, skipping...
[ERROR - 2025-10-21 14:15:13,159 - Worker_0] Status code == 404 for http://esporte.uol.com.br/f1/ultimas-noticias/2014/01/27/carro-da-mercedes-tera-mensagem-para-schumacher-em-treinos-pre-temporada.htm, skipping...
[ERROR - 2025-10-21 14:15:15,530 - Worker_1] Status code == 403 for http://noticias.uol.com.br/politica/ultimas-noticias/2014/01/27/dirceu-apresenta-ao-stf-recurso-contra-decisao-da-vara-de-execucoes-penais.htm, skipping...
[ERROR - 2025-10-21 14:15:17,567 - Worker_4] Status code == 404 for http://carnaval.uol.com.br/2014/rio-de-janeiro/, skipping...
[ERROR - 2025-10-21 14:15:19,681 - Worker_1] Status code == 403 for http://blogdoperrone.blogosfera.uol.com.br/2014/01/cartola-da-lusa-diz-que-defesa-de-funcionario-sobre-heverton-nao-convence/, skipping...
[ERROR - 2025-10-21 14:15:21,613 - Worker_4] Status code == 403 for http://noticias.uol.com.br/cotidiano/ultimas-noticias/2014/01/27/passageiro-e-baleado-apos-discussao-em-estacao-de-trem-em-sao-paulo.htm, skipping...
[ERROR - 2025-10-21 14:15:23,462 - Worker_2] Status code == 403 for http://noticias.uol.com.br/cotidiano/ultimas-noticias/2014/01/27/metroviarios-de-sp-suspendem-greve-marcada-para-esta-terca-feira.htm, skipping...
[ERROR - 2025-10-21 14:15:28,099 - Worker_4] Status code == 404 for http://carnaval.uol.com.br/2014/blocos-de-rua/, skipping...
[ERROR - 2025-10-21 14:15:28,315 - Worker_1] Status code == 403 for http://economia.uol.com.br/noticias/valor-online/2014/01/27/etanol-cai-ao-consumidor-em-13-estados-e-sobe-em-11-segundo-anp.htm, skipping...
[ERROR - 2025-10-21 14:15:29,711 - Worker_2] Status code == 403 for http://noticias.uol.com.br/cotidiano/ultimas-noticias/2014/01/27/lider-de-faccao-criminosa-no-maranhao-e-condenado-por-morte-de-preso.htm, skipping...
[ERROR - 2025-10-21 14:15:31,571 - Worker_0] Status code == 403 for http://noticias.uol.com.br/ultimas-noticias/ansa/2014/01/27/governo-ucraniano-vai-abolir-lei-antimanifestacoes.htm, skipping...
[ERROR - 2025-10-21 14:15:32,358 - Worker_1] Status code == 403 for http://economia.uol.com.br/noticias/redacao/2014/01/27/boa-nata-peixe-camponesa-marcas-regionais-sao-destaque-nos-supermercados.htm, skipping...
[ERROR - 2025-10-21 14:15:35,730 - Worker_0] Status code == 403 for http://uolesportevetv.blogosfera.uol.com.br/2014/01/27/intimidacao-medo-de-roubo-veja-com-que-os-narradores-sofrem-nos-estadios/, skipping...
[ERROR - 2025-10-21 14:15:36,433 - Worker_1] Status code == 403 for http://economia.uol.com.br/blogs-e-colunas/coluna/reinaldo-polito/2014/01/21/fique-pronto-para-falar-bem-em-15-minutos.htm, skipping...
[ERROR - 2025-10-21 14:15:37,367 - Worker_4] Status code == 403 for http://noticias.uol.com.br/saude/ultimas-noticias/bbc/2014/01/27/dieta-rica-em-gordura-durante-gravidez-pode-afetar-cerebro-de-bebe-diz-estudo.htm, skipping...
[ERROR - 2025-10-21 14:15:40,545 - Worker_1] Status code == 404 for http://guia.uol.com.br/brasilia/restaurantes/noticias/2014/01/09/promocao-serve-pratos-de-camarao-para-ate-quatro-pessoas-por-r-6990.htm, skipping...
[ERROR - 2025-10-21 14:15:41,478 - Worker_3] Status code == 403 for http://noticias.uol.com.br/cotidiano/ultimas-noticias/2014/01/27/usuarios-consomem-crack-em-via-interditada-para-obra-da-prefeitura-do-rio.htm, skipping...
[ERROR - 2025-10-21 14:15:46,124 - Worker_4] Status code == 403 for http://noticias.uol.com.br/midiaglobal/lemonde/2014/01/28/os-soldados-perdidos-do-palacio-de-berengo-na-republica-centro-africana.htm, skipping...
[ERROR - 2025-10-21 14:15:50,611 - Worker_1] Failed to connect with http://natelinha.ne10.uol.com.br/noticias/2014/01/28/andressa-urach-diz-meu-sonho-e-ser-uma-hebe-versao-exmiss-bumbum-70659.php after 3 attempts, skipping...
[ERROR - 2025-10-21 14:15:50,747 - Worker_0] Status code == 403 for http://noticias.uol.com.br/cotidiano/ultimas-noticias/2014/01/28/morador-da-favela-do-guarda-tentou-salvar-vizinho.htm, skipping...
[ERROR - 2025-10-21 14:15:54,754 - Worker_1] Status code == 403 for http://noticias.uol.com.br/album/album-do-dia/2014/01/28/imagens-do-dia---28-de-janeiro-de-2014.htm?abrefoto=56, skipping...
[ERROR - 2025-10-21 14:15:54,821 - Worker_0] Status code == 404 for http://guia.uol.com.br/brasilia/cinema/noticias/2014/01/21/programacao-de-ferias-do-cine-brasilia-exibe-28-filmes-ate-fevereiro.htm, skipping...
[ERROR - 2025-10-21 14:15:55,109 - Worker_4] Status code == 403 for http://noticias.uol.com.br/ultimas-noticias/bbc/2014/01/28/gastos-deixam-rainha-no-vermelho-e-geram-pedidos-de-abertura-de-palacio.htm, skipping...
[ERROR - 2025-10-21 14:15:57,465 - Worker_2] Status code == 403 for http://popload.blogosfera.uol.com.br/2014/01/28/cada-vez-maior-arctic-monkeys-vai-desbravando-o-mundo-aos-poucos/, skipping...
[ERROR - 2025-10-21 14:15:57,841 - Worker_3] Status code == 403 for http://economia.uol.com.br/noticias/redacao/2014/01/28/multiplus-renova-pontos-expirados-para-resgate-de-passagem-e-outros-premios.htm, skipping...
[ERROR - 2025-10-21 14:15:59,042 - Worker_1] Status code == 403 for http://tecnologia.uol.com.br/noticias/redacao/2014/01/28/homem-mais-odiado-da-internet-e-solto-nos-eua-apos-pagar-us-100-mil.htm, skipping...
[ERROR - 2025-10-21 14:15:59,326 - Worker_4] Status code == 404 for http://carnaval.uol.com.br/2014/salvador/, skipping...
[ERROR - 2025-10-21 14:16:01,751 - Worker_2] Status code == 404 for http://charges.uol.com.br/2014/01/28/ja-ta-pago/, skipping...
[ERROR - 2025-10-21 14:16:01,892 - Worker_3] Status code == 403 for http://noticias.uol.com.br/midiaglobal/nytimes/2014/01/28/ministro-argentino-da-economia-e-o-mais-forte-que-pais-teve-em-uma-decada.htm, skipping...
[ERROR - 2025-10-21 14:16:03,565 - Worker_4] Status code == 404 for http://carnaval.uol.com.br/2014/sao-paulo/, skipping...
[ERROR - 2025-10-21 14:16:04,831 - Worker_0] Status code == 403 for http://noticias.uol.com.br/ultimas-noticias/reuters/2014/01/28/ex-missionario-dos-eua-e-condenado-por-tirar-fotos-pornograficas-de-criancas-na-amazonia.htm, skipping...
[ERROR - 2025-10-21 14:16:08,891 - Worker_0] Status code == 404 for http://guia.uol.com.br/album/2014/01/27/veja-obras-de-exposicao-de-david-bowie-em-sao-paulo.htm, skipping...
[ERROR - 2025-10-21 14:16:09,965 - Worker_4] Status code == 404 for http://guia.uol.com.br/curitiba/noticias/2014/01/28/peca-sobre-a-poetisa-paranaense-julia-da-costa-estreia-nesta-terca-28.htm, skipping...
[ERROR - 2025-10-21 14:16:11,457 - Worker_3] Status code == 403 for http://reginanavarro.blogosfera.uol.com.br/2014/01/28/sobre-o-tamanho-do-penis/, skipping...
[ERROR - 2025-10-21 14:16:12,470 - Worker_2] Status code == 404 for http://guia.uol.com.br/rio-de-janeiro/shows/noticias/2014/01/23/cantor-uruguaio-jorge-drexler-faz-unica-apresentacao-no-rio.htm, skipping...
[ERROR - 2025-10-21 14:16:12,958 - Worker_0] Status code == 403 for http://noticias.uol.com.br/politica/ultimas-noticias/2014/01/28/comissao-de-etica-recebe-representacao-sobre-escala-de-dilma-em-portugal.htm, skipping...
[ERROR - 2025-10-21 14:16:21,798 - Worker_1] Status code == 404 for http://carnaval.uol.com.br/2014/rio-de-janeiro/, skipping...
[ERROR - 2025-10-21 14:16:24,253 - Worker_0] Status code == 403 for http://tecnologia.uol.com.br/noticias/redacao/2014/01/28/filhos-usam-celular-no-exterior-e-pai-recebe-conta-telefonica-de-r-33-mil.htm, skipping...
[ERROR - 2025-10-21 14:16:25,169 - Worker_3] Status code == 403 for http://economia.uol.com.br/noticias/infomoney/2014/01/28/veja-10-truques-para-negociar-um-aumento-salarial.htm, skipping...
[ERROR - 2025-10-21 14:16:26,778 - Worker_4] Status code == 404 for http://carnaval.uol.com.br/2014/blocos-de-rua/, skipping...
[ERROR - 2025-10-21 14:16:28,929 - Worker_2] Status code == 404 for http://esporte.uol.com.br/f1/ultimas-noticias/2014/01/28/vettel-chama-pontuacao-dobrada-em-ultima-prova-da-f-1-de-nonsense.htm, skipping...
[ERROR - 2025-10-21 14:16:30,763 - Worker_0] Status code == 403 for http://blogdojuliogomes.blogosfera.uol.com.br/2014/01/28/santos-e-o-pior-negocio-do-mundo/, skipping...
[ERROR - 2025-10-21 14:16:30,827 - Worker_4] Status code == 403 for http://noticias.uol.com.br/midiaglobal/nytimes/2014/01/28/retirada-de-tropas-americanas-do-afeganistao-e-vista-como-risco-para-missao-de-drones.htm, skipping...
[ERROR - 2025-10-21 14:16:31,013 - Worker_1] Status code == 404 for http://cenapop.virgula.uol.com.br/2014/01/28/32710-mulher-com-abdome-definido-perde-a-feminilidade-veja-exemplo-de-famosas-e-vote/, skipping...
[ERROR - 2025-10-21 14:16:33,185 - Worker_2] Status code == 404 for http://carnaval.uol.com.br/2014/recife-e-olinda/, skipping...
[ERROR - 2025-10-21 14:16:34,873 - Worker_4] Status code == 403 for http://noticias.uol.com.br/ciencia/ultimas-noticias/redacao/2014/01/28/clique-ciencia-voce-conhece-o-ornitorrinco-mamifero-que-bota-ovo.htm, skipping...
[ERROR - 2025-10-21 14:16:34,912 - Worker_0] Status code == 403 for http://robertosadovski.blogosfera.uol.com.br/2014/01/28/revista-inglesa-publica-25-capas-diferentes-do-novo-x-men/, skipping...
[ERROR - 2025-10-21 14:16:36,346 - Worker_3] Status code == 403 for http://noticias.uol.com.br/cotidiano/ultimas-noticias/2014/01/28/video-mostra-caminhao-com-cacamba-levantada-e-momento-do-acidente-na-via-amarela.htm, skipping...
[ERROR - 2025-10-21 14:16:37,408 - Worker_1] Status code == 403 for http://barrigudos.blogosfera.uol.com.br/2014/01/28/seis-bebes-seis-meses-depois/, skipping...
[ERROR - 2025-10-21 14:16:38,960 - Worker_0] Status code == 403 for http://noticias.uol.com.br/cotidiano/ultimas-noticias/2014/01/28/da-janela-de-casa-homem-viu-filho-morrer-ao-atravessar-passarela-no-rio.htm, skipping...
[ERROR - 2025-10-21 14:16:39,058 - Worker_4] Status code == 403 for http://blogdojuca.uol.com.br/2014/01/a-venda-de-neymar/, skipping...
[ERROR - 2025-10-21 14:16:40,189 - Worker_2] Status code == 403 for http://economia.uol.com.br/noticias/redacao/2014/01/28/eletropaulo-entra-na-justica-contra-devolucao-de-r-626-mi-a-consumidores.htm, skipping...
[ERROR - 2025-10-21 14:16:44,344 - Worker_2] Status code == 403 for http://blogdosakamoto.blogosfera.uol.com.br/2014/01/29/nova-multa-por-trabalho-infantil-pode-chegar-a-r-40-mil/, skipping...
[ERROR - 2025-10-21 14:16:45,754 - Worker_4] Status code == 403 for http://noticias.uol.com.br/cotidiano/ultimas-noticias/2014/01/29/justica-considera-ilegal-greve-de-rodoviarios-de-porto-alegre-e-autoriza-desconto-de-salarios.htm, skipping...
[ERROR - 2025-10-21 14:16:51,775 - Worker_0] Status code == 403 for http://tecnologia.uol.com.br/album/2014/01/29/campus-party-2014-herois-games-e-filmes-inspiram-computadores-customizados.htm?abrefoto=16, skipping...
[ERROR - 2025-10-21 14:16:54,639 - Worker_2] Status code == 403 for http://noticias.uol.com.br/midiaglobal/lemonde/2014/01/29/gigante-do-comercio-eletronico-amazon-expande-negocios-para-manter-lideranca.htm, skipping...
[ERROR - 2025-10-21 14:16:56,055 - Worker_4] Status code == 403 for http://noticias.uol.com.br/ciencia/ultimas-noticias/bbc/2014/01/29/explosao-estelar-iluminara-o-ceu-nas-proximas-semanas.htm, skipping...
[ERROR - 2025-10-21 14:16:56,427 - Worker_1] Status code == 403 for http://blogdojuca.uol.com.br/2014/01/5antos-5amba-corinthian5-danca/, skipping...
[ERROR - 2025-10-21 14:16:58,392 - Worker_0] Status code == 403 for http://noticias.uol.com.br/cotidiano/ultimas-noticias/2014/01/29/oab-pede-indenizacao-de-r-100-mil-a-vitimas-de-ataques-a-onibus-e-presos-mortos-no-ma.htm, skipping...
[ERROR - 2025-10-21 14:17:00,614 - Worker_1] Status code == 403 for http://uolesporte.blogosfera.uol.com.br/2014/01/29/zagueiro-da-chutao-e-encobre-goleiro-do-outro-lado-do-campo-veja/, skipping...
[ERROR - 2025-10-21 14:17:02,614 - Worker_0] Status code == 404 for http://carnaval.uol.com.br/2014/salvador/, skipping...
[ERROR - 2025-10-21 14:17:03,606 - Worker_2] Status code == 404 for http://carnaval.uol.com.br/2014/sao-paulo/, skipping...
[ERROR - 2025-10-21 14:17:04,664 - Worker_1] Status code == 403 for http://noticias.uol.com.br/cotidiano/ultimas-noticias/2014/01/29/mega-sena-acumula-e-pode-pagar-r-27-milhoes-no-sabado.htm, skipping...
[ERROR - 2025-10-21 14:17:06,901 - Worker_0] Status code == 403 for http://uolesporte.blogosfera.uol.com.br/2014/01/29/escorpiao-aparece-para-estreia-do-atletico-mg-e-acaba-morto/, skipping...
[ERROR - 2025-10-21 14:17:07,424 - Worker_4] Status code == 403 for http://noticias.uol.com.br/ultimas-noticias/afp/2014/01/30/cristina-kirchner-faz-exames-para-investigar-lombalgia.htm, skipping...
[ERROR - 2025-10-21 14:17:11,474 - Worker_4] Status code == 403 for http://noticias.uol.com.br/cotidiano/ultimas-noticias/2014/01/29/engenheiro-diz-que-passarela-nao-estava-bem-afixada.htm, skipping...
[ERROR - 2025-10-21 14:17:11,584 - Worker_3] Status code == 404 for http://guia.uol.com.br/sao-paulo/shows/noticias/2014/01/29/emicida-lulu-santos-e-friendly-fires-se-apresentam-em-sp-veja-roteiro.htm, skipping...
[ERROR - 2025-10-21 14:17:14,394 - Worker_2] Status code == 403 for http://economia.uol.com.br/empreendedorismo/noticias/redacao/2014/01/29/veja-erros-comuns-das-start-ups-e-saiba-avaliar-se-o-negocio-dara-certo.htm, skipping...
[ERROR - 2025-10-21 14:17:15,762 - Worker_3] Status code == 403 for http://uolesporte.blogosfera.uol.com.br/2014/01/29/amistoso-classico-argentino-pega-fogo-e-juiz-dispensa-cartao-amarelo/, skipping...
[ERROR - 2025-10-21 14:17:19,819 - Worker_3] Status code == 403 for http://economia.uol.com.br/noticias/infomoney/2014/01/29/petrobras-bate-minima-desde-2008-o-que-acontece-com-a-empresa.htm, skipping...
[ERROR - 2025-10-21 14:17:20,725 - Worker_0] Status code == 404 for http://guia.uol.com.br/curitiba/noticias/2014/01/29/rodas-de-leitura-gratuitas-estimulam-as-criancas-nas-ferias-em-curitiba.htm, skipping...
[ERROR - 2025-10-21 14:17:20,757 - Worker_2] Status code == 403 for http://noticias.uol.com.br/politica/ultimas-noticias/2014/01/29/ha-45-anos-dilma-se-tornava-clandestina-locais-por-onde-ela-passou-vao-virar-roteiro-em-bh.htm, skipping...
[ERROR - 2025-10-21 14:17:23,660 - Worker_4] Status code == 403 for http://tecnologia.uol.com.br/noticias/redacao/2014/01/29/lenovo-confirma-ter-comprado-motorola-do-google-por-us-291-bi.htm, skipping...
[ERROR - 2025-10-21 14:17:24,413 - Worker_1] Failed to connect with http://chiqsland.uol.com.br/2014/01/folhasp-2/ after 3 attempts, skipping...
[ERROR - 2025-10-21 14:17:25,331 - Worker_0] Status code == 404 for http://carnaval.uol.com.br/2014/sao-paulo/noticias/2014/01/29/amante-do-carnaval-emagrece-mais-de-20kg-para-se-tornar-passista.htm, skipping...
[ERROR - 2025-10-21 14:17:26,328 - Worker_3] Status code == 403 for http://blogdosimao.blogosfera.uol.com.br/2014/01/29/piada-pronta-4/, skipping...
[ERROR - 2025-10-21 14:17:30,105 - Worker_2] Status code == 404 for http://carnaval.uol.com.br/2014/rio-de-janeiro/, skipping...
[ERROR - 2025-10-21 14:17:34,462 - Worker_2] Status code == 403 for http://noticias.uol.com.br/midiaglobal/derspiegel/2014/01/29/o-fedor-era-insuportavel.htm, skipping...
[ERROR - 2025-10-21 14:17:34,687 - Worker_0] Status code == 404 for http://carnaval.uol.com.br/2014/blocos-de-rua/, skipping...
[ERROR - 2025-10-21 14:17:40,154 - Worker_1] Status code == 404 for http://guia.uol.com.br/album/2014/01/17/confira-onde-comer-frutos-do-mar-em-curitiba-neste-verao.htm, skipping...
[ERROR - 2025-10-21 14:17:40,170 - Worker_3] Status code == 403 for http://educacao.uol.com.br/noticias/2014/01/29/nao-posso-exercer-a-profissao-diz-aluno-gama-filho-aprovado-na-oab.htm, skipping...
[ERROR - 2025-10-21 14:17:44,478 - Worker_3] Status code == 404 for http://carnaval.uol.com.br/2014/recife-e-olinda/, skipping...
[ERROR - 2025-10-21 14:17:44,776 - Worker_0] Status code == 403 for http://noticias.uol.com.br/midiaglobal/nytimes/2014/01/29/o-governante-do-egito-quer-um-papel-mais-arriscado-a-presidencia.htm, skipping...
[ERROR - 2025-10-21 14:17:48,583 - Worker_3] Status code == 404 for http://guia.uol.com.br/rio-de-janeiro/teatro/noticias/2014/01/22/musicais-homenageiam-sambas-de-enredo-marchinhas-e-chico-buarque.htm, skipping...
[ERROR - 2025-10-21 14:17:49,099 - Worker_1] Status code == 403 for http://noticias.uol.com.br/tabloide/ultimas-noticias/tabloideanas/2014/01/29/reporter-da-joelhada-em-jovem-que-tentou-atrapalhar-transmissao-ao-vivo.htm, skipping...
[ERROR - 2025-10-21 14:17:53,243 - Worker_1] Status code == 403 for http://uoltecnologia.blogosfera.uol.com.br/2014/01/29/simpsons-mostra-impacto-de-oculos-inteligentes-na-vida-do-usuario/, skipping...
[ERROR - 2025-10-21 14:17:57,376 - Worker_1] Status code == 403 for http://uolesporte.blogosfera.uol.com.br/2014/01/30/frances-protagoniza-lance-que-pode-ser-o-pior-da-historia-da-nba/, skipping...
[ERROR - 2025-10-21 14:17:58,501 - Worker_0] Status code == 403 for http://noticias.uol.com.br/cotidiano/ultimas-noticias/2014/01/30/estado-admite-participacao-de-pms-em-chacina-em-campinas-sp-e-fala-em-mais-prisoes.htm, skipping...
[ERROR - 2025-10-21 14:18:00,081 - Worker_4] Failed to connect with http://portalcorreio.uol.com.br/noticias/emprego-e-educacao/resultados/2014/01/29/NWS,234849,44,367,NOTICIAS,2190-GAROTO-ANOS-ESTUDANTE-ESCOLA-PUBLICA-MARI-UFPB.aspx after 3 attempts, skipping...
[ERROR - 2025-10-21 14:18:02,763 - Worker_0] Status code == 403 for http://tecnologia.uol.com.br/album/2014/01/30/saiba-como-usar-o-aplicativo-whatsapp-em-seu-computador.htm?abrefoto=1, skipping...
[ERROR - 2025-10-21 14:18:04,005 - Worker_2] Failed to connect with http://procurasecachorro.uol.com.br/blog/2014/01/em-livro-fotografo-belga-registra-olhar-de-animais-resgatados/ after 3 attempts, skipping...
[ERROR - 2025-10-21 14:18:06,435 - Worker_4] Status code == 403 for http://educacao.uol.com.br/noticias/2014/01/30/aluno-da-gama-filho-pode-perder-emprego-em-barcelona-por-falta-de-diploma.htm, skipping...
[ERROR - 2025-10-21 14:18:06,582 - Worker_1] Status code == 403 for http://noticias.uol.com.br/cotidiano/ultimas-noticias/2014/01/30/mp-rj-pede-que-supervia-pague-r-21-mi-apos-descarrilamento-de-trem-no-rio.htm, skipping...
[ERROR - 2025-10-21 14:18:06,825 - Worker_0] Status code == 403 for http://economia.uol.com.br/empregos-e-carreiras/noticias/redacao/2014/01/30/no-twitter-dilma-diz-que-dados-do-ibge-sobre-emprego-sao-impressionantes.htm, skipping...
[ERROR - 2025-10-21 14:18:10,295 - Worker_2] Status code == 403 for http://noticias.uol.com.br/album/2014/01/30/campanha-denuncia-casos-de-discriminacao-e-xenofobia-na-universidade-de-coimbra.htm?abrefoto=7, skipping...
[ERROR - 2025-10-21 14:18:13,354 - Worker_0] Status code == 404 for http://carnaval.uol.com.br/2014/salvador/, skipping...
[ERROR - 2025-10-21 14:18:15,759 - Worker_3] Status code == 403 for http://noticias.uol.com.br/ultimas-noticias/efe/2014/01/30/policia-italiana-detem-terceira-pessoa-envolvida-em-roubo-de-reliquia-do-papa.htm, skipping...
[ERROR - 2025-10-21 14:18:17,562 - Worker_1] Status code == 403 for http://noticias.uol.com.br/album/album-do-dia/2014/01/30/imagens-do-dia---30-de-janeiro-de-2014.htm?abrefoto=42, skipping...
[ERROR - 2025-10-21 14:18:17,707 - Worker_0] Status code == 404 for http://carnaval.uol.com.br/2014/sao-paulo/, skipping...
[ERROR - 2025-10-21 14:18:23,024 - Worker_4] Status code == 403 for http://noticias.uol.com.br/midiaglobal/lemonde/2014/01/30/a-questao-nao-e-a-russia-mas-acabar-com-a-injustica-e-a-corrupcao-diz-jovem-ativista-em-davos.htm, skipping...
[ERROR - 2025-10-21 14:18:24,772 - Worker_3] Status code == 404 for http://carnaval.uol.com.br/2014/blocos-de-rua/noticias/2014/01/30/bloco-gueri-gueri-volta-a-sp-com-espaco-vip-e-folia-para-classe-a.htm, skipping...
[ERROR - 2025-10-21 14:18:28,663 - Worker_1] Status code == 403 for http://educacao.uol.com.br/colunas/daniel-cara/2014/01/30/cancelamento-de-conferencia-de-educacao-enfraquece-discurso-de-dilma.htm, skipping...
[ERROR - 2025-10-21 14:18:28,677 - Worker_0] Status code == 403 for http://josecruz.blogosfera.uol.com.br/2014/01/vitorioso-volei-enfrenta-crise-institucional/, skipping...
[ERROR - 2025-10-21 14:18:28,821 - Worker_3] Status code == 403 for http://noticias.uol.com.br/internacional/ultimas-noticias/2014/01/30/fui-dar-um-rosto-aos-imigrantes-diz-brasileiro-convidado-para-discurso-de-obama.htm, skipping...
[ERROR - 2025-10-21 14:18:32,140 - Worker_4] Status code == 403 for http://blogdoperrone.blogosfera.uol.com.br/2014/01/neymar-e-criticado-no-santos-por-acordo-antes-de-mundial/, skipping...
[ERROR - 2025-10-21 14:18:32,892 - Worker_3] Status code == 403 for http://economia.uol.com.br/ao-vivo/2014/01/30/direto-da-bolsa.htm#governo-abre-processo-contra-operadora-oi-20140130114002, skipping...
[ERROR - 2025-10-21 14:18:35,543 - Worker_2] Status code == 403 for http://economia.uol.com.br/empregos-e-carreiras/noticias/redacao/2014/01/30/trabalhadores-negros-ganham-pouco-mais-da-metade-dos-brancos-mostra-ibge.htm, skipping...
[ERROR - 2025-10-21 14:18:37,041 - Worker_3] Status code == 403 for http://cornetafc.blogosfera.uol.com.br/2014/01/30/procura-se/, skipping...
[ERROR - 2025-10-21 14:18:39,602 - Worker_2] Status code == 403 for http://economia.uol.com.br/noticias/redacao/2014/01/30/sueca-anuncia-us-150-mi-iniciais-para-fabrica-de-cacas-em-sao-bernardo.htm, skipping...
[ERROR - 2025-10-21 14:18:40,520 - Worker_1] Status code == 404 for http://carnaval.uol.com.br/2014/rio-de-janeiro/, skipping...
[ERROR - 2025-10-21 14:18:41,205 - Worker_3] Status code == 403 for http://noticias.uol.com.br/cotidiano/ultimas-noticias/2014/01/30/haddad-diz-que-estado-tem-de-garantir-seguranca-de-onibus.htm, skipping...
[ERROR - 2025-10-21 14:18:43,677 - Worker_2] Status code == 403 for http://educacao.uol.com.br/noticias/2014/01/30/professores-de-sp-relatam-situacao-humilhante-para-conseguir-aulas.htm, skipping...
[ERROR - 2025-10-21 14:18:44,794 - Worker_1] Status code == 404 for http://carnaval.uol.com.br/2014/blocos-de-rua/, skipping...
[ERROR - 2025-10-21 14:18:45,334 - Worker_3] Status code == 403 for http://robertosadovski.blogosfera.uol.com.br/2014/01/30/christian-bale-completa-40-anos-que-a-gente-relembra-em-20-filmes/, skipping...
[ERROR - 2025-10-21 14:18:47,593 - Worker_0] Status code == 403 for http://noticias.uol.com.br/politica/ultimas-noticias/2014/01/30/dilma-anuncia-troca-de-ministros-na-educacao-casa-civil-e-saude.htm, skipping...
[ERROR - 2025-10-21 14:18:49,476 - Worker_3] Status code == 403 for http://uolesporte.blogosfera.uol.com.br/2014/01/30/coracao-mole-hernanes-cai-no-choro-e-da-chuteira-ao-ouvir-fenomeno/, skipping...
[ERROR - 2025-10-21 14:18:49,782 - Worker_4] Status code == 404 for http://esporte.uol.com.br/f1/ultimas-noticias/2014/01/30/massa-crava-2-melhor-tempo-e-supera-alonso-em-estreia-na-williams.htm, skipping...
[ERROR - 2025-10-21 14:18:50,182 - Worker_2] Status code == 403 for http://cornetafc.blogosfera.uol.com.br/2014/01/30/santista-vive-de-passado-nao-quando-o-assunto-e-goleada/, skipping...
[ERROR - 2025-10-21 14:18:53,302 - Worker_1] Status code == 403 for http://noticias.uol.com.br/midiaglobal/elpais/2014/01/30/apesar-das-controversias-ambientais-o-fracking-avanca-na-europa.htm, skipping...
[ERROR - 2025-10-21 14:18:53,525 - Worker_3] Status code == 403 for http://noticias.uol.com.br/cotidiano/ultimas-noticias/2014/01/30/pms-presos-em-campinas-negam-envolvimento-em-chacina.htm, skipping...
[ERROR - 2025-10-21 14:18:54,013 - Worker_4] Status code == 404 for http://carnaval.uol.com.br/2014/recife-e-olinda/, skipping...
[ERROR - 2025-10-21 14:18:57,687 - Worker_2] Status code == 403 for http://noticias.uol.com.br/midiaglobal/nytimes/2014/01/30/com-redes-sociais-obama-compartilha-a-tribuna-do-estado-da-uniao.htm, skipping...
[ERROR - 2025-10-21 14:19:02,687 - Worker_3] Status code == 404 for http://esporte.uol.com.br/f1/ultimas-noticias/2014/01/30/massa-aprova-estreia-e-diz-que-carro-de-2014-e-diferente-mas-divertido.htm, skipping...
[ERROR - 2025-10-21 14:19:06,996 - Worker_2] Status code == 502 for http://noticias.band.uol.com.br/primeirojornal/videos/2014/01/31/14845309-carreta-tomba-ao-desviar-de-passarela.html, skipping...
[ERROR - 2025-10-21 14:19:07,121 - Worker_4] Status code == 403 for http://josiasdesouza.blogosfera.uol.com.br/2014/01/31/reacao-aos-protestos-anti-copa-sera-publicitaria/, skipping...
[ERROR - 2025-10-21 14:19:09,663 - Worker_1] Status code == 403 for http://noticias.uol.com.br/album/album-do-dia/2014/01/31/imagens-do-dia---31-de-janeiro-de-2014.htm?abrefoto=61, skipping...
[ERROR - 2025-10-21 14:19:12,059 - Worker_3] Status code == 404 for http://blogs.ne10.uol.com.br/jamildo/2014/01/30/voces-so-fortalecem-minha-candidatura-presidencial-diz-feliciano-sobre-participantes-do-beijaco/, skipping...
[ERROR - 2025-10-21 14:19:13,658 - Worker_4] Status code == 403 for http://mauriciostycer.blogosfera.uol.com.br/2014/01/31/agora-seriado-doce-de-mae-traz-fernanda-montenegro-em-otimo-papel-comico/, skipping...
[ERROR - 2025-10-21 14:19:15,904 - Worker_2] Status code == 404 for http://carnaval.uol.com.br/2014/salvador/, skipping...
[ERROR - 2025-10-21 14:19:18,858 - Worker_3] Status code == 404 for http://carnaval.uol.com.br/2014/sao-paulo/, skipping...
[ERROR - 2025-10-21 14:19:20,694 - Worker_1] Status code == 403 for http://noticias.uol.com.br/midiaglobal/derspiegel/2014/01/31/polemica-universitaria-estudantes-neonazistas-devem-ser-denunciados.htm, skipping...
[ERROR - 2025-10-21 14:19:24,741 - Worker_1] Status code == 403 for http://noticias.uol.com.br/cotidiano/ultimas-noticias/2014/01/31/com-superlotacao-juizes-pedem-liberdade-a-mulheres-e-presos-do-semiaberto-no-ma.htm, skipping...
[ERROR - 2025-10-21 14:19:27,706 - Worker_3] Status code == 403 for http://noticias.uol.com.br/internacional/ultimas-noticias/2014/01/31/medico-caminha-quase-10-km-durante-nevasca-para-fazer-cirurgia-de-emergencia.htm, skipping...
[ERROR - 2025-10-21 14:19:29,030 - Worker_1] Status code == 403 for http://tecnologia.uol.com.br/noticias/redacao/2014/01/31/pequeno-princezo-filosofa-no-facebook-com-funk-ostentacao-e-rolezinho.htm, skipping...
[ERROR - 2025-10-21 14:19:29,667 - Worker_0] Status code == 403 for http://noticias.uol.com.br/album/album-do-dia/2014/01/31/imagens-do-dia---31-de-janeiro-de-2014.htm?abrefoto=60, skipping...
[ERROR - 2025-10-21 14:19:34,036 - Worker_3] Status code == 403 for http://noticias.uol.com.br/album/album-do-dia/2014/01/31/imagens-do-dia---31-de-janeiro-de-2014.htm?abrefoto=44, skipping...
[ERROR - 2025-10-21 14:19:37,832 - Worker_1] Status code == 403 for http://noticias.uol.com.br/cotidiano/ultimas-noticias/2014/01/31/em-liminar-sobre-rolezinho-juiz-de-sp-restringe-acesso-de-grupos-aos-shoppings-aricanduva-e-maua.htm, skipping...
[ERROR - 2025-10-21 14:19:38,161 - Worker_2] Status code == 403 for http://noticias.uol.com.br/politica/ultimas-noticias/2014/01/31/delubio-arrecada-mais-de-r-1-mi-paga-multa-e-repassa-excedente-a-dirceu.htm, skipping...
[ERROR - 2025-10-21 14:19:38,359 - Worker_3] Status code == 403 for http://blogdomariomagalhaes.blogosfera.uol.com.br/2014/01/31/ruas-do-rio-agora-terao-numeros-onde-ficarao-o-24-e-o-69/, skipping...
[ERROR - 2025-10-21 14:19:38,872 - Worker_4] Status code == 403 for http://noticias.uol.com.br/midiaglobal/lemonde/2014/01/31/netanyahu-se-mostra-impassivel-diante-do-isolamento-crescente-de-israel.htm, skipping...
[ERROR - 2025-10-21 14:19:40,201 - Worker_0] Status code == 403 for http://noticias.uol.com.br/ultimas-noticias/bbc/2014/01/31/diocese-nos-eua-pede-falencia-apos-denuncias-de-abusos.htm, skipping...
[ERROR - 2025-10-21 14:19:42,471 - Worker_2] Status code == 404 for http://carnaval.uol.com.br/2014/rio-de-janeiro/, skipping...
[ERROR - 2025-10-21 14:19:46,676 - Worker_1] Status code == 404 for http://carnaval.uol.com.br/2014/blocos-de-rua/, skipping...
[ERROR - 2025-10-21 14:19:46,773 - Worker_4] Status code == 404 for http://criancas.uol.com.br/ultnot/multi/2014/01/31/0402CC193968D0C14326.jhtm?veja-novo-trailer-dublado-de-uma-aventura-lego-0402CC193968D0C14326, skipping...
[ERROR - 2025-10-21 14:19:47,010 - Worker_2] Status code == 404 for http://esporte.uol.com.br/f1/ultimas-noticias/2014/01/31/schumacher-tem-primeira-reacao-apos-reducao-de-sedativos-diz-jornal.htm, skipping...
[ERROR - 2025-10-21 14:19:47,033 - Worker_0] Status code == 404 for http://charges.uol.com.br/2014/01/31/vestida-de-nerd/, skipping...
[ERROR - 2025-10-21 14:19:50,761 - Worker_1] Status code == 403 for http://economia.uol.com.br/agronegocio/noticias/redacao/2014/01/31/pirarucu-da-amazonia-tem-chip-implantado-para-evitar-pesca-predatoria.htm, skipping...
[ERROR - 2025-10-21 14:19:50,833 - Worker_4] Status code == 404 for http://guia.uol.com.br/sao-paulo/teatro/noticias/2014/01/30/com-clima-de-cabare-espetaculo-de-circo-e-danca-estreia-nova-temporada.htm, skipping...
[ERROR - 2025-10-21 14:19:51,485 - Worker_3] Status code == 403 for http://noticias.uol.com.br/cotidiano/ultimas-noticias/2014/01/31/cabral-diz-que-vai-manter-valor-de-passagens-de-trens-metro-e-barcas-no-rio.htm, skipping...
[ERROR - 2025-10-21 14:19:53,572 - Worker_2] Status code == 404 for http://carnaval.uol.com.br/2014/recife-e-olinda/, skipping...
[ERROR - 2025-10-21 14:19:59,212 - Worker_1] Status code == 403 for http://noticias.uol.com.br/midiaglobal/nytimes/2014/01/31/apesar-de-decadas-de-inimizade-israel-ajuda-civis-sirios.htm, skipping...
[ERROR - 2025-10-21 14:19:59,363 - Worker_4] Status code == 403 for http://noticias.uol.com.br/cotidiano/ultimas-noticias/2014/01/31/sabesp-admite-possivel-racionamento-de-agua-em-sao-paulo.htm, skipping...
[ERROR - 2025-10-21 14:20:02,875 - Worker_2] Status code == 404 for http://esporte.uol.com.br/f1/ultimas-noticias/2014/01/31/massa-evita-oba-ba-com-lideranca-mas-festeja-quilometragem-acumulada.htm, skipping...
[ERROR - 2025-10-21 14:20:03,495 - Worker_1] Status code == 404 for http://carnaval.uol.com.br/2014/salvador/album/2014/01/31/hits-do-carnaval-2014-trazem-onomatopeias-e-palavras-bizarras-veja-quais-sao.htm?abrefoto=1, skipping...
[INFO - 2025-10-21 14:20:08,080 - MainThread] Processed 2341 links - 1386/2341 succeeded (59.2%).
[INFO - 2025-10-21 14:20:08,080 - MainThread] Total time taken to complete: 31min
