[INFO - 2025-10-23 15:28:32,720 - MainThread] 2123 links from 'out/uol_links/2015/1-2015.txt'.
[ERROR - 2025-10-23 15:28:32,828 - Worker_1] Status code == 403 for http://noticias.uol.com.br/cotidiano/ultimas-noticias/2015/01/01/garis-recolhem-371-toneladas-de-lixo-em-copacabana-e-680-em-todo-o-rio.htm, skipping...
[ERROR - 2025-10-23 15:28:32,899 - Worker_0] Status code == 403 for http://colunaesplanada.blogosfera.uol.com.br/2015/01/01/no-comando-filha-de-jefferson-quer-aproximar-ptb-do-psdb/, skipping...
[ERROR - 2025-10-23 15:28:33,078 - Worker_3] Status code == 403 for http://blogmiltonneves.bol.uol.com.br/blog/2015/01/01/previsoes-para-o-esporte-em-2015/, skipping...
[ERROR - 2025-10-23 15:28:36,935 - Worker_1] Status code == 403 for http://educacao.uol.com.br/noticias/agencia-estado/2015/01/01/pais-tem-um-ano-para-colocar-na-escola-29-milhoes-de-criancas-e-jovens.htm, skipping...
[ERROR - 2025-10-23 15:28:37,148 - Worker_3] Status code == 403 for http://noticias.uol.com.br/ultimas-noticias/bbc/2015/01/01/publico-encara-calor-e-ate-falta-dagua-para-assistir-a-posse-de-dilma.htm, skipping...
[ERROR - 2025-10-23 15:28:38,787 - Worker_2] Failed to connect with http://procurasecachorro.uol.com.br/blog/2015/01/ana-maria-braga-se-despede-de-sua-cachorra-belinha-com-homenagem/ after 3 attempts, skipping...
[ERROR - 2025-10-23 15:28:39,367 - Worker_0] Status code == 403 for http://noticias.uol.com.br/album/album-do-dia/2015/01/01/imagens-do-dia---1-de-janeiro-de-2015.htm?abrefoto=34, skipping...
[ERROR - 2025-10-23 15:28:41,638 - Worker_4] Status code == 403 for http://uolesporte.blogosfera.uol.com.br/2015/01/01/guerrero-vai-a-praia-no-peru-ao-lado-de-mulheres-sera-que-a-fila-andou/, skipping...
[ERROR - 2025-10-23 15:28:42,942 - Worker_2] Status code == 403 for http://josiasdesouza.blogosfera.uol.com.br/2015/01/01/discurso-de-dilma-teve-um-deficit-de-autocritica/, skipping...
[ERROR - 2025-10-23 15:28:45,572 - Worker_1] Status code == 403 for http://noticias.uol.com.br/album/album-do-dia/2015/01/01/imagens-do-dia---1-de-janeiro-de-2015.htm?abrefoto=42, skipping...
[ERROR - 2025-10-23 15:28:47,015 - Worker_2] Status code == 403 for http://noticias.uol.com.br/ciencia/ultimas-noticias/afp/2015/01/01/cancer-surge-com-mais-frequencia-devido-ao-azar-do-que-a-causas-geneticas-afirmam-pesquisadores.htm, skipping...
[ERROR - 2025-10-23 15:28:48,245 - Worker_4] Status code == 403 for http://noticias.uol.com.br/ultimas-noticias/afp/2015/01/01/medico-italiano-infectado-pelo-ebola-esta-curado-imprensa.htm, skipping...
[ERROR - 2025-10-23 15:28:48,311 - Worker_3] Status code == 404 for http://guia.uol.com.br/belo-horizonte/noticias/2015/01/01/obras-do-inhotim-estao-expostas-no-palacio-das-artes-ate-8-de-marco.htm, skipping...
[ERROR - 2025-10-23 15:28:48,454 - Worker_0] Status code == 403 for http://economia.uol.com.br/noticias/afp/2015/01/01/economista-frances-piketty-rejeita-legiao-de-honra.htm, skipping...
[ERROR - 2025-10-23 15:28:51,081 - Worker_2] Status code == 403 for http://noticias.uol.com.br/politica/ultimas-noticias/2015/01/01/dilma-poe-educacao-em-lema-de-governo-e-fala-em-extirpar-corrupcao.htm, skipping...
[ERROR - 2025-10-23 15:28:52,412 - Worker_3] Status code == 403 for http://uolesporte.blogosfera.uol.com.br/2015/01/01/torcedor-invade-campo-e-solta-os-cachorros-para-cima-de-arsene-wenger/, skipping...
[ERROR - 2025-10-23 15:28:55,887 - Worker_2] Status code == 404 for http://blogs.ne10.uol.com.br/jamildo/2015/01/01/com-discurso-de-gratidao-campos-paulo-camara-ressalta-governo-de-continuidade-e-visao-estrategica-da-gestao/, skipping...
[ERROR - 2025-10-23 15:28:57,157 - Worker_4] Status code == 403 for http://noticias.uol.com.br/ultimas-noticias/efe/2015/01/01/dilma-promete-ajuste-fiscal-com-baixos-sacrificios-para-os-mais-pobres.htm, skipping...
[ERROR - 2025-10-23 15:28:58,513 - Worker_0] Failed to connect with http://tnh1.ne10.uol.com.br/noticia/politica/2015/01/01/315100/governador-renan-filho-toma-posse-em-cerimonia-na-ale after 3 attempts, skipping...
[ERROR - 2025-10-23 15:29:01,172 - Worker_1] Status code == 403 for http://noticias.uol.com.br/politica/ultimas-noticias/2015/01/01/nao-e-bem-assim-veja-as-imprecisoes-do-discurso-de-posse-de-dilma.htm, skipping...
[ERROR - 2025-10-23 15:29:01,225 - Worker_4] Status code == 403 for http://noticias.uol.com.br/ciencia/album/2015/01/01/veja-imagens-de-ciencia-do-mes-janeiro2015.htm?abrefoto=3, skipping...
[ERROR - 2025-10-23 15:29:02,587 - Worker_0] Status code == 403 for http://noticias.uol.com.br/ultimas-noticias/bbc/2015/01/01/guerra-na-siria-matou-76-mil-em-2014.htm, skipping...
[ERROR - 2025-10-23 15:29:03,390 - Worker_3] Status code == 403 for http://noticias.uol.com.br/album/album-do-dia/2015/01/01/imagens-do-dia---1-de-janeiro-de-2015.htm?abrefoto=28, skipping...
[ERROR - 2025-10-23 15:29:04,413 - Worker_2] Status code == 403 for http://noticias.uol.com.br/politica/ultimas-noticias/2015/01/01/saiba-quem-sao-os-39-ministros-no-segundo-mandato-de-dilma.htm, skipping...
[ERROR - 2025-10-23 15:29:05,317 - Worker_1] Status code == 403 for http://uolesportevetv.blogosfera.uol.com.br/2015/01/01/pvc-leva-estatisticas-a-estreia-no-fox-sports-e-agrada-fas-no-twitter/, skipping...
[ERROR - 2025-10-23 15:29:05,505 - Worker_4] Status code == 403 for http://tecnologia.uol.com.br/noticias/nyt/2015/01/01/na-batalha-dos-smartphones-chinesa-xiaomi-cresce-como-nova-gigante.htm, skipping...
[ERROR - 2025-10-23 15:29:06,664 - Worker_0] Status code == 403 for http://noticias.uol.com.br/politica/ultimas-noticias/2015/01/01/para-dilma-petrobras-foi-vitima-de-servidores-que-nao-honraram-a-empresa.htm, skipping...
[ERROR - 2025-10-23 15:29:09,388 - Worker_1] Status code == 403 for http://noticias.uol.com.br/ultimas-noticias/reuters/2015/01/01/investigadores-franceses-chegam-na-sexta-feira-a-local-de-queda-de-aviao-da-airasia.htm, skipping...
[ERROR - 2025-10-23 15:29:09,575 - Worker_4] Status code == 403 for http://noticias.uol.com.br/ultimas-noticias/efe/2015/01/01/bachelet-surpreende-ao-cantar-hino-brasileiro-em-posse-de-dilma.htm, skipping...
[ERROR - 2025-10-23 15:29:09,994 - Worker_3] Status code == 403 for http://fernandorodrigues.blogosfera.uol.com.br/2015/01/01/petista-reconhece-dificuldades-e-apela-por-apoio-direto-de-brasileiros/, skipping...
[ERROR - 2025-10-23 15:29:13,188 - Worker_2] Status code == 403 for http://noticias.uol.com.br/ultimas-noticias/bbc/2015/01/01/indonesia-identifica-primeiro-corpo-de-vitima-do-voo-qz8501.htm, skipping...
[ERROR - 2025-10-23 15:29:13,639 - Worker_4] Status code == 403 for http://economia.uol.com.br/noticias/redacao/2015/01/02/barbosa-quer-mudar-regra-para-salario-minimo-mas-manter-aumento-real.htm, skipping...
[ERROR - 2025-10-23 15:29:16,348 - Worker_3] Status code == 403 for http://educacao.uol.com.br/colunas/lucila-cano/2015/01/02/comecar-de-novo.htm, skipping...
[ERROR - 2025-10-23 15:29:17,258 - Worker_2] Status code == 403 for http://noticias.uol.com.br/politica/ultimas-noticias/2015/01/02/apos-protesto-de-servidores-chanceler-diz-que-melhorara-carreira-diplomatica.htm, skipping...
[ERROR - 2025-10-23 15:29:17,869 - Worker_4] Status code == 404 for http://guia.folha.uol.com.br/shows/2015/01/1569373-foo-fighters-joss-stone-e-lollapalooza-estao-entre-shows-de-2015-informe-se.shtml, skipping...
[ERROR - 2025-10-23 15:29:20,422 - Worker_3] Status code == 403 for http://noticias.uol.com.br/cotidiano/ultimas-noticias/2015/01/02/beltrame-reclama-de-crescimento-de-favelas-com-upp-policia-vai-se-esgotar.htm, skipping...
[ERROR - 2025-10-23 15:29:26,733 - Worker_3] Status code == 403 for http://blogdomariomagalhaes.blogosfera.uol.com.br/2015/01/02/sou-minas-gerais-agora-ex-guerrilheiros-governam-bh-mg-e-brasil/, skipping...
[ERROR - 2025-10-23 15:29:27,013 - Worker_4] Status code == 403 for http://noticias.uol.com.br/politica/ultimas-noticias/2015/01/02/esta-e-a-minha-quadrilha-diz-gilberto-carvalho-ao-deixar-ministerio.htm, skipping...
[ERROR - 2025-10-23 15:29:31,106 - Worker_4] Status code == 403 for http://noticias.uol.com.br/internacional/ultimas-noticias/2015/01/02/cao-leva-horas-para-cortar-pelo-apos-ser-trancado-em-apartamento-por-um-ano.htm, skipping...
[ERROR - 2025-10-23 15:29:35,021 - Worker_0] Status code == 404 for http://guia.folha.uol.com.br/teatro/2015/01/1569382-teatro-em-2015-tem-musicais-as-novicas-rebeldes-e-chacrinha.shtml, skipping...
[ERROR - 2025-10-23 15:29:35,306 - Worker_3] Status code == 403 for http://noticias.uol.com.br/politica/ultimas-noticias/2015/01/02/defesa-dara-encaminhamento-as-recomendacoes-da-comissao-da-verdade-diz-novo-ministro.htm, skipping...
[ERROR - 2025-10-23 15:29:38,144 - Worker_1] Status code == 403 for http://economia.uol.com.br/noticias/redacao/2015/01/02/avioes-de-elvis-vao-a-leilao-valor-total-pode-chegar-a-r-40-milhoes.htm, skipping...
[ERROR - 2025-10-23 15:29:38,323 - Worker_2] Status code == 403 for http://noticias.uol.com.br/politica/ultimas-noticias/2015/01/02/novo-ministro-das-relacoes-institucionais-rejeita-nova-cpi-da-petrobras-em-2015.htm, skipping...
[ERROR - 2025-10-23 15:29:39,371 - Worker_3] Status code == 403 for http://noticias.uol.com.br/ultimas-noticias/afp/2015/01/02/encontrada-caixa-preta-do-ferry-norman-atlantic.htm, skipping...
[ERROR - 2025-10-23 15:29:43,688 - Worker_0] Status code == 403 for http://omundoemmovimento.blogosfera.uol.com.br/2015/01/02/com-dezembro-excepcional-2014-fecha-com-queda-de-69/, skipping...
[ERROR - 2025-10-23 15:29:46,708 - Worker_1] Status code == 403 for http://noticias.uol.com.br/saude/ultimas-noticias/redacao/2015/01/02/pezao-avalia-pedir-reforco-do-mais-medicos-para-regiao-metropolitana-do-rio.htm, skipping...
[ERROR - 2025-10-23 15:29:47,760 - Worker_0] Status code == 403 for http://noticias.uol.com.br/midiaglobal/lemonde/2015/01/02/historiadora-ulla-dreyfus-best-mantem-um-museu-particular-surpreendente.htm, skipping...
[ERROR - 2025-10-23 15:29:48,372 - Worker_2] Failed to connect with http://natelinha.ne10.uol.com.br/novelas/2015/01/02/alto-astral-caique-foge-da-clinica-com-a-ajuda-do-espirito-de-bella-84015.php after 3 attempts, skipping...
[ERROR - 2025-10-23 15:29:51,357 - Worker_3] Status code == 403 for http://omundoemmovimento.blogosfera.uol.com.br/2015/01/02/gol-perde-lideranca-de-27-anos-palio-e-o-mais-vendido-no-brasil/, skipping...
[ERROR - 2025-10-23 15:29:52,595 - Worker_2] Status code == 404 for http://guia.folha.uol.com.br/passeios/2015/01/1569328-tomorrowland-brasil-open-e-concertos-estao-entre-os-eventos-de-2015.shtml, skipping...
[ERROR - 2025-10-23 15:29:54,550 - Worker_0] Status code == 404 for http://cenapop.virgula.uol.com.br/2015/01/02/64046-aos-50-anos-ex-bbb-cida-moraes-quer-posar-nua-para-melhorar-a-autoestima/, skipping...
[ERROR - 2025-10-23 15:29:55,451 - Worker_3] Status code == 403 for http://economia.uol.com.br/empreendedorismo/noticias/redacao/2015/01/02/beiju-cor-de-rosa-com-sabor-de-frutas-faz-produtoras-venderem-mais-no-para.htm, skipping...
[ERROR - 2025-10-23 15:29:56,846 - Worker_2] Status code == 404 for http://charges.uol.com.br/2015/01/02/brasileiro-canta-danca-do-creu-2/, skipping...
[ERROR - 2025-10-23 15:29:57,555 - Worker_4] Status code == 403 for http://noticias.uol.com.br/midiaglobal/the-international-new-york-times/2015/01/02/fotografo-vai-alem-das-palavras-para-contar-as-historias-de-predios.htm, skipping...
[ERROR - 2025-10-23 15:29:57,842 - Worker_1] Status code == 403 for http://noticias.uol.com.br/cotidiano/ultimas-noticias/2015/01/02/representante-do-libano-no-brasil-e-assaltado-em-brasilia.htm, skipping...
[ERROR - 2025-10-23 15:29:58,622 - Worker_0] Status code == 403 for http://noticias.uol.com.br/cotidiano/ultimas-noticias/2015/01/02/em-sc-mulher-ameaca-denunciar-farra-do-boi-e-e-espancada.htm, skipping...
[ERROR - 2025-10-23 15:29:59,519 - Worker_3] Status code == 403 for http://noticias.uol.com.br/ciencia/album/2015/01/01/veja-imagens-de-ciencia-do-mes-janeiro2015.htm?abrefoto=1, skipping...
[ERROR - 2025-10-23 15:30:01,026 - Worker_2] Status code == 403 for http://nagradedomma.blogosfera.uol.com.br/2015/01/02/2015-o-ano-em-que-o-ufc-virou-gente-grande/, skipping...
[ERROR - 2025-10-23 15:30:02,685 - Worker_0] Status code == 403 for http://noticias.uol.com.br/saude/ultimas-noticias/bbc/2015/01/02/epidemia-de-ebola-pode-ser-erradicada-em-2015-diz-representante-da-onu.htm, skipping...
[ERROR - 2025-10-23 15:30:03,876 - Worker_4] Status code == 403 for http://noticias.uol.com.br/cotidiano/ultimas-noticias/2015/01/02/ganhador-da-mega-sena-de-santa-rita-do-trivelato-mt-e-morador-da-cidade.htm, skipping...
[ERROR - 2025-10-23 15:30:07,990 - Worker_3] Status code == 403 for http://noticias.uol.com.br/internacional/ultimas-noticias/2015/01/03/mais-duas-vitimas-do-voo-da-air-asia-sao-identificadas.htm, skipping...
[ERROR - 2025-10-23 15:30:09,955 - Worker_1] Status code == 403 for http://noticias.uol.com.br/ciencia/album/2015/01/01/veja-imagens-de-ciencia-do-mes-janeiro2015.htm?abrefoto=4, skipping...
[ERROR - 2025-10-23 15:30:16,913 - Worker_4] Status code == 403 for http://noticias.uol.com.br/cotidiano/ultimas-noticias/2015/01/03/arvore-cai-sobre-casa-e-deixa-cinco-feridos-em-sao-paulo.htm, skipping...
[ERROR - 2025-10-23 15:30:19,753 - Worker_3] Status code == 403 for http://noticias.uol.com.br/ultimas-noticias/afp/2015/01/03/enfermeira-britanica-com-ebola-esta-em-estado-critico.htm, skipping...
[ERROR - 2025-10-23 15:30:23,466 - Worker_1] Status code == 403 for http://uolesporte.blogosfera.uol.com.br/2015/01/03/na-roda-de-bobinho-do-barca-suarez-empurra-neymar-por-tras/, skipping...
[ERROR - 2025-10-23 15:30:23,824 - Worker_3] Status code == 403 for http://noticias.uol.com.br/ultimas-noticias/efe/2015/01/03/policia-considera-milagre-sobrevivencia-de-menina-em-acidente-aereo-nos-eua.htm, skipping...
[ERROR - 2025-10-23 15:30:29,522 - Worker_2] Status code == 403 for http://noticias.uol.com.br/ultimas-noticias/afp/2015/01/03/israel-bloqueia-transferencia-de-106-milhoes-de-euros-aos-palestinos.htm, skipping...
[ERROR - 2025-10-23 15:30:31,120 - Worker_3] Status code == 403 for http://tecnologia.uol.com.br/noticias/redacao/2015/01/02/pau-de-selfie-lidera-compras-do-natal-e-vira-acessorio-obrigatorio.htm, skipping...
[ERROR - 2025-10-23 15:30:32,181 - Worker_1] Status code == 502 for http://noticias.band.uol.com.br/brasilurgente/video/2015/01/03/15328875/moradores-quebram-vidro-de-onibus-durante-protesto.html, skipping...
[ERROR - 2025-10-23 15:30:33,599 - Worker_2] Status code == 403 for http://noticias.uol.com.br/album/album-do-dia/2015/01/03/imagens-do-dia---3-de-janeiro-de-2014.htm?abrefoto=14, skipping...
[ERROR - 2025-10-23 15:30:34,397 - Worker_0] Status code == 403 for http://noticias.uol.com.br/politica/ultimas-noticias/2015/01/03/governo-do-maranhao-suspende-pagamento-a-construtora-alvo-da-lava-jato.htm, skipping...
[ERROR - 2025-10-23 15:30:37,668 - Worker_2] Status code == 403 for http://noticias.uol.com.br/ultimas-noticias/bbc/2015/01/03/voo-qz8501-equipes-encontram-quatro-grandes-objetos-no-mar.htm, skipping...
[ERROR - 2025-10-23 15:30:38,981 - Worker_0] Status code == 404 for http://cenapop.virgula.uol.com.br/2015/01/03/64196-preta-gil-posa-de-biquini-e-diz-que-angulo-emagrece/, skipping...
[ERROR - 2025-10-23 15:30:41,058 - Worker_4] Status code == 404 for http://esporte.uol.com.br/f1/ultimas-noticias/2015/01/03/lutando-por-recuperacao-schumacher-faz-46-anos-e-recebe-apoio-de-pilotos.htm, skipping...
[ERROR - 2025-10-23 15:30:41,071 - Worker_1] Status code == 403 for http://noticias.uol.com.br/cotidiano/ultimas-noticias/2015/01/03/ninguem-acerta-a-1-mega-sena-do-ano-premio-acumulado-e-de-r-5-mi.htm, skipping...
[ERROR - 2025-10-23 15:30:41,827 - Worker_2] Status code == 403 for http://mauriciostycer.blogosfera.uol.com.br/2015/01/03/diretor-do-filme-tim-maia-pediu-aos-fas-para-nao-verem-a-serie-da-globo/, skipping...
[ERROR - 2025-10-23 15:30:46,310 - Worker_2] Status code == 404 for http://cenapop.virgula.uol.com.br/2015/01/03/64200-musa-na-decada-de-90-atriz-monica-carvalho-posa-de-biquini-e-recebe-elogios/, skipping...
[ERROR - 2025-10-23 15:30:49,696 - Worker_1] Status code == 403 for http://educacao.uol.com.br/noticias/2015/01/04/inep-vai-aplicar-as-provas-do-enem-2014-pela-3-vez-para-31-candidatos.htm, skipping...
[ERROR - 2025-10-23 15:30:50,513 - Worker_2] Status code == 403 for http://josiasdesouza.blogosfera.uol.com.br/2015/01/04/novo-diretor-do-detran-df-cai-antes-de-assumir/, skipping...
[ERROR - 2025-10-23 15:30:51,401 - Worker_0] Failed to connect with http://natelinha.ne10.uol.com.br/mulher/2015/01/02/depois-de-tanta-folia-e-hora-de-relaxar-os-pes-84037.php after 3 attempts, skipping...
[ERROR - 2025-10-23 15:31:00,541 - Worker_1] Status code == 403 for http://noticias.uol.com.br/internacional/ultimas-noticias/2015/01/04/airasia-nao-tinha-licenca-para-fazer-rota-de-tragedia-no-domingo.htm, skipping...
[ERROR - 2025-10-23 15:31:06,458 - Worker_3] Status code == 403 for http://uolesporte.blogosfera.uol.com.br/2015/01/04/neymar-faz-falta-e-derruba-juiz-no-gramado-stjd-puniria/, skipping...
[ERROR - 2025-10-23 15:31:06,799 - Worker_0] Status code == 404 for http://futebol.placar.esporte.uol.com.br/futebol/copa-sao-paulo/2015/01/04/corinthians-x-guaicurus-ms.htm, skipping...
[ERROR - 2025-10-23 15:31:06,890 - Worker_1] Status code == 403 for http://uolesporte.blogosfera.uol.com.br/2015/01/04/futuro-presidente-da-cbf-aparece-com-nova-namorada-em-foto-pela-1a-vez/, skipping...
[ERROR - 2025-10-23 15:31:09,270 - Worker_4] Status code == 403 for http://noticias.uol.com.br/album/album-do-dia/2015/01/04/imagens-do-dia---4-de-janeiro-de-2014.htm?abrefoto=46, skipping...
[ERROR - 2025-10-23 15:31:10,533 - Worker_3] Status code == 403 for http://noticias.uol.com.br/album/album-do-dia/2015/01/04/imagens-do-dia---4-de-janeiro-de-2014.htm?abrefoto=17, skipping...
[ERROR - 2025-10-23 15:31:10,870 - Worker_0] Status code == 403 for http://noticias.uol.com.br/internacional/ultimas-noticias/2015/01/03/festa-de-ano-novo-nos-eua-termina-mal-para-agressor-espancado.htm, skipping...
[ERROR - 2025-10-23 15:31:10,961 - Worker_1] Status code == 403 for http://noticias.uol.com.br/politica/ultimas-noticias/2015/01/04/petrobras-nega-criacao-de-empresas-de-papel-para-construcao-de-gasoduto.htm, skipping...
[ERROR - 2025-10-23 15:31:13,423 - Worker_4] Status code == 403 for http://blogdomenon.blogosfera.uol.com.br/2015/01/04/dilma-e-mercadante-exigiram-de-george-hilton-manutencao-da-equipe-olimpica/, skipping...
[ERROR - 2025-10-23 15:31:15,041 - Worker_1] Status code == 403 for http://noticias.uol.com.br/ultimas-noticias/bbc/2015/01/04/airasia-em-igreja-que-tinha-41-fieis-no-voo-muitos-rezam-por-milagre.htm, skipping...
[ERROR - 2025-10-23 15:31:17,493 - Worker_4] Status code == 403 for http://noticias.uol.com.br/ultimas-noticias/agencia-estado/2015/01/04/moradores-relatam-crimes-no-minha-casa.htm, skipping...
[ERROR - 2025-10-23 15:31:19,101 - Worker_1] Status code == 403 for http://noticias.uol.com.br/ultimas-noticias/agencia-estado/2015/01/04/seringueiro-morre-apos-ser-atingido-por-raio-no-interior-de-sp.htm, skipping...
[ERROR - 2025-10-23 15:31:21,829 - Worker_4] Status code == 404 for http://carnaval.uol.com.br/2015/noticias/redacao/2015/01/04/erika-moura-de-22-anos-e-a-nova-globeleza.htm, skipping...
[ERROR - 2025-10-23 15:31:25,469 - Worker_1] Status code == 403 for http://economia.uol.com.br/noticias/bbc/2015/01/03/conheca-o-lugar-onde-vinho-e-mais-barato-que-agua.htm, skipping...
[ERROR - 2025-10-23 15:31:28,619 - Worker_3] Status code == 403 for http://noticias.uol.com.br/album/album-do-dia/2015/01/04/imagens-do-dia---4-de-janeiro-de-2014.htm?abrefoto=28, skipping...
[ERROR - 2025-10-23 15:31:29,546 - Worker_1] Status code == 403 for http://noticias.uol.com.br/ultimas-noticias/agencia-estado/2015/01/04/movimento-passe-livre-programa-atos-contra-aumento-das-passagens.htm, skipping...
[ERROR - 2025-10-23 15:31:30,333 - Worker_2] Status code == 403 for http://noticias.uol.com.br/ultimas-noticias/efe/2015/01/04/equipes-de-resgatem-ja-recuperaram-34-corpos-de-aviao-da-airasia.htm, skipping...
[ERROR - 2025-10-23 15:31:32,542 - Worker_0] Status code == 403 for http://noticias.uol.com.br/tabloide/ultimas-noticias/2015/01/04/beldade-brasileira-embarca-para-miami-para-representar-pais-no-miss-universo-2014.htm, skipping...
[ERROR - 2025-10-23 15:31:32,736 - Worker_3] Status code == 403 for http://uolesporte.blogosfera.uol.com.br/2015/01/04/em-classico-contra-o-ira-atacante-do-iraque-tenta-cavadinha-e-erra-feio/, skipping...
[ERROR - 2025-10-23 15:31:33,616 - Worker_1] Status code == 403 for http://noticias.uol.com.br/ultimas-noticias/afp/2015/01/04/gelo-nos-motores-do-aviao-pode-ser-a-causa-do-acidente-da-airasia.htm, skipping...
[ERROR - 2025-10-23 15:31:34,590 - Worker_2] Status code == 404 for http://charges.uol.com.br/2015/01/04/espinha-e-fimose-super-disponivel-2/, skipping...
[ERROR - 2025-10-23 15:31:39,353 - Worker_3] Status code == 403 for http://noticias.uol.com.br/midiaglobal/the-international-new-york-times/2015/01/04/cedendo-ao-poder-da-china.htm, skipping...
[ERROR - 2025-10-23 15:31:40,964 - Worker_2] Status code == 403 for http://noticias.uol.com.br/midiaglobal/nytimes/2015/01/04/na-batalha-para-enfraquecer-estado-islamico-eua-investem-na-psicologia.htm, skipping...
[ERROR - 2025-10-23 15:31:41,224 - Worker_0] Status code == 403 for http://noticias.uol.com.br/midiaglobal/nytimes/2015/01/04/6-formas-de-economizar-em-viagens-em-2015.htm, skipping...
[ERROR - 2025-10-23 15:31:43,067 - Worker_1] Status code == 403 for http://noticias.uol.com.br/ultimas-noticias/agencia-estado/2015/01/04/mp-do-rio-quer-suspender-alta-das-tarifas-de-onibus.htm, skipping...
[ERROR - 2025-10-23 15:31:43,425 - Worker_3] Status code == 403 for http://noticias.uol.com.br/album/2015/01/04/festival-de-gelo-e-neve-tem-esculturas-interativas-e-multicoloridas.htm?abrefoto=6, skipping...
[ERROR - 2025-10-23 15:31:45,038 - Worker_2] Status code == 403 for http://noticias.uol.com.br/ultimas-noticias/afp/2015/01/04/argentina-denuncia-ataque-financeiro-contra-sua-economia-e-contra-o-brasil.htm, skipping...
[ERROR - 2025-10-23 15:31:49,770 - Worker_3] Status code == 403 for http://uolesporte.blogosfera.uol.com.br/2015/01/05/nocaute-jogador-leva-pancada-na-cabeca-e-desmaia-em-jogo-da-ncaa/, skipping...
[ERROR - 2025-10-23 15:36:58,018 - Worker_1] Status code == 403 for http://noticias.uol.com.br/ultimas-noticias/afp/2015/01/05/eua-criticam-decisao-israelense-de-congelar-recursos-palestinos.htm, skipping...
[ERROR - 2025-10-23 15:36:59,591 - Worker_3] Status code == 403 for http://economia.uol.com.br/noticias/redacao/2015/01/05/importacoes-superam-exportacoes-em-us-393-bi-em-2014-pior-ano-desde-1998.htm, skipping...
[ERROR - 2025-10-23 15:37:05,368 - Worker_0] Status code == 403 for http://uolesporte.blogosfera.uol.com.br/2015/01/05/hortencia-posa-de-biquini-aos-55-anos-e-exibe-tatuagem-ousada/, skipping...
[ERROR - 2025-10-23 15:37:14,487 - Worker_2] Failed to connect with http://natelinha.ne10.uol.com.br/mulher/2015/01/02/aprenda-a-controlar-o-consumo-de-doces-83999.php after 3 attempts, skipping...
[ERROR - 2025-10-23 15:37:15,427 - Worker_0] Failed to connect with http://noticias.carsale.uol.com.br/ultimas/2015/01/05/sayonara-volkswagen-passa-toyota-e-lidera-ranking-global-de-vendas/ after 3 attempts, skipping...
[ERROR - 2025-10-23 15:37:18,615 - Worker_2] Status code == 403 for http://noticias.uol.com.br/ciencia/album/2015/01/01/veja-imagens-de-ciencia-do-mes-janeiro2015.htm?abrefoto=9, skipping...
[ERROR - 2025-10-23 15:37:19,631 - Worker_0] Status code == 403 for http://noticias.uol.com.br/cotidiano/ultimas-noticias/2015/01/05/trens-se-chocam-na-baixada-fluminense-no-rio-de-janeiro.htm, skipping...
[ERROR - 2025-10-23 15:37:23,875 - Worker_0] Status code == 403 for http://noticias.uol.com.br/cotidiano/ultimas-noticias/2015/01/05/sao-paulo-tem-estado-de-atencao-para-alagamentos-nesta-segunda-feira.htm, skipping...
[ERROR - 2025-10-23 15:37:24,346 - Worker_4] Status code == 403 for http://noticias.uol.com.br/ultimas-noticias/bbc/2015/01/05/equipes-tentam-resgatar-navio-encalhado-com-mais-de-14-mil-carros.htm, skipping...
[ERROR - 2025-10-23 15:37:25,360 - Worker_3] Status code == 403 for http://noticias.uol.com.br/album/album-do-dia/2015/01/05/imagens-do-dia---5-de-janeiro-de-2015.htm?abrefoto=60, skipping...
[ERROR - 2025-10-23 15:37:26,808 - Worker_1] Status code == 403 for http://blogdoperrone.blogosfera.uol.com.br/2015/01/veja-como-impostos-atrasados-atrapalham-corinthians-em-2015/, skipping...
[ERROR - 2025-10-23 15:37:33,119 - Worker_0] Status code == 403 for http://noticias.uol.com.br/midiaglobal/nytimes/2015/01/05/os-combatentes-de-facebook-da-ucrania.htm, skipping...
[ERROR - 2025-10-23 15:37:33,226 - Worker_2] Status code == 404 for http://futebol.placar.esporte.uol.com.br/futebol/copa-sao-paulo/2015/01/05/palmeiras-x-desportiva-es.htm, skipping...
[ERROR - 2025-10-23 15:37:34,034 - Worker_3] Status code == 403 for http://noticias.uol.com.br/saude/ultimas-noticias/efe/2015/01/05/cientistas-criam-pilula-que-engana-o-corpo-para-que-queime-gorduras.htm#fotoNav=3, skipping...
[ERROR - 2025-10-23 15:37:38,110 - Worker_1] Status code == 403 for http://tecnologia.uol.com.br/noticias/bbc/2015/01/06/oito-novas-maneiras-de-usar-o-celular.htm, skipping...
[ERROR - 2025-10-23 15:37:38,131 - Worker_3] Status code == 403 for http://noticias.uol.com.br/politica/ultimas-noticias/2015/01/06/executivos-da-oas-contestam-grampos-telefonicos-da-pf-na-lava-jato.htm, skipping...
[ERROR - 2025-10-23 15:37:41,880 - Worker_2] Status code == 403 for http://noticias.uol.com.br/midiaglobal/elpais/2015/01/06/duquesa-de-alba-deixou-misterioso-testamento-ha-41-anos-para-ser-aberto-apos-sua-morte.htm, skipping...
[ERROR - 2025-10-23 15:37:42,194 - Worker_3] Status code == 403 for http://noticias.uol.com.br/midiaglobal/elpais/2015/01/06/seguindo-os-novos-passos-de-dom-quixote.htm, skipping...
[ERROR - 2025-10-23 15:37:42,263 - Worker_1] Status code == 403 for http://doutorjairo.blogosfera.uol.com.br/2015/01/05/ciclo-menstrual-afeta-desejo-por-nicotina-mostra-estudo/, skipping...
[ERROR - 2025-10-23 15:37:46,426 - Worker_0] Status code == 403 for http://nagradedomma.blogosfera.uol.com.br/2015/01/06/sem-duvidas-numeros-mostram-que-jones-bateu-muito-mais-que-cormier/, skipping...
[ERROR - 2025-10-23 15:37:50,509 - Worker_0] Status code == 403 for http://noticias.uol.com.br/midiaglobal/lemonde/2015/01/06/tregua-entre-as-duas-coreias-tem-fragil-esperanca.htm, skipping...
[ERROR - 2025-10-23 15:37:52,225 - Worker_3] Failed to connect with http://natelinha.ne10.uol.com.br/novelas/2015/01/06/imperio-felipe-exige-sexo-com-enrico-em-troca-de-silencio-e-quase-morre-84106.php after 3 attempts, skipping...
[ERROR - 2025-10-23 15:37:53,313 - Worker_1] Status code == 403 for http://noticias.uol.com.br/album/album-do-dia/2015/01/06/imagens-do-dia---6-de-janeiro-de-2015.htm?abrefoto=48, skipping...
[ERROR - 2025-10-23 15:37:56,998 - Worker_0] Status code == 403 for http://economia.uol.com.br/noticias/infomoney/2015/01/06/com-calotes-de-mais-de-r-100-mi-oas-e-a-primeira-vitima-da-operacao-lava-jato-entenda.htm, skipping...
[ERROR - 2025-10-23 15:37:58,527 - Worker_3] Status code == 403 for http://noticias.uol.com.br/cotidiano/ultimas-noticias/2015/01/06/policial-de-upp-morre-durante-operacao-em-morro-no-rio.htm, skipping...
[ERROR - 2025-10-23 15:37:59,875 - Worker_1] Status code == 403 for http://uolesporte.blogosfera.uol.com.br/2015/01/06/tv-se-descuida-e-mostra-jogador-peladao-em-jogo-na-inglaterra/, skipping...
[ERROR - 2025-10-23 15:37:59,934 - Worker_4] Failed to connect with http://natelinha.ne10.uol.com.br/mulher/2015/01/03/previna-o-envelhecimento-da-pele-e-livrese-dos-riscos-pelo-uso-de-botox-84035.php after 3 attempts, skipping...
[ERROR - 2025-10-23 15:38:05,082 - Worker_3] Status code == 403 for http://tecnologia.uol.com.br/noticias/nyt/2015/01/06/empresas-de-tecnologia-buscam-derrubar-as-paredes-entre-aplicativos.htm, skipping...
[ERROR - 2025-10-23 15:38:05,661 - Worker_0] Status code == 403 for http://noticias.uol.com.br/cotidiano/ultimas-noticias/2015/01/06/defensoria-quer-indenizacoes-para-vitimas-de-acidente-de-trens-no-rio.htm, skipping...
[ERROR - 2025-10-23 15:38:06,654 - Worker_2] Status code == 403 for http://mauriciostycer.blogosfera.uol.com.br/2015/01/06/figurante-versatil-aparece-em-tres-emissoras-em-quatro-meses/, skipping...
[ERROR - 2025-10-23 15:38:08,519 - Worker_1] Status code == 403 for http://nagradedomma.blogosfera.uol.com.br/2015/01/06/jon-jones-anuncia-que-fara-reabilitacao-apos-cair-no-doping-por-cocaina/, skipping...
[ERROR - 2025-10-23 15:38:09,206 - Worker_3] Status code == 403 for http://mauriciostycer.blogosfera.uol.com.br/2015/01/06/produtor-do-filme-tim-maia-aprova-versao-da-globo-valoriza-o-produto/, skipping...
[ERROR - 2025-10-23 15:38:09,842 - Worker_0] Status code == 403 for http://uolesportevetv.blogosfera.uol.com.br/2015/01/06/o-dia-em-que-o-amigo-do-dr-osmar-virou-artilheiro-da-selecao-do-japao/, skipping...
[ERROR - 2025-10-23 15:38:16,361 - Worker_4] Status code == 403 for http://educacao.uol.com.br/noticias/2015/01/06/piso-nacional-dos-professores-aumenta-1301-e-sera-de-r-191778.htm, skipping...
[ERROR - 2025-10-23 15:38:20,082 - Worker_2] Status code == 404 for http://futebol.placar.esporte.uol.com.br/futebol/copa-sao-paulo/2015/01/06/babacu-x-santos.htm, skipping...
[ERROR - 2025-10-23 15:38:20,446 - Worker_4] Status code == 403 for http://noticias.uol.com.br/ultimas-noticias/agencia-estado/2015/01/06/trem-no-rj-ja-havia-apresentado-problemas-durante-trajeto.htm, skipping...
[ERROR - 2025-10-23 15:38:30,131 - Worker_2] Failed to connect with http://natelinha.ne10.uol.com.br/noticias/2015/01/06/jornalista-da-televisa-e-sequestrada-e-morta-no-mexico-84121.php after 3 attempts, skipping...
[ERROR - 2025-10-23 15:38:34,079 - Worker_4] Status code == 403 for http://economia.uol.com.br/noticias/efe/2015/01/07/sem-batatas-fritas-mcdonalds-da-venezuela-serve-mandioca-aos-clientes.htm, skipping...
[ERROR - 2025-10-23 15:38:40,701 - Worker_1] Status code == 403 for http://noticias.uol.com.br/opiniao/coluna/2015/01/07/camarotizacao-de-trancoso-nao-e-nem-um-pouco-chique.htm, skipping...
[ERROR - 2025-10-23 15:38:42,255 - Worker_0] Failed to connect with http://natelinha.ne10.uol.com.br/celebridades/2015/01/07/lilia-cabral-fala-sobre-saida-repentina-de-drica-moraes-sofreu-muito-84172.php after 3 attempts, skipping...
[ERROR - 2025-10-23 15:38:42,954 - Worker_4] Status code == 403 for http://noticias.uol.com.br/album/album-do-dia/2015/01/07/imagens-do-dia---7-de-janeiro-de-2015.htm?abrefoto=37, skipping...
[ERROR - 2025-10-23 15:38:44,473 - Worker_2] Status code == 403 for http://noticias.uol.com.br/internacional/ultimas-noticias/2015/01/07/sede-de-revista-e-atacada-por-homens-armados-em-paris.htm, skipping...
[ERROR - 2025-10-23 15:38:45,500 - Worker_3] Status code == 403 for http://noticias.uol.com.br/cotidiano/ultimas-noticias/2015/01/07/2014-foi-o-mais-seco-dos-ultimos-32-anos-no-sistema-cantareira-em-sp.htm, skipping...
[ERROR - 2025-10-23 15:38:47,016 - Worker_4] Status code == 403 for http://noticias.uol.com.br/cotidiano/ultimas-noticias/2015/01/07/secretario-renuncia-apos-flagrante-de-facoes-e-celulares-em-presidio-de-pe.htm, skipping...
[ERROR - 2025-10-23 15:38:50,556 - Worker_0] Status code == 403 for http://noticias.uol.com.br/album/album-do-dia/2015/01/07/imagens-do-dia---7-de-janeiro-de-2015.htm?abrefoto=69, skipping...
[ERROR - 2025-10-23 15:38:51,904 - Worker_1] Status code == 403 for http://blogdomenon.blogosfera.uol.com.br/2015/01/07/aidar-da-o-troco-e-contrata-rafael-botelho-um-diretor-corintiano/, skipping...
[ERROR - 2025-10-23 15:38:51,944 - Worker_3] Status code == 403 for http://noticias.uol.com.br/cotidiano/ultimas-noticias/2015/01/07/acordo-define-indenizacoes-as-vitimas-de-acidente-de-trens-no-rio.htm, skipping...
[ERROR - 2025-10-23 15:38:56,313 - Worker_1] Status code == 404 for http://carnaval.uol.com.br/2015/noticias/redacao/2015/01/07/mangueira-coloca-a-casa-em-ordem-para-voltar-a-sonhar-com-o-titulo.htm, skipping...
[ERROR - 2025-10-23 15:38:57,051 - Worker_4] Failed to connect with http://natelinha.ne10.uol.com.br/novelas/2015/01/07/imperio-maurilio-e-impedido-pelo-pai-misterioso-de-matar-cristina-84156.php after 3 attempts, skipping...
[ERROR - 2025-10-23 15:38:57,328 - Worker_0] Status code == 403 for http://noticias.uol.com.br/album/album-do-dia/2015/01/07/imagens-do-dia---7-de-janeiro-de-2015.htm?abrefoto=62, skipping...
[ERROR - 2025-10-23 15:39:00,374 - Worker_2] Status code == 403 for http://economia.uol.com.br/noticias/redacao/2015/01/07/mcdonalds-de-comida-saudavel-serve-berinjela-e-suco-artesanal-na-australia.htm, skipping...
[ERROR - 2025-10-23 15:39:00,382 - Worker_1] Status code == 403 for http://noticias.uol.com.br/album/2015/01/07/cartunistas-fazem-charges-em-homenagem-aos-mortos-no-ataque-da-charlie-hebdo.htm?abrefoto=8, skipping...
[ERROR - 2025-10-23 15:39:01,920 - Worker_3] Status code == 403 for http://tecnologia.uol.com.br/album/2015/01/05/ces-2015-conheca-as-novidades-apresentadas-na-feira-de-tecnologia.htm?abrefoto=11, skipping...
[ERROR - 2025-10-23 15:39:03,409 - Worker_4] Status code == 403 for http://noticias.uol.com.br/midiaglobal/lemonde/2015/01/07/alemanha-apaga-as-luzes-contra-movimento-que-defende-a-islamofobia.htm, skipping...
[ERROR - 2025-10-23 15:39:04,444 - Worker_2] Status code == 403 for http://economia.uol.com.br/empregos-e-carreiras/noticias/redacao/2015/01/07/mais-1300-funcionarios-da-volks-em-sbc-podem-ser-demitidos-diz-sindicato.htm, skipping...
[ERROR - 2025-10-23 15:39:04,447 - Worker_1] Status code == 403 for http://noticias.uol.com.br/cotidiano/ultimas-noticias/2015/01/07/apostador-de-vila-velha-es-ganha-r-58-milhoes-na-mega-sena.htm, skipping...
[ERROR - 2025-10-23 15:39:06,909 - Worker_0] Status code == 403 for http://blogdomariomagalhaes.blogosfera.uol.com.br/2015/01/07/atentado-na-franca-anuncia-e-favorece-ofensiva-racista-na-europa/, skipping...
[ERROR - 2025-10-23 15:39:07,475 - Worker_4] Status code == 403 for http://noticias.uol.com.br/cotidiano/ultimas-noticias/2015/01/07/moradores-devolvem-motos-roubadas-de-deposito-do-detran-no-rio.htm, skipping...
[ERROR - 2025-10-23 15:39:13,323 - Worker_3] Status code == 404 for http://carnaval.uol.com.br/2015/noticias/redacao/2015/01/07/conheca-a-historia-dos-principais-blocos-de-rua-do-rio-de-janeiro.htm, skipping...
[ERROR - 2025-10-23 15:39:17,401 - Worker_3] Status code == 403 for http://noticias.uol.com.br/internacional/ultimas-noticias/2015/01/07/milhares-protestam-em-cidades-europeias-contra-atentado-a-revista-em-paris.htm, skipping...
[ERROR - 2025-10-23 15:39:21,179 - Worker_4] Status code == 403 for http://tecnologia.uol.com.br/noticias/redacao/2015/01/07/empresa-mostra-prototipo-de-drone-vestivel-que-tira-selfies-do-usuario.htm, skipping...
[ERROR - 2025-10-23 15:39:21,466 - Worker_3] Status code == 403 for http://noticias.uol.com.br/midiaglobal/elpais/2015/01/07/pedidos-de-indenizacao-de-empresas-dos-eua-podem-ser-pesada-pendencia-para-cuba.htm, skipping...
[ERROR - 2025-10-23 15:39:22,459 - Worker_2] Status code == 403 for http://noticias.uol.com.br/ultimas-noticias/ansa/2015/01/07/atentado-em-paris-semeou-a-morte-diz-papa.htm, skipping...
[ERROR - 2025-10-23 15:39:25,249 - Worker_4] Status code == 403 for http://noticias.uol.com.br/politica/ultimas-noticias/2015/01/07/dilma-anuncia-nomes-dos-novos-comandantes-das-forcas-armadas.htm, skipping...
[ERROR - 2025-10-23 15:39:25,532 - Worker_3] Status code == 403 for http://noticias.uol.com.br/ciencia/ultimas-noticias/redacao/2015/01/07/onde-estao-as-estrelas-nuvem-escura-impede-passagem-de-brilho-estelar.htm, skipping...
[ERROR - 2025-10-23 15:39:28,777 - Worker_2] Status code == 403 for http://noticias.uol.com.br/internacional/ultimas-noticias/2015/01/07/tres-suspeitos-pelo-atentado-a-revista-sao-identificados-afirma-midia-francesa.htm, skipping...
[ERROR - 2025-10-23 15:39:29,601 - Worker_3] Status code == 403 for http://noticias.uol.com.br/ultimas-noticias/efe/2015/01/07/ira-condena-atentado-a-charlie-hebdo-e-o-classifica-de-alheio-ao-isla.htm, skipping...
[ERROR - 2025-10-23 15:39:31,743 - Worker_4] Status code == 403 for http://cornetafc.blogosfera.uol.com.br/2015/01/07/perfil-no-twitter-usa-calendario-para-tirar-sarro-com-7-a-1-da-alemanha/, skipping...
[ERROR - 2025-10-23 15:39:32,844 - Worker_2] Status code == 403 for http://noticias.uol.com.br/album/album-do-dia/2015/01/07/imagens-do-dia---7-de-janeiro-de-2015.htm?abrefoto=54, skipping...
[ERROR - 2025-10-23 15:39:33,670 - Worker_3] Status code == 403 for http://noticias.uol.com.br/midiaglobal/elpais/2015/01/07/cardeal-uruguaio-escolhido-por-francisco-vem-de-pais-latino-com-minoria-catolica.htm, skipping...
[ERROR - 2025-10-23 15:39:35,581 - Worker_1] Status code == 403 for http://noticias.uol.com.br/album/2015/01/07/sede-de-revista-e-atacada-em-paris.htm?abrefoto=57, skipping...
[ERROR - 2025-10-23 15:39:37,560 - Worker_0] Status code == 403 for http://noticias.uol.com.br/internacional/ultimas-noticias/the-new-york-times/2015/01/08/durou-cinco-minutos-relata-cartunista-sobre-massacre-na-charlie-hebdo.htm, skipping...
[ERROR - 2025-10-23 15:39:40,251 - Worker_3] Status code == 403 for http://noticias.uol.com.br/opiniao/coluna/2015/01/07/camarotizacao-de-trancoso-nao-e-nem-um-pouco-chique.htm, skipping...
[ERROR - 2025-10-23 15:39:43,837 - Worker_2] Status code == 403 for http://noticias.uol.com.br/album/2015/01/07/cartunistas-fazem-charges-em-homenagem-aos-mortos-no-ataque-da-charlie-hebdo.htm?abrefoto=17, skipping...
[ERROR - 2025-10-23 15:39:44,316 - Worker_3] Status code == 403 for http://noticias.uol.com.br/ciencia/ultimas-noticias/bbc/2015/01/06/empresa-americana-testa-modelo-de-foguete-reciclavel.htm, skipping...
[ERROR - 2025-10-23 15:39:45,865 - Worker_4] Status code == 403 for http://noticias.uol.com.br/internacional/ultimas-noticias/2015/01/08/suspeitos-por-atentado-a-revista-constavam-em-listas-antiterrorismo-dos-eua.htm, skipping...
[ERROR - 2025-10-23 15:39:46,805 - Worker_1] Status code == 403 for http://noticias.uol.com.br/album/2015/01/07/sede-de-revista-e-atacada-em-paris.htm?abrefoto=140, skipping...
[ERROR - 2025-10-23 15:39:50,877 - Worker_1] Status code == 403 for http://noticias.uol.com.br/ciencia/ultimas-noticias/efe/2015/01/08/egito-anuncia-descoberta-de-castelos-militares-do-imperio-medio.htm, skipping...
[ERROR - 2025-10-23 15:39:52,267 - Worker_4] Status code == 403 for http://noticias.uol.com.br/cotidiano/ultimas-noticias/2015/01/08/procon-do-rio-autua-supervia-por-colisao-de-trens-na-baixada-fluminense.htm, skipping...
[ERROR - 2025-10-23 15:39:53,079 - Worker_2] Status code == 403 for http://noticias.uol.com.br/cotidiano/ultimas-noticias/2015/01/08/recompensa-por-traficante-sobe-para-r-50-mil-a-mais-alta-oferecida-no-rio.htm, skipping...
[ERROR - 2025-10-23 15:39:54,943 - Worker_1] Status code == 403 for http://noticias.uol.com.br/internacional/ultimas-noticias/2015/01/08/policial-assassinado-no-chao-por-terroristas-era-muculmano.htm, skipping...
[ERROR - 2025-10-23 15:39:56,887 - Worker_0] Status code == 403 for http://noticias.uol.com.br/midiaglobal/lemonde/2015/01/07/alemanha-apaga-as-luzes-contra-movimento-que-defende-a-islamofobia.htm, skipping...
[ERROR - 2025-10-23 15:39:57,266 - Worker_2] Status code == 403 for http://economia.uol.com.br/empregos-e-carreiras/noticias/redacao/2015/01/08/montadoras-cortam-124-mil-vagas-de-trabalho-em-2014-aponta-anfavea.htm, skipping...
[ERROR - 2025-10-23 15:39:58,606 - Worker_3] Status code == 403 for http://noticias.uol.com.br/internacional/ultimas-noticias/2015/01/08/hashtag-voyage-avec-moi.htm, skipping...
[ERROR - 2025-10-23 15:39:58,789 - Worker_4] Status code == 403 for http://noticias.uol.com.br/meio-ambiente/ultimas-noticias/redacao/2015/01/08/governo-vai-rever-inclusao-de-peixes-na-lista-de-especies-em-extincao.htm, skipping...
[ERROR - 2025-10-23 15:40:04,251 - Worker_1] Status code == 403 for http://uolesporte.blogosfera.uol.com.br/2015/01/08/incrivel-o-dia-em-que-cristiano-ronaldo-nao-quis-aparecer-na-tv/, skipping...
[ERROR - 2025-10-23 15:40:05,410 - Worker_0] Status code == 403 for http://economia.uol.com.br/noticias/reuters/2015/01/08/petrobras-torna-se-maior-produtora-de-petroleo-entre-empresas-de-capital-aberto.htm, skipping...
[ERROR - 2025-10-23 15:40:05,514 - Worker_2] Status code == 403 for http://noticias.uol.com.br/ciencia/album/2015/01/01/veja-imagens-de-ciencia-do-mes-janeiro2015.htm?abrefoto=6, skipping...
[ERROR - 2025-10-23 15:40:07,391 - Worker_3] Status code == 403 for http://petmoney.blogosfera.uol.com.br/2015/01/07/feira-de-tecnologia-tem-comedouro-inteligente-e-smartphone-para-pets/, skipping...
[ERROR - 2025-10-23 15:40:08,322 - Worker_1] Status code == 403 for http://economia.uol.com.br/noticias/reuters/2015/01/08/petrobras-diz-que-nao-ha-decisao-sobre-reajuste-no-preco-da-gasolina-e-do-diesel.htm, skipping...
[ERROR - 2025-10-23 15:40:09,485 - Worker_0] Status code == 404 for http://guia.uol.com.br/sao-paulo/criancas/noticias/2015/01/07/roteiro-traz-opcoes-para-divertir-a-criancada-sem-gastar-nada-em-sp.htm, skipping...
[ERROR - 2025-10-23 15:40:09,678 - Worker_2] Status code == 403 for http://josiasdesouza.blogosfera.uol.com.br/2015/01/08/se-existir-inteligencia-em-rr-as-ruas-roncarao/, skipping...
[ERROR - 2025-10-23 15:40:11,462 - Worker_3] Status code == 403 for http://economia.uol.com.br/empreendedorismo/noticias/redacao/2015/01/08/ambicao-e-criatividade-sao-segredos-para-ter-sucesso-saindo-do-zero.htm, skipping...
[ERROR - 2025-10-23 15:40:13,555 - Worker_0] Status code == 404 for http://guia.uol.com.br/belo-horizonte/noticias/2015/01/07/exposicao-recria-o-mundo-dos-dinossauros-em-shopping-de-bh.htm, skipping...
[ERROR - 2025-10-23 15:40:13,750 - Worker_2] Status code == 403 for http://noticias.uol.com.br/blogs-e-colunas/coluna/richard-branson/2015/01/08/cinco-etapas-para-quem-quer-abrir-o-proprio-negocio.htm, skipping...
[ERROR - 2025-10-23 15:40:14,808 - Worker_4] Status code == 403 for http://noticias.uol.com.br/cotidiano/ultimas-noticias/2015/01/08/motorista-de-ambulancia-que-atropelou-ciclista-e-absolvido-em-sindicandia.htm, skipping...
[ERROR - 2025-10-23 15:40:17,196 - Worker_1] Status code == 403 for http://uolesporte.blogosfera.uol.com.br/2015/01/08/torcedor-invade-quadra-para-agredir-jogador-e-leva-soco-devastador-de-pivo/, skipping...
[ERROR - 2025-10-23 15:40:17,621 - Worker_0] Status code == 403 for http://noticias.uol.com.br/midiaglobal/elpais/2015/01/07/pedidos-de-indenizacao-de-empresas-dos-eua-podem-ser-pesada-pendencia-para-cuba.htm, skipping...
[ERROR - 2025-10-23 15:40:21,686 - Worker_0] Status code == 403 for http://noticias.uol.com.br/politica/ultimas-noticias/2015/01/08/governadora-de-roraima-admite-nepotismo-mas-critica-mp-por-pedir-exoneracoes.htm, skipping...
[ERROR - 2025-10-23 15:40:26,593 - Worker_3] Status code == 403 for http://noticias.uol.com.br/ultimas-noticias/bbc/2015/01/08/cartunista-morto-em-paris-retratou-violencia-do-rio-em-charge.htm, skipping...
[ERROR - 2025-10-23 15:40:29,034 - Worker_2] Status code == 403 for http://noticias.uol.com.br/midiaglobal/elpais/2015/01/07/cardeal-uruguaio-escolhido-por-francisco-vem-de-pais-latino-com-minoria-catolica.htm, skipping...
[ERROR - 2025-10-23 15:40:30,510 - Worker_0] Status code == 403 for http://economia.uol.com.br/noticias/bloomberg/2015/01/08/analistas-evitam-projetar-fundo-do-poco-apos-petroleo-cair-para-menos-de-us-50.htm, skipping...
[ERROR - 2025-10-23 15:40:31,994 - Worker_4] Status code == 404 for http://blogs.ne10.uol.com.br/jamildo/2015/01/09/prefeitos-tem-fazer-sacrificio-para-pagar-piso-dos-professores-defende-cid-gomes/, skipping...
[ERROR - 2025-10-23 15:40:32,001 - Worker_1] Failed to connect with http://adrenaline.uol.com.br/2015/01/08/31623/quer-ver-o-novo-zenfone-2-confira-nosso-hands-on-direto-da-ces-2015- after 3 attempts, skipping...
[ERROR - 2025-10-23 15:40:33,138 - Worker_2] Status code == 403 for http://noticias.uol.com.br/cotidiano/ultimas-noticias/2015/01/09/menor-que-teria-caido-de-trem-no-rio-tem-pe-amputado-e-esta-em-estado-grave.htm, skipping...
[ERROR - 2025-10-23 15:40:34,578 - Worker_0] Status code == 403 for http://noticias.uol.com.br/cotidiano/ultimas-noticias/2015/01/09/protesto-contra-o-aumento-das-passagens-em-sp-tem-confusao-e-prisoes.htm, skipping...
[ERROR - 2025-10-23 15:40:41,806 - Worker_0] Status code == 404 for http://charges.uol.com.br/2015/01/09/cotidiano-enquanto-isso-na-delegacia-3/, skipping...
[ERROR - 2025-10-23 15:40:41,828 - Worker_2] Status code == 403 for http://noticias.uol.com.br/opiniao/coluna/2015/01/04/sepse-e-um-inimigo-silencioso-fatal-e-quase-desconhecido.htm, skipping...
[ERROR - 2025-10-23 15:40:41,891 - Worker_3] Status code == 403 for http://uolesporte.blogosfera.uol.com.br/2015/01/09/romario-curte-ferias-em-aruba-com-seu-novo-affair-uma-cantora-americana/, skipping...
[ERROR - 2025-10-23 15:40:42,700 - Worker_4] Status code == 403 for http://noticias.uol.com.br/album/2015/01/07/cartunistas-fazem-charges-em-homenagem-aos-mortos-no-ataque-da-charlie-hebdo.htm?abrefoto=17, skipping...
[ERROR - 2025-10-23 15:40:42,992 - Worker_1] Status code == 403 for http://nagradedomma.blogosfera.uol.com.br/2015/01/09/ufc-aperta-o-cerco-com-o-doping-belfort-e-weidman-que-o-digam/, skipping...
[ERROR - 2025-10-23 15:40:45,897 - Worker_2] Status code == 403 for http://noticias.uol.com.br/internacional/ultimas-noticias/2015/01/09/suspeitos-de-atentado-tomam-refens-em-empresa-ao-nordeste-de-paris.htm, skipping...
[ERROR - 2025-10-23 15:40:49,984 - Worker_2] Status code == 403 for http://noticias.uol.com.br/ciencia/album/2015/01/01/veja-imagens-de-ciencia-do-mes-janeiro2015.htm?abrefoto=29, skipping...
[ERROR - 2025-10-23 15:40:50,045 - Worker_1] Status code == 403 for http://noticias.uol.com.br/midiaglobal/elpais/2015/01/09/com-diplomacia-monetaria-china-atrai-paises-em-busca-de-apoio-financeiro.htm, skipping...
[ERROR - 2025-10-23 15:40:50,977 - Worker_3] Status code == 403 for http://noticias.uol.com.br/cotidiano/ultimas-noticias/2015/01/09/elite-da-policia-civil-faz-operacao-em-favela-do-rio-para-prender-playboy.htm, skipping...
[ERROR - 2025-10-23 15:40:54,144 - Worker_1] Status code == 403 for http://noticias.uol.com.br/midiaglobal/nytimes/2015/01/09/india-lida-com-crescimento-do-turismo-domestico-e-queda-de-estrangeiros.htm, skipping...
[ERROR - 2025-10-23 15:40:54,191 - Worker_2] Status code == 404 for http://futebol.placar.esporte.uol.com.br/futebol/copa-sao-paulo/2015/01/09/osasco-fc-x-flamengo.htm, skipping...
[ERROR - 2025-10-23 15:40:56,155 - Worker_4] Status code == 403 for http://noticias.uol.com.br/internacional/ultimas-noticias/2015/01/09/nenhum-refem-foi-morto-na-operacao-de-resgate-diz-secretario-de-justica-frances.htm, skipping...
[ERROR - 2025-10-23 15:40:58,240 - Worker_1] Status code == 403 for http://educacao.uol.com.br/noticias/2015/01/09/sem-o-fico-de-dom-pedro-brasil-poderia-ter-se-dividido-em-varios-paises.htm, skipping...
[ERROR - 2025-10-23 15:41:01,993 - Worker_3] Status code == 403 for http://noticias.uol.com.br/album/album-do-dia/2015/01/09/imagens-do-dia---9-de-janeiro-de-2015.htm?abrefoto=45, skipping...
[ERROR - 2025-10-23 15:41:02,809 - Worker_2] Status code == 403 for http://economia.uol.com.br/noticias/bloomberg/2015/01/09/bric-corre-o-risco-de-se-tornar-ic-diz-jim-oneill-criador-do-termo.htm, skipping...
[ERROR - 2025-10-23 15:41:07,033 - Worker_1] Status code == 403 for http://mauriciostycer.blogosfera.uol.com.br/2015/01/09/prefiro-falar-de-chuva-do-que-de-crimes-diz-datena/, skipping...
[ERROR - 2025-10-23 15:41:11,245 - Worker_1] Status code == 403 for http://doutorjairo.blogosfera.uol.com.br/2015/01/07/postar-selfies-demais-nao-passa-uma-mensagem-positiva-adverte-pesquisador/, skipping...
[ERROR - 2025-10-23 15:41:11,457 - Worker_2] Status code == 403 for http://noticias.uol.com.br/internacional/ultimas-noticias/2015/01/09/sequestrador-teve-encontro-com-sarkozy-em-2009-no-palacio-presidencial.htm, skipping...
[ERROR - 2025-10-23 15:41:15,524 - Worker_2] Status code == 403 for http://noticias.uol.com.br/internacional/ultimas-noticias/2015/01/09/policia-francesa-invade-local-do-sequestro-onde-estao-irmao-suspeitos-por-atentado.htm, skipping...
[ERROR - 2025-10-23 15:41:15,923 - Worker_0] Status code == 403 for http://noticias.uol.com.br/midiaglobal/nytimes/2015/01/09/opiniao-nao-podemos-responder-aos-terroristas-com-nossa-intolerancia.htm, skipping...
[ERROR - 2025-10-23 15:41:20,857 - Worker_3] Status code == 403 for http://noticias.uol.com.br/saude/ultimas-noticias/bbc/2015/01/09/menino-sobrevive-a-acidente-apos-ter-parte-do-cranio-removido-e-guardado-na-barriga.htm, skipping...
[ERROR - 2025-10-23 15:41:22,083 - Worker_2] Status code == 403 for http://noticias.uol.com.br/politica/ultimas-noticias/2015/01/09/ministerio-publico-eleitoral-quer-cassacao-de-governador-do-to.htm, skipping...
[ERROR - 2025-10-23 15:41:22,448 - Worker_4] Status code == 403 for http://noticias.uol.com.br/politica/ultimas-noticias/2015/01/09/dino-afirma-que-roseana-deixo-divida-de-r-11-bi-no-maranhao.htm, skipping...
[ERROR - 2025-10-23 15:41:23,634 - Worker_1] Status code == 403 for http://educacao.uol.com.br/noticias/2015/01/09/transexuais-e-travestis-receberao-bolsa-da-prefeitura-de-sp-para-estudar.htm, skipping...
[ERROR - 2025-10-23 15:41:26,151 - Worker_2] Status code == 404 for http://guia.uol.com.br/album/2015/01/08/exposicao-guerreiros---os-maiores-da-historia.htm, skipping...
[ERROR - 2025-10-23 15:41:26,516 - Worker_4] Status code == 403 for http://noticias.uol.com.br/internacional/ultimas-noticias/le-monde/2015/01/09/diziamos-eu-amo-voce-uns-aos-outros-diz-jornalista-do-charlie-hebdo.htm, skipping...
[ERROR - 2025-10-23 15:41:29,695 - Worker_3] Status code == 403 for http://noticias.uol.com.br/saude/ultimas-noticias/afp/2015/01/05/radiacao-com-terapia-hormonal-reduz-morte-por-cancer-de-prostata.htm, skipping...
[ERROR - 2025-10-23 15:41:30,221 - Worker_2] Status code == 403 for http://noticias.uol.com.br/meio-ambiente/album/2015/01/06/veja-imagens-de-meio-ambiente-2015.htm?abrefoto=12, skipping...
[ERROR - 2025-10-23 15:41:30,586 - Worker_4] Status code == 403 for http://noticias.uol.com.br/cotidiano/ultimas-noticias/2015/01/09/ato-contra-aumento-da-tarifa-reune-1000-e-termina-sem-confronto-no-rj.htm, skipping...
[ERROR - 2025-10-23 15:41:32,602 - Worker_1] Status code == 403 for http://noticias.uol.com.br/album/2015/01/09/bichos-da-semana.htm?abrefoto=34, skipping...
[ERROR - 2025-10-23 15:41:36,820 - Worker_1] Status code == 403 for http://omundoemmovimento.blogosfera.uol.com.br/2015/01/07/o-futuro-e-o-carro-a-hidrogenio-todo-o-resto-e-temporario/, skipping...
[ERROR - 2025-10-23 15:41:41,173 - Worker_4] Status code == 403 for http://noticias.uol.com.br/album/album-do-dia/2015/01/10/imagens-do-dia---10-de-janeiro-de-2015.htm?abrefoto=16, skipping...
[ERROR - 2025-10-23 15:41:43,413 - Worker_3] Status code == 403 for http://noticias.uol.com.br/tabloide/ultimas-noticias/tabloideanas/2015/01/06/departamento-de-transporte-do-arizona-avista-familia-de-pes-grandes.htm, skipping...
[ERROR - 2025-10-23 15:41:45,320 - Worker_4] Status code == 403 for http://noticias.uol.com.br/midiaglobal/elpais/2015/01/10/opiniao-europa-deve-unir-se-contra-o-veto-do-assassino.htm, skipping...
[ERROR - 2025-10-23 15:41:46,070 - Worker_0] Status code == 403 for http://noticias.uol.com.br/midiaglobal/nytimes/2015/01/10/escritores-entram-no-clima-da-franca-com-saudade-de-si-mesma.htm, skipping...
[ERROR - 2025-10-23 15:41:47,482 - Worker_3] Status code == 403 for http://noticias.uol.com.br/ultimas-noticias/bbc/2015/01/10/ele-foi-morto-por-pessoas-que-fingiam-ser-muculmanas-diz-irmao-de-policial-assassinado.htm, skipping...
[ERROR - 2025-10-23 15:41:48,669 - Worker_2] Status code == 403 for http://uolesporte.blogosfera.uol.com.br/2015/01/10/ta-bombando-time-italiano-adota-tatica-curiosa-para-a-saida-de-bola/, skipping...
[ERROR - 2025-10-23 15:41:51,559 - Worker_3] Status code == 404 for http://guia.uol.com.br/brasilia/noticias/2015/01/07/confira-a-programacao-infantil-para-as-ferias-de-janeiro-em-brasilia.htm, skipping...
[ERROR - 2025-10-23 15:41:55,743 - Worker_3] Status code == 403 for http://colunaesplanada.blogosfera.uol.com.br/2015/01/10/comandante-wagner-traca-plano-de-defesa-para-2018/, skipping...
[ERROR - 2025-10-23 15:41:57,769 - Worker_4] Status code == 403 for http://noticias.uol.com.br/cotidiano/ultimas-noticias/2015/01/10/confira-as-dezenas-da-mega-sena-deste-sabado-premio-e-de-r-3-milhoes.htm, skipping...
[ERROR - 2025-10-23 15:41:58,727 - Worker_1] Status code == 404 for http://carnaval.uol.com.br/2015/noticias/redacao/2015/01/10/trilingue-musa-da-mocidade-ja-foi-caixa-e-rainha-do-carnaval-no-japao.htm, skipping...
[ERROR - 2025-10-23 15:41:58,873 - Worker_2] Status code == 403 for http://educacao.uol.com.br/noticias/2015/01/09/sem-o-fico-de-dom-pedro-brasil-poderia-ter-se-dividido-em-varios-paises.htm, skipping...
[ERROR - 2025-10-23 15:42:02,844 - Worker_1] Status code == 403 for http://doutorjairo.blogosfera.uol.com.br/2015/01/09/alertar-os-filhos-sobre-os-riscos-do-alcool-faz-diferenca/, skipping...
[ERROR - 2025-10-23 15:42:03,355 - Worker_0] Status code == 403 for http://noticias.uol.com.br/ultimas-noticias/efe/2015/01/10/jean-marie-le-pen-eu-nao-sou-charlie.htm, skipping...
[ERROR - 2025-10-23 15:42:05,265 - Worker_2] Status code == 404 for http://futebol.placar.esporte.uol.com.br/futebol/copa-sao-paulo/2015/01/10/gremio-barueri-x-corinthians.htm, skipping...
[ERROR - 2025-10-23 15:42:06,915 - Worker_1] Status code == 403 for http://noticias.uol.com.br/album/2015/01/07/sede-de-revista-e-atacada-em-paris.htm?abrefoto=203, skipping...
[ERROR - 2025-10-23 15:42:07,837 - Worker_4] Failed to connect with http://noticias.carsale.uol.com.br/ultimas/2015/01/08/raro-ford-gt-heritage-esta-venda-por-r1-4-milhao/ after 3 attempts, skipping...
[ERROR - 2025-10-23 15:42:09,409 - Worker_2] Status code == 403 for http://josiasdesouza.blogosfera.uol.com.br/2015/01/10/ministro-do-esporte-aluga-por-r-85-mil-computadores-que-custam-r-15-mil/, skipping...
[ERROR - 2025-10-23 15:42:11,076 - Worker_1] Status code == 403 for http://noticias.uol.com.br/album/album-do-dia/2015/01/10/imagens-do-dia---10-de-janeiro-de-2015.htm?abrefoto=23, skipping...
[ERROR - 2025-10-23 15:42:14,176 - Worker_4] Status code == 404 for http://guia.uol.com.br/curitiba/noticias/2015/01/09/roteiro-indica-passeios-de-trem-e-de-onibus-para-o-final-de-semana.htm, skipping...
[ERROR - 2025-10-23 15:42:14,717 - Worker_0] Status code == 404 for http://guia.uol.com.br/sao-paulo/exposicoes/noticias/2015/01/06/exposicao-de-salvador-dali-termina-no-domingo-11-veja-dicas-para-visitar.htm, skipping...
[ERROR - 2025-10-23 15:42:15,192 - Worker_1] Status code == 403 for http://uolesporte.blogosfera.uol.com.br/2015/01/10/que-drible-belga-brilha-com-dois-toques-de-calcanhar-e-faz-golaco/, skipping...
[ERROR - 2025-10-23 15:42:18,224 - Worker_4] Status code == 403 for http://noticias.uol.com.br/album/olho-magico/2015/01/10/olho-magico---10-de-janeiro-de-2015.htm?abrefoto=2, skipping...
[ERROR - 2025-10-23 15:42:18,873 - Worker_2] Status code == 403 for http://noticias.uol.com.br/opiniao/coluna/2015/01/10/presenca-de-criancas-e-o-que-da-continuidade-ao-circo.htm, skipping...
[ERROR - 2025-10-23 15:42:21,078 - Worker_0] Status code == 403 for http://noticias.uol.com.br/midiaglobal/elpais/2015/01/10/islamicos-todos-nos-pagaremos-pelo-que-alguns-fazem.htm, skipping...
[ERROR - 2025-10-23 15:42:22,263 - Worker_4] Status code == 403 for http://noticias.uol.com.br/album/album-do-dia/2015/01/10/imagens-do-dia---10-de-janeiro-de-2015.htm?abrefoto=25, skipping...
[ERROR - 2025-10-23 15:42:25,125 - Worker_0] Status code == 403 for http://noticias.uol.com.br/album/album-do-dia/2015/01/10/imagens-do-dia---10-de-janeiro-de-2015.htm?abrefoto=17, skipping...
[ERROR - 2025-10-23 15:42:28,637 - Worker_4] Status code == 403 for http://noticias.uol.com.br/internacional/ultimas-noticias/2015/01/10/mulher-de-sequestrador-deixou-a-franca-antes-de-ataques-e-estaria-na-siria-diz-policia.htm, skipping...
[ERROR - 2025-10-23 15:42:29,176 - Worker_0] Status code == 403 for http://noticias.uol.com.br/saude/ultimas-noticias/estado/2015/01/10/decisao-de-reduzir-partos-cirurgicos-e-campanha-contra-obstetra-diz-diretor-de-maternidade.htm, skipping...
[ERROR - 2025-10-23 15:42:39,128 - Worker_1] Status code == 404 for http://mulher.uol.com.br/casa-e-decoracao/album/2015/01/10/calor-do-verao-reunimos-20-piscinas-e-raias-residenciais-para-voce-sonhar.htm?abrefoto=11, skipping...
[ERROR - 2025-10-23 15:42:40,258 - Worker_4] Status code == 403 for http://noticias.uol.com.br/internacional/ultimas-noticias/2015/01/10/menina-bomba-mata-ao-menos-20-pessoas-em-atentado-na-nigeria.htm, skipping...
[ERROR - 2025-10-23 15:42:47,626 - Worker_0] Status code == 403 for http://noticias.uol.com.br/cotidiano/ultimas-noticias/2015/01/11/acidente-com-onibus-deixa-7-mortos-e-35-feridos-em-santa-catarina.htm, skipping...
[ERROR - 2025-10-23 15:42:47,946 - Worker_2] Failed to connect with http://natelinha.ne10.uol.com.br/celebridades/2015/01/11/apos-perder-mais-de-60-quilos-andre-marques-quer-ganhar-massa-muscular-84294.php after 3 attempts, skipping...
[ERROR - 2025-10-23 15:42:49,155 - Worker_1] Failed to connect with http://natelinha.ne10.uol.com.br/novelas/2015/01/11/imperio-cora-vira-escrava-de-jurema-saiba-como-sera-a-cena-84292.php after 3 attempts, skipping...
[ERROR - 2025-10-23 15:42:56,505 - Worker_0] Status code == 403 for http://uolesporte.blogosfera.uol.com.br/2015/01/11/mulher-de-james-rodriguez-estreia-no-time-do-real-madrid-mas-na-quadra/, skipping...
[ERROR - 2025-10-23 15:43:02,749 - Worker_1] Status code == 403 for http://noticias.uol.com.br/internacional/ultimas-noticias/2015/01/11/marcha-contra-terrorismo-reune-mais-de-15-milhao-de-pessoas-em-paris.htm, skipping...
[ERROR - 2025-10-23 15:43:06,982 - Worker_4] Status code == 403 for http://noticias.uol.com.br/internacional/ultimas-noticias/2015/01/11/mergulhadores-acham-a-caixa-preta-de-aviao-que-caiu-no-mar-diz-ministerio.htm, skipping...
[ERROR - 2025-10-23 15:43:10,805 - Worker_0] Status code == 403 for http://noticias.uol.com.br/ultimas-noticias/afp/2015/01/11/hollande-e-netanyahu-sao-ovacionados-na-grande-sinagoga-de-paris.htm, skipping...
[ERROR - 2025-10-23 15:43:12,242 - Worker_1] Status code == 403 for http://noticias.uol.com.br/album/album-do-dia/2015/01/11/imagens-do-dia---11-de-janeiro-de-2014.htm?abrefoto=28, skipping...
[ERROR - 2025-10-23 15:43:15,530 - Worker_4] Status code == 403 for http://noticias.uol.com.br/midiaglobal/derspiegel/2015/01/11/comunidades-judaicas-na-alemanha-enfrentam-futuro-incerto.htm, skipping...
[ERROR - 2025-10-23 15:43:19,360 - Worker_0] Status code == 403 for http://noticias.uol.com.br/album/2015/01/07/sede-de-revista-e-atacada-em-paris.htm?abrefoto=241, skipping...
[ERROR - 2025-10-23 15:43:21,275 - Worker_2] Status code == 403 for http://noticias.uol.com.br/ciencia/ultimas-noticias/redacao/2015/01/07/moradores-da-ilha-de-pascoa-teriam-morrido-apos-a-chegada-dos-europeus.htm, skipping...
[ERROR - 2025-10-23 15:43:25,637 - Worker_0] Status code == 403 for http://noticias.uol.com.br/ultimas-noticias/afp/2015/01/11/jihadista-coulibaly-e-suspeito-de-mais-um-crime-antes-de-matar-policial.htm, skipping...
[ERROR - 2025-10-23 15:43:31,595 - Worker_4] Status code == 403 for http://noticias.uol.com.br/ao-vivo/2015/01/09/terror-na-franca.htm, skipping...
[ERROR - 2025-10-23 15:43:38,750 - Worker_0] Status code == 403 for http://noticias.uol.com.br/midiaglobal/nytimes/2015/01/11/opiniao-hillary-versus-a-historia.htm, skipping...
[ERROR - 2025-10-23 15:43:43,321 - Worker_2] Status code == 403 for http://noticias.uol.com.br/internacional/ultimas-noticias/2015/01/11/em-video-suposto-sequestrador-do-supermercado-diz-ser-do-estado-islamico.htm, skipping...
[ERROR - 2025-10-23 15:43:47,390 - Worker_2] Status code == 403 for http://noticias.uol.com.br/midiaglobal/nytimes/2015/01/11/estrategia-palestina-para-criar-estado-nacional-comeca-a-funcionar.htm, skipping...
[ERROR - 2025-10-23 15:43:50,476 - Worker_1] Status code == 403 for http://josiasdesouza.blogosfera.uol.com.br/2015/01/10/ministro-do-esporte-aluga-por-r-85-mil-computadores-que-custam-r-15-mil/, skipping...
[ERROR - 2025-10-23 15:43:51,119 - Worker_0] Failed to connect with http://natelinha.ne10.uol.com.br/noticias/2015/01/11/bial-ganha-r-3-milhoes-por-temporada-do-bbb-e-diz-sou-homem-de-televisao-84293.php after 3 attempts, skipping...
[ERROR - 2025-10-23 15:44:00,220 - Worker_0] Status code == 403 for http://noticias.uol.com.br/ultimas-noticias/efe/2015/01/12/guerra-na-siria-triplicou-numero-de-refugiados-no-brasil-em-2014.htm, skipping...
[ERROR - 2025-10-23 15:44:00,548 - Worker_2] Status code == 403 for http://noticias.uol.com.br/cotidiano/ultimas-noticias/2015/01/12/itaoca-sp-destruida-por-enxurrada-ainda-aguarda-verba-para-reconstrucao.htm, skipping...
[ERROR - 2025-10-23 15:44:00,596 - Worker_4] Status code == 403 for http://blogdosakamoto.blogosfera.uol.com.br/2015/01/12/sabia-que-poucas-empresas-decidem-o-que-voce-consome/, skipping...
[ERROR - 2025-10-23 15:44:04,068 - Worker_1] Status code == 403 for http://noticias.uol.com.br/album/album-do-dia/2015/01/12/imagens-do-dia---12-de-janeiro-de-2015.htm?abrefoto=32, skipping...
[ERROR - 2025-10-23 15:44:07,132 - Worker_4] Status code == 403 for http://economia.uol.com.br/cotacoes/noticias/redacao/2015/01/12/poupanca-tem-boa-rentabilidade-em-2014-mas-inflacao-corroi-ganhos.htm, skipping...
[ERROR - 2025-10-23 15:44:10,599 - Worker_3] Status code == 403 for http://noticias.uol.com.br/ultimas-noticias/efe/2015/01/12/octogenario-de-nova-york-ganha-us-326-milhoes-na-loteria.htm, skipping...
[ERROR - 2025-10-23 15:44:12,261 - Worker_0] Status code == 404 for http://guia.uol.com.br/sao-paulo/exposicoes/noticias/2015/01/12/exposicao-em-sp-faz-homenagem-aos-50-anos-de-carreira-de-regina-duarte.htm, skipping...
[ERROR - 2025-10-23 15:44:12,614 - Worker_2] Status code == 403 for http://economia.uol.com.br/noticias/redacao/2015/01/12/navio-cidade-de-itaguai-chega-da-china-para-atuar-na-area-do-pre-sal.htm, skipping...
[ERROR - 2025-10-23 15:44:12,615 - Worker_1] Status code == 403 for http://noticias.uol.com.br/midiaglobal/derspiegel/2015/01/12/entenda-como-uma-vitoria-do-partido-syriza-na-grecia-afetaria-a-europa.htm, skipping...
[ERROR - 2025-10-23 15:44:16,673 - Worker_2] Status code == 403 for http://economia.uol.com.br/empreendedorismo/noticias/redacao/2015/01/12/ex-vendedora-de-cosmeticos-lanca-perfume-de-famosas-e-fatura-r-35-milhoes.htm, skipping...
[ERROR - 2025-10-23 15:44:16,674 - Worker_1] Status code == 404 for http://guia.uol.com.br/belo-horizonte/noticias/2015/01/01/obras-do-inhotim-estao-expostas-no-palacio-das-artes-ate-8-de-marco.htm, skipping...
[ERROR - 2025-10-23 15:44:20,244 - Worker_4] Status code == 403 for http://noticias.uol.com.br/cotidiano/ultimas-noticias/2015/01/12/irmao-de-empresario-morto-no-mexico-faz-contato-com-a-familia-em-sc.htm, skipping...
[ERROR - 2025-10-23 15:44:20,801 - Worker_1] Status code == 403 for http://cornetafc.blogosfera.uol.com.br/2015/01/12/terno-de-messi-e-comparado-a-teletubbies-barney-e-coringa/, skipping...
[ERROR - 2025-10-23 15:44:20,977 - Worker_2] Status code == 403 for http://tecnologia.uol.com.br/noticias/redacao/2015/01/12/policia-apreende-contrabandista-na-china-com-94-iphones-presos-ao-corpo.htm, skipping...
[ERROR - 2025-10-23 15:44:22,170 - Worker_3] Status code == 403 for http://noticias.uol.com.br/ultimas-noticias/efe/2015/01/12/movimento-pegida-ganha-braco-na-suica-e-marca-protesto-islamofobico-no-pais.htm, skipping...
[ERROR - 2025-10-23 15:44:23,933 - Worker_0] Status code == 403 for http://uolesporte.blogosfera.uol.com.br/2015/01/12/internautas-reclamam-da-ausencia-de-fernanda-lima-no-bola-de-ouro, skipping...
[ERROR - 2025-10-23 15:44:24,748 - Worker_4] Status code == 404 for http://cenapop.virgula.uol.com.br/2015/01/12/66009-giovanna-lancellotti-comenta-beija-tecnico-ja-tentaram-tirar-casquinha/, skipping...
[ERROR - 2025-10-23 15:44:24,960 - Worker_1] Status code == 403 for http://nagradedomma.blogosfera.uol.com.br/2015/01/12/anderson-ja-tem-licenca-para-lutar/, skipping...
[ERROR - 2025-10-23 15:44:25,050 - Worker_2] Status code == 403 for http://noticias.uol.com.br/internacional/ultimas-noticias/2015/01/12/ausencia-de-obama-na-marcha-republicana-faz-casa-branca-pedir-desculpas.htm, skipping...
[ERROR - 2025-10-23 15:44:29,314 - Worker_2] Status code == 404 for http://carnaval.uol.com.br/2015/noticias/redacao/2015/01/12/com-paulo-barros-mocidade-independente-quer-voltar-ao-caminho-da-vitoria.htm, skipping...
[ERROR - 2025-10-23 15:44:30,833 - Worker_3] Status code == 403 for http://noticias.uol.com.br/midiaglobal/nytimes/2015/01/12/uma-visao-diferente-dos-museus-do-vaticano.htm, skipping...
[ERROR - 2025-10-23 15:44:33,390 - Worker_4] Status code == 404 for http://carnaval.uol.com.br/2015/rio-de-janeiro/album/escolas-de-samba/2014/12/19/unidos-de-vila-isabel.htm?abrefoto=19, skipping...
[ERROR - 2025-10-23 15:44:33,434 - Worker_2] Status code == 403 for http://nagradedomma.blogosfera.uol.com.br/2015/01/12/dana-revela-que-esta-negociando-ronda-x-cyborg/, skipping...
[ERROR - 2025-10-23 15:44:41,434 - Worker_0] Status code == 403 for http://noticias.uol.com.br/cotidiano/ultimas-noticias/2015/01/12/cimento-jorra-ao-lado-de-obra-de-metro-em-ipanema-na-zona-sul-do-rio.htm, skipping...
[ERROR - 2025-10-23 15:44:42,021 - Worker_4] Status code == 403 for http://noticias.uol.com.br/ultimas-noticias/valor/2015/01/12/numero-de-acidentes-aereos-no-brasil-cai-145-em-2014-ante-2013.htm, skipping...
[ERROR - 2025-10-23 15:44:42,145 - Worker_3] Status code == 403 for http://economia.uol.com.br/cotacoes/noticias/redacao/2015/01/12/petrobras-cai-mais-de-5-e-puxa-2-queda-da-bovespa-oi-despenca-13.htm, skipping...
[ERROR - 2025-10-23 15:44:44,697 - Worker_2] Status code == 403 for http://noticias.uol.com.br/ultimas-noticias/agencia-estado/2015/01/13/professores-pagam-passagem-da-equipe-de-limpeza-do-museu-nacional.htm, skipping...
[ERROR - 2025-10-23 15:44:45,505 - Worker_0] Status code == 403 for http://noticias.uol.com.br/ultimas-noticias/efe/2015/01/13/eua-incluem-em-lista-de-terroristas-lider-taliba-que-ordenou-ataque-a-malala.htm, skipping...
[ERROR - 2025-10-23 15:44:45,662 - Worker_1] Status code == 403 for http://noticias.uol.com.br/ultimas-noticias/afp/2015/01/13/coreia-do-norte-oferece-dialogo-direto-aos-eua.htm, skipping...
[ERROR - 2025-10-23 15:44:48,532 - Worker_3] Status code == 403 for http://economia.uol.com.br/financas-pessoais/noticias/redacao/2015/01/12/invista-faca-reserva-de-urgencia-nao-abuse-do-credito-8-dicas-para-2015.htm, skipping...
[ERROR - 2025-10-23 15:44:51,003 - Worker_2] Status code == 403 for http://economia.uol.com.br/empreendedorismo/noticias/redacao/2015/01/13/estilista-ronaldo-fraga-ajuda-fabricantes-de-sc-a-criar-sapatos-exclusivos.htm, skipping...
[ERROR - 2025-10-23 15:44:52,594 - Worker_3] Status code == 403 for http://noticias.uol.com.br/midiaglobal/lemonde/2015/01/13/a-impossivel-reconstrucao-do-haiti.htm, skipping...
[ERROR - 2025-10-23 15:44:54,712 - Worker_1] Status code == 403 for http://noticias.uol.com.br/ultimas-noticias/agencia-estado/2015/01/13/policiais-do-rio-denunciados-por-matar-jovem-sao-investigados-por-outra-morte.htm, skipping...
[ERROR - 2025-10-23 15:44:57,483 - Worker_2] Status code == 403 for http://educacao.uol.com.br/noticias/2015/01/13/529-mil-candidatos-tiraram-zero-na-redacao-do-enem-2014.htm, skipping...
[ERROR - 2025-10-23 15:44:58,856 - Worker_1] Status code == 403 for http://noticias.uol.com.br/ultimas-noticias/bbc/2015/01/13/como-desvendar-os-segredos-de-uma-caixa-preta.htm, skipping...
[ERROR - 2025-10-23 15:45:01,558 - Worker_2] Status code == 403 for http://economia.uol.com.br/empreendedorismo/noticias/redacao/2015/01/12/ex-vendedora-de-cosmeticos-lanca-perfume-de-famosas-e-fatura-r-35-milhoes.htm, skipping...
[ERROR - 2025-10-23 15:45:01,984 - Worker_4] Status code == 403 for http://noticias.uol.com.br/album/2015/01/07/cartunistas-fazem-charges-em-homenagem-aos-mortos-no-ataque-da-charlie-hebdo.htm?abrefoto=48, skipping...
[ERROR - 2025-10-23 15:45:07,855 - Worker_2] Status code == 403 for http://noticias.uol.com.br/cotidiano/ultimas-noticias/2015/01/13/morte-de-brasileiro-foi-acidental-afirma-governo-mexicano.htm, skipping...
[ERROR - 2025-10-23 15:45:08,316 - Worker_4] Status code == 403 for http://economia.uol.com.br/noticias/redacao/2015/01/13/walmart-leiloa-eletrodomesticos-e-eletronicos-com-descontos-de-ate-70.htm, skipping...
[ERROR - 2025-10-23 15:45:08,973 - Worker_0] Status code == 403 for http://uolesporte.blogosfera.uol.com.br/2015/01/12/mascote-ousado-rouba-garota-na-camera-do-beijo-e-vira-copo-no-namorado/, skipping...
[ERROR - 2025-10-23 15:45:12,719 - Worker_4] Status code == 404 for http://carnaval.uol.com.br/2015/noticias/redacao/2015/01/13/prefeitura-do-rio-altera-novamente-local-dos-desfiles-de-grandes-blocos.htm, skipping...
[ERROR - 2025-10-23 15:45:15,449 - Worker_3] Status code == 404 for http://guia.uol.com.br/curitiba/noticias/2015/01/13/tributo-ao-abba-faz-curitibanos-reviverem-os-anos-1970-ha-ingressos.htm, skipping...
[ERROR - 2025-10-23 15:45:16,842 - Worker_4] Status code == 403 for http://uolesporte.blogosfera.uol.com.br/2015/01/13/filho-cristiano-ronaldo-e-fa-de-messi-e-fica-envorgonhado-diante-de-idolo/, skipping...
[ERROR - 2025-10-23 15:45:17,143 - Worker_2] Status code == 404 for http://cenapop.virgula.uol.com.br/2015/01/12/66009-giovanna-lancellotti-comenta-beija-tecnico-ja-tentaram-tirar-casquinha/, skipping...
[ERROR - 2025-10-23 15:45:20,969 - Worker_4] Status code == 403 for http://noticias.uol.com.br/midiaglobal/elpais/2015/01/13/imigrante-tem-de-passar-por-teste-de-espanholidade-veja-se-voce-passaria.htm, skipping...
[ERROR - 2025-10-23 15:45:25,037 - Worker_4] Status code == 403 for http://noticias.uol.com.br/internacional/ultimas-noticias/2015/01/12/gato-sphynx-sobrevive-a-flechada-na-cabeca-na-florida-eua.htm, skipping...
[ERROR - 2025-10-23 15:45:28,645 - Worker_0] Status code == 403 for http://noticias.uol.com.br/internacional/ultimas-noticias/le-monde/2015/01/12/vamos-reparar-juntos-a-injustica-cometida-contra-os-jovens-muculmanos.htm, skipping...
[ERROR - 2025-10-23 15:45:29,099 - Worker_4] Status code == 403 for http://noticias.uol.com.br/ciencia/ultimas-noticias/redacao/2015/01/13/clique-ciencia-por-que-a-agua-do-mar-e-salgada.htm, skipping...
[ERROR - 2025-10-23 15:45:31,101 - Worker_3] Status code == 403 for http://educacao.uol.com.br/noticias/2015/01/13/inep-divulga-notas-individuais-do-enem-2014-confira.htm, skipping...
[ERROR - 2025-10-23 15:45:35,667 - Worker_4] Status code == 403 for http://noticias.uol.com.br/album/2015/01/07/sede-de-revista-e-atacada-em-paris.htm?abrefoto=289, skipping...
[ERROR - 2025-10-23 15:45:37,724 - Worker_0] Status code == 403 for http://cristianonabuco.blogosfera.uol.com.br/2015/01/14/celulares-filhos-e-sua-saude-o-que-voce-deveria-saber-mas-desconhece/, skipping...
[ERROR - 2025-10-23 15:45:37,881 - Worker_1] Status code == 403 for http://cornetafc.blogosfera.uol.com.br/2015/01/14/aloisio-chulapa-manda-recado-para-cristiano-ronaldo/, skipping...
[ERROR - 2025-10-23 15:45:40,767 - Worker_2] Status code == 404 for http://guia.uol.com.br/brasilia/noticias/2015/01/14/mostra-no-ccbb-reune-classicos-do-cinema-norte-americano-da-decada-de-70.htm, skipping...
[ERROR - 2025-10-23 15:45:42,030 - Worker_1] Status code == 403 for http://uolesporte.blogosfera.uol.com.br/2015/01/14/mulher-de-messi-processa-capa-da-playboy-por-insinuar-traicao-de-craque/, skipping...
[ERROR - 2025-10-23 15:45:42,120 - Worker_0] Status code == 404 for http://carnaval.uol.com.br/2015/noticias/redacao/2015/01/14/viviane-araujo-comemora-20-anos-de-carnaval-com-apelido-nos-bastidores.htm, skipping...
[ERROR - 2025-10-23 15:45:43,353 - Worker_3] Failed to connect with http://natelinha.ne10.uol.com.br/novelas/2015/01/14/imperio-maria-marta-ja-foi-casada-com-o-mordomo-silviano-entenda-84421.php after 3 attempts, skipping...
[ERROR - 2025-10-23 15:45:44,500 - Worker_4] Status code == 403 for http://economia.uol.com.br/noticias/redacao/2015/01/14/ex-mulher-de-barao-dos-eua-aceita-cheque-de-us-975-milhoes-mas-quer-mais.htm, skipping...
[ERROR - 2025-10-23 15:45:46,189 - Worker_0] Status code == 404 for http://guia.uol.com.br/sao-paulo/criancas/noticias/2015/01/07/roteiro-traz-opcoes-para-divertir-a-criancada-sem-gastar-nada-em-sp.htm, skipping...
[ERROR - 2025-10-23 15:45:47,421 - Worker_3] Status code == 403 for http://noticias.uol.com.br/midiaglobal/elpais/2015/01/14/conheca-cinco-cidades-onde-se-respira-melhor-que-em-madri.htm, skipping...
[ERROR - 2025-10-23 15:45:51,256 - Worker_1] Status code == 403 for http://noticias.uol.com.br/midiaglobal/lemonde/2015/01/14/patriot-act-e-uma-lei-de-excecao-com-poucos-resultados.htm, skipping...
[ERROR - 2025-10-23 15:45:52,935 - Worker_4] Status code == 403 for http://noticias.uol.com.br/politica/ultimas-noticias/2015/01/14/secretarios-do-rio-e-filho-de-cabral-sao-reus-por-gastos-ilicitos-nas-eleicoes.htm, skipping...
[ERROR - 2025-10-23 15:45:53,713 - Worker_3] Status code == 404 for http://guia.uol.com.br/rio-de-janeiro/exposicoes/noticias/2015/01/13/azulejos-de-athos-bulcao-e-doacoes-da-receita-federal-estao-em-mostras.htm, skipping...
[ERROR - 2025-10-23 15:45:55,324 - Worker_1] Status code == 403 for http://noticias.uol.com.br/album/album-do-dia/2015/01/14/imagens-do-dia---14-de-janeiro-de-2015.htm?abrefoto=50, skipping...
[ERROR - 2025-10-23 15:45:57,781 - Worker_3] Status code == 403 for http://noticias.uol.com.br/midiaglobal/nytimes/2015/01/14/quando-comprar-uma-briga-pode-ser-o-inicio-de-uma-negociacao.htm, skipping...
[ERROR - 2025-10-23 15:45:59,374 - Worker_0] Status code == 403 for http://noticias.uol.com.br/album/album-do-dia/2015/01/13/imagens-do-dia---13-de-janeiro-de-2015.htm?abrefoto=39, skipping...
[ERROR - 2025-10-23 15:46:01,854 - Worker_3] Status code == 403 for http://noticias.uol.com.br/cotidiano/ultimas-noticias/2015/01/14/sabesp-avalia-rodizio-no-abastecimento-de-agua-em-sao-paulo.htm, skipping...
[ERROR - 2025-10-23 15:46:03,746 - Worker_0] Status code == 403 for http://tecnologia.uol.com.br/noticias/bbc/2015/01/14/facebook-restringe-videos-e-fotos-que-mostram-violencia-extrema.htm, skipping...
[ERROR - 2025-10-23 15:46:04,387 - Worker_1] Status code == 404 for http://carnaval.uol.com.br/2015/noticias/redacao/2015/01/14/riotur-divulga-listagem-oficial-dos-blocos-de-rua-com-datas-e-horarios.htm, skipping...
[ERROR - 2025-10-23 15:46:15,958 - Worker_0] Status code == 403 for http://noticias.uol.com.br/album/album-do-dia/2015/01/14/imagens-do-dia---14-de-janeiro-de-2015.htm?abrefoto=48, skipping...
[ERROR - 2025-10-23 15:46:28,002 - Worker_1] Status code == 403 for http://economia.uol.com.br/noticias/bbc/2015/01/14/brigaderia-faz-sucesso-em-ny-com-ajuda-de-incubadora-de-microempresas.htm, skipping...
[ERROR - 2025-10-23 15:46:28,930 - Worker_2] Status code == 403 for http://noticias.uol.com.br/cotidiano/ultimas-noticias/2015/01/14/video-mostra-rapaz-sendo-agredido-por-pms-em-blumenau-sc.htm, skipping...
[ERROR - 2025-10-23 15:46:31,799 - Worker_0] Status code == 404 for http://guia.uol.com.br/rio-de-janeiro/shows/noticias/2015/01/13/bloco-do-sargento-pimenta-faz-ensaio-de-help-i-need-sambare-na-fundicao.htm, skipping...
[ERROR - 2025-10-23 15:46:32,254 - Worker_1] Status code == 403 for http://tecnologia.uol.com.br/noticias/redacao/2015/01/14/blackberry-nega-estar-negociando-sua-venda-com-a-samsung.htm, skipping...
[ERROR - 2025-10-23 15:46:33,711 - Worker_4] Status code == 404 for http://guia.uol.com.br/noticias/2015/01/13/atriz-juliette-binoche-estrela-dois-filmes-em-cartaz-nos-cinemas.htm, skipping...
[ERROR - 2025-10-23 15:46:35,262 - Worker_2] Status code == 403 for http://noticias.uol.com.br/ultimas-noticias/agencia-estado/2015/01/14/palacio-dos-bandeirantes-fica-mais-de-uma-hora-sem-luz.htm, skipping...
[ERROR - 2025-10-23 15:46:36,324 - Worker_1] Status code == 403 for http://noticias.uol.com.br/ultimas-noticias/bbc/2015/01/14/o-unico-pais-muculmano-que-publicou-charges-da-charlie-hebdo.htm, skipping...
[ERROR - 2025-10-23 15:46:43,645 - Worker_4] Status code == 403 for http://noticias.uol.com.br/opiniao/coluna/2015/01/14/mesmo-em-crise-usp-se-empenha-para-restaurar-museu-do-ipiranga.htm, skipping...
[ERROR - 2025-10-23 15:46:43,667 - Worker_2] Status code == 403 for http://noticias.uol.com.br/ultimas-noticias/bbc/2015/01/14/montanhistas-se-aproximam-do-topo-em-escalada-impossivel-na-mao.htm, skipping...
[ERROR - 2025-10-23 15:46:45,299 - Worker_1] Status code == 403 for http://noticias.uol.com.br/ciencia/album/2015/01/01/veja-imagens-de-ciencia-do-mes-janeiro2015.htm?abrefoto=32, skipping...
[ERROR - 2025-10-23 15:46:48,916 - Worker_0] Status code == 500 for http://entretenimento.uol.com.br/noticias/afp/2015/01/14/autor-de-romance-que-satiriza-o-isla-acha-que-nada-sera-como-antes-na-franca.htm, skipping...
[ERROR - 2025-10-23 15:46:49,986 - Worker_4] Status code == 403 for http://noticias.uol.com.br/internacional/ultimas-noticias/2015/01/15/espera-por-deportacao-adia-volta-de-brasileiro-que-reportou-falsa-bomba-nos-eua.htm, skipping...
[ERROR - 2025-10-23 15:46:51,679 - Worker_1] Status code == 403 for http://noticias.uol.com.br/midiaglobal/lemonde/2015/01/15/quais-sao-os-recursos-de-combate-ao-terrorismo-na-franca.htm, skipping...
[ERROR - 2025-10-23 15:46:52,281 - Worker_2] Status code == 403 for http://noticias.uol.com.br/politica/ultimas-noticias/2015/01/15/governo-do-df-parcelara-salarios-a-partir-de-fevereiro-para-evitar-atrasos.htm, skipping...
[ERROR - 2025-10-23 15:46:52,989 - Worker_0] Status code == 403 for http://noticias.uol.com.br/ultimas-noticias/bbc/2015/01/15/novos-militantes-seguem-al-qaeda-como-torcedores-diz-autor-de-livro.htm, skipping...
[ERROR - 2025-10-23 15:46:54,055 - Worker_4] Status code == 403 for http://noticias.uol.com.br/album/album-do-dia/2015/01/15/imagens-do-dia---15-de-janeiro-de-2014.htm?abrefoto=46, skipping...
[ERROR - 2025-10-23 15:46:55,793 - Worker_1] Status code == 403 for http://economia.uol.com.br/noticias/redacao/2015/01/14/feira-de-barcos-de-luxo-tem-test-drive-e-modelos-de-ate-r-12-milhoes.htm, skipping...
[ERROR - 2025-10-23 15:46:58,125 - Worker_4] Status code == 403 for http://economia.uol.com.br/empregos-e-carreiras/noticias/redacao/2015/01/15/queda-no-emprego-industrial-e-reflexo-da-producao-enfraquecida-diz-ibge.htm, skipping...
[ERROR - 2025-10-23 15:46:59,292 - Worker_0] Status code == 403 for http://noticias.uol.com.br/album/2015/01/05/charges-2015.htm?abrefoto=17, skipping...
[ERROR - 2025-10-23 15:46:59,865 - Worker_1] Status code == 403 for http://economia.uol.com.br/noticias/reuters/2015/01/15/seca-faz-produtora-de-acucar-e-etanol-parar-atividades-em-usina-por-2-anos.htm, skipping...
[ERROR - 2025-10-23 15:47:04,149 - Worker_1] Status code == 403 for http://uolesporte.blogosfera.uol.com.br/2015/01/15/jogador-cobra-lateral-com-mortal-e-manda-direto-para-o-gol/, skipping...
[ERROR - 2025-10-23 15:47:09,936 - Worker_2] Status code == 403 for http://noticias.uol.com.br/ultimas-noticias/reuters/2015/01/15/alemanha-prende-suposto-combatente-do-estado-islamico-apos-voltar-da-siria.htm, skipping...
[ERROR - 2025-10-23 15:47:10,200 - Worker_0] Status code == 404 for http://guia.uol.com.br/sao-paulo/shows/noticias/2015/01/14/californiano-donavon-frankenreiter-faz-show-no-cine-joia-ingressos-a-venda.htm, skipping...
[ERROR - 2025-10-23 15:47:14,231 - Worker_4] Status code == 403 for http://noticias.uol.com.br/cotidiano/ultimas-noticias/2015/01/15/cavalo-aparece-em-praca-de-alimentacao-de-shopping-em-boituva-sp.htm, skipping...
[ERROR - 2025-10-23 15:47:15,874 - Worker_1] Status code == 404 for http://cenapop.virgula.uol.com.br/2015/01/15/66706-com-20-litros-de-silicone-alema-e-dona-dos-maiores-seios-artificiais-do-mundo/, skipping...
[ERROR - 2025-10-23 15:47:19,487 - Worker_2] Status code == 403 for http://noticias.uol.com.br/internacional/ultimas-noticias/2015/01/15/acao-antiterrorista-mata-2-pessoas-e-fere-um-na-belgica-diz-tv.htm, skipping...
[ERROR - 2025-10-23 15:47:21,211 - Worker_0] Status code == 403 for http://economia.uol.com.br/noticias/valor-online/2015/01/15/petrobras-economizou-us-1-bi-com-programa-de-corte-de-custos-de-pocos.htm, skipping...
[ERROR - 2025-10-23 15:47:23,621 - Worker_2] Status code == 403 for http://uolesporte.blogosfera.uol.com.br/2015/01/15/balotelli-imita-grito-de-cristiano-ronaldo-apos-gol-mas-foi-no-videogame/, skipping...
[ERROR - 2025-10-23 15:47:24,563 - Worker_1] Status code == 403 for http://noticias.uol.com.br/ultimas-noticias/agencia-estado/2015/01/15/chalita-diz-que-seu-empenho-prioritario-sera-criacao-de-vagas-em-creches.htm, skipping...
[ERROR - 2025-10-23 15:47:27,769 - Worker_2] Status code == 403 for http://reginanavarro.blogosfera.uol.com.br/2015/01/15/sou-casada-mas-desejo-viver-outras-experiencias-o-que-voce-faria/, skipping...
[ERROR - 2025-10-23 15:47:29,771 - Worker_4] Status code == 403 for http://noticias.uol.com.br/ultimas-noticias/reuters/2015/01/15/corte-espanhola-determina-investigacao-sobre-estadia-no-pais-de-autor-de-ataque-em-paris.htm, skipping...
[ERROR - 2025-10-23 15:47:39,598 - Worker_3] Status code == 403 for http://noticias.uol.com.br/ultimas-noticias/ansa/2015/01/15/na-italia-mais-de-5-mil-restaurantes-sao-de-mafiosos.htm, skipping...
[ERROR - 2025-10-23 15:47:41,996 - Worker_2] Status code == 403 for http://noticias.uol.com.br/cotidiano/ultimas-noticias/2015/01/15/prefeitura-de-sp-trata-como-lixo-a-madeira-nobre-das-arvores-caidas.htm, skipping...
[ERROR - 2025-10-23 15:47:42,065 - Worker_4] Failed to connect with http://natelinha.ne10.uol.com.br/noticias/2015/01/15/ancoras-da-globo-brincam-e-falam-vinheta-da-radio-jovem-pan-no-ar-veja-84455.php after 3 attempts, skipping...
[ERROR - 2025-10-23 15:47:45,892 - Worker_3] Status code == 403 for http://noticias.uol.com.br/blogs-e-colunas/coluna/jorge-ramos/2015/01/15/jornalistas-nosso-negocio-nao-e-ficarmos-calados.htm, skipping...
[ERROR - 2025-10-23 15:47:46,128 - Worker_4] Status code == 403 for http://noticias.uol.com.br/midiaglobal/nytimes/2015/01/15/opiniao-da-angustia-adolescente-a-jihad.htm, skipping...
[ERROR - 2025-10-23 15:47:48,409 - Worker_2] Status code == 403 for http://educacao.uol.com.br/noticias/2015/01/15/tecnica-e-treino-sao-segredos-para-redacao-diz-aluna-nota-mil-no-enem.htm, skipping...
[ERROR - 2025-10-23 15:47:49,341 - Worker_0] Status code == 403 for http://noticias.uol.com.br/midiaglobal/prospect/2015/01/15/opiniao-fatos-e-ficcoes-financeiras.htm, skipping...
[ERROR - 2025-10-23 15:47:49,982 - Worker_3] Status code == 403 for http://economia.uol.com.br/empreendedorismo/noticias/redacao/2015/01/15/empresa-do-bem-cria-kit-de-reforma-para-favela-e-parcela-em-12-vezes.htm, skipping...
[ERROR - 2025-10-23 15:47:50,194 - Worker_4] Status code == 403 for http://noticias.uol.com.br/cotidiano/ultimas-noticias/2015/01/15/florianopolis-tem-epidemia-de-acidentes-com-aguas-vivas.htm, skipping...
[ERROR - 2025-10-23 15:47:54,057 - Worker_3] Status code == 403 for http://noticias.uol.com.br/opiniao/coluna/2015/01/15/fui-vice-de-tancredo-porque-provoquei-a-ruptura-do-pds.htm, skipping...
[ERROR - 2025-10-23 15:51:15,450 - Worker_1] Failed to connect with http://natelinha.ne10.uol.com.br/novelas/2015/01/15/imperio-manoel-atende-celular-do-lado-errado-veja-outras-gafes-84443.php after 3 attempts, skipping...
[ERROR - 2025-10-23 15:51:16,082 - Worker_2] Status code == 403 for http://noticias.uol.com.br/cotidiano/ultimas-noticias/2015/01/15/agente-que-parou-juiz-em-blitz-no-rio-recorre-a-stf-e-promete-ir-a-haia.htm, skipping...
[ERROR - 2025-10-23 15:51:17,161 - Worker_3] Status code == 404 for http://guia.uol.com.br/sao-paulo/cinema/noticias/2015/01/15/belas-artes-exibe-ciclo-de-cinema-argentino-premiado-e-inedito.htm, skipping...
[ERROR - 2025-10-23 15:51:17,191 - Worker_0] Status code == 403 for http://noticias.uol.com.br/internacional/ultimas-noticias/2015/01/16/um-milagre-ainda-pode-acontecer-diz-amigo-de-brasileiro-condenado-a-morte.htm, skipping...
[ERROR - 2025-10-23 15:51:17,755 - Worker_4] Status code == 403 for http://noticias.uol.com.br/album/album-do-dia/2015/01/16/imagens-do-dia---16-de-janeiro-de-2015.htm?abrefoto=52, skipping...
[ERROR - 2025-10-23 15:51:29,488 - Worker_3] Status code == 404 for http://guia.uol.com.br/curitiba/noticias/2015/01/16/roteiro-lista-atracoes-em-shoppings-para-divertir-a-criancada.htm, skipping...
[ERROR - 2025-10-23 15:51:30,233 - Worker_4] Status code == 403 for http://blogdosakamoto.blogosfera.uol.com.br/2015/01/16/de-quem-e-a-culpa-se-um-texto-nao-e-lido-ate-o-final/, skipping...
[ERROR - 2025-10-23 15:51:30,654 - Worker_2] Status code == 403 for http://noticias.uol.com.br/internacional/ultimas-noticias/2015/01/16/indonesia-nega-pedido-de-dilma-para-nao-executar-brasileiros.htm, skipping...
[ERROR - 2025-10-23 15:51:31,588 - Worker_1] Status code == 403 for http://noticias.uol.com.br/ciencia/ultimas-noticias/afp/2015/01/16/o-ano-de-2014-foi-o-mais-quente-na-historia-moderna.htm, skipping...
[ERROR - 2025-10-23 15:51:34,399 - Worker_4] Status code == 404 for http://futebol.placar.esporte.uol.com.br/futebol/amistosos/2015/01/16/bahia-x-shakhtar-donetsk.htm, skipping...
[ERROR - 2025-10-23 15:51:34,750 - Worker_2] Status code == 403 for http://noticias.uol.com.br/ultimas-noticias/afp/2015/01/16/o-calvario-de-uma-mulher-capturada-pelo-boko-haram.htm, skipping...
[ERROR - 2025-10-23 15:51:38,943 - Worker_4] Status code == 403 for http://saqueevoleio.blogosfera.uol.com.br/2015/01/16/australian-open-o-guia/, skipping...
[ERROR - 2025-10-23 15:51:39,054 - Worker_2] Status code == 403 for http://noticias.uol.com.br/ultimas-noticias/afp/2015/01/16/supremo-dos-eua-analisara-legalidade-do-casamento-gay.htm, skipping...
[ERROR - 2025-10-23 15:51:40,371 - Worker_0] Status code == 403 for http://noticias.uol.com.br/ultimas-noticias/afp/2015/01/16/cubanos-comecam-a-sentir-no-bolso-nova-politica-dos-eua.htm, skipping...
[ERROR - 2025-10-23 15:51:42,989 - Worker_3] Status code == 404 for http://cenapop.virgula.uol.com.br/2015/01/15/66706-com-20-litros-de-silicone-alema-e-dona-dos-maiores-seios-artificiais-do-mundo/, skipping...
[ERROR - 2025-10-23 15:51:47,094 - Worker_3] Status code == 403 for http://noticias.uol.com.br/cotidiano/ultimas-noticias/2015/01/16/protesto-em-sao-paulo.htm, skipping...
[ERROR - 2025-10-23 15:51:48,376 - Worker_4] Status code == 403 for http://tecnologia.uol.com.br/noticias/bbc/2015/01/16/dispositivo-em-sapato-gera-energia-com-forca-dos-passos.htm, skipping...
[ERROR - 2025-10-23 15:51:49,042 - Worker_0] Status code == 403 for http://noticias.uol.com.br/album/2015/01/09/protestos-contra-aumento-da-tarifa-do-transporte-publico-pelo-brasil.htm?abrefoto=91, skipping...
[ERROR - 2025-10-23 15:51:52,154 - Worker_1] Status code == 403 for http://noticias.uol.com.br/ultimas-noticias/bbc/2015/01/16/coreia-do-norte-vive-revolucao-capitalista-silenciosa.htm, skipping...
[ERROR - 2025-10-23 15:51:53,132 - Worker_2] Status code == 403 for http://noticias.uol.com.br/ultimas-noticias/efe/2015/01/16/mais-um-dos-autores-de-massacre-de-estudantes-no-mexico-e-preso.htm, skipping...
[ERROR - 2025-10-23 15:51:59,321 - Worker_3] Status code == 403 for http://noticias.uol.com.br/midiaglobal/lemonde/2015/01/16/opiniao-bombas-humanas-globalizadas.htm, skipping...
[ERROR - 2025-10-23 15:52:01,483 - Worker_1] Status code == 403 for http://noticias.uol.com.br/internacional/ultimas-noticias/2015/01/16/procuradoria-geral-do-brasil-pede-para-indonesia-adiar-execucao-de-brasileiro.htm, skipping...
[ERROR - 2025-10-23 15:52:02,325 - Worker_2] Status code == 403 for http://tecnologia.uol.com.br/noticias/redacao/2015/01/12/saiba-como-solucionar-problema-de-hora-errada-no-ultimo-visto-do-whatsapp.htm, skipping...
[ERROR - 2025-10-23 15:52:05,596 - Worker_1] Status code == 403 for http://noticias.uol.com.br/ultimas-noticias/efe/2015/01/16/boko-haram-sequestra-dezenas-de-mulheres-no-norte-da-nigeria.htm, skipping...
[ERROR - 2025-10-23 15:52:06,167 - Worker_3] Status code == 404 for http://carnaval.uol.com.br/2015/noticias/redacao/2015/01/16/relembre-20-sambas-enredos-inesqueciveis-que-marcaram-o-carnaval-do-rio.htm, skipping...
[ERROR - 2025-10-23 15:52:09,645 - Worker_2] Status code == 403 for http://noticias.uol.com.br/opiniao/coluna/2015/01/15/fui-vice-de-tancredo-porque-provoquei-a-ruptura-do-pds.htm, skipping...
[ERROR - 2025-10-23 15:52:13,719 - Worker_2] Status code == 404 for http://guia.uol.com.br/sao-paulo/shows/noticias/2015/01/15/festival-traz-tradicional-carnaval-de-rua-de-sao-luiz-do-paraitinga-sp.htm, skipping...
[ERROR - 2025-10-23 15:52:14,779 - Worker_4] Status code == 403 for http://noticias.uol.com.br/album/2015/01/09/protestos-contra-aumento-da-tarifa-do-transporte-publico-pelo-brasil.htm?abrefoto=87, skipping...
[ERROR - 2025-10-23 15:52:14,820 - Worker_0] Status code == 403 for http://noticias.uol.com.br/album/2015/01/16/de-hoteis-a-bases-conheca-os-lugares-abandonados-mais-estranhos-do-mundo.htm?abrefoto=1, skipping...
[ERROR - 2025-10-23 15:52:18,942 - Worker_0] Status code == 403 for http://noticias.uol.com.br/saude/ultimas-noticias/bbc/2015/01/15/inatividade-mata-mais-do-que-obesidade-indica-pesquisa.htm, skipping...
[ERROR - 2025-10-23 15:52:20,461 - Worker_3] Status code == 403 for http://uolesporte.blogosfera.uol.com.br/2015/01/17/ta-bombando-achamos-algo-em-que-cristiano-ronaldo-e-messi-concordam/, skipping...
[ERROR - 2025-10-23 15:52:20,957 - Worker_1] Status code == 403 for http://noticias.uol.com.br/cotidiano/ultimas-noticias/2015/01/17/policia-prende-81-em-festa-de-aniversario-de-lider-de-faccao-no-ma.htm, skipping...
[ERROR - 2025-10-23 15:52:21,164 - Worker_4] Status code == 403 for http://noticias.uol.com.br/midiaglobal/nytimes/2015/01/17/entenda-por-que-os-muculmanos-evitam-o-uso-das-imagens-de-maome.htm, skipping...
[ERROR - 2025-10-23 15:52:23,039 - Worker_0] Status code == 403 for http://noticias.uol.com.br/ultimas-noticias/efe/2015/01/17/policia-da-grecia-prende-4-pessoas-por-ligacao-com-grupo-jihadista.htm, skipping...
[ERROR - 2025-10-23 15:52:26,862 - Worker_3] Status code == 403 for http://noticias.uol.com.br/saude/ultimas-noticias/redacao/2015/01/16/justica-federal-nega-tratamento-a-bebe-com-condicao-rara-nos-eua.htm, skipping...
[ERROR - 2025-10-23 15:52:32,133 - Worker_0] Status code == 403 for http://noticias.uol.com.br/tabloide/album/2015/01/05/os-recordes-e-tentativas-de-2015.htm?abrefoto=6, skipping...
[ERROR - 2025-10-23 15:52:36,920 - Worker_3] Failed to connect with http://tnh1.ne10.uol.com.br/noticia/interior/2015/01/17/316029/populacao-faz-operacao-tapa-buracos-apos-desistir-de-esperar-prefeitura after 3 attempts, skipping...
[ERROR - 2025-10-23 15:52:37,982 - Worker_2] Status code == 403 for http://noticias.uol.com.br/midiaglobal/derspiegel/2015/01/17/investigando-o-pegida-de-onde-vem-os-islamofobicos-da-alemanha.htm, skipping...
[ERROR - 2025-10-23 15:52:38,540 - Worker_0] Status code == 403 for http://uoltecnologia.blogosfera.uol.com.br/2015/01/16/poetweet-mostra-a-poesia-que-tem-no-seu-twitter-e-voce-nunca-percebeu/, skipping...
[ERROR - 2025-10-23 15:52:40,667 - Worker_4] Failed to connect with http://natelinha.ne10.uol.com.br/noticias/2015/01/17/serie-de-hassum-e-ingrid-guimaraes-substituira-a-grande-familia-na-globo-84495.php after 3 attempts, skipping...
[ERROR - 2025-10-23 15:52:47,117 - Worker_4] Status code == 403 for http://robertosadovski.blogosfera.uol.com.br/2015/01/17/nerdovski-15-filmes-que-voce-nao-pode-perder-em-2015/, skipping...
[ERROR - 2025-10-23 15:52:51,073 - Worker_0] Failed to connect with http://natelinha.ne10.uol.com.br/novelas/2015/01/17/rejeitado-por-enrico-felipe-o-ameaca-de-morte-saiba-como-sera-a-cena-84519.php after 3 attempts, skipping...
[ERROR - 2025-10-23 15:52:51,932 - Worker_2] Status code == 502 for http://noticias.band.uol.com.br/jornaldaband/videos/2015/01/12/15338284-confira-os-riscos-a-saude-causados-pelo-mau-uso-do-ar-condicionado.html, skipping...
[ERROR - 2025-10-23 15:52:56,028 - Worker_2] Status code == 403 for http://noticias.uol.com.br/ultimas-noticias/redacao/2015/01/17/montanhistas-se-arriscam-em-escalada-impossivel-veja-os-videos-da-semana.htm, skipping...
[ERROR - 2025-10-23 15:53:02,121 - Worker_3] Status code == 403 for http://noticias.uol.com.br/internacional/ultimas-noticias/2015/01/17/chanceler-diz-que-execucao-causa-sombra-na-relacao-entre-brasil-e-indonesia.htm, skipping...
[ERROR - 2025-10-23 15:53:05,151 - Worker_2] Status code == 403 for http://noticias.uol.com.br/cotidiano/ultimas-noticias/2015/01/17/mega-sena-acumula-e-pode-pagar-r-27-milhoes-na-quarta-veja-numeros.htm, skipping...
[ERROR - 2025-10-23 15:53:06,604 - Worker_3] Status code == 404 for http://carnaval.uol.com.br/2015/sao-paulo/album/escolas-de-samba/2014/12/19/rosas-de-ouro.htm?abrefoto=12, skipping...
[ERROR - 2025-10-23 15:53:07,789 - Worker_0] Status code == 403 for http://noticias.uol.com.br/midiaglobal/nytimes/2015/01/17/pena-de-chibatada-em-blogueiro-saudita-pede-discussao-sobre-fe-e-tolerancia.htm, skipping...
[ERROR - 2025-10-23 15:53:12,015 - Worker_2] Status code == 403 for http://noticias.uol.com.br/saude/ultimas-noticias/redacao/2015/01/17/paciente-ganha-rim-e-atravessa-pais-para-o-transplante-tudo-isso-no-natal.htm, skipping...
[ERROR - 2025-10-23 15:53:15,073 - Worker_3] Status code == 404 for http://carnaval.uol.com.br/2015/noticias/redacao/2015/01/17/vila-isabel-aposta-no-planejamento-apos-problemas-com-fantasias-em-2014.htm, skipping...
[ERROR - 2025-10-23 15:53:16,109 - Worker_2] Status code == 403 for http://noticias.uol.com.br/album/album-do-dia/2015/01/17/imagens-do-dia---17-de-janeiro-de-2015.htm?abrefoto=40, skipping...
[ERROR - 2025-10-23 15:53:18,909 - Worker_4] Status code == 403 for http://noticias.uol.com.br/ultimas-noticias/afp/2015/01/18/belgica-pedira-extradicao-de-suspeito-jihadista-preso-na-grecia.htm, skipping...
[ERROR - 2025-10-23 15:53:22,442 - Worker_2] Status code == 403 for http://noticias.uol.com.br/ultimas-noticias/agencia-estado/2015/01/18/punicao-contra-petrobras-sera-mais-dura-nos-eua.htm, skipping...
[ERROR - 2025-10-23 15:53:23,478 - Worker_0] Status code == 403 for http://noticias.uol.com.br/ultimas-noticias/efe/2015/01/18/ai-denuncia-regressao-nos-direitos-humanos-na-indonesia-apos-execucoes.htm, skipping...
[ERROR - 2025-10-23 15:53:25,443 - Worker_4] Status code == 404 for http://carnaval.uol.com.br/2015/rio-de-janeiro/album/escolas-de-samba/2014/12/19/grande-rio.htm?abrefoto=24, skipping...
[ERROR - 2025-10-23 15:53:26,531 - Worker_2] Status code == 403 for http://noticias.uol.com.br/ultimas-noticias/bbc/2015/01/18/indonesia-quem-e-o-segundo-brasileiro-no-corredor-da-morte.htm, skipping...
[ERROR - 2025-10-23 15:53:26,569 - Worker_1] Status code == 403 for http://tecnologia.uol.com.br/noticias/redacao/2015/01/15/canadense-vira-hit-no-instagram-com-fotos-de-esqueleto-agindo-como-humano.htm, skipping...
[ERROR - 2025-10-23 15:53:27,363 - Worker_3] Status code == 404 for http://esporte.uol.com.br/futebol/campeonatos/copa-sao-paulo/ultimas-noticias/2015/01/18/corinthians-x-goias.htm, skipping...
[ERROR - 2025-10-23 15:53:27,613 - Worker_0] Status code == 403 for http://todosabordo.blogosfera.uol.com.br/2015/01/18/gol-lanca-rota-inedita-ligando-o-brasil-a-trinidad-e-tobago/, skipping...
[ERROR - 2025-10-23 15:53:29,543 - Worker_4] Status code == 403 for http://noticias.uol.com.br/ultimas-noticias/afp/2015/01/18/movimento-anti-isla-cancela-manifestacao-na-alemanha-apos-ameacas.htm, skipping...
[ERROR - 2025-10-23 15:53:31,462 - Worker_3] Status code == 403 for http://noticias.uol.com.br/ultimas-noticias/agencia-estado/2015/01/18/3-volume-morto-vai-abastecer-interior.htm, skipping...
[ERROR - 2025-10-23 15:53:31,709 - Worker_0] Status code == 403 for http://noticias.uol.com.br/opiniao/coluna/2015/01/18/setor-da-construcao-deve-andar-de-lado-em-2015.htm, skipping...
[ERROR - 2025-10-23 15:53:32,850 - Worker_2] Status code == 403 for http://noticias.uol.com.br/tabloide/album/2015/01/05/miss-universo-2014.htm?abrefoto=189, skipping...
[ERROR - 2025-10-23 15:53:35,868 - Worker_0] Status code == 404 for http://futebol.placar.esporte.uol.com.br/futebol/copa-sao-paulo/2015/01/18/flamengo-x-atletico-mg.htm, skipping...
[ERROR - 2025-10-23 15:53:46,531 - Worker_4] Status code == 403 for http://noticias.uol.com.br/midiaglobal/nytimes/2015/01/18/leilao-de-um-cezanne-evidencia-nova-realidade-do-mercado-de-arte.htm, skipping...
[ERROR - 2025-10-23 15:54:03,453 - Worker_2] Status code == 403 for http://noticias.uol.com.br/album/album-do-dia/2015/01/18/imagens-do-dia---18-de-janeiro-de-2015.htm?abrefoto=27, skipping...
[ERROR - 2025-10-23 15:54:10,914 - Worker_3] Status code == 403 for http://noticias.uol.com.br/ultimas-noticias/reuters/2015/01/18/tropas-da-ucrania-recuperam-maior-parte-de-aeroporto-de-donetsk-diz-militar.htm, skipping...
[ERROR - 2025-10-23 15:54:12,282 - Worker_2] Status code == 403 for http://noticias.uol.com.br/album/2015/01/18/imagens-da-semana.htm?abrefoto=7, skipping...
[ERROR - 2025-10-23 15:54:13,712 - Worker_0] Status code == 403 for http://noticias.uol.com.br/midiaglobal/nytimes/2015/01/18/casas-de-praia-na-nova-zelandia-ganham-reformas-de-luxo.htm, skipping...
[ERROR - 2025-10-23 15:54:16,377 - Worker_2] Status code == 403 for http://noticias.uol.com.br/internacional/ultimas-noticias/2015/01/18/corpo-de-brasileiro-fuzilado-na-indonesia-e-cremado.htm, skipping...
[ERROR - 2025-10-23 15:54:17,818 - Worker_0] Status code == 403 for http://noticias.uol.com.br/album/album-do-dia/2015/01/18/imagens-do-dia---18-de-janeiro-de-2015.htm?abrefoto=20, skipping...
[ERROR - 2025-10-23 15:54:19,516 - Worker_3] Status code == 404 for http://guia.uol.com.br/rio-de-janeiro/restaurantes/noticias/2015/01/15/novo-bar-na-zona-sul-oferece-petiscos-inspirados-na-culinaria-brasileira.htm, skipping...
[ERROR - 2025-10-23 15:54:22,796 - Worker_2] Status code == 404 for http://charges.uol.com.br/2015/01/17/tobby-entrevista-mario-3/, skipping...
[ERROR - 2025-10-23 15:54:24,670 - Worker_4] Status code == 403 for http://noticias.uol.com.br/midiaglobal/lemonde/2015/01/18/quais-sao-os-recursos-de-combate-ao-terrorismo-na-franca.htm, skipping...
[ERROR - 2025-10-23 15:54:26,897 - Worker_2] Status code == 403 for http://noticias.uol.com.br/album/album-do-dia/2015/01/18/imagens-do-dia---18-de-janeiro-de-2015.htm?abrefoto=31, skipping...
[ERROR - 2025-10-23 15:54:28,847 - Worker_4] Status code == 403 for http://uolesporte.blogosfera.uol.com.br/2015/01/18/jogador-da-nba-ja-quer-fazer-a-fila-de-ex-do-cr7-andar/, skipping...
[ERROR - 2025-10-23 15:54:30,400 - Worker_1] Status code == 404 for http://esporte.uol.com.br/tenis/ultimas-noticias/2015/01/18/em-alta-federer-tenta-evitar-maior-jejum-da-carreira-em-grand-slams.htm, skipping...
[ERROR - 2025-10-23 15:54:31,003 - Worker_2] Status code == 403 for http://noticias.uol.com.br/ultimas-noticias/reuters/2015/01/18/politico-irlandes-e-primeiro-homossexual-assumido-a-ocupar-o-cargo-de-ministro.htm, skipping...
[ERROR - 2025-10-23 15:54:35,326 - Worker_2] Status code == 403 for http://tecnologia.uol.com.br/noticias/bbc/2015/01/13/como-se-conectar-a-internet-onde-nao-ha-conexao.htm, skipping...
[ERROR - 2025-10-23 15:54:39,073 - Worker_3] Status code == 403 for http://noticias.uol.com.br/ultimas-noticias/ansa/2015/01/18/franca-enterra-autores-de-atentado-contra-jornal.htm, skipping...
[ERROR - 2025-10-23 15:54:39,374 - Worker_0] Status code == 404 for http://carnaval.uol.com.br/2015/sao-paulo/album/escolas-de-samba/2014/12/19/rosas-de-ouro.htm?abrefoto=18, skipping...
[ERROR - 2025-10-23 15:54:43,576 - Worker_1] Status code == 403 for http://noticias.uol.com.br/cotidiano/ultimas-noticias/2015/01/19/justica-do-rj-condena-donos-de-sitio-a-prisao-por-praticar-trabalho-escravo.htm, skipping...
[ERROR - 2025-10-23 15:54:46,020 - Worker_3] Status code == 403 for http://noticias.uol.com.br/politica/ultimas-noticias/2015/01/19/veja-sete-motivos-para-ficar-de-olho-na-eleicao-do-presidente-da-camara.htm, skipping...
[ERROR - 2025-10-23 15:54:50,112 - Worker_3] Status code == 403 for http://noticias.uol.com.br/cotidiano/ultimas-noticias/2015/01/19/entenda-porque-faltou-luz-em-estados-e-no-df-especialistas-explicam.htm, skipping...
[ERROR - 2025-10-23 15:54:52,425 - Worker_1] Status code == 404 for http://charges.uol.com.br/2015/01/19/cotidiano-um-dia-duro/, skipping...
[ERROR - 2025-10-23 15:54:54,677 - Worker_4] Status code == 403 for http://noticias.uol.com.br/midiaglobal/nytimes/2015/01/19/cresce-onda-de-ocidentais-que-se-juntam-a-extremistas-em-zonas-de-guerra.htm, skipping...
[ERROR - 2025-10-23 15:54:56,543 - Worker_1] Status code == 403 for http://noticias.uol.com.br/midiaglobal/elpais/2015/01/19/islamismo-e-as-sociedades-ocidentais-nao-sao-entes-compactos.htm, skipping...
[ERROR - 2025-10-23 15:54:58,806 - Worker_4] Status code == 403 for http://noticias.uol.com.br/ultimas-noticias/agencia-estado/2015/01/19/archer-pediu-para-ser-executado-antes-de-decisao-diz-amigo.htm, skipping...
[ERROR - 2025-10-23 15:54:58,902 - Worker_3] Status code == 403 for http://uolesportevetv.blogosfera.uol.com.br/2015/01/19/flamengo-gera-bate-boca-entre-r-mauricio-prado-e-sormani-na-fox-sports/, skipping...
[ERROR - 2025-10-23 15:55:02,894 - Worker_4] Status code == 403 for http://noticias.uol.com.br/saude/ultimas-noticias/redacao/2015/01/15/fico-excitado-com-fotos-mas-minha-namorada-nao-gosta-o-que-fazer.htm, skipping...
[ERROR - 2025-10-23 15:55:07,435 - Worker_3] Status code == 403 for http://economia.uol.com.br/noticias/reuters/2015/01/19/construtoras-na-lava-jato-levantam-temores-no-governo-sobre-concessoes-de-aeroportos.htm, skipping...
[ERROR - 2025-10-23 15:55:11,587 - Worker_3] Status code == 403 for http://mauriciostycer.blogosfera.uol.com.br/2015/01/19/o-dia-em-que-a-realidade-bateu-a-porta-do-teste-de-fidelidade/, skipping...
[ERROR - 2025-10-23 15:55:15,755 - Worker_3] Status code == 403 for http://rodrigomattos.blogosfera.uol.com.br/2015/01/19/cbf-cria-regra-anti-chapeu-em-contratacoes-e-prende-jovens-a-clubes/, skipping...
[ERROR - 2025-10-23 15:55:16,410 - Worker_1] Status code == 403 for http://educacao.uol.com.br/noticias/2015/01/19/onu-121-milhoes-de-criancas-e-adolescentes-estao-fora-da-escola.htm, skipping...
[ERROR - 2025-10-23 15:55:18,622 - Worker_2] Status code == 403 for http://noticias.uol.com.br/cotidiano/ultimas-noticias/2015/01/19/falta-de-luz-afeta-parte-da-grande-sao-paulo.htm, skipping...
[ERROR - 2025-10-23 15:55:19,856 - Worker_3] Status code == 403 for http://educacao.uol.com.br/noticias/2015/01/19/no-1-dia-sisu-2015-registra-12-milhao-de-inscritos-prazo-termina-quinta.htm, skipping...
[ERROR - 2025-10-23 15:55:21,310 - Worker_4] Failed to connect with http://natelinha.ne10.uol.com.br/celebridades/2015/01/19/clara-lembra-beijo-em-vanessa-ha-um-ano-estavamos-chocando-a-familia-84565.php after 3 attempts, skipping...
[ERROR - 2025-10-23 15:55:28,746 - Worker_3] Status code == 403 for http://tecnologia.uol.com.br/noticias/redacao/2015/01/19/funcionario-perde-acao-trabalhista-apos-ser-desmentido-por-facebook.htm, skipping...
[ERROR - 2025-10-23 15:55:29,606 - Worker_2] Status code == 403 for http://noticias.uol.com.br/ultimas-noticias/agencia-estado/2015/01/19/portugues-acusado-de-matar-a-mulher-esta-internado-em-estado-grave.htm, skipping...
[ERROR - 2025-10-23 15:55:30,723 - Worker_1] Status code == 404 for http://carnaval.uol.com.br/2015/noticias/redacao/2015/01/19/mocidade-e-mangueira-emocionam-a-sapucai-com-ensaios-empolgantes.htm, skipping...
[ERROR - 2025-10-23 15:55:32,876 - Worker_3] Status code == 403 for http://economia.uol.com.br/noticias/redacao/2015/01/19/com-alta-de-impostos-gasolina-sobe-r-022-por-litro-e-diesel-r-015.htm, skipping...
[ERROR - 2025-10-23 15:55:33,701 - Worker_2] Status code == 403 for http://noticias.uol.com.br/ultimas-noticias/bbc/2015/01/19/criador-registra-explosao-em-tentativa-frustrada-de-reciclar-foguete.htm, skipping...
[ERROR - 2025-10-23 15:55:40,045 - Worker_2] Status code == 403 for http://noticias.uol.com.br/ultimas-noticias/agencia-estado/2015/01/19/governo-trabalha-para-evitar-nova-execucao-diz-assessor-da-presidencia.htm, skipping...
[ERROR - 2025-10-23 15:55:42,104 - Worker_4] Status code == 403 for http://noticias.uol.com.br/ultimas-noticias/efe/2015/01/19/uzbequistao-pode-ter-mulher-mais-velha-do-mundo-com-134-anos.htm, skipping...
[ERROR - 2025-10-23 15:55:44,248 - Worker_2] Status code == 403 for http://josecruz.blogosfera.uol.com.br/2015/01/brincando-de-ser-ministro/, skipping...
[ERROR - 2025-10-23 15:55:48,365 - Worker_2] Status code == 403 for http://economia.uol.com.br/noticias/redacao/2015/01/19/governo-dobra-iof-em-operacao-de-credito-ao-consumidor.htm, skipping...
[ERROR - 2025-10-23 15:55:48,416 - Worker_4] Status code == 403 for http://noticias.uol.com.br/internacional/ultimas-noticias/le-monde/2015/01/20/agora-e-a-vez-das-modelos-dos-saloes-de-automoveis-ficarem-de-olho-nos-clientes.htm, skipping...
[ERROR - 2025-10-23 15:55:53,411 - Worker_0] Status code == 403 for http://uolesportevetv.blogosfera.uol.com.br/2015/01/20/e-barraco-veja-10-momentos-em-que-o-tempo-fechou-ao-vivo-na-imprensa/, skipping...
[ERROR - 2025-10-23 15:55:55,770 - Worker_1] Status code == 403 for http://noticias.uol.com.br/ultimas-noticias/afp/2015/01/20/eua-exigem-a-libertacao-dos-japoneses-em-maos-do-estado-islamico.htm, skipping...
[ERROR - 2025-10-23 15:55:57,008 - Worker_4] Status code == 403 for http://noticias.uol.com.br/midiaglobal/elpais/2015/01/20/a-dificil-aventura-de-fazer-compras-na-venezuela.htm, skipping...
[ERROR - 2025-10-23 15:55:57,506 - Worker_0] Status code == 403 for http://noticias.uol.com.br/ultimas-noticias/efe/2015/01/20/cartunista-que-levou-tiro-em-massacre-sera-novo-diretor-da-charlie-hebdo.htm, skipping...
[ERROR - 2025-10-23 15:56:02,918 - Worker_2] Failed to connect with http://tnh1.ne10.uol.com.br/noticia/alagoas/2015/01/20/316203/familiares-violam-tumulo-e-desenterram-mulher-que-estaria-viva after 3 attempts, skipping...
[ERROR - 2025-10-23 15:56:06,219 - Worker_0] Status code == 403 for http://noticias.uol.com.br/album/2015/01/20/evento-promove-o-topless-no-rio-de-janeiro.htm?abrefoto=1, skipping...
[ERROR - 2025-10-23 15:56:06,603 - Worker_1] Status code == 403 for http://allansieber.blogosfera.uol.com.br/2015/01/19/f-u-q/, skipping...
[ERROR - 2025-10-23 15:56:07,071 - Worker_2] Status code == 403 for http://nagradedomma.blogosfera.uol.com.br/2015/01/20/mudanca-de-postura-faz-anderson-silva-perder-principal-parceiro/, skipping...
[ERROR - 2025-10-23 15:56:07,947 - Worker_4] Status code == 404 for http://carnaval.uol.com.br/2015/album/2015/01/20/preta-gil-faz-ensaio-de-seu-bloco-no-rio-e-anitta-exibe-novo-visual.htm?abrefoto=7, skipping...
[ERROR - 2025-10-23 15:56:10,321 - Worker_0] Status code == 403 for http://noticias.uol.com.br/ultimas-noticias/afp/2015/01/20/aviao-da-airasia-alcancou-uma-velocidade-excessiva-e-caiu.htm, skipping...
[ERROR - 2025-10-23 15:56:12,998 - Worker_1] Status code == 403 for http://uolesporte.blogosfera.uol.com.br/2015/01/20/jogador-tenta-enterrada-por-cima-de-5-pessoas-e-passa-vergonha-na-china/, skipping...
[ERROR - 2025-10-23 15:56:14,469 - Worker_0] Status code == 403 for http://doutorjairo.blogosfera.uol.com.br/2015/01/20/genes-podem-interferir-na-tendencia-a-beber-por-influencia-dos-amigos/, skipping...
[ERROR - 2025-10-23 15:56:17,111 - Worker_1] Status code == 403 for http://noticias.uol.com.br/ciencia/album/2015/01/01/veja-imagens-de-ciencia-do-mes-janeiro2015.htm?abrefoto=61, skipping...
[ERROR - 2025-10-23 15:56:17,273 - Worker_3] Status code == 403 for http://noticias.uol.com.br/midiaglobal/nytimes/2015/01/20/execucao-de-estrangeiros-pela-indonesia-provoca-tempestade-diplomatica.htm, skipping...
[ERROR - 2025-10-23 15:56:18,578 - Worker_0] Status code == 403 for http://educacao.uol.com.br/noticias/2015/01/20/sisu-2015-curso-de-direito-da-uff-tem-a-maior-nota-de-corte-ate-agora.htm, skipping...
[ERROR - 2025-10-23 15:56:21,263 - Worker_1] Status code == 403 for http://dralexandrefaisal.blogosfera.uol.com.br/2015/01/20/reposicao-hormonal-nao-e-recomendada-para-prevencao-do-acidente-vascular-cerebral/, skipping...
[ERROR - 2025-10-23 15:56:21,363 - Worker_3] Status code == 403 for http://noticias.uol.com.br/ultimas-noticias/reuters/2015/01/20/franca-deve-enfrentar-apartheid-social-e-etnico-diz-premie.htm, skipping...
[ERROR - 2025-10-23 15:56:22,563 - Worker_2] Status code == 403 for http://educacao.uol.com.br/noticias/agencia-estado/2015/01/20/9-em-cada-dez-alunos-de-medicina-da-usp-ja-sofreram-algum-tipo-de-agressao.htm, skipping...
[ERROR - 2025-10-23 15:56:25,389 - Worker_1] Status code == 403 for http://economia.uol.com.br/noticias/reuters/2015/01/20/pacote-de-aumento-de-impostos-piora-expectativas-e-inflacao-pode-ficar-acima-de-7-neste-ano.htm, skipping...
[ERROR - 2025-10-23 15:56:25,474 - Worker_0] Status code == 403 for http://noticias.uol.com.br/ciencia/ultimas-noticias/redacao/2015/01/20/voce-sabia-que-a-maior-parte-das-celulas-do-seu-corpo-nao-e-humana.htm, skipping...
[ERROR - 2025-10-23 15:56:29,448 - Worker_2] Status code == 403 for http://noticias.uol.com.br/cotidiano/ultimas-noticias/2015/01/20/pm-promete-evitar-bloqueio-de-via-durante-ato-contra-alta-das-tarifas-em-sp.htm, skipping...
[ERROR - 2025-10-23 15:56:29,564 - Worker_0] Status code == 403 for http://noticias.uol.com.br/ultimas-noticias/bbc/2015/01/20/execucao-abala-vida-de-fantasia-de-traficantes-brasileiros-na-indonesia.htm, skipping...
[ERROR - 2025-10-23 15:56:33,543 - Worker_2] Status code == 403 for http://noticias.uol.com.br/ultimas-noticias/afp/2015/01/20/especialistas-nao-encontram-polvora-nas-maos-de-promotor-morto-na-argentina.htm, skipping...
[ERROR - 2025-10-23 15:56:33,821 - Worker_3] Status code == 404 for http://jogos.uol.com.br/ultimas-noticias/2015/01/20/lancado-em-2013-fifa-14-foi-o-jogo-mais-vendido-no-brasil-no-ano-passado.htm, skipping...
[ERROR - 2025-10-23 15:56:36,993 - Worker_1] Status code == 403 for http://noticias.uol.com.br/midiaglobal/nytimes/2015/01/20/com-retomada-da-relacoes-cubanos-condenados-nos-eua-temem-deportacao.htm, skipping...
[ERROR - 2025-10-23 15:56:37,919 - Worker_3] Status code == 403 for http://noticias.uol.com.br/cotidiano/ultimas-noticias/2015/01/20/video-flagra-velocimetro-de-carro-a-200-kmh-antes-de-acidente-em-mg.htm, skipping...
[ERROR - 2025-10-23 15:56:43,803 - Worker_1] Status code == 403 for http://abiliodiniz.blogosfera.uol.com.br/2015/01/21/choque-de-credibilidade/, skipping...
[ERROR - 2025-10-23 15:56:48,889 - Worker_0] Status code == 403 for http://noticias.uol.com.br/ultimas-noticias/bbc/2015/01/21/evo-assume-com-desafio-de-manter-crescimento-apesar-de-baixa-do-gas.htm, skipping...
[ERROR - 2025-10-23 15:56:52,984 - Worker_0] Status code == 403 for http://noticias.uol.com.br/ultimas-noticias/reuters/2015/01/21/governo-argentino-diz-que-promotor-morto-foi-enganado-por-ex-agente-de-inteligencia.htm, skipping...
[ERROR - 2025-10-23 15:56:53,871 - Worker_1] Failed to connect with http://procurasecachorro.uol.com.br/blog/2015/01/animais-nao-poderao-mais-ser-expostos-em-vitrines-de-pet-shops/ after 3 attempts, skipping...
[ERROR - 2025-10-23 15:56:54,253 - Worker_3] Status code == 403 for http://noticias.uol.com.br/ultimas-noticias/ansa/2015/01/21/policia-italiana-nao-tem-noticias-sobre-menina-sequestrada.htm, skipping...
[ERROR - 2025-10-23 15:56:57,002 - Worker_2] Status code == 403 for http://economia.uol.com.br/noticias/redacao/2015/01/21/stj-mantem-decisao-e-eletropaulo-nao-devera-devolver-r-626-mi-a-clientes.htm, skipping...
[ERROR - 2025-10-23 15:56:59,331 - Worker_0] Status code == 403 for http://economia.uol.com.br/album/2015/01/20/airbus-quer-criar-versao-ainda-maior-do-cargueiro-gigante-beluga.htm?abrefoto=10, skipping...
[ERROR - 2025-10-23 15:57:02,343 - Worker_4] Status code == 403 for http://noticias.uol.com.br/midiaglobal/elpais/2015/01/21/morte-de-promotor-que-acusou-presidente-envenena-a-politica-argentina.htm, skipping...
[ERROR - 2025-10-23 15:57:07,068 - Worker_1] Status code == 403 for http://blogdosimao.blogosfera.uol.com.br/2015/01/20/acabou-a-agua-a-sabesp-manda-nescau-2/, skipping...
[ERROR - 2025-10-23 15:57:08,632 - Worker_2] Status code == 403 for http://uolesporte.blogosfera.uol.com.br/2015/01/21/belos-dribles-e-quedas-polemicas-marcam-atuacao-de-neymar-contra-atletico/, skipping...
[ERROR - 2025-10-23 15:57:09,882 - Worker_3] Status code == 403 for http://noticias.uol.com.br/politica/ultimas-noticias/2015/01/21/ex-prefeita-e-mais-490-terao-de-devolver-pagamentos-a-prefeitura-de-natal.htm, skipping...
[ERROR - 2025-10-23 15:57:10,825 - Worker_4] Status code == 403 for http://noticias.uol.com.br/ultimas-noticias/bbc/2015/01/21/todo-dia-acordava-e-pensava-vou-morrer-em-poucos-dias.htm, skipping...
[ERROR - 2025-10-23 15:57:12,397 - Worker_0] Status code == 403 for http://noticias.uol.com.br/midiaglobal/lemonde/2015/01/21/human-rights-watch-denuncia-violencia-policial-contra-imigrantes-em-calais.htm, skipping...
[ERROR - 2025-10-23 15:57:13,975 - Worker_3] Status code == 403 for http://noticias.uol.com.br/cotidiano/ultimas-noticias/2015/01/21/mega-sena-acumula-pela-4-vez-e-pode-pagar-r-34-milhoes-veja-dezenas.htm, skipping...
[ERROR - 2025-10-23 15:57:14,999 - Worker_2] Status code == 403 for http://pvc.blogosfera.uol.com.br/2015/01/21/o-novo-atletico-sem-diego-tardelli-e-sem-sentir-falta-de-seu-idolo/, skipping...
[ERROR - 2025-10-23 15:57:17,143 - Worker_4] Status code == 403 for http://noticias.uol.com.br/midiaglobal/elpais/2015/01/21/uma-pessoa-tem-direito-de-escrever-um-romance-islamofobo-diz-houellebecq.htm, skipping...
[ERROR - 2025-10-23 15:57:20,133 - Worker_1] Status code == 403 for http://noticias.uol.com.br/ciencia/ultimas-noticias/estado/2015/01/21/aranha-de-sao-manuel-sp-nao-e-agressiva-diz-veterinario.htm, skipping...
[ERROR - 2025-10-23 15:57:21,442 - Worker_0] Status code == 403 for http://educacao.uol.com.br/noticias/2015/01/21/uniformes-escolares-novos-sao-encontrados-em-canavial-em-macatuba-sp.htm, skipping...
[ERROR - 2025-10-23 15:57:24,071 - Worker_2] Status code == 403 for http://tecnologia.uol.com.br/noticias/redacao/2015/01/21/whatsapp-libera-funcao-que-permite-enviar-e-mandar-mensagens-pela-web.htm, skipping...
[ERROR - 2025-10-23 15:57:28,184 - Worker_2] Status code == 403 for http://noticias.uol.com.br/album/album-do-dia/2015/01/21/imagens-do-dia---21-de-janeiro-de-2015.htm?abrefoto=42, skipping...
[ERROR - 2025-10-23 15:57:28,550 - Worker_0] Status code == 403 for http://economia.uol.com.br/noticias/redacao/2015/01/21/juros-selic-banco-central-copom.htm, skipping...
[ERROR - 2025-10-23 15:57:29,615 - Worker_1] Status code == 403 for http://noticias.uol.com.br/ultimas-noticias/agencia-estado/2015/01/21/juiz-anuncia-fim-da-rebeliao-em-presidio-do-recife.htm, skipping...
[ERROR - 2025-10-23 15:57:30,259 - Worker_3] Status code == 403 for http://uolesporte.blogosfera.uol.com.br/2015/01/20/jogadores-do-egito-param-partida-no-mundial-de-handebol-para-fazer-oracao/, skipping...
[ERROR - 2025-10-23 15:57:32,695 - Worker_4] Status code == 403 for http://noticias.uol.com.br/voce-manda/2015/01/21/aniversario-de-sao-paulo.htm, skipping...
[ERROR - 2025-10-23 15:57:33,712 - Worker_1] Status code == 403 for http://economia.uol.com.br/cotacoes/noticias/redacao/2015/01/21/simulador-de-bolsa-uol-invest-inicia-edicao-de-2015-e-dara-ipad-a-vencedor.htm, skipping...
[ERROR - 2025-10-23 15:57:34,389 - Worker_3] Status code == 403 for http://noticias.uol.com.br/opiniao/coluna/2015/01/21/nao-ha-razao-para-aumentar-ainda-mais-a-carga-tributaria-brasileira.htm, skipping...
[ERROR - 2025-10-23 15:57:38,634 - Worker_0] Failed to connect with http://natelinha.ne10.uol.com.br/mulher/2015/01/20/entenda-como-os-hormonios-influenciam-na-beleza-da-mulher-84566.php after 3 attempts, skipping...
[ERROR - 2025-10-23 15:57:41,037 - Worker_2] Status code == 403 for http://radiouol.blogosfera.uol.com.br/2015/01/22/conheca-o-funk-rasteirinha-novo-estilo-que-dominou-as-pistas/, skipping...
[ERROR - 2025-10-23 15:57:42,289 - Worker_1] Status code == 403 for http://noticias.uol.com.br/cotidiano/ultimas-noticias/2015/01/22/estacao-da-sabesp-ainda-sofre-com-queda-de-energia-e-prejudica-640-mil.htm, skipping...
[ERROR - 2025-10-23 15:57:42,909 - Worker_3] Status code == 403 for http://noticias.uol.com.br/cotidiano/ultimas-noticias/2015/01/22/quatro-sao-detidos-furtando-agua-para-vender-em-duque-de-caxias-rj.htm, skipping...
[ERROR - 2025-10-23 15:57:45,771 - Worker_0] Status code == 403 for http://noticias.uol.com.br/saude/ultimas-noticias/afp/2015/01/22/cigarro-eletronico-pode-ser-de-5-a-15-vezes-mais-cancerigeno-diz-estudo.htm, skipping...
[ERROR - 2025-10-23 15:57:46,386 - Worker_1] Status code == 403 for http://noticias.uol.com.br/saude/ultimas-noticias/redacao/2015/01/13/cientistas-descobrem-formas-diferentes-da-ejaculacao-feminina.htm, skipping...
[ERROR - 2025-10-23 15:57:47,016 - Worker_3] Status code == 404 for http://guia.uol.com.br/brasilia/noticias/2015/01/22/avioes-do-forro-e-cristiano-araujo-sao-atracoes-de-festa-no-mane-garrincha.htm, skipping...
[ERROR - 2025-10-23 15:57:50,480 - Worker_1] Status code == 403 for http://noticias.uol.com.br/ultimas-noticias/efe/2015/01/22/jornalista-confirma-que-recebeu-envelope-de-nisman-horas-antes-de-sua-morte.htm, skipping...
[ERROR - 2025-10-23 15:57:53,628 - Worker_3] Status code == 403 for http://noticias.uol.com.br/midiaglobal/lemonde/2015/01/22/opiniao-reacao-apos-atentados-recupera-memoria-e-singularidade-da-franca.htm, skipping...
[ERROR - 2025-10-23 15:57:54,927 - Worker_2] Status code == 502 for http://noticias.band.uol.com.br/jornaldaband/videos/2015/01/22/15349708-integrante-do-pcc-e-preso-com-740-mil-reais-em-dinheiro.html, skipping...
[ERROR - 2025-10-23 15:58:46,446 - Worker_2] Status code == 403 for http://noticias.uol.com.br/midiaglobal/elpais/2015/01/22/vargas-llosa-nao-me-preocupo-com-o-ridiculo-mas-o-risco-me-seduz-muito.htm, skipping...
[ERROR - 2025-10-23 15:58:52,874 - Worker_2] Status code == 403 for http://uolesporte.blogosfera.uol.com.br/2015/01/22/jogadores-do-sp-zoam-ceni-ao-dar-parabens-ganso-fala-em-72-anos/, skipping...
[ERROR - 2025-10-23 15:58:53,363 - Worker_1] Status code == 403 for http://noticias.uol.com.br/politica/ultimas-noticias/2015/01/22/tre-confirma-multa-de-r-52-milhoesa-a-governador-eleito-de-minas-gerais.htm, skipping...
[ERROR - 2025-10-23 15:58:53,664 - Worker_3] Status code == 403 for http://noticias.uol.com.br/ultimas-noticias/efe/2015/01/21/viuva-vive-ha-7-anos-em-cruzeiros-pagando-us-164-mil-ao-ano.htm, skipping...
[ERROR - 2025-10-23 15:58:56,945 - Worker_2] Status code == 404 for http://guia.uol.com.br/rio-de-janeiro/passeios/noticias/2015/01/21/parque-madureira-recebe-mundial-de-skate-bowl-a-partir-de-quinta-22.htm, skipping...
[ERROR - 2025-10-23 15:58:57,563 - Worker_1] Status code == 403 for http://uolesporte.blogosfera.uol.com.br/2015/01/22/ator-de-hollywood-nocauteia-cheerleader-com-bolada-em-jogo-da-nba/, skipping...
[ERROR - 2025-10-23 15:59:02,578 - Worker_3] Status code == 403 for http://noticias.uol.com.br/midiaglobal/outros/2015/01/22/reflexoes-de-um-estudante-ativista-que-se-tornou-sargento-de-policia.htm, skipping...
[ERROR - 2025-10-23 15:59:04,467 - Worker_1] Status code == 403 for http://noticias.uol.com.br/ultimas-noticias/agencia-estado/2015/01/22/contra-multa-entidade-convoca-banho-coletivo-na-casa-do-alckmin.htm, skipping...
[ERROR - 2025-10-23 15:59:08,220 - Worker_2] Status code == 403 for http://allansieber.blogosfera.uol.com.br/2015/01/21/eles-estao-entre-nos/, skipping...
[ERROR - 2025-10-23 15:59:08,753 - Worker_1] Status code == 404 for http://guia.uol.com.br/noticias/2015/01/21/cantor-da-trilha-de-imperio-dan-torres-faz-shows-em-sp-e-rio.htm, skipping...
[ERROR - 2025-10-23 15:59:12,373 - Worker_3] Status code == 403 for http://noticias.uol.com.br/meio-ambiente/album/2015/01/22/torre-para-observacao-climatica-e-construida-na-amazonia.htm, skipping...
[ERROR - 2025-10-23 15:59:16,493 - Worker_3] Status code == 403 for http://economia.uol.com.br/noticias/bbc/2015/01/21/alta-de-juros-tera-impacto-bilionario-na-divida-publica.htm, skipping...
[ERROR - 2025-10-23 15:59:17,158 - Worker_2] Status code == 403 for http://noticias.uol.com.br/cotidiano/ultimas-noticias/2015/01/22/aeronautas-decidem-suspender-paralisacoes.htm, skipping...
[ERROR - 2025-10-23 15:59:18,119 - Worker_1] Status code == 403 for http://noticias.uol.com.br/opiniao/coluna/2015/01/22/pingue-pongue-e-comida-de-graca-nao-bastam-para-engajar-funcionario.htm, skipping...
[ERROR - 2025-10-23 15:59:22,255 - Worker_1] Status code == 403 for http://noticias.uol.com.br/ultimas-noticias/agencia-estado/2015/01/22/brasil-busca-mobilizacao-com-outros-paises-para-evitar-execucao.htm, skipping...
[ERROR - 2025-10-23 15:59:24,012 - Worker_0] Status code == 403 for http://educacao.uol.com.br/noticias/2015/01/23/na-minha-casa-esta-faltando-comida-diz-funcionaria-da-uerj-sem-salario.htm, skipping...
[ERROR - 2025-10-23 15:59:27,188 - Worker_4] Status code == 403 for http://nagradedomma.blogosfera.uol.com.br/2015/01/23/entenda-por-que-anderson-esta-tao-desapontado-com-lyoto-e-jacare/, skipping...
[ERROR - 2025-10-23 15:59:28,724 - Worker_1] Status code == 403 for http://doutorjairo.blogosfera.uol.com.br/2015/01/23/mensagens-pro-maconha-sao-a-maioria-no-twitter-dizem-pesquisadores/, skipping...
[ERROR - 2025-10-23 15:59:31,025 - Worker_3] Failed to connect with http://natelinha.ne10.uol.com.br/novelas/2015/01/23/chiquititas-chega-ao-capitulo-400-e-se-torna-a-segunda-novela-mais-longa-84759.php after 3 attempts, skipping...
[ERROR - 2025-10-23 15:59:33,586 - Worker_4] Status code == 403 for http://noticias.uol.com.br/ultimas-noticias/bbc/2015/01/23/em-batalha-judicial-com-senhorio-alemao-ganha-direito-de-urinar-em-pe.htm, skipping...
[ERROR - 2025-10-23 15:59:33,739 - Worker_2] Failed to connect with http://portalcorreio.uol.com.br/noticias/cidades/conflito/2015/01/23/NWS,253360,4,347,NOTICIAS,2190-LEI-FAZ-VAQUEJADA-ESPORTE-PARAIBA-DEFENSORES-ANIMAIS-PROTESTAM.aspx after 3 attempts, skipping...
[ERROR - 2025-10-23 15:59:37,826 - Worker_2] Status code == 403 for http://noticias.uol.com.br/cotidiano/ultimas-noticias/2015/01/23/videos-mostram-explosao-no-metro-do-df.htm, skipping...
[ERROR - 2025-10-23 15:59:39,641 - Worker_1] Status code == 403 for http://noticias.uol.com.br/midiaglobal/elpais/2015/01/23/piketty-inspirador-do-debate-sobre-a-desigualdade-aplaude-obama.htm, skipping...
[ERROR - 2025-10-23 15:59:39,825 - Worker_3] Status code == 404 for http://cenapop.virgula.uol.com.br/2015/01/23/68102-estreante-no-carnaval-nuelle-alves-a-dona-candinha-faz-bonito-em-ensaio-no-anhembi/, skipping...
[ERROR - 2025-10-23 15:59:44,102 - Worker_1] Status code == 404 for http://cenapop.virgula.uol.com.br/2015/01/23/68078-musa-da-academicos-do-tucuruvi-maisa-magalhaes-da-show-no-segundo-ensaio-tecnico-sambodromo-do-anhembi/, skipping...
[ERROR - 2025-10-23 15:59:45,827 - Worker_2] Status code == 403 for http://economia.uol.com.br/empreendedorismo/noticias/redacao/2015/01/23/bel-pesce-e-estrelas-de-tutorias-em-video-dao-dicas-gratis-para-o-sucesso.htm, skipping...
[ERROR - 2025-10-23 15:59:46,718 - Worker_3] Status code == 404 for http://guia.uol.com.br/rio-de-janeiro/shows/noticias/2015/01/21/shows-de-geraldo-azevedo-e-monobloco-marcam-a-temporada-de-pre-carnaval.htm, skipping...
[ERROR - 2025-10-23 15:59:53,082 - Worker_1] Status code == 404 for http://guia.uol.com.br/sao-paulo/passeios/noticias/2015/01/19/fonte-do-ibirapuera-tem-show-em-homenagem-ao-aniversario-de-sao-paulo.htm, skipping...
[ERROR - 2025-10-23 15:59:53,476 - Worker_0] Status code == 403 for http://noticias.uol.com.br/ultimas-noticias/reuters/2015/01/23/argentina-suspeita-que-agentes-mal-intencionados-estejam-por-tras-de-morte-de-promotor.htm, skipping...
[ERROR - 2025-10-23 15:59:54,681 - Worker_2] Status code == 404 for http://guia.uol.com.br/rio-de-janeiro/teatro/noticias/2015/01/21/espetaculo-elis-a-musical-tem-sessoes-no-rio-ate-dia-8-de-fevereiro.htm, skipping...
[ERROR - 2025-10-23 15:59:56,845 - Worker_4] Status code == 403 for http://noticias.uol.com.br/opiniao/coluna/2015/01/23/poluicao-e-calor-transformam-sao-paulo-em-um-caldeirao-quimico.htm, skipping...
[ERROR - 2025-10-23 15:59:57,597 - Worker_3] Status code == 404 for http://guia.uol.com.br/belo-horizonte/noticias/2015/01/22/exposicao-em-bh-reproduz-o-espaco-sideral-de-forma-ludica.htm, skipping...
[ERROR - 2025-10-23 15:59:57,648 - Worker_0] Status code == 403 for http://pvc.blogosfera.uol.com.br/2015/01/23/tite-ve-corinthians-mais-preparado-para-once-caldas-do-que-contra-tolima/, skipping...
[ERROR - 2025-10-23 16:00:01,686 - Worker_3] Status code == 403 for http://noticias.uol.com.br/ultimas-noticias/reuters/2015/01/23/mastercard-remove-bloqueio-a-transacoes-em-cuba-de-cartoes-emitidos-nos-eua.htm, skipping...
[ERROR - 2025-10-23 16:00:01,738 - Worker_0] Status code == 403 for http://noticias.uol.com.br/midiaglobal/outros/2015/01/23/as-complexidades-para-escolha-de-um-fim-para-a-demencia.htm, skipping...
[ERROR - 2025-10-23 16:00:03,579 - Worker_2] Status code == 403 for http://noticias.uol.com.br/cotidiano/ultimas-noticias/2015/01/23/transexual-diz-ter-sido-agredido-em-sp-por-usar-banheiro-masculino.htm, skipping...
[ERROR - 2025-10-23 16:00:05,517 - Worker_4] Status code == 403 for http://noticias.uol.com.br/cotidiano/ultimas-noticias/2015/01/23/protesto-contra-tarifas-de-transporte-fecha-ruas-do-centro-de-sp.htm, skipping...
[ERROR - 2025-10-23 16:00:05,749 - Worker_3] Status code == 404 for http://guia.uol.com.br/sao-paulo/cinema/noticias/2015/01/21/mostra-no-ccbb-exibe-o-poderoso-chefao-tubarao-e-taxi-driver.htm, skipping...
[ERROR - 2025-10-23 16:00:07,687 - Worker_2] Status code == 403 for http://noticias.uol.com.br/album/album-do-dia/2015/01/23/imagens-do-dia---23-de-janeiro-de-2015.htm?abrefoto=46, skipping...
[ERROR - 2025-10-23 16:00:09,845 - Worker_3] Status code == 403 for http://economia.uol.com.br/noticias/redacao/2015/01/23/preco-medio-da-gasolina-sera-de-r-2905-a-r-3496-sp-e-o-mais-barato.htm, skipping...
[ERROR - 2025-10-23 16:00:15,802 - Worker_1] Status code == 403 for http://balanacesta.blogosfera.uol.com.br/2015/01/23/estao-definidos-os-titulares-do-all-star-game-da-nba-voce-concorda/, skipping...
[ERROR - 2025-10-23 16:00:16,150 - Worker_2] Status code == 404 for http://guia.uol.com.br/curitiba/noticias/2015/01/16/roteiro-lista-atracoes-em-shoppings-para-divertir-a-criancada.htm, skipping...
[ERROR - 2025-10-23 16:00:19,878 - Worker_3] Failed to connect with http://natelinha.ne10.uol.com.br/novelas/2015/01/23/alto-astral-caique-e-laura-nao-podem-ficar-juntos-saiba-o-motivo-84748.php after 3 attempts, skipping...
[ERROR - 2025-10-23 16:00:20,156 - Worker_0] Status code == 403 for http://educacao.uol.com.br/noticias/agencia-estado/2015/01/23/numero-de-bolsas-do-prouni-cresce-11-em-2015.htm, skipping...
[ERROR - 2025-10-23 16:00:24,036 - Worker_3] Status code == 403 for http://uolesportevetv.blogosfera.uol.com.br/2015/01/23/aconteceu-sao-paulino-da-a-entrevista-mais-maluca-da-copinha/, skipping...
[ERROR - 2025-10-23 16:00:25,361 - Worker_2] Status code == 403 for http://noticias.uol.com.br/midiaglobal/lemonde/2015/01/23/museu-do-louvre-exibe-objetos-historicos-da-ilha-grega-de-rodes.htm, skipping...
[ERROR - 2025-10-23 16:00:26,860 - Worker_4] Failed to connect with http://natelinha.ne10.uol.com.br/novelas/2015/01/23/imperio-chantageada-cora-vira-escrava-de-jurema-84779.php after 3 attempts, skipping...
[ERROR - 2025-10-23 16:00:28,136 - Worker_3] Status code == 403 for http://noticias.uol.com.br/ultimas-noticias/reuters/2015/01/23/especialistas-dizem-ter-encontrado-16-novos-virus-com-potencial-para-infectar-homem.htm, skipping...
[ERROR - 2025-10-23 16:00:30,953 - Worker_4] Status code == 403 for http://educacao.uol.com.br/noticias/2015/01/22/restauradora-faz-intercambio-depois-dos-50-realizei-um-sonho.htm, skipping...
[ERROR - 2025-10-23 16:00:33,966 - Worker_2] Status code == 403 for http://noticias.uol.com.br/cotidiano/ultimas-noticias/2015/01/24/brigadeiro-e-nutella-com-maconha-sao-vendidos-em-praias-e-festas-no-rj-e-sc.htm, skipping...
[ERROR - 2025-10-23 16:00:35,047 - Worker_4] Status code == 403 for http://noticias.uol.com.br/midiaglobal/elpais/2015/01/24/sobra-a-lideranca-de-obama.htm, skipping...
[ERROR - 2025-10-23 16:00:35,533 - Worker_1] Failed to connect with http://noticias.carsale.uol.com.br/ultimas/2015/01/22/veja-dois-classicos-mercedes-benz-300sls-deixados-para-morrer-em-cuba/ after 3 attempts, skipping...
[ERROR - 2025-10-23 16:00:38,057 - Worker_2] Status code == 403 for http://noticias.uol.com.br/ultimas-noticias/agencia-estado/2015/01/24/rio-tem-8-caso-de-bala-perdida-em-uma-semana.htm, skipping...
[ERROR - 2025-10-23 16:00:39,252 - Worker_4] Status code == 404 for http://charges.uol.com.br/2015/01/23/cotidiano-estudando-os-relatorios/, skipping...
[ERROR - 2025-10-23 16:00:41,871 - Worker_1] Status code == 403 for http://noticias.uol.com.br/cotidiano/ultimas-noticias/2015/01/24/apostador-de-sorocaba-sp-acerta-sozinho-a-mega-sena-e-leva-r-33-milhoes.htm, skipping...
[ERROR - 2025-10-23 16:00:43,097 - Worker_0] Status code == 403 for http://noticias.uol.com.br/meio-ambiente/album/2015/01/06/veja-imagens-de-meio-ambiente-2015.htm?abrefoto=30, skipping...
[ERROR - 2025-10-23 16:00:43,558 - Worker_4] Status code == 404 for http://carnaval.uol.com.br/2015/rio-de-janeiro/album/escolas-de-samba/2014/12/19/unidos-da-tijuca.htm?abrefoto=4, skipping...
[ERROR - 2025-10-23 16:00:43,819 - Worker_3] Status code == 403 for http://noticias.uol.com.br/album/album-do-dia/2015/01/24/imagens-do-dia---24-de-janeiro-de-2015.htm?abrefoto=23, skipping...
[ERROR - 2025-10-23 16:00:47,194 - Worker_0] Status code == 403 for http://noticias.uol.com.br/album/album-do-dia/2015/01/24/imagens-do-dia---24-de-janeiro-de-2015.htm?abrefoto=29, skipping...
[ERROR - 2025-10-23 16:00:47,912 - Worker_3] Status code == 403 for http://noticias.uol.com.br/album/album-do-dia/2015/01/24/imagens-do-dia---24-de-janeiro-de-2015.htm?abrefoto=26, skipping...
[ERROR - 2025-10-23 16:00:52,100 - Worker_4] Status code == 403 for http://noticias.uol.com.br/ultimas-noticias/reuters/2015/01/24/ataques-rebeldes-matam-15-em-cidade-ucraniana-diz-ministerio.htm, skipping...
[ERROR - 2025-10-23 16:00:52,620 - Worker_1] Status code == 403 for http://economia.uol.com.br/empreendedorismo/noticias/redacao/2015/01/22/fazer-uma-dr-ajuda-empresa-em-ano-dificil-na-economia-veja-6-dicas.htm, skipping...
[ERROR - 2025-10-23 16:00:56,593 - Worker_3] Status code == 403 for http://uolesporte.blogosfera.uol.com.br/2015/01/24/ele-deixou-o-zagueiro-no-chao-depois-desse-elastico-mas-nao-saiu-do-empate/, skipping...
[ERROR - 2025-10-23 16:00:58,654 - Worker_0] Status code == 403 for http://noticias.uol.com.br/opiniao/coluna/2015/01/23/poluicao-e-calor-transformam-sao-paulo-em-um-caldeirao-quimico.htm, skipping...
[ERROR - 2025-10-23 16:00:59,081 - Worker_2] Status code == 403 for http://uolesportevetv.blogosfera.uol.com.br/2015/01/24/pvc-desmaia-ao-vivo-na-fox-sports-e-causa-susto/, skipping...
[ERROR - 2025-10-23 16:01:00,670 - Worker_3] Status code == 404 for http://guia.uol.com.br/belo-horizonte/noticias/2015/01/23/orquestra-contemporanea-de-olinda-agita-o-pre-carnaval-neste-domingo-25.htm, skipping...
[ERROR - 2025-10-23 16:01:01,168 - Worker_1] Status code == 403 for http://noticias.uol.com.br/saude/ultimas-noticias/bbc/2015/01/23/perdi-meus-bracos-e-pernas-mas-tive-o-ano-mais-feliz-da-vida.htm, skipping...
[ERROR - 2025-10-23 16:01:02,757 - Worker_0] Status code == 403 for http://noticias.uol.com.br/ultimas-noticias/agencia-estado/2015/01/24/crise-hidrica-ja-preocupa-comercio-e-industria-paulista.htm, skipping...
[ERROR - 2025-10-23 16:01:04,811 - Worker_3] Status code == 403 for http://uolesporte.blogosfera.uol.com.br/2015/01/24/ta-bombando-ator-de-hollywood-nocauteia-cheerleader-na-nba/, skipping...
[ERROR - 2025-10-23 16:01:08,328 - Worker_1] Status code == 403 for http://noticias.uol.com.br/ultimas-noticias/afp/2015/01/24/curada-enfermeira-britanica-com-ebola-deixa-hospital.htm, skipping...
[ERROR - 2025-10-23 16:01:09,854 - Worker_2] Status code == 404 for http://guia.uol.com.br/sao-paulo/shows/noticias/2015/01/24/aniversario-de-sao-paulo-tem-shows-de-planta-e-raiz-pitty-e-nacao-zumbi.htm, skipping...
[ERROR - 2025-10-23 16:01:15,684 - Worker_3] Status code == 403 for http://noticias.uol.com.br/tabloide/album/2015/01/24/em-tempos-de-calor-voce-ja-viu-piscinas-como-essas.htm, skipping...
[ERROR - 2025-10-23 16:01:20,911 - Worker_2] Status code == 403 for http://noticias.uol.com.br/ultimas-noticias/bbc/2015/01/24/o-judeu-que-recebeu-uma-oferta-de-emprego-dos-nazistas.htm, skipping...
[ERROR - 2025-10-23 16:01:22,993 - Worker_4] Status code == 403 for http://uolesporte.blogosfera.uol.com.br/2015/01/24/o-que-lionel-messi-faz-com-a-cabeca-dentro-de-um-cubo-de-acrilico/, skipping...
[ERROR - 2025-10-23 16:01:23,845 - Worker_1] Status code == 403 for http://noticias.uol.com.br/ultimas-noticias/redacao/2015/01/24/mortes-provocadas-pela-policia-aumentam-40-no-rio.htm, skipping...
[ERROR - 2025-10-23 16:01:25,008 - Worker_2] Status code == 403 for http://noticias.uol.com.br/ultimas-noticias/ansa/2015/01/24/arma-que-matou-nisman-foi-disparada-a-15cm-de-distancia.htm, skipping...
[ERROR - 2025-10-23 16:01:28,797 - Worker_3] Status code == 403 for http://noticias.uol.com.br/midiaglobal/nytimes/2015/01/24/pesquisas-apontam-para-problemas-na-selecao-do-juri.htm, skipping...
[ERROR - 2025-10-23 16:01:35,051 - Worker_4] Status code == 404 for http://blogs.ne10.uol.com.br/jamildo/2015/01/24/transposicao-e-ppp-da-compesa-estao-na-lista-das-100-maiores-obras-mundo/, skipping...
[ERROR - 2025-10-23 16:01:35,957 - Worker_2] Status code == 403 for http://noticias.uol.com.br/midiaglobal/lemonde/2015/01/24/um-nanopatch-que-podera-revolucionar-a-aplicacao-de-vacinas.htm, skipping...
[ERROR - 2025-10-23 16:01:36,376 - Worker_0] Status code == 403 for http://tecnologia.uol.com.br/noticias/bbc/2015/01/24/o-que-fazer-quando-o-celular-se-molha.htm, skipping...
[ERROR - 2025-10-23 16:01:39,128 - Worker_4] Status code == 404 for http://guia.uol.com.br/rio-de-janeiro/cinema/noticias/2015/01/20/mostra-de-cinema-estrutural-apresenta-filmes-ineditos-com-entrada-a-r2.htm, skipping...
[ERROR - 2025-10-23 16:01:39,741 - Worker_3] Status code == 403 for http://noticias.uol.com.br/cotidiano/ultimas-noticias/2015/01/25/site-da-sabesp-vai-informar-horarios-e-locais-em-que-deve-faltar-agua.htm, skipping...
[ERROR - 2025-10-23 16:01:40,476 - Worker_0] Status code == 403 for http://noticias.uol.com.br/cotidiano/ultimas-noticias/2015/01/25/aventureiros-atacados-por-abelhas-caem-durante-rapel-no-rs-dois-morrem.htm, skipping...
[ERROR - 2025-10-23 16:01:43,040 - Worker_1] Status code == 403 for http://noticias.uol.com.br/cotidiano/ultimas-noticias/2015/01/24/brigadeiro-e-nutella-com-maconha-sao-vendidos-em-praias-e-festas-no-rj-e-sc.htm, skipping...
[ERROR - 2025-10-23 16:01:43,834 - Worker_3] Status code == 403 for http://noticias.uol.com.br/saude/ultimas-noticias/redacao/2015/01/25/forum-economico-mundial-debate-pela-primeira-vez-medidas-contra-cancer.htm, skipping...
[ERROR - 2025-10-23 16:01:44,387 - Worker_2] Status code == 403 for http://noticias.uol.com.br/album/album-do-dia/2015/01/25/imagens-do-dia---25-de-janeiro-de-2015.htm?abrefoto=31, skipping...
[ERROR - 2025-10-23 16:01:48,495 - Worker_2] Status code == 403 for http://noticias.uol.com.br/midiaglobal/nytimes/2015/01/25/eua-deveriam-ajudar-a-nova-democracia-do-sri-lanka.htm, skipping...
[ERROR - 2025-10-23 16:01:49,382 - Worker_1] Status code == 403 for http://noticias.uol.com.br/album/album-do-dia/2015/01/25/imagens-do-dia---25-de-janeiro-de-2015.htm?abrefoto=35, skipping...
[ERROR - 2025-10-23 16:01:53,963 - Worker_0] Status code == 403 for http://todosabordo.blogosfera.uol.com.br/2015/01/25/passageira-cobra-mudancas-apos-cachorrinha-aparecer-na-esteira-de-bagagens/, skipping...
[ERROR - 2025-10-23 16:01:55,764 - Worker_1] Status code == 403 for http://noticias.uol.com.br/album/album-do-dia/2015/01/25/imagens-do-dia---25-de-janeiro-de-2015.htm?abrefoto=34, skipping...
[ERROR - 2025-10-23 16:01:57,777 - Worker_4] Status code == 403 for http://noticias.uol.com.br/ultimas-noticias/efe/2015/01/25/atos-de-violencia-no-iraque-deixam-61-mortos-entre-eles-44-jihadistas.htm, skipping...
[ERROR - 2025-10-23 16:01:59,870 - Worker_1] Status code == 403 for http://uolesporte.blogosfera.uol.com.br/2015/01/25/autor-do-gol-do-titulo-da-copinha-ficou-7-meses-sem-jogar-em-2014-por-lesao/, skipping...
[ERROR - 2025-10-23 16:02:01,567 - Worker_3] Status code == 403 for http://uolesportevetv.blogosfera.uol.com.br/2015/01/25/red-bull-brasil-vira-sigla-no-sportv-e-torcedores-cornetam-globo/, skipping...
[ERROR - 2025-10-23 16:02:02,902 - Worker_0] Status code == 403 for http://noticias.uol.com.br/midiaglobal/lemonde/2015/01/24/tomada-do-aeroporto-de-donetsk-marca-virada-simbolica-na-guerra-na-ucrania.htm, skipping...
[ERROR - 2025-10-23 16:02:05,202 - Worker_4] Status code == 403 for http://uolesportevetv.blogosfera.uol.com.br/2015/01/25/veja-onde-estao-apresentadores-sumidos-que-fizeram-sucesso-na-tv/, skipping...
[ERROR - 2025-10-23 16:02:05,665 - Worker_3] Status code == 403 for http://noticias.uol.com.br/midiaglobal/nytimes/2015/01/25/aumento-da-aprovacao-do-governo-de-obama-sera-decisivo-para-2016.htm, skipping...
[ERROR - 2025-10-23 16:02:07,060 - Worker_0] Status code == 403 for http://nagradedomma.blogosfera.uol.com.br/2015/01/25/nao-e-so-anderson-veja-mais-8-motivos-brasileiros-para-ver-o-ufc-183/, skipping...
[ERROR - 2025-10-23 16:02:09,761 - Worker_3] Status code == 403 for http://noticias.uol.com.br/ultimas-noticias/agencia-estado/2015/01/25/turista-de-19-anos-morre-em-albergue-em-copacabana.htm, skipping...
[ERROR - 2025-10-23 16:02:09,827 - Worker_2] Failed to connect with http://natelinha.ne10.uol.com.br/novelas/2015/01/25/imperio-maria-marta-expulsa-maurilio-da-mansao-e-detona-cafajeste-84823.php after 3 attempts, skipping...
[ERROR - 2025-10-23 16:02:12,888 - Worker_1] Status code == 403 for http://noticias.uol.com.br/album/album-do-dia/2015/01/25/imagens-do-dia---25-de-janeiro-de-2015.htm?abrefoto=27, skipping...
[ERROR - 2025-10-23 16:02:15,555 - Worker_0] Status code == 403 for http://noticias.uol.com.br/cotidiano/ultimas-noticias/2015/01/24/apostador-de-sorocaba-sp-acerta-sozinho-a-mega-sena-e-leva-r-33-milhoes.htm, skipping...
[ERROR - 2025-10-23 16:02:15,952 - Worker_4] Status code == 403 for http://noticias.uol.com.br/opiniao/coluna/2015/01/23/poluicao-e-calor-transformam-sao-paulo-em-um-caldeirao-quimico.htm, skipping...
[ERROR - 2025-10-23 16:02:16,326 - Worker_3] Status code == 403 for http://uolesportevetv.blogosfera.uol.com.br/2015/01/24/pvc-desmaia-ao-vivo-na-fox-sports-e-causa-susto/, skipping...
[ERROR - 2025-10-23 16:02:20,423 - Worker_3] Status code == 403 for http://noticias.uol.com.br/internacional/ultimas-noticias/2015/01/25/promotora-desmente-jornal-e-diz-que-tiro-contra-nisman-foi-a-queima-roupa.htm, skipping...
[ERROR - 2025-10-23 16:02:23,540 - Worker_2] Status code == 403 for http://noticias.uol.com.br/ciencia/album/2015/01/01/veja-imagens-de-ciencia-do-mes-janeiro2015.htm?abrefoto=63, skipping...
[ERROR - 2025-10-23 16:02:34,649 - Worker_3] Status code == 403 for http://noticias.uol.com.br/midiaglobal/nytimes/2015/01/26/vilarejo-cambojano-afetado-pelo-hiv-fica-em-choque-e-indignado-medico-teria-espalhado-virus.htm, skipping...
[ERROR - 2025-10-23 16:02:37,081 - Worker_1] Failed to connect with http://natelinha.ne10.uol.com.br/novelas/2015/01/25/alto-astral-maria-ines-aplica-golpe-no-filho-marcos-saiba-qual-e-84824.php after 3 attempts, skipping...
[ERROR - 2025-10-23 16:02:37,281 - Worker_4] Status code == 403 for http://noticias.uol.com.br/midiaglobal/nytimes/2015/01/26/opiniao-jamais-poderemos-controlar-totalmente-o-cancer.htm, skipping...
[ERROR - 2025-10-23 16:02:40,032 - Worker_0] Status code == 403 for http://noticias.uol.com.br/cotidiano/ultimas-noticias/2015/01/24/brigadeiro-e-nutella-com-maconha-sao-vendidos-em-praias-e-festas-no-rj-e-sc.htm, skipping...
[ERROR - 2025-10-23 16:02:41,241 - Worker_1] Status code == 403 for http://economia.uol.com.br/empreendedorismo/noticias/redacao/2015/01/26/ex-panfleteiro-compra-escola-do-patrao-e-fatura-r-24-mi-com-aula-de-games.htm, skipping...
[ERROR - 2025-10-23 16:02:41,375 - Worker_4] Status code == 403 for http://noticias.uol.com.br/ultimas-noticias/agencia-estado/2015/01/26/em-bh-obra-no-rio-paraopeba-so-ficara-pronta-no-fim-de-2015.htm, skipping...
[ERROR - 2025-10-23 16:02:45,552 - Worker_4] Status code == 403 for http://nagradedomma.blogosfera.uol.com.br/2015/01/26/anderson-deixa-lado-astro-para-ser-apenas-atleta-ele-so-quer-ser-ele-mesmo/, skipping...
[ERROR - 2025-10-23 16:02:46,564 - Worker_0] Status code == 403 for http://blogdoluisperez.blogosfera.uol.com.br/2015/01/26/e-possivel-carro-a-prova-de-morte/, skipping...
[ERROR - 2025-10-23 16:02:50,916 - Worker_2] Status code == 403 for http://noticias.uol.com.br/midiaglobal/nytimes/2015/01/26/eua-sinalizam-mudanca-sobre-como-colocar-fim-a-guerra-civil-na-siria.htm, skipping...
[ERROR - 2025-10-23 16:02:51,309 - Worker_1] Failed to connect with http://tnh1.ne10.uol.com.br/noticia/policia/2015/01/26/316466/briga-em-familia-na-casa-do-deputado-federal-joao-lyra-vai-parar-na-delegacia after 3 attempts, skipping...
[ERROR - 2025-10-23 16:02:51,921 - Worker_4] Status code == 403 for http://educacao.uol.com.br/noticias/2015/01/26/sisu-2015-divulga-chamada-de-aprovados-confira-a-lista.htm, skipping...
[ERROR - 2025-10-23 16:02:55,676 - Worker_1] Status code == 404 for http://carnaval.uol.com.br/2014/noticias/redacao/2015/01/26/app-do-uol-traz-informacoes-de-400-blocos-de-rua-no-rio-e-sp.htm, skipping...
[ERROR - 2025-10-23 16:02:56,014 - Worker_4] Status code == 403 for http://educacao.uol.com.br/noticias/2015/01/26/prouni-abre-nesta-segunda-inscricoes-para-213-mil-bolsas-no-ensino-superior.htm, skipping...
[ERROR - 2025-10-23 16:02:57,233 - Worker_3] Status code == 403 for http://noticias.uol.com.br/ciencia/ultimas-noticias/bbc/2015/01/26/nasa-divulga-imagens-impressionantes-de-observatorio-de-raio-x.htm, skipping...
[ERROR - 2025-10-23 16:02:59,826 - Worker_1] Status code == 403 for http://uolesportevetv.blogosfera.uol.com.br/2015/01/26/manipulacao-no-escudo-do-red-bull-lembra-propaganda-de-regimes-autoritarios/, skipping...
[ERROR - 2025-10-23 16:03:01,533 - Worker_3] Status code == 404 for http://carnaval.uol.com.br/2015/album/2015/01/26/rainha-do-carnaval-de-sp-faz-ensaio-com-faixa-e-coroa-na-25-de-marco.htm?abrefoto=1, skipping...
[ERROR - 2025-10-23 16:03:02,103 - Worker_0] Status code == 403 for http://noticias.uol.com.br/saude/ultimas-noticias/redacao/2015/01/26/para-fugir-da-cesareas-mulheres-da-classe-media-fazem-parto-normal-no-sus.htm, skipping...
[ERROR - 2025-10-23 16:03:03,907 - Worker_2] Status code == 403 for http://companhiadeviagem.blogosfera.uol.com.br/2015/01/26/que-tal-se-hospedar-nas-mais-luxuosas-suites-presidenciais-do-mundo/, skipping...
[ERROR - 2025-10-23 16:03:06,319 - Worker_1] Status code == 403 for http://noticias.uol.com.br/cotidiano/ultimas-noticias/2015/01/26/rio-tem-13-caso-de-bala-perdida-em-9-dias-mulher-foi-atingida-na-cabeca.htm, skipping...
[ERROR - 2025-10-23 16:03:08,052 - Worker_3] Status code == 403 for http://noticias.uol.com.br/opiniao/coluna/2015/01/23/poluicao-e-calor-transformam-sao-paulo-em-um-caldeirao-quimico.htm, skipping...
[ERROR - 2025-10-23 16:03:08,260 - Worker_2] Status code == 403 for http://tecnologia.uol.com.br/noticias/redacao/2015/01/26/whatsapp-web-permite-enviar-mensagens-via-pc-veja-como-fazer.htm, skipping...
[ERROR - 2025-10-23 16:03:12,249 - Worker_4] Status code == 403 for http://uolesporte.blogosfera.uol.com.br/2015/01/26/messi-brinca-com-par-de-tenis-de-ursinhos-de-daniel-alves/, skipping...
[ERROR - 2025-10-23 16:03:12,353 - Worker_2] Status code == 403 for http://noticias.uol.com.br/tabloide/album/2015/01/05/miss-universo-2014.htm?abrefoto=350, skipping...
[ERROR - 2025-10-23 16:03:16,351 - Worker_1] Failed to connect with http://natelinha.ne10.uol.com.br/novelas/2015/01/26/imperio-maurilio-chama-cristina-de-prostituta-e-e-agredido-por-lucas-84834.php after 3 attempts, skipping...
[ERROR - 2025-10-23 16:03:16,582 - Worker_3] Status code == 403 for http://noticias.uol.com.br/cotidiano/ultimas-noticias/2015/01/26/corpos-de-praticantes-de-rapel-atacados-por-abelhas-sao-resgatados-no-rs.htm, skipping...
[ERROR - 2025-10-23 16:03:18,680 - Worker_4] Status code == 403 for http://noticias.uol.com.br/cotidiano/ultimas-noticias/2015/01/26/apos-excomunhao-padre-reune-500-pessoas-em-missa-em-bauru-sp.htm, skipping...
[ERROR - 2025-10-23 16:03:20,680 - Worker_3] Status code == 403 for http://noticias.uol.com.br/cotidiano/ultimas-noticias/2015/01/26/comandante-do-aviao-de-campos-nao-seguiu-carta-aeronautica-diz-fab.htm, skipping...
[ERROR - 2025-10-23 16:03:21,171 - Worker_2] Status code == 403 for http://noticias.uol.com.br/cotidiano/ultimas-noticias/2015/01/26/beltrame-diz-que-rj-precisa-concorrer-com-o-trafico-para-resgatar-menores.htm, skipping...
[ERROR - 2025-10-23 16:03:25,234 - Worker_0] Status code == 403 for http://noticias.uol.com.br/ultimas-noticias/ansa/2015/01/26/dono-de-arma-que-matou-nisman-e-indiciado.htm, skipping...
[ERROR - 2025-10-23 16:03:27,606 - Worker_1] Status code == 403 for http://noticias.uol.com.br/album/2015/01/05/charges-2015.htm?abrefoto=24, skipping...
[ERROR - 2025-10-23 16:03:29,929 - Worker_3] Status code == 403 for http://economia.uol.com.br/cotacoes/noticias/redacao/2015/01/26/no-3-dia-seguido-de-queda-vale-cai-45-e-puxa-queda-da-bovespa.htm, skipping...
[ERROR - 2025-10-23 16:03:30,659 - Worker_2] Status code == 403 for http://noticias.uol.com.br/politica/ultimas-noticias/2015/01/27/endividado-governo-do-df-propoe-fim-de-isencao-do-ipva-e-mais-20-medidas.htm, skipping...
[ERROR - 2025-10-23 16:03:31,762 - Worker_0] Status code == 403 for http://noticias.uol.com.br/midiaglobal/lemonde/2015/01/27/pode-a-grecia-sair-da-zona-do-euro.htm, skipping...
[ERROR - 2025-10-23 16:03:34,455 - Worker_4] Status code == 403 for http://noticias.uol.com.br/tabloide/ultimas-noticias/tabloideanas/2015/01/27/gato-reaparece-vivo-cinco-dias-depois-de-ser-enterrado-na-florida.htm, skipping...
[ERROR - 2025-10-23 16:03:35,863 - Worker_0] Status code == 403 for http://noticias.uol.com.br/ultimas-noticias/agencia-estado/2015/01/27/consorcio-preve-estiagem-pior-em-2015-e-recomenda-reservar-agua-da-chuva.htm, skipping...
[ERROR - 2025-10-23 16:03:39,961 - Worker_0] Status code == 403 for http://noticias.uol.com.br/ultimas-noticias/bbc/2015/01/27/o-esquecido-campo-de-concentracao-nazista-so-para-mulheres.htm, skipping...
[ERROR - 2025-10-23 16:03:39,991 - Worker_3] Failed to connect with http://noticias.carsale.uol.com.br/ultimas/2015/01/27/hyundai-hb20-e-ford-new-fiesta-blindados-sim-e-moda-video/ after 3 attempts, skipping...
[ERROR - 2025-10-23 16:03:41,801 - Worker_2] Status code == 403 for http://noticias.uol.com.br/cotidiano/ultimas-noticias/2015/01/27/protesto-contra-a-tarifa-em-sao-paulo.htm, skipping...
[ERROR - 2025-10-23 16:03:44,109 - Worker_0] Status code == 403 for http://doutorjairo.blogosfera.uol.com.br/2015/01/27/neurocientista-sugere-que-parar-de-fumar-aos-poucos-e-melhor/, skipping...
[ERROR - 2025-10-23 16:03:45,899 - Worker_2] Status code == 403 for http://noticias.uol.com.br/ultimas-noticias/agencia-estado/2015/01/27/para-mpf-desrespeito-a-vazao-do-cantareira-agravou-crise.htm, skipping...
[ERROR - 2025-10-23 16:03:46,670 - Worker_4] Status code == 403 for http://noticias.uol.com.br/cotidiano/ultimas-noticias/2015/01/27/ativistas-pro-parque-augusta-dormem-no-local-e-fazem-assembleias-semanais.htm, skipping...
[ERROR - 2025-10-23 16:03:48,204 - Worker_0] Status code == 403 for http://noticias.uol.com.br/cotidiano/ultimas-noticias/2015/01/27/conselho-de-sp-aprova-projeto-de-torres-no-terreno-do-parque-augusta.htm, skipping...
[ERROR - 2025-10-23 16:03:48,485 - Worker_3] Status code == 403 for http://noticias.uol.com.br/midiaglobal/lemonde/2015/01/27/nosso-sistema-de-integracao-produz-segregacao-enquanto-acredita-ser-igualitario.htm, skipping...
[ERROR - 2025-10-23 16:03:49,114 - Worker_1] Status code == 403 for http://noticias.uol.com.br/ciencia/ultimas-noticias/afp/2015/01/27/descoberta-estrela-mais-antiga-orbitada-por-planetas-do-tamanho-da-terra.htm, skipping...
[ERROR - 2025-10-23 16:03:49,994 - Worker_2] Status code == 403 for http://noticias.uol.com.br/ultimas-noticias/agencia-estado/2015/01/27/netinho-de-paula-usa-verba-de-gabinete-para-pagar-site-eleitoral.htm, skipping...
[ERROR - 2025-10-23 16:03:53,249 - Worker_1] Status code == 403 for http://educacao.uol.com.br/noticias/2015/01/27/apos-contaminacao-aluna-da-usp-leste-processa-universidade-ela-perdeu-cabelo-e-sobrancelha.htm, skipping...
[ERROR - 2025-10-23 16:03:56,402 - Worker_2] Status code == 404 for http://charges.uol.com.br/2015/01/27/cotidiano-abrindo-o-coracao/, skipping...
[ERROR - 2025-10-23 16:03:57,928 - Worker_3] Status code == 403 for http://blogdojuca.uol.com.br/2015/01/o-palmeiras-precisa-botar-os-pes-no-chao/, skipping...
[ERROR - 2025-10-23 16:04:00,578 - Worker_2] Status code == 403 for http://noticias.uol.com.br/politica/ultimas-noticias/2015/01/27/devemos-punir-as-pessoas-nao-destruir-as-empresas-diz-dilma-sobre-petrobras.htm, skipping...
[ERROR - 2025-10-23 16:04:00,578 - Worker_4] Status code == 403 for http://noticias.uol.com.br/ciencia/ultimas-noticias/estado/2015/01/27/cientistas-pesquisam-meteorito-achado-em-porangaba.htm, skipping...
[ERROR - 2025-10-23 16:04:04,741 - Worker_4] Status code == 403 for http://combaterock.blogosfera.uol.com.br/2015/01/27/butterfly-ball-a-opera-rock-de-roger-glover-faz-40-anos/, skipping...
[ERROR - 2025-10-23 16:04:05,140 - Worker_0] Status code == 403 for http://noticias.uol.com.br/politica/ultimas-noticias/2015/01/27/dilma-defende-ajustes-e-diz-que-medidas-tem-carater-corretivo.htm, skipping...
[ERROR - 2025-10-23 16:04:06,882 - Worker_1] Status code == 404 for http://carnaval.uol.com.br/2015/noticias/redacao/2015/01/27/primeira-desnuda-do-carnaval-relembra-como-se-tornou-um-mito-eternizado.htm, skipping...
[ERROR - 2025-10-23 16:04:08,874 - Worker_4] Status code == 403 for http://economia.uol.com.br/noticias/reuters/2015/01/27/apple-vende-recorde-de-745-milhoes-de-iphones-no-trimestres-receitas-superam-estimativas.htm, skipping...
[ERROR - 2025-10-23 16:04:11,014 - Worker_1] Status code == 403 for http://educacao.uol.com.br/noticias/agencia-estado/2015/01/27/defensoria-pede-que-aluna-da-usp-leste-seja-indenizada.htm, skipping...
[ERROR - 2025-10-23 16:04:14,690 - Worker_2] Status code == 404 for http://cenapop.virgula.uol.com.br/2015/01/27/68645-carnaval-2015-veja-os-figurinos-usados-por-rainhas-madrinhas-e-musas-nos-ensaios/, skipping...
[ERROR - 2025-10-23 16:04:15,110 - Worker_1] Status code == 403 for http://noticias.uol.com.br/midiaglobal/freakonomics/2015/01/27/essa-e-uma-otima-pergunta-e-expressao-mais-comum-do-que-se-imagina.htm, skipping...
[ERROR - 2025-10-23 16:04:18,771 - Worker_3] Failed to connect with http://carnaval.ne10.uol.com.br/2015/01/26/sabe-o-que-significa-burucu-veja-no-glossario-carnaval-de-recife-e-olinda/ after 3 attempts, skipping...
[ERROR - 2025-10-23 16:04:18,930 - Worker_4] Failed to connect with http://atarde.uol.com.br/carnaval/2015/noticias/1655080-axe-divide-reino-com-ritmos-de-fora-de-casa-premium after 3 attempts, skipping...
[ERROR - 2025-10-23 16:04:21,561 - Worker_1] Status code == 403 for http://educacao.uol.com.br/noticias/2015/01/27/saiba-como-um-erro-de-portugues-virou-caso-de-policia-na-paraiba.htm, skipping...
[ERROR - 2025-10-23 16:04:22,934 - Worker_3] Status code == 403 for http://reginanavarro.blogosfera.uol.com.br/2015/01/27/aceitando-as-diferencas/, skipping...
[ERROR - 2025-10-23 16:04:23,732 - Worker_0] Status code == 403 for http://noticias.uol.com.br/meio-ambiente/ultimas-noticias/ag-estado/2015/01/27/aquecimento-global-torna-la-nina-frequente-aponta-estudo.htm, skipping...
[ERROR - 2025-10-23 16:04:27,982 - Worker_1] Status code == 403 for http://fernandorodrigues.blogosfera.uol.com.br/2015/01/27/discurso-de-dilma-mostrou-desconforto-da-presidente/, skipping...
[ERROR - 2025-10-23 16:04:28,782 - Worker_4] Status code == 403 for http://economia.uol.com.br/noticias/reuters/2015/01/27/retrocesso-em-reajuste-no-seguro-desemprego-seria-sinal-negativo-diz-credit-suisse.htm, skipping...
[ERROR - 2025-10-23 16:04:30,474 - Worker_0] Status code == 404 for http://carnaval.uol.com.br/2015/noticias/redacao/2015/01/27/marcelo-jeneci-lamenta-crise-hidrica-de-sao-paulo-com-marchinha-assista.htm, skipping...
[ERROR - 2025-10-23 16:04:31,029 - Worker_2] Status code == 500 for http://musica.uol.com.br/noticias/redacao/2015/01/27/ha-20-anos-embu-das-artes-parou-para-ver-mick-jagger-comer-vatapa.htm, skipping...
[ERROR - 2025-10-23 16:04:35,164 - Worker_2] Status code == 403 for http://economia.uol.com.br/cotacoes/noticias/redacao/2015/01/28/petrobras-tomba-11-apos-balanco-e-bolsa-fecha-ao-menor-nivel-em-2-semanas.htm, skipping...
[ERROR - 2025-10-23 16:04:36,253 - Worker_3] Status code == 403 for http://educacao.uol.com.br/noticias/2015/01/28/site-do-fies-volta-a-funcionar-mas-so-para-renovacao-de-contratos.htm, skipping...
[ERROR - 2025-10-23 16:04:36,847 - Worker_0] Status code == 403 for http://educacao.uol.com.br/noticias/agencia-estado/2015/01/28/chalita-coloca-professora-especialista-em-creche-na-secretaria.htm, skipping...
[ERROR - 2025-10-23 16:04:39,271 - Worker_2] Status code == 403 for http://noticias.uol.com.br/midiaglobal/elpais/2015/01/28/a-miragem-da-revolucao-grega.htm, skipping...
[ERROR - 2025-10-23 16:04:43,315 - Worker_0] Status code == 403 for http://noticias.uol.com.br/ultimas-noticias/afp/2015/01/28/kirchner-sera-chamada-a-testemunhar-no-caso-do-promotor-morto.htm, skipping...
[ERROR - 2025-10-23 16:04:44,824 - Worker_3] Status code == 403 for http://noticias.uol.com.br/opiniao/coluna/2015/01/28/camara-dos-deputados-esta-de-costas-para-o-povo.htm, skipping...
[ERROR - 2025-10-23 16:04:46,054 - Worker_1] Status code == 403 for http://doutorjairo.blogosfera.uol.com.br/2015/01/28/estudo-associa-puberdade-precoce-ao-consumo-de-bebidas-com-acucar/, skipping...
[ERROR - 2025-10-23 16:04:52,179 - Worker_0] Status code == 403 for http://noticias.uol.com.br/ultimas-noticias/afp/2015/01/28/nisman-nao-confiava-nem-no-seguranca-diz-colaborador-que-emprestou-arma.htm, skipping...
[ERROR - 2025-10-23 16:04:56,322 - Worker_0] Status code == 403 for http://uolesportevetv.blogosfera.uol.com.br/2015/01/28/renato-mauricio-prado-leva-a-pior-e-ve-clima-pesado-apos-discussao-na-fox, skipping...
[ERROR - 2025-10-23 16:04:57,186 - Worker_1] Status code == 404 for http://carnaval.uol.com.br/2015/noticias/redacao/2015/01/28/com-rosa-magalhaes-sao-clemente-sonha-chegar-as-primeiras-posicoes.htm, skipping...
[ERROR - 2025-10-23 16:04:57,692 - Worker_4] Status code == 403 for http://noticias.uol.com.br/midiaglobal/nytimes/2015/01/28/quantificacao-da-divisao-social-na-franca.htm, skipping...
[ERROR - 2025-10-23 16:05:02,491 - Worker_3] Status code == 403 for http://noticias.uol.com.br/cotidiano/ultimas-noticias/2015/01/28/greve-continua-em-curitiba-prefeitura-confirma-aumento-da-tarifa.htm, skipping...
[ERROR - 2025-10-23 16:05:04,082 - Worker_4] Status code == 403 for http://noticias.uol.com.br/ultimas-noticias/bbc/2015/01/28/salasocial-pm-baiano-desvenda-significados-de-tatuagens-no-mundo-do-crime.htm, skipping...
[ERROR - 2025-10-23 16:05:10,543 - Worker_1] Status code == 403 for http://noticias.uol.com.br/album/album-do-dia/2015/01/28/imagens-do-dia---28-de-janeiro-de-2015.htm?abrefoto=24, skipping...
[ERROR - 2025-10-23 16:05:19,098 - Worker_3] Status code == 403 for http://noticias.uol.com.br/cotidiano/ultimas-noticias/2015/01/28/catadora-devolve-a-hospital-r-250-mil-em-cheques-achados-no-lixo.htm, skipping...
[ERROR - 2025-10-23 16:05:22,267 - Worker_2] Status code == 403 for http://educacao.uol.com.br/noticias/2015/01/27/saiba-como-um-erro-de-portugues-virou-caso-de-policia-na-paraiba.htm, skipping...
[ERROR - 2025-10-23 16:05:23,195 - Worker_3] Status code == 403 for http://noticias.uol.com.br/midiaglobal/lemonde/2015/01/28/o-holocausto-pelo-olhar-dos-sovieticos.htm, skipping...
[ERROR - 2025-10-23 16:05:25,380 - Worker_4] Status code == 403 for http://noticias.uol.com.br/tabloide/album/2015/01/28/pega-a-lupa-artista-consegue-fazer-micro-esculturas-na-ponta-de-um-lapis.htm?abrefoto=4, skipping...
[ERROR - 2025-10-23 16:05:26,605 - Worker_2] Status code == 403 for http://tecnologia.uol.com.br/noticias/redacao/2015/01/28/ministros-defendem-colaboracao-da-sociedade-para-regulamentar-marco-civil.htm, skipping...
[ERROR - 2025-10-23 16:05:29,622 - Worker_4] Status code == 403 for http://nagradedomma.blogosfera.uol.com.br/2015/01/28/calma-nick-diaz-esta-vindo-para-las-vegas/, skipping...
[ERROR - 2025-10-23 16:05:30,706 - Worker_2] Status code == 403 for http://noticias.uol.com.br/cotidiano/ultimas-noticias/2015/01/28/mega-sena-acumula-e-pode-pagar-r-75-milhoes-veja-as-dezenas.htm, skipping...
[ERROR - 2025-10-23 16:05:32,357 - Worker_3] Status code == 403 for http://noticias.uol.com.br/album/album-do-dia/2015/01/28/imagens-do-dia---28-de-janeiro-de-2015.htm?abrefoto=46, skipping...
[ERROR - 2025-10-23 16:05:33,771 - Worker_4] Status code == 403 for http://uolesporte.blogosfera.uol.com.br/2015/01/28/conheca-mais-craques-teens-do-mundo-alem-do-noruegues-do-real/, skipping...
[ERROR - 2025-10-23 16:05:34,831 - Worker_2] Status code == 403 for http://noticias.uol.com.br/ultimas-noticias/afp/2015/01/28/chefe-da-seguranca-do-promotor-argentino-morto-e-investigado-e-suspenso.htm, skipping...
[ERROR - 2025-10-23 16:05:36,800 - Worker_0] Status code == 404 for http://charges.uol.com.br/2015/01/28/dilma-rousseff-all-about-the-bass/, skipping...
[ERROR - 2025-10-23 16:05:41,073 - Worker_3] Status code == 403 for http://noticias.uol.com.br/internacional/ultimas-noticias/2015/01/29/aviao-da-airasia-com-copiloto-no-comando-caiu-no-mar-em-3-minutos.htm, skipping...
[ERROR - 2025-10-23 16:05:43,132 - Worker_0] Status code == 403 for http://economia.uol.com.br/noticias/bbc/2015/01/28/imoveis-de-londres-valem-o-mesmo-que-o-pib-do-brasil.htm, skipping...
[ERROR - 2025-10-23 16:05:43,509 - Worker_2] Status code == 404 for http://carnaval.uol.com.br/2015/noticias/redacao/2015/01/29/com-114-cm-de-quadril-musa-da-mangueira-faz-sucesso-por-onde-passa.htm, skipping...
[ERROR - 2025-10-23 16:05:44,919 - Worker_1] Failed to connect with http://noticias.carsale.uol.com.br/ultimas/2015/01/29/exclusivo-veja-o-1o-video-do-jeep-renegade-fazendo-off-road-no-brasil/#10297786_10203491406147691_2496009659315041419_n after 3 attempts, skipping...
[ERROR - 2025-10-23 16:05:47,241 - Worker_0] Status code == 403 for http://noticias.uol.com.br/saude/ultimas-noticias/reuters/2015/01/29/paciente-suspeito-de-ebola-e-internado-em-hospital-na-california.htm, skipping...
[ERROR - 2025-10-23 16:05:51,125 - Worker_3] Failed to connect with http://natelinha.ne10.uol.com.br/novelas/2015/01/29/alto-astral-bella-revela-seu-segredo-para-caique-saiba-qual-e-84981.php after 3 attempts, skipping...
[ERROR - 2025-10-23 16:05:55,965 - Worker_1] Status code == 403 for http://nagradedomma.blogosfera.uol.com.br/2015/01/29/amanda-nunes-volta-no-ufc-rio-apos-perder-chance-de-disputar-cinturao/, skipping...
[ERROR - 2025-10-23 16:05:56,197 - Worker_4] Status code == 403 for http://noticias.uol.com.br/midiaglobal/lemonde/2015/01/29/os-ensinamentos-dos-games-ao-novo-ministro-das-financas-da-grecia.htm, skipping...
[ERROR - 2025-10-23 16:05:59,574 - Worker_2] Status code == 403 for http://noticias.uol.com.br/ultimas-noticias/efe/2015/01/29/grupo-ligado-ao-estado-islamico-reivindica-ataques-no-sinai.htm, skipping...
[ERROR - 2025-10-23 16:06:00,072 - Worker_1] Status code == 403 for http://noticias.uol.com.br/ultimas-noticias/afp/2015/01/29/eua-descartam-devolver-guantanamo-a-cuba.htm, skipping...
[ERROR - 2025-10-23 16:06:00,165 - Worker_0] Status code == 403 for http://noticias.uol.com.br/ultimas-noticias/agencia-estado/2015/01/29/rodizio-de-24h-sem-agua-proposto-ha-1-ano-economizaria-123-do-cantareira.htm, skipping...
[ERROR - 2025-10-23 16:06:02,883 - Worker_4] Status code == 403 for http://fernandorodrigues.blogosfera.uol.com.br/2015/01/29/lei-rouanet-e-engodo-e-precisa-ser-alterada-diz-ministro-da-cultura/, skipping...
[ERROR - 2025-10-23 16:06:04,208 - Worker_1] Status code == 403 for http://noticias.uol.com.br/ultimas-noticias/agencia-estado/2015/01/29/motorista-que-atropelou-15-pessoas-em-sp-e-denunciado-pelo-mpe.htm, skipping...
[ERROR - 2025-10-23 16:06:04,392 - Worker_3] Status code == 403 for http://noticias.uol.com.br/ciencia/album/2015/01/01/veja-imagens-de-ciencia-do-mes-janeiro2015.htm?abrefoto=88, skipping...
[ERROR - 2025-10-23 16:06:10,613 - Worker_2] Status code == 403 for http://noticias.uol.com.br/ultimas-noticias/reuters/2015/01/29/atrasos-de-obras-de-geracao-de-energia-custaram-r-108-bi-ao-setor-eletrico-em-2013-e-2014.htm, skipping...
[ERROR - 2025-10-23 16:06:11,174 - Worker_0] Status code == 403 for http://noticias.uol.com.br/midiaglobal/nytimes/2015/01/29/argentina-precisa-de-rompimento-dos-lacos-improprios-entre-espioes-juizes-e-promotores.htm, skipping...
[ERROR - 2025-10-23 16:06:12,764 - Worker_1] Status code == 403 for http://noticias.uol.com.br/ultimas-noticias/agencia-estado/2015/01/29/conselho-da-sabesp-aprova-interligacao-entre-represas-jaguari-e-atibainha.htm, skipping...
[ERROR - 2025-10-23 16:06:13,046 - Worker_3] Status code == 403 for http://fernandorodrigues.blogosfera.uol.com.br/2015/01/29/dilma-e-alckmin-reunem-se-na-6a-feira-para-tratar-de-falta-de-agua-em-sp/, skipping...
[ERROR - 2025-10-23 16:06:14,212 - Worker_4] Status code == 403 for http://noticias.uol.com.br/ultimas-noticias/bbc/2015/01/28/salasocial-pm-baiano-desvenda-significados-de-tatuagens-no-mundo-do-crime.htm, skipping...
[ERROR - 2025-10-23 16:06:17,142 - Worker_3] Status code == 403 for http://noticias.uol.com.br/album/album-do-dia/2015/01/29/imagens-do-dia---29-de-janeiro-de-2015.htm?abrefoto=31, skipping...
[ERROR - 2025-10-23 16:06:17,619 - Worker_0] Status code == 403 for http://noticias.uol.com.br/midiaglobal/elpais/2015/01/29/uma-luz-no-meio-do-nada.htm, skipping...
[ERROR - 2025-10-23 16:06:19,927 - Worker_1] Status code == 403 for http://economia.uol.com.br/cotacoes/noticias/redacao/2015/01/29/petrobras-cai-de-novo-e-acumula-queda-de-14-em-2-dias-bolsa-sobe.htm, skipping...
[ERROR - 2025-10-23 16:06:22,688 - Worker_4] Status code == 403 for http://noticias.uol.com.br/cotidiano/ultimas-noticias/2015/01/29/mpl-faz-protesto-contra-a-tarifa-em-sao-paulo.htm, skipping...
[ERROR - 2025-10-23 16:06:24,079 - Worker_0] Status code == 403 for http://economia.uol.com.br/noticias/reuters/2015/01/29/estado-do-rio-ameaca-retirar-incentivos-fiscais-da-petrobras-no-comperj.htm, skipping...
[ERROR - 2025-10-23 16:06:24,549 - Worker_2] Status code == 403 for http://noticias.uol.com.br/album/2015/01/29/charges-retratam-a-crise-hidrica-do-pais.htm?abrefoto=4, skipping...
[ERROR - 2025-10-23 16:06:28,640 - Worker_2] Status code == 403 for http://noticias.uol.com.br/cotidiano/ultimas-noticias/2015/01/29/apos-quatro-dias-greve-de-onibus-termina-em-curitiba.htm, skipping...
[ERROR - 2025-10-23 16:06:30,456 - Worker_3] Status code == 403 for http://nagradedomma.blogosfera.uol.com.br/2015/01/29/por-que-anderson-silva-ainda-e-o-maior-de-todos-no-ufc/, skipping...
[ERROR - 2025-10-23 16:06:35,880 - Worker_4] Status code == 403 for http://combaterock.blogosfera.uol.com.br/2015/01/29/bandas-cover-estrangeiras-descobrem-o-brasil-para-nosso-azar/, skipping...
[ERROR - 2025-10-23 16:06:37,715 - Worker_1] Status code == 403 for http://noticias.uol.com.br/cotidiano/ultimas-noticias/2015/01/30/acusado-de-atacar-grupo-com-lampadas-em-sp-tem-prisao-preventiva-decretada.htm, skipping...
[ERROR - 2025-10-23 16:06:39,485 - Worker_0] Status code == 403 for http://noticias.uol.com.br/ultimas-noticias/reuters/2015/01/30/civis-morrem-no-leste-da-ucrania-e-negociacoes-de-paz-sao-abandonadas.htm, skipping...
[ERROR - 2025-10-23 16:06:43,518 - Worker_2] Failed to connect with http://natelinha.ne10.uol.com.br/bbb15/2015/01/30/bbb15-durante-papo-com-fernando-aline-lamenta-noite-de-sexo-85083.php after 3 attempts, skipping...
[ERROR - 2025-10-23 16:06:47,614 - Worker_2] Status code == 403 for http://noticias.uol.com.br/album/album-do-dia/2015/01/30/imagens-do-dia---30-de-janeiro-de-2015.htm?abrefoto=34, skipping...
[ERROR - 2025-10-23 16:06:48,097 - Worker_0] Status code == 403 for http://noticias.uol.com.br/politica/ultimas-noticias/2015/01/30/beneficios-de-presidente-do-senado-incluem-carro-e-casa-oficiais-e-voos-da-fab.htm, skipping...
[ERROR - 2025-10-23 16:06:50,819 - Worker_3] Status code == 403 for http://noticias.uol.com.br/midiaglobal/lemonde/2015/01/30/bbc-testa-a-nova-televisao-na-internet.htm, skipping...
[ERROR - 2025-10-23 16:06:51,711 - Worker_2] Status code == 403 for http://noticias.uol.com.br/ultimas-noticias/agencia-estado/2015/01/30/nao-ha-decisao-sobre-rodizio-de-agua-em-sp-diz-geraldo-alckmin.htm, skipping...
[ERROR - 2025-10-23 16:06:51,895 - Worker_4] Status code == 403 for http://noticias.uol.com.br/politica/ultimas-noticias/2015/01/30/de-volta-a-cena-publica-aecio-diz-que-mentira-venceu-as-eleicoes.htm, skipping...
[ERROR - 2025-10-23 16:06:54,916 - Worker_3] Status code == 403 for http://noticias.uol.com.br/cotidiano/ultimas-noticias/2015/01/29/justica-determina-que-aprovada-em-concurso-acima-do-peso-assuma-cargo-em-sp.htm, skipping...
[ERROR - 2025-10-23 16:06:55,807 - Worker_2] Status code == 403 for http://noticias.uol.com.br/politica/ultimas-noticias/2015/01/30/pmdb-confirma-renan-calheiros-candidato-a-presidencia-do-senado.htm, skipping...
[ERROR - 2025-10-23 16:06:56,243 - Worker_4] Status code == 403 for http://tecnologia.uol.com.br/noticias/redacao/2015/01/30/jovem-de-17-anos-descobre-falha-de-privacidade-na-versao-web-do-whatsapp.htm, skipping...
[ERROR - 2025-10-23 16:07:00,309 - Worker_1] Status code == 403 for http://economia.uol.com.br/cotacoes/noticias/redacao/2015/01/30/petrobras-cai-mais-de-6-e-acumula-perda-de-20-em-3-dias-bolsa-recua-18.htm, skipping...
[ERROR - 2025-10-23 16:07:01,927 - Worker_0] Status code == 404 for http://carnaval.uol.com.br/2015/noticias/redacao/2015/01/29/musica-homofobica-coloca-pagodeiros-em-batalha-na-bahia.htm, skipping...
[ERROR - 2025-10-23 16:07:05,040 - Worker_4] Status code == 403 for http://economia.uol.com.br/cotacoes/noticias/redacao/2015/01/30/com-crise-da-agua-acoes-da-sabesp-caem-22-em-janeiro-e-40-em-um-ano.htm, skipping...
[ERROR - 2025-10-23 16:07:05,825 - Worker_3] Status code == 403 for http://noticias.uol.com.br/album/2015/01/05/charges-2015.htm?abrefoto=28, skipping...
[ERROR - 2025-10-23 16:07:06,676 - Worker_2] Status code == 403 for http://noticias.uol.com.br/ultimas-noticias/afp/2015/01/30/arma-que-matou-promotor-argentino-tinha-apenas-dna-do-falecido-justica.htm, skipping...
[ERROR - 2025-10-23 16:07:09,957 - Worker_3] Status code == 403 for http://doutorjairo.blogosfera.uol.com.br/2015/01/29/apos-os-70-quase-um-terco-das-mulheres-tem-vida-sexual-ativa-diz-estudo/, skipping...
[ERROR - 2025-10-23 16:07:12,125 - Worker_4] Status code == 403 for http://noticias.uol.com.br/ultimas-noticias/agencia-estado/2015/01/30/maresias-e-outras-17-praias-do-litoral-norte-estao-improprias-para-banho.htm, skipping...
[ERROR - 2025-10-23 16:07:15,439 - Worker_2] Status code == 403 for http://educacao.uol.com.br/noticias/2015/01/30/entidades-defendem-nota-minima-para-emprestimo-pelo-fies.htm, skipping...
[ERROR - 2025-10-23 16:07:19,555 - Worker_2] Status code == 403 for http://noticias.uol.com.br/midiaglobal/derspiegel/2015/01/30/opiniao-pena-de-morte-e-uma-violacao-de-direitos-humanos-indigna-de-uma-democracia.htm, skipping...
[ERROR - 2025-10-23 16:07:22,308 - Worker_3] Failed to connect with http://natelinha.ne10.uol.com.br/novelas/2015/01/30/imperio-du-fica-chocada-ao-flagrar-lucas-com-outra-mulher-saiba-quem-e-85077.php after 3 attempts, skipping...
[ERROR - 2025-10-23 16:07:25,452 - Worker_1] Status code == 404 for http://carnaval.uol.com.br/2015/album/2015/01/29/fora-do-carnaval-do-rio-gracyanne-barbosa-mostra-boa-forma-em-ensaio.htm?abrefoto=3, skipping...
[ERROR - 2025-10-23 16:07:30,681 - Worker_2] Status code == 403 for http://tecnologia.uol.com.br/noticias/redacao/2015/01/20/viciado-no-facebook-app-informa-tempo-gasto-na-rede-e-propoe-dieta-digital.htm, skipping...
[ERROR - 2025-10-23 16:07:32,164 - Worker_1] Status code == 404 for http://entretenimento.band.uol.com.br/bandfolia/2015/video/15357174/aprenda-a-sambar-com-a-musa-da-vai-vai.html, skipping...
[ERROR - 2025-10-23 16:07:34,792 - Worker_2] Status code == 403 for http://noticias.uol.com.br/album/2015/01/09/protestos-contra-aumento-da-tarifa-do-transporte-publico-pelo-brasil.htm?abrefoto=266, skipping...
[ERROR - 2025-10-23 16:07:36,494 - Worker_3] Failed to connect with http://natelinha.ne10.uol.com.br/colunas/2015/01/30/ratinho-tera-prova-de-fogo-em-concorrencia-contra-gugu-85064.php after 3 attempts, skipping...
[ERROR - 2025-10-23 16:07:38,568 - Worker_1] Status code == 403 for http://uolesporte.blogosfera.uol.com.br/2015/01/30/sasha-filho-de-pique-e-shakira-se-torna-socio-do-barca-horas-apos-nascer/, skipping...
[ERROR - 2025-10-23 16:07:41,394 - Worker_2] Status code == 403 for http://noticias.uol.com.br/midiaglobal/elpais/2015/01/30/pena-nieto-quer-enterrar-caso-iguala.htm, skipping...
[INFO - 2025-10-23 16:07:45,401 - MainThread] Processed 2123 links - 1257/2123 succeeded (59.2%).
[INFO - 2025-10-23 16:07:45,402 - MainThread] Total time taken to complete: 39min
